simbad_id,target_ra,target_dec,visit,detector,band,day_obs,physical_filter,sep_arcsec,src_ra,src_dec,sourceId,parentSourceId,x,y,xErr,yErr,ra,dec,raErr,decErr,calibFlux,calibFluxErr,ap09Flux,ap09FluxErr,ap09Flux_flag,ap12Flux,ap12FluxErr,ap12Flux_flag,ap17Flux,ap17FluxErr,ap17Flux_flag,ap25Flux,ap25FluxErr,ap25Flux_flag,ap35Flux,ap35FluxErr,ap35Flux_flag,sky,skyErr,psfFlux,psfFluxErr,extendedness,sizeExtendedness,apFlux_12_0_flag,apFlux_12_0_instFlux,apFlux_12_0_instFluxErr,apFlux_17_0_flag,apFlux_17_0_instFlux,apFlux_17_0_instFluxErr,apFlux_35_0_flag,apFlux_35_0_instFlux,apFlux_35_0_instFluxErr,extendedness_flag,sizeExtendedness_flag,localBackground_instFlux,localBackground_instFluxErr,localBackground_flag,sky_source
2MASS J03330296-2744494,53.26231935002,-27.74707839969,2025071100809,-1,g,20250711,g_6,0.6869774615691782,53.26234990486942,-27.747267301082765,745512972731285668,0,2617.282972606714,2129.067576999155,0.028465478,0.02774212,53.26234990486942,-27.747267301082765,1.5781139e-06,1.5459386e-06,152262.09677665186,1854.394590980753,134318.33096578997,1078.4844680343406,False,154342.54289647675,1424.5287985759744,False,167120.27768942705,2013.029806889533,False,176745.74364045315,2940.363272001905,False,178153.77670573138,4104.441516088238,False,-0.5041565049860605,64.34578042530013,154593.83246509513,1073.1390711226115,0.0,0.0056776817399278,False,272108.6875,2511.469970703125,False,294636.064453125,3549.007865047903,False,314088.322265625,7236.20443789368,False,False,-0.8888370133849578,113.4427717018734,False,False
2MASS J03330296-2744494,53.26231935002,-27.74707839969,2025071100810,-1,g,20250711,g_6,0.6911708088169819,53.262359146459744,-27.74726713341464,745512972865503392,0,2617.934340448565,2132.810982989329,0.027436387,0.026755488,53.262359146459744,-27.74726713341464,1.5212231e-06,1.4910886e-06,155380.4780154305,1790.2513825613876,138298.88031331787,1055.8409504894018,False,154940.08252695046,1392.472246727806,False,165337.94471789646,1964.5453315643404,False,169393.69329336163,2872.609223562501,False,171805.92271927913,4009.2838433986735,False,-0.5719853190163517,62.64185831203015,156782.180387891,1002.9084147190242,0.0,0.0043085320734825,False,278820.9375,2505.81005859375,False,297532.310546875,3535.278684343932,False,309171.6982421875,7214.8682360846,False,False,-1.029310687611357,112.72655452642076,False,False
2MASS J03330296-2744494,53.26231935002,-27.74707839969,2025071100811,-1,g,20250711,g_6,0.6911510511767202,53.26235962083542,-27.747267049000417,745512972999721118,0,2609.546491824837,2141.604767230084,0.033596125,0.031192563,53.26235962083542,-27.747267049000417,1.8530966e-06,1.7487209e-06,156897.183142382,1777.8905304500988,140697.23103068763,1047.472079584531,False,157094.00102417325,1381.9939362943596,False,164474.5050513891,1954.2350847956536,False,173753.71507793394,2857.7005052809577,False,176205.62199022272,3983.402678814528,False,0.6239681613777934,63.71260534258931,158019.55186166492,971.2640346138268,0.0,0.0017988400557927,False,284201.84375,2500.1923828125,False,297554.05859375,3535.445087647868,False,318777.052734375,7206.452049964497,False,False,1.1288330601343517,115.2637261157648,False,False
2MASS J03330296-2744494,53.26231935002,-27.74707839969,2025071100812,-1,g,20250711,g_6,0.6878181864633524,53.26235561107643,-27.747266745904348,745512973133938838,0,2529.254634948821,2142.5686512291422,0.033619378,0.033396497,53.26235561107643,-27.747266745904348,1.8679173e-06,1.8576472e-06,150384.05741067306,1806.6303522217077,135280.5310009366,1059.090873173238,False,151502.28626274885,1397.6290634702034,False,160504.02984457597,1976.9493998322323,False,169702.3245519824,2885.5953896943547,False,177055.88914271526,4031.5172813111617,False,-0.7125794398554691,64.65623213653515,155434.07795579048,1023.3459760542198,0.0,0.0277158941313305,False,270411.25,2494.580322265625,False,286478.154296875,3528.5893802833502,False,316021.001953125,7195.717334227461,False,False,-1.271858674934039,115.40269776529124,False,False
2MASS J03330296-2744494,53.26231935002,-27.74707839969,2025071100814,-1,g,20250711,g_6,0.7246067679946021,53.262358630444446,-27.74727665455975,745512973402374285,0,2451.260209689788,2143.799920363247,0.02028553,0.01794752,53.262358630444446,-27.74727665455975,1.1149099e-06,1.0126269e-06,153093.20919087532,1897.612424776824,129456.53680830734,1085.3519594126071,False,153713.8543449247,1435.3192164780744,False,169183.5934943172,2030.4602771617665,False,175295.16326130982,2964.8207241352725,False,178020.38091947394,4139.242110868393,False,-0.8161383560407273,65.78312026345698,154334.79910125627,1168.746212568756,0.0,0.0158493001809153,False,265885.9375,2482.73779296875,False,292644.658203125,3512.18071168932,False,307930.056640625,7159.837829049011,False,False,-1.4117121247813045,113.78809462207737,False,False
2MASS J03330296-2744494,53.26231935002,-27.74707839969,2025071100818,-1,i,20250711,i_39,0.6968956582036118,53.262355763277405,-27.74726928058811,745512973939246020,745512973939245456,2485.974671889278,2116.347182335865,0.006944229,0.008297,53.262355763277405,-27.74726928058811,3.9500185e-07,4.5324933e-07,1233149.746951538,2028.5822321088688,1115836.695786481,1351.893749132218,False,1236415.8663605333,1658.9592973457025,False,1305435.3455336895,2187.641850096819,False,1339753.2377324165,3052.696594981289,False,1350527.62707477,4168.672889381995,False,-1.0560550106869682,64.24223484805279,1233430.9000280611,1428.6430032383169,0.0,0.0048652489338197,False,1919696.75,2575.75048828125,False,2026858.4853515625,3396.599044103712,False,2096870.12842381,6472.4078809469165,False,False,-1.639663018725639,99.74444101365364,False,False
2MASS J03330296-2744494,53.26231935002,-27.74707839969,2025071100819,-1,i,20250711,i_39,0.7091893237924323,53.262345873313976,-27.74727399322579,745512974073463803,745512974073463193,2495.2484833787,2041.347307523784,0.006866007,0.008006731,53.262345873313976,-27.74727399322579,3.8859085e-07,4.384762e-07,1225815.5629482502,2079.67610652929,1115857.9365422395,1379.4794828187305,False,1232332.5402469924,1693.9564668558469,False,1307944.9117462526,2238.3424361927664,False,1352208.7564652362,3130.732683295742,False,1367957.252183864,4280.601867662125,False,4.121157497513366,65.37305406003168,1221808.995414504,1440.5336321722943,0.0,0.0046382760649794,False,1870315.0,2570.923095703125,False,1985072.1357421875,3397.1394058204505,False,2076153.0549257996,6496.683014238882,False,False,6.254693788591227,99.21689122952344,False,False
2MASS J03330296-2744494,53.26231935002,-27.74707839969,2025071100820,-1,i,20250711,i_39,0.7385412565159365,53.26235542211106,-27.747281050898614,745512974207681497,745512974207680911,2507.7789036840168,2035.981557250665,0.0075542126,0.009825929,53.26235542211106,-27.747281050898614,4.3451567e-07,5.3378284e-07,1226750.208247307,2055.9183042439336,1090148.0070735344,1354.0642793349534,False,1230482.0816002006,1668.6213295092357,False,1310609.681430831,2200.0547374977464,False,1346851.374345474,3077.942929868396,False,1362335.1243720455,4202.520067678649,False,-0.0803613125498524,65.00271009321898,1208387.243311365,1444.8952277544615,0.0,0.0421352467581059,False,1894536.0,2569.125732421875,False,2017906.0390625,3387.3576580161,False,2097546.13722682,6470.492888921673,False,False,-0.1237298794590772,100.0827043405738,False,False
2MASS J03330296-2744494,53.26231935002,-27.74707839969,2025071200713,-1,r,20250712,r_57,0.6976624999188293,53.26235122653319,-27.74727013047102,745517357892895603,745517357892895007,2025.1851588587367,1540.473631586911,0.010465837,0.011019793,53.26235122653319,-27.74727013047102,5.844251e-07,6.096663e-07,469049.7168320532,1420.378739128227,437415.02202285366,911.9635324521556,False,470405.2845091343,1146.8885984693886,False,490584.3439514809,1559.0224385591546,False,504507.3286346227,2221.1478227496427,False,508144.3644872567,3070.06189557313,False,-0.3593774342780306,48.05347933201404,479538.71898788906,888.2213909547781,0.0,0.0103927126133371,False,880077.9375,2145.705810546875,False,917830.7978515624,2916.7641126206754,False,950683.7167376876,5743.757202627421,False,False,-0.6723567135804775,89.90291642736976,False,False
2MASS J03330296-2744494,53.26231935002,-27.74707839969,2025071200714,-1,r,20250712,r_57,0.6980930551895589,53.26235231084674,-27.74727010779313,745517358027113350,745517358027112752,1936.8973941017225,1607.3297312419534,0.011443981,0.008316603,53.26235231084674,-27.74727010779313,6.2342247e-07,4.791878e-07,469728.1132639719,1421.8503618613067,440371.2212023075,913.8677706733622,False,473007.6135820487,1148.6250753287425,False,493174.62600189936,1560.2335481760315,False,510585.9575870863,2223.075413316755,False,518023.7127358502,3069.09649204082,False,1.08017706183303,48.50414546109576,481600.93529765046,873.500898345305,0.0,0.0048221712181532,False,882956.375,2144.12158203125,False,920601.8413085938,2912.4650815201576,False,966987.2670705914,5729.037409389433,False,False,2.0163506791182,90.54197695566896,False,False
2MASS J03330296-2744494,53.26231935002,-27.74707839969,2025071200735,-1,z,20250712,z_20,0.7068042801778895,53.26234875322734,-27.747273002085556,745517360845686090,745517360845685155,1981.509342245636,1366.3604657144608,0.0039738007,0.0042184605,53.26234875322734,-27.747273002085556,2.2188878e-07,2.3329628e-07,1906938.105544141,2420.7075300546244,1831320.633664632,1750.2563524327527,False,1910510.4392563435,2059.297957299989,False,1965893.9083222696,2630.0276722468225,False,2000099.4202960168,3595.942331431509,False,2012580.4575733468,4856.516051225064,False,9.043727477434237,75.79659089846571,1952522.8165887117,1821.0946048320452,0.0,0.0038119565139683,False,2244994.0,2419.83056640625,False,2310073.7573242188,3090.481068675206,False,2364933.9772925377,5706.773002584503,False,False,10.62706254166184,89.06671656489098,False,False
2MASS J03330296-2744494,53.26231935002,-27.74707839969,2025071200736,-1,z,20250712,z_20,0.6969272834044634,53.26234997662299,-27.74727008371997,745517360979903753,745517360979902857,1978.580550207862,1362.6527661665564,0.0044825086,0.004166615,53.26234997662299,-27.74727008371997,2.477568e-07,2.3281946e-07,1910057.4297930484,2439.879702825549,1822470.5023366297,1753.0858276303086,False,1912638.318362285,2067.636697922356,False,1974101.1562703052,2644.967576044567,False,2008764.7581940563,3615.5760543973142,False,2019740.0826749925,4886.175873887646,False,7.329511637066676,74.5398966067951,1933748.0065346507,1827.6816581487217,0.0,0.0004023307967561,False,2237302.25,2418.611083984375,False,2309198.1982421875,3093.941939910809,False,2362584.1791422367,5715.587820024985,False,False,8.573671623943877,87.19279374050552,False,False
2MASS J03330296-2744494,53.26231935002,-27.74707839969,2025071200737,-1,z,20250712,z_20,0.6982656318229671,53.26234864219618,-27.747270622143443,745517361114121516,745517361114120583,1975.9520490160253,1358.1072777743757,0.003932994,0.003929442,53.26234864219618,-27.747270622143443,2.1850158e-07,2.1826617e-07,1909061.845303323,2432.4152317484773,1830187.9498830584,1757.525895346608,False,1914911.8741135555,2068.7316203874448,False,1974720.5658924675,2631.7535470332145,False,2009874.5717977288,3602.3903899735456,False,2024733.4379502223,4866.723706571965,False,12.864895547305755,76.2640770231152,1944740.9017114595,1848.4036150261531,0.0,0.0011385262407611,False,2237429.75,2417.156494140625,False,2307311.6845703125,3075.005048744585,False,2365747.9443991184,5686.3987075933,False,False,15.031657810106362,89.1088081360399,False,False
2MASS J03330296-2744494,53.26231935002,-27.74707839969,2025071200738,-1,z,20250712,z_20,0.6978118850644225,53.262350103019045,-27.74727031605348,745517361248339177,745517361248338299,1974.371483510372,1352.8224322151618,0.004790604,0.004315693,53.262350103019045,-27.74727031605348,2.6422924e-07,2.4185425e-07,1909274.4774495836,2451.51113285257,1805922.7285254311,1753.33805415009,False,1913686.033858122,2071.1485886405176,False,1986003.5286519253,2644.500652632528,False,2024608.932956458,3609.082078797527,False,2030882.9900642547,4876.878591880784,False,4.737476474417536,75.90705214625528,1927396.0602260209,1855.6456137473333,0.0,0.000123488647761,False,2215632.75,2397.940185546875,False,2299360.7006816864,3061.757336210668,False,2351321.368601203,5646.36608867369,False,False,5.484968716583228,87.88387839782384,False,False
2MASS J03330296-2744494,53.26231935002,-27.74707839969,2025071200739,-1,z,20250712,z_20,0.701633594860004,53.26234812968707,-27.74727162644737,745517361382556061,0,1970.5413585780657,1349.8322233616902,0.0036786464,0.0037432006,53.26234812968707,-27.74727162644737,2.0466976e-07,2.076293e-07,1909440.0088479684,2389.3134078900825,1845496.9348991755,1742.8268988364534,False,1913418.3467949524,2041.4490245211216,False,1959393.696922447,2594.694124988682,False,1991054.2921419004,3535.5636452295253,False,2003759.369163912,4777.136751028016,False,13.564612774296334,74.40220480727012,1938105.9372084483,1806.2688829798765,0.0,4.789226390289336e-05,False,2257636.0,2408.698974609375,False,2311882.1640625,3061.4710449364657,False,2364229.074493408,5636.527905206526,False,False,16.004841898065607,87.78691619301516,False,False
2MASS J03330296-2744494,53.26231935002,-27.74707839969,2025071700593,-1,g,20250717,g_6,0.6922840321373857,53.2623557055967,-27.74726798999981,745539332020896658,745539332020896212,993.6576678817968,2667.004085608162,0.013704692,0.020190204,53.2623557055967,-27.74726798999981,1.0287596e-06,8.8502617e-07,152421.11944644933,739.6979383690316,141466.6002856157,480.6942183148716,False,153602.16705972631,601.197664423526,False,160100.52000578487,810.3991120914549,False,166924.72211793964,1151.7344434331872,False,168951.63824188674,1585.7742751416754,False,-0.340379464630212,24.8920169623999,155428.73226262938,474.0569890512685,0.0,0.0029987272718398,False,291896.9375,1142.4822998046875,False,304246.0427246094,1540.0369897140458,False,321066.2110596299,3013.5164323570457,False,False,-0.6468380310989701,47.30339199379476,False,False
2MASS J03330296-2744494,53.26231935002,-27.74707839969,2025071700594,-1,g,20250717,g_6,0.6905717311563794,53.26235656157213,-27.747267377090115,745539332155114393,745539332155113941,993.0669706082437,2665.382998375524,0.013908005,0.018453812,53.26235656157213,-27.747267377090115,9.579599e-07,8.565876e-07,152101.59166849928,737.8309252260889,141389.83129055347,479.3388841131221,False,153091.85878789503,599.2783411694551,False,160538.89489532507,808.5901994351422,False,164967.89443282253,1148.8022212732824,False,166327.92933396698,1582.0583871054018,False,-0.4770749610134839,24.653698017374147,155871.07296406207,473.6305809799792,0.0,0.0163976426304426,False,291843.34375,1142.4212646484375,False,306039.8394737244,1541.4383847385247,False,317075.6396856606,3015.922684303315,False,False,-0.9094615020285132,46.99804236593492,False,False
2MASS J03330296-2744494,53.26231935002,-27.74707839969,2025071700595,-1,g,20250717,g_6,0.6976466741373152,53.262361972122605,-27.747268483821877,745539332289332169,745539332289331698,983.7277551827776,2662.1729407712096,0.013574564,0.01629389,53.262361972122605,-27.747268483821877,8.638056e-07,8.0282894e-07,153721.15065611704,732.524083310638,143300.11886201653,478.223936794617,False,153677.9785494513,596.5704095931308,False,159665.73323734666,804.6826641630031,False,161638.09363923877,1142.652581934461,False,163528.67438978405,1574.1387759393283,False,0.4916989646491024,24.89644791161348,156375.03589033685,463.0812280257852,0.0,0.010948314586332,False,294083.125,1141.6163330078125,False,305541.48505243286,1539.8666402566785,False,312933.73354842886,3012.3226163008726,False,False,0.9409309612746,47.642643873605,False,False
2MASS J03330296-2744494,53.26231935002,-27.74707839969,2025071700602,-1,i,20250717,i_39,0.7054193444272037,53.26235171373588,-27.74727224486977,745539333228857404,745539333228856310,937.5003400673862,2503.2811892936475,0.0029950847,0.0035952905,53.26235171373588,-27.74727224486977,1.900756e-07,1.7754307e-07,1238199.076115269,1311.7031390176796,1185967.9521057615,1037.1217768521578,False,1239239.7049267148,1161.7830614772276,False,1271938.8301249037,1393.3048571577108,False,1288168.9393999744,1803.198032750096,False,1295133.6335023916,2359.1400144814497,False,11.407241121423596,36.62649997120861,1236454.417451497,1211.1607287368204,0.0,0.0003373867583796,False,2023829.125,1897.3330078125,False,2077230.7725384235,2275.436252332228,False,2115110.706854105,3852.762506139061,False,False,18.6294118286018,59.8155280966625,False,False
2MASS J03330296-2744494,53.26231935002,-27.74707839969,2025071700603,-1,i,20250717,i_39,0.6991962174076457,53.26235241275821,-27.74727040402518,745539333363075274,745539333363074107,937.9621782042904,2503.2147766755475,0.002874768,0.0031477553,53.26235241275821,-27.74727040402518,1.70419e-07,1.6463879e-07,1234933.448549638,1304.8427028520025,1193166.7109788582,1039.4239067931471,False,1238825.3422154784,1160.2489602097648,False,1270496.689375744,1386.6596498805602,False,1288516.2822218165,1794.044557261071,False,1294335.04355828,2344.945908326605,False,17.410985194607296,38.84605871601577,1245820.4207387972,1232.1923968209176,0.0,0.0002861877523507,False,2032110.25,1903.21728515625,False,2084062.4235651493,2274.6106265023177,False,2123165.727498881,3846.53788845176,False,False,28.56015313126008,63.72122961881331,False,False
2MASS J03330296-2744494,53.26231935002,-27.74707839969,2025071700604,-1,i,20250717,i_39,0.6947400419308861,53.26234864457094,-27.74726963361633,745539333497292895,745539333497291788,936.488977269609,2502.359517502349,0.0031031058,0.0034807893,53.26234864457094,-27.74726963361633,1.872376e-07,1.7925615e-07,1238260.3780002731,1306.0193431452851,1185996.4439997068,1034.788063584246,False,1236648.1450953651,1157.8561433377104,False,1268063.5082330625,1387.412008481277,False,1281284.8754926417,1794.0830013573936,False,1288234.9927997394,2345.485795643283,False,10.930995796219104,36.14624410117257,1242259.8843934778,1216.298238810573,0.0,0.002609425222298,False,2026344.125,1897.2373046875,False,2077820.6397882104,2273.382435812965,False,2110873.1854183674,3843.2608184652254,False,False,17.91128640746893,59.22843103409872,False,False
2MASS J03330296-2744494,53.26231935002,-27.74707839969,2025071700605,-1,i,20250717,i_39,0.6986800141350383,53.26235147283698,-27.74727038400032,745539333631510591,745539333631509487,932.873266965915,2505.173816563476,0.0031292841,0.0035681187,53.26235147283698,-27.74727038400032,1.911002e-07,1.8186824e-07,1240549.297295654,1308.2859232512917,1190391.284034234,1037.2878616419955,False,1240423.2165507406,1160.6303768303048,False,1270730.8753870758,1389.4313903157858,False,1284623.29169184,1797.4556756861248,False,1288403.5122431857,2350.6448972790213,False,8.622871282105924,34.53045553731293,1258575.7540362915,1214.1635908767998,0.0,0.0002053084758167,False,2028207.625,1897.7388916015625,False,2077763.473300457,2271.8498836945564,False,2106659.882483356,3843.523598007108,False,False,14.099198604483195,56.46051467034656,False,False
2MASS J03330296-2744494,53.26231935002,-27.74707839969,2025071700606,-1,i,20250717,i_39,0.7044702260785718,53.26234807669606,-27.747272427339464,745539333765728367,745539333765727247,926.5753800850084,2501.628711958331,0.0030590754,0.0033660738,53.26234807669606,-27.747272427339464,1.8196899e-07,1.7549044e-07,1241762.8078873048,1303.356536172446,1191796.0849434377,1036.3067705580318,False,1242009.3403986213,1157.515990651552,False,1275668.99966114,1385.5627858557705,False,1288969.7483790908,1787.7955044587966,False,1292371.4176892885,2335.2480509340435,False,11.307669673673049,35.425814857661614,1253383.782063658,1221.1332141671155,0.0,8.952853959720564e-05,False,2035529.0,1897.0528564453125,False,2090693.812638998,2270.7987292793,False,2118067.404093236,3827.237827651202,False,False,18.532138845102985,58.059364890329554,False,False
2MASS J03330296-2744494,53.26231935002,-27.74707839969,2025071700607,-1,i,20250717,i_39,0.7060414384182269,53.2623543423874,-27.74727206183811,745539333899946094,745539333899944968,917.0551829147032,2497.8717391851446,0.0029931657,0.0033962163,53.2623543423874,-27.74727206183811,1.8210514e-07,1.7363345e-07,1235155.715511335,1299.8511089546362,1188712.821382034,1036.044204726125,False,1238730.1661698949,1155.819728268791,False,1272229.2399045776,1378.571735803709,False,1290283.1096329556,1778.014843822988,False,1295936.976259465,2320.813038397951,False,14.1251043469894,37.53920912296415,1252571.4522048489,1237.7782601906874,0.0,0.0006861738431809,False,2029568.5,1893.725830078125,False,2084454.274713397,2258.6886526131398,False,2123297.66145432,3802.481901030696,False,False,23.142947208997647,61.50524014963825,False,False
2MASS J03330296-2744494,53.26231935002,-27.74707839969,2025071900574,-1,i,20250719,i_39,0.7011625349116858,53.262355391357104,-27.74727053743313,745548125561685569,745548125561683985,3764.1659936071487,76.10600880585706,0.0044917944,0.004492031,53.262355391357104,-27.74727053743313,2.499505e-07,2.497433e-07,1229235.6118551977,1284.2272812309495,1175646.427888468,1022.7813764611822,False,1233664.418416809,1142.8552193534997,False,1269733.1679488672,1360.794662481095,False,1290272.4851309464,1751.0586974708651,False,1295960.3337332115,2282.952194908913,False,3.657161363369825,33.569831326027185,1236271.6074580585,1160.922413978817,0.0,0.0020002404829267,False,1978224.0,1832.6082763671875,False,2036061.500141144,2182.081788373741,False,2078117.67687124,3660.7936124292414,False,False,5.8643860298535255,53.83039748388188,False,False
2MASS J03330296-2744494,53.26231935002,-27.74707839969,2025071900575,-1,g,20250719,g_6,0.7037160490285784,53.26235093051994,-27.7472718679862,745548125695903142,745548125695901708,3753.7752104733217,58.13357663066814,0.011970669,0.01311542,53.26235093051994,-27.7472718679862,7.285308e-07,6.6759884e-07,153909.55941543935,470.69216454983166,145340.4180731444,350.1894882789649,False,155137.572112853,405.263975338682,False,161646.74817475225,503.4553130574157,False,167312.05840903986,672.3783005369788,False,168030.84941610732,896.2676183279044,False,0.1304754883406242,13.433977418962838,154364.81469431112,380.22659101060606,0.0,7.958546366815256e-06,False,292404.46875,763.8446044921875,False,304673.0130004883,948.9163801456845,False,316705.8152836561,1689.2919827593855,False,False,0.2459211868120772,25.320462199407334,False,False
2MASS J03330296-2744494,53.26231935002,-27.74707839969,2025071900576,-1,g,20250719,g_6,0.7019315135830928,53.2623565819513,-27.74727057626354,745548125830120812,745548125830119435,3753.5506869060673,57.38110199582481,0.011987815,0.015430607,53.2623565819513,-27.74727057626354,8.5291737e-07,6.7280615e-07,153299.7038458171,474.803019880647,142624.71531420364,349.67459329733407,False,154522.14327819305,407.02569813112217,False,161648.002869501,507.21819734062177,False,167554.7813346891,678.33817185554,False,167901.13386603846,903.0440304713784,False,0.0514815870844864,13.555898701964074,155234.69488647263,386.7113718762405,0.0,0.0002901617338415,False,289287.15625,762.00927734375,False,302627.7662963867,949.5837088070426,False,314334.50583073497,1690.6252657477264,False,False,0.0963807620768975,25.37854641871048,False,False
2MASS J03330296-2744494,53.26231935002,-27.74707839969,2025071900577,-1,g,20250719,g_6,0.7250830465167395,53.26234092198828,-27.74727890478784,745548125964338578,745548125964337162,3752.998590031969,57.68069618400637,0.012689909,0.013468132,53.26234092198828,-27.74727890478784,7.483227e-07,7.0679823e-07,152471.64434744316,471.4456780797351,143276.33123168105,349.4333876899008,False,153916.21977199192,405.675913106136,False,160873.72976908306,504.359511502416,False,166093.72388531695,674.3827832829444,False,168038.67551525487,898.4143519666301,False,0.6743017594275412,13.42364447131113,154283.53778115087,383.17309508771245,0.0,5.6844510433973205e-05,False,289405.125,762.7830810546875,False,302487.1708908081,948.3355794959348,False,315959.2534455955,1689.2678251704938,False,False,1.2678740763249838,25.24016969706194,False,False
2MASS J03330296-2744494,53.26231935002,-27.74707839969,2025071900578,-1,g,20250719,g_6,0.7074282930881269,53.26235478295662,-27.747272389333247,745548126098556425,745548126098554890,3750.2847090133937,54.4436723395124,0.010690493,0.013289502,53.26235478295662,-27.747272389333247,7.3577934e-07,5.9910354e-07,152803.9209753218,467.0504656185755,144775.16656013476,348.44913769077,False,154151.98430269392,403.0312318264475,False,160189.02075018224,501.09790097073153,False,165832.46028874553,669.283088987088,False,167634.17807796074,892.5538461098386,False,0.6178029038612649,13.716333456958203,155192.67524277497,382.3964677855317,0.0,0.0001883902701815,False,292685.0625,765.2267456054688,False,304147.45396995544,951.4238245305175,False,318283.4143188298,1694.6728218581106,False,False,1.1730091075198428,26.04290780479104,False,False
2MASS J03330296-2744494,53.26231935002,-27.74707839969,2025071900579,-1,g,20250719,g_6,0.7114086193975521,53.262351733650846,-27.74727392388329,745548126232774125,745548126232772615,3747.887781664943,43.535873585753365,0.011251911,0.013910892,53.262351733650846,-27.74727392388329,7.705844e-07,6.303617e-07,153855.2807026537,468.88919042063424,146329.55745603857,350.6566157262309,False,155233.25275252148,405.08724111917695,False,161396.67360324002,503.4513473228064,False,166326.57935147765,671.8094641541841,False,167600.9810100348,896.7035052354526,False,0.5214809219444919,13.655101134915588,134165.82272135405,338.77545874155976,1.0,0.0435117876769505,False,293620.5,766.2141723632812,False,305278.48358154297,952.2678530885514,False,317013.80324169993,1696.096209352345,False,False,0.9863704221022038,25.828342521279527,False,False
2MASS J03330296-2744494,53.26231935002,-27.74707839969,2025071900580,-1,g,20250719,g_6,0.7084920979459723,53.26235269648056,-27.74727297771113,745548126366991759,745548126366990342,3748.638969205521,39.69583539845206,0.017922943,0.016450781,53.26235269648056,-27.74727297771113,9.179782e-07,9.9465e-07,152809.32623701342,474.805087832274,142146.3879983086,349.38063613245106,False,154435.70103370826,407.2462857355766,False,161983.05772808587,507.3702985024813,False,167549.53132877374,678.6708440695651,False,169957.54740016858,905.7708004047396,False,0.2685108102672258,13.444001096602182,93395.02589314358,266.01357004553546,1.0,0.0614705875871812,False,289585.875,763.63671875,False,303738.09419316053,951.381519023136,False,318691.240090847,1698.4313084926246,False,False,0.5034906917100844,25.209150442556968,False,False
2MASS J03330296-2744494,53.26231935002,-27.74707839969,2025072100524,-1,g,20250721,g_6,0.6984338168907479,53.26235315822023,-27.74727008798271,745556914943821063,745556914943819786,3393.537986195612,68.51450044129442,0.01596846,0.011638367,53.26235315822023,-27.74727008798271,7.295664e-07,8.220121e-07,151555.13868338807,478.49998924352025,141893.0116657047,352.6457983918,False,153263.08348037844,411.1456234388157,False,160248.0062206443,513.5808237208369,False,165836.09589533418,689.8730929729385,False,167469.84928883583,919.6579354796646,False,0.1245975314726243,13.671189458410138,153683.95007200347,385.1539089809543,0.0,8.304337215236934e-05,False,284578.3125,763.4136352539062,False,297547.8905694783,953.6149268819006,False,310957.3814058602,1707.6173688593635,False,False,0.231352224181791,25.384612769064063,False,False
2MASS J03330296-2744494,53.26231935002,-27.74707839969,2025072100525,-1,g,20250721,g_6,0.6966665375071521,53.2623544800094,-27.74726940437408,745556915078038796,745556915078037515,3392.763748941564,67.73348228216501,0.01596579,0.012932002,53.2623544800094,-27.74726940437408,7.7504376e-07,8.398917e-07,152020.4383392345,484.9057350102527,142005.05615012645,356.27642249796014,False,154306.6834870812,416.2025422527391,False,161602.84604411016,520.7253839480858,False,167618.76425691502,697.8237102802836,False,170371.6830119574,931.8267416934434,False,0.5150111255095411,13.79796925325051,153353.34589773006,386.7547696428984,0.0,0.0001780717249295,False,282386.40625,761.6646118164062,False,295738.628443718,952.9449178302264,False,311785.8942029476,1705.274190903653,False,False,0.9424876332306292,25.25074651934708,False,False
2MASS J03330296-2744494,53.26231935002,-27.74707839969,2025072100526,-1,g,20250721,g_6,0.7018577164528222,53.26235416955668,-27.74727090938502,745556915212256526,745556915212255242,3393.174481663096,67.84004288163416,0.015206827,0.0134492945,53.26235416955668,-27.74727090938502,7.794306e-07,8.169622e-07,151893.78383959446,480.7872542704295,141381.4081426554,353.2627103051281,False,153750.2299363996,412.645229065044,False,160468.93642820852,515.1586677731948,False,165731.30722666395,690.3107817392406,False,168071.49674888098,921.8723956738988,False,0.3477555164080304,13.686486068371748,153294.34061320045,386.51103877995,0.0,1.4212553586356869e-05,False,284173.875,762.6849975585938,False,296591.9433147907,952.1588027640936,False,310643.6232839227,1703.8807099186297,False,False,0.642750470624826,25.29649407868581,False,False
2MASS J03330296-2744494,53.26231935002,-27.74707839969,2025072100527,-1,g,20250721,g_6,0.6972324186490935,53.262352746632295,-27.747269806815492,745556915346474402,745556915346472972,3382.567272194757,65.80189660867326,0.013734051,0.011445989,53.262352746632295,-27.747269806815492,6.7833497e-07,7.2717353e-07,151711.04794601022,469.88080295920577,144167.96969698672,350.9636847496719,False,152677.94216349022,406.160631566752,False,157663.59316644838,505.9700753276823,False,161932.1715352299,676.7844151139036,False,163265.61710558753,904.4879340146704,False,-0.0757462260365667,13.686348595655328,152303.17682958223,376.66112602544735,0.0,0.0001295182549542,False,287672.03125,765.2778930664062,False,297065.8725004196,953.3363972470148,False,307621.06850874424,1704.2139652399424,False,False,-0.1427191799593919,25.787482101977456,False,False
2MASS J03330296-2744494,53.26231935002,-27.74707839969,2025072100528,-1,g,20250721,g_6,0.7057779553283279,53.26236338896258,-27.747270535929587,745556915480692195,745556915480690700,3375.2444325756574,65.77311846830814,0.012959659,0.0109529,53.26236338896258,-27.747270535929587,6.453334e-07,6.8840274e-07,151763.99956265982,468.04652258766055,145448.97331166215,351.3654296503002,False,152924.75997143876,405.5747045934378,False,157571.68845949337,504.855449626631,False,162563.53225250824,675.4468690443924,False,161945.24066839364,900.7832383488184,False,0.0294372917655917,13.345913642564254,154119.42016879618,378.6619699121341,0.0,0.0007290513216077,False,288732.09375,765.751953125,False,297505.803070277,953.2005872627784,False,305763.35983633995,1700.738523126895,False,False,0.0555795600882183,25.197970490481406,False,False
2MASS J03330296-2744494,53.26231935002,-27.74707839969,2025072100529,-1,g,20250721,g_6,0.7010073037784089,53.26235501123221,-27.747270549281687,745556915614909907,745556915614908427,3367.8410656592478,65.4788362498554,0.012977059,0.011822954,53.26235501123221,-27.747270549281687,6.779691e-07,7.026022e-07,151777.14150850073,469.73858278454895,144439.46137612444,350.72578819849537,False,152943.96126732425,405.7010037207292,False,158183.56640573853,504.7787974021626,False,162679.92762996192,675.2518020952558,False,163960.0491378,902.1620809024852,False,0.2044367041479366,13.777597812248697,153686.18730879852,378.8824811407199,0.0,0.0009963607325507,False,288401.96875,765.0185546875,False,298282.13940119743,951.8466616644602,False,309174.6844783128,1701.1807338316985,False,False,0.3855003327524167,25.980014514944653,False,False
2MASS J03330296-2744494,53.26231935002,-27.74707839969,2025072100530,-1,i,20250721,i_39,0.7079765600279951,53.26235014469344,-27.74727316225678,745556915749128063,745556915749126157,3373.2047176621563,67.13500906108833,0.0034481108,0.0037488453,53.26235014469344,-27.74727316225678,2.034848e-07,1.9692196e-07,1230431.5501995014,1220.4114831546865,1192366.412935885,1004.9018297365034,False,1230371.921300067,1102.6413085393165,False,1253700.1246110315,1288.4552330804026,False,1264802.0889437364,1627.4939052652403,False,1267420.13014979,2095.350180956442,False,5.1070503403961,30.040737482489124,1216459.3386163227,1143.856270896776,0.0,9.002865277885075e-05,False,1982707.875,1776.873779296875,False,2020300.5830369145,2076.307409969285,False,2042409.965212993,3376.5946968906874,False,False,8.22986021757178,48.40975785143319,False,False
2MASS J03330296-2744494,53.26231935002,-27.74707839969,2025072100531,-1,i,20250721,i_39,0.7028314882577763,53.2623496692506,-27.74727177789437,745556915883345749,745556915883343883,3373.761805619168,67.03858480239171,0.0036930759,0.0040782266,53.2623496692506,-27.74727177789437,2.2048735e-07,2.1207168e-07,1233106.094277491,1227.3299814723634,1188177.2022777298,1003.9787587103204,False,1235928.9763626696,1105.3401544256176,False,1266138.8301428347,1292.4284637040428,False,1286296.8584455268,1635.1076836230675,False,1292190.0421592,2106.897073652944,False,4.92939805255429,30.96517994925616,1225475.5033641662,1156.339792801035,0.0,0.0030073509552795,False,1982505.25,1773.0328369140625,False,2030963.6928930285,2073.133864118448,False,2072751.421459198,3379.591052245807,False,False,7.907054293110939,49.67003200884681,False,False
2MASS J03330296-2744494,53.26231935002,-27.74707839969,2025072100532,-1,i,20250721,i_39,0.6921643225811457,53.26235025922654,-27.747268711639546,745556916017563278,745556916017561615,3374.144864624788,69.64497267562783,0.004618335,0.004226142,53.26235025922654,-27.747268711639546,2.419201e-07,2.502712e-07,1239978.3189364972,1250.539807199298,1178672.7087257945,1008.0123625542152,False,1242365.413076612,1117.0322058990832,False,1282239.6922721874,1311.8357667190164,False,1307705.273188484,1661.5140758478246,False,1314719.709974047,2142.507680702794,False,3.870588664168764,31.18822788438327,1222482.053550698,1145.1307657608854,0.0,4.942682835518131e-05,False,1960743.5,1762.9383544921875,False,2023674.448436737,2070.3839833178063,False,2074935.5209991927,3381.3787509062154,False,False,6.108695142799011,49.22232578045235,False,False
2MASS J03330296-2744494,53.26231935002,-27.74707839969,2025072100533,-1,i,20250721,i_39,0.6792617186687857,53.26234451403736,-27.74726576459791,745556916151781122,745556916151779347,3375.751133024927,72.02186215805996,0.004311177,0.003893829,53.26234451403736,-27.74726576459791,2.2392233e-07,2.3279367e-07,1232175.0184100005,1233.8654788046967,1182634.4239550885,1004.344210747571,False,1235592.5833863658,1108.4504434641328,False,1270542.684153888,1298.4920707518002,False,1289917.332049617,1643.369954776092,False,1293434.3289932418,2117.8276676745154,False,4.11034162835958,31.4197836158908,1223501.506390858,1145.8549282346696,0.0,0.0013775329875632,False,1970816.5,1768.02001953125,False,2026563.2212052343,2071.1435408127536,False,2063076.2530639167,3378.014539525851,False,False,6.556149017669245,50.11573297641285,False,False
2MASS J03330296-2744494,53.26231935002,-27.74707839969,2025072200465,-1,r,20250722,r_57,0.7079966069597512,53.26235172214077,-27.74727296742496,745561305071485094,0,3913.154100688856,1314.184868924423,0.01713822,0.015035276,53.26235172214077,-27.74727296742496,8.368451e-07,9.525542e-07,464444.5445696139,1739.4477634921304,420315.3021617711,1172.2657650621795,False,465998.8733714273,1431.156354556242,False,490920.8580738636,1876.492782303522,False,504867.877974002,2608.035748794389,False,509023.6996418773,3554.3137699675485,False,-0.4188937922819713,55.08678557921605,464852.0566338106,1245.1829948906943,0.0,0.0001930877785542,False,324650.0,997.0515747070312,False,342012.5362548828,1307.306554986602,False,354624.3425292969,2476.2033372991336,False,False,-0.2918330438879564,38.37761411074914,False,False
2MASS J03330296-2744494,53.26231935002,-27.74707839969,2025072200466,-1,r,20250722,r_57,0.6842780355334919,53.26235030191161,-27.74726649272885,745561305205702791,0,3912.68189201116,1313.1368806335838,0.018943395,0.01882069,53.26235030191161,-27.74726649272885,1.0471159e-06,1.053372e-06,460566.2680981425,2364.094029351791,420301.3960965963,1549.1736207645476,False,462853.6165893155,1924.1637350407825,False,483920.8383292653,2572.363338733565,False,504860.5246499719,3630.862494701264,False,510150.6836123796,4985.116994981625,False,-1.9694225395487583,78.11555856289861,463357.7622604867,1600.6967122875346,0.0,0.0001231049177603,False,226714.375,942.491455078125,False,237033.4949951172,1259.991767832188,False,249881.36474609372,2441.803722194847,False,False,-0.964660065648532,38.262464422044815,False,False
2MASS J03330296-2744494,53.26231935002,-27.74707839969,2025072200467,-1,r,20250722,r_57,0.702572519227618,53.26234759798349,-27.747271950874094,745561305339920518,0,3912.8295597450033,1312.1558130140268,0.019409923,0.018363375,53.26234759798349,-27.747271950874094,1.0218594e-06,1.0790019e-06,472250.63699743897,2212.2607236838444,422164.5148010693,1447.723406618064,False,472417.6282102824,1794.2952676138254,False,497867.7851718193,2385.902624971809,False,509227.2182691432,3351.207499024246,False,513645.5246674011,4592.330114982839,False,-2.453953427102587,71.63901583773028,474005.0778209994,1540.8308340634785,0.0,0.0007593241690522,False,251450.296875,955.0364990234376,False,264996.4669189453,1269.9270466193527,False,273394.36962890625,2444.3261677916025,False,False,-1.306147952395437,38.13077820248459,False,False
2MASS J03330296-2744494,53.26231935002,-27.74707839969,2025072200468,-1,r,20250722,r_57,0.6947957926016979,53.26234916649095,-27.747269586059765,745561305474138295,0,3910.167412056263,1297.3845309031349,0.015354228,0.014846568,53.26234916649095,-27.747269586059765,8.260966e-07,8.536793e-07,463122.0221563781,1698.2302519702728,427433.632812016,1156.339252479759,False,464754.2959583676,1403.3403184022725,False,487504.9055044989,1834.8431445857095,False,502995.63470135065,2548.994417149033,False,505876.1828816983,3471.74933945857,False,-1.3434406058823027,53.880639368726726,468035.1655392368,1214.4269873065207,0.0,9.83959505522769e-05,False,330060.59375,996.62841796875,False,346217.6895751953,1303.074383618665,False,359264.658203125,2465.577313212213,False,False,-0.954088661259182,38.26511336490075,False,False
2MASS J03330296-2744494,53.26231935002,-27.74707839969,2025072200469,-1,r,20250722,r_57,0.7156464273619545,53.26235385300024,-27.74727483114181,745561305608355988,0,3909.249202787441,1285.146412277971,0.016721837,0.017144023,53.26235385300024,-27.74727483114181,9.537721e-07,9.2971675e-07,472170.1580994831,2284.442915379334,438927.44687141787,1515.0856086548963,False,473544.6437186012,1867.9936427867997,False,495352.12274353456,2488.435840149087,False,506902.39720422175,3501.940055373348,False,506779.3943039216,4804.205970825897,False,-0.993531135951908,74.9623203524846,473542.9745734026,1518.9260999519267,0.0,0.0003380766983266,False,240600.15625,949.0964965820312,False,251680.1735839844,1264.332856257059,False,257486.18017578125,2440.937137755422,False,False,-0.504796643188975,38.08710800324882,False,False
2MASS J03330296-2744494,53.26231935002,-27.74707839969,2025072200470,-1,r,20250722,r_57,0.6905485782006487,53.26235066301033,-27.747268206366897,745561305742574444,745561305742573776,3907.972339110755,1271.0794788899748,0.01100675,0.012876249,53.26235066301033,-27.747268206366897,7.1613965e-07,6.1218043e-07,462078.7355133638,1576.909000659689,439583.29152491584,1104.051893936121,False,466262.7286345579,1325.196133456933,False,482696.19653349294,1714.2650206705905,False,498979.3116225815,2380.376823135649,False,504569.6248143175,3240.173552066992,False,1.9219158678385928,49.96605959659271,468579.86486296245,1125.268457141806,0.0,0.0001700110610268,False,354838.6875,1008.510498046875,False,367345.0059814453,1304.602561185347,False,383991.2830815315,2465.8606829987343,False,False,1.4626305345623636,38.02553778794073,False,False
2MASS J03330296-2744494,53.26231935002,-27.74707839969,2025072200474,-1,z,20250722,z_20,0.6991826595082892,53.26235117743182,-27.7472705636488,745561306279444680,0,3900.405519124359,1240.6481566920816,0.005289859,0.006376152,53.26235117743182,-27.7472705636488,3.5453792e-07,2.9414795e-07,1899747.32695214,3779.6898627480327,1816691.0430179727,2615.984871591227,False,1903782.0153349468,3155.7938210573493,False,1961405.0787524804,4138.46519467107,False,2002911.1273545804,5760.918472488551,False,2025251.069809685,7860.778178634016,False,14.15468616179787,120.086649699299,1928204.8010092853,2585.899620269103,0.0,0.0041048235551688,False,1157011.75,1917.9141845703125,False,1192031.810546875,2515.126636679584,False,1230833.8168945312,4777.33934009404,False,False,8.602423005808877,72.98191893874879,False,False
2MASS J03330296-2744494,53.26231935002,-27.74707839969,2025072200478,-1,z,20250722,z_20,0.6989872647724135,53.26235078585861,-27.74727055928477,745561306816315645,0,3939.082879379384,1146.707009170735,0.0035686546,0.0046014814,53.26235078585861,-27.74727055928477,2.5582887e-07,1.9841461e-07,1918878.105119042,3060.993568291226,1863040.8519242643,2209.4921910087355,False,1924391.737207733,2605.22889080344,False,1965270.332147412,3337.9779543428062,False,1999118.7560793173,4579.570793078444,False,2017670.380622764,6206.716494932082,False,22.282128509875665,96.29134473470803,1957130.8196627465,2235.4578906453435,0.0,0.0002625991415011,False,1460038.625,1976.5906982421875,False,1491053.2705078125,2532.5284080727133,False,1530809.258463204,4709.044235543417,False,False,16.90548116717482,73.05637404671931,False,False
2MASS J03330296-2744494,53.26231935002,-27.74707839969,2025072200479,-1,z,20250722,z_20,0.704762477691436,53.262351986279,-27.74727202459656,745561306950534130,745561306950533323,3939.293590557052,1146.9412991148486,0.0040024356,0.0052007684,53.262351986279,-27.74727202459656,2.891823e-07,2.2254189e-07,1914120.3026884228,3760.392743738101,1868238.414150883,2645.4057524689274,False,1921431.96404014,3166.593051946702,False,1966994.784657774,4127.4324483073215,False,1996245.9927273165,5733.057415265035,False,2015757.2722435768,7817.859121827443,False,21.529428056558388,124.88216212724144,1938026.9571815515,2535.7042230517736,0.0,0.0003291437996209,False,1141340.75,1880.9730224609373,False,1168405.3064501286,2451.7167062320204,False,1197370.4820038974,4643.84967071073,False,False,12.78859414489789,74.18066486425418,False,False
2MASS J03330296-2744494,53.26231935002,-27.74707839969,2025072200480,-1,z,20250722,z_20,0.688728176945049,53.26234605330393,-27.74726824780377,745561307084751873,745561307084751062,3942.2123991845856,1146.1043100685615,0.0042532994,0.005435847,53.26234605330393,-27.74726824780377,3.021742e-07,2.3648018e-07,1927759.8666058131,3682.859960357389,1860403.4888582712,2592.9291200708144,False,1922361.8846460567,3101.0206564261134,False,1957276.65740737,4034.3998351689816,False,1973590.040674569,5597.714941440765,False,1994192.4902912695,7624.288771273853,False,14.022940323942914,117.20896866658842,1926743.9736645103,2504.611579402585,0.0,9.035800575651898e-06,False,1168584.125,1885.0787353515625,False,1189808.4582031963,2452.470390167522,False,1212249.2153851986,4634.727151889411,False,False,8.52440197616548,71.25013307086877,False,False
2MASS J03330296-2744494,53.26231935002,-27.74707839969,2025072200481,-1,z,20250722,z_20,0.6990907203829445,53.26235108968827,-27.74727054920531,745561307218968781,0,3946.3356072845672,1142.740741179822,0.0038804703,0.0050469367,53.26235108968827,-27.74727054920531,2.805443e-07,2.1574742e-07,1905078.5599779924,3511.23094320412,1852630.6360700305,2491.501643378404,False,1909971.2468603908,2969.498099856769,False,1947181.722314328,3849.274202579524,False,1978034.506961974,5330.341833548339,False,1995641.1677048136,7255.927106537167,False,19.40998883313776,112.30915788654224,1935572.0177567196,2435.6847537171207,0.0,0.0001475450114759,False,1219309.125,1895.701904296875,False,1243063.970703125,2457.3433592507795,False,1274000.0615234375,4632.121109612862,False,False,12.391168997594283,71.69719505318619,False,False
2MASS J03330296-2744494,53.26231935002,-27.74707839969,2025072200482,-1,z,20250722,z_20,0.7071655143480043,53.262351239774326,-27.74727279653016,745561307353186528,0,3950.096188480978,1139.9275224056537,0.0038674835,0.004683867,53.262351239774326,-27.74727279653016,2.6044304e-07,2.1500068e-07,1901568.3800629373,3173.220130971199,1855117.3621241795,2287.248888221196,False,1910610.2785260945,2703.0287078225256,False,1951873.3093623952,3465.357701967668,False,1980202.730738293,4776.11684683297,False,1998481.5523425236,6483.231799408671,False,17.952546494107295,105.42299022357884,1944925.432962505,2291.866613220931,0.0,0.0013095354819741,False,1372350.5,1941.5277099609373,False,1401988.8525390625,2489.092322188734,False,1435466.556640625,4656.766741775316,False,False,12.894930187681869,75.72307914957528,False,False
2MASS J03330296-2744494,53.26231935002,-27.74707839969,2025072300437,-1,g,20250723,g_6,0.6654105858535198,53.26236418204557,-27.747258927244943,745565699358327116,0,4078.720644190691,3706.938294006504,0.39728636,0.32574442,53.26236418204557,-27.747258927244943,1.9515304e-05,2.08529e-05,,,133309.81384890393,823.6365418725381,True,155086.15959228846,1037.4948939255742,True,,,True,,,True,,,True,0.4973498565599047,42.50934979162135,124088.6701869016,776.7820422153262,,,True,93733.140625,627.0556640625,True,,,True,,,True,True,0.3005952572899431,25.69239493949972,True,False
2MASS J03330296-2744494,53.26231935002,-27.74707839969,2025072300438,-1,g,20250723,g_6,0.7076018358655289,53.262368012116525,-27.74727017968361,745565699492544863,0,4067.912132917638,3699.08357919181,0.03482217,0.028912913,53.262368012116525,-27.74727017968361,1.7229758e-06,1.8335376e-06,150948.6108535372,1213.588799148089,135848.86828150752,783.2858571105415,False,152903.8753535009,979.4892658364558,False,164071.599949277,1311.98648570735,False,167809.35322946907,1859.665857613238,False,,,True,1.1654483856198543,40.19043441991606,123399.22897153135,713.2730092992034,1.0,0.0148480947661506,False,97617.734375,625.3309326171875,False,104747.49462890624,837.6056392898837,True,,,False,False,0.7440519782261141,25.65859853158649,False,False
2MASS J03330296-2744494,53.26231935002,-27.74707839969,2025072300445,-1,i,20250723,i_39,0.6945207210833713,53.26235234547119,-27.74726909930662,745565700432070142,745565700432069738,4043.4923281899546,3674.463936098025,0.004593529,0.004313769,53.26235234547119,-27.74726909930662,2.449846e-07,2.50168e-07,1227434.8836641335,1889.120964852407,1188543.1718415376,1399.5787535772,False,1228209.1485187528,1628.289651071984,False,1251932.29332292,2055.6129148466584,False,1260964.5839031786,2793.503651665229,False,1263262.6286103365,3753.952326592519,False,5.02873236574429,55.28824326478672,1170930.7744151775,1394.0706077874322,0.0,0.0116789582124492,False,1362155.375,1805.867919921875,False,1388465.7222611904,2279.794271402987,False,1401031.723036319,4163.351449815129,False,False,5.577156650963069,61.3178771940135,False,False
2MASS J03330296-2744494,53.26231935002,-27.74707839969,2025072300446,-1,i,20250723,i_39,0.704543532727852,53.262352153634055,-27.74727194094637,745565700566287874,745565700566287413,4043.3862689324983,3674.184271556204,0.0047196303,0.004526825,53.262352153634055,-27.74727194094637,2.551918e-07,2.5872512e-07,1226473.9972748167,1758.916591189687,1182193.424746358,1308.1055681790317,False,1229183.5415792377,1515.6542050988903,False,1259780.9615796483,1899.8164730023327,False,1280505.6888371124,2561.6629425531323,False,1287800.2134036606,3439.214198581549,False,7.974280706585125,53.94035472706754,1170572.373083645,1333.0037889418495,0.0,0.0250618992663602,False,1499824.5,1849.3701171875,False,1537158.843164444,2318.1170226633767,False,1571347.3584966063,4196.458495655797,False,False,9.730053461542134,65.81691246402971,False,False
2MASS J03330296-2744494,53.26231935002,-27.74707839969,2025072300447,-1,i,20250723,i_39,0.6977551426379525,53.26235733979813,-27.747269282206705,745565700700505641,745565700700505217,4042.312445778165,3670.186660814638,0.00454988,0.0039583324,53.26235733979813,-27.747269282206705,2.3137494e-07,2.4244125e-07,1226199.1253547582,1821.451258983179,1190743.321927303,1355.1610546083052,False,1227318.3880921782,1571.1886446682786,False,1252381.76229505,1976.8481342260147,False,1264162.0913856272,2674.962892307253,False,1270236.840068932,3594.594763370418,False,7.700300742018479,55.18338707924496,1182777.1118347174,1349.8550209055736,0.0,0.0014848850338923,False,1428128.75,1828.2620849609373,False,1457292.9225720167,2300.2944323685906,False,1478069.3976495266,4182.732187487754,False,False,8.960202161085023,64.21233672930946,False,False
2MASS J03330296-2744494,53.26231935002,-27.74707839969,2025072300448,-1,i,20250723,i_39,0.7012018615703209,53.26235167003486,-27.74727106629521,745565700834723008,745565700834722609,4042.334090311568,3670.260120353888,0.008127708,0.006799426,53.26235167003486,-27.74727106629521,4.0378353e-07,4.2863127e-07,1226577.2802200045,1906.6664913734455,1095484.162893165,1324.1796868286283,False,1229735.69971463,1576.625827414818,False,1321293.419636356,2002.628767438279,False,1369676.896064767,2709.9302522285066,False,1389269.1442006957,3638.6848964165433,False,1.7994170051225478,56.16597843538982,1171576.4200213875,1432.987006857291,0.0,0.0172008264315628,False,1415046.625,1814.210205078125,False,1520401.3305664062,2304.408239224945,False,1598620.4305315614,4187.004397211164,False,False,2.070574157241388,64.62972347900815,False,False
2MASS J03330296-2744494,53.26231935002,-27.74707839969,2025072300449,-1,i,20250723,i_39,0.6939554070707901,53.26234909036828,-27.747269359701395,745565700968940775,745565700968940355,4042.2221001545554,3667.750629272995,0.008015132,0.0070860544,53.26234909036828,-27.747269359701395,4.1158137e-07,4.2896508e-07,1223547.426110776,1824.983783804934,1092305.3344726851,1272.2838505218886,False,1227642.386819975,1510.1387305044138,False,1321532.5532592563,1911.5184075891489,False,1376473.346468788,2576.1495013856515,False,1394631.6078882532,3448.6276689376377,False,2.5735928229990077,52.13428112741522,1148387.0552142565,1364.729821288638,1.0,0.0050063659558082,False,1491415.25,1834.609130859375,False,1605478.7814941406,2322.229775007135,False,1694283.9954593182,4189.6043605569785,False,False,3.1265583729589235,63.33592156476779,False,False
2MASS J03330296-2744494,53.26231935002,-27.74707839969,2025072300450,-1,i,20250723,i_39,0.6826670377720224,53.2623503219023,-27.747266037913864,745565701103158842,745565701103158369,4044.121793023287,3669.472454717237,0.0049101943,0.004031021,53.2623503219023,-27.747266037913864,2.412652e-07,2.5773363e-07,1225435.5183151776,1758.7713313200684,1179396.8241380649,1308.6761229043948,False,1226197.472211815,1515.1858353815917,False,1256629.5686837626,1898.2011194588176,False,1277228.4920118891,2554.701651373993,False,1284842.0581745962,3429.841920343541,False,8.638789513212167,54.78241381329204,1196101.5786690474,1364.2474347500845,0.0,0.015581884021547,False,1482433.875,1831.8116455078125,False,1519225.3149757383,2294.864982858639,False,1553333.320470035,4146.570160058209,False,False,10.444022682806736,66.23020176725947,False,False
2MASS J03330296-2744494,53.26231935002,-27.74707839969,2025072800366,-1,z,20250728,z_20,0.693476371177447,53.26234886194533,-27.74726925315126,745587680065095458,745587680065094753,535.815830154713,3404.001977050398,0.0045356853,0.004022671,53.26234886194533,-27.74726925315126,2.3775468e-07,2.3888944e-07,1895134.696353152,1866.3002955159443,1826192.7956871565,1502.358759206125,False,1900319.8923970663,1670.9321328387978,False,1943372.1562071757,1980.4562347345068,False,1972621.5433450837,2545.0389048594147,False,1981075.1379248456,3313.5798865537167,False,3.167164905008198,47.62083785725619,1934962.6165902463,1656.1157737910469,0.0,0.008389281229028,False,2177564.0,1914.7100830078125,False,2226897.3044433594,2269.3917048321423,False,2270100.9019058347,3797.009282990652,False,False,3.6292333237167553,54.56840323709612,False,False
2MASS J03330296-2744494,53.26231935002,-27.74707839969,2025072800368,-1,z,20250728,z_20,0.7212393517557267,53.26235677175082,-27.74727598759646,745587680333530747,745587680333530093,531.6102076250035,3401.503778031406,0.005153091,0.0044428175,53.26235677175082,-27.74727598759646,2.665871e-07,2.6822897e-07,1904399.0719016576,1934.9020812434007,1801482.505335637,1528.4470956155062,False,1907497.775593904,1716.423191296623,False,1964231.323244421,2051.333744613557,False,1995776.387217668,2644.1126757965485,False,2004855.792181796,3448.1428541237674,False,0.6560345222553298,51.10768494096222,1895699.2545314776,1662.1152162402534,0.0,0.0020610067783314,False,2102425.5,1891.824951171875,False,2164956.664550781,2260.960106411257,False,2209732.559186518,3800.5095245237967,False,False,0.7230748712356876,56.33039337746547,False,False
2MASS J03330296-2744494,53.26231935002,-27.74707839969,2025072800369,-1,z,20250728,z_20,0.7112230578092273,53.26235245702444,-27.74727377685178,745587680467748493,745587680467747816,530.1256628766579,3401.0888743282026,0.0052719233,0.004589989,53.26235245702444,-27.74727377685178,2.7398846e-07,2.7552497e-07,1899049.328578156,1909.2033742626272,1789296.424877132,1506.987993736059,False,1904677.4649565427,1693.7173197625873,False,1965697.4858939464,2017.6604294826268,False,1999322.885555376,2598.0594147481165,False,2008738.480752212,3387.4964635035053,False,0.2716612585286304,49.66579429573997,1894634.9880551908,1657.707579452306,0.0,0.0002104508663337,False,2141496.5,1904.3065185546875,False,2210103.4760742188,2268.5272585109974,False,2258495.9947769046,3808.6825480032912,False,False,0.3054383983788724,55.84101592574563,False,False
2MASS J03330296-2744494,53.26231935002,-27.74707839969,2025072800370,-1,z,20250728,z_20,0.6868351669732669,53.26234870856227,-27.747267409719463,745587680601966305,745587680601965640,522.1284654317657,3402.4709066694377,0.004611267,0.0044709267,53.26234870856227,-27.747267409719463,2.5236446e-07,2.5258717e-07,1911195.9678717696,1900.491233337377,1817070.964351125,1510.3736275074482,False,1914224.3838204152,1688.292375120023,False,1971241.3123264536,2008.243795312072,False,2002078.9860775224,2575.4829686268395,False,2010835.1954999235,3355.1667690591603,False,2.0308018153033767,48.76278514288706,1934015.5086354555,1694.6030168104592,0.0,0.0014631115364595,False,2159458.25,1904.581787109375,False,2223779.6940755844,2265.522615035719,False,2268446.0029948354,3785.0017065974102,False,False,2.2909705733762484,55.00985127962085,False,False
2MASS J03330296-2744494,53.26231935002,-27.74707839969,2025072800371,-1,z,20250728,z_20,0.7024186783369216,53.26235073449038,-27.747271528887723,745587680736184055,745587680736183375,512.3736332617891,3404.6222792570907,0.004616463,0.0041268696,53.26235073449038,-27.747271528887723,2.428372e-07,2.43883e-07,1906526.0009277249,1884.8849865492975,1827891.0797891929,1508.4653839192486,False,1909109.3673333523,1680.612027218405,False,1958722.120802282,2000.015351074654,False,1987418.8374393329,2565.648114150757,False,1993450.9387869968,3340.862673179688,False,1.684886826827692,48.23651589397296,1918890.3654322117,1656.7706690280609,0.0,0.0036506838292765,False,2172880.0,1912.8125,False,2229347.461530581,2276.345939317928,False,2268874.56003727,3802.450404105699,False,False,1.917677924021256,54.90107714577809,False,False
2MASS J03330296-2744494,53.26231935002,-27.74707839969,2025072800396,-1,r,20250728,r_57,0.6941839299947008,53.26235249000588,-27.74726898502164,745587684091628309,745587684091627268,492.9538557126353,3344.718341246879,0.0054614954,0.0052596433,53.26235249000588,-27.74726898502164,2.9783013e-07,2.9822985e-07,468910.43338447367,647.1966982678763,450423.32737609366,535.5956497499228,False,468841.7174633306,585.8323090716073,False,480034.2158635565,678.034672771881,False,485217.088120288,846.481646939578,False,487445.4073190396,1079.8139236840525,False,2.007123544537173,15.037780298384792,485473.7443778776,642.2281596586424,0.0,1.747092926507321e-05,False,943196.875,1178.5538330078125,False,965713.4922747016,1364.0428329633537,False,980623.0286074728,2172.3261400686783,False,False,4.03785026893314,30.252400450014225,False,False
2MASS J03330296-2744494,53.26231935002,-27.74707839969,2025072800397,-1,r,20250728,r_57,0.7014044184403124,53.262355008640064,-27.747270661445096,745587684225845866,745587684225844833,490.5250599434824,3342.5946024935465,0.0065853223,0.005327701,53.262355008640064,-27.747270661445096,3.3144028e-07,3.3438172e-07,466205.44673494,648.5209762989967,448468.11923277326,534.7261012704708,False,470146.439790306,586.3045050854961,False,486498.8572193689,680.1250481827724,False,498373.8663051235,850.1240978290488,False,501486.5887017001,1083.5799141160508,False,1.2148151994605938,15.4146726830998,496324.6569412382,645.3806881237671,0.0,0.0244371931529522,False,942614.4375,1175.504150390625,False,975400.0197188854,1363.6085173981216,False,1005449.4912982509,2172.510487767092,False,False,2.4356290912608736,30.905462193667624,False,False
2MASS J03330296-2744494,53.26231935002,-27.74707839969,2025072800398,-1,r,20250728,r_57,0.7013970176395787,53.26235394034146,-27.74727081216719,745587684360063639,745587684360062573,488.9507392978388,3341.7191190187355,0.0062912125,0.005585123,53.26235394034146,-27.74727081216719,3.298721e-07,3.3150872e-07,467508.3853814577,651.5574532051567,448908.0714167594,536.1242416836294,False,471100.1983389829,588.0905220736943,False,487090.55625421606,681.7022014748713,False,499613.3573700005,851.4592341818483,False,502401.3001767992,1086.168390591622,False,1.614495134932617,15.45395960896586,492203.9629411448,647.4548434440042,0.0,0.0039648147583142,False,941043.375,1174.7366943359375,False,972984.8185253144,1361.730142934985,False,1003568.7031967044,2169.6691525592983,False,False,3.2250250712160438,30.869964306554003,False,False
2MASS J03330296-2744494,53.26231935002,-27.74707839969,2025072800399,-1,r,20250728,r_57,0.6916621569632553,53.262351664796725,-27.747268387623805,745587684494281580,745587684494280510,488.7168613360299,3340.9012325390127,0.0056926673,0.0053300397,53.262351664796725,-27.747268387623805,3.0612907e-07,3.0690939e-07,467408.34908834746,645.9672301239301,448925.445229636,534.449037529601,False,467027.8411087612,584.6450276561873,False,477567.879311164,677.0671400541736,False,482034.9466816578,844.8952912562256,False,483297.9814895242,1078.159564715182,False,1.3686374681145572,14.859674462133803,501850.7395435072,662.679438159169,0.0,0.0027454954196428,False,940485.0625,1177.338623046875,False,961710.239277482,1363.455185067339,False,973249.3275951128,2171.161708901189,False,False,2.75611640557378,29.923915953428157,False,False
2MASS J03330296-2744494,53.26231935002,-27.74707839969,2025072800400,-1,r,20250728,r_57,0.7039755752839776,53.26235438572689,-27.747271474518776,745587684628499315,745587684628498223,489.4267346850057,3349.412631131584,0.0056876475,0.005038655,53.26235438572689,-27.747271474518776,2.9792628e-07,2.9939244e-07,467990.2824652032,645.3869628799127,450020.25046770286,534.8354802284174,False,467575.1686923693,584.6576884701451,False,478646.2756019792,677.8363590216711,False,483626.7137290477,846.0762504325737,False,485394.52595061366,1078.129171603363,False,1.9886064161985384,14.925353495600548,485765.7544909656,639.3443632897822,0.0,0.0043020543678149,False,941467.1875,1177.2139892578125,False,963758.969832778,1364.830156182303,False,977346.6380873658,2170.823659840104,False,False,4.004078520548361,30.052345630850567,False,False
2MASS J03330296-2744494,53.26231935002,-27.74707839969,2025072800401,-1,r,20250728,r_57,0.6991351395192407,53.26235573043052,-27.74726991633012,745587684762717127,745587684762715998,486.49588801364223,3356.190257486804,0.0053091873,0.004767921,53.26235573043052,-27.74726991633012,2.7988105e-07,2.8112444e-07,469099.6640806541,642.4208998253052,453319.0864792742,535.3525875519788,False,469878.7323850829,583.6509989011747,False,481120.6490528776,674.8289121165253,False,486512.129710492,840.853250107861,False,489530.1017003983,1072.515683556136,False,2.827734608587053,14.814178279230656,489346.17312867945,646.7720986616703,0.0,0.0026378284620792,False,950680.625,1180.8699951171875,False,973425.7965247632,1365.3454130229438,False,990440.1943849772,2169.963886617949,False,False,5.721204897655449,29.972738272006826,False,False
2MASS J03330296-2744494,53.26231935002,-27.74707839969,2025081300305,-1,r,20250813,r_57,0.7050604626077682,53.262352808413446,-27.7472719983976,745658040618321880,745658040618320473,3177.2676061094508,1474.9826098189578,0.003175251,0.0038997643,53.262352808413446,-27.7472719983976,2.077167e-07,1.8712764e-07,471029.7565793333,946.5634730350172,464089.2854681732,684.9587529175002,False,470037.26447576017,808.2417519450192,False,473575.3870578716,1039.8665855402976,False,475794.2702502832,1435.458641278324,False,479238.0943730721,1949.1317627617816,False,4.50003421159446,30.847764571813904,466989.572848456,632.9944227623439,0.0,6.52999834203083e-05,False,955764.25,1643.46240234375,False,962958.5967713594,2114.443645946793,False,974473.0310920476,3963.325034377701,False,False,9.150278389131254,62.72521946326818,False,False
2MASS J03330296-2744494,53.26231935002,-27.74707839969,2025081300307,-1,r,20250813,r_57,0.7000955696723005,53.262353663040415,-27.74727048505745,745658040890427111,745658040890425838,604.6962648543649,1405.8978812752512,0.003948824,0.0046315324,53.262353663040415,-27.74727048505745,2.498712e-07,2.281325e-07,472273.4700440128,951.9574170594904,463381.3575913813,685.5740530238608,False,472177.4618675239,810.9288823638745,False,478351.02199368336,1046.550039348546,False,479556.36637846887,1442.366928652488,False,479514.0111946776,1960.226160361069,False,2.3390623633380114,30.27375093784778,491330.3466368523,676.7705021887014,0.0,3.213326271733763e-10,False,954194.0625,1638.7557373046875,False,966669.8261537104,2114.907877444813,False,969020.0386902244,3961.299118293119,False,False,4.726865636675698,61.178340194905,False,False
2MASS J03330296-2744494,53.26231935002,-27.74707839969,2025081300308,-1,r,20250813,r_57,0.6160825961567925,53.26236872044853,-27.74724386193672,745658041024645015,745658041024643293,2925.1272533797587,559.2516713869451,0.0050343866,0.00365863,53.26236872044853,-27.74724386193672,2.2084132e-07,2.6621433e-07,694207.3455184194,1010.4868848720432,682121.5311844416,766.1858915397714,False,690552.7516247061,879.0149197931134,False,694451.9522564727,1097.566837860052,False,695533.0650110464,1477.9232485201044,False,698336.8051215938,1982.5357447300216,False,4.261759950767586,29.665883755673786,532895.8799797209,676.6524697607533,0.0,0.2022360210946913,False,1400972.125,1783.318359375,False,1408882.7029855847,2226.709750339244,False,1416764.172664702,4022.1073750674864,False,False,8.646127150198657,60.18523003116848,False,False
2MASS J03330296-2744494,53.26231935002,-27.74707839969,2025081300310,-1,r,20250813,r_57,0.707895468378765,53.26235401908904,-27.74727262878716,745658041293080396,745658041293078593,913.1223658613798,171.93078067625325,0.003504775,0.0036438166,53.26235401908904,-27.74727262878716,2.0123322e-07,1.9614026e-07,470164.75174258347,944.5452894613572,463708.9314970181,683.6924258165577,False,471354.1456409418,807.2817615579305,False,478678.203994676,1038.2340943732315,False,482344.0837773898,1434.377732585602,False,486380.141958445,1947.184929208121,False,7.565700585112004,30.148433481151784,462530.4671474559,635.048110942239,0.0,0.0003513715916368,False,957941.125,1640.652587890625,False,972825.9345722198,2110.0209801376604,False,988478.7153654397,3957.29737166579,False,False,15.375903228898713,61.27117911873024,False,False
2MASS J03330296-2744494,53.26231935002,-27.74707839969,2025081300332,-1,z,20250813,z_20,0.4439489294397358,53.2624481396486,-27.74712547528747,745658044219132209,745658044219131528,3505.146844900953,3661.8000005475046,0.01755585,0.008456327,53.2624481396486,-27.74712547528747,7.230172e-07,8.067226e-07,342519.21164285165,1583.6067396952726,335360.35721730493,1063.9875220031688,False,347336.28017584904,1318.6360221921782,False,357274.98743296176,1767.767500523173,False,365383.51821666944,2500.8250764811964,False,375946.31402289367,3439.377332546621,False,11.561631185621463,52.42288449214326,234836.2489582296,648.8741397415434,0.0,0.3573317195338835,False,421724.5625,1601.0455322265625,False,433791.82183639705,2146.3665568780125,False,456461.9472648352,4175.981559157305,False,False,14.037761477361482,63.65018366709152,False,False
2MASS J03330296-2744494,53.26231935002,-27.74707839969,2025081300334,-1,z,20250813,z_20,0.3054893657162648,53.26223896230056,-27.747124653702183,745658044509063522,745658044509062420,3441.8787803453224,2660.9452297066614,0.02476016,0.01195399,53.26223896230056,-27.747124653702183,1.0636234e-06,1.0977096e-06,224183.213487283,1577.7568336538748,216725.2447912778,1029.583655137244,False,228638.6535946939,1301.073281833184,False,235229.7209400544,1766.8690627380436,False,243954.3405119575,2527.0260894100497,False,250031.0557813304,3487.259650642281,False,13.47861438403621,54.07687391310582,129375.69355788764,522.1862877795359,,,False,276887.15625,1575.6324462890625,False,284869.10446923785,2139.7228445671417,False,302793.8929880243,4223.159087891507,True,True,16.32294079898633,65.48845351071981,False,False
2MASS J03330296-2744494,53.26231935002,-27.74707839969,2025081300335,-1,z,20250813,z_20,0.3751668269867438,53.262215511880434,-27.747127543603906,745658044648524136,745658044648521818,687.407709950698,190.0222030051837,0.042338155,0.02069486,53.262215511880434,-27.747127543603906,1.8027189e-06,1.9007745e-06,154520.1522472467,1556.4266710791926,146974.49086991386,1000.1327244516908,False,160067.71631307178,1275.3464089398142,False,169307.8475236867,1749.4092816451732,False,176509.95980444356,2503.279396458665,False,188253.62344967277,3463.653962814321,False,19.76973156710045,55.67042522623841,64184.23798864322,411.23893885943744,1.0,1.0,False,193886.828125,1544.8016357421875,False,205079.2145296447,2119.024526139991,False,228027.85455067083,4195.454873980815,False,False,23.94668103423655,67.4324743059003,False,False
2MASS J03330296-2744494,53.26231935002,-27.74707839969,2025081300336,-1,z,20250813,z_20,0.5156553832636837,53.26218619159129,-27.74715981941607,745658044781169291,745658044781168527,1581.1783121590886,3919.450259823053,0.03386073,0.014885644,53.26218619159129,-27.74715981941607,1.3940154e-06,1.5112745e-06,190947.9713204112,1549.41321783426,182899.63013977307,999.8307112994004,False,194384.6887624416,1272.871919027296,False,202593.70579853895,1742.2163601055324,False,208536.88077230207,2492.6169253112344,False,210540.4032223748,3448.374553068004,False,13.10028597333801,55.053131894515815,93054.09579440676,456.2620843811049,1.0,1.0,False,234455.5,1535.2640380859375,False,244356.73865187168,2101.359990940019,False,253941.5826522708,4159.228718959934,False,False,15.800802612471005,66.40188405306438,False,False
2MASS J03330296-2744494,53.26231935002,-27.74707839969,2025081300337,-1,z,20250813,z_20,0.4391323142860769,53.26222760106843,-27.747169428050512,745658044916959484,745658044916958010,2629.902767631424,1749.1118580658172,0.017476238,0.008408782,53.26222760106843,-27.747169428050512,7.23854e-07,7.9891447e-07,315618.5052816246,1605.4642333779043,306246.8422371425,1090.0707713369377,False,320311.7023994072,1343.085260192046,False,329675.4584308839,1786.601967979445,False,338851.6822199014,2525.7957442858974,False,345328.2332847769,3466.2521688710667,False,13.68457537717504,49.913955677002,213527.76742659745,630.4220972813251,1.0,0.9999999464697727,False,386211.875,1619.408447265625,False,397502.1080663204,2154.173234269284,False,416375.247823596,4179.390697668712,False,False,16.5000075720224,60.18313494723418,False,False
2MASS J03330296-2744494,53.26231935002,-27.74707839969,2025082600425,-1,g,20250826,g_6,0.6974073323999458,53.262356194449154,-27.747269359962683,745715231332763619,745715231332761996,2573.088946745037,1027.5011194756305,0.012807922,0.012503597,53.262356194449154,-27.747269359962683,6.98949e-07,7.0831476e-07,151931.7349110779,384.3705992286077,142654.034311104,301.34299531413905,False,153193.49574636304,339.362377109635,False,159770.7054146043,405.03057332904575,False,165242.3427155843,519.8678534608459,False,166614.86605879272,676.4876795219352,False,-0.1506805696137205,9.944823395138483,153619.63684460116,340.019924640678,0.0,0.0002771582129708,False,325610.5,721.3096923828125,False,339590.2614660263,860.8864681520806,False,354137.42326670885,1437.864515721168,False,False,-0.3202693128267044,21.13757442720681,False,False
2MASS J03330296-2744494,53.26231935002,-27.74707839969,2025082600426,-1,g,20250826,g_6,0.699730558863291,53.2623585701734,-27.7472696449245,745715231467505616,745715231467504149,943.7554753112296,1350.6141050976155,0.012679548,0.011871654,53.2623585701734,-27.7472696449245,6.693894e-07,6.957523e-07,152473.3666811346,383.8750294789141,141955.7090109917,298.6907777658821,False,154123.91025134502,337.6815835240137,False,161841.50245387192,403.3290128682685,False,167516.40182077046,518.0140652247858,False,169329.51175543654,673.580243050686,False,0.4698126548844624,9.81169283495631,158605.20765129532,350.41599627456293,0.0,0.0385813301946008,False,327195.59375,716.8772583007812,False,343579.5679101944,856.2427181273961,False,359476.15167474747,1429.9694784788603,False,False,0.9973834060886344,20.829621163846213,False,False
2MASS J03330296-2744494,53.26231935002,-27.74707839969,2025082600427,-1,g,20250826,g_6,0.7015062327388001,53.26235644294212,-27.74727047747144,745715231601723732,745715231601722930,797.936658419433,3783.882035146659,0.011334941,0.01143803,53.26235644294212,-27.74727047747144,6.3470947e-07,6.31076e-07,152095.51511631956,385.10118456387954,140817.26268583906,299.04001040183243,False,154042.85825411289,339.0903544715697,False,161965.63436928348,404.6560543910206,False,167582.67812647202,520.8545775429388,False,169489.3825563113,677.4172040283418,False,0.1463898066198098,9.809265312278692,155482.9238808039,349.98573637163594,0.0,0.0058822047900243,False,325324.8125,716.128662109375,False,342057.0108203888,854.5975874102797,False,357946.4976553079,1430.6448697624735,False,False,0.3091622482876731,20.71629567672357,False,False
2MASS J03330296-2744494,53.26231935002,-27.74707839969,2025082600428,-1,g,20250826,g_6,0.7114276060746939,53.26235358946989,-27.74727368142005,745715231735941389,745715231735940352,618.3241789298335,2992.854946832081,0.011247049,0.013577139,53.26235358946989,-27.74727368142005,7.335515e-07,6.4986546e-07,152683.9435059557,391.0791291958776,141770.02481616873,301.88754561857496,False,154601.98284674642,341.92163680330844,False,163592.0874504534,409.45676374394606,False,170201.7961150486,526.3872208272975,False,172862.62898546757,684.2062748947602,False,0.6636523551310993,9.794225633585103,153716.4126265247,345.8975654511865,0.0,0.0009845860001752,False,322544.96875,713.3485717773438,False,341300.9572248459,854.2466056026174,False,360642.0191869736,1427.4544704465195,False,False,1.384572980275519,20.43362020813589,False,False
2MASS J03330296-2744494,53.26231935002,-27.74707839969,2025082600429,-1,g,20250826,g_6,0.6969565623760596,53.26235845446669,-27.74726888036352,745715231870158662,745715231870157655,217.78429179205105,2481.139428846805,0.013501806,0.014866183,53.26235845446669,-27.74726888036352,8.146388e-07,7.633938e-07,152447.98210904145,405.5652956014116,137709.6222315345,304.43539514862266,False,154288.46117775812,348.8884195411214,False,165725.83173385018,420.2700232560375,False,174243.7286896881,541.9491634868821,False,176837.81323347898,704.9711669199165,False,0.3180143873555495,10.082509139228405,157543.2414441729,363.0543333623658,0.0,0.0648804481466547,False,313438.125,708.7693481445312,False,336673.2260222435,853.7815924634324,False,359247.2968224287,1432.1540253348153,False,False,0.6460485284178625,20.482690252864405,False,False
2MASS J03330296-2744494,53.26231935002,-27.74707839969,2025082600441,-1,i,20250826,i_39,0.714608317964258,53.26235213220165,-27.74727477035388,745715233454557691,745715233454556466,410.5956115461856,2969.8084406999533,0.0041791624,0.0041904906,53.26235213220165,-27.74727477035388,2.323789e-07,2.3286447e-07,1239091.921000231,1074.620168036847,1187794.1516999153,926.6340692752711,False,1244613.179531855,994.2416138720014,False,1280195.6029006257,1110.5132738682714,False,1305795.96628662,1325.7366880373372,False,1313564.5066137635,1636.2393913830767,False,2.1863881822647886,21.803702566340995,1247834.3122433997,1067.5644577955354,0.0,1.2767659836820933e-05,False,2070716.25,1654.162353515625,False,2129916.251651764,1847.608493833143,False,2185433.525853753,2722.281550884323,False,False,3.63758765556908,36.27575374966808,False,False
2MASS J03330296-2744494,53.26231935002,-27.74707839969,2025082600442,-1,i,20250826,i_39,0.7034005116467869,53.26235115091891,-27.74727175113492,745715233588250870,745715233588248820,2567.0348349913843,431.8019783937736,0.0037995884,0.003957737,53.26235115091891,-27.74727175113492,2.1160743e-07,2.1957358e-07,1235262.3853412,1065.9108841511372,1194217.232352483,927.6889190928476,False,1239277.037034782,989.628819751214,False,1269065.1374725704,1100.71593139051,False,1292288.4804710746,1311.6215420906003,False,1298031.7407620891,1613.33368492801,False,3.090271956752158,22.013418059673427,1244990.665050439,1090.6252068542235,0.0,0.0014008435994256,False,2086001.625,1665.7835693359375,False,2136142.1698999256,1852.7699238564596,False,2184899.9373134524,2715.629022288268,False,False,5.201671725396462,37.0538826041318,False,False
2MASS J03330296-2744494,53.26231935002,-27.74707839969,2025082600443,-1,i,20250826,i_39,0.7087051219775738,53.26235231568917,-27.74727308836094,745715233722468986,745715233722467658,3796.138382116576,2882.2058571686443,0.003944602,0.004399593,53.26235231568917,-27.74727308836094,2.2028351e-07,2.4362254e-07,1230462.3020289848,1065.761374829124,1175465.3473364215,918.9184006377836,False,1234385.0477160362,986.0182823336304,False,1270592.1287983733,1099.6644739994151,False,1294585.822825145,1310.196796789691,False,1300521.7374655923,1613.0446736609763,False,2.109274257374911,21.4310134690556,1242257.0584247848,1084.5046257546933,0.0,0.0009575269202565,False,2069805.25,1653.34619140625,False,2130516.943365097,1843.907057796832,False,2180702.629966274,2704.7381529819645,False,False,3.536811256489529,35.93532202382633,False,False
2MASS J03330296-2744494,53.26231935002,-27.74707839969,2025082600444,-1,i,20250826,i_39,0.705531586073099,53.262357145083485,-27.74727150513563,745715233856687010,745715233856685891,4009.352284807992,3865.596792355881,0.0043142536,0.004151223,53.262357145083485,-27.74727150513563,2.3959785e-07,2.3102758e-07,1230879.019676434,1064.2556401134293,1176663.8464451972,919.0425374412512,False,1235629.7166864655,986.130226820834,False,1271091.885828301,1100.536319570748,False,1294939.9621115413,1310.007056635846,False,1302583.1015625563,1612.0568763871163,False,1.5366295404183283,21.39887583649137,1228501.713321805,1060.6097933761207,0.0,0.0421592232989034,False,2073714.5,1654.9881591796875,False,2133229.428588867,1846.9919368648443,False,2186080.043792486,2705.4591470600944,False,False,2.578872065038226,35.912991170874975,False,False
2MASS J03330296-2744494,53.26231935002,-27.74707839969,2025082600445,-1,i,20250826,i_39,0.6995752294208805,53.262352695840974,-27.74727047219497,745715233991428526,745715233991426448,428.3365632612039,655.1293240610257,0.0034864214,0.004195478,53.262352695840974,-27.74727047219497,1.9482896e-07,2.3228488e-07,1233945.8513749184,1060.9573918802043,1193034.3298623571,923.4557541042152,False,1238959.639081799,985.2426333803656,False,1270476.4650729056,1096.2980702163056,False,1293689.2213207977,1303.351060935104,False,1302750.2716854375,1603.0118170396054,False,4.442271278284837,21.438346009502872,1264979.427481489,1103.2718051595914,0.0,0.0021978715474002,False,2087403.625,1659.9403076171875,False,2140503.2859954834,1847.0469042445816,False,2194878.3106455803,2700.7600346740505,False,False,7.48435451569455,36.11940192612364,False,False
2MASS J03330296-2744494,53.26231935002,-27.74707839969,2025082600446,-1,i,20250826,i_39,0.9562349972319956,53.2624338719393,-27.746832875898807,745715234125647014,745715234125646068,708.0,3993.0,,,53.2624338719393,-27.746832875898807,,,,,29488.364790778956,363.4779557790198,True,,,True,,,True,,,True,,,True,2.6321322229366086,20.941229416379223,27766.744649104687,272.8858759958956,,,True,,,True,,,True,,,True,True,4.430167582581602,35.2463887989421,True,False
2MASS J03330296-2744494,53.26231935002,-27.74707839969,2025090600253,-1,z,20250906,z_20,0.706968494152073,53.26235000361007,-27.74727289696283,745763586731672153,0,2336.386708605085,3596.838833604511,0.008183139,0.0087896185,53.26235000361007,-27.74727289696283,4.718445e-07,4.7202036e-07,1917384.0379023224,2739.629020109939,1637587.4934044995,1818.352607507288,False,1913493.3892685089,2216.0767255017577,False,2076241.6249285813,2864.1094894731978,False,2150606.871547508,3923.6623604617744,False,2174485.60413765,5305.653576065351,False,-3.137072369653816,80.93682787767568,1915428.1064812676,2064.773618687896,0.0,0.0161506266383394,False,2014793.875,2333.39599609375,False,2186158.014648437,3015.735663934517,False,2289603.037597656,5586.535280383078,False,False,-3.30314921977675,85.22162970848261,False,False
2MASS J03330296-2744494,53.26231935002,-27.74707839969,2025090600254,-1,z,20250906,z_20,0.7023271161966679,53.26235044740108,-27.7472715395674,745763586866938815,745763586866937893,993.604574291152,150.12578455430648,0.006312573,0.00679931,53.26235044740108,-27.7472715395674,3.6383213e-07,3.6545842e-07,1904724.8373632107,2498.9888663933284,1749636.1027241528,1759.0338664320266,False,1907982.7494479748,2095.6585866556675,False,1995129.9942734377,2679.910307084297,False,2043579.221954577,3660.180427390831,False,2061569.4386720248,4945.073673672252,False,3.4617788200478805,75.7607562301657,1906805.7086620887,1882.369866808397,0.0,1.6841464327566058e-05,False,2141697.25,2352.362060546875,False,2239519.420898437,3008.180517664369,False,2314097.2311019897,5550.81050445317,False,False,3.885822437938636,85.04091733691563,False,False
2MASS J03330296-2744494,53.26231935002,-27.74707839969,2025090600255,-1,z,20250906,z_20,0.7044494196482904,53.262350321177045,-27.74727215086931,745763587000631647,0,2045.909462752272,2088.8905499159005,0.00925435,0.010003305,53.262350321177045,-27.74727215086931,5.3291825e-07,5.381567e-07,1896943.7556070264,2869.853945607465,1593240.054207557,1858.785400739746,False,1913914.7221524904,2283.9859008411554,False,2129020.455911388,2961.065759091623,False,2240870.668009835,4072.179928860649,False,2280699.2156842663,5504.752224149298,False,-2.46068682205138,84.21362069978015,1902904.8871641643,2138.4684161214823,0.0,0.0400156386774915,False,1922926.75,2294.740478515625,False,2139045.349609375,2975.008494768597,False,2291438.3173828125,5530.672386507358,False,False,-2.472273429285054,84.61015638974679,False,False
2MASS J03330296-2744494,53.26231935002,-27.74707839969,2025090600256,-1,z,20250906,z_20,0.716620343200816,53.26235026538572,-27.747275571622637,745763587133277295,745763587133276774,3569.708708791354,2842.061494173417,0.0061776927,0.0066566737,53.26235026538572,-27.747275571622637,3.542382e-07,3.5947937e-07,1904548.881037,2578.0744051070915,1726575.3359774237,1782.988215195033,False,1907426.0494996205,2134.3035514814646,False,2025171.2863623104,2739.6538516921,False,2084064.265264861,3743.709334737544,False,2103047.150755416,5057.950753653154,False,2.7904085573559216,76.2317635082436,1904818.5161442093,1938.5731498681116,0.0,0.0001878814035992,False,2086482.25,2334.657470703125,False,2215280.609863281,2996.833944990556,False,2300466.931399703,5532.756812060896,False,False,3.052353157648535,83.38788362876433,False,False
2MASS J03330296-2744494,53.26231935002,-27.74707839969,2025090600257,-1,z,20250906,z_20,0.7026161604880349,53.2623501385358,-27.747271659405527,745763587289514566,0,2600.2699480303445,2716.0031857407707,0.006310431,0.0063842875,53.2623501385358,-27.747271659405527,3.523674e-07,3.5324288e-07,1907438.9783341447,2590.5630970638617,1736388.707694122,1797.0586197626412,False,1910702.489435,2150.813524351459,False,2018644.5591973572,2760.1225376593084,False,2074008.127003219,3775.942645081313,False,2098511.9250182724,5103.130334852377,False,1.9238050938595883,78.26955435447428,1912013.36942672,1947.5995783806643,0.0,0.0006394326157046,False,2085134.5,2347.165771484375,False,2202930.826171875,3012.09987390701,False,2290089.4501953125,5569.005733772679,False,False,2.0994332684773687,85.41494501972362,False,False
2MASS J03330296-2744494,53.26231935002,-27.74707839969,2025090600258,-1,z,20250906,z_20,0.7089168727779643,53.26234914476907,-27.74727354761547,745763587423732768,745763587423731889,1595.8950010631554,675.7545687130208,0.0061089746,0.006067574,53.26234914476907,-27.74727354761547,3.3890856e-07,3.3793143e-07,1906863.673567409,2547.9882377863064,1749614.4445136385,1782.39688497614,False,1913034.6348377108,2126.4696847765954,False,2013760.0517085828,2723.780519281313,False,2067277.559696545,3722.383583777282,False,2081422.458840706,5029.706523089464,False,3.0831831988660223,77.19677234179223,1902404.3121840004,1919.0657975799645,0.0,0.0005373724166819,False,2106782.25,2341.83349609375,False,2217708.8984375,2999.638556676975,False,2292223.993847847,5539.103282598454,False,False,3.3954406880982577,85.01507853817598,False,False
2MASS J03330296-2744494,53.26231935002,-27.74707839969,2025090600259,-1,z,20250906,z_20,0.708358367933591,53.26235448324143,-27.74727269367106,745763587536454718,745763587536454378,1863.3961408624425,3936.051939683713,0.007393655,0.0070352973,53.26235448324143,-27.74727269367106,4.0516014e-07,3.968732e-07,1920646.1651235912,2717.4766519836694,1703980.8630801628,1834.9359833210065,False,1925042.5617625269,2213.405082448772,False,2081802.8039259333,2853.135955591139,False,2164653.879424196,3906.839210725253,False,2188359.174923385,5277.693184946797,False,1.0349635548709215,81.11431510727948,1886075.2740672803,2008.543710696175,0.0,6.388988125438644e-06,False,2011996.25,2313.384033203125,False,2175837.312866211,2982.0113889501035,False,2287206.8083355427,5516.085258416969,False,False,1.081712598281679,84.77822831498372,False,False
2MASS J03330296-2744494,53.26231935002,-27.74707839969,2025090600260,-1,z,20250906,z_20,0.7025359716611378,53.26234971108282,-27.74727168987668,745763587666478152,745763587666477561,3747.2409146526343,2297.773991291632,0.0066993376,0.006034648,53.26234971108282,-27.74727168987668,3.628256e-07,3.4539417e-07,1904005.451617986,2626.4943833789694,1717488.9266890688,1802.146075186533,False,1910820.479574082,2160.7933258842227,False,2045638.8107032983,2779.148801042392,False,2124646.6130541046,3796.435932467547,False,2151518.2343858304,5125.445922223689,False,2.981485153905452,78.43759170540709,1936587.4534376408,2006.6702130731735,0.0,0.0015146313053331,False,2048648.625,2316.652099609375,False,2193191.44921875,2979.609770141758,False,2306707.9925370216,5495.146118287313,False,False,3.1965407144724463,84.09532246138127,False,False
2MASS J03330296-2744494,53.26231935002,-27.74707839969,2025090600262,-1,z,20250906,z_20,0.7035186574570127,53.26235088592479,-27.74727181828493,745763587960603802,745763587960603133,133.28444041601284,2044.9019576968133,0.006523553,0.0058824318,53.26235088592479,-27.74727181828493,3.5548618e-07,3.347089e-07,1904975.0637145024,2583.6639818620697,1732085.000095177,1790.3860338816642,False,1912004.9867509676,2141.2694944810946,False,2028055.758313251,2746.22303305466,False,2093403.2387480317,3753.2268855288553,False,2109134.0536668613,5068.546365924352,False,2.361046722273209,76.67640434620553,1921284.272206158,1965.0625247586584,0.0,0.0012834713338178,False,2072075.25,2320.533447265625,False,2197841.6225585938,2976.1328119975487,False,2285707.67430979,5492.877660406019,False,False,2.558710103381725,83.09564086166185,False,False
2MASS J03330296-2744494,53.26231935002,-27.74707839969,2025090600263,-1,z,20250906,z_20,0.7044696661968881,53.26235068996909,-27.747272110096876,745763588095345645,745763588095344700,2217.493513337248,229.8422948695097,0.0065809796,0.0057179504,53.26235068996909,-27.747272110096876,3.5759405e-07,3.269748e-07,1910659.277361996,2557.816950018212,1733457.3620293236,1776.5681223697106,False,1911000.3099887464,2123.1656936788368,False,2022229.7131789543,2720.7037575114946,False,2079858.3801554276,3714.8832130928063,False,2101380.908411414,5020.635748215653,False,2.471197360632161,76.05447450566555,1918141.5696488176,1944.4789814482576,0.0,0.0002318899587503,False,2081232.5,2312.297607421875,False,2202370.234863281,2963.0644502817413,False,2288572.230263591,5467.874722589536,False,False,2.6913319866976693,82.82941833355575,False,False
2MASS J03330296-2744494,53.26231935002,-27.74707839969,2025090600264,-1,z,20250906,z_20,0.6966964700458994,53.26234925311832,-27.74727010844924,745763588208592091,745763588208591749,1147.9277180345496,3927.914113806508,0.0060685943,0.004930976,53.26234925311832,-27.74727010844924,3.2828876e-07,2.8478627e-07,1909509.6412485936,2483.3521101484084,1774332.1840328225,1763.20891839283,False,1913457.8755460165,2089.991689741004,False,2000316.4318785644,2659.252117170525,False,2047535.12758177,3632.026753872589,False,2059393.9820223437,4903.599991614342,False,1.804408023680327,75.04630111423427,1908931.3736975607,1886.4283301754956,0.0,0.0033342881282075,False,2121818.25,2317.5751953125,False,2218135.013671875,2948.823564748428,False,2283645.6400945187,5437.563108065893,False,False,2.000893734856237,83.21824762081009,False,False
2MASS J03330296-2744494,53.26231935002,-27.74707839969,2025090600265,-1,z,20250906,z_20,0.6994308403683159,53.26235422915399,-27.7472702181598,745763588343858431,745763588343858041,2653.633919298759,3774.731920968784,0.006451999,0.0047943746,53.26235422915399,-27.7472702181598,3.4823216e-07,2.7990032e-07,1904168.357093677,2464.628870478761,1757102.0652711217,1741.542190950847,False,1903537.534835408,2067.494911928017,False,1991151.2571347237,2638.8348728537726,False,2036105.510527022,3598.1739813801355,False,2050231.7583496843,4856.5513211768975,False,0.4317291759666093,75.33412724511072,1932175.1504480564,1893.9026042410665,0.0,0.0076259117238666,False,2120056.75,2302.66357421875,False,2217636.156738281,2938.991000675365,False,2283436.8110999465,5408.963165558367,False,False,0.480836514610199,83.90306051157833,False,False
2MASS J03330296-2744494,53.26231935002,-27.74707839969,2025090600267,-1,z,20250906,z_20,0.7131236955240602,53.26234822192405,-27.74727483469942,745763588631692473,745763588631692138,1835.6780884911204,3851.574085934137,0.0061257123,0.0051660864,53.26234822192405,-27.74727483469942,3.3615888e-07,2.921808e-07,1906924.63086355,2503.731157345176,1761756.272107984,1764.814039481298,False,1911210.146907008,2097.079675852666,False,2010450.2055332952,2682.713130450386,False,2059272.2399983336,3661.0946908408937,False,2077563.7628660095,4938.856061005611,False,4.2757734496235456,76.3667443764565,1913166.4677629017,1901.907998770121,0.0,1.3416638189323038e-07,False,2121931.75,2328.29443359375,False,2232113.5798797607,2978.4972504761104,False,2306626.7820988894,5483.392551827874,False,False,4.747201375655253,84.78660486330155,False,False
2MASS J03330296-2744494,53.26231935002,-27.74707839969,2025090600269,-1,z,20250906,z_20,0.7018845320186172,53.26234990780189,-27.74727148287463,745763588900127708,745763588900126751,3216.247731236117,120.17535938487984,0.0063595586,0.0051286523,53.26234990780189,-27.74727148287463,3.5028387e-07,2.8893584e-07,1905461.5477429223,2491.0645350088503,1754390.6963955944,1756.9460114982016,False,1910085.601389336,2087.645630551107,False,2007419.8265223063,2664.3898212314625,False,2056260.256466289,3631.731895189628,False,2072448.4018049052,4897.946941428083,False,3.925795320000833,74.81241870746437,1910907.9069609852,1901.1973103928356,0.0,1.7010487153079623e-05,False,2118873.5,2315.84228515625,False,2226847.1479492188,2955.6293088491534,False,2298983.875648141,5433.3323967519,False,False,4.354916692698663,82.99002482132187,False,False
2MASS J03330296-2744494,53.26231935002,-27.74707839969,2025090600270,-1,z,20250906,z_20,0.7014832644514001,53.262349931624726,-27.74727136736683,745763589018617005,745763589018616016,611.6583917190635,714.8052763936755,0.005657684,0.004487536,53.262349931624726,-27.74727136736683,3.1236132e-07,2.5187398e-07,1908414.8951754607,2415.959450741693,1793337.6604968137,1735.8564999251028,False,1910654.3923175556,2046.12235059764,False,1980234.2272433168,2600.9262333335537,False,2016529.1524272065,3537.896867685433,False,2026108.4362622525,4772.508001925721,False,4.763322860192004,71.23205814463257,1956357.132790208,1875.734574227843,0.0,0.0084875095968468,False,2168727.25,2322.492919921875,False,2247705.2612304688,2952.234386370824,False,2299775.7181229293,5417.132578364871,False,False,5.406706795840768,80.85340090442357,False,False
2MASS J03330296-2744494,53.26231935002,-27.74707839969,2025090600271,-1,r,20250906,r_57,0.7144773168999214,53.26235313240262,-27.747274600723447,745763589169611067,0,212.7208795719624,2636.078884737543,0.014624624,0.012287855,53.26235313240262,-27.747274600723447,8.1080015e-07,6.8575343e-07,467983.127615642,1928.214406609956,425355.2529828263,1172.4908058388887,False,469953.6092889939,1513.7915796410057,False,500686.3243724498,2097.844716389452,False,517749.1232455328,3031.850637339476,False,526758.7869518136,4212.256797634858,False,0.3178889802765589,67.49630074406475,474660.8537576363,1128.3541741281504,0.0,0.0022184664095055,False,855048.75,2754.2412109375,False,910964.8427734376,3816.886320240704,False,958401.921875,7663.915838301103,False,False,0.5783774607784719,122.80494593530564,False,False
2MASS J03330296-2744494,53.26231935002,-27.74707839969,2025090600273,-1,r,20250906,r_57,0.7036518957805866,53.26235809986243,-27.74727082652296,745763589437522316,0,453.58906023213,2661.190991275507,0.011452068,0.0095565645,53.26235809986243,-27.74727082652296,6.325997e-07,5.3604407e-07,470262.3851430235,1811.617576804157,446202.3318417901,1133.787716654775,False,473482.7698757063,1454.4351567820684,False,491691.5358325472,2010.8307037116772,False,504395.9208529909,2903.481800880824,False,511062.4595674624,4035.557413480112,False,1.0148611690987797,63.9573003684572,484084.3353267872,999.0813825475592,0.0,0.0066901336630461,False,896870.3125,2754.98876953125,False,931361.328125,3808.9123329575664,False,968053.701171875,7644.146458570644,False,False,1.9223484185341604,121.14781702230154,False,False
2MASS J03330296-2744494,53.26231935002,-27.74707839969,2025090600274,-1,r,20250906,r_57,0.7061959941748336,53.26234960224066,-27.74727272957021,745763589556011407,0,3215.211321857408,2511.27874167087,0.011174628,0.009269594,53.26234960224066,-27.74727272957021,6.149767e-07,5.2204217e-07,467586.47459062,1798.7714045469215,447407.083114572,1126.3930393043695,False,471631.3866638592,1444.9640513063036,False,489247.5556097,2000.5109507322325,False,504243.0852108592,2886.3942337534554,False,507833.9113239531,4007.9972131311456,False,0.5705243805446171,63.43009385833246,482185.5176998964,980.6795261670572,0.0,0.0020026627643646,False,897807.0625,2750.662841796875,False,931341.55859375,3808.213174446941,False,966722.921875,7629.704693496396,False,False,1.0860617691385,120.7468117079254,False,False
2MASS J03330296-2744494,53.26231935002,-27.74707839969,2025090600275,-1,r,20250906,r_57,0.70128997777389,53.26235170665134,-27.747271086226966,745763589713297462,0,119.65743383427484,306.804999536049,0.012775979,0.008783017,53.26235170665134,-27.747271086226966,6.954211e-07,5.0909324e-07,468611.9745269115,1803.3801094321675,446917.02218162135,1128.343494486866,False,474012.3538700148,1447.5018123008274,False,494756.6936969581,2003.0619731081492,False,509842.3417389291,2890.4422326115364,False,511081.8015819848,4015.6327391859977,False,0.7912749529964477,64.72459517883175,477425.6657100772,986.0026430070178,0.0,0.0023837340805256,False,900167.4375,2748.86083984375,False,939561.7255859376,3803.8906555184553,False,970563.724609375,7625.838869519024,False,False,1.502661145814923,122.91446100438743,False,False
2MASS J03330296-2744494,53.26231935002,-27.74707839969,2025090600276,-1,r,20250906,r_57,0.7136918551919897,53.2623564884553,-27.747273903823068,745763589840175726,0,3838.618636485468,3779.642532108029,0.010965273,0.009030603,53.2623564884553,-27.747273903823068,6.0035666e-07,5.130567e-07,472843.28639228985,1786.501306145293,449259.6574837929,1121.2579997738433,False,474152.32480084815,1437.017813198015,False,487460.2756416447,1990.9983010735368,False,502474.5367480511,2871.798688141001,False,509846.7490696785,3986.501368271965,False,2.6483145155111085,63.83558042195247,479506.9867117984,966.9140828609908,0.0,0.0021648102530062,False,908398.9375,2753.093017578125,False,933894.8125,3814.429765833494,False,976783.6640625,7637.4899328007505,False,False,5.073741003097608,122.29861670372158,False,False
2MASS J03330296-2744494,53.26231935002,-27.74707839969,2025090600277,-1,r,20250906,r_57,0.7059919124026656,53.26235256137073,-27.747272293407665,745763589957092101,745763589957091881,262.98671718926084,3816.5259633921073,0.011638235,0.010219573,53.26235256137073,-27.747272293407665,6.3796415e-07,5.775419e-07,468775.8798671905,1827.069819057908,441679.3761932292,1134.1380424285355,False,472155.8467440928,1456.7185213414766,False,492766.4808469939,2015.5363372453744,False,510391.68201906496,2906.4475003041703,False,509777.0035643792,4037.7393737223297,False,0.3846600264081871,64.61619914587027,474510.15086456615,1005.6172771182167,0.0,0.0018917813002105,False,884854.4375,2729.99658203125,False,923480.2666015624,3777.261860151643,False,955359.2248194218,7567.017600108484,False,False,0.7208808990575312,121.09546232008478,False,False
2MASS J03330296-2744494,53.26231935002,-27.74707839969,2025090600278,-1,r,20250906,r_57,0.7112747861246438,53.26235538563936,-27.74727338510584,745763590092882597,745763590092882220,2841.630828736493,2222.0222426187497,0.015411459,0.013748046,53.26235538563936,-27.74727338510584,8.4373494e-07,7.7770176e-07,469933.4087282385,1976.031791915874,423591.8177812057,1188.5783379201048,False,471872.09972866863,1534.9101838338393,False,506988.8511112816,2130.9439910677497,False,531538.5195698837,3075.142313259977,False,544360.6297754957,4271.943067440747,False,1.549741287711068,66.53333354691429,482426.56035463815,1167.6663121098422,0.0,0.0119598688642831,False,836128.3125,2719.766357421875,False,898353.0341796875,3775.901572286247,False,964573.5253839792,7569.620136747183,False,False,2.746046160496713,117.89297128516212,False,False
2MASS J03330296-2744494,53.26231935002,-27.74707839969,2025090600280,-1,r,20250906,r_57,0.688683964832776,53.26235486938172,-27.74726710038261,745763590356599202,0,2277.3777959111194,2973.9793813839747,0.013900513,0.012892976,53.26235486938172,-27.74726710038261,7.6248756e-07,7.274608e-07,469892.49582074455,1869.8213253575836,429623.399137161,1145.4735495945108,False,472507.6839461037,1475.174980137435,False,500755.507724447,2043.872564101637,False,516524.8724238991,2945.735778110286,False,523694.27393548354,4092.248898870294,False,0.1295138622576785,63.89174457111274,481374.0135787266,1100.1198010751598,0.0,0.0098341938034292,False,868187.4375,2710.4921875,False,920090.09765625,3755.419317596447,False,962237.875,7519.113880754687,False,False,0.2379692691030343,117.39493743963337,False,False
2MASS J03330296-2744494,53.26231935002,-27.74707839969,2025090600282,-1,r,20250906,r_57,0.7081328355018204,53.26235231814109,-27.74727292729053,745763590650200276,0,182.3408117272373,1677.0135768752673,0.012632925,0.010578809,53.26235231814109,-27.74727292729053,6.750074e-07,6.1892274e-07,465482.0183973724,1808.2581719236573,437237.37263974856,1122.0081801355652,False,469591.4550442916,1440.4407914225876,False,492696.5305462697,1994.26500411146,False,510059.0222617116,2876.3425266703,False,519618.4071043373,3990.807211155128,False,1.3612149760837142,62.94405617577038,484019.4850181017,1039.9708398119003,0.0,0.0127179912153416,False,885567.125,2716.418701171875,False,929139.2451171876,3760.834033942388,False,979909.1826171876,7525.962473228092,False,False,2.567012708448244,118.70145051544432,False,False
2MASS J03330296-2744494,53.26231935002,-27.74707839969,2025090600284,-1,r,20250906,r_57,0.7106675109026392,53.26235259239392,-27.747273602787693,745763590913916986,0,3402.860340711989,344.2673933537872,0.010215362,0.008605971,53.26235259239392,-27.747273602787693,5.4187825e-07,5.0771365e-07,471223.1068409863,1755.4424775451455,452520.8534232618,1104.810388662,False,475492.8865002644,1413.4923276155098,False,491887.0678045037,1952.0609739696072,False,505238.60574447305,2816.792575419816,False,513815.606962236,3909.343384609948,False,3.280689663061317,62.27663649524651,481412.8608289619,944.09916465709,0.0,0.0008988831598941,False,913949.125,2716.88623046875,False,945460.52734375,3752.0738369766927,False,987609.568359375,7514.183844024371,False,False,6.305842909702012,119.70247936136468,False,False
2MASS J03330296-2744494,53.26231935002,-27.74707839969,2025090600285,-1,r,20250906,r_57,0.7158136335268899,53.2623522718312,-27.74727509052647,745763591028212556,745763591028212118,3879.088566336492,2420.8597949142563,0.009266599,0.008871762,53.2623522718312,-27.74727509052647,5.076371e-07,5.0070577e-07,470830.2782544038,1737.6525266839735,451287.2191503664,1097.8148590977669,False,473016.1668666181,1403.924178265507,False,485311.04406937497,1934.946335845555,False,500168.5744615941,2796.183063108596,False,505010.45707015856,3881.3142306057457,False,2.5320337398134933,60.69781594174526,494050.0850979394,958.9937374598644,0.0,0.0039714382648005,False,909236.9375,2698.638671875,False,932870.2872200012,3719.3753699483095,False,970736.718014598,7460.705387488923,False,False,4.867103419498717,116.67401696943128,False,False
2MASS J03330296-2744494,53.26231935002,-27.74707839969,2025110300325,-1,y,20251103,y_10,0.7138673824679722,53.26234918824029,-27.747274930000398,746018683117109442,0,1803.0503554500283,989.7757906728428,0.005877496,0.005379049,53.26234918824029,-27.747274930000398,3.1659408e-07,3.0967908e-07,2354608.586277098,4819.185827944736,2255965.9929763298,3327.08476301011,False,2358751.5193000943,4013.773031752556,False,2436408.0704789325,5254.605102790804,False,2490538.794757569,7326.546153042716,False,2527508.746817236,9998.183580718964,False,20.99912388079478,157.8435945319604,2354576.484905073,3225.188015919447,0.0,0.0001662951953788,False,1115846.0,1898.781005859375,False,1152582.7021484375,2485.7769195071965,False,1195679.3676757812,4729.804332726557,False,False,9.933979138608962,74.67049502372856,False,False
2MASS J03330296-2744494,53.26231935002,-27.74707839969,2025110300326,-1,y,20251103,y_10,0.7214898486116292,53.26234695444053,-27.74727731895789,746018683251328076,746018683251327557,2019.451984147172,2951.2997368138917,0.005989168,0.0051162858,53.26234695444053,-27.74727731895789,3.1822972e-07,3.006819e-07,2356605.448958333,4852.95391623613,2252343.75703956,3337.5205413867725,False,2358427.342098055,4029.9548125179017,False,2433020.8889021915,5285.042513980159,False,2497247.252721978,7374.302912472363,False,2530365.1043788427,10064.8400065919,False,24.27958785422001,159.69163652764735,2356175.8681024923,3259.810333515581,0.0,0.0003331368378651,False,1114651.625,1904.6572265625,False,1149906.3969726562,2497.842999547935,False,1195913.7027855515,4756.89459177167,False,False,11.475139205247311,75.47425310804884,False,False
2MASS J03330296-2744494,53.26231935002,-27.74707839969,2025110400326,-1,r,20251104,r_57,0.7030346642116864,53.26235060525071,-27.747271718154384,746023081298887783,746023081298887168,65.11223794056255,2359.856934395017,0.006414041,0.006422253,53.26235060525071,-27.747271718154384,3.5690985e-07,3.5667736e-07,473921.3287561075,1436.7617913913523,456556.2658471322,934.3784543865808,False,472413.63670264144,1175.7291967676042,False,482054.1122911966,1602.424995585696,False,481016.9859840181,2295.226326260528,False,480173.10290478735,3173.476046091921,False,-1.133955040174644,49.62409595169038,484569.6697496473,790.5288108615673,0.0,0.0024978401415759,False,963523.5,2397.989013671875,False,983185.9823228716,3268.26751024984,False,979349.5207842588,6472.5454761190895,False,False,-2.3127874478344936,101.21211349748744,False,False
2MASS J03330296-2744494,53.26231935002,-27.74707839969,2025110400327,-1,r,20251104,r_57,0.7115794316002833,53.26235165625376,-27.7472739818636,746023081432581378,746023081432580978,1328.4184453223982,3421.2321737609223,0.0042728973,0.0049091913,53.26235165625376,-27.7472739818636,2.5901178e-07,2.5264842e-07,471048.7953337775,1402.288351561372,461146.5909096427,917.9986570595936,False,471027.3967125219,1151.6965677824262,False,477802.7303178903,1569.3095921533068,False,479916.5416148215,2245.3152869613914,False,483039.5684676456,3108.1279252485365,False,4.389166490341107,47.930226028479005,496471.9747779106,748.6203122143987,0.0,7.58689052736683e-05,False,981768.3125,2400.49560546875,False,995890.2253373264,3270.9316715578148,False,1006805.4327944816,6478.310029316095,False,False,9.14839478250922,99.901571446051,False,False
2MASS J03330296-2744494,53.26231935002,-27.74707839969,2025110400329,-1,z,20251104,z_20,0.7053816338243264,53.26235100803,-27.74727232554172,746023081721464204,746023081721463494,2770.235897977177,2663.697552881206,0.0041736052,0.004388552,53.26235100803,-27.74727232554172,2.3576557e-07,2.4028125e-07,1909049.427906436,2352.987703180706,1785307.9178014568,1700.5832888582984,False,1912783.4654237672,1989.66235247613,False,2003340.4517159637,2505.5233857167077,False,2060849.274349067,3381.135761859079,False,2073643.956913221,4531.717621272172,False,11.26388974618568,72.67793058351235,1939016.7214579189,1898.207213429092,0.0,0.0003004042563051,False,2124576.0,2209.96728515625,False,2225159.8889694214,2782.9469194795333,False,2303247.734540001,5033.491072550085,False,False,12.511081496666115,80.72517869302455,False,False
2MASS J03330296-2744494,53.26231935002,-27.74707839969,2025110400330,-1,z,20251104,z_20,0.717271102949727,53.26234995964584,-27.747275791443247,746023081856731049,746023081856729979,2154.2747580985456,2413.2638468378464,0.00266265,0.0025381197,53.26234995964584,-27.747275791443247,1.4624838e-07,1.4281936e-07,1917291.628419874,2204.6173389648984,1874431.711556659,1676.3804314042743,False,1916714.7529277569,1920.9850087800176,False,1945957.6842805096,2389.662076443705,False,1961581.022997368,3204.250421031622,False,1970731.882494226,4286.855699685079,False,25.46515084003165,69.30266330706586,1915049.66079279,1771.7555425100977,0.0,2.9461493319615784e-05,False,2257587.5,2262.6171875,False,2292031.058273077,2814.644810743361,False,2321211.15412426,5049.239500624621,False,False,29.99392900495759,81.62760064310811,False,False
2MASS J03330296-2744494,53.26231935002,-27.74707839969,2025110500320,-1,i,20251105,i_39,0.7142298175040894,53.262348557405545,-27.74727510575212,746027478560015787,746027478560014559,3565.5307294703257,601.5869094382621,0.0037978697,0.003815213,53.262348557405545,-27.74727510575212,2.1117705e-07,2.1206408e-07,1237421.482428996,1584.4403414159403,1186158.7744622186,1162.2117038274982,False,1235700.3548007342,1357.2177672583118,False,1266889.1576591358,1717.187380363364,False,1278684.7649335514,2335.1952273788497,False,1283525.1363617706,3139.297095891512,False,5.788072956151492,47.10531657437208,1277456.7599991737,1261.7628072957448,0.0,0.000900299251092,False,2044137.75,2245.156005859375,False,2095731.333389759,2840.630039788571,False,2123251.1378003806,5193.132523792164,False,False,9.574828058806617,77.92322423578335,False,False
2MASS J03330296-2744494,53.26231935002,-27.74707839969,2025110500321,-1,i,20251105,i_39,0.7048167180617491,53.262349875800645,-27.747272309235612,746027478673786215,746027478673785080,3372.2974905417195,763.1706610476566,0.004186668,0.0045794575,53.262349875800645,-27.747272309235612,2.3312424e-07,2.542548e-07,1234734.634700043,1607.7722055751028,1177663.4133112463,1167.5924498834113,False,1238498.9696628214,1368.3747618955615,False,1279858.546690202,1735.105014457737,False,1308230.305777354,2357.6866478707843,False,1318521.6344080132,3175.4551957900617,False,6.886208774652928,50.23982389228834,1273046.8720304067,1266.184034944932,0.0,0.003087382206295,False,2027788.125,2240.43310546875,False,2095505.9521484373,2840.8787008545,False,2158808.830931902,5199.156798043749,False,False,11.27475494252015,82.25741061262976,False,False
2MASS J03330296-2744494,53.26231935002,-27.74707839969,2025110500322,-1,g,20251105,g_6,0.7018755154188949,53.26234827270717,-27.747271677507843,746027478828450009,0,1091.1977062070744,2387.270447057142,0.025243696,0.026584445,53.26234827270717,-27.747271677507843,1.4079168e-06,1.4738362e-06,151700.85284785868,1435.3007386265058,137488.4784726452,846.1378626880614,False,152437.51409273973,1111.259937253168,False,162389.8930018681,1564.2860593918244,False,172026.3275255089,2280.859473507055,False,177827.93002350908,3180.5925480351957,False,0.8347598176494525,51.03561787714656,154121.67250130404,779.7168353979985,0.0,0.0066164068378045,False,318752.9375,2323.68896484375,False,339563.759765625,3270.984701430471,False,371845.3125,6650.746200571336,False,False,1.7455161583181462,106.71751774678656,False,False
2MASS J03330296-2744494,53.26231935002,-27.74707839969,2025110500323,-1,g,20251105,g_6,0.7093839173865267,53.26235495248572,-27.74727291535016,746027478937501810,0,2508.090330115515,1321.3426715994208,0.024704823,0.024643566,53.26235495248572,-27.74727291535016,1.3727736e-06,1.3701931e-06,152396.89166100638,1405.6755009766696,141960.60134874636,836.845496656141,False,154076.21624626956,1097.4971293526237,False,164215.05127218773,1545.9445435943996,False,170888.26739117023,2251.1900630627865,False,174546.5497906996,3138.8373090928144,False,1.2401196316710483,49.105888353640346,155214.89658835737,740.0007435830408,0.0,9.357879609128704e-05,False,326768.625,2327.598876953125,False,348271.3154296875,3278.6771712329446,False,370182.611328125,6656.923284977101,False,False,2.630076184042235,104.1449745304936,False,False
2MASS J03330296-2744494,53.26231935002,-27.74707839969,2025110800168,-1,z,20251108,z_20,0.716268517980105,53.26235055761998,-27.747275436876865,746040652275386373,746040652275385792,3755.519218978909,3638.112003389223,0.0028651096,0.0028537612,53.26235055761998,-27.747275436876865,1.5881783e-07,1.5912042e-07,1919986.2629121016,1947.7794987952484,1882531.9849218945,1550.0011420663186,False,1920094.8457134415,1734.1025813621163,False,1942250.682574017,2093.06214814348,False,1952343.014290921,2731.6720923259186,False,1954306.2257027663,3602.7703133160626,False,6.11584310205723,54.25742832406662,1928536.7673035795,1719.4339500568003,0.0,3.461526758063993e-05,False,2314839.0,2090.609375,False,2341549.7613756657,2523.3659164092123,False,2356083.7524766326,4343.448579076542,False,False,7.373173341998492,65.41198285316287,False,False
2MASS J03330296-2744494,53.26231935002,-27.74707839969,2025110800169,-1,z,20251108,z_20,0.7111674310308004,53.26234883697498,-27.74727421492921,746040652414846844,746040652414845946,1469.0236774797431,2814.0325223910795,0.003229621,0.0033528155,53.26234883697498,-27.74727421492921,1.8508905e-07,1.8087431e-07,1910388.1472592824,1958.35054553194,1862313.5676391672,1549.634100116136,False,1915402.5583751728,1741.449166468948,False,1948476.6304704149,2100.207166752485,False,1973328.3322944583,2754.732662796611,False,1982463.977841737,3640.035839429312,False,9.678926546782568,56.507239977814,1929923.3230159688,1732.0795149854314,0.0,0.0001597784476099,False,2291220.75,2083.13623046875,False,2330784.234939635,2512.285586505655,False,2371440.187493384,4354.241676026055,False,False,11.578013846095274,67.59443867101558,False,False
2MASS J03330296-2744494,53.26231935002,-27.74707839969,2025110800174,-1,r,20251108,r_57,0.7150350415439309,53.26235059516887,-27.747275086219847,746040653058149439,746040653058148382,974.783970794056,3554.696613787686,0.0036481838,0.0038809942,53.26235059516887,-27.747275086219847,2.0475687e-07,2.1387493e-07,470369.3786723501,698.0008918258417,463656.563651477,561.9062381112536,False,471031.9043346177,624.7439082914136,False,476926.3401421295,749.4628683914606,False,478854.9523111744,973.9129437939596,False,480589.2166097072,1278.0454233923924,False,3.522096688649506,19.5484865516892,476038.142921716,617.4646960630739,0.0,0.0005347713292696,False,1004999.9375,1332.9619140625,False,1017576.3841560184,1599.0639465408983,False,1025391.5461166204,2726.854717932358,False,False,7.514792351405411,41.70891097158187,False,False
2MASS J03330296-2744494,53.26231935002,-27.74707839969,2025110800175,-1,r,20251108,r_57,0.7088217668161748,53.26235330257345,-27.747272988258576,746040653216483979,746040653216481913,484.4289659350339,985.4944148391688,0.0040504923,0.0038419734,53.26235330257345,-27.747272988258576,2.2402884e-07,2.1485666e-07,470559.4777298748,700.5012293912896,463407.3126378377,562.6016306010719,False,470871.50955223147,626.3753823996484,False,476210.6797401759,752.7954544712246,False,478728.4378287688,980.9657806796162,False,480636.9115041189,1286.625326373319,False,2.6978621282025834,18.5146629379908,476666.5528391373,619.4485363827081,0.0,0.0001195366996469,False,1007006.1875,1339.56689453125,False,1018424.5411406532,1609.9289619269452,False,1027890.4839364664,2751.577953578481,False,False,5.76965010838177,39.59547298957049,False,False
2MASS J03330296-2744494,53.26231935002,-27.74707839969,2025110900380,-1,g,20251109,g_6,0.7171308022695512,53.26234793119911,-27.74727599021699,746045078798599551,746045078798598289,3812.259099752788,441.8198880354385,0.009228058,0.009556171,53.26234793119911,-27.74727599021699,5.2272105e-07,5.218126e-07,152649.595908737,583.6215929079144,146968.6776254853,399.2458666656936,False,152173.45540632732,486.6172060036093,False,154646.17299627926,644.9077655101157,False,154766.705994742,906.8594267642944,False,154446.4465914743,1242.8796072806758,False,-0.299750763369746,18.64915514830341,156680.47456956338,376.5577673269,0.0,0.0038613782005838,False,349207.125,1116.6875,False,354881.50886818767,1479.9321345672593,False,354423.17739754915,2852.1558718680926,False,False,-0.6878670265678409,42.79601745014458,False,False
2MASS J03330296-2744494,53.26231935002,-27.74707839969,2025110900381,-1,g,20251109,g_6,0.7202424881004797,53.262346238415375,-27.747277046798143,746045078933341465,746045078933340280,3987.279270177159,441.2777593380384,0.010888338,0.010680638,53.262346238415375,-27.747277046798143,6.0001537e-07,5.9927953e-07,153723.0756518713,588.4367565749812,146792.60359661633,400.9844273584668,False,153307.53778454644,489.6268096531254,False,156839.38637583144,649.3492378466884,False,157639.95427624506,913.1081611923512,False,156730.91969973556,1251.5743405629953,False,-0.2937032860572309,19.729863215349493,145923.22730283428,361.71076951254224,0.0,0.001339484214747,False,350088.59375,1118.097412109375,False,358153.81953425705,1482.8348613221058,False,357906.1282161921,2858.058430741099,False,False,-0.6706922039282438,45.05453657242032,False,False
2MASS J03330296-2744494,53.26231935002,-27.74707839969,2025110900382,-1,i,20251109,i_39,0.7110777923114213,53.26234861270361,-27.74727421616214,746045079041345787,746045079041344819,3068.5818388314133,3015.126580364268,0.0039539435,0.003736538,53.26234861270361,-27.74727421616214,2.1980536e-07,2.0775492e-07,1238137.3855797723,1230.1969826614754,1193364.081686088,994.89924494741,False,1241354.5522410253,1101.1026654702057,False,1273591.012578664,1299.1427775894742,False,1294291.7041272223,1655.266390401527,False,1299468.5557005813,2145.3650761657527,False,5.3642823594679125,32.34156279740249,1257768.9204235876,1142.0139895514817,0.0,0.0002299641635779,False,2113929.25,1875.09130859375,False,2168825.408636689,2212.338056451905,False,2212892.830973685,3653.3881301260208,False,False,9.13495130336984,55.07513986613749,False,False
2MASS J03330296-2744494,53.26231935002,-27.74707839969,2025110900383,-1,i,20251109,i_39,0.7164268355005835,53.26234985223339,-27.747275567762063,746045079202826396,746045079202824965,1842.032253466963,1697.5732301260748,0.0035397382,0.0035621852,53.26234985223339,-27.747275567762063,1.9675863e-07,1.9794619e-07,1239372.5375105345,1215.2293855405762,1201241.238880719,991.3547982577302,False,1239962.7814463887,1092.7608992252174,False,1264349.22863951,1286.1379225617425,False,1276944.479819809,1634.8201150689383,False,1281536.609455039,2117.201645084835,False,5.511425125673638,30.259191420140105,1236546.4281852113,1111.9727345872195,0.0,0.0001341264497856,False,2135176.0,1881.6990966796875,False,2177168.677160263,2214.6881067997792,False,2206764.7937286734,3645.7530882277615,False,False,9.490496674753729,52.10535369805574,False,False
2MASS J03330296-2744494,53.26231935002,-27.74707839969,2025111100196,-1,g,20251111,g_6,0.7142396423295779,53.26234818426482,-27.747275151617647,746053850196085472,746053850196084538,1417.305807194267,3597.9497200675555,0.008140231,0.00725276,53.26234818426482,-27.747275151617647,4.1384232e-07,4.4284553e-07,152467.8769303936,400.9873445883895,147167.20944334564,310.46525269718995,False,151742.31012595308,352.36262681165425,False,153347.79374839636,431.741510705305,False,153583.87796353397,571.2919738961665,False,153874.71371110622,757.8660476215217,False,0.0932622663102309,11.191239017009792,154321.2333660044,339.3730132831245,0.0,5.8887316943812e-06,False,348731.1875,809.7928466796875,False,352420.8783298135,992.2198337189662,False,353631.83540672064,1741.7128191445795,False,False,0.2143335029782539,25.719485018771028,False,False
2MASS J03330296-2744494,53.26231935002,-27.74707839969,2025111100215,-1,i,20251111,i_39,0.7091586595500835,53.26235074284103,-27.747273419129368,746053852724202529,746053852724201292,1006.2393872345988,3176.190077549129,0.002995646,0.0026831327,53.26235074284103,-27.747273419129368,1.6650823e-07,1.4920201e-07,1237991.5500868573,1104.329775349314,1212855.37226304,953.002169198146,False,1236849.203539,1020.6648414996648,False,1252610.4781320314,1155.1654770386938,False,1261454.8292361435,1408.380130933287,False,1264561.1189193109,1768.3194067575748,False,5.097307869039159,23.53742812778981,1243402.209930395,1100.5263760597968,0.0,3.7151899606402417e-05,False,2124738.0,1753.36279296875,False,2151813.717040062,1984.4165144217984,False,2172343.285666883,3037.7312197192227,False,False,8.756478717096106,40.43408672802442,False,False
2MASS J03330296-2744494,53.26231935002,-27.74707839969,2025111100216,-1,i,20251111,i_39,0.716153559673682,53.26234961184458,-27.74727552016572,746053852876245676,746053852876243069,652.4245419710011,210.90270197245744,0.0029779747,0.0026410795,53.26234961184458,-27.74727552016572,1.6549534e-07,1.4680926e-07,1238611.9529137118,1105.080741299838,1216570.8522563064,956.6783217091066,False,1239360.1481578532,1022.9920414895952,False,1256695.2088891077,1155.8642369794816,False,1264490.1202814025,1405.8574268295847,False,1267140.878755604,1764.488983476852,False,7.094289521407718,25.0020127897572,1240912.9212586435,1104.689446589526,0.0,0.0001001364107858,False,2149478.0,1774.2210693359375,False,2179542.9748387337,2004.6672890580464,False,2197659.3695014715,3060.232537622945,False,False,12.303945124072362,43.36211433551507,False,False
2MASS J03330296-2744494,53.26231935002,-27.74707839969,2025111500098,-1,u,20251115,u_24,0.7309075193400083,53.2623566165241,-27.747278732822167,746071429188944462,746071429188944260,2101.301005201108,3539.4220552161914,0.16676286,0.15863648,53.2623566165241,-27.747278732822167,9.029843e-06,9.066871e-06,16181.210965247585,749.4943554990865,14800.783303126977,468.7566988917076,False,16138.564584892987,600.4764336788751,False,16282.252001430774,830.3667836393548,False,17019.138676127466,1201.9143808023175,False,18058.605079034976,1665.3676478963107,False,0.3074786672254187,27.328923860012093,15448.709918338423,427.3873359183888,0.0,0.0261411614725377,False,5119.32958984375,190.4777069091797,False,5164.908813404851,263.4014458688316,False,5728.387481185608,528.2728729062246,False,False,0.0975356036835071,8.669034215478494,False,False
2MASS J03330296-2744494,53.26231935002,-27.74707839969,2025111500099,-1,u,20251115,u_24,0.7397913012620569,53.26239284452678,-27.7472733320138,746071429345706068,0,767.0,1060.0,0.5464564,0.31146976,53.26239284452678,-27.7472733320138,2.3466035e-05,2.5934258e-05,14678.998238909164,826.1870158044937,15002.810115732826,511.0293291332961,True,16766.34832435345,657.0967739315374,True,18314.20779186964,905.7484875090864,True,23633.041423585804,1315.2959538637344,True,27816.747599201124,1827.077736353028,True,0.5288319965699828,29.93804735739768,16403.864087493737,495.7776925250291,,,True,5124.66162109375,200.8426971435547,True,5597.767383575439,276.8434976123831,True,8502.23412322998,558.4492802552026,True,True,0.1616383594328719,9.150612842755631,True,False
2MASS J03330296-2744494,53.26231935002,-27.74707839969,2025111700047,-1,u,20251117,u_24,0.7168752065160209,53.26237814365399,-27.74727061343088,746080218458882458,746080218458882254,900.9503193157412,2868.0921246584235,0.22303084,0.26724365,53.26237814365399,-27.74727061343088,1.3594647e-05,1.3776998e-05,14818.364547911917,1112.7762470527675,14093.52715382642,683.8814361415268,False,14475.543826500032,889.5510335466956,False,14937.05826894112,1241.817470589982,False,14332.49742255032,1809.1233060700667,False,12071.717116344164,2517.826890683839,False,-1.1045514836231354,39.795855324751415,15384.24330996261,604.0882280618513,0.0,0.0197460975412657,False,3043.412353515625,187.0237579345703,False,3140.443509808334,261.0860549422875,False,2538.0195342139923,529.3608001858246,False,False,-0.2322265519447117,8.366884116114955,False,False
2MASS J03330296-2744494,53.26231935002,-27.74707839969,2025112200247,-1,z,20251122,z_20,0.7228108771240702,53.26235162063904,-27.7472771388782,746102235530791136,746102235530789787,4027.9829307928353,2121.870810487823,0.0030593178,0.0033180981,53.26235162063904,-27.7472771388782,1.8104076e-07,1.7376263e-07,1913176.4009803,1761.77113834275,1867750.1839514608,1476.2902679583613,False,1919022.83915561,1606.9878575851194,False,1953910.32099398,1856.5026603661772,False,1976902.257889248,2322.7311613821053,False,1988103.7493481676,2973.5765319619454,False,12.138685199887426,45.741315433679816,1926647.2129319352,1692.2495775493485,0.0,4.034332338964664e-05,False,2183163.75,1828.17919921875,False,2222853.264957428,2112.038078542819,False,2261753.19451946,3382.869843949589,False,False,13.809495624719265,52.03730757892652,False,False
2MASS J03330296-2744494,53.26231935002,-27.74707839969,2025112200248,-1,r,20251122,r_57,0.7109540242868653,53.26234886191308,-27.747274152181788,746102235687553651,746102235687551872,1831.108982671709,1639.9878182579037,0.004665938,0.0052458886,53.26234886191308,-27.747274152181788,2.8563846e-07,2.6600938e-07,467645.54431431886,632.4240646420586,444749.7016976274,526.1550289985825,False,471696.8210922494,576.7541535268263,False,485614.682203466,661.2367839615647,False,496992.0652607724,818.756584788262,False,499225.2331188969,1037.8337067339096,False,1.8880752172095976,15.222266341448002,475470.8086199007,642.2530241860784,0.0,0.0005911082097431,False,954026.75,1166.5096435546875,False,982176.2121315002,1337.3793330269891,False,1009704.1264080704,2099.062520673989,False,False,3.8187118985856863,30.78767682117977,False,False
2MASS J03330296-2744494,53.26231935002,-27.74707839969,2025112200252,-1,u,20251122,u_24,0.7385541243457392,53.26234527240815,-27.747282266842543,746102236203975364,746102236203974677,533.1980662376242,136.93452604380525,0.0780192,0.08186104,53.26234527240815,-27.747282266842543,4.4613776e-06,4.432958e-06,16025.979265713437,679.2296384564046,16548.346813846012,438.0500401227944,False,16346.781207650853,552.5244919481967,False,17102.8499335143,759.9779138800814,False,17421.50238830041,1094.6425943961983,False,21410.3565068214,1518.1967709377604,False,1.0217233280848996,23.290875362709585,15984.370442990969,333.17577291441273,1.0,0.0794325605924545,False,5367.42724609375,181.4201202392578,False,5615.6806378513575,249.53696446859325,False,7030.040312126279,498.4963467577927,False,False,0.3354804569456011,7.647504265162071,False,False
2MASS J03330296-2744494,53.26231935002,-27.74707839969,2025112200253,-1,u,20251122,u_24,0.727992527501798,53.26234379622995,-27.74727945915328,746102236359688940,746102236359688452,3621.537790901512,1925.8847216992208,0.08423597,0.08427527,53.26234379622995,-27.74727945915328,4.68461e-06,4.684343e-06,16280.907687864472,678.3289346666294,15939.773820531973,432.67623211194586,False,16761.12574728967,550.1429187851722,False,17697.375603515262,759.9445022310605,False,18291.56868256645,1092.728461623075,False,19793.20519588353,1512.2436099585038,False,0.7443738663581736,23.557539568255937,16221.575952546596,343.4526460584498,0.0,0.0122591051816658,False,5417.39501953125,177.81272888183594,False,5720.002098830417,245.62309379323295,False,6397.399128520861,488.77510523014246,False,False,0.240590479248094,7.614076730503424,False,False
2MASS J03330296-2744494,53.26231935002,-27.74707839969,2025112200254,-1,u,20251122,u_24,0.6928626632391145,53.26234423090152,-27.747269597730067,746102236492857977,746102236492857385,198.95597204835988,341.08430357427227,0.08270501,0.09085229,53.26234423090152,-27.747269597730067,4.8118554e-06,4.8509355e-06,17357.47758396012,699.575062080183,16356.123388929002,448.9079746399031,False,17269.23535506844,570.8490492255515,False,17261.818897625526,781.1404616926961,False,18773.478514734757,1128.297112264678,False,18613.775500794676,1559.157088071394,False,0.5518033710705964,25.075719566398675,17052.88201049032,366.79281902330587,0.0,0.0002958898134791,False,5772.28515625,190.80772399902344,False,5769.8061867803335,261.0981551451067,False,6221.701066426933,521.1521605150313,False,False,0.1844416583890428,8.38162204981062,False,False
2MASS J03330296-2744494,53.26231935002,-27.74707839969,2025112600270,-1,i,20251126,i_39,0.714245219282669,53.2623498003411,-27.74727496238846,746119830803844372,746119830803842745,1489.7132041317068,2699.9489005158607,0.002463986,0.0028532287,53.2623498003411,-27.74727496238846,1.3873834e-07,1.5708345e-07,1234833.3030532503,1098.459129745891,1218155.027082017,954.1489443112348,False,1236557.326718913,1018.7199067373028,False,1251827.1656333492,1149.902559277117,False,1258508.7579271663,1398.948859031319,False,1262207.2329922928,1755.070774046672,False,6.200012346820777,25.292507239830325,1248764.0830125215,1096.5367728121153,0.0,4.4972695220635295e-05,False,2122085.5,1748.24951171875,False,2148290.434496358,1973.37518829772,False,2166103.9154854566,3011.91878500335,False,False,10.63998895701833,43.405074485875055,False,False
2MASS J03330296-2744494,53.26231935002,-27.74707839969,2025112600271,-1,i,20251126,i_39,0.7123275164639193,53.26235044984494,-27.74727434481343,746119830960081485,746119830960078935,2793.952619301652,137.76215201803063,0.0026527287,0.0025917531,53.26235044984494,-27.74727434481343,1.4726697e-07,1.4425827e-07,1239191.0709196331,1103.777763459926,1221728.9597541683,959.1238715199836,False,1240320.484871992,1023.8832937243666,False,1255108.8054419348,1154.606593971415,False,1263610.1366037454,1405.976766964421,False,1267319.788667209,1762.7237007959404,False,6.627497722628032,24.815483693270227,1247792.5921553583,1095.3686382936517,0.0,5.134619373725613e-05,False,2130988.0,1759.12841796875,False,2156395.7345807552,1983.7234218766368,False,2177375.359636247,3028.526174909878,False,False,11.386668437073542,42.635349983768265,False,False
2MASS J03330296-2744494,53.26231935002,-27.74707839969,2025112600272,-1,i,20251126,i_39,0.7129342836349915,53.26234981410995,-27.747274593152707,746119831072279687,746119831072278146,1493.5372741224685,2699.976336251331,0.0027466305,0.0028490142,53.26234981410995,-27.747274593152707,1.5312845e-07,1.5795514e-07,1236585.677946156,1101.2571114018526,1216056.7762566763,952.561765300218,False,1238234.5814563057,1019.1102811581638,False,1254911.9641665495,1152.5185978016975,False,1264394.1094800772,1404.105187181346,False,1269352.959635334,1764.4975647072397,False,6.57967771955705,25.22145316360724,1228193.952890722,1075.983178151163,0.0,0.0012812005490219,False,2119130.25,1744.1181640625,False,2147672.132710576,1972.4348365530968,False,2172386.634143755,3019.783344303561,False,False,11.26054327635202,43.16431243997229,False,False
2MASS J03330296-2744494,53.26231935002,-27.74707839969,2025112600273,-1,i,20251126,i_39,0.713507576485125,53.262349782607046,-27.74727475772232,746119831228516897,746119831228514392,2797.8787585351906,137.2696700219381,0.002698341,0.0027343747,53.262349782607046,-27.74727475772232,1.5011123e-07,1.5187017e-07,1237333.6156281773,1103.7206370067545,1217892.1576294955,956.2876999736897,False,1239426.268133147,1022.596519870547,False,1255824.3392576212,1155.5993223719877,False,1265357.9989495643,1407.9133670183935,False,1269292.307137528,1767.5759429822235,False,6.772973444187338,25.005584010426773,1257953.2761488354,1112.3400375623978,0.0,0.0012898692355273,False,2125983.0,1754.0557861328125,False,2154110.546865642,1982.194969834577,False,2177212.0991672203,3031.9160587497618,False,False,11.617654693959476,42.891979844280826,False,False
2MASS J03330296-2744494,53.26231935002,-27.74707839969,2025112600274,-1,i,20251126,i_39,0.7131378750129554,53.2623497166888,-27.747274662062697,746119831340715359,746119831340713694,1504.1551551535103,2697.409932220071,0.002442428,0.0024205607,53.2623497166888,-27.747274662062697,1.3568211e-07,1.3465026e-07,1237840.3840734016,1107.1215972218504,1220208.613343027,961.90349664899,False,1239085.944539026,1026.8100100875693,False,1254806.2440061923,1158.9484529425722,False,1262607.735113179,1410.11628250871,False,1266355.325745202,1768.8234960782688,False,8.402998232634546,26.53530704144933,1230291.565588056,1091.651567880638,0.0,0.0004024900495086,False,2123129.0,1759.40185546875,False,2150065.165190577,1985.8163033742749,False,2169854.099502623,3030.815156088536,False,False,14.39823388626393,45.46728994215531,False,False
2MASS J03330296-2744494,53.26231935002,-27.74707839969,2025112600275,-1,i,20251126,i_39,0.7121890619848168,53.26235012061501,-27.74727434669134,746119831496952644,746119831496949853,2801.2492047112114,133.47598385192993,0.0026092476,0.0023297716,53.26235012061501,-27.74727434669134,1.4421299e-07,1.3042482e-07,1237726.2812928392,1111.8874873764412,1220394.4730415065,967.1971005173572,False,1239051.8881315065,1031.9321340310896,False,1253997.5256119857,1164.2408185690297,False,1261789.4517464566,1416.3737100312196,False,1265848.274902183,1775.3947693081627,False,10.61229785058363,26.87695565055876,1222790.452750722,1111.6015225541537,0.0,5.524445192039984e-05,False,2125673.5,1770.34619140625,False,2151313.7059003115,1997.3302808024396,False,2171644.431322396,3045.804335803919,False,False,18.206082030277624,46.10915243688677,False,False
2MASS J03330296-2744494,53.26231935002,-27.74707839969,2025112900038,-1,z,20251129,z_20,0.7069875645789924,53.262349595909065,-27.74727295229661,746132993783367720,746132993783367092,173.0788586082551,3609.191201504464,0.0030586675,0.0028588497,53.262349595909065,-27.74727295229661,1.6978497e-07,1.591734e-07,1914969.2597967985,2016.380270339145,1866663.276923603,1577.0491494385897,False,1916435.2865977148,1779.132615158797,False,1947825.143792152,2164.547902255471,False,1966087.0965579343,2852.1781734903666,False,1969004.8376429328,3773.340986584771,False,15.153484604069927,57.34801404896314,1878657.7668703329,1682.521635722759,0.0,0.0016401458175361,False,2285123.0,2121.40576171875,False,2322551.701685548,2580.968024663602,False,2347805.9880628884,4499.2639905912665,False,False,18.06874275435676,68.38074148606374,False,False
2MASS J03330296-2744494,53.26231935002,-27.74707839969,2025112900046,-1,z,20251129,z_20,0.7214448941907287,53.26235071996889,-27.747276868668315,746132994855012401,746132994855011146,3513.6739788970986,1867.1439030813049,0.0027583463,0.002647163,53.26235071996889,-27.747276868668315,1.5308811e-07,1.4729135e-07,1915675.23003381,1961.6090405347431,1876031.718296681,1560.3279686204085,False,1918119.1642754169,1744.936613686826,False,1946244.1897305928,2104.065548349206,False,1960398.3450240493,2744.941743226857,False,1969231.673523714,3612.2486877858296,False,18.308235824648044,56.35759306408209,1911867.4498326017,1725.8959831101436,0.0,4.050170976377387e-09,False,2316740.0,2107.56689453125,False,2350709.928817034,2541.329500935331,False,2378474.639266081,4362.941146100407,False,False,22.11302772756448,68.06974904742361,False,False
2MASS J03330296-2744494,53.26231935002,-27.74707839969,2025112900047,-1,z,20251129,z_20,0.7230480384043683,53.26235011730465,-27.747277392024248,746132995011249998,746132995011248391,973.8769038183428,515.2820366023574,0.00301957,0.0027591474,53.26235011730465,-27.747277392024248,1.6750052e-07,1.5375e-07,1914322.42803301,1955.167566981472,1869940.279829456,1549.7656460948751,False,1916029.6957736737,1736.352535656351,False,1947075.3026441927,2097.076471809802,False,1960044.8145201984,2738.203068135368,False,1967096.016320972,3608.031469469569,False,13.56624892152496,55.907852957543625,1907751.9654537344,1693.570418208451,0.0,1.6861762706543715e-05,False,2290087.75,2075.3330078125,False,2327194.254216671,2506.479492201008,False,2351123.5238091946,4312.411591570014,False,False,16.214728058319636,66.8224973074716,False,False
2MASS J03330296-2744494,53.26231935002,-27.74707839969,2025113000041,-1,z,20251130,z_20,0.2088652131158796,53.26228040927328,-27.74712507306044,746137392254552633,746137392254551193,2960.7528152915183,2107.6645663113995,0.034725275,0.01345069,53.26228040927328,-27.74712507306044,1.893406e-06,8.3661337e-07,223516.7490262701,1440.450915529697,214280.0681933928,976.954310901286,False,228803.48463547707,1205.8748335211155,False,238286.9142960262,1602.5336526509109,False,245368.19797043203,2252.4872851363225,False,249297.5918168036,3087.126064777523,False,14.089781432346252,46.529489413263455,112538.5146517418,490.1304313012656,0.0,0.362996759789749,False,271892.78125,1432.9705810546875,False,283162.17284297943,1904.3299649048156,False,296246.4304509461,3668.50746682894,False,False,16.743232153778266,55.292131179164,False,False
2MASS J03330296-2744494,53.26231935002,-27.74707839969,2025121000243,-1,z,20251210,z_20,0.7186280319514414,53.262353386760765,-27.747275732699684,746181399826401004,746181399826399336,2122.400734305196,260.6336881343133,0.002939853,0.0026435743,53.262353386760765,-27.747275732699684,1.5676969e-07,1.5392034e-07,1909203.6250642803,1820.2452403442576,1860300.9268739745,1486.0867568684805,False,1913351.2059216765,1639.0725614853732,False,1949123.6695264603,1934.90864010654,False,1970353.7921827745,2468.454258210842,False,1975601.583237922,3202.8619662939773,False,6.11392579485903,47.39035160794369,1920673.6256480347,1664.8997353919292,0.0,0.0003255667737417,False,2273251.25,1947.3809814453125,False,2315752.4893717766,2298.8636227080865,False,2347210.880416602,3805.318096291668,False,False,7.263951026113641,56.30444410690562,False,False
2MASS J03330296-2744494,53.26231935002,-27.74707839969,2025121000244,-1,z,20251210,z_20,0.7148105065956224,53.2623480720767,-27.747275324359823,746181399960619051,746181399960617808,3101.9902985891044,1769.1041818949686,0.0030199287,0.002919512,53.2623480720767,-27.747275324359823,1.6525401e-07,1.648563e-07,1911360.6045919715,1821.1392847872355,1871989.6918628693,1492.0259806979184,False,1917419.629298235,1643.376668286725,False,1949573.814654504,1933.715031683934,False,1973755.1744723725,2471.759621102776,False,1978584.8262061456,3209.370264130007,False,8.320926796375703,47.52986579644234,1937074.5226676792,1658.020308178909,0.0,0.0004135461287865,False,2279919.75,1954.0672607421875,False,2318152.8843221664,2299.2958996782786,False,2352648.60825938,3816.121697330667,False,False,9.894049821689002,56.51568289400432,False,False
2MASS J03330296-2744494,53.26231935002,-27.74707839969,2025121000245,-1,z,20251210,z_20,0.7167628139324984,53.26234686479957,-27.74727600575352,746181400118953961,746181400118952036,4042.652230155516,206.07103816639912,0.0031907063,0.002762803,53.26234686479957,-27.74727600575352,1.724624e-07,1.5896023e-07,1912097.907117101,1833.571386539742,1872438.8939274151,1498.3363869446025,False,1915223.0198351103,1651.329635660478,False,1943970.6001134752,1950.9677976409528,False,1959741.3085461904,2494.5839318477338,False,1964094.6932734463,3241.000279496043,False,9.234828316101442,48.50874320153692,1933468.907565622,1658.0467675421764,0.0,4.550188204666128e-06,False,2276156.0,1962.5306396484373,False,2310321.1999053955,2318.637052926379,False,2334237.775111645,3851.78235420944,False,False,10.975176082874093,57.65044892794962,False,False
2MASS J03330296-2744494,53.26231935002,-27.74707839969,2025121400776,-1,i,20251214,i_39,0.7136292554008135,53.262350417839215,-27.74727471392013,746199063579332224,746199063579331148,567.0281728915376,3888.500697931339,0.0030292396,0.0030491655,53.262350417839215,-27.74727471392013,1.6889516e-07,1.6882737e-07,1240014.6657624263,1067.2990952075388,1209565.3009618584,936.9060876196396,False,1240681.9554025186,995.4450694156492,False,1260725.6329296946,1107.8859509829992,False,1270762.139501304,1319.2015560260036,False,1276040.593932615,1627.0813132223,False,9.240416739863065,21.8530216787796,1279868.891638019,1161.1338637255255,0.0,2.630410401827099e-06,False,2099762.0,1684.716796875,False,2133684.434535742,1875.0146321369173,False,2159603.867800152,2753.714195275664,False,False,15.638718569283515,36.98461503890464,False,False
2MASS J03330296-2744494,53.26231935002,-27.74707839969,2025121400777,-1,i,20251214,i_39,0.7196749308833505,53.262348974603455,-27.747276582691768,746199063689956813,746199063689955726,2652.448066150705,3793.43212461738,0.002820914,0.0029237191,53.262348974603455,-27.747276582691768,1.5958085e-07,1.5976913e-07,1238727.3283062817,1068.4278726757789,1209934.6522620216,939.9785351085336,False,1238187.743581027,997.5265059902272,False,1256079.864943565,1109.3118596792067,False,1264367.975154613,1322.9425172364308,False,1269715.5862475736,1629.6736764219838,False,9.190575503379678,23.06821785611799,1243515.4968241856,1133.2355516905577,0.0,6.332772121664387e-05,False,2101024.0,1692.656982421875,False,2131384.3202248514,1882.3404227293784,False,2154522.150384739,2765.318526274652,False,False,15.595066100853522,39.143400994068045,False,False
2MASS J03330296-2744494,53.26231935002,-27.74707839969,2025121400778,-1,i,20251214,i_39,0.7128888388188878,53.262348340908325,-27.7472747551808,746199063845669889,746199063845666916,3997.921128065364,181.50965571047823,0.0026504798,0.0029557704,53.262348340908325,-27.7472747551808,1.5469915e-07,1.5735219e-07,1240064.1213972156,1071.6047269255278,1217995.672867085,947.0457655100488,False,1242752.063909693,1002.7504874137794,False,1261229.595648345,1113.8487943551277,False,1270565.6855838,1323.8662093933278,False,1275540.8974013356,1631.131033876117,False,11.450416608732937,24.915173507977933,1182001.0446601608,1076.6584877573655,0.0,6.708309906144905e-05,False,2112484.5,1704.519287109375,False,2143893.419389248,1893.369065118591,False,2168220.3982018232,2772.668118282573,False,False,19.463920686152747,42.35190540326368,False,False
2MASS J03330296-2744494,53.26231935002,-27.74707839969,2025121400782,-1,i,20251214,i_39,0.721614695632379,53.262349976768135,-27.747277007169725,746199064384638531,746199064384637113,106.12541751577292,3305.276100499176,0.0026928936,0.0030498814,53.262349976768135,-27.747277007169725,1.5405384e-07,1.6542255e-07,1243124.27454518,1066.063127014026,1214366.3556562648,938.4768134395654,False,1242291.4159320036,995.2313104484048,False,1260586.5923807474,1105.9376026262964,False,1269094.362025607,1316.5032769935224,False,1273608.0787148415,1621.633125514251,False,9.807182322846836,22.68146102591577,1255491.0212839623,1144.5932963987968,0.0,0.0004764078381356,False,2112841.75,1692.6513671875,False,2143957.486717477,1880.9363968523517,False,2166103.932890164,2758.011628212873,False,False,16.679680786514368,38.57576184779472,False,False
2MASS J03330296-2744494,53.26231935002,-27.74707839969,2025121400783,-1,i,20251214,i_39,0.7193187072443082,53.26234941468972,-27.74727643093721,746199064495787125,746199064495784757,2445.707823344739,1181.1285669907686,0.002651552,0.0032207181,53.26234941468972,-27.74727643093721,1.539655e-07,1.7338671e-07,1232927.391978453,1062.2791102147814,1207706.2287817362,934.3529285786466,False,1235959.3827795985,991.650786844664,False,1256811.5353385657,1102.9997956021214,False,1268129.7424820696,1314.7354156370805,False,1272472.6782042205,1621.496456437565,False,10.490317816708492,24.052229386004647,1235891.6502324357,1113.850383117998,0.0,6.269074059928048e-05,False,2103761.75,1687.9171142578125,False,2139254.7941646576,1877.4474408916344,False,2165912.0725356936,2759.995409511121,False,False,17.85586943682784,40.9399862887936,False,False
2MASS J03330296-2744494,53.26231935002,-27.74707839969,2025121400784,-1,i,20251214,i_39,0.7145346967627371,53.2623506614919,-27.74727493760035,746199064646781771,746199064646779278,2108.451724311305,573.2235109395696,0.0027517327,0.0034080378,53.2623506614919,-27.74727493760035,1.5876715e-07,1.8451703e-07,1237714.488240863,1070.7314549165608,1207456.019559566,939.5336761129372,False,1238436.407128677,998.1152123789008,False,1259166.3559855972,1111.569069386039,False,1270469.0645497288,1324.242004017541,False,1273597.0712832855,1633.3767969294584,False,8.076605353509523,21.96362242857283,1244271.6161200888,1126.3412333145047,0.0,5.562391640012709e-05,False,2103017.0,1694.922119140625,False,2138218.997134685,1887.5806913758888,False,2162724.122644974,2773.6742488960845,False,False,13.715067049830944,37.296926255552734,False,False
2MASS J03330296-2744494,53.26231935002,-27.74707839969,2025121400785,-1,i,20251214,i_39,0.7112368207200764,53.26234823755148,-27.74727430433562,746199064780999733,746199064780997559,2352.7287425833965,1403.3274587783324,0.002807991,0.003319078,53.26234823755148,-27.74727430433562,1.5936602e-07,1.8156864e-07,1236720.9313231604,1068.7757322651364,1206852.2318612102,938.5124174943244,False,1239041.6519062477,996.810320154479,False,1261305.1506570703,1108.2109466201462,False,1274299.8695655733,1319.9111026660328,False,1278221.996927352,1626.0326099712388,False,9.69927082982563,24.457389880631943,1240932.4446194188,1131.6741718343171,0.0,0.0003125706770397,False,2109536.25,1697.1241455078125,False,2147441.075551614,1886.789811258826,False,2176242.932525456,2768.409543891576,False,False,16.513539623632386,41.64004531582939,False,False
2MASS J03330296-2744494,53.26231935002,-27.74707839969,2025121400786,-1,i,20251214,i_39,0.7150749785592462,53.26234944223792,-27.747275238170047,746199064914693758,746199064914692519,3742.305882122996,3696.581969076581,0.0029994054,0.002976897,53.26234944223792,-27.747275238170047,1.665978e-07,1.654436e-07,1236883.5647640566,1066.6032733603129,1207981.750503745,938.7476178260808,False,1237614.5644614468,996.082705516131,False,1256886.8804180846,1106.835345980424,False,1267182.4454057852,1317.8733879768515,False,1271998.4549769773,1622.5138025271765,False,8.994513563012775,22.44805542647235,1268892.5152385863,1158.793641201759,0.0,1.1587441451910152e-06,False,2108360.0,1696.8941650390625,False,2141191.6918991804,1885.5687683885371,False,2166935.279807627,2764.061848435657,False,False,15.32276135095884,38.241778577931065,False,False
2MASS J03330296-2744494,53.26231935002,-27.74707839969,2025121400787,-1,i,20251214,i_39,0.7136157421519477,53.26235075857243,-27.747274667658,746199065033182723,746199065033181152,2962.6810965564828,2922.608510837933,0.0029916612,0.0030875131,53.26235075857243,-27.747274667658,1.6661618e-07,1.7129139e-07,1237413.8394330947,1068.1859013377184,1206642.880103228,937.7445163216996,False,1237212.0421380328,996.1561420586378,False,1256889.533463175,1108.381016936377,False,1265474.346072897,1321.8860694841712,False,1268021.1160023408,1629.7801066243976,False,7.011103448168554,22.40101775091311,1240440.3344764437,1127.6460424085124,0.0,2.5575491950924345e-06,False,2096776.75,1688.2449951171875,False,2130125.363579273,1878.4391577998117,False,2148990.717830509,2762.0851711701166,False,False,11.882133539987423,37.9643356164582,False,False
2MASS J03330296-2744494,53.26231935002,-27.74707839969,2025121400788,-1,i,20251214,i_39,0.7176194011936252,53.26234777907555,-27.747276144222077,746199065166876125,746199065166874636,1538.5277317419298,3040.163951659475,0.0028897724,0.002726717,53.26234777907555,-27.747276144222077,1.598047e-07,1.5241007e-07,1236336.493291546,1069.369522899378,1210848.9781692056,942.9823871015752,False,1238398.509491803,999.2773464349276,False,1258733.2115923131,1109.106358086146,False,1269723.4473102705,1319.0459079646168,False,1275902.508241416,1624.694107916603,False,12.468538915078712,24.70416269717868,1244558.056912139,1145.4153709219795,0.0,0.000239217301476,False,2106622.5,1699.8568115234375,False,2141213.579242587,1886.685417439771,False,2170420.0312472954,2763.744575854724,False,False,21.21005832880831,42.02390796068846,False,False
2MASS J03330296-2744494,53.26231935002,-27.74707839969,2025121600059,-1,i,20251216,i_39,0.7096962400400922,53.26234911910824,-27.74727376913542,746207763436145584,746207763436143806,293.5754552280919,2070.0277706005586,0.0025802273,0.0037416199,53.26234911910824,-27.74727376913542,1.4973143e-07,2.0340045e-07,1237652.8814562825,1098.9570413902788,1205023.9793958776,951.9217132770136,False,1236566.470886339,1016.9681637322426,False,1257768.3164387897,1142.8442452686454,False,1269019.425285931,1378.0948372877865,False,1272950.7915794286,1715.7649409053531,False,7.19655499466044,23.072378528974287,1242712.986788113,1136.95916656775,0.0,3.377588282582611e-05,False,2079866.75,1710.5091552734375,False,2115527.601754755,1922.2288507138276,False,2141064.0577166267,2885.8638297437465,False,False,12.104384034618125,38.80703065758475,False,False
2MASS J03330296-2744494,53.26231935002,-27.74707839969,2025121600061,-1,i,20251216,i_39,0.7158506999732476,53.262348638678894,-27.747275550415697,746207763679939801,746207763679938422,2566.810238825941,3142.875375953472,0.0026385114,0.0034635575,53.262348638678894,-27.747275550415697,1.4844306e-07,1.9107699e-07,1237066.4331346091,1098.5136872551452,1210035.6023690572,952.8350624585464,False,1239727.4985881387,1017.8012377378544,False,1262351.1703871605,1143.7794550819672,False,1277582.5994135505,1382.1872229321257,False,1284691.5622258962,1723.1895037810832,False,11.067472520766344,25.796342033714797,1238747.2259305653,1116.429775216994,0.0,0.0003744464354293,False,2087392.0,1713.7235107421875,False,2125484.622433305,1925.8394179539264,False,2163100.2720451355,2901.4214726808978,False,False,18.63486421522257,43.43460805036884,False,False
2MASS J03330296-2744494,53.26231935002,-27.74707839969,2025121600087,-1,i,20251216,i_39,0.7137129920478362,53.26234756072122,-27.74727507493981,746207767166455226,746207767166454006,1331.9381788381545,3367.6635200401256,0.0026677696,0.002775312,53.26234756072122,-27.74727507493981,1.508798e-07,1.5171351e-07,1236009.15650344,1107.0961813606389,1208902.335287636,961.6370139997958,False,1238471.181855424,1025.9759151233811,False,1262025.8549527046,1152.4855604962197,False,1273401.5674454125,1390.5122950108484,False,1277929.5337374073,1731.0984514142756,False,15.065626885644036,28.946333163048543,1239032.44055013,1186.7449169165295,0.0,9.27942134630877e-05,False,2085075.0,1727.320556640625,False,2124731.360784054,1940.3106549896104,False,2151506.60071522,2914.4562719457613,False,False,25.3643059594836,48.73369401258233,False,False
2MASS J03330296-2744494,53.26231935002,-27.74707839969,2025121600088,-1,i,20251216,i_39,0.7169773186250507,53.262348136711466,-27.747275923860933,746207767303293846,746207767303291709,1010.5666457885654,1304.6828483672502,0.0028082866,0.002877474,53.262348136711466,-27.747275923860933,1.5796809e-07,1.580063e-07,1238118.272555901,1099.9639004528813,1207525.4849260575,953.3056004553908,False,1240237.08752901,1018.2629290021237,False,1265446.9668984632,1144.4225107722923,False,1278651.7216403484,1380.9543496352317,False,1282868.6840671347,1718.7499056783922,False,14.408213746696578,26.48788465153536,1240740.188833186,1154.0768080304676,0.0,5.985533989771863e-05,False,2089944.5,1715.89208984375,False,2132426.094256162,1928.4857356023856,False,2161783.724618405,2896.294545912016,False,False,24.27952475984037,44.63518257981128,False,False
2MASS J03330296-2744494,53.26231935002,-27.74707839969,2025121600092,-1,i,20251216,i_39,0.7174068479749042,53.26234798563194,-27.747276061351336,746207767862708952,746207767862706373,3149.366471038395,312.70396308610424,0.0033189969,0.0027779944,53.26234798563194,-27.747276061351336,1.7910811e-07,1.6052638e-07,1244210.200741018,1099.5714928415964,1211576.143236487,953.8639665782056,False,1243330.6380670485,1018.0305831047884,False,1265568.2861191004,1141.137531457975,False,1277624.631806921,1374.3330268161455,False,1283620.8965936706,1707.243414170961,False,10.395293129038173,24.41156063220008,1246658.7871289535,1132.4904857717804,0.0,0.0001816019930462,False,2079171.25,1702.4111328125,False,2116358.364257336,1908.277874815344,False,2146547.0104122544,2854.953714495922,False,False,17.383625841329234,40.82245983498812,False,False
2MASS J03330296-2744494,53.26231935002,-27.74707839969,2025121600093,-1,i,20251216,i_39,0.7165244853091336,53.26234887012366,-27.747275712174545,746207767974906744,746207767974904332,1989.0268357290893,818.349632606451,0.0029816472,0.0025874067,53.26234887012366,-27.747275712174545,1.6090128e-07,1.4915742e-07,1240798.0800714523,1099.0744480503554,1208376.2225027576,955.000070555158,False,1243467.1982260717,1018.8753348079276,False,1269374.3540060702,1140.8984408369777,False,1282939.2600280803,1369.2438869299751,False,1288334.4596034875,1697.87155411553,False,14.702515600919144,28.20217847969605,1247401.417818605,1176.4502864850083,0.0,2.149068008150401e-05,False,2074103.375,1699.484130859375,False,2117316.512681961,1903.018680386609,False,2148941.970165729,2832.049872912908,False,False,24.52379706707182,47.041235708137485,False,False
2MASS J03330296-2744494,53.26231935002,-27.74707839969,2025121600094,-1,i,20251216,i_39,0.7119318295241907,53.26235063493684,-27.7472742107283,746207768109125247,746207768109123842,2438.05082953834,3134.79704192011,0.0027372534,0.0026459608,53.26235063493684,-27.7472742107283,1.5075514e-07,1.4846037e-07,1242357.0566312962,1093.7963142261783,1214974.0936257667,957.3454742019288,False,1242496.7793303728,1018.1796488597728,False,1261611.889099592,1136.7031581042556,False,1272429.2578688115,1363.7106004112993,False,1278462.504933867,1689.325236943826,False,13.97385710020168,25.757369345045117,1229973.1168941977,1145.8255330363754,0.0,0.000331888587374,False,2085933.625,1709.3446044921875,False,2118024.5333037376,1908.3247365930592,False,2146313.7544553727,2836.080039741701,False,False,23.459649055963663,43.24209422685982,False,False
2MASS J03330296-2744494,53.26231935002,-27.74707839969,2025121600095,-1,i,20251216,i_39,0.7166880366586189,53.26234792856284,-27.747275866521075,746207768243342699,746207768243340663,2715.8135319127064,1797.621016828656,0.0025075788,0.0027547132,53.26234792856284,-27.747275866521075,1.4399595e-07,1.4875873e-07,1236921.2645234102,1092.5829910518055,1211107.5955826412,956.250116196416,False,1238022.7030904037,1017.0575574714388,False,1257042.1027191745,1135.981559125379,False,1267577.3763938125,1362.1820705246355,False,1273471.4582066997,1688.410047602717,False,14.321535146168811,25.24162015978716,1244544.379152974,1156.6948774274972,0.0,0.0001215288122403,False,2084299.375,1712.288818359375,False,2116319.8885658383,1912.5058432176872,False,2143979.878393829,2842.55853965958,False,False,24.11132419436773,42.49606488774542,False,False
2MASS J03330296-2744494,53.26231935002,-27.74707839969,2025122000261,-1,r,20251220,r_57,0.7191090379544701,53.26235275409629,-27.747275952459702,746225382736266630,746225382736265729,2314.377006436249,1907.6784755668043,0.01029313,0.010188866,53.26235275409629,-27.747275952459702,5.685906e-07,5.700818e-07,470520.9055084072,811.9148236547557,419256.7031923172,594.0438745756604,False,472634.8748330708,691.9620887769987,False,504205.8620417455,849.7614303211925,False,521398.58385540976,1117.6617703581703,False,527062.6428047842,1474.541380574297,False,-0.2796183065884775,21.607396040873283,472402.1156638294,680.9482834292862,0.0,8.158059608265322e-05,False,857740.375,1255.776611328125,False,915035.576538086,1542.1517258151257,False,956516.1882045568,2676.0058219857738,False,False,-0.5074528434550548,39.21322138874749,False,False
2MASS J03330296-2744494,53.26231935002,-27.74707839969,2025122000262,-1,r,20251220,r_57,0.7069552985821564,53.26235622178459,-27.747272045959388,746225382848464271,746225382848463299,2600.147722522206,1624.4598127307522,0.010089996,0.010879553,53.26235622178459,-27.747272045959388,5.8816653e-07,5.786951e-07,466569.5101664444,815.6981144300642,415898.4263137332,595.4378780260763,False,470182.6932220998,694.6414250255694,False,503383.4595125104,854.7051144222281,False,521187.6331637873,1123.2984143946037,False,526589.7908098059,1483.577208868862,False,0.3921903464504816,21.9798638705612,468987.26591350377,682.376055195325,0.0,6.330421984102053e-05,False,850081.5,1255.898681640625,False,910107.8634033204,1545.2908331156088,False,952064.4755948782,2682.279797324062,False,False,0.7090727983019574,39.73918206312286,False,False
2MASS J03330296-2744494,53.26231935002,-27.74707839969,2025122000265,-1,u,20251220,u_24,0.6724452313641753,53.262362464831774,-27.747261251187453,746225383244824926,746225383244824597,2396.3662313534483,271.81954453437726,0.30761117,0.33861956,53.262362464831774,-27.747261251187453,1.7640765e-05,1.8367266e-05,16081.734131882147,1093.6928901274089,14526.928448807324,656.0065084911971,False,15474.601161432573,856.0876359264427,False,16276.42096760688,1202.2740925206433,False,14991.410440578482,1746.5850387941666,False,14671.26512396552,2430.6279071654844,False,-0.1921370572040084,37.73727630054572,16483.841424264116,657.1750124488702,0.0,0.2294566190373719,False,4425.66064453125,244.8368988037109,False,4654.977208051831,343.8445411096819,False,4195.910446237773,695.1477558627943,False,False,-0.0549502635675755,10.792677421074533,False,False
2MASS J03330296-2744494,53.26231935002,-27.74707839969,2025122000266,-1,u,20251220,u_24,0.4661021266241823,53.262301309435486,-27.74720688429034,746225383380090897,0,1387.0,398.0,1.4394522,2.2580085,53.262301309435486,-27.74720688429034,9.7846845e-05,0.00011242217,17158.616529528485,1266.9203145228932,13881.165839050676,731.5252649728288,True,17214.369728540372,961.6623934313928,True,19315.886000503124,1342.8320518239334,True,21192.65585018936,1956.3390599900763,True,20701.283450686307,2726.3522490257137,True,-1.0968992749715938,42.13678274310049,17227.012479717592,806.4483987278553,,,True,4481.1845703125,250.3365936279297,True,5028.243942260742,349.5613470633127,True,5388.885765075684,709.7144899423936,True,True,-0.2855409860310033,10.968900032275675,True,False
2MASS J03330296-2744494,53.26231935002,-27.74707839969,2025122000269,-1,z,20251220,z_20,0.7114981380931229,53.262345294718536,-27.747274699723533,746225383810008359,746225383810007579,2033.9693857328748,2083.6055033667826,0.0058635473,0.0054416363,53.262345294718536,-27.747274699723533,3.1934022e-07,3.0951685e-07,1902080.4120103451,2267.597884996429,1758367.1893216437,1659.4828488575033,False,1904268.812440668,1936.9650984162377,False,1987237.3763533635,2420.867763878027,False,2020491.8475352472,3238.698127631601,False,2031628.9444750904,4330.688980719008,False,1.8985048286732729,64.81673061379489,1889202.0611205036,1813.270206621616,0.0,0.0032733487704481,False,2074484.625,2110.103515625,False,2164869.4535865784,2637.260518322736,False,2213229.0260096192,4717.793857393451,False,False,2.068205419235513,70.61046750471516,False,False
2MASS J03330296-2744494,53.26231935002,-27.74707839969,2025122000270,-1,z,20251220,z_20,0.711216762775516,53.26234989984306,-27.74727410110147,746225383922205509,0,708.898304188342,3817.662185498361,0.0071458747,0.006477339,53.26234989984306,-27.74727410110147,3.8850743e-07,3.6977076e-07,1897407.6386524632,2454.60278211016,1685135.1452033876,1711.973577885239,False,1907873.063460707,2034.7507338309915,False,2057102.9260424213,2573.2617202068905,False,2142457.847716098,3460.8620411604084,False,2172257.264326696,4631.13626842026,False,3.222633284860685,70.30826517850781,1895158.2536949376,1925.61844443994,0.0,4.2971396441160445e-09,False,1949767.875,2079.431640625,False,2102274.662597656,2629.7677409029397,False,2219957.664550781,4732.830969652802,False,False,3.293398796841127,71.85215799597087,False,False
2MASS J03330296-2744494,53.26231935002,-27.74707839969,2025122300330,-1,g,20251223,g_6,0.6851115055852488,53.262335544436205,-27.74726816799109,746238586134725973,746238586134724763,3033.628849190546,458.2690996200645,0.015646711,0.010863761,53.262335544436205,-27.74726816799109,8.1342534e-07,6.790642e-07,151634.9727894502,465.432935599712,143798.41723982175,345.58113524407094,False,153430.08759810711,401.76173652257927,False,159447.43006353517,501.5833907734445,False,164253.87818033795,673.4649229348813,False,165970.12231307907,900.1882166418795,False,0.2146016301882211,13.589519143009548,153793.48213057005,371.56767623727166,0.0,0.0017144634712922,False,300845.25,787.773193359375,False,312644.0368395746,983.5031899893556,False,325433.71200177073,1765.0863225214082,False,False,0.4207902250143762,26.64628788238358,False,False
2MASS J03330296-2744494,53.26231935002,-27.74707839969,2025122300332,-1,g,20251223,g_6,0.7034676503325402,53.26234627891728,-27.747272348601594,746238586403161347,746238586403160354,1899.655562964405,1044.6237510935866,0.018065935,0.0136625655,53.26234627891728,-27.747272348601594,9.703871e-07,8.0433534e-07,152169.5739859243,486.6280189139698,137377.4829349332,348.8922874818474,False,153720.90044866246,412.70791410700207,False,162676.19527324394,519.3961725028608,False,168859.75916205847,698.8061262001897,False,170233.52525196018,934.7553918816888,False,-0.1530884502324468,13.912364861649069,154722.06044323568,391.2659087059306,0.0,0.0031833765160549,False,292200.71875,784.4967651367188,False,309223.4110236168,987.2953806435723,False,323588.7786812782,1776.8318853589174,False,False,-0.2909985243365376,26.44534998312569,False,False
2MASS J03330296-2744494,53.26231935002,-27.74707839969,2025122300333,-1,g,20251223,g_6,0.7193888707148585,53.26234917997357,-27.7472764783987,746238586536854640,746238586536853526,594.0668022313192,109.0949311104779,0.016693862,0.012738453,53.26234917997357,-27.7472764783987,9.050789e-07,7.3937025e-07,151269.9842551482,493.2344708106273,135635.93662833856,351.5575888393198,False,152680.54891319756,417.0639778479869,False,161218.6864160619,523.8527227908507,False,166231.32609886938,706.836047208455,False,165926.25430943703,946.1307178151316,False,-0.6855806543489567,14.292786797523494,151070.00056523836,388.7137032355089,0.0,0.0021755264870189,False,287992.0625,786.6824951171875,False,304097.03361034393,988.1116301759456,False,312976.63351106644,1784.6290097705596,False,False,-1.2931692220225504,26.959617174494976,False,False
2MASS J03330296-2744494,53.26231935002,-27.74707839969,2025122300334,-1,g,20251223,g_6,0.7072345307791472,53.26235085894792,-27.74727286453048,746238586671596753,746238586671595724,548.119340089916,823.1408554755401,0.018723367,0.013686417,53.26235085894792,-27.74727286453048,1.0193057e-06,7.909891e-07,151188.52620700552,489.7741184135,137361.61206430782,351.32156683603625,False,152802.67045404544,415.2767553910617,False,161192.14223610458,522.2741183130769,False,167233.1738397917,703.7135791267538,False,168924.60722368627,941.743798240033,False,0.0028558608892671,14.376938139949573,155010.84088781083,395.8824613741266,0.0,8.652343029535992e-05,False,290107.875,788.435546875,False,306035.946308136,991.5784467711438,False,320716.63859835267,1787.974590300176,False,False,0.0054220762727446,27.295746601768897,False,False
2MASS J03330296-2744494,53.26231935002,-27.74707839969,2025122300336,-1,g,20251223,g_6,0.6903057199511863,53.26233791027615,-27.747269446431897,746238586940032373,746238586940031287,1013.880320286248,1103.1362090438506,0.015460669,0.012180212,53.26233791027615,-27.747269446431897,8.5385614e-07,6.8574246e-07,151590.83904777118,486.32244186206015,141302.1434310908,353.918116674164,False,152968.1386468284,414.9428586553554,False,159727.62184260873,520.7222651933954,False,165874.91903409013,702.456228791391,False,167980.0258246405,940.8953990310875,False,0.2016710855582432,14.128383045405917,154536.4692748019,389.5280677721796,0.0,0.0030663787992242,False,292448.34375,793.2982177734375,False,305371.294128418,995.5299538628086,False,321148.4481021166,1798.8275435836465,False,False,0.3855598654432319,27.01099887888457,False,False
2MASS J03330296-2744494,53.26231935002,-27.74707839969,2025122400056,-1,g,20251224,g_6,0.7137626996164916,53.2623479096349,-27.74727504941532,746242947400862928,746242947400860376,3304.9876016461235,945.8594757570124,0.005875179,0.0056734337,53.2623479096349,-27.74727504941532,3.234499e-07,3.18566e-07,152972.40526835367,382.35061280196953,149792.75108309335,304.5849178863952,False,153014.14013285327,340.653033605995,False,154896.71827757,410.3896155264871,False,155534.9283380024,536.6659619043019,False,154774.24508434374,706.1024768038249,False,1.5396184194829263,10.550335604752489,154296.53838150174,331.59444116205685,0.0,0.0016893502531704,False,349582.4375,778.27001953125,False,353883.4534456041,937.5931008459406,False,353603.64611943625,1613.190942690333,False,False,3.5174759629105563,24.10373338013174,False,False
2MASS J03330296-2744494,53.26231935002,-27.74707839969,2025122400057,-1,g,20251224,g_6,0.7179877881789504,53.2623456595142,-27.74727647689785,746242947513584634,746242947513581788,3413.428406280589,323.0876066005171,0.006097918,0.0063960114,53.2623456595142,-27.74727647689785,3.4453188e-07,3.5034722e-07,153292.43028158182,383.7314935000109,149971.74712382912,305.1065904644728,False,153285.544043279,341.1834296200169,False,154960.6848292742,411.78375710336206,False,155937.14095967976,537.5677501648042,False,156269.95833732895,707.056011241078,False,1.2889148804161903,10.69319482769073,154988.14423262086,333.5474395391426,0.0,0.0002187554523548,False,350405.15625,779.932861328125,False,354234.46691671014,941.3226318867756,False,357227.4183461964,1616.304222572219,False,False,2.9464123501278605,24.44425289935194,False,False
2MASS J03330296-2744494,53.26231935002,-27.74707839969,2025122400058,-1,g,20251224,g_6,0.7189690524942167,53.26234557476306,-27.74727676013588,746242947673492745,746242947673490135,1270.5783495435007,974.7323038483646,0.0062422706,0.0057309596,53.26234557476306,-27.74727676013588,3.365999e-07,3.296434e-07,151258.9545043019,382.2799563943772,148255.42589526565,304.3630178317245,False,151138.3063623331,340.132294653569,False,153013.90749246487,410.9379428883185,False,153258.27273518228,536.581770663271,False,153143.80419200327,705.9672075803755,False,1.3170586302962732,10.891680533639295,152449.8438491747,331.32213243963383,0.0,0.0003611220108523,False,345937.1875,778.5214233398438,False,350230.2101985216,940.5869340563784,False,350527.52793341875,1615.8730115189958,False,False,3.0145868992670226,24.92973106316813,False,False
2MASS J03330296-2744494,53.26231935002,-27.74707839969,2025123000109,-1,y,20251230,y_10,0.7161804940673612,53.2623495075715,-27.74727554023188,746269342793466852,746269342793466076,2577.6124983571285,1044.3314751964704,0.006407982,0.0063442327,53.2623495075715,-27.74727554023188,3.5588212e-07,3.526515e-07,2362280.966859438,4150.038994462563,2252156.8192923167,3060.3772558577134,False,2365072.1814056025,3549.6663956487623,False,2451680.1482780986,4447.207387954946,False,2505130.6862160983,5986.931547651454,False,2540696.963569549,8018.767436103358,False,11.036318933244988,119.4784446323267,2337841.1658118903,3118.1143582335926,0.0,0.0019092031016317,False,991651.75,1488.340576171875,False,1027965.6276855468,1864.6707798395676,False,1065289.5120714903,3362.1911514468043,False,False,4.627421128942547,50.09614913169779,False,False
2MASS J03330296-2744494,53.26231935002,-27.74707839969,2025123000110,-1,y,20251230,y_10,0.709650902193,53.26234926022154,-27.7472737395446,746269342927684572,746269342927683795,2578.2120240798886,1044.636287426153,0.0066907853,0.005414929,53.26234926022154,-27.7472737395446,3.683809e-07,3.049752e-07,2360076.2574357176,4148.196069014444,2253024.390651032,3061.132702250683,False,2364500.999306628,3550.078912606934,False,2447383.667538132,4447.102808449117,False,2508585.0537413387,5982.691968923014,False,2538308.28297682,8019.965478964594,False,8.406136672981637,121.8125515675786,2359523.027588136,3128.494286554453,0.0,2.7607095625103995e-06,False,992727.4375,1490.4881591796875,False,1027525.4345703124,1867.100490389025,False,1065699.8149222732,3367.1543302818104,False,False,3.5292869493778785,51.14257181895027,False,False
2MASS J03330296-2744494,53.26231935002,-27.74707839969,2025123000111,-1,y,20251230,y_10,0.7162772511796134,53.26234766869719,-27.74727578081947,746269343061901539,0,2574.965075925634,1049.1383552286495,0.0064599053,0.005732441,53.26234766869719,-27.74727578081947,3.5686412e-07,3.2072523e-07,2346439.371448216,4147.205289856576,2246852.2350130654,3062.7305885281708,False,2355076.580916733,3551.4227836587124,False,2436587.700213348,4443.3218521381705,False,2500783.241394535,5991.739722252643,False,2535756.410241295,8027.947745635102,False,14.28896406685466,122.02428573674813,2328476.9108298216,3129.057639168963,0.0,6.656093452295231e-06,False,990118.75,1493.0853271484375,False,1024387.5666503906,1868.056569257812,False,1066079.9685058594,3375.101111947484,False,False,6.007350824728558,51.30131828506495,False,False
2MASS J03330296-2744494,53.26231935002,-27.74707839969,2025123000112,-1,y,20251230,y_10,0.7230354313177819,53.262350222211786,-27.747277375762945,746269343196120068,746269343196119258,2576.916221123032,1056.1298295323154,0.0069092955,0.0057574194,53.262350222211786,-27.747277375762945,3.807674e-07,3.2355172e-07,2356610.931727248,4166.201447675701,2253762.938799861,3074.8566743237943,False,2365599.9246451803,3568.3724638773583,False,2447267.820668785,4467.194113786941,False,2508975.176391739,6025.064561554384,False,2543750.957262982,8073.137516721839,False,12.023056862458514,121.24653647267375,2350766.579426972,3180.3324576616897,0.0,0.000664304801054,False,992465.875,1497.078125,False,1026728.8959960938,1874.1705513029208,False,1067207.5160641372,3387.011221151626,False,False,5.044163860871112,50.86787865413061,False,False
2MASS J03330296-2744494,53.26231935002,-27.74707839969,2025123000113,-1,y,20251230,y_10,0.7177436577035559,53.2623498522653,-27.747275936948213,746269343330337790,746269343330336991,2580.097928710576,1054.5895252139169,0.0060714553,0.005410341,53.2623498522653,-27.747275936948213,3.3553945e-07,3.0263496e-07,2360882.2551844385,4174.069971571235,2254671.550095445,3075.021789755997,False,2360961.25999082,3565.7487321918884,False,2440471.0941419965,4471.575615211059,False,2501850.875960777,6018.466198707969,False,2533373.13359578,8067.0175059817475,False,15.098223674253695,119.82826983727446,2341133.657503705,3163.359750632288,0.0,9.159114840373572e-05,False,991538.6875,1497.5162353515625,False,1024930.6274414062,1877.938571758106,False,1063946.9246704578,3387.925115701292,False,False,6.340838004944287,50.3245722042508,False,False
2MASS J03330296-2744494,53.26231935002,-27.74707839969,2025123000168,-1,y,20251230,y_10,0.7203091826715531,53.2623497032813,-27.747276674102217,746269350696583919,746269350696583253,3013.9214179539317,478.2412074624835,0.00796548,0.008196521,53.2623497032813,-27.747276674102217,4.4521823e-07,4.5321397e-07,2371276.358817294,5231.315521066163,2189095.6644981205,3542.372344823926,False,2374697.3855837528,4282.987430112925,False,2513591.0559577863,5581.90407397012,False,2618347.312007845,7748.8985821992255,False,2654562.745072355,10538.422150187116,False,18.94197497708956,161.92427863998094,2342433.0756441187,3647.4093335078815,0.0,0.0028868692798036,False,917684.5625,1655.12939453125,False,971359.0129394532,2157.0863003999275,False,1025836.4986331464,4072.496722759242,False,False,7.319988696354805,62.57446178361416,False,False
2MASS J03330296-2744494,53.26231935002,-27.74707839969,2025123000169,-1,y,20251230,y_10,0.7155665276906545,53.26234883566253,-27.74727544779092,746269350826607447,746269350826607133,3354.591804891609,3275.880880084233,0.0077614267,0.008111392,53.26234883566253,-27.74727544779092,4.341117e-07,4.4805466e-07,2361741.65776308,5204.348575196964,2183982.409522446,3534.288864225688,False,2357359.9619304743,4266.963705368506,False,2486295.0043513244,5561.99269841161,False,2568381.4389058687,7702.352567497503,False,2627844.1586156185,10485.599264025395,False,16.80428002478123,163.3414864109838,2346269.4873915305,3643.909921693672,0.0,0.0013109441786753,False,918999.9375,1663.4453125,False,969264.3425292968,2168.303112278989,False,1024446.26893121,4087.7359520427744,False,False,6.551028498787203,63.6775113801133,False,False
2MASS J03330296-2744494,53.26231935002,-27.74707839969,2025123100238,-1,i,20251231,i_39,0.720089929910628,53.26234757060291,-27.74727685929931,746273758158784376,746273758158782636,3294.0372689930864,427.4738593987077,0.0027719876,0.0031184491,53.26234757060291,-27.74727685929931,1.7288392e-07,1.5461092e-07,1234638.238474399,1462.582340701731,1216164.112324092,1121.2869372058844,False,1234467.5915007647,1279.3537041079978,False,1248216.6945633823,1586.8411745164844,False,1254069.2046142395,2120.851180019149,False,1257873.5437685712,2837.6114016067813,False,6.472751252552878,42.68119348473073,1252101.2084945757,1164.5828842418723,0.0,5.164233452636946e-05,False,2094250.5,2170.39892578125,False,2117575.588614464,2692.045498830478,False,2133958.247353852,4813.953106210016,False,False,10.98089787076123,72.40782294440551,False,False
2MASS J03330296-2744494,53.26231935002,-27.74707839969,2025123100248,-1,i,20251231,i_39,0.7110939053547806,53.26234948801823,-27.74727411666611,746273759500437141,746273759500435484,3858.192139282181,88.67671952729478,0.0035748815,0.0033324063,53.26234948801823,-27.74727411666611,1.9081077e-07,1.9337358e-07,1236204.815145642,1491.2059137540125,1212830.898816806,1130.7546143545603,False,1237649.0579565947,1298.365320369183,False,1255653.128765287,1619.4796384010444,False,1264775.363553601,2177.3583086023946,False,1268711.96432017,2917.8040146024337,False,4.32886063350199,44.081783905178746,1142677.1166416192,1054.0187715977856,1.0,0.0039579721187202,False,2077180.5,2179.082275390625,False,2107397.227887452,2718.017279137037,False,2129314.231251955,4897.030836803212,False,False,7.265246022142837,73.98367198229016,False,False
2MASS J03330296-2744494,53.26231935002,-27.74707839969,2025123100249,-1,i,20251231,i_39,0.7133422176928056,53.26234815991732,-27.747274903039497,746273759615256193,746273759615254844,2694.2072184809367,869.0366767682336,0.0037889774,0.0034238172,53.26234815991732,-27.747274903039497,1.9990895e-07,2.0158073e-07,1234036.7772167178,1498.427687411774,1206296.7966151843,1131.9003125385525,False,1235021.2045738264,1302.9400615074942,False,1254541.3683092997,1626.755691671953,False,1260589.6637241016,2193.579542846176,False,1267225.00046626,2940.1124941371504,False,4.021193478896232,43.73097707497375,1254585.419738635,1159.4938423591343,0.0,0.0003424152373895,False,2060571.625,2173.890869140625,False,2093140.0500276089,2714.161187396923,False,2114302.0611961447,4905.431872173852,False,False,6.709161875571099,72.9629662717502,False,False
2MASS J03330296-2744494,53.26231935002,-27.74707839969,2025123100250,-1,i,20251231,i_39,0.7184534039736438,53.26234762916007,-27.747276394571035,746273759769396871,746273759769395273,4069.916477031342,231.50825232420445,0.0038086127,0.0037361872,53.26234762916007,-27.747276394571035,2.0978078e-07,2.0966039e-07,1234554.1019838762,1508.2196815897798,1204125.2780572197,1135.3470551977816,False,1233440.1542041744,1308.0898971042757,False,1251655.857353645,1638.8160939378674,False,1257194.6079935918,2203.783645102289,False,,,True,4.170082559318492,44.64222633397932,1140775.755131103,1067.9257297953843,1.0,0.0003692827445241,False,2063522.75,2188.410400390625,False,2093997.287194252,2741.7092603806536,True,,,False,False,6.97647161980387,74.68562567614165,False,False
2MASS J03330296-2744494,53.26231935002,-27.74707839969,2025123100251,-1,i,20251231,i_39,0.7150075537944156,53.26235186343891,-27.747274917430797,746273759883691868,746273759883690769,3233.160153815081,2256.318303005374,0.003925878,0.003225712,53.26235186343891,-27.747274917430797,2.0213835e-07,1.9728854e-07,1235838.8519600069,1502.4019203202856,1211703.2626548752,1134.4029963156622,False,1236285.9619573783,1305.643725951021,False,1252799.8139428385,1633.5119037240968,False,1260322.541230074,2200.6378904466314,False,1269688.3872161992,2952.652994465432,False,5.521523067529229,44.76227186000578,1261675.035062018,1162.0552258133064,0.0,4.463016959976862e-05,False,2070231.0,2186.37451171875,False,2097884.382277012,2735.408381248956,False,2126165.256615281,4944.38499625696,False,False,9.246103711730235,74.95696439704976,False,False
2MASS J03330296-2744494,53.26231935002,-27.74707839969,2025123100252,-1,i,20251231,i_39,0.7176968952793953,53.26234933445441,-27.74727598592616,746273760042026933,746273760042025976,618.8696414852152,2687.2376862169385,0.0033664897,0.0031907826,53.26234933445441,-27.74727598592616,1.8344173e-07,1.8111761e-07,1236479.5934674074,1503.4551486888008,1213755.8495288522,1137.293595629499,False,1236376.4277068416,1307.2519992983812,False,1252388.0043975418,1633.342943036786,False,1258664.5189218433,2200.244298154622,False,1259178.7821172664,2951.076367931726,False,3.6116917744987327,44.46438130243141,1246305.3923189307,1150.470277615932,0.0,9.052404565323968e-05,False,2080217.125,2199.466064453125,False,2107156.781308413,2748.1177131505906,False,2118582.340537846,4965.218893036008,False,False,6.076711680332473,74.81181731149871,False,False
2MASS J03330296-2744494,53.26231935002,-27.74707839969,2025123100253,-1,i,20251231,i_39,0.7114965334811449,53.2623501824036,-27.747274144856448,746273760173098859,746273760173097611,3120.557729011992,1818.562769519888,0.003442781,0.0031632914,53.2623501824036,-27.747274144856448,1.8635284e-07,1.8105344e-07,1236202.9716751913,1503.6558559172408,1215475.2670188944,1139.186421878983,False,1238173.2991861496,1309.835460094393,False,1255040.289500336,1639.208037105253,False,1265048.6704683497,2210.32701265789,False,1263632.4754466,2959.1039171748803,False,3.6004770152555468,44.42389232836673,1264850.637399955,1153.9059459728076,0.0,0.0042987298436979,False,2084095.875,2204.7177734375,False,2112486.4282130003,2759.1183807980788,False,2126948.8134862185,4980.769874083144,False,False,6.060330408076639,74.77438805524915,False,False
2MASS J03330296-2744494,53.26231935002,-27.74707839969,2026010100044,-1,i,20260101,i_39,0.7199795716333061,53.262349073069565,-27.74727665650824,746278130144512045,746278130144510624,3264.9353884073803,1358.334781531457,0.0025462531,0.002960666,53.262349073069565,-27.74727665650824,1.519101e-07,1.5504374e-07,1235411.5774489765,1325.1633118496409,1217357.2479706109,1051.703825663987,False,1236661.2752628098,1176.914350986093,False,1252276.421283267,1424.3859553878694,False,1260728.2396235308,1864.9410603315807,False,1262922.772611858,2460.273839467897,False,5.905627218576034,36.41142898097642,1245627.1795493993,1102.0703194501257,0.0,0.0010806704670968,False,2144711.25,2041.0936279296875,False,2171792.213890739,2470.277548080536,False,2190255.9192906097,4266.79244117686,False,False,10.241984112662164,63.14744621358051,False,False
2MASS J03330296-2744494,53.26231935002,-27.74707839969,2026010100046,-1,i,20260101,i_39,0.7170091110212325,53.26234930367422,-27.74727579681816,746278130409277452,746278130409275995,2056.102608762982,1313.803557470516,0.0030878219,0.0027152665,53.26234930367422,-27.74727579681816,1.6688176e-07,1.5613396e-07,1238657.980578889,1324.7545976644456,1215911.9859774527,1048.4092688471603,False,1238345.2558183216,1175.566309652243,False,1253347.3278861614,1423.597619470854,False,1259164.4527826027,1867.404951169167,False,1264298.3109411062,2464.642229863324,False,4.431680160389864,36.75637325487907,1240924.071284504,1105.5606980523105,0.0,0.0003825733971433,False,2152850.0,2043.70947265625,False,2178930.9420470595,2474.9092554584518,False,2197969.109116435,4284.754190829397,False,False,7.704428622363976,63.90056229470124,False,False
2MASS J03330296-2744494,53.26231935002,-27.74707839969,2026010100047,-1,i,20260101,i_39,0.7191806582005414,53.26234840378456,-27.747276510419567,746278130565515303,746278130565513954,668.7901845618717,1613.5666541205132,0.0029124625,0.00268614,53.26234840378456,-27.747276510419567,1.5821719e-07,1.5309658e-07,1236918.8736156644,1326.8182852115042,1216654.293142003,1051.7839224401846,False,1237696.754172378,1178.2783955623986,False,1254171.4639043123,1427.496263087347,False,1261559.5575065569,1869.014529026377,False,1264732.6836012157,2468.691312092869,False,5.28511212745781,36.074629925988816,1249487.9669960216,1119.8912037182329,0.0,1.4163376649833914e-05,False,2154584.5,2051.14892578125,False,2183263.7011942863,2484.987790335243,False,2201648.689426124,4297.501805986932,False,False,9.20033169045274,62.798773786673856,False,False
2MASS J03330296-2744494,53.26231935002,-27.74707839969,2026010100311,-1,i,20260101,i_39,0.7239005978131031,53.26234896853819,-27.7472777673604,746278166013675392,746278166013674669,3093.2953055012968,3345.371549877434,0.003568409,0.0023725128,53.26234896853819,-27.7472777673604,1.9187213e-07,1.4050353e-07,1234608.8904744536,1562.6864018027788,1214531.3600602206,1170.5758181289252,False,1236524.04669327,1353.3754562496265,False,1253499.6377608497,1702.489395990572,False,1265409.004938871,2307.9970661631774,False,1268389.243246548,3105.415927593997,False,11.16224457259258,48.04528616440045,1247676.509165648,1187.742098840528,0.0,0.0006951197899934,False,2091348.25,2288.98046875,False,2120059.274882078,2879.441146712815,False,2145242.246825874,5252.22795550441,False,False,18.878840824317752,81.25958036107069,False,False
2MASS J03330296-2744494,53.26231935002,-27.74707839969,2026010100363,-1,i,20260101,i_39,0.7132478147878066,53.262339912593895,-27.747275686548218,746278172992997018,746278172992996421,2936.5125830177544,3438.01578299684,0.004159751,0.0028322886,53.262339912593895,-27.747275686548218,2.2399517e-07,1.6687731e-07,1238528.6883584813,1704.7222039452042,1208110.9436276818,1236.5296872091517,False,1238655.227418545,1454.2487899820285,False,1261309.6919043837,1862.4327087761108,False,1272714.529883474,2551.2493893085366,False,1280773.713435043,3456.672983638866,False,9.442270648690082,52.97406006679932,1287157.0092516283,1261.8850093629324,0.0,0.0012928671324613,False,2037259.5,2391.853759765625,False,2074520.088717148,3063.208102687621,False,2106533.2445120662,5685.31074541864,False,False,15.530032211388724,87.12828617336504,False,False
2MASS J03330296-2744494,53.26231935002,-27.74707839969,2026010200115,-1,g,20260102,g_6,0.715063349962674,53.26234423568226,-27.7472758036006,746282537743024760,746282537743024518,523.3234411438273,3582.366904982915,0.016088655,0.01281792,53.26234423568226,-27.7472758036006,8.5600124e-07,7.5836107e-07,151379.6548048174,1202.0390108622069,146175.30679268032,738.6133489968163,False,151110.64588247918,962.1267269033048,False,153632.5228326092,1348.2647869159996,False,154348.47130955683,1963.569429526738,False,155430.67023208283,2736.57552223604,False,0.4209076563342652,42.845091255733,158041.31517584162,584.5388462310997,0.0,0.0242912494219357,False,345319.40625,2198.66064453125,False,351082.42212468386,3081.066810128687,False,355191.5647248626,6253.646981508945,False,False,0.9618619596429115,97.9099876567482,False,False
2MASS J03330296-2744494,53.26231935002,-27.74707839969,2026010200116,-1,g,20260102,g_6,0.7238088780855161,53.26234493572656,-27.747278178554076,746282537877242485,746282537877242260,524.3227277353351,3581.625294243122,0.015522966,0.013039899,53.26234493572656,-27.747278178554076,8.332472e-07,7.5893314e-07,150416.16829957097,1195.320048199577,146531.5582858066,735.864152272896,False,149468.55471963724,958.0621918678104,False,149777.11192185103,1342.3671941234236,False,150114.07115458947,1955.2030629124365,False,150931.2279816894,2725.137272051501,False,0.6846895443070663,42.97503100237665,158506.82031446867,572.1800138213603,0.0,0.0261788871398429,False,343246.59375,2200.138916015625,False,343955.17896938324,3082.674933258553,False,346605.5451756716,6258.13294232618,False,False,1.5723531568259923,98.68987517498512,False,False
2MASS J03330296-2744494,53.26231935002,-27.74707839969,2026010200117,-1,g,20260102,g_6,0.7207111568360779,53.26234663313583,-27.747277135782785,746282538013033220,746282538013032909,3658.451752354804,3365.330375714326,0.0144432215,0.012052123,53.26234663313583,-27.747277135782785,7.8055103e-07,6.9559127e-07,153050.91115096043,1207.465683588808,146728.85887436487,741.4535754735649,False,151412.71121131864,966.387268501835,False,153010.85507646026,1357.76915671705,False,153653.30945217705,1976.784233147224,False,156237.0898680349,2754.346483895657,False,1.00192612180868,44.25946010269459,156106.89342361764,540.991935296151,0.0,0.0023025596524922,False,341763.1875,2181.293701171875,False,345370.45889131725,3064.706464711384,False,352652.5970762223,6217.009300506002,False,False,2.261510690149048,99.90082101241208,False,False
2MASS J03330296-2744494,53.26231935002,-27.74707839969,2026010200118,-1,i,20260102,i_39,0.7162825612767697,53.262348342911714,-27.74727570562622,746282538147252179,746282538147250649,3899.507304082973,1044.9801637543158,0.0031371834,0.002208359,53.262348342911714,-27.74727570562622,1.6556214e-07,1.3429138e-07,1239124.819082755,1360.4215880534582,1218853.4959953723,1066.2105842012584,False,1239130.684639764,1201.8993043142834,False,1253221.425556773,1467.9304070232472,False,1261140.9477137085,1936.1868948570248,False,1263937.4217191718,2568.3747685309354,False,3.687064617726465,37.2808268075408,1251224.9789401914,1116.0876103511046,0.0,0.0001988076830997,False,2157153.25,2092.338623046875,False,2181683.259579152,2555.461572807867,False,2200338.310442835,4471.181327226341,False,False,6.418663924379279,64.90070636411794,False,False
2MASS J03330296-2744494,53.26231935002,-27.74707839969,2026010200119,-1,i,20260102,i_39,0.7053085244880399,53.26234568461716,-27.74727292752851,746282538281469932,746282538281468384,3899.6292242772543,1044.952851325823,0.0031020518,0.0024566767,53.26234568461716,-27.74727292752851,1.660272e-07,1.4417068e-07,1240060.3075516229,1363.0027338758716,1217028.638151414,1066.8587741845945,False,1239124.4281859028,1203.3543274550932,False,1253823.723197098,1469.66944653386,False,1259979.2835959026,1941.4022332564225,False,1263269.144317597,2573.696043582465,False,4.392736943490404,38.72707540756284,1214907.638065428,1083.9855649185242,0.0,7.716033262428201e-05,False,2156094.75,2093.854248046875,False,2181671.7397529483,2557.246476486752,False,2198106.911577672,4478.269011117744,False,False,7.643426960645612,67.38568142938198,False,False
2MASS J03330296-2744494,53.26231935002,-27.74707839969,2026010200120,-1,i,20260102,i_39,0.7157971321693198,53.26234929486397,-27.74727545817868,746282538415687703,746282538415686119,3896.781308564895,1042.9888002059088,0.0031068365,0.0024310828,53.26234929486397,-27.74727545817868,1.6601255e-07,1.4314726e-07,1235500.7882903705,1371.5264423856368,1214021.7772239367,1071.929242243947,False,1236047.0199393427,1210.1840960199802,False,1252939.285842913,1476.7476103996553,False,1261535.5959284294,1955.926058945664,False,1263780.319389054,2594.2494365649686,False,7.263590128629119,40.23382682855128,1222815.1027294286,1115.006269298225,0.0,0.0010535394217034,False,2144777.5,2099.900390625,False,2174088.8055163324,2562.4389662129333,False,2192900.067912847,4501.517928666882,False,False,12.603715251763113,69.8133688514599,False,False
2MASS J03330296-2744494,53.26231935002,-27.74707839969,2026010200121,-1,i,20260102,i_39,0.7151885754599882,53.26234683241161,-27.74727556868796,746282538549905477,746282538549903861,3893.1314328601793,1041.2736886759808,0.0028084405,0.0023430355,53.26234683241161,-27.74727556868796,1.5138491e-07,1.3560097e-07,1234403.457325576,1371.7584584649055,1218084.7907973835,1075.9633077088208,False,1235817.1947570716,1211.9069935251273,False,1252359.8930138792,1479.1692287895994,False,1260276.7482002964,1951.880870581238,False,1263636.142432965,2587.8448552779228,False,9.142269427991907,38.00475489568778,1242380.565348429,1139.5294386273215,0.0,0.0007111131819497,False,2154145.75,2112.468017578125,False,2182981.2309227586,2578.3312622982585,False,2202636.79556866,4510.857285613442,False,False,15.935836559981643,66.24586677193024,False,False
2MASS J03330296-2744494,53.26231935002,-27.74707839969,2026010200122,-1,i,20260102,i_39,0.7156212936874,53.26234917309688,-27.747275423361287,746282538684123313,746282538684121621,3891.0303249019184,1041.1048979046998,0.0026646573,0.00243028,53.26234917309688,-27.747275423361287,1.4563912e-07,1.3765897e-07,1237539.018515397,1370.988881505753,1218926.6412593983,1079.4260419657198,False,1237468.5554514213,1215.3533883961538,False,1250204.0691609783,1477.9549941204614,False,1258365.023996035,1954.675889548628,False,1264915.2588238604,2590.6846547809573,False,9.08222078342856,39.84531943173512,1232506.601466513,1132.4393697392445,0.0,0.0002817579991182,False,2152666.0,2114.195068359375,False,2174820.346657396,2571.009543117408,False,2200411.5244431496,4506.683219141913,False,False,15.79917954185748,69.31381328598349,False,False
2MASS J03330296-2744494,53.26231935002,-27.74707839969,2026010200123,-1,g,20260102,g_6,0.7246753089767165,53.26234753518264,-27.747278146915097,746282538816242317,746282538816241931,778.8517831009065,2083.357918954544,0.012357086,0.013275856,53.26234753518264,-27.747278146915097,6.8738905e-07,7.376653e-07,152100.70944029815,1236.9603016219737,146477.35323817117,757.3650292162079,False,150863.78738706137,987.8688650628304,False,151307.98772591006,1385.5276425667355,False,154588.2540248243,2019.463581212479,False,159617.00404693186,2815.3294060675325,False,2.626161563647649,43.7175527996158,154649.39676422055,528.7907101812766,0.0,0.0004058293340339,False,342441.90625,2242.338623046875,False,343450.1853965521,3144.97425326678,False,362310.6119927168,6390.445217061611,False,False,5.961057902309495,99.23337055615644,False,False
2MASS J03330296-2744494,53.26231935002,-27.74707839969,2026010200124,-1,g,20260102,g_6,0.716681876745435,53.262349737923046,-27.74727565308696,746282538950460057,746282538950459658,778.938121212894,2083.1637615059103,0.012260808,0.012326806,53.262349737923046,-27.74727565308696,6.817447e-07,6.852434e-07,151196.51184439764,1241.7428007047777,147051.24148045504,760.925226490178,False,152039.2787115703,992.5092877852824,False,154826.13540457338,1391.010252437833,False,158277.20152315567,2027.8557176631728,False,162610.85423100175,2827.522242020386,False,2.95786131815203,44.51629890089336,156356.11389969583,533.5773959513737,0.0,6.381262132981735e-05,False,343888.0,2244.893798828125,False,350191.41437137127,3146.237852113268,False,367799.176066041,6395.393197099597,False,False,6.690198885423005,100.68859262001628,False,False
2MASS J03330296-2744494,53.26231935002,-27.74707839969,2026010200125,-1,g,20260102,g_6,0.725553318784593,53.26234981580879,-27.747278130599398,746282539084677803,746282539084677394,774.8874715207926,2081.317141287503,0.012153216,0.012500758,53.26234981580879,-27.747278130599398,6.7588985e-07,6.948421e-07,153311.7709070712,1232.1718571441534,148360.4566616559,754.8514168597433,False,152228.05699296165,983.9400149644532,False,153958.81511546983,1381.0178726670222,False,156444.24364385373,2010.1513977693623,False,160657.55942945028,2802.496806116662,False,2.381217610884332,43.68597157043048,154073.19719346508,514.6347538231201,0.0,0.0008277634819713,False,347823.96875,2248.192138671875,False,351778.5561697483,3155.470330991186,False,367084.4326221943,6403.389629795814,False,False,5.440814106386945,99.81752582593464,False,False
2MASS J03330296-2744494,53.26231935002,-27.74707839969,2026010200126,-1,g,20260102,g_6,0.7104632170795077,53.26234656227593,-27.74727427561464,746282539218895522,746282539218895102,771.0376847338964,2078.011294169093,0.012704488,0.014217081,53.26234656227593,-27.74727427561464,7.0704726e-07,7.89825e-07,152937.87298835622,1227.663468362883,147226.75556905763,758.5404738682453,False,152228.75680191797,989.0989998541604,False,154703.04112887295,1380.167794739746,False,153528.69951675332,2015.4790024667068,False,151229.45203555876,2815.819422515597,False,-1.243224193298005,43.29899530628132,157656.13214532117,545.2278939777318,0.0,0.0004700938550361,False,346305.5,2250.103271484375,False,351934.2543102205,3139.746446613713,False,344032.17961010337,6405.713174763896,False,False,-2.828213176780918,98.50097007985605,False,False
2MASS J03330296-2744494,53.26231935002,-27.74707839969,2026010200127,-1,g,20260102,g_6,0.7157126288812057,53.26234917502672,-27.747275448730004,746282539353113333,746282539353112886,769.3522490183968,2075.7444930684424,0.010059397,0.0096494425,53.26234917502672,-27.747275448730004,5.5913426e-07,5.366133e-07,151682.6635408842,1225.012894198267,148639.34242508846,754.348517508276,False,151417.92635804618,982.9457584094084,False,152821.65398062867,1379.2188772860195,False,155537.3375873448,2008.6970489059763,False,156728.83657709952,2800.8824314061253,False,1.8900154342002973,44.800071616265214,156018.4327372522,485.27670368764274,0.0,2.766589316161028e-05,False,346834.53125,2251.513671875,False,350049.8784925044,3159.2080561419484,False,358999.583966285,6415.638944136697,False,False,4.329227278057302,102.618046705063,False,False
2MASS J03330296-2744494,53.26231935002,-27.74707839969,2026010200128,-1,i,20260102,i_39,0.285031223023344,53.26227147306145,-27.74714528301033,746282539485235211,746282539485233525,2333.539462622816,846.3316669606853,0.019238291,0.011004751,53.26227147306145,-27.74714528301033,1.0403296e-06,6.587872e-07,234328.6451155386,1200.1536322755549,228239.0034045999,826.0470284964066,False,237568.1211692737,1006.620251138349,False,246057.45132564867,1330.5448836916664,False,252122.80092502385,1863.4333385139496,False,257950.0896336088,2547.0624756768066,False,9.216908638683211,36.26057519364172,152326.5476728373,470.8267522652412,,,False,411078.03125,1741.81396484375,False,425767.61632622033,2302.3197244886583,False,446346.1447834168,4407.331349082511,True,True,15.948556728709152,62.74379655498454,False,False
2MASS J03330296-2744494,53.26231935002,-27.74707839969,2026010200129,-1,i,20260102,i_39,0.3379029336371927,53.26224362759597,-27.74714411898633,746282539619453053,746282539619451284,2333.7392084372,846.4147151777762,0.028613599,0.014091137,53.26224362759597,-27.74714411898633,1.5417993e-06,8.7347377e-07,158550.8697550792,1145.6426926426095,152394.6358103287,755.5477127522806,False,162047.4128551679,946.9969685227204,False,167633.20315696116,1281.0776548825313,False,175377.62478115104,1822.4033889542488,False,178352.34510294496,2511.6227610986343,False,10.07585421518976,37.44518083046029,92041.43597720934,390.38761942192895,,,False,281726.09375,1646.3931884765625,False,291437.21998462453,2227.206205526016,False,310072.8892346658,4366.559496326706,True,True,17.51728706571174,65.09998733862247,False,False
2MASS J03330296-2744494,53.26231935002,-27.74707839969,2026010200130,-1,i,20260102,i_39,0.2930987999489321,53.26223941230361,-27.747118694287387,746282539753670730,746282539753669015,2335.4014862594613,848.2196333953848,0.043244198,0.023265965,53.26223941230361,-27.747118694287387,2.334766e-06,1.4114531e-06,124404.12328370924,1122.795298227479,119627.2021551768,719.3535738923792,False,128516.8101246734,920.0963575300126,False,136039.81843608696,1260.5801565842469,False,140703.8065400617,1808.9449208261144,False,145056.78329175303,2503.742101420917,False,11.050342365362065,37.951348877781456,54330.99971006413,323.1793072356605,0.0,0.9680126930875768,False,223013.921875,1596.6339111328125,False,236068.5221735835,2187.472006852138,False,251715.5701661408,4344.718366879492,False,False,19.175547436714137,65.85659218797804,False,False
2MASS J03330296-2744494,53.26231935002,-27.74707839969,2026010200131,-1,i,20260102,i_39,0.242327068523467,53.262283305704926,-27.74713767417216,746282539887888503,746282539887886753,2335.13423896997,847.1570745075097,0.025083484,0.011159786,53.262283305704926,-27.74713767417216,1.3490943e-06,7.1166653e-07,174364.2588213813,1154.6205411254823,168911.23296004534,771.2057564715817,False,177322.00828861323,959.6058818485208,False,183900.54691965564,1290.4583217987072,False,187764.97835559415,1829.5569334744227,False,192744.13162136392,2517.1610277481327,False,7.831018804947712,38.29028089153216,105463.26478884168,402.2951991756248,1.0,1.0,False,307966.46875,1666.60888671875,False,319391.837384671,2241.221471993216,False,334751.0563443601,4371.714489771504,False,False,13.600631029112131,66.50117888591495,False,False
2MASS J03330296-2744494,53.26231935002,-27.74707839969,2026010400131,-1,y,20260104,y_10,0.7155851309170268,53.26234994949412,-27.747275319953168,746291335984055540,746291335984054521,918.0167708570513,871.2375611728747,0.002942015,0.0028519593,53.26234994949412,-27.747275319953168,1.604968e-07,1.6151074e-07,2353500.5791915823,4095.117506644306,2298831.277350658,3004.6477818552794,False,2353975.2143777614,3507.44644149498,False,2400561.9773871405,4448.55719170998,False,2424801.910939121,6076.04667978448,False,2446295.7429399365,8200.62609175646,False,38.96354260845854,131.09970629616913,2369790.3675960544,3137.172277674033,0.0,5.863264512051547e-05,False,1183221.375,1763.0115966796875,False,1206638.126989603,2236.0592095412453,False,1229626.121353686,4122.029841641234,False,False,19.58495407193058,65.89702975562258,False,False
2MASS J03330296-2744494,53.26231935002,-27.74707839969,2026010400132,-1,y,20260104,y_10,0.7274688735466064,53.26234909770635,-27.747278752048004,746291336119322066,746291336119321425,53.07222680965808,2939.5117636810523,0.0030438022,0.0029099428,53.26234909770635,-27.747278752048004,1.6511648e-07,1.6576155e-07,2362545.48486254,4122.862229791682,2307480.282429963,3013.966283793619,False,2355157.4057480358,3519.23646492466,False,2396171.2207185286,4483.096208101611,False,2428800.0272817584,6106.600512240924,False,2449752.728833066,8258.007196076012,False,53.832596440821206,131.01846330144747,2215028.052759676,2904.679985732011,1.0,2.119643891373979e-05,False,1165022.375,1740.855712890625,False,1185310.6207062602,2217.646845586168,False,1211815.7093628943,4084.976712324609,False,False,26.629294163029588,64.81071749674496,False,False
2MASS J03330296-2744494,53.26231935002,-27.74707839969,2026010500062,-1,z,20260105,z_20,0.2271609463009372,53.26239064374119,-27.747079153989308,746295724769020831,746295724769019363,1528.3095473192966,2553.2671028665764,0.013646719,0.0073883147,53.26239064374119,-27.747079153989308,7.456325e-07,4.3328197e-07,167101.57716343526,1230.126330976387,163631.31184909542,822.6542251981979,False,171097.67945271556,1025.888364453139,False,177265.3290069302,1375.1268443734716,False,183142.5050847642,1946.576688569312,False,191699.16453944705,2674.606167196801,False,7.935325584846266,40.93640764122338,128614.4547902588,487.82435940122,,,False,208961.171875,1252.9149169921875,False,216493.706989944,1679.43900698234,False,234121.7145536542,3266.489883376822,True,True,9.691393470227617,49.9955331973205,False,False
2MASS J03330296-2744494,53.26231935002,-27.74707839969,2026010500063,-1,z,20260105,z_20,0.3388111656483455,53.26228606433513,-27.74716778480964,746295724898519669,746295724898517519,1743.1890229368528,905.5628130068188,0.01491626,0.0071525387,53.26228606433513,-27.74716778480964,8.038646e-07,4.451518e-07,486966.3499671441,1300.274365864055,470986.7167947561,919.2769331028574,False,497002.5872905639,1103.7775777812908,False,515590.95227026666,1437.6942591744223,False,527670.0040210622,1993.478211317193,False,533608.0139040843,2714.685946588256,False,22.0815527884526,46.345823660137285,253444.8481680349,597.1280279367174,,,False,606694.4375,1347.3887939453125,False,629385.3810157776,1755.0031572710204,False,651378.9306528568,3313.835592553236,True,True,26.95510162462118,56.574662054068206,False,False
2MASS J03330296-2744494,53.26231935002,-27.74707839969,2026010500066,-1,r,20260105,r_57,0.7143801013347267,53.26234710778929,-27.747275312156333,746295725305891026,746295725305889560,2185.6706990999446,1727.1632364018428,0.00389688,0.0032081811,53.26234710778929,-27.747275312156333,1.8734882e-07,2.0886696e-07,469582.1566411381,850.9499108344178,464678.207941661,634.237615965378,False,470116.9061150444,735.8525473714951,False,475172.1467655688,931.3289609217732,False,476492.7792932123,1267.5866363038688,False,477716.0706802744,1708.668437051719,False,2.3220960559201225,26.31854015303208,475826.6909787875,609.8331041018732,0.0,0.0007964649841522,False,995218.125,1557.76953125,False,1005919.8612196444,1971.585046592529,False,1011305.2433567344,3617.180697077836,False,False,4.915781697663912,55.715265380028825,False,False
2MASS J03330296-2744494,53.26231935002,-27.74707839969,2026010500067,-1,r,20260105,r_57,0.7181027609208709,53.26234735450279,-27.747276326983943,746295725440108862,746295725440107331,2185.6408950506966,1726.3635789698435,0.0037827196,0.0029582875,53.26234735450279,-27.747276326983943,1.7545668e-07,2.0116406e-07,469428.1725048036,850.2070631170469,464570.9101684353,633.9635694698165,False,469953.2488115738,735.5625803974483,False,474167.1647894373,932.5245518664832,False,477220.04514326464,1268.2483812045405,False,474998.1884857612,1710.1467905170837,False,2.664658261270722,26.903986090394472,469769.57573909714,603.5891265717281,0.0,0.001284593220006,False,996656.0,1559.948486328125,False,1005592.6860500574,1977.6566969487724,False,1007355.0842357874,3626.8034404694154,False,False,5.651089019516165,57.05678007060482,False,False
2MASS J03330296-2744494,53.26231935002,-27.74707839969,2026010500068,-1,r,20260105,r_57,0.7189924544660561,53.26234820239177,-27.747276480759933,746295725574326502,746295725574325029,2185.8556765590174,1725.840112223813,0.0038821883,0.0028902243,53.26234820239177,-27.747276480759933,1.7418155e-07,2.0503892e-07,471520.94812620734,852.6622405998844,465587.01683683856,635.3949225210744,False,470907.14994069387,737.2434434390939,False,474980.9738690572,933.2055234496646,False,476697.46111484297,1270.0362698234555,False,476841.8836748892,1712.7832374985462,False,1.9263208225325648,26.302488827908583,471964.66061544657,601.7810598052519,0.0,0.0003433559096008,False,997128.6875,1561.0860595703125,False,1005754.8608492612,1976.028605389205,False,1009695.269383043,3626.755936481353,False,False,4.078913972144448,55.69455924858845,False,False
2MASS J03330296-2744494,53.26231935002,-27.74707839969,2026010500069,-1,r,20260105,r_57,0.7147259052934888,53.26234736226824,-27.74727538074329,746295725708544291,746295725708542778,2185.925512794114,1725.17549838909,0.0039970367,0.0032367387,53.26234736226824,-27.74727538074329,1.899358e-07,2.1367582e-07,469951.1547791119,852.019508305231,464149.0862855219,635.3443842151206,False,469679.892166864,737.3670768591817,False,473469.5703620717,932.6266348781502,False,475383.2258940414,1270.9744232204655,False,475035.3098935288,1714.062871964143,False,2.5789879917263425,26.608684338320963,470664.7494248463,607.6179610062383,0.0,0.0002564669040777,False,993742.0,1560.1107177734375,False,1001760.1469376684,1973.2380986576711,False,1005072.9162501692,3626.589715504031,False,False,5.456585916528041,56.29827385145455,False,False
2MASS J03330296-2744494,53.26231935002,-27.74707839969,2026010500070,-1,r,20260105,r_57,0.7129999638544984,53.26234909657214,-27.74727469777998,746295725842761925,746295725842760462,2184.4109009382296,1725.5002120718102,0.0039696996,0.0034501487,53.26234909657214,-27.74727469777998,1.984423e-07,2.1469826e-07,470898.6129971465,852.928049909384,463797.5324301188,634.8248776050548,False,470019.4667503209,737.1932840998186,False,473788.59088461095,933.254773175743,False,476813.7440000846,1273.6932994017943,False,476188.0613355145,1714.5764310381176,False,2.88104312899039,26.357823048584947,466840.5862489003,603.3773010242137,0.0,7.909222361957013e-05,False,994835.9375,1560.3319091796875,False,1002813.60737741,1975.312626129663,False,1007892.2894414364,3629.0459690541,False,False,6.097971350045431,55.788560810668194,False,False
2MASS J03330296-2744494,53.26231935002,-27.74707839969,2026010500071,-1,r,20260105,r_57,0.7182837298134365,53.26234933727616,-27.74727615006298,746295725956532519,746295725956531276,2284.4460367661923,2469.1739665219848,0.004165032,0.0032741802,53.26234933727616,-27.74727615006298,1.9626236e-07,2.1962933e-07,470890.345728754,856.5708254904331,465347.8690188391,636.6318729417276,False,471064.08783221815,739.4402387593906,False,476942.2410599216,937.0081813793738,False,478446.4893281087,1276.2153024480342,False,478977.0906230385,1723.1771969763024,False,2.785147310321225,25.70848975789952,472677.31249908765,608.2677657823917,0.0,0.0003359235451703,False,994364.75,1560.87744140625,False,1006772.888331294,1977.9217522459808,False,1011068.233124882,3637.438528931838,False,False,5.879141247394665,54.2678090971275,False,False
