simbad_id,target_ra,target_dec,visit,detector,band,day_obs,physical_filter,sep_arcsec,src_ra,src_dec,sourceId,parentSourceId,x,y,xErr,yErr,ra,dec,raErr,decErr,calibFlux,calibFluxErr,ap09Flux,ap09FluxErr,ap09Flux_flag,ap12Flux,ap12FluxErr,ap12Flux_flag,ap17Flux,ap17FluxErr,ap17Flux_flag,ap25Flux,ap25FluxErr,ap25Flux_flag,ap35Flux,ap35FluxErr,ap35Flux_flag,sky,skyErr,psfFlux,psfFluxErr,extendedness,sizeExtendedness,apFlux_12_0_flag,apFlux_12_0_instFlux,apFlux_12_0_instFluxErr,apFlux_17_0_flag,apFlux_17_0_instFlux,apFlux_17_0_instFluxErr,apFlux_35_0_flag,apFlux_35_0_instFlux,apFlux_35_0_instFluxErr,extendedness_flag,sizeExtendedness_flag,localBackground_instFlux,localBackground_instFluxErr,localBackground_flag,sky_source
2MASS J03311212-2800076,52.80053788445,-28.0021142096,2025071200713,-1,r,20250712,r_57,0.2941341534702353,52.80056151029131,-28.00219320576686,745517357888701030,0,2153.844848229217,3804.809975649415,0.026169563,0.027768029,52.80056151029131,-28.00219320576686,1.4624284e-06,1.5360799e-06,104323.20558752792,1346.6156380145223,94757.03726399851,802.4142593909612,False,103579.49711555112,1055.7686319216243,False,107756.23547562269,1490.2238833514168,False,110773.87012508676,2173.1411403349352,False,107934.45399776874,3033.329167273916,False,-0.5706254861801916,48.15948780257116,105221.1318522994,768.3029613087449,0.0,0.0053242076406201,False,191958.828125,1956.6044921875,False,199699.37353515625,2761.7592116024693,False,200029.6572265625,5621.5209426795145,False,False,-1.057512371422418,89.25162893355879,False,False
2MASS J03311212-2800076,52.80053788445,-28.0021142096,2025071200714,-1,r,20250712,r_57,0.2728436357860977,52.800557622390144,-28.00218796867272,745517358022918862,0,2065.474257365819,3871.450957701669,0.029208723,0.02919683,52.800557622390144,-28.00218796867272,1.6242018e-06,1.6226293e-06,104073.8493706271,1319.3200320439,96193.97837654948,793.1133228267097,False,103753.45506665218,1042.6538545165772,False,106210.665694195,1470.942293520695,False,108149.51658296042,2151.638573867845,False,105875.30684708784,2996.7080910422005,False,-1.257331372505798,47.18828237882726,103376.1759146258,670.1958789439904,0.0,0.0001961951457605,False,194311.4375,1952.701904296875,False,198913.34814453125,2754.8086119150366,False,198285.28173828125,5612.291721410331,False,False,-2.354754029622436,88.37510978593869,False,False
2MASS J03311212-2800076,52.80053788445,-28.0021142096,2025071200735,-1,z,20250712,z_20,0.2739284366867382,52.80055143513391,-28.00218935433408,745517360841491529,0,2136.8230418815715,3742.356760675721,0.008244947,0.008617931,52.80055143513391,-28.00218935433408,4.597542e-07,4.772407e-07,596308.4301097058,2133.6976475038537,570725.3016438303,1374.7963254130668,False,595381.825729848,1733.1631807251606,False,610013.173524681,2365.182615875708,False,615597.5444812088,3386.861281143171,False,616805.9252662538,4685.179804261062,False,0.0570066000991319,73.25750311960958,596065.2550588747,1167.735396370787,0.0,2.0270433724878245e-05,False,701178.4375,2041.1383056640625,False,718409.7084960938,2785.4646872516228,False,726409.5009765625,5517.714704393661,False,False,0.0671364107154216,86.27502445105972,False,False
2MASS J03311212-2800076,52.80053788445,-28.0021142096,2025071200736,-1,z,20250712,z_20,0.2682903075144205,52.80054978879403,-28.002187989770093,745517360975709270,0,2133.7958526173425,3738.730509023183,0.008494619,0.008334737,52.80054978879403,-28.002187989770093,4.7143425e-07,4.637192e-07,598291.2897205635,2140.973147510933,571150.7986966191,1378.1407651196253,False,596471.9741908468,1737.0737794825973,False,612124.483721526,2371.527631628076,False,616438.6481479333,3392.138467752643,False,612887.8154649496,4694.162398070906,False,0.089937563479605,74.20339570963388,600022.4392740227,1184.0446472505623,0.0,0.0004340752283433,False,699918.0625,2038.3343505859373,False,718285.185546875,2782.8214851939447,False,719180.9018554688,5508.270619378517,False,False,0.1055354281515241,87.0724848832382,False,False
2MASS J03311212-2800076,52.80053788445,-28.0021142096,2025071200737,-1,z,20250712,z_20,0.2729727229312766,52.800551202377,-28.00218911805097,745517361109927005,0,2131.514488330262,3734.165441124888,0.007989053,0.008060296,52.800551202377,-28.00218911805097,4.4430902e-07,4.4748333e-07,597172.7460516249,2135.503855971584,569889.5611046933,1375.009896112718,False,596379.0820880866,1733.4150160911763,False,613421.1988717698,2365.167816718686,False,620599.409427746,3385.143489648058,False,620579.0814870304,4686.771331002642,False,0.359441400026553,73.8019232370974,597205.0934413169,1174.9717536084825,0.0,5.129326769026665e-05,False,699124.4375,2032.0511474609373,False,719102.603515625,2772.64355695883,False,727493.66015625,5494.217468201511,False,False,0.4213666678715931,86.51666300719269,False,False
2MASS J03311212-2800076,52.80053788445,-28.0021142096,2025071200738,-1,z,20250712,z_20,0.2729590897955349,52.80055001585819,-28.002189271185276,745517361244144616,0,2129.0614548830367,3729.019571764704,0.010718148,0.009079513,52.80055001585819,-28.002189271185276,5.8939884e-07,5.1173e-07,597069.1751645103,2153.484910499517,564846.4152117948,1384.05645769975,False,597663.8693231184,1747.6636956431369,False,616526.0415034556,2372.4472650458224,False,625028.9931364544,3407.0453495166325,False,626542.3054794092,4723.430049168309,False,0.376352848108035,73.75776807399652,596226.074878823,1231.793057447985,0.0,0.0003109582195489,False,692288.5,2024.361083984375,False,714137.009765625,2748.0629878258965,False,725739.0903320312,5471.263148794744,False,False,0.435938597028658,85.43540482232027,False,False
2MASS J03311212-2800076,52.80053788445,-28.0021142096,2025071200739,-1,z,20250712,z_20,0.2762433554402771,52.80055134078195,-28.00219001850025,745517361378362474,0,2125.2316432470675,3726.1195824175584,0.008161252,0.007565913,52.80055134078195,-28.00219001850025,4.5120441e-07,4.2287303e-07,591926.8323821729,2099.268781099602,571046.9480483591,1358.5158502974848,False,592345.3918572124,1708.999761983135,False,606523.2252889416,2329.269329230734,False,614492.6059570552,3334.522106737736,False,615447.4603204458,4613.210270891754,False,2.4232413055482254,70.95996258759492,593854.2310488807,1138.226065949739,0.0,6.591955495760526e-05,False,701530.375,2024.0137939453125,False,718321.5595703125,2758.615511277804,False,728890.7680664062,5463.547409638109,False,False,2.8699090178902305,84.0397677577633,False,False
2MASS J03311212-2800076,52.80053788445,-28.0021142096,2025071700590,-1,g,20250717,g_6,0.2783206103470829,52.800562137326246,-28.00218849615484,745539331612475913,0,1627.916503355866,3276.2597712006423,0.04446649,0.051770695,52.800562137326246,-28.00218849615484,2.7631584e-06,2.6025657e-06,31859.279598066125,698.6647424423028,29104.503200552,417.1732414498165,False,31786.26053644634,548.0623902926549,False,33371.37389660284,772.1114468639809,False,32893.459020650094,1126.1192598637758,False,31909.87376508065,1571.2377861073194,False,-0.2684269279685351,24.972962907134505,32121.2780653396,378.84124949187697,0.0,0.0004287894369456,False,60997.98046875,1051.7342529296875,False,64039.8203125,1481.685425107033,False,61235.19482421875,3015.2125531986626,False,False,-0.5151125119212215,47.92323091637604,False,False
2MASS J03311212-2800076,52.80053788445,-28.0021142096,2025071700591,-1,g,20250717,g_6,0.3098041891137159,52.80057378881587,-28.00219421461863,745539331746693638,0,1626.810097867433,3275.435284762195,0.067772895,0.07799515,52.80057378881587,-28.00219421461863,4.1742433e-06,3.9502766e-06,32449.071139011878,705.2029167464839,29857.88861457549,421.3019021271318,False,32985.86099406337,553.6297686630079,False,35163.78874485656,780.4671325251816,False,35140.089237168206,1137.1034334040214,False,36271.3704104145,1588.0941705188689,False,-0.1683699352893482,25.10798700617878,32145.40907564226,387.4503285402891,0.0,0.0757548051742483,False,62624.8671875,1051.08642578125,False,66759.74291992188,1481.7454826295132,False,68862.52734375,3015.055042155377,False,False,-0.3196564988181174,47.668434420748085,False,False
2MASS J03311212-2800076,52.80053788445,-28.0021142096,2025071700592,-1,g,20250717,g_6,0.286302649030125,52.800574363632144,-28.00218692406165,745539331880911353,0,1626.499859497052,3274.9266771997104,0.050594423,0.061813593,52.800574363632144,-28.00218692406165,3.2611915e-06,3.0166348e-06,32311.83621770515,696.2371320664022,29910.07423122686,416.2771593841433,False,32568.273100220475,546.6590220279588,False,34411.236971348975,771.6763317972212,False,36302.67860753615,1121.8604718456204,False,36458.01664099196,1566.1973069917924,False,0.4019956648754136,24.890253913313813,32907.376371266655,379.6122136448861,0.0,0.0005817840759116,False,62603.30859375,1050.797607421875,False,66145.88623046875,1483.3298463610408,False,70080.2421875,3010.5720689146283,False,False,0.7727231525019012,47.84448478176848,False,False
2MASS J03311212-2800076,52.80053788445,-28.0021142096,2025071700593,-1,g,20250717,g_6,0.2745944001250922,52.80056658192028,-28.002186154405926,745539332015129168,0,1623.1759945276306,3268.4731325398466,0.039348017,0.060032923,52.80056658192028,-28.002186154405926,3.0369029e-06,2.592392e-06,33692.828955138735,691.398944847873,31005.08571890225,416.24636987181407,False,33570.88291140023,546.1740239702574,False,34325.993051541205,768.7447774902133,False,34807.612903351976,1120.382517372111,False,32427.11173467246,1564.1406122686624,False,-0.2230437241848216,24.550691891427583,33536.49341701858,350.84713177123297,0.0,9.729305345174132e-05,False,64567.9921875,1050.474609375,False,66020.32055664062,1478.552319227615,False,62368.13916015625,3008.36350058635,False,False,-0.4289873900142767,47.21915972323464,False,False
2MASS J03311212-2800076,52.80053788445,-28.0021142096,2025071700594,-1,g,20250717,g_6,0.2859587003273069,52.80056732109809,-28.0021892701827,745539332149346885,0,1622.3151389096874,3266.8881970866246,0.04335145,0.053846925,52.80056732109809,-28.0021892701827,2.831291e-06,2.6015907e-06,34199.09231606191,682.6203080196759,30911.49582631184,410.8814481143109,False,33249.228053086415,538.791835896568,False,34423.25239182674,758.3133959061526,False,32827.99978376933,1104.3164414615496,False,34220.8545097521,1541.5440174023088,False,0.3479325120519059,24.27093401907491,32869.1968854659,348.70774040699064,0.0,0.0068598848200817,False,64815.88671875,1050.3182373046875,False,67104.52416992188,1478.2525202656936,False,66709.970703125,3005.0785613544463,False,False,0.6782579809347803,47.31364311456805,False,False
2MASS J03311212-2800076,52.80053788445,-28.0021142096,2025071700595,-1,g,20250717,g_6,0.2736196171359992,52.80056879785199,-28.002185145103883,745539332283564609,0,1612.8400904046366,3263.552561482141,0.045605954,0.0525886,52.80056879785199,-28.002185145103883,2.813053e-06,2.659682e-06,33501.724027077405,682.2620630842603,30912.25535842824,411.2820008866154,False,33472.990470139455,539.511152386724,False,35047.60131408547,759.1645131071366,False,35403.590402139,1106.0996474877538,False,36250.77148504285,1544.4999399485105,False,0.0884502712412776,24.382013465395275,32867.94778926451,339.33101448777217,0.0,0.0057763639587599,False,65064.00390625,1048.68896484375,False,68124.69506835938,1475.645950736093,False,70463.388671875,3002.162302040476,False,False,0.1719275365816271,47.3931787113525,False,False
2MASS J03311212-2800076,52.80053788445,-28.0021142096,2025071700602,-1,i,20250717,i_39,0.2730541341534923,52.80055179690597,-28.002189056680383,745539333223090472,745539333223089590,1509.9062300991263,3219.082626794421,0.0061646206,0.0073138196,52.80055179690597,-28.002189056680383,3.8752503e-07,3.6409173e-07,349969.4682787239,1047.3688209525044,335066.756373246,717.1558737810778,False,349377.10669426224,872.830824759778,False,357528.34563145105,1149.9415000236686,False,361142.9930291309,1616.7229232921122,False,363419.4791681902,2214.646943309576,False,2.7104809069721787,34.054355539854186,349103.7366634278,676.6149791671037,0.0,9.90399230671457e-06,False,570179.0625,1424.448974609375,False,583481.7823587656,1876.690126085205,False,593096.0385097265,3614.2760750771376,False,False,4.423470893912831,55.5762817417442,False,False
2MASS J03311212-2800076,52.80053788445,-28.0021142096,2025071700603,-1,i,20250717,i_39,0.2719721640960563,52.800551345657226,-28.002188816658528,745539333357307362,0,1509.713479609124,3218.802598678324,0.0055945185,0.0066018654,52.800551345657226,-28.002188816658528,3.5030973e-07,3.2973287e-07,348238.054613494,1044.6897240812418,335206.78349172726,715.7206639710931,False,348204.492201469,870.2494992646374,False,356030.09374571586,1150.130088574728,False,358857.7069984392,1611.4243508758482,False,359841.0759936133,2208.1746111847883,False,3.466565294388577,34.67367702848679,347223.3706083004,673.2339176760158,0.0,5.377600128275706e-05,False,569170.25,1422.497802734375,False,581961.8701171875,1879.9867454548548,False,588191.2490234375,3609.4516976090767,False,False,5.666399714644882,56.67711320422714,False,False
2MASS J03311212-2800076,52.80053788445,-28.0021142096,2025071700604,-1,i,20250717,i_39,0.272674356150385,52.80055221178174,-28.002188888647268,745539333491525028,0,1508.6048098273066,3218.0305775251504,0.00634505,0.006786648,52.80055221178174,-28.002188888647268,3.6974293e-07,3.6060234e-07,346821.9341782679,1050.785565464128,334174.9519159368,717.4440382171695,False,347730.88931678806,873.0949859987128,False,357289.89119806973,1154.9415120941126,False,362083.59296631865,1617.711732654024,False,362440.5414912497,2217.2870777563176,False,3.369381347068777,35.2932567225653,345893.4785794486,670.1267529956662,0.0,1.7545254906048413e-05,False,567103.0,1423.9022216796875,False,582692.4653320312,1883.5565561057167,False,591092.4934082031,3616.101394176987,False,False,5.495014474615713,57.55862473552951,False,False
2MASS J03311212-2800076,52.80053788445,-28.0021142096,2025071700605,-1,i,20250717,i_39,0.2733408596238961,52.80055080741601,-28.002189275397225,745539333625743607,745539333625742754,1504.852274079942,3220.709886051682,0.0062567336,0.0072235926,52.80055080741601,-28.002189275397225,3.853705e-07,3.6565257e-07,348259.04176553944,1046.6510781872262,334036.5603027972,715.1171074464077,False,347505.9276771178,870.0335074144325,False,355265.8696511647,1150.3565913163543,False,358605.6968907725,1612.9934642883748,False,357328.44996916514,2208.3691320827265,False,2.028758073649969,34.39192447047672,346991.3146697022,670.4228643476222,0.0,9.566551815720636e-05,False,567505.1875,1420.8348388671875,False,580177.7981642485,1878.6250278108157,False,583546.1580593586,3606.444778508287,False,False,3.313125444146708,56.16478451336904,False,False
2MASS J03311212-2800076,52.80053788445,-28.0021142096,2025071700606,-1,i,20250717,i_39,0.2731729650007529,52.80055113807328,-28.00218918323808,745539333759960519,0,1498.7453644342206,3217.518944366568,0.005800425,0.0066472953,52.80055113807328,-28.00218918323808,3.5532557e-07,3.3803778e-07,349534.0878448547,1038.330884110341,335429.7732119312,711.7177277565557,False,349149.4041681523,864.8686251922202,False,357357.08367405133,1142.2413722483925,False,361050.4485192526,1601.10705679926,False,361550.8764053857,2191.907937173771,False,3.26369984403009,34.30349761493216,348873.43620218977,672.9765772455115,0.0,0.0001038522280186,False,571823.875,1416.4495849609375,False,585266.1064453125,1870.7203273640048,False,592134.5438017845,3589.8250872406616,False,False,5.345165907118031,56.18098927866652,False,False
2MASS J03311212-2800076,52.80053788445,-28.0021142096,2025071700607,-1,i,20250717,i_39,0.2714020225967611,52.80055102502028,-28.002188700929427,745539333894179128,745539333894178194,1488.8471506282183,3213.5861769610533,0.006325902,0.006642394,52.80055102502028,-28.002188700929427,3.63852e-07,3.5728567e-07,351668.79229351535,1037.3225959678912,335433.23288211913,710.6997572568632,False,349126.3396883455,863.2805952529392,False,355099.2955945116,1138.3284866565396,False,357211.79538598703,1595.3966436323733,False,357513.5874332158,2184.653779164951,False,2.3215163594016097,33.46915444431032,349522.382742045,677.9799177354113,0.0,2.388589798285601e-06,False,571440.375,1412.993896484375,False,581216.7446830347,1863.1847080597397,False,585168.3910552338,3575.7811224601246,False,False,3.799794023473891,54.78138997951994,False,False
2MASS J03311212-2800076,52.80053788445,-28.0021142096,2025071900574,-1,i,20250719,i_39,0.2732345338573064,52.800551883332325,-28.002189094906345,745548125558014714,0,2231.989326472695,2071.1408733507174,0.008673718,0.0092592705,52.800551883332325,-28.002189094906345,5.142493e-07,4.833105e-07,349257.97154364886,1020.9513559694892,333521.8527350211,704.9731399932189,False,349327.8356431403,854.7264470381916,False,359014.7240874933,1121.3095674361891,False,361018.5069426522,1568.8274493201295,False,363172.83194415295,2146.7448013421367,False,1.2225843079957377,33.47713480199111,348934.39290113765,678.0162354777424,0.0,0.0014351531950805,False,559061.0625,1367.8963623046875,False,574563.8698730469,1794.5335418465993,False,581218.4675292969,3435.6306801177006,False,False,1.9566127072740933,53.57649932877428,False,False
2MASS J03311212-2800076,52.80053788445,-28.0021142096,2025071900575,-1,g,20250719,g_6,0.2683683127742868,52.80057549064422,-28.002180953415905,745548125692232323,0,2224.0524032934736,2056.0843015298974,0.032826107,0.035868667,52.80057549064422,-28.002180953415905,1.9913725e-06,1.8318185e-06,31991.8279821572,387.7804122700151,30253.224913543207,248.60343963478243,False,32355.66225704493,314.79466728478405,False,33404.96351647568,428.63657940904176,False,33181.95231397509,615.1189967340454,False,32320.935311314523,851.6692877398756,False,-0.5095889349715534,13.294259265434537,32297.532329150243,228.2938520410728,0.0,0.0001045464241677,False,61508.4296875,598.427734375,False,63503.16162109375,814.8423202288511,False,61442.41342478991,1619.03162685367,False,False,-0.9687335381120548,25.27251659320719,False,False
2MASS J03311212-2800076,52.80053788445,-28.0021142096,2025071900576,-1,g,20250719,g_6,0.2594043553270123,52.800565947602,-28.00218187227903,745548125826450070,0,2223.863060767695,2055.1127595015164,0.03114402,0.039028663,52.800565947602,-28.00218187227903,2.1590545e-06,1.7475409e-06,32963.15565589819,389.3369131534662,30480.472838846003,249.21480497114328,False,33014.71014932528,315.6731027383643,False,34127.70044416099,430.6185966063299,False,34345.398903389214,617.0740503537216,False,34799.20599324416,853.4080603499203,False,0.2692271692549969,13.523533847394852,32358.139493425144,230.37775929532071,0.0,0.0064664236637077,False,62711.91796875,599.6256103515625,False,64826.05908203125,817.9662333563243,False,66101.5935549736,1621.0609159513708,False,False,0.511400889994583,25.688147539371094,False,False
2MASS J03311212-2800076,52.80053788445,-28.0021142096,2025071900577,-1,g,20250719,g_6,0.2750166941866971,52.80056827762216,-28.002185734779623,745548125960667784,0,2222.876114182834,2055.756392341045,0.032341007,0.035053793,52.80056827762216,-28.002185734779623,1.9470745e-06,1.8040301e-06,33334.780179218564,389.36235854964224,31070.359049148818,249.2417130178055,False,33068.441284418564,314.98507320113214,False,33926.57398057376,429.8157635772775,False,34180.846524274406,615.3873394456571,False,34838.80296430221,851.9784460214534,False,0.0342162588459653,13.526910547836003,32962.06538236594,228.4374809794808,0.0,4.791864055553319e-05,False,63013.88671875,600.2228393554688,False,64649.10974121094,819.039567152305,False,66387.41646537185,1623.495731856854,False,False,0.065201121525949,25.776334650452203,False,False
2MASS J03311212-2800076,52.80053788445,-28.0021142096,2025071900578,-1,g,20250719,g_6,0.2570244827849884,52.80056295188933,-28.002182088049697,745548126094885584,0,2219.898619195208,2052.197581281456,0.028777957,0.033068772,52.80056295188933,-28.002182088049697,1.8335397e-06,1.6085439e-06,33442.31135614651,385.2432704518863,31217.90069397473,247.8007441168444,False,33153.727986511825,312.96380525392374,False,33812.891252621135,426.7759372451205,False,33946.43709430738,611.2631390444581,False,35126.487872895,845.424872951871,False,0.4115268305113057,13.464110293547495,33027.69172066938,222.0812521925876,0.0,6.557501836312873e-06,False,63750.30078125,601.7886352539062,False,65017.78588867188,820.6345415105404,False,67543.66109889746,1625.6419175713447,False,False,0.7913124953948946,25.889730449462043,False,False
2MASS J03311212-2800076,52.80053788445,-28.0021142096,2025071900579,-1,g,20250719,g_6,0.2651271086128728,52.80056356536745,-28.00218427859648,745548126229103190,0,2217.841813135992,2040.9759523583105,0.036064483,0.037752625,52.80056356536745,-28.00218427859648,2.09937e-06,2.0096516e-06,33013.16956341595,395.73158317470296,29938.678454969704,250.6776502345325,False,32982.93218919614,318.7043863516385,False,34477.643876455346,434.60397031646863,False,35390.35264061593,623.7203706988214,False,36414.1062942159,863.1032978694511,False,0.1257375849635726,13.499585357197798,32787.80564941046,242.90892311221012,0.0,0.001890513788493,False,62122.671875,600.2731323242188,False,64937.93048095703,818.5676060779676,False,68585.21746826172,1625.637243535839,False,False,0.2368241455380845,25.42619033332805,False,False
2MASS J03311212-2800076,52.80053788445,-28.0021142096,2025071900580,-1,g,20250719,g_6,0.2851025771434977,52.800578953804745,-28.002184615472316,745548126363321003,0,2218.740721900167,2037.621478264514,0.03970339,0.041681867,52.800578953804745,-28.002184615472316,2.314614e-06,2.212127e-06,33016.761175303924,395.7011581244085,30235.323575424543,250.6752897897362,False,32932.586910058904,318.2237938619606,False,34147.92729180643,434.9504681062456,False,34826.23170395459,623.3502066692656,False,35169.803219704496,862.2633335686314,False,0.1287652171036181,13.392478765040636,32836.55411417404,241.77056327697068,0.0,2.783232325165308e-06,False,62204.10546875,601.0711059570312,False,64499.67858886719,821.5481178461329,False,66429.8299665451,1628.6700917126095,False,False,0.2432157901016113,25.29613491535738,False,False
2MASS J03311212-2800076,52.80053788445,-28.0021142096,2025071900586,-1,i,20250719,i_39,0.2673566216899238,52.80055064603455,-28.002187615593694,745548127168627483,0,2171.458247903181,2037.3377852618617,0.007792537,0.00780697,52.80055064603455,-28.002187615593694,4.3423302e-07,4.3331718e-07,346168.98622296087,1016.2449922344268,335484.1959484158,702.7371650648375,False,346100.5897378554,850.3857353228358,False,353992.434104607,1120.6386629493095,False,356130.19081451854,1568.2914950672418,False,358934.5576999475,2144.201057134507,False,1.25639446470754,33.73367318576035,349720.6733834612,665.3819262180988,0.0,0.0002373910537878,False,562563.75,1382.24609375,False,575391.4240722656,1821.5244565207256,False,583424.5209960938,3485.2578216327056,False,False,2.0421865853521504,54.83186753027399,False,False
2MASS J03311212-2800076,52.80053788445,-28.0021142096,2025071900587,-1,i,20250719,i_39,0.2824911801799079,52.80055292664037,-28.00219154726789,745548127302845190,0,2170.3093694773534,2035.5444870883225,0.00836469,0.008894994,52.80055292664037,-28.00219154726789,4.9371994e-07,4.6619658e-07,348182.4999236444,1022.5913242172973,333337.12152701063,703.5848391561568,False,348202.1755166808,853.482053975641,False,356824.7256525196,1124.9104366458089,False,359691.7951888289,1573.4807384190028,False,360182.086064465,2152.5344593829245,False,0.8584915298802261,33.772951048912766,345399.44702089473,669.9894835039654,0.0,0.0060522965733604,False,563656.8125,1381.585205078125,False,577614.6779785156,1820.9634392056937,False,583049.4489284754,3484.443227190769,False,False,1.3896943595269282,54.67040494132913,False,False
2MASS J03311212-2800076,52.80053788445,-28.0021142096,2025071900588,-1,i,20250719,i_39,0.2810901660744084,52.80055694703807,-28.002190454600846,745548127437062918,0,2169.7459409862886,2035.9972282873096,0.008236145,0.008497322,52.80055694703807,-28.002190454600846,4.7210565e-07,4.58382e-07,349065.4072085804,1020.7089765798668,334196.15450290585,703.2871179594532,False,348216.1247252568,852.2999448548139,False,355344.4345638014,1118.5956924929876,False,358762.61746826745,1567.1573973969462,False,358540.31774734944,2143.0046194322763,False,0.7738797501495208,34.244450831988324,349838.8514125962,672.9149030671989,0.0,1.428120474178396e-05,False,564169.6875,1380.8717041015625,False,575718.7687988281,1812.3163675161125,False,580896.6462402344,3472.03406335672,False,False,1.2538175742117372,55.48186816373089,False,False
2MASS J03311212-2800076,52.80053788445,-28.0021142096,2025071900589,-1,i,20250719,i_39,0.2687364760680384,52.80055096143076,-28.002187960294208,745548127571281792,745548127571280652,2167.270563870964,2035.0240790670307,0.007990086,0.008445193,52.80055096143076,-28.002187960294208,4.6890455e-07,4.4514772e-07,348133.73327286594,1021.7819682664076,333349.03034763946,702.8233608004114,False,348100.1551345879,852.1386707464592,False,355204.4900363588,1120.1193268126303,False,358636.3156646843,1567.5371457261558,False,359458.10377044295,2144.7393359250814,False,0.6277529958414172,33.54885707869764,350307.8363521568,676.5026609886039,0.0,0.0032704494673401,False,564231.75,1381.2222900390625,False,575747.0890628695,1815.5892166493168,False,582641.7252346873,3476.3846294034747,False,False,1.0175179935625134,54.37897702945493,False,False
2MASS J03311212-2800076,52.80053788445,-28.0021142096,2025071900590,-1,i,20250719,i_39,0.2719043966288196,52.80055134653923,-28.00218879747271,745548127705498415,0,2168.343222550008,2033.0060423720408,0.007811674,0.0077617173,52.80055134653923,-28.00218879747271,4.3192577e-07,4.342312e-07,347933.5343702356,1010.3659183941526,335272.77434593096,699.3754184949503,False,347263.148465615,845.6555694504931,False,354478.1693614894,1111.096267236058,False,355640.617956892,1551.9405695119217,False,358686.3488312315,2122.739593610639,False,1.2206460431048511,33.25072316837321,350885.93765011715,665.9434928432796,0.0,0.0025957559308931,False,564339.3125,1374.2796630859375,False,576064.4838867188,1805.6488468294824,False,582903.2202148438,3449.6761552957423,False,False,1.9836788090396693,54.03593884314962,False,False
2MASS J03311212-2800076,52.80053788445,-28.0021142096,2025072100524,-1,g,20250721,g_6,0.2700830730817363,52.80056337201759,-28.00218577805473,745556914941198542,0,3965.832405555973,734.9919249759173,0.030600483,0.024487048,52.80056337201759,-28.00218577805473,1.4759743e-06,1.6049406e-06,32963.10342374184,397.614175417619,30532.62299281404,254.8159059637512,False,32635.263059466582,322.9992453377952,False,33490.318519048655,440.4379524302285,False,33268.087006038404,632.6315277078389,False,33329.67663484011,876.1996845492981,False,0.1229826969420834,13.869069656539546,32232.23113937669,233.0069696908343,0.0,0.0034013979616247,False,61245.24609375,606.1593017578125,False,62849.89324951172,826.5516578329549,False,62548.42328086496,1644.327646745342,False,False,0.2307965321366122,26.02750842419619,False,False
2MASS J03311212-2800076,52.80053788445,-28.0021142096,2025072100525,-1,g,20250721,g_6,0.2331619113871561,52.80056443854577,-28.00217458428603,745556915075416271,0,3964.9005948934464,734.2021746479973,0.029741675,0.025884189,52.80056443854577,-28.00217458428603,1.51006e-06,1.5911779e-06,32282.48830799692,404.4402664973842,30159.697733486268,257.5218188898749,False,32372.70675098238,326.8402291058765,False,33535.1537832988,447.4648639965,False,33447.04905026358,641.9806961524604,False,33585.27829643903,888.6356545689027,False,0.1798324953053277,13.961005784488778,32113.686083877965,240.0439907735592,0.0,0.0003386612586483,False,59912.703125,604.8886108398438,False,62064.063049316406,828.1306151416353,False,62156.82931375504,1644.6126846301197,False,False,0.3328189695824277,25.83786401695006,False,False
2MASS J03311212-2800076,52.80053788445,-28.0021142096,2025072100526,-1,g,20250721,g_6,0.2711015963068287,52.80056044428419,-28.00218683354048,745556915209633997,0,3964.98854123216,733.9573921765285,0.02723364,0.024080219,52.80056044428419,-28.00218683354048,1.396372e-06,1.4627091e-06,32941.76466012901,396.8671097252948,30535.41002028579,254.4573871762591,False,32979.543393827385,322.83854495645465,False,34245.12881834537,439.0936007574156,False,34855.881181523844,630.9791099560549,False,35051.989875605046,875.5649530954958,False,0.1909278062840569,13.649293669983487,33080.72361424263,242.37577819691973,0.0,0.0012747909199954,False,61853.03515625,605.4827270507812,False,64226.63684082031,823.5187370609896,False,65739.90234437585,1642.119455041705,False,False,0.3580845305639913,25.599209520453314,False,False
2MASS J03311212-2800076,52.80053788445,-28.0021142096,2025072100527,-1,g,20250721,g_6,0.258130676358572,52.800563962299066,-28.002182115185715,745556915343851757,0,3954.8454889452687,732.0640131508414,0.028957888,0.024450466,52.800563962299066,-28.002182115185715,1.442568e-06,1.5378874e-06,32938.178621109495,391.00521845436975,31145.603365344385,252.3079782674992,False,32731.407340024743,318.8234993179281,False,33349.30172333811,434.8795897605599,False,33120.33677325636,623.7368317625333,False,33297.75140963382,863.6847694649729,False,0.0957166865833163,13.58249377798116,32748.170056770385,223.11402730225848,0.0,4.261128985638685e-05,False,62143.1484375,605.3114624023438,False,63316.26947021485,825.6530682652019,False,63218.39714950323,1639.7733917917508,False,False,0.181725649633744,25.787431570788836,False,False
2MASS J03311212-2800076,52.80053788445,-28.0021142096,2025072100528,-1,g,20250721,g_6,0.2701102321013779,52.80056767243352,-28.00218447955749,745556915478069513,0,3946.9988508829792,731.6333070594743,0.026881529,0.025641479,52.80056767243352,-28.00218447955749,1.448713e-06,1.4743756e-06,32691.458978821916,386.81998668391,31121.13906214453,249.9217143937948,False,32635.490795799607,315.54914161123406,False,33714.861103647665,431.1184690232466,False,33399.45682069674,616.2604081099715,False,33261.860700718724,853.7785165689759,False,-0.203773538619483,13.2095191610828,32364.26847981583,214.7923913967917,0.0,0.0014520303630057,False,62497.06640625,604.277587890625,False,64564.063903808594,825.5932094324284,False,63696.56672286987,1634.9885154204114,False,False,-0.3902269604162805,25.296270289616047,False,False
2MASS J03311212-2800076,52.80053788445,-28.0021142096,2025072100529,-1,g,20250721,g_6,0.2715828234597505,52.80055791643901,-28.00218754662925,745556915612287219,0,3939.696107087649,731.606615600202,0.030115264,0.028033419,52.80055791643901,-28.00218754662925,1.5969961e-06,1.6403283e-06,33275.67436187865,390.5593573691768,31467.30792278378,251.48349716528688,False,33253.93388749915,317.6609473424009,False,33859.27943040665,433.705351097658,False,34775.22714061374,621.8804930948162,False,35860.567841230506,860.9663636422044,False,0.2073967190536442,13.356286588107134,32370.518169974,220.0991442814837,0.0,0.0029010455948648,False,63277.07421875,604.45947265625,False,64428.95281982422,825.2739595657931,False,68237.0940079689,1638.2853432121317,False,False,0.3946437624095977,25.414940096463557,False,False
2MASS J03311212-2800076,52.80053788445,-28.0021142096,2025072100530,-1,i,20250721,i_39,0.2728907011765167,52.80055071664616,-28.002189161073115,745556915746506780,745556915746505019,3940.706114332205,731.3363786481298,0.0066957055,0.006985144,52.80055071664616,-28.002189161073115,3.8369575e-07,3.772394e-07,348239.52326062805,935.3075047502214,336326.29096042,663.7611318565966,False,348037.1945795617,791.4946821986397,False,354805.0141340156,1025.7622532571736,False,358434.8958945003,1419.9420734309613,False,357585.54632830736,1932.389301446463,False,1.263507325732598,29.734467080635447,349194.67301826965,645.839578106357,0.0,0.0011114730716312,False,559981.625,1273.49169921875,False,570870.8479073048,1650.4213411342828,False,575344.6425498724,3109.157636050405,False,False,2.032946180703108,47.84188429756136,False,False
2MASS J03311212-2800076,52.80053788445,-28.0021142096,2025072100531,-1,i,20250721,i_39,0.2733542211680622,52.80055080942592,-28.002189278881644,745556915880722745,0,3940.858423321769,731.1907263013675,0.0075277593,0.007643959,52.80055080942592,-28.002189278881644,4.231856e-07,4.2050075e-07,348299.36386237055,944.1031561896926,335557.9249763361,667.0564509628119,False,348146.69699462794,796.5309945508226,False,355632.98588348203,1033.0954807682508,False,358637.17124879925,1430.3798343305414,False,359938.63355450094,1946.907112431172,False,1.2756606168190212,29.515460651792505,346266.5986973346,649.8931952577991,0.0,0.0003699146658856,False,557113.25,1274.6292724609375,False,569093.0009765625,1653.185814541833,False,575983.0085166693,3115.490562506707,False,False,2.04134474998054,47.23139513002753,False,False
2MASS J03311212-2800076,52.80053788445,-28.0021142096,2025072100532,-1,i,20250721,i_39,0.2744856851398962,52.8005530243248,-28.00218927468794,745556916014941977,745556916014940447,3941.25149938056,733.2147293284111,0.008976294,0.0087969825,52.8005530243248,-28.00218927468794,4.923697e-07,4.958535e-07,348512.5321950164,960.1774080268908,329706.14478219504,670.4382050810423,False,347500.5900327153,804.8541905363206,False,357503.73516639345,1047.4819680000933,False,360562.33359020646,1450.5553571047883,False,364581.1675856447,1974.921973371592,False,1.6392084683881456,30.70019208874173,347897.5577815281,671.4672840234076,0.0,0.0003528164532768,False,549789.875,1273.381103515625,False,565616.1155025959,1657.2489278286057,False,576813.508533597,3124.576291431618,False,False,2.5934350754604902,48.57158593415991,False,False
2MASS J03311212-2800076,52.80053788445,-28.0021142096,2025072100533,-1,i,20250721,i_39,0.2699629437406823,52.80054938810293,-28.00218850827478,745556916149159838,745556916149158212,3942.8027039157246,736.0313297945744,0.0077629467,0.0076901843,52.80054938810293,-28.00218850827478,4.2901934e-07,4.3028214e-07,347276.67590071115,946.8624788991611,334148.2241203108,668.1636151504758,False,347194.22111485247,798.8412986509675,False,355364.7523435485,1035.7844137688555,False,358540.7661066451,1437.2920179641965,False,357568.0641636725,1955.020147734452,False,0.6333751906890221,29.91286897163092,349377.779220062,658.8374947981629,0.0,0.0002075312057724,False,555110.6875,1277.2255859375,False,568174.1226949692,1656.0615444080536,False,571696.8827666044,3125.779498288999,False,False,1.0126704771175294,47.8261222396513,False,False
2MASS J03311212-2800076,52.80053788445,-28.0021142096,2025072100534,-1,i,20250721,i_39,0.2777461124362576,52.800551626489145,-28.00219040125662,745556916283377622,745556916283375937,3923.33443084401,773.3862622735796,0.0075936555,0.0073108505,52.800551626489145,-28.00219040125662,4.1187963e-07,4.1713275e-07,349327.32450403937,941.4877698391688,335378.7485987483,665.3864171403065,False,347975.52673553565,794.746967692307,False,354682.86681732547,1031.3936061949048,False,355016.1553480472,1429.304031312479,False,353054.1057943307,1945.1814317924352,False,-0.554473462494364,30.32457344793545,347745.00213200465,646.9180601169097,0.0,0.0003605505934094,False,558809.3125,1276.273681640625,False,569580.5415429473,1656.3013997036155,False,566964.9356811643,3123.741226243806,False,False,-0.8904216261491714,48.69783285988213,False,False
2MASS J03311212-2800076,52.80053788445,-28.0021142096,2025072100535,-1,i,20250721,i_39,0.2768733994965442,52.80055214773721,-28.00219008081429,745556916417595372,745556916417593666,3921.479827247139,773.539513149194,0.0076135127,0.007090475,52.80055214773721,-28.00219008081429,4.0395545e-07,4.1405582e-07,347936.9129511067,932.3033661324536,336427.9570007613,662.6331626734793,False,347467.1336050612,790.0681478583224,False,353681.46460127534,1024.965144393856,False,355226.0576273325,1420.7950383133057,False,357891.3460257849,1930.715624400523,False,1.0971284806423005,29.460447507411317,344604.98511022486,637.4955936700726,0.0,0.0008565836091435,False,559535.8125,1272.268310546875,False,569542.9193795323,1650.5293577045309,False,576322.206384182,3109.084086304661,False,False,1.7667359484158658,47.44096301035846,False,False
2MASS J03311212-2800076,52.80053788445,-28.0021142096,2025072200465,-1,r,20250722,r_57,0.2581523436275006,52.80055529814903,-28.002184250912407,745561305067815167,0,3869.885062942315,2238.683082955917,0.05656166,0.05038244,52.80055529814903,-28.002184250912407,2.803836e-06,3.1445597e-06,104458.04764019372,1778.732222080553,92499.44962966169,1072.047668681904,False,104601.10441050696,1398.3412540760069,False,111340.58599958933,1956.0678802179243,False,113270.94964595098,2837.374965994673,False,113176.54784435904,3950.322201718178,False,0.2183914253739708,62.51765654090219,104129.41000580668,1057.7105709392424,0.0,0.0037247427129963,False,64257.609375,859.0164184570312,False,68397.7470703125,1201.6340216136584,False,69525.5986328125,2426.726394275997,False,False,0.1341602555882809,38.40528430063291,False,False
2MASS J03311212-2800076,52.80053788445,-28.0021142096,2025072200466,-1,r,20250722,r_57,0.2887286186964852,52.80056058111785,-28.00219186808143,745561305202032884,0,3868.434315785298,2237.190297017938,0.06077959,0.060344942,52.80056058111785,-28.00219186808143,3.357756e-06,3.37981e-06,101640.60038295564,2008.4477850037013,93795.94736414026,1212.1706522907173,False,102894.87614433156,1583.1462583346656,False,111027.72976842849,2221.6671200220067,False,112794.4123582829,3227.5685120850767,False,111715.84291850158,4500.426240771441,False,-0.3029612488533516,71.23292970059505,104270.30196390027,1165.3294893281918,0.0,0.0121942610494606,False,55362.51171875,851.8106689453125,False,59738.38757324219,1195.3663445286704,False,60108.62634277344,2421.4509976627714,False,False,-0.1630080750225463,38.32682494100404,False,False
2MASS J03311212-2800076,52.80053788445,-28.0021142096,2025072200467,-1,r,20250722,r_57,0.2749608310973049,52.80055102911245,-28.002189700693723,745561305336250598,0,3869.107957771204,2236.2328128031863,0.057693075,0.053892814,52.80055102911245,-28.002189700693723,2.9991909e-06,3.20759e-06,104378.373067608,2117.013867030789,92701.21293057424,1265.2756528963705,False,104400.32147279616,1656.0730874900032,False,110115.32357593263,2321.8409353711368,False,112813.6455686162,3379.698704100466,False,115455.03923736644,4707.69859404591,False,-0.201053535128851,75.09623328907077,104289.92745781498,1240.1954533347405,0.0,0.003362854070812,False,53563.62109375,849.6647338867188,False,56495.75964355469,1191.2435359175026,False,59235.353759765625,2415.3314870851336,False,False,-0.1031525116328964,38.52886781111853,False,False
2MASS J03311212-2800076,52.80053788445,-28.0021142096,2025072200468,-1,r,20250722,r_57,0.2769718049688687,52.80055433591979,-28.002189762576915,745561305470468394,0,3866.861749324487,2222.3673720122524,0.040995646,0.041169982,52.80055433591979,-28.002189762576915,2.2902022e-06,2.2795343e-06,105613.5660785118,1564.4763188467227,97344.71982738572,956.3290943762632,False,105712.07740701453,1239.6752822417554,False,110580.31745657808,1727.3873242567702,False,110753.39567404418,2502.8642257171464,False,114110.64206320856,3482.1299238491256,False,0.110102984170915,54.153798614451546,104934.2102908725,888.8822630081273,0.0,0.0150702308507856,False,73514.296875,862.0950317382812,False,76899.7685546875,1201.2597584720045,False,79354.82702636719,2421.542923554161,False,False,0.0765678214230892,37.65963668393098,False,False
2MASS J03311212-2800076,52.80053788445,-28.0021142096,2025072200469,-1,r,20250722,r_57,0.2715899059576858,52.80055901608864,-28.002187307679524,745561305604686112,0,3865.248132631221,2208.4852189859826,0.046497986,0.047316197,52.80055901608864,-28.002187307679524,2.6321943e-06,2.5853606e-06,103923.02692774124,1957.088612997852,96893.32552693068,1190.5137873636309,False,103778.22861434658,1551.0227210482929,False,107953.29687041148,2174.910552531556,False,110448.16856325012,3161.2145455565283,False,108406.81035169304,4403.010300294659,False,-0.2667067856066691,69.53560343854585,104965.33082168862,1032.7790266164973,0.0,0.0014868897491826,False,56915.5546875,850.63427734375,False,59205.305908203125,1192.7958507852006,False,59454.0283203125,2414.7624880677804,False,False,-0.1462711865909149,38.13571972732393,False,False
2MASS J03311212-2800076,52.80053788445,-28.0021142096,2025072200470,-1,r,20250722,r_57,0.2627240491973786,52.80055419522622,-28.002185753457503,745561305738903913,0,3863.815536894932,2195.0543737302173,0.026202004,0.029568426,52.80055419522622,-28.002185753457503,1.6447374e-06,1.4570971e-06,104654.15847178928,1420.6442576061015,99265.82948700912,881.6001997724043,False,106224.36041923196,1137.9967118761556,False,110080.6338454224,1579.3802008640855,False,113955.6831345561,2287.9753681753964,False,117851.66055780023,3181.7185437723883,False,-0.1947015537943001,50.4685291169791,104983.83187041526,760.2672606075382,0.0,0.002657182379963,False,80713.234375,864.6923828125,False,83643.37487792969,1200.0720344793694,False,89548.09106445312,2417.5885223055625,False,False,-0.1479415087325939,38.34787240048885,False,False
2MASS J03311212-2800076,52.80053788445,-28.0021142096,2025072200474,-1,z,20250722,z_20,0.2735815214628174,52.80055587866285,-28.00218852516393,745561306275774860,0,3854.857215271684,2162.166109657816,0.012046629,0.01376862,52.80055587866285,-28.00218852516393,7.6563435e-07,6.6982943e-07,602645.2862343282,3343.41113129715,573075.8446012208,2108.705792408737,False,599156.739898142,2693.145644251193,False,615702.874068505,3718.7741018661786,False,616462.2130555824,5355.741090377343,False,624709.3905306502,7431.948250196995,False,3.799001827113557,117.15579382096,600789.7543176035,1749.0872941534783,0.0,0.0001609299686513,False,376679.875,1693.1358642578125,False,387082.154296875,2337.9314135435184,False,392744.4013671875,4672.342229458335,False,False,2.388369249764561,73.65389861008194,False,False
2MASS J03311212-2800076,52.80053788445,-28.0021142096,2025072200478,-1,z,20250722,z_20,0.2835745691639085,52.80055637681748,-28.00219126957153,745561306812645871,0,3793.724073261139,2124.7654684377617,0.0075754086,0.009766994,52.80055637681748,-28.00219126957153,5.430255e-07,4.2118234e-07,599368.9360381934,2743.2693890273613,578483.121090645,1769.7293653626552,False,595767.8785992912,2236.5553941267804,False,603247.2214760695,3062.621680972237,False,605113.7765137373,4395.849169950329,False,606742.1210705637,6086.294058362424,False,2.641436590389538,94.03366903168155,596600.8356939413,1413.060029652873,0.0,3.736866706882669e-05,False,450871.375,1692.603515625,False,456531.66943359375,2317.7625011460404,False,459176.57568359375,4606.048545618017,False,False,1.9990136935282223,71.16377229381501,False,False
2MASS J03311212-2800076,52.80053788445,-28.0021142096,2025072200479,-1,z,20250722,z_20,0.2749814623198859,52.80055195732372,-28.0021895759456,745561306946863513,0,3793.54918278964,2124.794148063303,0.00899876,0.011699616,52.80055195732372,-28.0021895759456,6.505098e-07,5.002769e-07,598524.0232379996,3586.8883728202577,579526.9939322209,2273.766601609625,False,597055.2378829683,2906.2679182000256,False,607425.6976351243,4020.260096693728,False,614618.8843865433,5798.154379332426,False,601345.0648844991,8052.43352415525,False,-2.4566993045611287,120.05533363808924,596921.4985642199,1701.5209537393582,0.0,1.7584940023240847e-05,False,338604.34375,1648.2142333984375,False,344485.68017578125,2279.9859131494995,False,341037.20751953125,4566.728161878282,False,False,-1.3932530912241274,68.08625882649196,False,False
2MASS J03311212-2800076,52.80053788445,-28.0021142096,2025072200480,-1,z,20250722,z_20,0.2669622473942787,52.80054869411435,-28.002187749029567,745561307081081289,0,3796.576587572719,2124.140973067581,0.008369753,0.009819455,52.80054869411435,-28.002187749029567,5.459705e-07,4.6526847e-07,593743.5416544088,3177.184860112731,576776.8043455498,2027.2406811934052,False,595851.7289267574,2579.079874970884,False,608894.0698887421,3549.5821365753554,False,616239.7465737994,5110.658562852019,False,620899.2634449332,7091.370116049753,False,5.5854972116952135,111.26353750944588,598372.2635086349,1555.650102902982,0.0,0.0007508078892578,False,383728.46875,1660.92724609375,False,392127.7353515625,2285.930629795725,False,399859.0791015625,4566.841823002865,False,False,3.5970597855136157,71.65370981319408,False,False
2MASS J03311212-2800076,52.80053788445,-28.0021142096,2025072200481,-1,z,20250722,z_20,0.2761062427015244,52.800553609086734,-28.00218963867401,745561307215298988,0,3800.915113781226,2120.659446168911,0.008256574,0.010182296,52.800553609086734,-28.00218963867401,5.662791e-07,4.5909258e-07,600904.3256803472,3289.55494397643,580248.5877186815,2097.101717812543,False,599481.1538297341,2670.5707123779503,False,606487.2214325308,3681.112714490456,False,607766.6726630954,5297.593397418916,False,611572.2284740804,7349.034834946486,False,1.047682000395125,118.10391931539851,595727.5488184191,1581.8925792820849,0.0,0.0006371427647594,False,370844.40625,1652.0389404296875,False,375178.4223632813,2277.169265828602,False,378324.05322265625,4546.178712150733,False,False,0.6481054606859128,73.0601413480907,False,False
2MASS J03311212-2800076,52.80053788445,-28.0021142096,2025072200482,-1,z,20250722,z_20,0.2755133749839262,52.80055187265415,-28.002189737952268,745561307349516802,0,3804.429118118024,2117.600669931809,0.0074912114,0.0088581275,52.80055187265415,-28.002189737952268,4.925898e-07,4.164411e-07,596776.2922104442,2691.009182138652,578369.1028599582,1739.254240011553,False,595713.0928692368,2195.9698397181314,False,604308.2510545375,3007.9741365836544,False,608547.2706412033,4317.8874758152615,False,608976.4711368779,5970.619563674069,False,1.8664196234091253,91.89191061807674,595276.613885907,1378.5069943595695,0.0,0.0001860518299094,False,456262.6875,1681.91552734375,False,462845.80615234375,2303.837837234521,False,466421.2431640625,4572.957957061357,False,False,1.429509681040891,70.38094445125232,False,False
2MASS J03311212-2800076,52.80053788445,-28.0021142096,2025072300437,-1,g,20250723,g_6,0.2608538813360462,52.80057049747701,-28.00218070180365,745565699357802532,0,334.17562543778627,340.12092685575806,0.11423627,0.11619045,52.80057049747701,-28.00218070180365,6.4264827e-06,6.3875955e-06,31481.030318382425,1133.4883161443297,28231.28618265373,675.7674540678142,False,30861.452469589647,886.5746947725036,False,31601.795784545466,1245.9902568775472,False,30235.688613523056,1817.3972359002687,False,28494.116442473623,2534.433603245533,False,-1.6079703474374376,40.21877189706941,30412.58755581501,658.8025405171951,0.0,0.0407273303517953,False,19945.189453125,572.9769287109375,False,20423.659729003903,805.2605999234424,False,18415.223693847656,1637.9578512355915,False,False,-1.039201678736586,25.992652998089277,False,False
2MASS J03311212-2800076,52.80053788445,-28.0021142096,2025072300438,-1,g,20250723,g_6,0.3041779170045698,52.8005834795698,-28.002188496633604,745565699492020263,0,323.4395504817179,332.21684627730684,0.13218908,0.13776909,52.8005834795698,-28.002188496633604,7.560314e-06,7.453247e-06,30362.061493470523,1114.2232178919446,28385.82046567693,662.1160255687116,False,31097.324053495424,868.8111402956835,False,34009.8830217408,1224.4492346217398,False,36214.60149001421,1782.8031716806115,False,37648.65646662085,2487.2418691832886,False,0.5792255417785599,39.227368213906864,30413.01277318004,624.0327637930634,0.0,0.1038396683274567,False,20471.251953125,571.9351196289062,False,22388.57861328125,806.0503451239952,False,24783.96954345703,1637.342006817769,False,False,0.3813020047331506,25.82322957382024,False,False
2MASS J03311212-2800076,52.80053788445,-28.0021142096,2025072300445,-1,i,20250723,i_39,0.2707458937981579,52.800550842958486,-28.00218854138953,745565700431544415,0,294.067282738911,305.4040951799547,0.009017671,0.008058337,52.800550842958486,-28.00218854138953,4.664076e-07,4.8396066e-07,346259.1590049205,1531.3442835736384,336416.81322434824,1002.2745924113884,False,346614.39139523986,1255.0273852650494,False,353745.2768756335,1705.3074012214984,False,355356.830595331,2435.0790882555043,False,358584.9976134092,3365.5192099121737,False,2.0608189115065043,51.2305502720014,348587.71056156314,829.3901003729625,0.0,0.0002338339534664,False,412745.40625,1494.4757080078125,False,421236.802734375,2030.665239446735,False,426999.9001464844,4007.631039051127,False,False,2.4540052575818017,61.004894226439376,False,False
2MASS J03311212-2800076,52.80053788445,-28.0021142096,2025072300446,-1,i,20250723,i_39,0.2819085638115859,52.80055545288943,-28.002190965835627,745565700565762144,0,294.55340594549523,305.1436470973704,0.010136415,0.009496603,52.80055545288943,-28.002190965835627,5.4001043e-07,5.516267e-07,344537.6415164771,1531.0337415999743,332137.8107673058,996.612937318434,False,345636.5174261664,1250.3160561093464,False,354334.3681447972,1699.5473649328237,False,359681.98083466286,2427.483710955014,False,361545.019630894,3356.432879926395,False,2.151727387722439,51.38727037513365,343945.1614650248,847.6398477716219,0.0,0.000375799356307,False,413480.09375,1495.7354736328125,False,423885.2099609375,2033.1445560728516,False,432511.2106933594,4015.2533424192047,False,False,2.574081143465897,61.473867201562975,False,False
2MASS J03311212-2800076,52.80053788445,-28.0021142096,2025072300447,-1,i,20250723,i_39,0.2728390057446235,52.80055157221354,-28.002189028437577,745565700699979867,0,292.8387934698953,300.8862545553563,0.009005795,0.008406577,52.80055157221354,-28.002189028437577,4.7865257e-07,4.8955485e-07,347367.9890672371,1554.571936987954,336677.9075791345,1017.7563990306868,False,347757.2239976713,1276.0024886233086,False,356308.98530723987,1733.3153102268554,False,357426.2967155066,2479.0302312016847,False,357310.0705262635,3425.94959413861,False,0.6580862550583466,54.78854307882673,348152.1814571837,840.1529697980728,0.0,0.0004193577324494,False,407089.1875,1493.705322265625,False,417099.9919433594,2029.0417355249133,False,418271.8754882813,4010.461725744569,False,False,0.770364439297497,64.13619027053677,False,False
2MASS J03311212-2800076,52.80053788445,-28.0021142096,2025072300448,-1,i,20250723,i_39,0.2766379223487452,52.80055235092869,-28.00218998448562,745565700834197564,0,292.893729875685,301.0852748681658,0.015880039,0.014332044,52.80055235092869,-28.00218998448562,8.263329e-07,8.54584e-07,348480.8321524873,1612.9652614174722,311610.5233566688,1007.7335389650948,False,347832.2164491257,1277.6503227526007,False,370471.3524774081,1736.1784114538243,False,380619.9597369493,2486.7545247994594,False,384340.6828052695,3435.966350551683,False,0.5041761208293455,53.73139509324749,348494.2962775087,1004.4905237456204,0.0,1.4100715294951272e-05,False,405461.6875,1489.333740234375,False,431851.7165527344,2023.831592414034,False,448018.9426269531,4005.243473160761,False,False,0.5877089328744498,62.63370986345594,False,False
2MASS J03311212-2800076,52.80053788445,-28.0021142096,2025072300449,-1,i,20250723,i_39,0.2689770107979735,52.80055205361389,-28.00218787062501,745565700968415299,0,292.8140677246444,298.70682965331343,0.017102806,0.014994517,52.80055205361389,-28.00218787062501,8.743394e-07,9.130474e-07,348835.27849720704,1533.077004408852,308464.04814650613,954.4876267397808,False,347571.0935878997,1208.8277925166944,False,371697.7113256604,1644.908850712757,False,381011.8690565071,2344.6403051151487,False,386558.1420314542,3236.176381781307,False,0.3457975647399927,50.81081839230534,346717.73977179464,971.076744823795,0.0,1.6913115809424895e-05,False,428806.90625,1491.3602294921875,False,458572.5009765625,2029.364030409508,False,476906.1755371094,3992.549460963782,False,False,0.4266188606028041,62.68654166237482,False,False
2MASS J03311212-2800076,52.80053788445,-28.0021142096,2025072300450,-1,i,20250723,i_39,0.285383678945945,52.80055526872765,-28.002191982682657,745565701102633051,0,294.6637569945402,300.3283151424047,0.010837724,0.008881374,52.80055526872765,-28.002191982682657,5.32425e-07,5.6831163e-07,350031.30922847794,1558.820679925814,332774.7968837793,1014.3749225263226,False,347191.7367704677,1273.098981234397,False,353776.79074097564,1732.2076451926764,False,356499.7343459738,2474.305459016003,False,361230.7156577965,3421.0041487879444,False,2.3339271960737284,54.00566579469389,345786.0586415548,863.4520361452569,0.0,6.905301213688819e-05,False,402661.28125,1476.497314453125,False,410298.4050292969,2008.9560779652104,False,418943.2160644531,3967.565376197889,False,False,2.706810144322553,62.63395202296319,False,False
2MASS J03311212-2800076,52.80053788445,-28.0021142096,2025072800366,-1,z,20250728,z_20,0.2765452863214082,52.80055334012451,-28.0021898059291,745587680060899753,0,619.5976555820683,1293.1716860409092,0.008752976,0.007837023,52.80055334012451,-28.0021898059291,4.6107903e-07,4.6270094e-07,591421.3836108523,1496.248591421247,570331.4579684817,1049.0114795210347,False,593002.3806659866,1260.188575144918,False,604788.8663070446,1643.4988821052054,False,612724.210160956,2283.128428949076,False,616197.1115972385,3116.6702123279206,False,1.1389975021690275,48.40885980014186,583666.2775259435,993.9666478180626,0.0,0.0016304061273791,False,678313.6875,1441.4835205078125,False,691795.81640625,1879.938130890632,False,704845.2900390625,3565.0448183214507,False,False,1.3028574942344695,55.373120360540526,False,False
2MASS J03311212-2800076,52.80053788445,-28.0021142096,2025072800368,-1,z,20250728,z_20,0.2769160538375406,52.8005485693314,-28.002190550016845,745587680329335179,0,614.785111375657,1290.2618247276832,0.009883483,0.009325216,52.8005485693314,-28.002190550016845,5.3367603e-07,5.346042e-07,595112.5132177568,1544.476344085038,563293.3530949259,1070.960758562424,False,593867.9864082999,1293.3754494015443,False,608405.536072873,1691.708669542524,False,609907.652009049,2353.611082685584,False,603437.3206836126,3209.796092034396,False,-2.734978059678078,49.16019701670765,593711.2037301862,1062.4422296361772,0.0,0.0018885914353511,False,659081.1875,1435.4022216796875,False,675215.119140625,1877.4767866667903,False,669701.3393554688,3562.2668141542417,False,False,-3.035308567920948,54.55852440112742,False,False
2MASS J03311212-2800076,52.80053788445,-28.0021142096,2025072800369,-1,z,20250728,z_20,0.273243433059701,52.80055080730233,-28.00218924803859,745587680463553939,745587680463552894,613.8694915650563,1290.1385668306723,0.009892169,0.009180849,52.80055080730233,-28.00218924803859,5.299951e-07,5.312386e-07,594419.8398723521,1528.274590067106,562864.0057506561,1060.5826780655475,False,596863.7868333572,1280.9835456865712,False,615527.2374074345,1671.308205170177,False,624755.0026368037,2326.129872582412,False,626992.3437502843,3172.809457327043,False,1.5018198943498549,48.91625776350437,594340.4512006919,1055.9809475715722,0.0,0.0008525895730441,False,670900.0625,1439.8795166015625,False,691878.567868948,1878.620891467308,False,704765.8308117986,3566.371608025894,False,False,1.6881088838187002,54.98393622591124,False,False
2MASS J03311212-2800076,52.80053788445,-28.0021142096,2025072800370,-1,z,20250728,z_20,0.2761517863841684,52.800551271557886,-28.00219000231074,745587680597770665,0,605.2808781604875,1291.4322096019991,0.009339211,0.008999726,52.800551271557886,-28.00219000231074,5.095895e-07,5.1007027e-07,593498.1370329061,1516.1822721199617,565824.7189777019,1054.7133748680624,False,594509.4883586467,1270.1423350495684,False,611163.0280291598,1660.1527754531685,False,620326.3928173085,2306.848041531849,False,622388.768473017,3143.7447232794284,False,0.5993122086792093,48.14208464779671,585212.6787731214,1024.143711461301,0.0,0.000823102712224,False,671249.5625,1434.093994140625,False,690052.7631835938,1874.4475000436587,False,702727.537109375,3549.5434663945475,False,False,0.676672224336547,54.35632885673439,False,False
2MASS J03311212-2800076,52.80053788445,-28.0021142096,2025072800371,-1,z,20250728,z_20,0.2742418020452057,52.80055067505642,-28.00218954613501,745587680731988391,0,595.4323889783585,1293.255921355241,0.008214931,0.008662671,52.80055067505642,-28.00218954613501,4.6978002e-07,4.6876417e-07,595557.8409668043,1509.8297596526174,569321.8660400287,1053.8384567251198,False,594715.8678644847,1267.5018836456595,False,609145.278504944,1655.7718560909343,False,614513.541864109,2299.5586197663497,False,618416.7550258904,3138.2939476996303,False,0.7625281288540912,48.60166862542391,591516.1846452813,1019.4514847208944,0.0,0.0020588997844053,False,676047.5,1440.841796875,False,692450.2353515625,1882.2104543807204,False,702989.65234375,3567.478004624073,False,False,0.8668092833012355,55.24829308494802,False,False
2MASS J03311212-2800076,52.80053788445,-28.0021142096,2025072800396,-1,r,20250728,r_57,0.270943500006033,52.80055153948962,-28.002188499729588,745587684087431837,0,576.2565604853243,1232.6883796073312,0.01273709,0.012024563,52.80055153948962,-28.002188499729588,6.8798465e-07,6.8925e-07,103867.78592119017,474.4991870710893,99452.2530008747,330.4987939295948,False,103657.55927871082,397.8148581570932,False,106257.20422750332,519.7736254483247,False,107903.80638945392,723.5977795581983,False,107915.94516436712,986.7727039343343,False,0.4066354791242969,15.411890664304366,102424.8164982048,315.4406133931579,0.0,8.643443850198107e-05,False,208424.640625,799.8878173828125,False,213651.7564086914,1045.1107651409843,False,216986.99299019572,1984.1075520896736,False,False,0.8176234728233931,30.988745976765006,False,False
2MASS J03311212-2800076,52.80053788445,-28.0021142096,2025072800397,-1,r,20250728,r_57,0.2805173273094534,52.8005589224203,-28.002189884723887,745587684221651257,745587684221649516,573.7382970786487,1230.6074740847223,0.015722213,0.0124798715,52.8005589224203,-28.002189884723887,7.8607496e-07,7.9219484e-07,105719.55625681824,476.1858048892453,99904.75648710704,331.38361789003494,False,104582.61817030546,399.0670249542891,False,106250.85541712189,521.3651450336363,False,106121.11423396044,724.5846606608676,False,106163.0311950951,988.7414793984998,False,0.2385192149400459,15.176613867878585,103368.460146537,319.5622022118677,0.0,0.0002354550830629,False,209547.296875,799.5919189453125,False,212889.8657619953,1044.6349377937142,False,212713.8964790702,1981.0950226810428,False,False,0.4779097867108575,30.408670841944623,False,False
2MASS J03311212-2800076,52.80053788445,-28.0021142096,2025072800398,-1,r,20250728,r_57,0.2773770207362573,52.80055562721802,-28.00218964939902,745587684355867263,0,572.0528681656092,1229.7245738663337,0.013870399,0.013277541,52.80055562721802,-28.00218964939902,7.5429483e-07,7.553672e-07,103693.59905356604,476.4024832991501,98814.9299843954,330.73613804559363,False,103860.71100044977,398.6161688762024,False,106821.30315849865,520.378519160333,False,107295.60712395098,723.9406633406485,False,107745.25922815912,987.5798680679292,False,0.2203645221376662,15.317099232411728,102155.46022726428,318.4645935537726,0.0,0.0013521099649443,False,207761.3125,797.3854370117188,False,213683.6339111328,1040.9569036850612,False,215531.9009206295,1975.539042742364,False,False,0.4408136811961414,30.640081408693824,False,False
2MASS J03311212-2800076,52.80053788445,-28.0021142096,2025072800399,-1,r,20250728,r_57,0.2744738017017485,52.8005526383287,-28.00218933123053,745587684490085017,0,571.5951467478623,1228.920228022531,0.013587988,0.011974201,52.8005526383287,-28.00218933123053,7.1046327e-07,7.135784e-07,104043.38175878268,472.80687232843707,99649.81614152702,329.5216976868595,False,103899.51996893824,396.3725876188966,False,106316.4022602968,517.6416168521962,False,107314.73954498507,719.1751286284791,False,107873.92567208376,980.8657839674264,False,0.678440028911148,15.21690805460851,102401.66138310116,316.40196735861593,0.0,0.0012546975393591,False,209442.03125,799.0131225585938,False,214314.0146484375,1043.468841102155,False,217453.6910125017,1977.242264826422,False,False,1.367608414157639,30.67444520681611,False,False
2MASS J03311212-2800076,52.80053788445,-28.0021142096,2025072800400,-1,r,20250728,r_57,0.2793082763897008,52.80055428030868,-28.00219043272207,745587684624302765,0,572.6261477951857,1237.462400601762,0.012758597,0.011571837,52.80055428030868,-28.00219043272207,6.7599285e-07,6.782064e-07,104062.72980715292,471.9340924805339,100373.01073820384,330.0759614042755,False,103832.31846486228,396.31360490966665,False,106090.47232084328,518.2720817138994,False,107958.41452332676,720.9783746744868,False,107628.19976897024,981.925852081634,False,0.5731787448927391,15.075080502867005,102956.23173346795,314.55931722030147,0.0,0.0006853181754682,False,209098.15625,798.0987548828125,False,213645.64025878903,1043.6994793571805,False,216742.3251731992,1977.4082701809407,False,False,1.1542708525700436,30.358289067161053,False,False
2MASS J03311212-2800076,52.80053788445,-28.0021142096,2025072800401,-1,r,20250728,r_57,0.2772546986999613,52.80055476149921,-28.002189769462344,745587684758522416,745587684758520515,569.6024660208765,1244.2213133784128,0.012015575,0.011106851,52.80055476149921,-28.002189769462344,6.424187e-07,6.4409494e-07,104271.67101721407,468.99915547593446,100457.14028391273,328.9880266914404,False,103925.00947588998,394.7911769932692,False,105712.00156168864,514.4816888520198,False,106663.94888748167,715.5271480371586,False,105896.81065346756,976.5801691259248,False,-0.0498278711853006,15.08196053956739,103667.5609782872,313.8439913754605,0.0,5.690651468903685e-05,False,210255.296875,798.7195434570312,False,213870.6398363113,1040.870727574273,False,214244.53530818224,1975.762662109208,False,False,-0.1008089766029335,30.512983416561013,False,False
2MASS J03311212-2800076,52.80053788445,-28.0021142096,2025081000328,-1,i,20250810,i_39,0.2873547327217705,52.80055267515058,-28.00219295483553,745644849564746259,0,989.6908205570768,2241.68821591651,0.014888079,0.0130215045,52.80055267515058,-28.00219295483553,7.920097e-07,7.627287e-07,342852.9909513522,1588.7495759984893,320628.0625769059,997.052183144552,False,343363.5273859695,1274.6087396689547,False,355429.5755380522,1757.3046378832469,False,359817.32271202136,2530.4658793507074,False,363673.77006316994,3510.5835856243752,False,0.3037609805738541,55.318509035324645,343671.0080441083,904.3190938042864,0.0,0.0001401462043687,False,535333.0625,1987.223876953125,False,554145.0620117188,2739.78800458331,False,566998.4653320312,5473.299614440415,False,False,0.4735893099554901,86.24627979641481,False,False
2MASS J03311212-2800076,52.80053788445,-28.0021142096,2025081000329,-1,i,20250810,i_39,0.2804143933552831,52.80055563469993,-28.00219050955505,745644849698963966,0,990.4724267394736,2241.0607654838304,0.017470347,0.013344879,52.80055563469993,-28.00219050955505,8.956244e-07,8.3174046e-07,344974.6357346007,1589.1915422947854,321466.6790911317,996.1765619080006,False,344518.442022088,1273.1099480501523,False,358252.5260607404,1754.0575156483314,False,362160.06190779153,2522.7915350902845,False,362909.63704661047,3500.7819389208166,False,-0.626606423616538,55.56898201263855,346601.3374281457,917.6693033501014,0.0,0.0025549168739769,False,536794.4375,1983.633544921875,False,558193.5239257812,2732.9983031640645,False,565449.7719726562,5454.570909712516,False,False,-0.9763159287640149,86.58207167908157,False,False
2MASS J03311212-2800076,52.80053788445,-28.0021142096,2025081000330,-1,i,20250810,i_39,0.2707735453348571,52.80055448834239,-28.002187981948826,745644849833181694,0,990.9981102376662,2242.4207786154016,0.013239405,0.015747495,52.80055448834239,-28.002187981948826,7.896535e-07,8.275071e-07,344577.77872842,1577.3219513080371,320231.7744654131,991.68933124897,False,344650.6616766256,1267.838346307862,False,355673.599076106,1745.770023666718,False,362639.80024219153,2509.20960511846,False,362701.627369652,3483.3206606396607,False,-0.6792586286939404,54.83266953173892,343779.6472231132,913.4827212679226,0.0,2.697516736116512e-05,False,537681.5625,1977.9254150390625,False,554878.193359375,2723.53562161881,False,565842.4584960938,5434.248367288968,False,False,-1.059695748271749,85.54318534149225,False,False
2MASS J03311212-2800076,52.80053788445,-28.0021142096,2025081000331,-1,i,20250810,i_39,0.2767636408356491,52.80055379697468,-28.002189793696864,745644849967399428,0,990.7875229503044,2242.769748364769,0.012417125,0.0149688935,52.80055379697468,-28.002189793696864,7.4517226e-07,7.835567e-07,344365.86754381645,1579.4095821536046,321752.9555346825,990.437171620063,False,345026.5471110786,1265.4447071317506,False,358656.2487345466,1744.134979528677,False,364858.8994380181,2508.937485732962,False,364026.3797320052,3477.911229232141,False,-0.181246855442491,55.03351964431359,347106.40284223366,904.0815503750975,0.0,0.0008612484989142,False,537587.875,1971.69677734375,False,558824.392578125,2717.546882142169,False,567191.625,5418.953766939026,False,False,-0.2824017823660165,85.74804787363948,False,False
2MASS J03311212-2800076,52.80053788445,-28.0021142096,2025081000332,-1,i,20250810,i_39,0.2724902676645239,52.80055401260719,-28.002188549771585,745644850101617204,0,990.935645086224,2222.130111548844,0.011476853,0.013312486,52.80055401260719,-28.002188549771585,6.768534e-07,7.0458907e-07,344257.97127625666,1562.8161244842663,325735.6086443194,986.9856252970128,False,345577.9480602968,1258.5220514909297,False,358579.4015496859,1729.8021287565582,False,365452.0984902284,2491.8776032934848,False,366792.5500058845,3454.087776124774,False,1.035233969140729,55.12087441456901,345931.8912702889,868.9103252111568,0.0,3.359301110528179e-05,False,541481.3125,1971.9608154296875,False,561853.1103515625,2710.403057549744,False,574722.1791992188,5412.16241662478,False,False,1.622093804021023,86.3681366003735,False,False
2MASS J03311212-2800076,52.80053788445,-28.0021142096,2025081000333,-1,i,20250810,i_39,0.2739455222167321,52.80055277497834,-28.002189161228387,745644850235834967,0,984.0003443661265,2206.838857669896,0.009677322,0.011457259,52.80055277497834,-28.002189161228387,5.7587476e-07,6.0279245e-07,341966.961259203,1541.7805525927367,327999.1034513359,980.703179403034,False,343371.0402213568,1248.271926332696,False,355242.59618657106,1712.074083774507,False,359091.5504049008,2468.739434935412,False,354718.87675376085,3423.787310064956,False,-0.6492370303413806,53.809543879814086,343364.25595832965,820.0241853226536,0.0,0.0001367659413096,False,542019.375,1970.427001953125,False,560758.9091796875,2702.549767280689,False,559932.2055664062,5404.5299124178,False,False,-1.0248361340712857,84.93964815428214,False,False
2MASS J03311212-2800076,52.80053788445,-28.0021142096,2025081300305,-1,r,20250813,r_57,0.276272130503753,52.80055113820375,-28.002190054403663,745658040615699067,0,4009.6337017230726,1590.4202401893851,0.008082975,0.009216886,52.80055113820375,-28.002190054403663,4.976446e-07,4.6563747e-07,103738.33771595955,830.104198195747,101847.85345132322,526.3382852815212,False,103939.39884829204,675.4161967289373,False,106208.9805305821,939.198827957608,False,105670.4870160669,1357.3698830911792,False,106736.27981721864,1885.9237983026824,False,1.5181214769385158,30.368297034667457,103220.6754555908,338.65241637607414,0.0,3.747307598334082e-05,False,211773.015625,1376.1376953125,False,216397.21166992188,1913.5858997833384,False,217471.56616210935,3842.506060559886,False,False,3.093121249677416,61.87437981832191,False,False
2MASS J03311212-2800076,52.80053788445,-28.0021142096,2025081300307,-1,r,20250813,r_57,0.2753461877327702,52.80055224751472,-28.00218963599277,745658040884658628,0,1609.8363358615636,1265.807650379926,0.010126366,0.01127068,52.80055224751472,-28.00218963599277,6.1322885e-07,5.7741966e-07,103128.89797663678,838.918277236957,100730.51457022256,529.5842837539132,False,102674.98970348036,679.9528105995246,False,104423.0922049876,944.243519230572,False,103645.50382823362,1365.3087314439208,False,104131.52816977615,1897.5185254343653,False,0.3428358929331019,30.483906297317706,103354.70943241594,362.77674976630897,0.0,1.9653057432567067e-05,False,208092.609375,1378.068359375,False,211635.50927734372,1913.7094473500813,False,211044.59301757807,3845.7231155841528,False,False,0.6948295369095033,61.7820914681505,False,False
2MASS J03311212-2800076,52.80053788445,-28.0021142096,2025081300308,-1,r,20250813,r_57,0.2767746783225369,52.800554940580135,-28.00218960213987,745658041018876001,0,4004.501403574662,283.1245576565118,0.0088943,0.009322092,52.800554940580135,-28.00218960213987,5.1355863e-07,4.99327e-07,103824.58413334325,830.6711215913675,101323.29399161004,525.775751858514,False,103214.9466823176,674.739587080761,False,103969.74431833242,935.2852488414344,False,104871.46183420824,1352.615995625879,False,105020.38295741552,1882.4183685244689,False,1.1814065642636704,29.69044590336804,103821.51454241156,349.2822859126422,0.0,0.0001001275949814,False,210620.578125,1376.8746337890625,False,212160.8193359375,1908.544509828391,False,214304.75415039065,3841.265803024105,False,False,2.4107800426593893,60.58636933857688,False,False
2MASS J03311212-2800076,52.80053788445,-28.0021142096,2025081300309,-1,r,20250813,r_57,0.269229824222699,52.80055489104959,-28.002187472726973,745658041153095176,0,3638.8623916976608,3774.089284820576,0.008619752,0.009815962,52.80055489104959,-28.002187472726973,5.33819e-07,4.924753e-07,103720.46176258214,831.8488907927515,101502.05860706036,528.0319908769583,False,102921.9050909762,677.3336788540713,False,103007.85169612708,937.4008638520356,False,102535.27497214044,1358.292484556861,False,98385.07175668454,1888.155308487634,False,-0.8399878472132664,30.887653247283986,103859.29659492732,351.04479444341143,0.0,5.931624509458722e-06,False,209775.890625,1380.5445556640625,False,209951.0673828125,1910.6146637432012,False,200528.896484375,3848.446655998041,False,False,-1.7120670143793202,62.95535399910964,False,False
2MASS J03311212-2800076,52.80053788445,-28.0021142096,2025081300310,-1,r,20250813,r_57,0.2753201652244798,52.80054995831818,-28.00218994079445,745658041266865878,0,2154.805737236218,3901.9261854616425,0.008754135,0.009072911,52.80054995831818,-28.00218994079445,5.013754e-07,4.8981553e-07,103425.13691366764,831.5859384284528,101708.33360104404,526.7113768256827,False,103166.9614344983,675.6780113283377,False,104562.88188543696,935.9942984187912,False,104050.65150073706,1355.8307383684291,False,104949.04440808637,1884.260580909558,False,0.9773950705388124,28.839707532321437,102889.3715671787,346.1985168148347,0.0,0.0001253142543254,False,209973.84375,1375.1951904296875,False,212814.9353027344,1905.0122038522932,False,213600.8848748207,3835.001354104888,False,False,1.9892744437727548,58.69693319437452,False,False
2MASS J03311212-2800076,52.80053788445,-28.0021142096,2025081300332,-1,z,20250813,z_20,0.27461204725987,52.80055056767733,-28.00218966426004,745658044241151796,0,2319.9951025915016,3763.8143551208746,0.0041313367,0.004553263,52.80055056767733,-28.00218966426004,2.438117e-07,2.3958626e-07,596335.6530111412,1608.9941207954796,585146.6293323061,1114.0566558025942,False,594978.9034344635,1352.7982940641734,False,598285.396239617,1785.093023897243,False,600572.0497413415,2515.188902856039,False,594483.0481234649,3448.5897333477246,False,4.2231811085396895,54.289191713941015,600200.3557961104,970.0401409427336,0.0,0.0001085586307351,False,721967.4375,1641.531005859375,False,725979.6472167969,2166.0919886786824,False,721365.7499675751,4184.634914619475,False,False,5.124550173847726,65.87633342864825,False,False
2MASS J03311212-2800076,52.80053788445,-28.0021142096,2025081300333,-1,z,20250813,z_20,0.2748625851805437,52.800550850401855,-28.002189697180608,745658044373795834,0,2622.569393012069,2202.865065589788,0.0036097988,0.0042048497,52.800550850401855,-28.002189697180608,2.1801927e-07,2.1769588e-07,591665.779372519,1647.0509132402956,585066.0239233637,1133.1534686077712,False,592917.3783564201,1378.5147636463548,False,600926.7127788307,1828.3682416282777,False,604686.3079808403,2574.6324403303597,False,607840.1119432459,3535.085584883051,False,9.052061192308306,55.2044562467776,592451.4583765875,957.7656372298776,0.0,0.0003249393553634,False,716055.5,1664.80712890625,False,725728.2270507812,2208.086966640149,False,734077.4130859375,4269.258362848283,False,False,10.932009146125134,66.66941459801865,False,False
2MASS J03311212-2800076,52.80053788445,-28.0021142096,2025081300334,-1,z,20250813,z_20,0.2768290288561586,52.80055117739942,-28.002190205587755,745658044508012770,0,3506.6731564220872,520.8109033945684,0.0039044765,0.0038971768,52.80055117739942,-28.002190205587755,2.1685112e-07,2.1685901e-07,593259.5137640632,1630.467953305959,585740.4978256401,1125.1702342194342,False,594150.550826533,1367.3013875838433,False,601326.7055460323,1812.175064960928,False,602349.6152469428,2547.806373355896,False,602142.8054631971,3496.487398318992,False,8.233681762556522,54.82138150038195,586180.9599182697,945.35625098097,0.0,3.011251262208248e-05,False,719639.125,1656.0845947265625,False,728330.931640625,2194.9185711956807,False,729319.3973240852,4234.968945832776,False,False,9.972690475321238,66.40002430250084,False,False
2MASS J03311212-2800076,52.80053788445,-28.0021142096,2025081300335,-1,z,20250813,z_20,0.2687929827423269,52.80054859985166,-28.002188272481856,745658044642755730,0,820.4677580967004,2127.727549085991,0.0032493705,0.003735242,52.80054859985166,-28.002188272481856,1.9563069e-07,1.9361306e-07,594210.2040543909,1619.6101058739628,587231.820885354,1120.995431794613,False,594167.6277654099,1359.3844756183412,False,601459.3512587266,1799.9652656268636,False,603941.8469453448,2529.7895659611195,False,605820.368800133,3469.145662639584,False,12.860632957030752,57.01758774759565,592272.5422144564,954.344024356129,0.0,6.446489092559737e-05,False,720906.625,1649.34814453125,False,729753.7104492188,2183.907072891918,False,735044.9553613067,4209.132195055083,False,False,15.6038718152402,69.17973115322502,False,False
2MASS J03311212-2800076,52.80053788445,-28.0021142096,2025081300336,-1,z,20250813,z_20,0.2759309740900448,52.80054906821344,-28.00219021836793,745658044776973028,0,1752.8055144012433,1482.4523705739844,0.0038464314,0.0037633285,52.80054906821344,-28.00219021836793,2.1131132e-07,2.11779e-07,596049.7749938568,1611.1059072588723,587531.6051107494,1115.1710485919823,False,596343.0007196586,1352.3187045514082,False,603069.3674271861,1790.1447634336316,False,605866.7456232855,2512.123440562576,False,610640.8433443112,3447.4412213730334,False,11.881989587145728,53.44882199605295,597651.4156150515,961.366055229328,0.0,7.406714047064611e-05,False,722185.75,1637.6905517578125,False,730331.5422363281,2167.9084638014297,False,739500.7820986509,4174.934427055692,False,False,14.389375830905353,64.72781193583906,False,False
2MASS J03311212-2800076,52.80053788445,-28.0021142096,2025081300337,-1,z,20250813,z_20,0.276960412726992,52.80055130786189,-28.00219022464532,745658044911191714,0,2853.826270491407,3382.058462649478,0.0039003459,0.0041117365,52.80055130786189,-28.00219022464532,2.2366861e-07,2.2192282e-07,596536.5984890361,1612.5862552880606,587939.285882568,1117.7598494972435,False,596604.5347848418,1355.6482388006834,False,603750.8148235785,1790.9334595430616,False,605270.7979514158,2517.5775369552184,False,602655.3269440661,3451.3118737763502,False,8.437793068730636,54.656353536152,591340.5328521894,953.1015589745843,0.0,5.232757462447779e-06,False,723061.0,1642.9918212890625,False,731722.0075683594,2170.540220009684,False,730394.3197693825,4182.852910537425,False,False,10.2262700639205,66.24132962458283,False,False
2MASS J03311212-2800076,52.80053788445,-28.0021142096,2025082600425,-1,g,20250826,g_6,0.2835061973259537,52.800556159636926,-28.00219129054772,745715231326994817,0,3555.255660228271,920.8530469433272,0.027638484,0.026977994,52.800556159636926,-28.00219129054772,1.5084213e-06,1.5284676e-06,33441.71246404074,297.3377017982617,30630.81094162764,197.57095312251712,False,33153.98419896002,244.30430641743385,False,34026.709872660795,325.76336045281727,False,33982.17963656558,459.04144608610784,False,34000.02141548542,630.8476100572524,False,0.0132084219148023,9.890646364187392,32518.551766787343,191.5422902360244,0.0,0.0029686264271162,False,70698.1640625,520.958984375,False,72559.18029785156,694.6637654356799,False,72502.26934221387,1345.2310155731652,False,False,0.0281658811784289,21.090995735029143,False,False
2MASS J03311212-2800076,52.80053788445,-28.0021142096,2025082600426,-1,g,20250826,g_6,0.2801708985099352,52.80055521896538,-28.00219051504844,745715231461736880,0,2008.2232993915527,1107.0981976467235,0.031425383,0.029263498,52.80055521896538,-28.00219051504844,1.6525986e-06,1.7229202e-06,32220.6315245897,295.6776658557625,29912.625824766987,195.61342335971605,False,32204.18533210844,242.0668154021812,False,33064.219342098455,323.15264934412176,False,33250.56277382831,456.3901308498348,False,33299.937074880385,627.1084932639785,False,-0.2854511544862897,9.82592731926417,32246.012580244416,192.7946280991893,0.0,0.0005823435663389,False,68440.4609375,514.4413452148438,False,70268.20858764648,686.7652774384899,False,70769.15683758259,1332.7334287203907,False,False,-0.6066419127424678,20.882099265474103,False,False
2MASS J03311212-2800076,52.80053788445,-28.0021142096,2025082600427,-1,g,20250826,g_6,0.284146597388538,52.800557544716646,-28.00219120674976,745715231595955590,0,1942.4643956431617,3403.9306111894857,0.028597824,0.028590104,52.800557544716646,-28.00219120674976,1.5900595e-06,1.5897946e-06,32872.16039214341,295.4172948456057,29945.685996122244,195.50984360217004,False,32482.702878560067,242.13036147457925,False,33509.98483625225,323.53018859795776,False,33730.32835681605,455.56933646885295,False,33842.59341457095,626.4592776261464,False,-0.0532196377505804,9.82573974782234,33094.96672862844,195.8350210916593,0.0,0.010493356917926,False,69254.046875,516.2288208007812,False,71444.24124145508,689.7755685666571,False,72153.37219524384,1335.629006619261,False,False,-0.1134657821188248,20.948756746667748,False,False
2MASS J03311212-2800076,52.80053788445,-28.0021142096,2025082600428,-1,g,20250826,g_6,0.2761947299398671,52.80055648789157,-28.00218915142094,745715231730172900,0,1843.365893793018,2489.0757519654417,0.029009676,0.033734284,52.80055648789157,-28.00218915142094,1.8318711e-06,1.6624261e-06,32279.74663260626,301.6554762787534,29698.61454279709,197.7456453588713,False,32331.352123930214,245.3504866545885,False,33860.56170961256,328.33684253291096,False,34608.03417672674,463.3924831515994,False,34693.7867603617,636.416698949888,False,0.0594922991013435,9.940480544344105,32282.78865289961,196.3023734235192,0.0,0.0001234468492133,False,67795.9296875,514.4778442382812,False,71002.54428100586,688.4927486129234,False,72749.74207025766,1334.5084241627617,False,False,0.1247499860618917,20.84429124588038,False,False
2MASS J03311212-2800076,52.80053788445,-28.0021142096,2025082600429,-1,g,20250826,g_6,0.2741713397409208,52.80056008021204,-28.002187803717412,745715231864391413,745715231864390284,1525.6384657189033,1853.906195972165,0.034014538,0.0373491,52.80056008021204,-28.002187803717412,2.0474959e-06,1.9229392e-06,32870.795197700514,313.19763539987946,29211.606768424328,201.38895116894744,False,32745.699425743423,251.39104587663311,False,34870.06386862399,337.2012991770541,False,35375.65177974731,475.4706239655806,False,35785.465615142646,653.4967936411606,False,-0.0208380457049144,10.104964025203111,32305.519050971256,206.28133230154992,0.0,0.006062332180717,False,66726.140625,512.2612915039062,False,71054.97290039062,687.117444501187,False,72920.29343828559,1331.6349845991026,False,False,-0.0424618313989405,20.590955831781294,False,False
2MASS J03311212-2800076,52.80053788445,-28.0021142096,2025082600430,-1,g,20250826,g_6,0.2853040955257216,52.800558303203,-28.00219138292561,745715231977638326,745715231977637565,1324.0223590145192,3698.546060414372,0.030418716,0.030774808,52.800558303203,-28.00219138292561,1.7083232e-06,1.6942205e-06,32701.74235158883,295.98464726739195,30505.520019013205,196.4790714821737,False,32739.43444218142,242.74183585122648,False,33958.505499146726,323.8943306149568,False,34071.137777666125,455.8924607329733,False,34092.83663390058,626.795800545704,False,-0.3096402297080677,9.925539705107363,32037.934335483707,187.8438540275041,0.0,0.000970834977455,False,69805.4765625,517.5626831054688,False,72404.72232055664,690.5922014138043,False,72691.13682460785,1336.424416302509,False,False,-0.6602002803642036,21.162767196807767,False,False
2MASS J03311212-2800076,52.80053788445,-28.0021142096,2025082600441,-1,i,20250826,i_39,0.2739582759311072,52.8005515958764,-28.00218933999548,745715233475528561,745715233475526921,2750.4057097474897,624.511223034039,0.008932533,0.008553186,52.8005515958764,-28.00218933999548,4.9556746e-07,4.7657213e-07,345621.45852611685,750.6922201006217,330413.3900041969,566.4275309595528,False,345644.0262294216,651.7859271888539,False,354804.3821206279,808.5536993746116,False,357970.15398513107,1080.6728876387067,False,357633.360338983,1439.8091995705556,False,0.1867428323352616,21.85223452302228,351653.776481622,605.7698797940966,0.0,0.0002152329770657,False,574451.75,1083.251953125,False,589676.0329992771,1343.7960801510387,False,594377.7242333889,2392.926975715807,False,False,0.3103619293097341,36.31786870469001,False,False
2MASS J03311212-2800076,52.80053788445,-28.0021142096,2025082600442,-1,i,20250826,i_39,0.2706396181373108,52.8005504981834,-28.002188557757965,745715233608174128,745715233608172628,580.1188923074695,2203.215937568289,0.0072762654,0.00789169,52.8005504981834,-28.002188557757965,4.060657e-07,4.371655e-07,345654.14874396764,741.8545313732866,332389.2971010212,564.074768139246,False,345006.858962189,646.0691279226628,False,352321.40555310465,798.5800047220707,False,354167.6186949871,1064.5091564562565,False,354767.48783992365,1418.759421482746,False,0.2310700287874036,21.418251668841467,344644.7494578028,593.5694020214506,0.0,0.0004088679117094,False,578707.375,1083.7030029296875,False,590976.6442825794,1339.5215957455669,False,595079.6521575451,2379.7977322322777,False,False,0.3875920907861951,35.926532700392,False,False
2MASS J03311212-2800076,52.80053788445,-28.0021142096,2025082600443,-1,i,20250826,i_39,0.2906129062156986,52.80055202144936,-28.002193964575618,745715233743964126,745715233743962272,1704.5710183442177,317.61493225051805,0.0077108615,0.008763423,52.80055202144936,-28.002193964575618,4.310108e-07,4.8508605e-07,346045.7157549935,746.5285723700239,329146.23376114364,563.1651055088527,False,345041.2727527468,647.6211264189978,False,353534.2629465825,803.0639745526174,False,356186.6758265333,1070.5778015776984,False,357666.95447216264,1426.624788808183,False,0.4735958884880164,21.50495766917382,345060.22070606163,601.5293256399993,0.0,2.1900974103705728e-05,False,574438.3125,1078.1851806640625,False,588577.7773706913,1336.9725618364482,False,595458.045134306,2375.10118634675,False,False,0.7884611044341466,35.80230125894643,False,False
2MASS J03311212-2800076,52.80053788445,-28.0021142096,2025082600444,-1,i,20250826,i_39,0.2775180479889605,52.80055158412975,-28.002190343057947,745715233878182058,745715233878180427,1812.690099228419,1190.371133385122,0.008331669,0.008895358,52.80055158412975,-28.002190343057947,4.6422565e-07,4.935366e-07,346320.5648781586,745.0816891741958,330151.2594066377,563.0535763789566,False,345770.01272291,647.0305710508192,False,354263.4494006742,800.683847328244,False,356629.2622865812,1067.6078224239077,False,356124.7919183415,1423.325748601609,False,0.749650903137455,21.25797191702236,343346.60793747264,593.9791896091367,0.0,0.0059320958322374,False,577538.1875,1080.732421875,False,591724.7388029695,1337.3788383351075,False,594833.7313252091,2377.3749683961187,False,False,1.2521387278390128,35.507100439972675,False,False
2MASS J03311212-2800076,52.80053788445,-28.0021142096,2025082600445,-1,i,20250826,i_39,0.2763685329814592,52.80055003084296,-28.002190225861234,745715234010827269,745715234010825801,2348.213247596996,2094.8229290019085,0.007106985,0.008788058,52.80055003084296,-28.002190225861234,3.977622e-07,4.863739e-07,346082.0829017862,743.7647521840627,333227.5303927887,564.922268136615,False,346288.6868539598,647.0301293115507,False,353919.37571211334,800.3657309199865,False,357254.0310412388,1065.7829538778935,False,359588.2764213321,1420.0850584982406,False,0.8258328097374047,21.22372688297771,345601.8885892955,592.7235145774991,0.0,0.0004526345156468,False,578553.8125,1081.0106201171875,False,591302.6093809903,1337.192529230362,False,600773.7940962613,2372.574259161212,False,False,1.3797410620077817,35.4590506988868,False,False
2MASS J03311212-2800076,52.80053788445,-28.0021142096,2025082600446,-1,i,20250826,i_39,0.2771282995025123,52.80055148091382,-28.0021902478784,745715234146617884,745715234146615922,2537.774004544049,1100.1732096476003,0.006695418,0.006921784,52.80055148091382,-28.0021902478784,3.7250624e-07,3.8452166e-07,345283.2534563784,737.4253182397464,334357.4920871361,562.8977355726155,False,345296.3994264172,643.2162018673775,False,351723.7673768305,793.9998528182689,False,355648.04030205903,1057.756000213143,False,355651.3166615048,1409.049854356928,False,0.4030984873302093,21.34083643509042,344245.3253355766,588.645458046379,0.0,0.0010261814328866,False,579601.125,1079.677734375,False,590389.8552069664,1332.7773145267695,False,596982.486892879,2365.1763589860366,False,False,0.6766254647615448,35.82189917637781,False,False
2MASS J03311212-2800076,52.80053788445,-28.0021142096,2025090600253,-1,z,20250906,z_20,0.2756490651211173,52.800549372747525,-28.00219010394933,745763586753692693,745763586753692264,383.1056744124183,3554.0860626176864,0.017947936,0.017979724,52.800549372747525,-28.00219010394933,9.988777e-07,9.984516e-07,595443.2609646636,2492.6971417777904,506293.7023927877,1507.9016042631736,False,602164.0665346227,1940.0986995655508,False,658128.9047926312,2657.142861180316,False,690983.3258449372,3822.637135478677,False,706482.6344640075,5290.367589321599,False,3.090828513042277,82.94508144139678,595521.6414121962,1661.569857223593,0.0,0.0003870427113654,False,618725.625,1993.4580078125,False,676229.6865234375,2730.2233209618985,False,725913.3081054688,5435.870678933223,False,False,3.1758368022611787,85.22635309483941,False,False
2MASS J03311212-2800076,52.80053788445,-28.0021142096,2025090600254,-1,z,20250906,z_20,0.2748816253907469,52.80055608776388,-28.002188854911655,745763586888433672,0,3007.6912950641545,35.071372818152824,0.017347269,0.01818503,52.80055608776388,-28.002188854911655,9.865022e-07,9.893431e-07,596770.6052020137,2241.400994415583,543998.8129047399,1412.9773909527878,False,597565.7652828195,1795.4254327877234,False,626846.2331733428,2456.349883291912,False,640704.8919527924,3516.03619137263,False,645734.1146112724,4864.469977691319,False,1.0822855368122604,76.548677781998,549864.5957594819,1348.756403361518,1.0,0.0383475488837267,False,663880.125,1994.6712646484373,False,696409.9682617188,2728.941251833214,False,717393.9165039062,5404.30045439437,False,False,1.2023912667161512,85.04360310943443,False,False
2MASS J03311212-2800076,52.80053788445,-28.0021142096,2025090600255,-1,z,20250906,z_20,0.2756350839847659,52.80054860796297,-28.002190187229672,745763587018981722,0,3801.276403856659,1901.9667517483397,0.019520013,0.020734021,52.80054860796297,-28.002190187229672,1.1152935e-06,1.1233766e-06,593449.1207478225,2567.798139417955,495492.9216468997,1519.8871223204997,False,589968.8413125301,1956.9396522867485,False,653130.6109307471,2689.395220847977,False,676501.4788753279,3861.332806871402,False,675591.6337285095,5341.390085551292,False,-6.778215177533397,83.82408579781948,594761.4191656028,1695.0481658161427,0.0,0.0061045575022098,False,597479.3125,1981.85205078125,False,661445.1494140625,2723.6319871032274,False,684192.107421875,5409.387500888213,False,False,-6.864503785047108,84.89119025675993,False,False
2MASS J03311212-2800076,52.80053788445,-28.0021142096,2025090600256,-1,z,20250906,z_20,0.277191374710007,52.80055037915855,-28.002190412795866,745763587155296771,0,771.5707164285309,2553.9067330548164,0.014974648,0.016254216,52.80055037915855,-28.002190412795866,8.6189806e-07,8.754255e-07,593894.7947735095,2319.543465693293,537348.6084201497,1442.9673451377134,False,594504.5275375989,1836.4172424013568,False,631146.6534235292,2515.713957002505,False,651538.9410844311,3601.0125734501853,False,657300.6541784044,4984.100247265513,False,2.372324836885244,77.879984924715,598377.0792079697,1445.3375465412091,0.0,0.0001376428867309,False,644349.125,1990.3865966796875,False,684063.4091796875,2726.637076523077,False,712410.2202148438,5401.978428220983,False,False,2.57122588989215,84.40961812200766,False,False
2MASS J03311212-2800076,52.80053788445,-28.0021142096,2025090600257,-1,z,20250906,z_20,0.2683839789204112,52.80055143763121,-28.002187794040864,745763587288990219,0,3796.9792841417793,2360.1193606610395,0.014978429,0.014891784,52.80055143763121,-28.002187794040864,8.308327e-07,8.292111e-07,592863.868845751,2274.099108744359,536762.1760142312,1423.770669051793,False,594449.6371744408,1810.2905042008567,False,628328.6568015171,2467.717291629657,False,645943.7732098108,3543.291670026504,False,654207.789473935,4902.176256030786,False,0.3018479871514819,78.25114152318335,593349.7593945934,1413.7621179769585,0.0,0.0006800471806505,False,648040.0625,1973.4906005859373,False,684973.3208007812,2690.1852871864667,False,713185.4916992188,5344.113964715863,False,False,0.3290599846084927,85.30558599449412,False,False
2MASS J03311212-2800076,52.80053788445,-28.0021142096,2025090600258,-1,z,20250906,z_20,0.2770268886739603,52.8005512880773,-28.00219024605477,745763587423207473,0,2509.007992216269,209.04772743593816,0.012629401,0.0132846795,52.8005512880773,-28.00219024605477,7.1443367e-07,7.260928e-07,591076.0628369146,2230.0112739873134,543527.4876244868,1413.9677102018354,False,591492.6342876496,1793.300304579966,False,618643.3621546576,2438.9677587495185,False,633331.8733329889,3500.186950905798,False,645266.199418258,4853.07532712384,False,1.396547305951115,75.64742834003562,593372.4823822356,1361.4058872717578,0.0,1.7644551626228022e-05,False,652483.5,1978.2137451171875,False,682433.833984375,2690.4582193700357,False,711801.8447265625,5353.492827546315,False,False,1.540550162894194,83.44769815899674,False,False
2MASS J03311212-2800076,52.80053788445,-28.0021142096,2025090600259,-1,z,20250906,z_20,0.2690018091577231,52.80055216062712,-28.00218786150415,745763587557950100,0,2445.894305848304,3308.7889936264637,0.016271811,0.016103912,52.80055216062712,-28.00218786150415,9.018277e-07,8.9758254e-07,596003.6851141792,2417.9457925531588,524917.5298107504,1477.6128125904515,False,595282.6890729537,1888.02091756685,False,640835.1356934651,2590.6579108706514,False,665010.9587353347,3714.1629853888535,False,671822.1890364876,5136.164199823256,False,0.0391578049541372,82.15185103757541,595885.0131953853,1510.419479168998,0.0,9.91237179907012e-05,False,624597.5625,1980.9970703125,False,672393.2529296875,2718.235631748475,False,704906.2729492188,5389.096136501652,False,False,0.0410861427287483,86.19744342447069,False,False
2MASS J03311212-2800076,52.80053788445,-28.0021142096,2025090600260,-1,z,20250906,z_20,0.2749705950081075,52.80055516981927,-28.002189050049484,745763587687973225,0,4078.193589310447,1557.0716479375196,0.015533204,0.0134656,52.80055516981927,-28.002189050049484,8.337884e-07,7.808307e-07,,,535688.1721275066,1437.0828702532085,False,605899.8066100047,1830.7784934014653,False,653225.0541662618,2498.0684936221537,False,,,True,,,True,2.1228774167588966,76.30586609977718,577226.2535485182,1385.778433302947,0.0,0.012952150415859,False,653317.875,1974.0562744140625,False,704346.8237304688,2693.5687749908057,True,,,False,False,2.2890150280162027,82.2776071992194,False,False
2MASS J03311212-2800076,52.80053788445,-28.0021142096,2025090600261,-1,z,20250906,z_20,0.2802873295063202,52.8005505979695,-28.00219125374728,745763587829531292,0,1695.6317640903,3343.225988124466,0.017121544,0.016308898,52.8005505979695,-28.00219125374728,9.4120696e-07,9.1746074e-07,598646.406515356,2420.559154816532,522362.16304346966,1473.2566248768755,False,594334.4670090092,1883.668585238492,False,639722.6476231839,2583.4973229814304,False,657493.2572497085,3701.6737621990414,False,649393.5857194716,5124.2734126977,False,-6.97096883597061,78.91257158350226,593104.1797113926,1511.5347333923974,0.0,0.0089547564863556,False,612902.25,1942.516845703125,False,659708.4165039062,2664.209144882545,False,669681.4873046875,5284.362389519622,False,False,-7.188750983512291,81.37790311945925,False,False
2MASS J03311212-2800076,52.80053788445,-28.0021142096,2025090600263,-1,z,20250906,z_20,0.2719939281365348,52.80055082208185,-28.00218889495104,745763588096393924,0,1758.4849409924968,3278.178493362259,0.014771067,0.012777691,52.80055082208185,-28.00218889495104,8.020756e-07,7.313951e-07,597356.5915874908,2283.1436849143465,542498.1957854781,1427.193285211826,False,597091.0582582433,1813.72319163523,False,631568.737825265,2481.0385518526623,False,647488.0078583673,3553.280453560857,False,651151.5705399069,4919.99948883432,False,-0.2482125207209266,76.64105313285401,596642.1932882403,1387.4229369878162,0.0,0.0002209372434767,False,648624.375,1970.2607421875,False,686077.7299804688,2695.1702890019305,False,707350.7041015625,5344.631357827611,False,False,-0.2696350730647755,83.25573545289802,False,False
2MASS J03311212-2800076,52.80053788445,-28.0021142096,2025090600264,-1,z,20250906,z_20,0.2809196814378712,52.80054761115744,-28.002191768825977,745763588226941507,0,477.1596615334957,2573.802407511156,0.012974822,0.010677714,52.80054761115744,-28.002191768825977,7.0252696e-07,6.153396e-07,595052.2663247659,2188.8261010312267,552798.2158133389,1391.1729195013834,False,593809.574807419,1758.5679962361528,False,619605.959503142,2401.464184586722,False,628754.9557903014,3433.852319109126,False,626337.5798649674,4747.525786543372,False,-1.698965642941708,73.02566675870585,595056.7745812514,1300.1408572875434,0.0,0.0006349786260427,False,664440.0,1967.7401123046875,False,693304.724609375,2687.1053120426477,False,700837.0346679688,5312.218205026267,False,False,-1.9010483826608795,81.71167337086243,False,False
2MASS J03311212-2800076,52.80053788445,-28.0021142096,2025090600265,-1,z,20250906,z_20,0.2833662950619477,52.80055053646186,-28.0021921257512,745763588365353458,0,1680.8464421413414,2225.177497200192,0.015256156,0.0115188705,52.80055053646186,-28.0021921257512,8.239615e-07,6.7098586e-07,596457.6384025048,2211.037436919754,547416.827866441,1398.7166873175483,False,595216.0706529918,1773.0856851724066,False,624195.1980300458,2423.68699909182,False,634428.3678762289,3466.3982175221963,False,642940.5104921471,4794.074349217387,False,0.6439692324595919,73.83975558311603,595662.0392833179,1343.1684661348922,0.0,0.0002110758615477,False,661851.375,1971.585205078125,False,694074.7578125,2695.022281839127,False,714918.6352539062,5330.777941531054,False,False,0.7160625241410109,82.10622355800069,False,False
2MASS J03311212-2800076,52.80053788445,-28.0021142096,2025090600266,-1,z,20250906,z_20,0.2833048140473161,52.80054920417939,-28.00219226813869,745763588493804104,0,1224.0635983098375,2409.9679375663463,0.011464034,0.010336483,52.80054920417939,-28.00219226813869,6.305601e-07,5.8150795e-07,595042.4361442206,2118.872852864754,562473.1460381276,1366.901141514838,False,597021.5293598248,1723.2378095664665,False,617250.7245578847,2336.246519137606,False,627567.7087056818,3349.949815486001,False,624436.721656711,4639.654842796479,False,-1.0287984318651056,72.45468818713253,596781.2858522328,1245.957746700346,0.0,3.838620634133427e-06,False,682462.75,1969.8546142578125,False,705586.9951171875,2670.592509181746,False,713801.3979492188,5303.6472678983055,False,False,-1.1760323078452704,82.82385696141436,False,False
2MASS J03311212-2800076,52.80053788445,-28.0021142096,2025090600267,-1,z,20250906,z_20,0.2793538718881583,52.80055135848575,-28.00219089053644,745763588631167413,0,453.5952836781562,1971.201893271048,0.014047091,0.0112571595,52.80055135848575,-28.00219089053644,7.6786074e-07,6.4104324e-07,595395.7347961498,2200.3279877019745,549922.7336803239,1393.3576904950794,False,596641.1318828581,1764.3057327149409,False,625719.0002523497,2408.1898123080496,False,639521.5210435631,3443.2271722568225,False,645328.513998175,4767.831379300219,False,1.17955062806573,75.351270433781,598073.6117094952,1330.143585448336,0.0,1.1428065128216147e-05,False,662075.5,1957.79931640625,False,694342.3740234375,2672.29895640483,False,716102.4873046875,5290.725321608648,False,False,1.3089133988926207,83.61513711038549,False,False
2MASS J03311212-2800076,52.80053788445,-28.0021142096,2025090600268,-1,z,20250906,z_20,0.2778240274480932,52.80055111139073,-28.00219049418609,745763588769054963,0,2474.4179929630354,1090.249536692031,0.013918067,0.012969696,52.80055111139073,-28.00219049418609,7.7024174e-07,7.246739e-07,595144.6117223987,2235.286530361034,545425.2727536614,1407.3075988542764,False,595828.3208048779,1785.5684744363907,False,625221.9406105935,2439.981373060373,False,643209.0096015931,3493.5116296692854,False,641939.8840884304,4835.103254519546,False,-1.4755796904335148,74.6989715202798,597422.6910437448,1360.5619814203972,0.0,0.0010808085110611,False,652611.25,1955.734619140625,False,684806.1059570312,2672.51360542681,False,703117.283203125,5295.892572794328,False,False,-1.6162036489765752,81.8178449653263,False,False
2MASS J03311212-2800076,52.80053788445,-28.0021142096,2025090600269,-1,z,20250906,z_20,0.2781926621986251,52.80055171489571,-28.00219051440788,745763588898030043,0,1381.8581715892792,2050.287314249937,0.013863508,0.011435423,52.80055171489571,-28.00219051440788,7.639087e-07,6.4335774e-07,596146.9382283296,2190.6924469042137,549885.5273729619,1388.7928151609551,False,596284.7142566335,1757.419699594119,False,624455.409674596,2398.258494665052,False,634927.732824334,3428.0803521755047,False,636188.0599120306,4739.071510679875,False,-1.39354093440118,74.61874914416461,594216.4755743444,1320.5604514872189,0.0,0.0010253604149708,False,665563.875,1961.60498046875,False,697007.57421875,2676.8994388039214,False,710103.37890625,5289.6791132443705,False,False,-1.555449070042721,83.28830614072821,False,False
2MASS J03311212-2800076,52.80053788445,-28.0021142096,2025090600270,-1,z,20250906,z_20,0.2697484419588002,52.80054815077917,-28.002188589429597,745763589034869320,0,2760.0145970733674,2377.582478991407,0.012195356,0.010237285,52.80054815077917,-28.002188589429597,6.741668e-07,5.734119e-07,598216.5808655991,2142.3945642456883,560811.1523678834,1372.0619856607666,False,597151.273396861,1730.2542876758037,False,617002.627454881,2358.2277612641487,False,624915.3484227009,3367.39062202952,False,632390.8661994551,4657.843146153079,False,1.8698652467575692,71.79625651400353,596108.3219346795,1260.966730402513,0.0,0.0004095989588966,False,673417.6875,1951.2373046875,False,695804.3984375,2659.413713639337,False,713157.9780273438,5252.729249621021,False,False,2.10867896713208,80.96586440783636,False,False
2MASS J03311212-2800076,52.80053788445,-28.0021142096,2025090600271,-1,r,20250906,r_57,0.2810979424095362,52.80055135386,-28.0021913813892,745763589170135287,0,761.2934753971032,1930.4599139566808,0.05114494,0.045080006,52.80055135386,-28.0021913813892,2.8375796e-06,2.5121233e-06,107455.1624899554,1846.011321385336,97036.35158099938,1079.86348583133,False,106853.2723197125,1430.5114512266116,False,112608.65565973175,2029.3216120981529,False,114594.05114178488,2972.073980943877,False,117013.16459656176,4151.47118767415,False,0.0095019647752972,65.81283297257046,106499.39436171504,961.4320892187556,0.0,0.0126525056718588,False,194775.015625,2607.57470703125,False,205266.0830078125,3699.101956577603,False,213294.740234375,7567.413219003469,False,False,0.0173204366829231,119.96540014426034,False,False
2MASS J03311212-2800076,52.80053788445,-28.0021142096,2025090600273,-1,r,20250906,r_57,0.2585835934069179,52.80055292848271,-28.002184799539425,745763589434900697,0,799.3759472135988,1407.7984780801985,0.03752484,0.03134272,52.80055292848271,-28.002184799539425,2.0727375e-06,1.7576771e-06,105674.0759822494,1713.717204723995,99939.83886176586,1021.9115455770934,False,105304.53473967672,1351.8420280714524,False,108667.82060262894,1913.594509532686,False,108300.6238535714,2802.6709552178268,False,108415.09559866929,3919.611172086661,False,0.2996953123104161,62.513643142407695,105748.83346600848,787.6402839457884,0.0,0.0019812896238708,False,200488.0625,2573.756103515625,False,206891.3828125,3643.270031772839,False,206410.22265625,7462.501511332553,False,False,0.5705863726950091,119.0189883505126,False,False
2MASS J03311212-2800076,52.80053788445,-28.0021142096,2025090600274,-1,r,20250906,r_57,0.2848422237283167,52.80055414769847,-28.0021920185586,745763589572264073,0,3439.1538653336397,903.6099223859586,0.036844563,0.029152067,52.80055414769847,-28.0021920185586,2.025223e-06,1.6485388e-06,105561.83395680574,1729.8047658049552,98497.31199569356,1030.900465879919,False,105255.26453001505,1364.1477730732686,False,109957.96130205502,1933.6760514466496,False,108356.9547851521,2830.183861419602,False,113074.33355216718,3956.6413143795976,False,-0.5051418880569722,62.13333225920787,105456.44458390912,815.2380026117648,0.0,0.0029281278035456,False,200487.046875,2598.387451171875,False,209444.6015625,3683.207703657404,False,215380.5732421875,7536.490798874728,False,False,-0.9621790020823552,118.34969350724955,False,False
2MASS J03311212-2800076,52.80053788445,-28.0021142096,2025090600275,-1,r,20250906,r_57,0.2845252893166428,52.800562619508966,-28.00219016711393,745763589709103495,0,274.83578014424427,2669.577238301452,0.034523427,0.02593599,52.800562619508966,-28.00219016711393,1.8872244e-06,1.483395e-06,106512.35550012263,1732.777496003245,100041.6013088576,1033.6953212563346,False,106801.2668164966,1367.7463584403113,False,108560.58452108588,1936.3212628444196,False,110106.54712232716,2836.7435161169456,False,103832.82585661105,3966.89503306579,False,-2.845370921992993,63.18948607168938,106205.62865232844,815.9383267062091,0.0,0.0155676262273222,False,203266.21875,2603.12109375,False,206614.5859375,3685.243753333608,False,197616.625,7549.87068584932,False,False,-5.415364494210117,120.2634414497802,False,False
2MASS J03311212-2800076,52.80053788445,-28.0021142096,2025090600276,-1,r,20250906,r_57,0.295547902772835,52.80055299008428,-28.002195215629985,745763589837553967,0,3911.9507273575687,1655.9984543572184,0.025867451,0.021984313,52.80055299008428,-28.002195215629985,1.4193726e-06,1.2436044e-06,109064.52017680534,1688.5705538885354,100737.76723175908,1016.4805835552628,False,107147.327758633,1343.9653784103098,False,108073.3508614108,1893.6163854713632,False,108245.71022918235,2778.9724615379623,False,109148.83501173736,3892.258302184203,False,-0.0641926518043696,61.917246769846784,105789.83410875952,791.198662002101,0.0,0.002177652975984,False,205750.609375,2580.761474609375,False,207528.8134765625,3636.2337109413,False,209594.021484375,7474.143632618765,False,False,-0.1232665107234284,118.89714396252675,False,False
2MASS J03311212-2800076,52.80053788445,-28.0021142096,2025090600277,-1,r,20250906,r_57,0.2785242493360136,52.800559211461085,-28.00218925095642,745763589954470075,0,266.99057007436693,1368.8836722763494,0.030662602,0.026298063,52.800559211461085,-28.00218925095642,1.6779951e-06,1.4917806e-06,105562.44898645114,1736.9819376298008,98207.988589255,1033.2219211981608,False,104309.27997944618,1366.8200502389082,False,107379.13587650824,1928.944184675934,False,105456.6583149364,2832.379192398724,False,99812.56962804055,3958.7944263139248,False,-1.9521783684593736,63.46313781021067,106385.241935155,848.3876388719317,0.0,0.0013780965832476,False,196828.203125,2579.144775390625,False,202620.9208984375,3639.854650257342,False,188343.0576171875,7470.11573300261,False,False,-3.68369679590413,119.75286745646592,False,False
2MASS J03311212-2800076,52.80053788445,-28.0021142096,2025090600278,-1,r,20250906,r_57,0.2827923849738072,52.80056108508744,-28.002190045123918,745763590088688097,0,2780.5483391882426,3697.8102971182498,0.039002005,0.03297291,52.80056108508744,-28.002190045123918,2.1241021e-06,1.8835244e-06,103244.3698636045,1886.8480977707927,92799.37868550028,1093.07397449597,False,101617.37057993365,1447.8662611137254,False,107031.2066117186,2055.094269794286,False,106852.14671053489,3007.6341138259727,False,101517.8237947736,4206.652895243193,False,-2.5945967508702714,66.99711736822279,103962.86184457608,968.7096724853616,0.0,0.0017617912267683,False,180889.96875,2577.359375,False,190527.185546875,3658.291255912511,False,180712.7646484375,7488.299553707416,False,False,-4.618664333718302,119.2621536840972,False,False
2MASS J03311212-2800076,52.80053788445,-28.0021142096,2025090600279,-1,r,20250906,r_57,0.2738717502662218,52.80055483160723,-28.002188799033924,745763590238634145,0,2371.7555116713324,1060.948075874229,0.03960432,0.036672153,52.80055483160723,-28.002188799033924,2.1758747e-06,2.0657048e-06,103481.09163786836,1786.9889079086802,96114.6162129959,1046.1507409554931,False,103966.2170587442,1384.6329232676935,False,109964.5932982236,1960.5743518970016,False,112796.32461259034,2874.1060309982504,False,114676.19716721911,4014.6072136980497,False,-1.0868926612071912,63.01030550263663,105955.60924582407,900.1621129452345,0.0,0.0017062353941086,False,191614.078125,2551.936279296875,False,202669.3359375,3613.4203750242814,False,211353.0185546875,7399.088685241603,False,False,-2.003188547106299,116.1306234162616,False,False
2MASS J03311212-2800076,52.80053788445,-28.0021142096,2025090600280,-1,r,20250906,r_57,0.2748712752828479,52.800548481127,-28.00218998732576,745763590352404998,0,2150.0793626523105,3904.9287753428257,0.021277584,0.020872012,52.800548481127,-28.00218998732576,1.1784141e-06,1.1644679e-06,105934.27348954674,1786.7166590802226,95640.57165553284,1048.6958805972724,False,105377.54354906738,1388.6452093816952,False,109502.7896225366,1961.2911086526844,False,112317.99167038144,2878.343583158396,False,113380.02029891724,4024.7513396732174,False,0.0964542146285901,64.08145786123386,106781.40971554506,926.890777140851,0.0,1.0227743062474204e-05,False,192716.421875,2539.580322265625,False,200260.7490234375,3586.845849550479,False,207351.5009765625,7360.540500332245,False,False,0.1763972711067213,117.1933682606694,False,False
2MASS J03311212-2800076,52.80053788445,-28.0021142096,2025090600281,-1,r,20250906,r_57,0.2793986897626396,52.80055053174002,-28.002191012813007,745763590513885265,0,3000.3087224051237,524.5267662385208,0.036657166,0.031195097,52.80055053174002,-28.002191012813007,1.9751492e-06,1.8047675e-06,104347.8732947118,1704.699252290265,97695.64629537096,1017.676636334493,False,103655.1532770588,1346.020931316371,False,106489.55176004274,1911.5133421807136,False,104284.23151396036,2796.8448353033027,False,103857.36544657618,3907.6297155826055,False,0.140127891227288,62.23836904632159,105636.4868689076,800.0400844539192,0.0,0.0051091523689497,False,198931.140625,2583.233642578125,False,204370.8134765625,3668.505785366247,False,199319.21875,7499.37858258936,False,False,0.268928271812125,119.44557847433788,False,False
2MASS J03311212-2800076,52.80053788445,-28.0021142096,2025090600283,-1,r,20250906,r_57,0.2916513524619163,52.80055420941856,-28.00219393132433,745763590782320834,0,4043.160359798688,1574.4430709057174,0.028588844,0.028083682,52.80055420941856,-28.00219393132433,1.5818197e-06,1.5686785e-06,105366.582743673,1717.8284322422733,98494.26819352126,1022.729756022264,False,104588.03509733162,1353.0529477976615,False,107327.54419990044,1917.4570566844652,False,110082.17769804868,2806.13958117256,False,109886.52042808868,3924.8825455617975,False,0.3499057634476732,61.77133794992968,106144.57839408358,807.0423547175001,0.0,0.0061011008518322,False,199405.921875,2579.709716796875,False,204629.02734375,3655.7938170275934,False,209507.931640625,7483.120048297138,False,False,0.6671248892354333,117.77227268774038,False,False
2MASS J03311212-2800076,52.80053788445,-28.0021142096,2025090600284,-1,r,20250906,r_57,0.2638964024198042,52.8005545148681,-28.00218602848992,745763590909722650,0,3231.9971385908657,62.115042408764936,0.024973447,0.02216538,52.8005545148681,-28.00218602848992,1.342068e-06,1.2818359e-06,106945.58905476324,1644.7968228378638,101197.50720521848,989.6565068464712,False,104410.5468427485,1307.609614621848,False,105551.5528969996,1843.850335058584,False,101595.22027127794,2706.380597026062,False,97393.27338021928,3783.229685777781,False,-2.5174723019070133,59.6058848079952,106124.18216519104,731.9602346756269,0.0,0.0020471522098874,False,202735.1875,2539.0009765625,False,204950.6923828125,3580.225893874837,False,189109.6650390625,7345.941601636133,False,False,-4.8882055940369,115.73744796923816,False,False
2MASS J03311212-2800076,52.80053788445,-28.0021142096,2025090600285,-1,r,20250906,r_57,0.259300339363877,52.80055485298289,-28.002184662089206,745763591027163399,0,3693.598633515052,1826.5139897363144,0.0328574,0.030211983,52.80055485298289,-28.002184662089206,1.7777156e-06,1.7308246e-06,102263.2631492908,1651.2070366399553,100487.88064881372,990.8678097469352,False,104746.76300089374,1309.9475512280635,False,108865.14034519148,1856.612801422502,False,114400.88463841552,2722.366738748209,False,114359.84137149632,3798.180559387286,False,-0.5241728678104124,59.54822828986912,104826.35189650704,737.1713308282468,0.0,0.0028998669817118,False,202426.359375,2531.51416015625,False,210385.2509765625,3587.9616648179403,False,221003.9306640625,7340.101410858006,False,False,-1.0129802800026342,115.07879303006946,False,False
2MASS J03311212-2800076,52.80053788445,-28.0021142096,2025110300325,-1,y,20251103,y_10,0.2793375328624676,52.80055140853671,-28.002190879074,746018683114488045,0,555.8519504578059,1319.827879550251,0.011967931,0.012128555,52.80055140853671,-28.002190879074,6.686949e-07,6.707695e-07,757485.7494914009,4554.136194250721,725265.677029125,2847.813440725165,False,757051.1416163454,3650.5978692033855,False,778073.0017297587,5057.071627740701,False,799093.4610169394,7299.540239672689,False,796947.9676866664,10135.90008523732,False,2.5021483700845413,160.20831979632786,762729.07609555,2308.6828778856566,0.0,0.0003088383565623,False,359672.1875,1734.385498046875,False,369659.59521484375,2402.5959604396853,False,378627.021484375,4815.528509943444,False,False,1.1887614036172214,76.11437810372715,False,False
2MASS J03311212-2800076,52.80053788445,-28.0021142096,2025110300326,-1,y,20251103,y_10,0.2769121275583354,52.80055071240433,-28.002190291196857,746018683248706123,0,1250.3375791210403,3468.196191542505,0.0123702,0.011368305,52.80055071240433,-28.002190291196857,6.70042e-07,6.5058725e-07,759549.0052402621,4568.667854718193,724850.302623447,2853.353886437648,False,758553.7099188407,3659.749252683601,False,782490.0084382565,5067.2694934121055,False,790046.5851376018,7314.4661768704755,False,779370.6266927806,10164.79822732519,False,-1.1226938189470552,160.68414476938983,758514.547411089,2285.0210857715,0.0,1.3331428116436506e-05,False,362286.71875,1747.9033203125,False,373718.7412109375,2420.1377091500394,False,372228.9184570313,4854.727290078728,False,False,-0.536200738996785,76.74305827319813,False,False
2MASS J03311212-2800076,52.80053788445,-28.0021142096,2025110400326,-1,r,20251104,r_57,0.27914291581197,52.800548998944,-28.00219112581189,746023081295741362,0,778.1614226949348,2183.55843539477,0.020107405,0.020258335,52.800548998944,-28.00219112581189,1.1232057e-06,1.1209258e-06,103081.21571970762,1361.4333098637678,99908.91517493688,823.7859229005359,False,102189.85449312358,1083.9920624384915,False,103426.01880709815,1531.0935539571044,False,104164.27864208704,2237.1403335269542,False,105385.85018653054,3126.847387358182,False,0.5567743854380601,49.89079501621765,102574.32306273284,540.0836044924476,0.0,0.0019437715072028,False,209987.453125,2227.468994140625,False,212527.6171875,3146.207003486748,False,216554.8271484375,6425.282846704591,False,False,1.1441021786682617,102.51938445163316,False,False
2MASS J03311212-2800076,52.80053788445,-28.0021142096,2025110400327,-1,r,20251104,r_57,0.2851512745081488,52.80055044115662,-28.002192638557705,746023081429435116,0,2486.4271283090293,3293.0863952126074,0.012740661,0.014850553,52.80055044115662,-28.002192638557705,7.8054654e-07,7.577012e-07,104737.8009244031,1341.5823883321968,103042.16300773276,817.305063492194,False,104588.93822952188,1074.265257258533,False,105251.34987162096,1517.5006716842477,False,105413.23339181927,2215.119732917069,False,106077.27502787714,3093.5807323085146,False,1.0919279920212324,50.25070612052063,104221.19876456325,464.4219012575553,0.0,0.0001268567603126,False,217936.203125,2238.489990234375,False,219316.4970703125,3162.077560255332,False,221037.5107421875,6446.219363853053,False,False,2.275294545440196,104.709429903795,False,False
2MASS J03311212-2800076,52.80053788445,-28.0021142096,2025110400329,-1,z,20251104,z_20,0.2799939196936207,52.80055048680839,-28.00219118563437,746023081699967765,0,2079.5500800047344,3242.983581044331,0.008993761,0.0094438065,52.80055048680839,-28.00219118563437,5.0793625e-07,5.173045e-07,598690.9530711747,2064.1673567344574,556262.1119346203,1321.1098556583586,False,596856.9897863249,1658.4077081346627,False,623770.1599440264,2248.788685291538,False,634914.1457486745,3200.399963822691,False,639987.962130192,4419.740034765509,False,2.099335596466376,69.53010421971764,600412.2422696601,1228.283736664037,0.0,0.0008520825003165,False,659193.0,1831.612548828125,False,688916.9936523438,2483.6531785513303,False,706828.5903320312,4881.339655216572,False,False,2.3185911424726457,76.79185931510467,False,False
2MASS J03311212-2800076,52.80053788445,-28.0021142096,2025110400330,-1,z,20251104,z_20,0.2782579941549024,52.80055091467544,-28.002190642479896,746023081835234439,0,1946.82791213559,3215.8583192386377,0.0052311607,0.004788901,52.80055091467544,-28.002190642479896,2.8472246e-07,2.7272495e-07,592913.5529496912,1905.7891247447023,581784.956975695,1268.6481621165942,False,592967.168194996,1573.9592508719886,False,600712.3763163643,2125.3694149995717,False,606592.5319150258,3022.1824167594928,False,601793.1338758693,4167.45236595444,False,5.9191314423707775,66.80868370297448,595150.6180364748,1036.9632880402498,0.0,2.065350225355367e-05,False,694404.625,1843.212646484375,False,703474.787109375,2488.951211416668,False,704740.4272460938,4880.368345173376,False,False,6.931702917173205,78.23748335801892,False,False
2MASS J03311212-2800076,52.80053788445,-28.0021142096,2025110500320,-1,i,20251105,i_39,0.282764523378751,52.8005477820865,-28.002192267645185,746027478542189614,0,1541.757989296195,3304.867926757047,0.008497682,0.008184085,52.8005477820865,-28.002192267645185,4.7182746e-07,4.555437e-07,346184.9671101821,1381.1348886726992,331462.24674961844,889.3066429030202,False,346433.15224766947,1121.966028413559,False,357235.4227175237,1532.5093918732218,False,357954.4406545809,2195.027844948789,False,364837.7661683884,3038.8998447076447,False,2.3343627461908305,48.223976852989104,347550.4000594452,748.1524186876804,0.0,0.0002751999530958,False,573732.1875,1858.1016845703125,False,591621.9599609375,2538.0075782560534,False,604212.2940842509,5032.759261593609,False,False,3.865966741638776,79.86431884565958,False,False
2MASS J03311212-2800076,52.80053788445,-28.0021142096,2025110500321,-1,i,20251105,i_39,0.2859044850299816,52.80054965879533,-28.0021929441517,746027478674834484,0,1580.1784516589207,3710.298305368183,0.009371701,0.010385524,52.80054965879533,-28.0021929441517,5.219327e-07,5.763987e-07,347277.1072367866,1398.1958631805276,329689.70056972967,895.185347519376,False,347109.24674479966,1131.3901431961483,False,358010.1198414436,1546.8563750220983,False,363153.11856878817,2215.851411639736,False,363725.785203866,3065.945762861524,False,0.988570022805368,47.57943190159891,349462.0078622887,779.3474020726471,0.0,0.0002612930499552,False,570796.125,1860.489501953125,False,588721.8247070312,2543.6937594558294,False,598120.82421875,5041.726710865116,False,False,1.6256321132330065,78.24094464156165,False,False
2MASS J03311212-2800076,52.80053788445,-28.0021142096,2025110500322,-1,g,20251105,g_6,0.3588133928745387,52.80056735092572,-28.00221042451825,746027478812197201,0,822.327366884234,3914.723655627826,0.21086258,0.27667886,52.80056735092572,-28.00221042451825,1.1952129e-05,1.5205974e-05,33968.69798807565,1410.692812197114,29374.158794822964,813.5409202169328,False,33706.73455210932,1083.6547548787903,False,35905.52659614685,1544.0124104886866,False,35992.923063994655,2267.088454675781,False,35760.297589604954,3172.1909152821804,False,-0.1933086091065362,50.92217093821342,31969.391723376564,710.4995725019606,0.0,0.0223646750080669,False,70899.6328125,2279.387939453125,False,75524.6298828125,3247.7163515307184,False,75219.1513671875,6672.469881559039,False,False,-0.4066104173918218,107.1110349165745,False,False
2MASS J03311212-2800076,52.80053788445,-28.0021142096,2025110500323,-1,g,20251105,g_6,0.297760941620328,52.800556190840574,-28.0021953263072,746027478940123435,0,2392.8554946233235,3311.233786801159,0.13679306,0.11466357,52.800556190840574,-28.0021953263072,7.509051e-06,6.4898377e-06,33879.610554511964,1382.6392781132802,28451.799047404395,803.040909916761,False,32020.823023462548,1069.176432594783,False,31053.052613858457,1521.2869330734968,False,32551.269902098746,2233.236556213684,False,31676.056421861253,3124.524059867801,False,-1.1766118897082898,49.0377623883969,30974.70308645274,674.3261062619587,0.0,0.0025576157671803,False,68843.3046875,2298.680419921875,False,66762.642578125,3270.6973138683,False,68102.072265625,6717.583795372527,False,False,-2.5296617380125,105.42894587137889,False,False
2MASS J03311212-2800076,52.80053788445,-28.0021142096,2025110800168,-1,z,20251108,z_20,0.2966571117830925,52.800546450798834,-28.002196266513447,746040652254414435,0,398.2807371481894,3722.7484159300298,0.005604815,0.0055396124,52.800546450798834,-28.002196266513447,3.088508e-07,3.1074228e-07,597242.035970807,1595.4070800198488,583657.4938206008,1103.639653950666,False,595315.0510525141,1339.5809374002629,False,600854.8360052,1771.6376038506412,False,602895.1992253889,2487.6405505286566,False,599311.3684114957,3409.4859446154624,False,-0.3234201995453971,53.23448970158819,598373.2420951537,997.5728508789778,0.0,4.836694459720015e-06,False,720441.9375,1621.14208984375,False,727146.1076660156,2144.011016703528,False,725278.2248001099,4126.112140915957,False,False,-0.3913985960461942,64.42363389709232,False,False
2MASS J03311212-2800076,52.80053788445,-28.0021142096,2025110800169,-1,z,20251108,z_20,0.2802134176391405,52.80055037397536,-28.002191261562714,746040652409078614,0,2597.727759621592,2470.3249768369383,0.0063347956,0.0065268404,52.80055037397536,-28.002191261562714,3.6078364e-07,3.5430403e-07,598718.2857469514,1621.168844349609,580061.2276524269,1112.8243493049638,False,597193.2812700187,1354.954884156167,False,604615.4849318481,1794.8371693529557,False,610015.4423963316,2523.2152090516365,False,609015.3760040533,3460.112548618867,False,1.1709912847233943,54.8982416323137,597713.4374529496,1024.4179221236748,0.0,0.0001597322925198,False,715156.0625,1622.5972900390625,False,724044.3640136719,2149.368928152317,False,729313.3596191406,4143.583901035658,False,False,1.4022956095950336,65.74221705985236,False,False
2MASS J03311212-2800076,52.80053788445,-28.0021142096,2025110800174,-1,r,20251108,r_57,0.2821027493668057,52.80055049903604,-28.002191775913115,746040653079643309,0,176.2990398016336,2123.05747159818,0.008688409,0.009219364,52.80055049903604,-28.002191775913115,4.875956e-07,5.08318e-07,103597.54778318592,551.1769094262055,102409.06391060118,372.2843027344336,False,103501.67329321132,458.2809513878461,False,104113.57504861375,614.7148421755154,False,104493.41616902896,870.8739905638904,False,105039.87558474069,1199.8741948334234,False,0.5222016794491389,18.073177008137478,104709.8823418809,310.2058718843621,0.0,0.0002493170922402,False,220488.890625,976.272705078125,False,221792.42065429688,1309.5227283720762,False,223765.71220695967,2556.0836041646785,False,False,1.112442584943257,38.501162559029474,False,False
2MASS J03311212-2800076,52.80053788445,-28.0021142096,2025110800175,-1,r,20251108,r_57,0.2822908864862594,52.800549306590575,-28.002191972511287,746040653217007701,0,3487.641979308528,3476.5659367147214,0.009179512,0.008900135,52.800549306590575,-28.002191972511287,5.087734e-07,4.965625e-07,105334.69565967644,554.4229505577387,103005.94783239644,374.2804286739879,False,104634.70278616207,461.2040026845975,False,104763.43461634147,619.2589079538062,False,104166.24511797234,878.1490799451661,False,105815.25189706098,1209.4465659210734,False,-0.576768735174636,18.750661587685723,105072.1295254342,309.79495908606674,0.0,0.000488168807715,False,222865.015625,982.3341064453124,False,223139.2059326172,1318.9806299645495,False,225379.5073666573,2576.0414148875443,False,False,-1.2284793644361205,39.93767245900106,False,False
2MASS J03311212-2800076,52.80053788445,-28.0021142096,2025110900380,-1,g,20251109,g_6,0.2821600339859957,52.80054664585335,-28.002192204704915,746045078777102469,0,1306.0779987541937,435.8616697167242,0.026181951,0.027077546,52.80054664585335,-28.002192204704915,1.4822995e-06,1.4792905e-06,33010.03209033163,534.9631052708172,31750.11275857886,330.65562754910053,False,32648.610349611878,430.09431404753246,False,33411.92299954946,601.3474954388158,False,32822.02115667887,876.160057537661,False,32960.01795391228,1220.8185162527022,False,-0.1236571942046477,19.57034526224604,32698.167502391363,236.84443434628457,0.0,0.0013929669351826,False,75826.578125,998.8964233398438,False,77599.3759765625,1396.632884367359,False,76549.82400846481,2835.357756664292,False,False,-0.2871945175206664,45.45223512027868,False,False
2MASS J03311212-2800076,52.80053788445,-28.0021142096,2025110900381,-1,g,20251109,g_6,0.2731477779408134,52.80054699904981,-28.00218965599717,746045078911844483,0,1949.645535653676,548.43170667632,0.032630436,0.031118013,52.80054699904981,-28.00218965599717,1.77494e-06,1.7705144e-06,32486.019829085893,537.0782099002723,30766.001514308075,330.00266418323383,False,31909.886630664518,429.8729585884895,False,32607.390968499385,603.8958539886095,False,31688.705188917746,877.8701817994573,False,30871.00602427445,1222.8794856298844,False,-0.6161166442208865,18.884206432389316,32179.233642968607,247.2877109983088,0.0,0.0002289597224014,False,73415.453125,989.0137939453124,False,75020.20959472656,1389.3903251375898,False,71025.28824150562,2813.4932785536907,False,False,-1.417506841590081,43.44711681951312,False,False
2MASS J03311212-2800076,52.80053788445,-28.0021142096,2025110900382,-1,i,20251109,i_39,0.2827304359666044,52.80054995196805,-28.00219201972518,746045079043966076,0,1985.989946398685,2734.0289730855243,0.008445508,0.007503817,52.80054995196805,-28.00219201972518,4.6953548e-07,4.1715458e-07,346713.27513344714,953.7200625658955,334384.4405677433,668.2339268325223,False,347559.3700420932,804.4960924730556,False,355259.30012787174,1046.161152389697,False,359781.0685240732,1461.4341112719108,False,360480.63803598407,1999.104272949928,False,0.8838294224455506,31.24262089759668,347874.48807625665,640.2131620074645,0.0,4.116648156138325e-06,False,591632.3125,1369.4520263671875,False,604739.5046386719,1780.825939927963,False,613627.517701149,3402.971652845254,False,False,1.504497044616209,53.18269522691136,False,False
2MASS J03311212-2800076,52.80053788445,-28.0021142096,2025110900383,-1,i,20251109,i_39,0.2856181097108401,52.80054776025902,-28.002193067343555,746045079202302059,746045079202300724,1077.5786855524816,1936.7133486185649,0.00712369,0.0071523227,52.80054776025902,-28.002193067343555,3.960128e-07,3.97577e-07,347735.8518828647,949.340640382331,336153.968481813,665.4106468688268,False,347003.8415355673,799.4257490672305,False,352925.5058668569,1045.7557718298187,False,354092.61349935364,1454.8915348876824,False,350813.8817812584,1984.946440895545,False,-0.6477546182317692,31.080837594054227,344384.78154986986,620.9551536220139,0.0,1.575366000472478e-05,False,596791.625,1374.8856201171875,False,606975.9493675232,1798.5342285021295,False,603344.290525198,3413.793365393044,False,False,-1.1140353072320928,53.45411593149608,False,False
2MASS J03311212-2800076,52.80053788445,-28.0021142096,2025111100196,-1,g,20251111,g_6,0.2805767404071641,52.8005513288872,-28.002191238299723,746053850174064394,0,660.7082138179127,3449.862666380795,0.019966474,0.018699765,52.8005513288872,-28.002191238299723,1.0545546e-06,1.0961262e-06,32502.447784866392,330.35796036875985,31595.674711767377,216.95934791411125,False,32424.921889458,271.436572214282,False,32810.6438334053,368.4425518639258,False,33169.269998307325,526.326588091508,False,34099.34752786564,727.7162268200093,False,0.4968245486430274,11.391377795161045,32058.75955294848,177.00301396981402,0.0,1.013550912309924e-06,False,75441.109375,631.5350952148438,False,76338.5453491211,857.2330551274972,False,79336.89447999,1693.133437565493,False,False,1.1559317009966177,26.5036314075468,False,False
2MASS J03311212-2800076,52.80053788445,-28.0021142096,2025111100197,-1,g,20251111,g_6,0.2810184261745428,52.80054940766875,-28.002191604396803,746053850307232490,0,3933.983390505455,1489.0851120935856,0.018990433,0.018321792,52.80054940766875,-28.002191604396803,1.0280899e-06,1.0465488e-06,32902.481198095884,327.6588813692662,32012.01517585944,216.2056910338348,False,32675.728482796505,270.2750971271128,False,33129.67609269204,365.1951733707694,False,32468.950683778807,522.9058816193046,False,32057.94308672572,723.5212901908644,False,-0.4759457176292544,11.259609775862913,32536.51367591813,177.9303573909749,0.0,2.125487799531367e-05,False,75038.328125,620.6744995117188,False,76080.79821777344,838.6541485521842,False,73619.61198878288,1661.5338203507729,False,False,-1.0929877492388824,25.857183057616997,False,False
2MASS J03311212-2800076,52.80053788445,-28.0021142096,2025111100215,-1,i,20251111,i_39,0.279818794521905,52.80055041976178,-28.00219114502186,746053852723153812,746053852723152363,3892.986145965721,2467.720870579987,0.0062584165,0.0049358723,52.80055041976178,-28.00219114502186,3.4771324e-07,2.7459768e-07,347059.3448165218,797.843747878739,339402.19670555874,593.8783999523816,False,346084.5113086117,688.9605044179293,False,350348.1583914303,868.9208071873193,False,350329.59828315745,1179.365439632587,False,351275.39580514305,1588.930114554356,False,0.432705661952524,23.958145694333936,346704.49679379363,586.2288942997266,0.0,0.0001142836203142,False,596183.6875,1186.8402099609375,False,603528.4739812613,1496.8494516429464,False,605125.78273803,2737.1759900288885,False,False,0.7454019140282891,41.27158303531637,False,False
2MASS J03311212-2800076,52.80053788445,-28.0021142096,2025111100216,-1,i,20251111,i_39,0.3111117675973685,52.80057292191429,-28.002194902798443,746053852859468292,746053852859465731,3825.95110022925,12.904721531756245,0.013537037,0.012792586,52.80057292191429,-28.002194902798443,7.526166e-07,7.1120706e-07,,,335300.41230508045,594.197099839484,True,339606.6127700665,688.161137944864,True,,,True,,,True,,,True,2.087310660281882,24.303884565996416,330995.80136065296,565.0556154412651,,,True,584657.5,1184.719482421875,True,,,True,,,True,True,3.593457213361186,41.840906084666486,True,False
2MASS J03311212-2800076,52.80053788445,-28.0021142096,2025111500098,-1,u,20251115,u_24,0.3685713865197182,52.80057769364806,-28.002210367926622,746071429184749678,0,2230.648998959248,1247.0560354912682,0.88410366,0.9128717,52.80057769364806,-28.002210367926622,5.003502e-05,4.990025e-05,3061.4346297539755,692.1092901422106,3634.302271594162,414.608675227315,False,3271.909394951732,545.2600929845162,False,2955.677339565953,771.4644722045364,False,3509.3567119660347,1128.8664677010229,False,5577.971284867391,1576.3376552494854,False,0.2420509643126272,25.06894089241311,3437.3648899573595,346.18279145472445,1.0,0.1230564690582164,False,1061.6602783203125,176.9245147705078,False,959.0501594543456,250.32269766962287,False,1809.9249801635744,511.4857631391244,False,False,0.0785400398117182,8.134301886873427,False,False
2MASS J03311212-2800076,52.80053788445,-28.0021142096,2025111500099,-1,u,20251115,u_24,0.2641612647947897,52.80054609999826,-28.00218722831601,746071429339939058,0,1043.1652012998811,2520.997413932376,0.35077083,0.34954792,52.80054609999826,-28.00218722831601,1.9467148e-05,1.9479092e-05,2568.418615625608,677.0983630512914,2941.4703722059685,400.9005652687376,False,3306.5816075339862,530.3794727080822,False,3508.965414986424,749.1597422389958,False,4505.006040676748,1100.455736062219,False,4546.95367803189,1537.966620920704,False,0.5990542203337228,24.26714637984607,3576.968252370291,360.633308489783,0.0,0.1556365789786755,False,1057.3016357421875,169.59239196777344,False,1122.015214920044,239.5488498141791,False,1453.9189205169678,491.77513729324505,False,False,0.1915516029043283,7.759582737575799,False,False
2MASS J03311212-2800076,52.80053788445,-28.0021142096,2025111700047,-1,u,20251117,u_24,0.2451183190513818,52.80052197287404,-28.00218083290078,746080218454687812,0,874.8205509338482,1255.3359953902673,0.61572206,0.9048385,52.80052197287404,-28.00218083290078,4.2374166e-05,4.368174e-05,1452.7308768951536,1134.3757059302948,2251.393832071765,672.3310854031157,False,1801.1836632072773,892.8462551407449,False,2151.4579393684967,1272.835045372742,False,2942.8303092615183,1870.9695436405048,False,6248.191208959084,2617.257564014531,False,1.503447363821674,40.77981340345777,2847.7771695766587,552.1502694122005,0.0,0.8064708254919289,False,378.0570983886719,187.40280151367188,False,451.5774612426758,267.1600535861934,False,1311.4559535980225,549.3458666093121,False,False,0.3155641257229806,8.559425805967095,False,False
2MASS J03311212-2800076,52.80053788445,-28.0021142096,2025111700049,-1,u,20251117,u_24,0.2817190335955286,52.80062641275054,-28.00211798184723,746080218721550399,0,38.0,1169.0,,,52.80062641275054,-28.00211798184723,,,2629.077351082925,1178.8752777348157,3679.088903961935,707.8923745071656,True,3837.6461630975873,937.8239759647138,True,5732.349990207358,1328.8763640660518,True,7223.615655360506,1954.22987748153,True,7903.718983063695,2732.613628563429,True,1.0078675005772155,43.4846445663749,3160.8441252653915,556.2240092482751,,,True,756.5717163085938,184.88705444335935,True,1130.102590560913,261.98097187570505,True,1558.1765441894531,538.7203757476573,True,True,0.1986957661849364,8.572768508208826,True,False
2MASS J03311212-2800076,52.80053788445,-28.0021142096,2025112200246,-1,z,20251122,z_20,0.2808045983720419,52.8005507854486,-28.002191374693904,746102235397621697,746102235397619738,3395.110261405963,77.16372875710285,0.0056320704,0.006340973,52.8005507854486,-28.002191374693904,3.447172e-07,3.2171715e-07,595106.469896479,1352.9538819517202,579603.32236984,986.3731809473768,False,594984.7336707195,1158.905160348541,False,604615.6157205636,1479.3908175274153,False,607665.0000149459,2028.0859176602808,False,609556.0677550592,2745.7457604505435,False,2.3500308405351285,41.63986393008969,587208.0861267556,963.1116378798314,0.0,0.0006388801136956,False,675072.125,1314.8985595703125,False,685999.3633694649,1678.5229038270152,False,691604.8205596209,3115.334428467719,False,False,2.666354653417988,47.2447608102047,False,False
2MASS J03311212-2800076,52.80053788445,-28.0021142096,2025112200247,-1,z,20251122,z_20,0.2819387115623424,52.80054808082748,-28.002192006745485,746102235508769644,0,3678.320505732187,1946.5973734294253,0.005707484,0.006141283,52.80054808082748,-28.002192006745485,3.3572474e-07,3.233513e-07,594434.1870819645,1359.319097997576,579971.3275446113,990.0699233400333,False,595139.8599747515,1163.2496687048294,False,606062.5988171842,1486.9832906371803,False,611931.507108414,2039.4592696137884,False,614229.3330512511,2760.134281381413,False,3.4066857191189546,42.84624789772423,593644.6548994499,966.5773682408784,0.0,6.77116797984656e-05,False,679295.5625,1327.7388916015625,False,691762.8303222656,1697.2500394854032,False,701084.3809331656,3150.430840451628,False,False,3.888407830602715,48.904918027056354,False,False
2MASS J03311212-2800076,52.80053788445,-28.0021142096,2025112200248,-1,r,20251122,r_57,0.2728673777626544,52.800550058382406,-28.00218924008238,746102235665531671,0,941.5501829087442,1507.7151325689567,0.010462849,0.012474231,52.800550058382406,-28.00218924008238,6.735459e-07,6.047933e-07,104254.10248011482,456.67351356416646,96448.87067546188,318.51260953144083,False,103959.98791518377,384.2362639748969,False,106842.04453946612,499.5252601114298,False,106922.04811951242,691.0158417618586,False,107954.6092107696,940.7323615780048,False,0.2331673170028382,14.4526338190782,102607.12293383908,328.6774082355666,0.0,6.665441341757727e-06,False,210433.8125,777.763671875,False,216267.6162109375,1011.129445408002,False,218519.6482679844,1904.2123932382156,False,False,0.4719728084937281,29.254744024175324,False,False
2MASS J03311212-2800076,52.80053788445,-28.0021142096,2025112200249,-1,r,20251122,r_57,0.2696704058756269,52.8005458046885,-28.002188790918183,746102235803420776,0,224.94872308357856,3933.463414445456,0.011407987,0.011407254,52.8005458046885,-28.002188790918183,6.343867e-07,6.342147e-07,103652.76678456413,452.3599080327415,97849.75787269192,318.2908375516195,False,103003.44926980569,381.7377808115432,False,104715.42443383289,495.2736241424564,False,104003.20704085295,684.9777069929669,False,101118.2701928634,932.4034402418068,False,-1.1374338112493088,14.570762694832776,103531.21277440387,322.91242027083985,0.0,0.000496404115904,False,209197.6875,775.3008422851562,False,212674.67053222656,1005.8895851045854,False,205368.9312183857,1893.6904045290944,False,False,-2.3101024740869414,29.592891135965303,False,False
2MASS J03311212-2800076,52.80053788445,-28.0021142096,2025112200252,-1,u,20251122,u_24,0.2734676893649361,52.80052669064255,-28.002189527156617,746102236200828933,0,1884.7342446159828,40.50705971021296,0.34896642,0.37120596,52.80052669064255,-28.002189527156617,2.013074e-05,1.994427e-05,3845.671280859597,636.9414936699909,3350.9297722897395,384.4586946275951,False,3480.4165053365737,507.2307319661948,False,2909.388494263771,716.7342559017823,False,3312.6537419893043,1051.4250803191328,False,5959.409191765889,1470.1269162159963,False,0.7698108965994542,23.260274681929022,3046.61500732885,250.0324553421033,1.0,0.3610071475148991,False,1173.633544921875,171.04360961914062,False,981.0768127441406,241.69043108235817,False,2009.576303482056,495.7424668909821,False,False,0.2595884400933599,7.843612564459133,False,False
2MASS J03311212-2800076,52.80053788445,-28.0021142096,2025112200253,-1,u,20251122,u_24,0.3017691297287115,52.80053690606699,-28.00219802990703,746102236338192652,0,1320.0456133382406,1962.680016481984,0.28942758,0.3555962,52.80053690606699,-28.00219802990703,1.8043906e-05,1.8016322e-05,4195.301883183484,674.0672161493142,3645.765142162483,405.5192875742353,False,4309.267002605741,536.5030137969801,False,5178.638810872289,760.5386330640519,False,4976.022107637929,1110.92041054445,False,6669.296948786292,1552.2257321195736,False,0.4726594607040408,24.347842105150903,3500.3137663837024,259.3232661939767,0.0,0.0176464382477743,False,1412.578125,175.86573791503906,False,1697.5582847595217,249.3046347868577,False,2186.1961612701416,508.8197396281936,False,False,0.1549378152621077,7.981224910847508,False,False
2MASS J03311212-2800076,52.80053788445,-28.0021142096,2025112200254,-1,u,20251122,u_24,0.197638975789272,52.80054031832656,-28.00216906724128,746102236470837304,0,2488.822790585226,475.63017912682255,0.30894104,0.32350975,52.80054031832656,-28.00216906724128,1.7560862e-05,1.7623732e-05,2778.433982707791,648.91310958245,2943.9269260921687,389.9585490541832,False,3392.982696871473,516.3594401001866,False,3987.835208629348,731.7608765165512,False,4153.351571428395,1069.22601537357,False,4731.616466245101,1494.2453898351905,False,0.1315802418106181,23.73723903638599,3101.194103271117,257.67804207791687,0.0,0.0660921078216004,False,1137.185791015625,173.06207275390625,False,1336.555456161499,245.255618887491,False,1585.8398036956787,500.8085149322969,False,False,0.0441001899312376,7.955729033044963,False,False
2MASS J03311212-2800076,52.80053788445,-28.0021142096,2025112200301,-1,r,20251122,r_57,0.2823536323880366,52.80054831354044,-28.00219209875313,746102242822064281,0,3659.402208242508,3457.3118216971607,0.0092509,0.012887565,52.80054831354044,-28.00219209875313,5.55774e-07,6.819489e-07,103076.34423359188,514.8318277498034,100833.26758992395,361.1309197173092,False,103434.16163276532,434.104935064604,False,104934.58337591367,567.9066396313025,False,106211.376919999,792.9201164680106,False,106605.81966970697,1082.5777324439734,False,0.5677927527920873,16.619858986218052,103210.6358091172,331.37478974599526,0.0,4.731753682540862e-06,False,205778.140625,863.6344604492188,False,208763.16986083984,1129.8276169804828,False,212088.02783477303,2153.745236078574,False,False,1.1296010436545585,33.06454681554916,False,False
2MASS J03311212-2800076,52.80053788445,-28.0021142096,2025112600270,-1,i,20251126,i_39,0.2785602688839748,52.80054748399096,-28.0021911218499,746119830802795220,746119830802792773,3049.5185418615683,483.1470767393852,0.004746998,0.0052226577,52.80054748399096,-28.0021911218499,2.659879e-07,2.8835032e-07,346760.59107384447,791.2014760692175,341027.3898228066,592.8036450956132,False,346496.8871911136,686.2495163640355,False,349900.3654268772,864.2824037363785,False,352315.82721091475,1171.2621069642255,False,355179.831269342,1578.7981548819548,False,2.083336733065364,23.770687977644343,343681.9252976111,574.9883711640891,0.0,2.4341073285527592e-05,False,598383.6875,1185.120361328125,False,604261.3329632878,1492.57471252227,False,613378.7200326324,2726.509520460388,False,False,3.597823711323163,41.05085053370008,False,False
2MASS J03311212-2800076,52.80053788445,-28.0021142096,2025112600271,-1,i,20251126,i_39,0.2835148395427446,52.80054774511601,-28.002192481002705,746119830942256168,746119830942254486,334.3867238959258,2386.257699312984,0.0050334376,0.004932711,52.80054774511601,-28.002192481002705,2.7942713e-07,2.745226e-07,346833.1858683337,793.5819951215393,341326.74899977015,593.9873880916788,False,346456.37127945665,687.8390667560353,False,349201.5516414262,867.0963205046303,False,351485.3097171192,1176.073013656258,False,350319.6390358168,1584.7709647939328,False,0.9039008012988016,24.434841539468525,341171.321694099,569.987408920575,0.0,0.0003013968524162,False,596900.3125,1185.059326171875,False,601629.9095048904,1493.8968008163274,False,603556.232039094,2730.359036645939,False,False,1.5573062454350293,42.098127671700816,False,False
2MASS J03311212-2800076,52.80053788445,-28.0021142096,2025112600272,-1,i,20251126,i_39,0.2810022365543045,52.80054923149542,-28.00219162015139,746119831071230538,746119831071228222,3053.604432897974,483.50942138143887,0.0054645487,0.0051312842,52.80054923149542,-28.00219162015139,3.02356e-07,2.867109e-07,345981.65211456834,794.4543617951057,338969.3342150109,592.9678410635939,False,345415.7038532116,687.7911196003279,False,348693.9592863965,868.2490210740086,False,348572.17512144253,1179.2991460196606,False,351076.0893947019,1587.7196851218291,False,0.8727876954414342,24.122841491143355,341748.57181622303,574.8459224432366,0.0,0.0010215381531509,False,594590.25,1183.947021484375,False,600233.3597249985,1494.5828945925327,False,604333.9009593129,2733.0623187522806,False,False,1.5023956590288103,41.52447671870938,False,False
2MASS J03311212-2800076,52.80053788445,-28.0021142096,2025112600273,-1,i,20251126,i_39,0.2830476035524314,52.800547684306366,-28.002192356376582,746119831210691489,746119831210689904,338.72312513621824,2386.068925765049,0.0053281244,0.005244318,52.800547684306366,-28.002192356376582,2.9585303e-07,2.9178491e-07,345875.14023695345,797.5736231613308,339555.27642001584,594.9041442050391,False,345673.58794104576,689.7643903216737,False,349157.7367981576,869.7215927425764,False,350450.76523251587,1180.5166812744314,False,349390.30671783694,1590.3100924838898,False,0.9347333793734528,25.130115050426244,343560.90727233584,583.4036586005396,0.0,2.66413154237366e-05,False,593425.3125,1184.1334228515625,False,599406.6260757446,1493.069838038317,False,599805.8838787079,2730.119675111274,False,False,1.6046769759379904,43.14141113813855,False,False
2MASS J03311212-2800076,52.80053788445,-28.0021142096,2025112600274,-1,i,20251126,i_39,0.2811743814684921,52.80054928217877,-28.00219166256683,746119831339666190,746119831339663714,3083.985507332871,498.3578208785176,0.0047612996,0.0044794376,52.80054928217877,-28.00219166256683,2.6348647e-07,2.502084e-07,346846.3034974083,795.4808731851457,341119.3596883177,595.4333287676425,False,345909.16809761385,689.2411352272851,False,347751.0538333259,868.6974438503535,False,348132.48829530075,1177.210167056624,False,347194.8104648546,1585.7208684240543,False,0.7822117909001135,23.46794650959749,343866.3288530417,576.3911587127849,0.0,6.32767578222504e-05,False,596076.25,1187.71142578125,False,599250.2171669006,1496.953427290429,False,598291.6896349788,2732.539741560767,False,False,1.3479199571083589,40.44034342187173,False,False
2MASS J03311212-2800076,52.80053788445,-28.0021142096,2025112600275,-1,i,20251126,i_39,0.2800137252600166,52.8005485898458,-28.00219141473796,746119831479125468,0,357.93318593611224,2397.6784596429684,0.004934246,0.0042797336,52.8005485898458,-28.00219141473796,2.722799e-07,2.4016026e-07,346430.80026548525,797.707570313375,341673.4591240829,596.2889127983682,False,347071.8143508149,690.5234423013488,False,351445.8294493588,870.9503030212796,False,353158.32639175514,1180.325991754736,False,352846.347181873,1589.9291295990613,False,2.509080846121639,24.7265052924096,342708.3194649163,580.8814447501471,0.0,1.5122216812102351e-09,False,597125.3125,1188.022216796875,False,604650.6574707031,1498.4405254466328,False,607060.2008392811,2735.419268028105,False,False,4.316788694381717,42.541115669044,False,False
2MASS J03311212-2800076,52.80053788445,-28.0021142096,2025112800039,-1,i,20251128,i_39,0.2786340790608063,52.800550998097656,-28.002190737015397,746128595890473287,746128595890471230,168.7167432232277,563.2284950294232,0.006517382,0.0052444073,52.800550998097656,-28.002190737015397,3.5892506e-07,2.9566104e-07,345049.4463357551,922.9665555199168,336050.31724259874,654.4661298754072,False,344985.1021789823,781.3203494610667,False,350278.32108984404,1015.8014480080476,False,352820.0274197716,1408.9728190080125,False,355031.86177466635,1919.5137893106776,False,2.631639055469731,29.79116255024833,344706.4730931723,615.8780486412396,0.0,0.0001006739371319,False,588163.5625,1332.069580078125,False,597187.9478199482,1731.835359496492,False,605292.2381386161,3272.570500749074,False,False,4.4866696918297,50.7908202003459,False,False
2MASS J03311212-2800076,52.80053788445,-28.0021142096,2025112800040,-1,i,20251128,i_39,0.2834108734152902,52.80054951456077,-28.002192262276,746128596024689983,0,4053.432067865127,2383.112441543636,0.0065759663,0.0051003043,52.80054951456077,-28.002192262276,3.6075318e-07,2.8968387e-07,345046.97892729455,918.384162906363,337555.2093243044,652.699425016625,False,345089.8934791039,777.6968397624912,False,350606.08612493344,1009.587540082792,False,351711.6002055818,1397.999563578169,False,351405.0648677185,1907.257945704148,False,1.6897792257218334,29.40520143541213,341367.1562353324,604.6397310190772,0.0,6.59456029598049e-05,False,587129.6875,1323.1593017578125,False,596514.8376464844,1717.6939345764888,False,597874.2055921555,3244.9740858927107,False,False,2.874959735099073,50.029476538968815,False,False
2MASS J03311212-2800076,52.80053788445,-28.0021142096,2025112800297,-1,i,20251128,i_39,0.2815552126984064,52.80055036957212,-28.00219163861651,746128630489286883,746128630489285481,2699.262145470682,1764.5433220962086,0.0065106847,0.0062156315,52.80055036957212,-28.00219163861651,3.597737e-07,3.465785e-07,352178.9187319835,924.26403526629,339596.00516579393,655.9662959860767,False,350839.5377310129,780.7350269321751,False,357799.5875795748,1011.8256172579544,False,359877.2525411604,1397.4686091752794,False,358725.12545094686,1900.1229877953087,False,1.6730982451268024,29.587060616886884,350459.8172489908,638.7456581644743,0.0,8.553607666605957e-08,False,590722.625,1314.554931640625,False,602441.540556848,1703.6514428631026,False,603999.9058552682,3199.313413854348,False,False,2.817062733681834,49.81692264981163,False,False
2MASS J03311212-2800076,52.80053788445,-28.0021142096,2025112800298,-1,i,20251128,i_39,0.2843028201979664,52.80054881354743,-28.002192590849702,746128630689563777,0,3436.397606653424,2082.8467684903494,0.00560396,0.005424595,52.80054881354743,-28.002192590849702,3.1017294e-07,3.0136093e-07,348454.1813311839,924.774507739342,337785.58744201506,663.6858606153303,False,346905.4556953004,785.5223006145281,False,351409.38587291935,1011.2720456854374,False,353213.2253412781,1393.327482491445,False,348731.3925536261,1891.639223962254,False,2.1265458962497914,29.660365001700917,348193.6576835878,648.6453062596206,0.0,0.0015415722277111,False,587971.875,1331.3858642578125,False,595605.6098632812,1714.0102903397708,False,591066.6649509668,3206.1492348322818,False,False,3.604293784845437,50.2715080922572,False,False
2MASS J03311212-2800076,52.80053788445,-28.0021142096,2025112900038,-1,z,20251129,z_20,0.2806037521356415,52.800549440098536,-28.00219148444192,746132993804337462,0,2086.6837597809013,806.5094177569542,0.006107852,0.0055620205,52.800549440098536,-28.00219148444192,3.3881864e-07,3.099002e-07,594773.2795798787,1675.717936094085,580140.8110923343,1140.9962367101048,False,594779.1334881873,1395.0363419242233,False,604754.3793657955,1859.926839464628,False,610054.6904735435,2620.1766762493603,False,615093.2328210506,3598.0574658764267,False,5.542790808701005,55.53644524953774,592663.9755507365,1006.7224098751556,0.0,0.0019505470758223,False,709715.5,1664.6160888671875,False,721618.3833007812,2219.343000640547,False,733955.138469696,4293.3536327127,False,False,6.613891323191092,66.26842434323751,False,False
2MASS J03311212-2800076,52.80053788445,-28.0021142096,2025112900039,-1,z,20251129,z_20,0.2779941281853212,52.80055352670739,-28.002190185092704,746132993940652530,0,2653.278352311856,1223.6565075386156,0.005539128,0.0050121965,52.80055352670739,-28.002190185092704,3.0751616e-07,2.7910983e-07,593405.5486590513,1694.800708692,578855.6105138392,1152.842494016901,False,594063.4096121418,1411.4935241826995,False,603835.9438299936,1880.7404842715305,False,608930.1139691749,2654.295534809004,False,605086.0861693125,3647.129156338184,False,5.422392329826369,55.64731612057176,595064.1113532698,1005.6650234293306,0.0,0.0012330424718689,False,707244.3125,1680.4111328125,False,718878.708984375,2239.0589779935663,False,720367.0283203125,4341.979847668411,False,False,6.4554659879104985,66.24923736316171,False,False
2MASS J03311212-2800076,52.80053788445,-28.0021142096,2025112900046,-1,z,20251129,z_20,0.2811181831824029,52.80054870962883,-28.002191710843743,746132994856060464,0,1393.690130101598,3528.2343954553976,0.005047605,0.0047519547,52.80054870962883,-28.002191710843743,2.800092e-07,2.6471827e-07,593367.4032666222,1607.307387232659,581668.963042467,1110.4438014142067,False,592814.7634342181,1347.8438203707046,False,600006.8491441103,1782.328690396283,False,602736.0555084189,2503.420665151932,False,608778.9770856431,3431.4661777883307,False,4.890963047303398,52.783648381544616,592518.7155436431,975.5227166138768,0.0,0.0002930103643918,False,710046.8125,1614.3865966796875,False,718661.1687011719,2134.792996908234,False,729168.0282936096,4110.055572208315,False,False,5.858175160272348,63.22187569742499,False,False
2MASS J03311212-2800076,52.80053788445,-28.0021142096,2025112900047,-1,z,20251129,z_20,0.2831310068352496,52.800549144597824,-28.002192226186352,746132995008627549,0,2935.771320213072,1984.257680945014,0.0054815616,0.005021898,52.800549144597824,-28.002192226186352,3.0406008e-07,2.7985377e-07,589680.5539059628,1614.471458673165,578501.3007545403,1112.5261846971848,False,590372.7305355519,1351.2327559505884,False,599836.7756403151,1790.1548826780818,False,604698.5122881194,2515.2156779632023,False,606392.3105011298,3447.54998154788,False,5.35690093289833,54.652392490568495,591514.8383264475,989.7540265583934,0.0,0.0001700888750402,False,708399.25,1621.369384765625,False,719755.3342285156,2148.0402306566634,False,727621.4427707195,4136.779520711554,False,False,6.427845337211006,65.57842503312052,False,False
2MASS J03311212-2800076,52.80053788445,-28.0021142096,2025113000041,-1,z,20251130,z_20,0.2772222083698861,52.80054975786075,-28.002190498842992,746137392255074749,0,3275.951008556701,824.9079754403351,0.0043835235,0.003607523,52.80054975786075,-28.002190498842992,2.419713e-07,2.0258553e-07,595697.9692263176,1470.666807409417,585701.4212281106,1046.8731805588716,False,596366.0394934011,1250.7389384907185,False,604176.3998220208,1623.362201078433,False,606378.6694567878,2263.085581426982,False,606586.0487150247,3088.018478980945,False,9.817954123475271,51.25190229702025,590169.1221954193,953.2868847948644,0.0,0.0001206380509323,False,707175.5,1483.135986328125,False,716437.0861816406,1924.9955567623235,False,719294.4666290283,3661.796392258774,False,False,11.642206558481458,60.77490539809233,False,False
2MASS J03311212-2800076,52.80053788445,-28.0021142096,2025121000243,-1,z,20251210,z_20,0.2802714954152744,52.80055024359801,-28.00219129424325,746181399830594137,0,2225.302820339205,1450.0084057643376,0.0055698613,0.0052457782,52.80055024359801,-28.00219129424325,3.023233e-07,2.9911064e-07,595781.1088270542,1458.239260407858,579076.6933010198,1030.777713278836,False,595670.4466391971,1232.037125893928,False,606714.4293070643,1601.4347462399824,False,610309.2868830856,2221.662461190105,False,615034.0403001766,3026.442229035273,False,2.490758121730787,46.9026996156259,596532.1363417972,983.2488586370348,0.0,6.067213024307794e-05,False,702208.9375,1452.392822265625,False,715228.1889648438,1887.8589629173007,False,725035.8019307852,3567.7358076877035,False,False,2.936242051453455,55.291470390706905,False,False
2MASS J03311212-2800076,52.80053788445,-28.0021142096,2025121000244,-1,z,20251210,z_20,0.2812529228446048,52.80055030698259,-28.00219156165557,746181399964812698,0,3127.9830395645517,3405.0813888310777,0.0057010558,0.005472029,52.80055030698259,-28.00219156165557,3.110723e-07,3.1009753e-07,593978.5370168817,1458.1151885758418,581567.6713703732,1036.7494803337872,False,593977.45525074,1238.227059569958,False,601272.9641340168,1604.2299882289744,False,605976.4257247011,2234.4639976623243,False,605504.9935590383,3049.400555176461,False,1.0057180461339046,46.20935437403788,596787.2162737028,966.8203796187044,0.0,5.361511362655946e-07,False,700669.875,1460.6419677734375,False,709275.830078125,1892.3876914640637,False,714268.0322265625,3597.1451221468888,False,False,1.186368828379887,54.50964892164143,False,False
2MASS J03311212-2800076,52.80053788445,-28.0021142096,2025121000246,-1,z,20251210,z_20,0.280949651490413,52.80055113045392,-28.002191369866544,746181400235344294,0,2085.9164582634503,1117.741403009931,0.00832483,0.006546213,52.80055113045392,-28.002191369866544,4.4696e-07,3.8310156e-07,593998.9868441867,1519.5780808667,568923.8410879475,1054.5124220389491,False,594649.9567454968,1270.7248506767387,False,611061.3236744188,1661.289861982323,False,620613.7721145113,2312.185531659531,False,625654.7890882859,3155.3029302522964,False,4.140808800944513,48.14515437932889,591798.7443911693,1016.3360949597536,0.0,0.0008807613420434,False,686984.5,1468.0372314453125,False,705944.1494140625,1919.2474030187304,False,722803.6218261719,3645.244031886199,False,False,4.783774776141036,55.62091518466514,False,False
2MASS J03311212-2800076,52.80053788445,-28.0021142096,2025121400776,-1,i,20251214,i_39,0.2817651798294745,52.80054593930657,-28.00219215392363,746199063557311711,746199063557310807,2459.6232186101893,3908.356904938179,0.0056496114,0.0057925303,52.80054593930657,-28.00219215392363,3.1812357e-07,3.1792408e-07,349018.9972317771,744.5597060807752,339513.954292908,568.8773467378098,False,348732.4400036783,650.606076962972,False,353913.88426472817,806.8593306456776,False,357110.97507062554,1077.0164363984738,False,358952.3014626421,1438.2866409479784,False,2.966998130404759,21.7579027417917,345949.55893048906,591.8987735393321,0.0,2.847101784886341e-05,False,590686.9375,1102.00390625,False,599463.3261902928,1366.6674284943729,False,607997.454028964,2436.186123607435,False,False,5.025534874812699,36.85378090101464,False,False
2MASS J03311212-2800076,52.80053788445,-28.0021142096,2025121400777,-1,i,20251214,i_39,0.2817118701633219,52.80054861887649,-28.00219188682222,746199063671606840,746199063671605756,490.5704516210204,3854.7287682923634,0.0052405354,0.006105136,52.80054861887649,-28.00219188682222,3.1544207e-07,3.169272e-07,347012.842100971,743.0647245844551,338135.09655290924,568.4813144937357,False,346567.813635608,649.9441215929679,False,351572.29243543174,805.7296525312081,False,352665.7422542694,1075.36171518661,False,353183.2780960869,1436.2520278028542,False,1.196877559278189,21.792438477498564,348377.56357004406,595.4450635016874,0.0,0.0001217082030047,False,590385.625,1107.193603515625,False,598910.8608349115,1372.5775613739663,False,601655.2090943605,2446.685807884797,False,False,2.0389063210177083,37.12388140099959,False,False
2MASS J03311212-2800076,52.80053788445,-28.0021142096,2025121400778,-1,i,20251214,i_39,0.2830710901617204,52.80054924848174,-28.002192197662406,746199063824173963,746199063824171292,2369.539273649352,403.9496552483999,0.0052184425,0.0054247743,52.80054924848174,-28.002192197662406,2.9499412e-07,2.9670355e-07,348244.85317285376,743.1457553486232,340423.56528200663,569.7436608317971,False,347823.6913533668,650.2947401337526,False,352365.62923331896,804.5866146753157,False,353507.2449573541,1073.2335161902502,False,353999.8988691942,1433.4841756802327,False,1.6351806823322834,22.15776730458599,345895.1003153901,587.6155280482648,0.0,1.0190067510684742e-05,False,592236.125,1107.250732421875,False,599969.6398722827,1369.962054764343,False,602752.2953969538,2440.780011707683,False,False,2.7842067548972134,37.72782180552486,False,False
2MASS J03311212-2800076,52.80053788445,-28.0021142096,2025121400782,-1,i,20251214,i_39,0.2807253217624548,52.80054907288249,-28.002191560602533,746199064386735039,746199064386732076,265.95146157255493,78.19356172197065,0.005151408,0.006078771,52.80054907288249,-28.002191560602533,2.980901e-07,3.2745143e-07,349103.3709380834,742.9642234750091,339978.2952206678,568.9695026534545,False,348007.9880471764,649.8941755773725,False,352032.1582427468,803.4931839933301,False,351613.79067517666,1073.3488828041034,False,350774.64566024765,1433.033561172437,False,0.2180736616118521,21.90232743035972,344750.7238423757,587.345003991838,0.0,8.23031831920229e-06,False,593870.9375,1109.03564453125,False,600738.1296587586,1371.1502805742869,False,598592.2013986707,2445.4524426809166,False,False,0.3721397620560714,37.376026330569246,False,False
2MASS J03311212-2800076,52.80053788445,-28.0021142096,2025121400783,-1,i,20251214,i_39,0.2829456061765534,52.80054870729134,-28.002192222534607,746199064493165775,746199064493164021,2791.6285787089405,2280.141975555747,0.0050890455,0.005998888,52.80054870729134,-28.002192222534607,2.935768e-07,3.2406444e-07,347326.9589566804,742.6702426242867,339554.04216846713,568.991509022618,False,346978.0953767878,649.5128302574759,False,351525.4226196934,803.4442120823536,False,353693.7392890187,1072.744959652856,False,354938.22773589427,1431.4366429465974,False,2.357305606780656,21.58265329139157,346670.1342628404,592.9578073307738,0.0,2.195711385655219e-05,False,591524.125,1107.28173828125,False,599276.3543317318,1369.7021249201382,False,605094.463852346,2440.296142592084,False,False,4.01870652639995,36.79385031353433,False,False
2MASS J03311212-2800076,52.80053788445,-28.0021142096,2025121400784,-1,i,20251214,i_39,0.2884249892395656,52.80054662796854,-28.00219395485233,746199064628431863,746199064628430122,2875.255504065534,1993.8803765584105,0.0051669856,0.006665839,52.80054662796854,-28.00219395485233,3.0094307e-07,3.5943305e-07,345637.72282943066,744.69563378232,336473.2532977517,567.4843594718881,False,345673.0989430557,649.452606537789,False,351811.54225516244,804.8498788947057,False,353115.93364714744,1074.3513055467906,False,353863.70067546604,1435.0977274135687,False,1.690344053066123,21.365452253316725,343115.3788552472,589.2558675220529,0.0,6.146129224893215e-06,False,586618.5,1102.1422119140625,False,597035.6380969286,1365.8564410306387,False,600518.2177305818,2435.407553503141,False,False,2.868568875985684,36.25786788438216,False,False
2MASS J03311212-2800076,52.80053788445,-28.0021142096,2025121400785,-1,i,20251214,i_39,0.2818814320696499,52.800549359841135,-28.00219185169908,746199064762650018,746199064762648629,3503.606099574678,3116.77535507749,0.005185442,0.0064782123,52.800549359841135,-28.00219185169908,2.970074e-07,3.5289716e-07,346400.00364888203,741.6162961417876,337882.69752920425,567.650180923171,False,346864.3930328235,648.7613291133156,False,352887.73755048256,802.5770281767428,False,355021.0804290958,1071.3234516045668,False,355201.74544457113,1430.6762816135713,False,1.8258741621679224,21.39330785262213,345956.98167842696,595.1239451234064,0.0,1.5293620774237129e-06,False,588484.0625,1100.6771240234375,False,598703.163459301,1361.6381487907086,False,602629.068780005,2427.2603566047705,False,False,3.0977461686725616,36.29551193002643,False,False
2MASS J03311212-2800076,52.80053788445,-28.0021142096,2025121400786,-1,i,20251214,i_39,0.2807512167935453,52.800548744955066,-28.00219160427729,746199064918887329,746199064918884898,3434.037807848716,811.8726927836608,0.0057974434,0.005646275,52.800548744955066,-28.00219160427729,3.2185946e-07,3.1419157e-07,348230.74486709945,737.4868809141149,338780.7256192533,566.0388177265527,False,347452.0871080883,646.0973149210892,False,351927.2872283696,796.9620006836183,False,354209.37272653333,1064.183720301932,False,353045.6537275783,1418.773638571291,False,1.3741171008474864,21.67075717057305,347046.95164085855,593.9697101380661,0.0,0.0002592583019025,False,591705.25,1100.293212890625,False,599326.442976594,1357.2133176114774,False,601231.0029247403,2416.1484177329985,False,False,2.340099060718262,36.904946797208986,False,False
2MASS J03311212-2800076,52.80053788445,-28.0021142096,2025121400787,-1,i,20251214,i_39,0.2877545422782452,52.80054870613817,-28.002193568287968,746199065037376322,746199065037373599,2723.257223833124,265.7487936244085,0.0058310525,0.005573162,52.80054870613817,-28.002193568287968,3.2320418e-07,3.1061714e-07,349461.1877329281,742.5111446056975,339896.43485619413,567.9768679342709,False,349495.3431812876,649.261023849844,False,355218.3569440535,803.9944517428004,False,356935.74513863394,1071.8979918436355,False,356932.0339402068,1429.0616524330912,False,1.5554039892472011,21.5672523593083,347076.559067191,594.3008251070116,0.0,0.000568280290774,False,594789.9375,1104.947265625,False,604529.6695584655,1368.280919996106,False,607446.0970683694,2432.053838535479,False,False,2.6470700099477797,36.70430789169536,False,False
2MASS J03311212-2800076,52.80053788445,-28.0021142096,2025121400788,-1,i,20251214,i_39,0.2868282589300891,52.800549649638825,-28.002193204038985,746199065167924402,746199065167921739,1474.0717845955337,887.5859888188264,0.005432082,0.005183115,52.800549649638825,-28.002193204038985,3.0072084e-07,2.8939974e-07,348159.67402018374,740.8382597171588,339356.9606380481,567.2583792086972,False,347015.9498491048,647.3625422153275,False,351034.2764185585,800.3995741159509,False,351828.031280202,1067.7090826486292,False,352530.3099793554,1425.2860695748493,False,1.7807498926214147,21.132280101249236,347728.70632524806,594.8789069815937,0.0,1.7132557695864747e-05,False,590441.0625,1101.47509765625,False,597278.1690081358,1361.8647072881474,False,599823.6417610645,2425.097237323409,False,False,3.029912195976433,35.956174122413735,False,False
2MASS J03311212-2800076,52.80053788445,-28.0021142096,2025121600060,-1,i,20251216,i_39,0.2819815818348357,52.80054881666608,-28.002191940810896,746207763549916125,746207763549914777,1843.5106266610785,2876.080655944807,0.004816109,0.006646895,52.80054881666608,-28.002191940810896,2.7419497e-07,3.6463342e-07,347640.086298475,783.0371078651748,338773.66725248174,587.5377637678583,False,347587.72075901576,678.2801310112073,False,353188.8306380584,850.78460005304,False,355040.2801371565,1144.530041734096,False,356143.3792280884,1537.7827559676632,False,1.7851221482512956,23.43269959544609,347245.9441412447,601.0625141275572,0.0,0.0001432816009885,False,584233.875,1140.0697021484375,False,593648.3563913107,1430.0193994019855,False,598614.4333512783,2584.742569344242,False,False,3.000476621394363,39.38625005642782,False,False
2MASS J03311212-2800076,52.80053788445,-28.0021142096,2025121600061,-1,i,20251216,i_39,0.2910752017719855,52.80054540242517,-28.00219479089026,746207763682560878,746207763682558839,447.299442073306,1495.3933286525014,0.0051003736,0.006595034,52.80054540242517,-28.00219479089026,2.86882e-07,3.639359e-07,347987.5637411902,786.2040043650201,339698.7715177494,589.4384153921037,False,347858.03835849924,680.6979400043011,False,353570.5388000677,853.966670584863,False,355628.88923139067,1152.8924173344512,False,358355.7214239989,1549.3310540760003,False,2.531931001218429,23.977185571992543,343140.3495325277,583.4505958540686,0.0,0.0001458864980993,False,585187.3125,1145.1102294921875,False,594797.2177269459,1436.5931093106185,False,602847.1342179775,2606.376095219461,False,False,4.259363690516382,40.335835999074206,False,False
2MASS J03311212-2800076,52.80053788445,-28.0021142096,2025121600086,-1,i,20251216,i_39,0.2815996900583243,52.80054851869348,-28.002191866175867,746207767039052958,746207767039050340,2090.8345215708214,846.7069030431433,0.0046783024,0.0046839593,52.80054851869348,-28.002191866175867,2.6019148e-07,2.6023574e-07,347984.43218766723,788.6662697331811,340301.0020034036,591.3504529821563,False,347987.3332446381,682.80222145749,False,353402.54954548395,856.685500836856,False,356643.62711766985,1156.5301419458774,False,358217.80421772983,1553.0721299879665,False,5.050204522714583,24.5967012242908,345278.5931279678,604.0772407748483,0.0,2.299279747441929e-05,False,585267.875,1148.3814697265625,False,594375.5402345657,1440.8297507358282,False,602474.1507309079,2612.058366506036,False,False,8.493764533798863,41.36834212706904,False,False
2MASS J03311212-2800076,52.80053788445,-28.0021142096,2025121600087,-1,i,20251216,i_39,0.2804724683423629,52.80054828098439,-28.002191575959884,746207767172221970,746207767172219229,1404.8470916137326,497.2893961976785,0.0048184018,0.0051530455,52.80054828098439,-28.002191575959884,2.7596298e-07,2.7864832e-07,347982.46072166885,785.6121030052608,339274.6223011152,589.7482256020872,False,348019.73972351046,680.6608577557469,False,353852.7979071852,852.5390169069022,False,357006.3842142081,1149.8001877312142,False,358734.40915918327,1542.8335041615137,False,4.039853336073615,24.64232804928817,348121.6123946007,613.4528653823642,0.0,0.0002117944340714,False,584250.9375,1142.6844482421875,False,594043.3984535411,1431.2312292369004,False,602238.582878299,2590.088487305079,False,False,6.782052365301689,41.36921450610048,False,False
2MASS J03311212-2800076,52.80053788445,-28.0021142096,2025121600088,-1,i,20251216,i_39,0.2780510364071012,52.800546751792936,-28.002191048159915,746207767307488574,746207767307487224,993.2151970829046,3147.487991833227,0.0052018813,0.0055003744,52.800546751792936,-28.002191048159915,2.9734898e-07,2.9775904e-07,349008.05263776693,782.0300541569621,339334.0961423012,586.9159076016851,False,348672.3786411139,677.2536231974808,False,354834.125240467,848.5506489134732,False,357025.43736340385,1142.2431422614472,False,359654.5154555487,1534.1547357704392,False,2.9436778987564307,23.395959388711933,347498.47087314306,608.887360705031,0.0,1.0716995828441434e-05,False,584952.75,1136.199462890625,False,595290.0489628315,1423.577162982339,False,603377.011639297,2573.785841918203,False,False,4.938482619995972,39.25040129835404,False,False
2MASS J03311212-2800076,52.80053788445,-28.0021142096,2025121600092,-1,i,20251216,i_39,0.2780117051597233,52.8005471388172,-28.00219100158673,746207767865331155,746207767865329978,3286.685399421316,3621.98589402608,0.0058266325,0.005325096,52.8005471388172,-28.00219100158673,3.187896e-07,3.0137693e-07,349166.49244901974,775.0699795462597,339452.1167605004,584.2192545429737,False,348642.85311179573,672.472259367494,False,355057.61074509047,839.683065097129,False,356606.4108817952,1128.3622633845534,False,357205.8878454597,1510.962415804809,False,2.3464518352439168,23.100873188042826,349621.1184833785,603.1435300330496,0.0,3.0202172467408417e-05,False,585473.4375,1129.27783203125,False,596245.6938900948,1410.0737363324413,False,599853.280184865,2537.348325424819,False,False,3.9403797027438903,38.79313031642185,False,False
2MASS J03311212-2800076,52.80053788445,-28.0021142096,2025121600093,-1,i,20251216,i_39,0.2816901740466947,52.80054692953288,-28.002192048255992,746207767979100997,746207767979098330,2159.7943268528343,329.7481752338578,0.0054530366,0.0048733326,52.80054692953288,-28.002192048255992,2.9603115e-07,2.7863604e-07,348123.9391832102,773.3061607618502,338267.27395988686,583.4254891160822,False,347642.3174412121,671.075771978188,False,353551.69674372184,837.122105462034,False,354925.8186003677,1123.7853337960992,False,355958.7959699103,1505.0065357177275,False,2.5018399483420075,22.97650382031117,347787.4174005937,614.1085936378126,0.0,1.441443374217144e-05,False,580172.9375,1119.9442138671875,False,590034.9760860205,1397.0554406231718,False,594052.1332583427,2511.67369154277,False,False,4.175267966995664,38.345003027901306,False,False
2MASS J03311212-2800076,52.80053788445,-28.0021142096,2025121600094,-1,i,20251216,i_39,0.2810029114347401,52.800547502294975,-28.0021918026662,746207768113319381,746207768113318023,2617.938415402264,3105.40290377582,0.004918308,0.0049275276,52.800547502294975,-28.0021918026662,2.7355023e-07,2.7375415e-07,346256.2459283737,767.2631001913838,338626.15781149885,581.6339918527024,False,346317.9733523081,667.7904443755299,False,351689.475394272,832.0766845734072,False,353020.4690130584,1116.728201398224,False,352986.17172476137,1495.1873931587506,False,2.861063871947356,22.859943163070085,345633.156968384,602.7356253787709,0.0,0.0001260502265214,False,582157.5,1122.5499267578125,False,591186.9481967688,1398.7136671268431,False,593366.6834461689,2513.3969987382816,False,False,4.8094234755144925,38.427365559848376,False,False
2MASS J03311212-2800076,52.80053788445,-28.0021142096,2025121600095,-1,i,20251216,i_39,0.2814738576694561,52.80054656933893,-28.002192019850185,746207768247536872,746207768247535054,2887.7925295608898,2215.6383106709463,0.0046225283,0.0052631167,52.80054656933893,-28.002192019850185,2.6900636e-07,2.8150197e-07,348169.14369751484,768.0026531181896,339893.91232192673,582.1439289059845,False,347672.1748587277,668.4895586784044,False,351840.80381278857,832.7748536644078,False,354058.8282662392,1118.065319897053,False,355524.4252810336,1498.4507747247171,False,2.438737029998077,23.03676088464001,345613.01808825886,594.7266888890035,0.0,8.485858924878187e-06,False,584095.6875,1123.0748291015625,False,591099.0612840652,1399.0771648075518,False,597287.6135168076,2517.4250306438344,False,False,4.097123339672623,38.70218458567891,False,False
2MASS J03311212-2800076,52.80053788445,-28.0021142096,2025122000261,-1,r,20251220,r_57,0.2905631455886417,52.80054909876106,-28.00219431194561,746225382714245569,0,2931.169960466615,1747.0729111828396,0.024838205,0.02506574,52.80054909876106,-28.00219431194561,1.3906401e-06,1.3854925e-06,103341.02812152098,659.1188174102757,91654.79669566242,417.3218591568217,False,103851.86457306638,527.5286488062142,False,111080.90056346156,714.6320534543811,False,112733.61348677892,1017.398056817457,False,113212.48069440672,1403.4928314444817,False,0.5991307002484731,21.827404881106748,103957.95970690691,436.05418769808193,0.0,0.001282728617607,False,187980.34375,954.869873046875,False,201065.4884033203,1293.5422932980512,False,204923.822265625,2540.4364764194866,False,False,1.0844754251344952,39.50938280779799,False,False
2MASS J03311212-2800076,52.80053788445,-28.0021142096,2025122000262,-1,r,20251220,r_57,0.2853490364401721,52.800548654703086,-28.002192900726325,746225382845317480,0,3631.23079558406,1482.353435092575,0.025534002,0.028404769,52.800548654703086,-28.002192900726325,1.5189923e-06,1.484438e-06,105742.57411094944,670.3536739065047,92164.76328107332,421.05092104611896,False,105793.47275911014,533.2718529135071,False,112814.3073177836,722.983276052226,False,115447.4259132684,1028.415172594066,False,116198.23068672862,1418.7896762992957,False,0.7031213540945301,22.02599057855938,105009.07721684154,445.4104866350704,0.0,0.0017020447396025,False,189190.8125,953.6517944335938,False,201746.19384765625,1292.913351390611,False,207797.67504882807,2537.22620711079,False,False,1.2573942115515753,39.38915081427983,False,False
2MASS J03311212-2800076,52.80053788445,-28.0021142096,2025122000269,-1,z,20251220,z_20,0.2829107419337549,52.80054692177257,-28.002192389774343,746225383791657586,0,1413.3399475793722,2699.230970448319,0.012366102,0.011165301,52.80054692177257,-28.002192389774343,6.681501e-07,6.412559e-07,595375.7908271904,1970.901500736293,550408.7745577031,1281.1023328116764,False,593660.0951138533,1602.2214751048643,False,615756.7210681514,2163.401028182908,False,623524.4495727746,3071.57757989744,False,624490.0044071997,4236.0775322014015,False,-0.68325349544655,65.79000333866702,595810.3381461189,1243.5020809675327,0.0,0.000480462575378,False,643749.8125,1737.407958984375,False,667710.828125,2345.9367030353646,False,677180.9770507812,4593.494054147483,False,False,-0.7409026026910768,71.34099573514176,False,False
2MASS J03311212-2800076,52.80053788445,-28.0021142096,2025122000270,-1,z,20251220,z_20,0.2849362641316219,52.80055561046575,-28.002191795743997,746225383924301898,0,479.086849789788,375.0052379207233,0.013650043,0.013959388,52.80055561046575,-28.002191795743997,7.639071e-07,7.716362e-07,594881.7808611239,2149.769668196244,531064.2314940304,1350.227777040041,False,596152.9798116457,1704.1398066862434,False,638708.6252518195,2300.406378636677,False,657022.3093481702,3283.862561418031,False,658585.782742522,4530.998357474121,False,1.454897957899414,71.89982815254675,599523.5939682872,1384.9364143676576,0.0,0.0001736207555531,False,608733.5625,1740.1021728515625,False,652187.2573242188,2348.9517246188443,False,672483.8813476562,4626.615760099553,False,False,1.4856005873960485,73.41712616829662,False,False
2MASS J03311212-2800076,52.80053788445,-28.0021142096,2025122300330,-1,g,20251223,g_6,0.269651039858912,52.800523428758,-28.002188017227915,746238586113229175,0,2904.7802684047538,1318.9606632748491,0.038618572,0.027431889,52.800523428758,-28.002188017227915,2.012868e-06,1.7009538e-06,32971.3235961457,391.6942769506122,30736.789681537823,250.33325116447165,False,32954.94681953368,317.8109938733099,False,33912.96842285813,434.23425894732776,False,35223.40784976445,624.3409564947071,False,35507.23580198123,863.7423279464514,False,0.2723033365246955,13.419268173600273,32783.64422491379,235.07237830986304,0.0,0.000421521534476,False,64597.0625,622.9613037109375,False,66474.9408569336,851.1698628575919,False,69599.96454745531,1693.0756237537128,False,False,0.5337588843571738,26.30395095647688,False,False
2MASS J03311212-2800076,52.80053788445,-28.0021142096,2025122300331,-1,g,20251223,g_6,0.2715512796649274,52.80053462831013,-28.00218958570388,746238586247447437,0,268.76273108536,3542.2596108809657,0.031833533,0.027312405,52.80053462831013,-28.00218958570388,1.7231729e-06,1.5734331e-06,32901.474287344136,404.4715426247871,30218.777493221125,255.7175222556746,False,33091.43822780958,325.8154227781252,False,34415.02746089712,447.2434921392944,False,35873.63909727168,641.4951839924676,False,37695.044777972354,887.8129985330102,False,0.6611067583759418,13.92618463010591,33156.097574406136,252.65169630522269,0.0,0.0022838487368606,False,63398.12890625,624.2124633789062,False,65933.92321777344,856.8500520264411,False,72217.93418312073,1700.913769240118,False,False,1.266579324832367,26.68043746765048,False,False
2MASS J03311212-2800076,52.80053788445,-28.0021142096,2025122300332,-1,g,20251223,g_6,0.2819069047094108,52.80053647073737,-28.002192507124764,746238586381665537,746238586381664819,2546.3811974745067,2376.3894260999427,0.05243353,0.037095495,52.80053647073737,-28.002192507124764,2.7960805e-06,2.2248748e-06,32732.269788177324,410.19170264185954,28901.56872040133,256.21790656915823,False,32290.52905667237,327.7719008070189,False,33625.64524950959,450.96593855814274,False,33821.519349349874,647.1155995428795,False,34237.68736585355,896.1660708088247,False,0.1531125184735675,14.193873170421748,32801.31264525813,261.36195112439054,0.0,0.0172137745724944,False,61231.8125,621.5465698242188,False,63763.56365966797,855.156685268766,False,64924.165520489216,1699.379800198374,False,False,0.290343865413967,26.91552619328963,False,False
2MASS J03311212-2800076,52.80053788445,-28.0021142096,2025122300333,-1,g,20251223,g_6,0.2450870971141515,52.80054352853394,-28.002182106718227,746238586515358887,746238586515358108,1618.0329618937164,1708.627230269567,0.051052652,0.040208686,52.80054352853394,-28.002182106718227,2.7704868e-06,2.3208042e-06,32583.81983530768,419.3174020825685,29017.062337773063,260.02071168686297,False,32949.75963844635,333.1494726988884,False,35290.42529960832,457.8774900679881,False,35864.31569830608,656.3298039926539,False,36340.414103137686,909.138154488996,False,0.3503455246271617,14.455140691621056,33274.109374863176,266.752200721043,0.0,4.412105736728567e-05,False,62644.2109375,633.3850708007812,False,67094.29357910156,870.5184616243406,False,69090.53636848927,1728.45698864174,False,False,0.6660782714828895,27.482169598607936,False,False
2MASS J03311212-2800076,52.80053788445,-28.0021142096,2025122300334,-1,g,20251223,g_6,0.2556693234633061,52.80053364525693,-28.00218513015708,746238586650100998,746238586650100347,1916.0723297420589,2702.8252546474546,0.045122873,0.035664074,52.80053364525693,-28.00218513015708,2.4652256e-06,2.0385232e-06,32116.98175583151,416.5424009570724,29244.099852826057,260.03525419785643,False,32411.186952249504,332.5009364125947,False,34541.89878780422,456.4905549923392,False,34577.17211230282,656.1302432351721,False,35473.1431808234,909.3168783486326,False,0.3537209372958155,14.402049276379287,32574.68882079527,260.76021636639496,0.0,0.000348533229778,False,60976.9375,625.5521850585938,False,64985.56213378906,858.8206313492094,False,66737.56310907006,1710.747543446919,False,False,0.6654745325342482,27.095362471344146,False,False
2MASS J03311212-2800076,52.80053788445,-28.0021142096,2025122300336,-1,g,20251223,g_6,0.242420432738733,52.80053427829196,-28.00218147329292,746238586918536201,0,3039.726528851338,3602.700712364714,0.029862057,0.025649952,52.80053427829196,-28.00218147329292,1.6514351e-06,1.4370831e-06,32845.95839578433,413.42251464646137,30265.384953983976,260.21068667541374,False,32823.81927427764,331.6653713178385,False,34116.84868241348,455.71459211180166,False,34090.71072518589,654.5635503070001,False,33937.68102612809,907.0242079361408,False,0.1282742169344007,14.3011755951042,32657.868132013413,241.90942442973497,0.0,0.0007990763487686,False,62163.96875,628.1303100585938,False,64612.79528808594,863.0631135955912,False,64273.47546386719,1717.783785198367,False,False,0.2429343869556842,27.084533501529435,False,False
2MASS J03311212-2800076,52.80053788445,-28.0021142096,2025122400056,-1,g,20251224,g_6,0.2768337418186858,52.8005484972084,-28.002190534823225,746242947405054684,0,3481.7659399629824,978.8793408900988,0.013675356,0.013479647,52.8005484972084,-28.002190534823225,7.5729605e-07,7.525287e-07,32419.65950416801,304.7316146584026,31839.7057434534,203.9094041708697,False,32261.675783578205,252.20352282844152,False,32452.72761004248,339.4662211270097,False,32517.782595167315,482.6199324025381,False,32415.314114442477,665.6396106241508,False,0.2543048626318898,10.350153034655213,32334.83865333108,163.71593667067734,0.0,0.0006404677258523,False,73763.4453125,576.640869140625,False,74200.2682800293,776.1592486863047,False,74114.72565802932,1521.9256230050237,False,False,0.5814453952512475,23.664702121159262,False,False
2MASS J03311212-2800076,52.80053788445,-28.0021142096,2025122400057,-1,g,20251224,g_6,0.2775487912985133,52.80054735512458,-28.002190851676072,746242947517776434,0,3581.935360227444,728.4865570518482,0.014363004,0.0151086515,52.80054735512458,-28.002190851676072,8.122623e-07,8.270296e-07,32425.065838160037,305.0491121414672,31693.54528634277,203.6316929723116,False,32669.02237908105,252.39597016270235,False,33615.2321826696,340.1526839862446,False,34077.47428765184,482.1409072382039,False,34286.38994038924,665.0108072761498,False,0.6718241637657697,9.845597747501705,32010.097436314183,164.16483255326912,0.0,0.0008423736330945,False,75594.9375,584.03515625,False,77784.43280029297,787.1010215127448,False,79337.46760368347,1538.8109821448284,False,False,1.554576842904955,22.78235748031184,False,False
2MASS J03311212-2800076,52.80053788445,-28.0021142096,2025122400058,-1,g,20251224,g_6,0.272743533138756,52.80054476102622,-28.00218972801581,746242947674539357,0,1429.53667860426,1861.9133085465564,0.014578849,0.014000179,52.80054476102622,-28.00218972801581,7.9868823e-07,7.9062613e-07,32461.43241867432,305.39467871993503,32097.02939140766,204.666610053198,False,32552.75370444981,252.99867298147493,False,33348.98857712751,340.90528217712,False,33108.61718594122,483.2330241129054,False,33397.39146274295,666.5758926667567,False,0.355309810189638,10.139085935719985,32209.44740912588,163.98632920254093,0.0,3.910116966654442e-05,False,74372.859375,578.0228271484375,False,76192.00698852539,778.8619310595483,False,76302.59244123101,1522.9174028768296,False,False,0.8117717716820886,23.1646397516676,False,False
2MASS J03311212-2800076,52.80053788445,-28.0021142096,2025122400059,-1,g,20251224,g_6,0.2737722132946462,52.80053894556704,-28.00219025166566,746242947791979455,0,15.067890801197104,1380.2656242537057,0.015794588,0.01458069,52.80053894556704,-28.00219025166566,8.5046065e-07,8.3965756e-07,,,32317.97491644141,207.87933520523964,False,33328.127316960534,257.2233331920585,False,,,True,,,True,,,True,-0.9347460379437714,10.287660844289006,31830.952238886264,164.44698803636314,0.0,0.0051544917752274,False,76167.3046875,587.85205078125,True,,,True,,,False,False,-2.136246228310128,23.51117392815113,False,False
2MASS J03311212-2800076,52.80053788445,-28.0021142096,2025123000109,-1,y,20251230,y_10,0.2842577045149508,52.800549243085854,-28.002192530592986,746269342777213417,0,2294.395534971054,2485.353589321158,0.013140266,0.012942053,52.800549243085854,-28.002192530592986,7.298079e-07,7.1980145e-07,769409.8363723325,3530.91289338222,731428.4497424646,2312.834243397408,False,769014.8256127533,2876.980950286212,False,795771.3033436459,3884.745259406136,False,812497.1270641407,5517.465272941709,False,817231.9733471237,7600.541422178442,False,3.289145765968894,119.48388846422422,763950.7731862575,2097.121387379231,0.0,0.0003327653994205,False,324493.9375,1213.9725341796875,False,335784.1162109375,1639.2093408663804,False,344839.6728515625,3207.128823881066,False,False,1.3878898365324308,50.4174902020562,False,False
2MASS J03311212-2800076,52.80053788445,-28.0021142096,2025123000110,-1,y,20251230,y_10,0.2810025248639893,52.80055002392981,-28.002191526461456,746269342911431135,0,2294.5164815373946,2485.570121201406,0.01430411,0.011273198,52.80055002392981,-28.002191526461456,7.873557e-07,6.361471e-07,762371.7847048496,3527.047142833604,729428.8015842979,2313.512946497877,False,763585.1585723204,2877.3845466137027,False,792543.4843312084,3882.7910541984734,False,813385.8504086798,5530.114251212618,False,823699.8137563776,7606.13122203384,False,3.0148604094891547,119.31264782031997,764449.3486356594,2097.1425365904624,0.0,0.0001845933455081,False,322409.375,1214.921142578125,False,334636.4797363281,1639.4350033993703,False,347791.6499023437,3211.54488917644,False,False,1.272967722621839,50.377506400553166,False,False
2MASS J03311212-2800076,52.80053788445,-28.0021142096,2025123000111,-1,y,20251230,y_10,0.2829945556844496,52.80054928348658,-28.00219217224388,746269343045648900,0,2291.229972956871,2490.035811126628,0.0130925635,0.0115277115,52.80054928348658,-28.00219217224388,7.235209e-07,6.4537795e-07,767996.72514886,3560.756211467969,732923.128154759,2331.724960866069,False,768014.376402211,2902.001566000814,False,794258.2159297789,3910.119660714296,False,816668.2911749679,5565.103041301702,False,830021.3309742138,7666.244649681661,False,6.085448856754178,120.0443495117245,765497.8891146398,2086.6437425544545,0.0,0.0012692335674401,False,323779.78125,1223.4268798828125,False,334843.6687011719,1648.4296743741972,False,349920.69580078125,3231.938218800985,False,False,2.565505751178876,50.60834070227023,False,False
2MASS J03311212-2800076,52.80053788445,-28.0021142096,2025123000112,-1,y,20251230,y_10,0.2838892307247576,52.80054748681658,-28.0021926106387,746269343179866621,0,2293.1270426567057,2497.0812738333457,0.01377064,0.011754815,52.80054748681658,-28.0021926106387,7.6005733e-07,6.594482e-07,767805.5422755415,3570.1624629997245,732847.5061522943,2340.0788282110084,False,771698.7951872977,2914.5493502413647,False,799959.2366104451,3924.2439865780784,False,821594.2951160279,5590.885094234855,False,829385.8652577257,7704.033329831665,False,7.938487789609666,119.39365061413788,767985.5334166447,2111.2886565320428,0.0,0.0001427813145385,False,324938.84375,1227.2279052734375,False,336838.4543457031,1652.3795443818003,False,349229.1108398437,3243.93364097372,False,False,3.342655268566522,50.27302753820344,False,False
2MASS J03311212-2800076,52.80053788445,-28.0021142096,2025123000113,-1,y,20251230,y_10,0.2850973876396023,52.80054685643974,-28.00219300612746,746269343314084373,0,2296.4715804975976,2495.5947976033285,0.01268297,0.011117748,52.80054685643974,-28.00219300612746,7.007605e-07,6.225724e-07,771379.0109360961,3552.558022566913,736797.1564636244,2330.5941006403527,False,770933.4062250816,2899.334637967143,False,797864.6124172598,3911.8283684723583,False,810600.2996505125,5568.628771043296,False,811034.2599727014,7662.765667776682,False,2.25267867864662,121.31432432871208,774113.5303249554,2086.429674549852,0.0,7.288597532451035e-05,False,324971.90625,1222.1578369140625,False,336324.2297363281,1648.9547755492388,False,341875.63720703125,3230.0890661850613,False,False,0.9495726588799448,51.13768182075919,False,False
2MASS J03311212-2800076,52.80053788445,-28.0021142096,2025123000168,-1,y,20251230,y_10,0.2781889650343393,52.80054931332872,-28.002190822620715,746269350693962005,0,3480.2540120015083,1651.865008573759,0.017882524,0.018890135,52.80054931332872,-28.002190822620715,1.0043433e-06,1.0397653e-06,757162.9764628639,4754.082461932918,693379.0084642393,2919.3043034394595,False,756338.5227603482,3737.510384786877,False,801459.956593732,5152.766327012922,False,825001.4080226648,7419.770738209129,False,833381.9864064801,10290.106152866863,False,2.422212332998269,160.0446763716404,760009.6257593281,2698.509783145386,0.0,0.0004660184480798,False,296265.03125,1464.0185546875,False,313939.5283203125,2018.3878395152717,False,326443.6926269531,4030.7329710229383,False,False,0.9488037313117929,62.69103003452887,False,False
2MASS J03311212-2800076,52.80053788445,-28.0021142096,2025123100250,-1,i,20251231,i_39,0.2807697027857717,52.800549023862445,-28.002191578545023,746273759747899482,0,1856.1455294586924,293.3363730551515,0.008487576,0.00789453,52.800549023862445,-28.002191578545023,4.5590178e-07,4.554007e-07,345842.1982655071,1296.8422135857988,336851.8075812242,850.7084642851852,False,344311.4240200137,1064.33821324619,False,349340.21278280515,1445.299559211049,False,350537.5048608143,2066.187314551169,False,352443.81187695527,2856.312446286705,False,0.8294001054559486,44.1720895155469,347657.55324676045,699.1716349800021,0.0,0.0002118997891237,False,574806.9375,1776.8477783203125,False,583202.1938476562,2412.8395267881474,False,588383.4633789062,4768.439544131304,False,False,1.3846329262417945,73.7426112702305,False,False
2MASS J03311212-2800076,52.80053788445,-28.0021142096,2025123100251,-1,i,20251231,i_39,0.2773767230092855,52.80054946194328,-28.002190577594472,746273759884215106,0,1425.048718803592,2398.694144315173,0.007723,0.007245273,52.80054946194328,-28.002190577594472,4.1771722e-07,4.1469866e-07,346236.5237312123,1293.6892228466295,339185.3670409052,851.576969198053,False,346613.61479275394,1065.0379997656491,False,351270.4526320118,1446.099777481926,False,351459.92849038984,2063.595414127571,False,352474.23948747106,2853.7098305991244,False,0.6277667388714187,46.24375224331687,348795.61528683524,684.3316353304294,0.0,0.0009600720865942,False,581922.125,1788.0693359375,False,589740.3896484375,2427.825738978738,False,591761.4014468193,4791.031909547335,False,False,1.0539440434467693,77.6376386412131,False,False
2MASS J03311212-2800076,52.80053788445,-28.0021142096,2025123100252,-1,i,20251231,i_39,0.283743969950833,52.800547553910064,-28.002192563621115,746273760020005985,0,3509.948479764684,2994.037106665298,0.0069846557,0.0066818846,52.800547553910064,-28.002192563621115,3.817963e-07,3.7798316e-07,346197.5826242572,1285.2999668986158,340137.3913325859,850.9856928621502,False,345905.0364475131,1063.7788877010546,False,348650.59954338125,1438.1269260789527,False,348172.73021653143,2059.549075084598,False,348733.5919442933,2852.4722304293587,False,-0.1135249892703212,45.52202366541401,346080.2948003965,667.3422797568876,0.0,3.1437196377215315e-06,False,581168.0625,1787.294921875,False,585780.986328125,2416.251141764474,False,585920.4249825478,4792.545886348289,False,False,-0.1907376045667294,76.48326421151192,False,False
2MASS J03311212-2800076,52.80053788445,-28.0021142096,2025123100253,-1,i,20251231,i_39,0.2759439879470584,52.800547934232966,-28.002190345384463,746273760151601993,0,2231.101081240776,2299.6611928345683,0.00719475,0.0064285155,52.800547934232966,-28.002190345384463,3.8623133e-07,3.721132e-07,344869.79690647713,1299.5311593809831,339913.2669609814,854.6406218926122,False,345806.9342104928,1069.091660000287,False,351787.7398707644,1454.6360920733937,False,352781.7004733173,2076.0834524931024,False,354418.8247156914,2870.3361429730157,False,1.108587037901571,45.2943504094726,343961.9422554035,661.9582644635117,0.0,0.001168306107262,False,578136.4375,1787.358154296875,False,588135.4321289062,2431.929625848192,False,592534.2045898438,4798.764130958128,False,False,1.8533884007108048,75.72524375312133,False,False
2MASS J03311212-2800076,52.80053788445,-28.0021142096,2026010100044,-1,i,20260101,i_39,0.2845850161028916,52.80054822579907,-28.00219273191117,746278130145559741,0,3362.6974421029395,2703.2461285871277,0.005072009,0.005883051,52.80054822579907,-28.00219273191117,3.019625e-07,3.0857177e-07,345489.224800178,1082.4036566400755,340401.17574662215,737.9382675197992,False,345419.8656493893,903.3866771105758,False,349597.54399798065,1205.1026416219847,False,350549.58470363275,1703.2680145384188,False,351955.88471549144,2341.498628586879,False,1.478419792836123,36.41513702641919,340622.0947232949,596.9705763413224,0.0,0.0004493186078635,False,599231.0625,1567.1865234375,False,606478.4587402344,2090.600478357216,False,610569.685546875,4062.009312673963,False,False,2.564748444959005,63.17262966448276,False,False
2MASS J03311212-2800076,52.80053788445,-28.0021142096,2026010100046,-1,i,20260101,i_39,0.281936616862166,52.80054855607352,-28.00219195645472,746278130413470096,0,2227.8131140044147,896.9538731826118,0.0061821053,0.0055837412,52.80054855607352,-28.00219195645472,3.3609274e-07,3.1854557e-07,344893.18053129304,1086.8078208952763,339442.52987784817,740.0732214271713,False,345744.63225465384,907.0681226333144,False,349450.8439848374,1209.1757220936895,False,354280.1093662383,1711.198185415313,False,358182.2172257442,2351.7672943883763,False,3.137204044480994,36.86964707041189,340632.37953250285,613.6818216634202,0.0,0.0006619535863019,False,597660.9375,1567.9757080078125,False,604067.5676269531,2090.2048166476675,False,619160.7902832031,4065.310968908256,False,False,5.423032306029574,63.73359346087113,False,False
2MASS J03311212-2800076,52.80053788445,-28.0021142096,2026010100047,-1,i,20260101,i_39,0.2788121798005074,52.8005470571478,-28.00219123280853,746278130569708279,0,845.5003614187442,1770.608339625713,0.0058155567,0.005333153,52.8005470571478,-28.00219123280853,3.1558866e-07,3.045451e-07,347768.25692897826,1088.1715012645775,341482.82073637703,740.7034088690162,False,347979.2709611581,908.1199670158834,False,352895.73076554044,1213.6682178684214,False,355412.0964458202,1716.2111815000185,False,360738.806042678,2357.1934982688163,False,3.0309794651181607,36.46305008947125,346565.00406012905,620.4804832784489,0.0,0.0001727281621417,False,603611.9375,1575.243408203125,False,612140.12890625,2105.253633201335,False,625744.8871750832,4088.835897099345,False,False,5.257598771355842,63.24955004035865,False,False
2MASS J03311212-2800076,52.80053788445,-28.0021142096,2026010100311,-1,i,20260101,i_39,0.281749390983921,52.80054787345893,-28.002191974788644,746278166013149489,0,40.52132180716573,784.5211914306457,0.0070806923,0.005172119,52.80054787345893,-28.002191974788644,3.8226398e-07,3.0077865e-07,348474.67804739915,1371.0115371418915,341943.5123244454,898.5091480986687,False,347830.4234007705,1128.5021249524614,False,350749.79494892067,1540.3379155131036,False,354291.34704000445,2209.253133344134,False,353546.9762525216,3054.331862883781,False,2.102641267588784,47.10666551855228,352121.8599447084,690.7650540060828,0.0,1.4808335070504164e-05,False,587046.5625,1904.61572265625,False,591973.6962890625,2599.68656435928,False,596694.6049804688,5154.911417205759,False,False,3.548707201170901,79.50370123788929,False,False
2MASS J03311212-2800076,52.80053788445,-28.0021142096,2026010200115,-1,g,20260102,g_6,0.2637452160661697,52.8005503889841,-28.00218663547407,746282537723101209,0,526.9959978509996,277.8483355681952,0.03588348,0.034668557,52.8005503889841,-28.00218663547407,1.979695e-06,1.9436166e-06,31169.07480509335,1176.795181098562,31236.803394638493,704.5745978279932,False,30737.942081341305,936.0291976106038,False,29770.365267938992,1327.1822106526497,False,29858.92429839916,1951.475301380874,False,24011.02240894313,2729.809032537059,False,-2.60336690076975,42.926620410862725,32957.69231914931,473.9154788304965,0.0,0.0168439054378641,False,70712.78125,2153.339599609375,False,68486.8662109375,3053.188957556816,False,55237.470703125,6279.938600354207,False,False,-5.989057877735083,98.75289343972447,False,False
2MASS J03311212-2800076,52.80053788445,-28.0021142096,2026010200116,-1,g,20260102,g_6,0.2972431455219542,52.80054800862288,-28.002196291840267,746282537857318962,0,527.8603658297665,276.9479180048519,0.036348835,0.035180148,52.80054800862288,-28.002196291840267,2.006248e-06,1.9714753e-06,29534.203402632447,1175.179371431,29918.02400924128,703.2021578246599,False,28096.25985141768,934.0860242299128,False,26952.645316619,1326.9750970033829,False,24926.438796865965,1949.2520785055865,False,17230.92302540917,2725.6662119187404,False,-3.6900090192903776,43.131617231744535,33014.15287992076,464.55531765262936,0.0,0.0875413939684958,False,64793.23046875,2154.110595703125,False,62155.9228515625,3060.1583179084155,False,39736.5048828125,6285.7020821874485,False,False,-8.509588325386439,99.46650659430462,False,False
2MASS J03311212-2800076,52.80053788445,-28.0021142096,2026010200123,-1,g,20260102,g_6,0.2932663559172536,52.80054491252101,-28.00219543579401,746282538796318849,0,3472.284058983809,1134.075257671225,0.040779542,0.040647984,52.80054491252101,-28.00219543579401,2.2674428e-06,2.2601093e-06,31982.402022817245,1203.1324781221572,30990.855301654345,716.0295630984898,False,31712.153890211783,951.9652757041908,False,31448.32827038869,1353.9961604978746,False,31033.10974515539,1986.521070184595,False,31156.405015444776,2779.0253427938173,False,-0.0556778092029077,45.65495734844394,32367.597144201525,426.9764482656223,0.0,0.0044031796669966,False,72697.0703125,2182.2890625,False,72092.275390625,3103.9062948338783,False,71423.0693359375,6370.648977194161,False,False,-0.127636035839214,104.65960956056183,False,False
2MASS J03311212-2800076,52.80053788445,-28.0021142096,2026010200124,-1,g,20260102,g_6,0.2669127896819613,52.80054434530705,-28.002188132265687,746282538930536578,0,3472.3938967400027,1133.9647309507227,0.0400431,0.0431084,52.80054434530705,-28.002188132265687,2.2278796e-06,2.3956063e-06,32901.916419284666,1207.547355134731,30930.959340706173,718.0136887079175,False,32135.31425702339,954.7310136694892,False,32464.63381672885,1358.9639395174013,False,31951.338690629054,1991.071048793715,False,29420.17059656726,2786.1547248297134,False,-0.619911347255735,44.759590983500416,31467.94937914788,418.7983897681811,0.0,7.288062543520102e-05,False,73507.421875,2183.884521484375,False,74260.71875,3108.540803928348,False,67296.708984375,6373.146038935069,False,False,-1.418006513437712,102.3846261798272,False,False
2MASS J03311212-2800076,52.80053788445,-28.0021142096,2026010200125,-1,g,20260102,g_6,0.2723620839676854,52.80054814397893,-28.00218932148483,746282539064754303,0,3468.303464675504,1132.1275100148855,0.0395738,0.04129874,52.80054814397893,-28.00218932148483,2.2011425e-06,2.295668e-06,31914.86429022072,1203.2880799099848,30861.247767675988,716.7953698084204,False,31695.936068558767,952.8738887724784,False,32301.18440491136,1356.1531565662074,False,32141.038255173436,1988.934877073136,False,30552.423870715866,2781.7945978506955,False,-0.6295560170703849,43.7802567572492,32490.123942312755,423.4208736323199,0.0,0.0093097841802605,False,72740.3828125,2186.791748046875,False,74129.3935546875,3112.294886878592,False,70116.0869140625,6384.061461877027,False,False,-1.4447954963235408,100.4732161644801,False,False
2MASS J03311212-2800076,52.80053788445,-28.0021142096,2026010200126,-1,g,20260102,g_6,0.2901767605928289,52.80054249679178,-28.002194711316054,746282539198972028,0,3464.3965596402486,1128.5809291499709,0.042732563,0.04913496,52.80054249679178,-28.002194711316054,2.3789519e-06,2.729741e-06,32417.21657937781,1196.9251485097652,31139.027243438934,713.7381869050296,False,31809.804201075032,948.8582779300122,False,32057.5966293219,1353.8606296544383,False,31310.685737588803,1985.1853875002305,False,32463.90454439908,2773.40234900033,False,-0.1565125811035435,43.95673837462757,32539.1041846906,439.1841396518439,0.0,0.0008183726980354,False,73340.8515625,2187.692626953125,False,73912.1630859375,3121.4681752880224,False,74848.94874799252,6394.371015784117,False,False,-0.3608562286589238,101.34688676254903,False,False
2MASS J03311212-2800076,52.80053788445,-28.0021142096,2026010200127,-1,g,20260102,g_6,0.2684301252773059,52.80054243726015,-28.00218866508887,746282539333189777,0,3462.863807226212,1126.3766136028546,0.036262184,0.032488286,52.80054243726015,-28.00218866508887,2.0148939e-06,1.808084e-06,32120.411717007133,1196.443731542587,30309.306084930937,715.3469961018984,False,31989.396223022133,951.348648867698,False,32386.005999715537,1353.2230035278858,False,31487.37644984137,1984.916203178819,False,30916.713378215834,2776.800180967756,False,-1.0516814461682946,44.13654665884929,32210.44739076986,378.07543557228473,0.0,0.0008290398511624,False,73664.0390625,2190.731689453125,False,74577.337890625,3116.1535996859875,False,71193.9033203125,6394.316278228316,False,False,-2.4217744715073217,101.6360632283972,False,False
2MASS J03311212-2800076,52.80053788445,-28.0021142096,2026010200128,-1,i,20260102,i_39,0.2835482545958909,52.80054828140353,-28.002192436228636,746282539487855849,0,2194.303326042364,2721.0953416391058,0.0050877566,0.005120163,52.80054828140353,-28.002192436228636,2.8287792e-07,2.8437205e-07,348462.5468750064,1162.3703219222402,341464.5458803018,779.3441851902747,False,347970.677125157,962.5968490598478,False,351394.9360267058,1293.947634723679,False,353925.9990249558,1834.8567304912176,False,353469.8331388952,2529.771431912577,False,3.418330706185013,38.249991584892186,349371.12135073374,639.2592414985561,0.0,5.008457449773296e-05,False,601321.6875,1663.44580078125,False,607239.0859375,2236.046961419164,False,610824.6772384644,4371.651194850018,False,False,5.907154032800635,66.09910259310558,False,False
2MASS J03311212-2800076,52.80053788445,-28.0021142096,2026010200129,-1,i,20260102,i_39,0.2885537014405515,52.80054771469256,-28.00219389209717,746282539622073598,0,2194.022668768962,2720.9861035790364,0.0048906254,0.004481752,52.80054771469256,-28.00219389209717,2.7012092e-07,2.50843e-07,345575.2825486269,1151.5820697098566,341899.16541157244,778.7366731692806,False,346908.1029725533,960.952393112042,False,351120.7961587873,1282.6269816617205,False,354064.3654540395,1827.5775051627704,False,357914.17716321093,2524.89255622972,False,4.695984874783723,39.62253170128624,348729.7847064832,626.6419804056599,0.0,9.460720241549758e-06,False,600751.0,1664.109619140625,False,608046.2451171875,2221.162997513564,False,619810.5434913635,4372.430955201901,False,False,8.132175597335062,68.61550750217754,False,False
2MASS J03311212-2800076,52.80053788445,-28.0021142096,2026010200130,-1,i,20260102,i_39,0.2793477438876343,52.800547238087205,-28.002191365462096,746282539756291356,0,2195.667270319625,2722.2830370826478,0.004305011,0.004418916,52.800547238087205,-28.002191365462096,2.3973257e-07,2.4507656e-07,345879.1572255467,1156.6941980754189,339591.3886695095,777.2757297991648,False,344817.854579236,959.702199517298,False,348029.1118159007,1289.874885407962,False,349203.47730433947,1832.2839785994065,False,347551.3410241652,2524.9605778431524,False,4.569208878662524,38.5969475306504,347959.3188340272,630.3177271026134,0.0,9.369237364431626e-05,False,597901.5,1664.08837890625,False,603469.7021484375,2236.595694091385,False,602641.2651367188,4378.1889391298255,False,False,7.922840439046543,66.92568994768874,False,False
2MASS J03311212-2800076,52.80053788445,-28.0021142096,2026010200131,-1,i,20260102,i_39,0.2825408411373365,52.800547912645605,-28.00219219212067,746282539890509065,0,2196.0448970620023,2721.661270814089,0.005142445,0.0044709854,52.800547912645605,-28.00219219212067,2.831094e-07,2.514962e-07,348205.7504708674,1157.9829853480228,342127.93781794526,778.3476610386998,False,348464.5003470497,960.902921762818,False,352698.4367837979,1290.750765669904,False,352840.84715764545,1831.288493246117,False,353379.0442834415,2522.156495744857,False,2.998183889695219,39.64380932389651,347651.9816168789,627.689605646419,0.0,0.0001032130959901,False,603582.375,1664.3992919921875,False,610916.0615234375,2235.735381653505,False,612094.9554729462,4368.678032646682,False,False,5.193214663263187,68.66784008681931,False,False
2MASS J03311212-2800076,52.80053788445,-28.0021142096,2026010200132,-1,i,20260102,i_39,0.2821771126694196,52.80054824277738,-28.002192056743784,746282540024726766,0,2195.962419342549,2725.957956966004,0.0049348045,0.0053337933,52.80054824277738,-28.002192056743784,2.759913e-07,2.9471786e-07,345554.5978405149,1154.4106129743775,340705.42046605685,779.2042110309073,False,345451.0141974903,961.9934045174645,False,349170.2189463598,1287.7931612730715,False,352234.31281165185,1832.3304117284915,False,354410.52046307875,2530.393615994826,False,4.1774355703881625,39.77908337663157,345561.91952700075,624.7039971921863,0.0,0.0002732743232042,False,597907.625,1665.02099609375,False,604344.8354492188,2228.9161672799,False,613414.7646298409,4379.612665979025,False,False,7.230317694344325,68.84975376798751,False,False
2MASS J03311212-2800076,52.80053788445,-28.0021142096,2026010400131,-1,y,20260104,y_10,0.2828826713855364,52.80054899661959,-28.002192173199276,746291335962034363,0,1957.261609797925,752.8484562986762,0.0053810007,0.005147402,52.80054899661959,-28.002192173199276,2.9123356e-07,2.9402958e-07,765919.8294518496,3570.81683471833,746620.9912456961,2322.599309911736,False,767037.409287775,2912.3292936289126,False,781770.2104188869,3966.834537499551,False,801761.6394983777,5670.715960358288,False,815792.2921133109,7839.523453794026,False,23.272755820655373,121.46570075012558,762534.1561671767,1809.075819893734,0.0,0.000217461640827,False,387704.5625,1472.0577392578125,False,395151.3625488281,2005.064981510107,False,412348.06787109375,3962.543383228106,False,False,11.763381426200182,61.39571003689496,False,False
2MASS J03311212-2800076,52.80053788445,-28.0021142096,2026010400132,-1,y,20260104,y_10,0.2842795374863747,52.80054954344159,-28.002192502295813,746291336097301243,0,1616.5455096053208,2898.040974091822,0.005162529,0.0055798935,52.80054954344159,-28.002192502295813,2.997951e-07,2.9765897e-07,762654.0318281888,3605.616237172283,743680.1962423786,2346.546125460382,False,761463.4571383039,2944.595844434972,False,769800.3347886956,4008.247194934652,False,782052.239316508,5729.659138829819,False,781426.5288901209,7929.1052150220385,False,14.596708996074836,127.55940942879536,760247.16623366,1825.1121628975325,0.0,0.0002769002011793,False,382646.3125,1479.70166015625,False,386835.7131347656,2014.2017247869603,False,392678.0424804688,3984.4891353750577,False,False,7.335055700472236,64.10043342860108,False,False
2MASS J03311212-2800076,52.80053788445,-28.0021142096,2026010500062,-1,z,20260105,z_20,0.2793693914188191,52.80054967595777,-28.00219111066885,746295724752767279,0,1208.3013465515917,3911.724572943074,0.0033279674,0.0036120343,52.80054967595777,-28.00219111066885,1.8566564e-07,2.0001887e-07,595081.44294786,1324.0801665454728,588960.4087478719,972.535963279499,False,594416.6012761734,1139.426089101596,False,598662.6875252596,1457.8571657416371,False,599356.1699369659,2001.130167454773,False,604081.1982255265,2712.3474882497662,False,3.3338020710304423,42.43988463219469,594588.7415478652,891.3687550964712,0.0,0.0001578719974194,False,721253.5,1382.557373046875,False,726405.6181640625,1768.9354251441962,False,732980.3332695365,3291.109492763705,False,False,4.045170351695455,51.49572751644075,False,False
2MASS J03311212-2800076,52.80053788445,-28.0021142096,2026010500063,-1,z,20260105,z_20,0.2805413153220309,52.80055016689052,-28.00219137948767,746295724882265660,0,1584.8719082015912,2742.053957234524,0.004077489,0.003653297,52.80055016689052,-28.00219137948767,2.249531e-07,2.0486162e-07,594921.0519747388,1328.313600174904,588373.7054689502,973.0876245075004,False,595327.8857630943,1141.3282225884668,False,601319.2609724134,1458.9165616480918,False,604151.9351744172,2003.9574345042868,False,603020.5656812064,2715.0284045847743,False,6.777675520368199,40.884739707211295,591824.7714102899,895.2478431937,0.0,8.535234953699344e-05,False,720630.6875,1381.551513671875,False,727883.1091308594,1765.9848798750418,False,729942.4992774725,3286.479321004862,False,False,8.204220038566246,49.49003530331972,False,False
2MASS J03311212-2800076,52.80053788445,-28.0021142096,2026010500066,-1,r,20260105,r_57,0.2821152678610621,52.80054792267211,-28.002192072137984,746295725283869430,0,1548.1635581632097,1569.207596051525,0.0094269,0.0078118094,52.80054792267211,-28.002192072137984,4.551835e-07,5.060629e-07,102362.12129931188,738.3543193284318,102098.57154562416,473.9321174786895,False,103097.44279806245,602.7363037304874,False,104770.39349759654,830.7036600298728,False,106307.85891735912,1198.4410947914937,False,108600.38465636336,1662.427423334514,False,2.2086545562326525,26.64232749065153,103164.72673643012,318.6867820772999,0.0,4.662172634140038e-05,False,218594.234375,1277.962646484375,False,222141.33862304688,1761.3145935386187,False,230261.947265625,3524.7920796600165,False,False,4.68294012552953,56.48888102097949,False,False
2MASS J03311212-2800076,52.80053788445,-28.0021142096,2026010500067,-1,r,20260105,r_57,0.2894913060799743,52.800546173770165,-28.00219429009537,746295725418087171,0,1548.1009901141022,1568.4797601859857,0.009309744,0.0070504583,52.800546173770165,-28.00219429009537,4.222207e-07,4.932048e-07,104268.223056609,738.4665702569753,103067.85333784595,474.5665075175151,False,104135.22404135436,603.3381572907583,False,104799.55838622102,831.6122076464283,False,105315.0669338958,1196.6152537556256,False,105248.66009974905,1662.3093654439992,False,0.3313573166286456,26.748292947791505,104070.57214478048,319.3756356060097,0.0,0.0002720739335324,False,221007.75,1280.4736328125,False,222417.6767578125,1764.943078352449,False,223370.81206953528,3527.944132667446,False,False,0.7032446097686631,56.76830385830496,False,False
2MASS J03311212-2800076,52.80053788445,-28.0021142096,2026010500068,-1,r,20260105,r_57,0.2811440755055357,52.80054829412042,-28.00219176244916,746295725552304841,0,1548.1943934442197,1567.8338377273274,0.009653545,0.0072604874,52.80054829412042,-28.00219176244916,4.3578623e-07,5.109531e-07,102142.78630838134,739.39975940647,101758.6778354442,474.74318012178736,False,102335.6949475572,603.6888247924059,False,103498.7929665218,833.0608455791896,False,104463.70187216988,1200.6080289713263,False,103398.96026723958,1665.4966903655456,False,0.6981645301550574,26.41712226713013,103167.52402668424,318.5237508498183,0.0,0.0001125381383595,False,216971.953125,1279.93994140625,False,219437.9514160156,1766.2540800637366,False,219226.2863097191,3531.1830345904327,False,False,1.4802471589993025,56.00953428008136,False,False
2MASS J03311212-2800076,52.80053788445,-28.0021142096,2026010500069,-1,r,20260105,r_57,0.2772315646749917,52.80054476544761,-28.00219097833964,746295725686522618,0,1548.2921337444966,1567.2655616379104,0.009582547,0.007859468,52.80054476544761,-28.00219097833964,4.5929224e-07,5.135627e-07,104820.20307998464,739.5279432704161,102924.1344089513,475.6782128340662,False,104072.77241424347,604.9268647331776,False,104070.51983070756,833.7104994565125,False,103467.5014544356,1202.0407607127495,False,101397.01161969696,1668.1400992124868,False,-0.5029164702804318,27.442102830984226,103971.3170221798,320.8932759433281,0.0,1.7730866083143226e-06,False,220415.96875,1281.176025390625,False,220411.19799804688,1765.7174218758832,False,214748.968688488,3532.957827962309,False,False,-1.065127971761621,58.11969393832232,False,False
2MASS J03311212-2800076,52.80053788445,-28.0021142096,2026010500070,-1,r,20260105,r_57,0.2844507663928436,52.800547330688325,-28.002192782283306,746295725820740345,0,1546.8335055714026,1567.748644422605,0.009321882,0.008348137,52.800547330688325,-28.002192782283306,4.7632884e-07,5.0708553e-07,103673.1387312614,740.908158073025,102154.84823419212,475.004552205245,False,103302.52095293051,604.2172685049234,False,104201.38685081656,833.4607930301734,False,103855.23506746638,1200.912498602759,False,101530.17178313162,1666.050466753385,False,-0.0181965770009603,25.57714604651193,103616.08778452154,322.8283686469063,0.0,0.0002062174590587,False,219009.453125,1280.988037109375,False,220915.1193847656,1767.0023035143447,False,215251.9337649345,3532.157765719645,False,False,-0.0385781715776629,54.22555729009946,False,False
2MASS J03311212-2800076,52.80053788445,-28.0021142096,2026010500071,-1,r,20260105,r_57,0.2806159171521187,52.8005487290239,-28.00219156814887,746295725953385414,0,2083.2627524473987,2265.9601233478893,0.01051842,0.008278439,52.8005487290239,-28.00219156814887,4.950347e-07,5.5556654e-07,103583.32572051516,744.1451790109962,102221.423433801,477.5229440330451,False,103294.70745216576,607.4244790703134,False,103986.44104986564,835.7916256603169,False,104313.77670397852,1206.744623995815,False,105290.38077044068,1674.5967355409489,False,0.6528458536373879,26.82856422518457,103115.2384803467,327.85452117196013,0.0,3.8946607869405625e-05,False,218213.078125,1283.201904296875,False,219674.38549804688,1765.6341530459654,False,222428.9961372018,3537.634379280149,False,False,1.3791558810438425,56.676123352814,False,False
