simbad_id,target_ra,target_dec,visit,expMidptMJD,obsStartMJD,band_visit,airmass,zenithDistance,azimuth,mean_maglim,expTime,skyRotation,ra_visit,dec_visit,detector,band,day_obs,physical_filter,sep_arcsec,src_ra,src_dec,sourceId,parentSourceId,x,y,xErr,yErr,ra,dec,raErr,decErr,calibFlux,calibFluxErr,ap09Flux,ap09FluxErr,ap09Flux_flag,ap12Flux,ap12FluxErr,ap12Flux_flag,ap17Flux,ap17FluxErr,ap17Flux_flag,ap25Flux,ap25FluxErr,ap25Flux_flag,ap35Flux,ap35FluxErr,ap35Flux_flag,sky,skyErr,psfFlux,psfFluxErr,extendedness,sizeExtendedness,apFlux_12_0_flag,apFlux_12_0_instFlux,apFlux_12_0_instFluxErr,apFlux_17_0_flag,apFlux_17_0_instFlux,apFlux_17_0_instFluxErr,apFlux_35_0_flag,apFlux_35_0_instFlux,apFlux_35_0_instFluxErr,extendedness_flag,sizeExtendedness_flag,localBackground_instFlux,localBackground_instFluxErr,localBackground_flag,sky_source
2MASS J10011629+0137555,150.31796681575,1.63212845583,2025051500123,60811.04255635306,60811.04238273554,i,1.33940659072419,41.7500538298419,315.648969791581,23.383981704711914,30.0011069774628,65.9196921779908,150.239941185581,2.17983774353643,-1,i,20250515,i_39,0.2885191499422145,150.31790119411184,1.6321745035027384,745262191998404602,0,833.325259823276,3657.946150186244,0.004682217,0.004963768,150.31790119411184,1.6321745035027384,2.7323267e-07,2.6278727e-07,513917.8520948957,1194.325572771647,505284.5436944594,841.2666228297934,False,514863.0849274474,1008.6265411187412,False,522021.8053767807,1319.0261983452085,False,526230.8776346139,1835.9739743201064,False,526373.362674879,2508.1327793493588,False,4.349590140736861,39.07512891831076,510845.6854801036,763.5093892977545,0.0,0.0001802224835812,False,853070.0625,1671.180419921875,False,864931.2548828125,2185.477643284615,False,872141.2945320606,4155.693133717991,False,False,7.206780291367459,64.74308149949456,False,False
2MASS J10011629+0137555,150.31796681575,1.63212845583,2025051500124,60811.0430310299,60811.042857418826,i,1.34143395204244,41.847146577369,315.473691415296,23.480789184570312,29.9999928474426,64.9421737412949,150.259178145273,2.186500413603,-1,i,20250515,i_39,0.2901132341434104,150.31790060393155,1.6321744321037457,745262192132622123,0,913.8912165820732,3122.035948942652,0.0046016816,0.0047291396,150.31790060393155,1.6321744321037457,2.6150477e-07,2.568762e-07,514517.3914813585,1131.7175401833451,504721.7045102088,808.2115912019407,False,514321.1729537754,962.803339594494,False,520539.57835737633,1246.8909978104657,False,522572.73777638667,1733.5326862309566,False,522828.6115448389,2362.253771518945,False,2.610310401669618,36.16757507190694,517714.1977136311,757.3602360833197,0.0,1.357255163303428e-05,False,880867.3125,1648.9735107421875,False,891517.4477539062,2135.524609873414,False,895437.8278939724,4045.7835309609104,False,False,4.4706250281400814,61.9434632065905,False,False
2MASS J10011629+0137555,150.31796681575,1.63212845583,2025051500125,60811.04351116055,60811.043337543146,i,1.34177186520949,41.8631375989711,315.055045014038,23.453569412231445,30.001086473465,63.78252165020189,150.201346740288,2.02906366294868,-1,i,20250515,i_39,0.289946799134383,150.3179008287191,1.6321746733704492,745262192268411418,0,3051.53115917469,900.153631506666,0.0042970246,0.0044850237,150.3179008287191,1.6321746733704492,2.4719546e-07,2.4081518e-07,514358.60987663857,1174.480273586871,506455.8642370242,832.3330423668253,False,514239.3458515823,995.0686302479452,False,519521.9245597232,1297.543004173211,False,523195.8156691441,1803.6107587626136,False,524765.9406868159,2464.564481948349,False,4.828176406675823,37.99078821321895,511106.5725392421,755.2399835158876,0.0,2.1315509090347184e-05,False,862249.8125,1668.4793701171875,False,871107.3659667969,2175.6526821305183,False,879900.2597016096,4132.4536513926205,False,False,8.095635300871528,63.70097947158949,False,False
2MASS J10011629+0137555,150.31796681575,1.63212845583,2025051500126,60811.043985125616,60811.04381150869,i,1.34841987925317,42.1788033579387,314.733928559014,23.41400146484375,30.0010056495667,62.6845216369431,150.008579191302,2.14657537822305,-1,i,20250515,i_39,0.2927240916979711,150.31790031798218,1.6321752886800105,745262192402105924,0,3823.4553980169662,2871.9488217407984,0.0045414884,0.0047195596,150.31790031798218,1.6321752886800105,2.601403e-07,2.5438254e-07,518256.5209132631,1166.5477231531368,508097.55901493726,825.8566978825505,False,517302.078230664,987.567908175648,False,522268.05002499965,1287.1453668853155,False,524293.038087883,1788.7593215460695,False,524543.8517162061,2441.620410260653,False,2.3612227633444447,38.180545894008524,517577.2736308001,754.9810130912798,0.0,3.498477851171522e-05,False,871932.0625,1664.582763671875,False,880302.3942871094,2169.531810744436,False,884138.3434277773,4115.442813302178,False,False,3.979929562832424,64.35474267299277,False,False
2MASS J10011629+0137555,150.31796681575,1.63212845583,2025051500127,60811.04445870916,60811.04428509153,i,1.34727578035436,42.1246010957898,314.818484430227,23.204753875732422,30.0011277198792,61.90898188234289,150.257475514334,2.13893030476254,-1,i,20250515,i_39,0.2848717430464155,150.31790160868215,1.6321733246296408,745262192535275104,0,1825.4010326724167,3067.253900129166,0.005319505,0.005219994,150.31790160868215,1.6321733246296408,2.9124652e-07,2.9428887e-07,515450.29154337134,1356.4076443813638,505390.6745509526,932.7973327967696,False,515600.056906901,1134.9240688391556,False,523318.69658787857,1505.3273931853355,False,526315.1159994802,2116.047831932008,False,523969.2092831736,2904.1910261160315,False,2.747823680632371,44.36640563829474,509315.6081946627,811.9986946489281,0.0,0.0003602242361914,False,788193.625,1734.94921875,False,799993.046875,2301.181776364286,False,800987.4803560376,4439.61326594692,False,False,4.200575773189916,67.82256444665634,False,False
2MASS J10011629+0137555,150.31796681575,1.63212845583,2025051500128,60811.0449378077,60811.0447641909,i,1.35398666744178,42.4388014264473,314.484956234345,22.913116455078125,30.000983953476,60.8001529111951,150.059933281567,2.24826985799499,-1,i,20250515,i_39,0.2861283619023536,150.31790175580468,1.6321741474460656,745262192670540105,0,2668.18771773294,815.3631476741792,0.006867731,0.006415151,150.31790175580468,1.6321741474460656,3.625268e-07,3.7564226e-07,514701.8567670143,1642.9108789237066,499621.39309345663,1092.4729509170909,False,513440.8482929723,1355.0179804067886,False,522549.2433599395,1825.7700086831849,False,527561.4073615223,2593.563556824983,False,531577.9193482122,3578.33459573992,False,3.797507158040759,56.19559256192981,517628.51678954286,934.3587727220968,0.0,0.0007628020271095,False,682906.5,1802.2535400390625,False,695021.2006835938,2428.3814008568224,False,707029.8703079224,4759.395289116718,False,False,5.050907676404401,74.7434403777624,False,False
2MASS J10011629+0137555,150.31796681575,1.63212845583,2025051500129,60811.04541385244,60811.04524023525,i,1.35846090575357,42.6456832294959,314.264557374484,23.265914916992188,30.0010495185852,59.7800649619012,149.986389229621,2.31879454970335,-1,i,20250515,i_39,0.2874961908902871,150.31790157407093,1.632174549262028,745262192804758040,0,938.170416072377,1102.0725645078453,0.005613028,0.0055562924,150.31790157407093,1.632174549262028,3.094621e-07,3.1094532e-07,515604.2377961337,1253.1357261084318,503145.2645842772,871.1177940764404,False,515192.2686523116,1053.0780786797498,False,522139.4343781866,1384.5407379454457,False,525394.6356517894,1939.293377308135,False,527412.1605434279,2655.360729836241,False,2.3162532926612505,41.91482665794505,512852.3497056423,783.8023674268945,0.0,7.94934685875992e-05,False,832571.1875,1701.8160400390625,False,843798.0834960938,2237.472874639175,False,852319.0185952187,4291.1685027102285,False,False,3.743157403092194,67.73602619416053,False,False
2MASS J10011629+0137555,150.31796681575,1.63212845583,2025051500130,60811.04589065211,60811.04571703529,i,1.35276030118439,42.3819314943826,314.042629103233,23.07907485961914,30.0009868144989,58.7798426466038,150.205132907785,2.0191049154497,-1,i,20250515,i_39,0.2883161460786268,150.31790045687353,1.6321733348955958,745262192939499668,0,3385.9290891722453,302.5514932596968,0.0053617056,0.0064421096,150.31790045687353,1.6321733348955958,3.4281072e-07,3.1520187e-07,515605.874546896,1410.868329855031,502110.3438575413,960.1475395680671,False,514855.083578239,1173.9516970983163,False,522844.9499799462,1562.1014667517195,False,525564.8553723836,2200.49717702035,False,524424.2321980889,3023.756124691078,False,1.050149810669213,46.33911772723777,515192.2468952489,845.2338920795171,0.0,2.951060879885503e-06,False,771063.75,1758.1483154296875,False,783029.6342773438,2339.45405853421,False,785394.8187890053,4528.475703077072,False,False,1.5727385761615849,69.39897269369338,False,False
2MASS J10011629+0137555,150.31796681575,1.63212845583,2025051500131,60811.046363020694,60811.04618940348,i,1.35864145819753,42.6538944636557,313.824115226244,23.294015884399414,30.0010547637939,57.755673851424106,150.090348375279,2.13982313283965,-1,i,20250515,i_39,0.2931314963078265,150.31789969196703,1.6321745877199625,745262193073717640,0,471.5695332270009,748.2917864330466,0.004900955,0.005351226,150.31789969196703,1.6321745877199625,2.9039057e-07,2.7963046e-07,515758.508197834,1200.940564579032,504704.1471829709,843.139489070491,False,515782.8900980385,1012.5949205442928,False,522204.4422261518,1326.5559593161806,False,525315.2435511976,1850.2326463607392,False,527610.2094252892,2526.6392305653853,False,2.642909203593616,38.82244072983377,515743.137481244,775.1941953680354,0.0,0.0002169776089165,False,858953.9375,1686.31494140625,False,869648.005859375,2209.16685381351,False,878650.4468283355,4207.713666739876,False,False,4.401342716991298,64.65256790878165,False,False
2MASS J10011629+0137555,150.31796681575,1.63212845583,2025051500132,60811.04684006958,60811.0466664529,i,1.36161902477818,42.7900092110166,313.594424871381,22.890514373779297,30.0009620189667,56.7294069862746,150.055190445815,2.14862204899509,-1,i,20250515,i_39,0.2856459437995707,150.31790181087365,1.6321739925953005,745262193207936558,745262193207935398,14.9394026754476,1007.0180833961635,0.006043653,0.005770747,150.31790181087365,1.6321739925953005,3.252366e-07,3.3125391e-07,,,518552.2907652026,1209.2084109799484,False,539354.060393691,1508.1454697133602,False,,,True,,,True,,,True,1.8130995530091567,63.9481320951238,495154.8531110312,908.343245415997,1.0,0.0014238870258502,False,671594.25,1877.9163818359373,True,,,True,,,False,False,2.2576398768365773,79.6270964975718,False,False
2MASS J10011629+0137555,150.31796681575,1.63212845583,2025051500133,60811.04731837158,60811.04714475416,i,1.363066449104,42.8558764213545,313.225573065346,22.856348037719727,30.0010902881622,55.5992392790691,149.991628290553,2.0421675739466,-1,i,20250515,i_39,0.289974830486123,150.3179011138336,1.6321750909169213,745262193342153855,0,960.023934345312,2827.108235397455,0.006518252,0.006059708,150.3179011138336,1.6321750909169213,3.4501778e-07,3.5421402e-07,511850.97781328217,1801.1945604778448,502678.1071330328,1193.9262565893555,False,511875.9845862622,1488.465565836694,False,519052.70870690735,2010.3492405453403,False,521759.9588840372,2875.033584962339,False,524433.642796694,3972.424998605329,False,4.114802085535266,61.6791953308508,507819.7224621108,956.8884688366796,0.0,0.0001289907728067,False,631370.125,1835.938232421875,False,640222.208984375,2479.65227812493,False,646859.287361145,4899.761941263543,False,False,5.075376038972675,76.07780485621912,False,False
2MASS J10011629+0137555,150.31796681575,1.63212845583,2025051500134,60811.04779119583,60811.04761757881,i,1.36445231412776,42.9187321769386,313.038922569363,23.249528884887695,30.0010204315186,54.6077971565211,150.023808382465,2.01091165559816,-1,i,20250515,i_39,0.290108165627987,150.31790093026598,1.6321748957240194,745262193476371802,0,1743.109953601949,2517.2335332560183,0.0051200995,0.00495482,150.31790093026598,1.6321748957240194,2.7838493e-07,2.8143683e-07,514661.4617147178,1287.8711279738034,502731.8094189029,891.7125696782523,False,513377.9015138573,1080.1007607451045,False,518673.36720188,1424.8186161376177,False,523186.6093628197,1999.4204658453416,False,525351.025777024,2738.8930950923227,False,4.220734091812427,42.52100163261128,510369.00429365446,791.2817683159818,0.0,0.0003319148508889,False,820247.4375,1725.7265625,False,828708.24609375,2276.4981027482554,False,839377.447706461,4376.055214319117,False,False,6.743660591874121,67.93775603942953,False,False
2MASS J10011629+0137555,150.31796681575,1.63212845583,2025051500135,60811.048288111924,60811.0481145032,i,1.36747545649778,43.0555991841302,313.299835071732,23.341251373291016,29.9995868206024,53.9686932845689,150.254930830977,2.22976757171584,-1,i,20250515,i_39,0.2888074322425858,150.3179010906985,1.6321744955763156,745262193609015806,0,1009.1788658677216,966.887918336908,0.004964456,0.0046433443,150.3179010906985,1.6321744955763156,2.6428998e-07,2.6971415e-07,516127.6077162278,1198.189339141231,505386.0208979485,842.4188935852815,False,516085.1741783496,1011.7740962422045,False,523300.7991982303,1323.585293141758,False,526989.7463160714,1847.084335598959,False,528925.6077048996,2523.5650048184057,False,4.064469996161857,39.28832324296788,514270.1987457022,768.9504873147254,0.0,8.415935764172211e-05,False,862886.125,1691.6700439453125,False,874950.5341796875,2213.013358743359,False,884355.1236913204,4219.360169879322,False,False,6.795728574746568,65.68944565176814,False,False
2MASS J10011629+0137555,150.31796681575,1.63212845583,2025051500137,60811.04923726723,60811.049063649865,i,1.37540118018199,43.4088007599075,312.924684449115,23.22714614868164,30.0010807514191,51.9693237329989,150.1744150686,2.34127808294256,-1,i,20250515,i_39,0.293515367311124,150.31790046789547,1.632175879537012,745262193876926710,0,2950.7429453711115,541.879026675922,0.0057011815,0.005973563,150.31790046789547,1.632175879537012,3.2617572e-07,3.2249346e-07,516745.1007725845,1254.699385472356,502832.3837523519,870.0357248915597,False,515695.82576901984,1052.1186580304936,False,522675.92124153057,1385.3685614502062,False,526217.5237409602,1938.73957046637,False,529371.1652027577,2655.011595211856,False,2.007816305005969,40.64001335027796,514184.70177414565,787.3101917446525,0.0,0.0001597211173276,False,840349.75,1714.47509765625,False,851724.1323242188,2257.520937922005,False,862634.336184442,4326.461876933459,False,False,3.271827782281521,66.22474596914684,False,False
2MASS J10011629+0137555,150.31796681575,1.63212845583,2025051500138,60811.04971380338,60811.04954018629,i,1.37716357507897,43.4863398102166,312.64734029692,23.091272354125977,30.0010330677032,50.9056558625359,150.149602807983,2.2801046409739,-1,i,20250515,i_39,0.2891511948269839,150.31790136903098,1.6321750548458176,745262194011144801,0,3625.738972499664,1367.0127678094047,0.006309406,0.0063637565,150.31790136903098,1.6321750548458176,3.5233805e-07,3.5168574e-07,516495.8749692833,1252.427969215908,496920.7273688872,863.1474161322434,False,515458.0077892506,1045.4614470156332,False,526990.9786840888,1373.0552437877093,False,532487.4238618665,1925.022080926429,False,531560.6477969333,2631.7405274555413,False,1.3200314781819888,40.16772638353389,514317.5347334698,810.9983118716999,0.0,0.0004672161203532,False,842516.1875,1708.806884765625,False,861366.830078125,2244.2589924723416,False,868835.9548970461,4301.580268760976,False,False,2.157591640001429,65.65415452238878,False,False
2MASS J10011629+0137555,150.31796681575,1.63212845583,2025051500139,60811.0501876124,60811.050013995075,i,1.37414828148001,43.3529784765929,312.278281350589,23.178850173950195,30.0010740756989,49.7843105456274,150.210802408284,2.01580273999395,-1,i,20250515,i_39,0.2879929141261647,150.3179013111605,1.632174415756166,745262194145887735,0,3839.070582815808,3374.8600070683283,0.005732022,0.006232355,150.3179013111605,1.632174415756166,3.34969e-07,3.303322e-07,516710.1969228627,1254.357516056174,500822.4709266604,868.3170763690212,False,517537.4681949909,1051.4760644297646,False,528030.5161102961,1382.8442175204275,False,534987.6849139069,1937.653314129282,False,536434.2710899021,2650.8251275154403,False,2.741964903101671,41.800784309374265,516107.7955846797,802.9487690109908,0.0,2.494553527643273e-05,False,846585.3125,1719.99951171875,False,863749.7900390625,2262.0499499511984,False,877496.6121974587,4336.207051418721,False,False,4.485293059944732,68.37752283079863,False,False
2MASS J10011629+0137555,150.31796681575,1.63212845583,2025051500140,60811.050661436646,60811.05048782529,i,1.38527834479624,43.8407217326332,312.064588545723,22.89740562438965,30.0000426769257,48.7378796235658,149.955681095339,2.29532156936463,-1,i,20250515,i_39,0.2885653990385582,150.3179024086206,1.632176207694007,745262194279581176,0,1298.0083135726982,3372.367296425836,0.0064454344,0.0061998554,150.3179024086206,1.632176207694007,3.504236e-07,3.5208677e-07,517309.85948326014,1504.3435102315757,501448.319438021,1011.1569488756638,False,516778.347819304,1246.039315129452,False,526260.4081242847,1668.6923798964044,False,529216.5110195796,2359.260335398486,False,530840.7254168045,3248.767174908834,False,2.5196395174039514,49.81803595724171,511590.3279462424,869.353659547928,0.0,1.076739654437553e-06,False,748981.6875,1805.9205322265625,False,762724.3095703125,2418.48374624668,False,769362.6948461533,4708.531484002187,False,False,3.651785849001476,72.20270894986744,False,False
2MASS J10011629+0137555,150.31796681575,1.63212845583,2025051500141,60811.051136607966,60811.05096299062,i,1.38668419842145,43.9012087972967,311.73496358036,22.826231002807617,30.0010771751404,47.6312467976867,149.912932382416,2.19449593699592,-1,i,20250515,i_39,0.2896869980506122,150.3179008837788,1.63217462615612,745262194415370488,0,2178.583331719773,682.0702307706231,0.007008241,0.0065702386,150.3179008837788,1.63217462615612,3.762316e-07,3.7841056e-07,516120.6991310285,1745.252985723901,501529.749509127,1150.69210058761,False,516504.1938007957,1434.3964984043405,False,524828.1624496507,1940.7471620674871,False,531647.2640864361,2765.0344926796142,False,531246.3576133328,3817.4952821990496,False,3.0606781029564587,60.31848268191823,514812.5077634491,957.8710764490928,0.0,0.0002375550738831,False,664528.0,1845.47705078125,False,675237.5166015625,2496.9416426689936,False,683495.0882668495,4911.542898076778,False,False,3.937831140217,77.60502458787201,False,False
2MASS J10011629+0137555,150.31796681575,1.63212845583,2025051500142,60811.05161158222,60811.051437965405,i,1.38561454161018,43.8552999759649,312.00528627454,23.09027099609375,30.0009853839874,47.006319698058,150.257566298112,2.28048552513318,-1,i,20250515,i_39,0.2894513498034077,150.31790118654666,1.6321749420524347,745262194528093782,0,1073.1619638279114,3438.422874270336,0.0059689474,0.0060399664,150.31790118654666,1.6321749420524347,3.3372703e-07,3.3340396e-07,515786.0624341895,1389.4119037042065,500873.01490855054,945.0848292301238,False,515248.5508639485,1155.9846755895092,False,523396.55701771815,1536.548870164604,False,528106.1503482686,2167.0345361839763,False,526871.888175269,2978.4185504291413,False,1.5905828171418903,45.26049774512408,510370.3085098478,834.8618749267567,0.0,0.0005325391755262,False,786730.5625,1765.0675048828125,False,799171.7143554688,2346.149164139106,False,804478.1809760332,4547.733123383939,False,False,2.4286533408675144,69.10803881029001,False,False
2MASS J10011629+0137555,150.31796681575,1.63212845583,2025051500143,60811.05209077224,60811.05191715223,i,1.38433006095171,43.7995695742583,311.566025615661,22.834260940551758,30.0015375614166,45.823674113802,150.23375328314,2.04166897520149,-1,i,20250515,i_39,0.2907033896028301,150.3179017040751,1.632176253567437,745262194682758003,0,4008.596099776601,2294.4545347614408,0.0062728003,0.0060084616,150.3179017040751,1.632176253567437,3.4106245e-07,3.4143588e-07,515448.0031393422,1773.0310809671005,504239.1359326586,1171.4574068915597,False,516938.4085237687,1461.9560074145104,False,526731.6758793535,1983.507509620205,False,530836.0719817686,2830.023881132494,False,530008.5011358478,3903.586688809081,False,4.489578462580549,60.96624170986727,515593.72971237625,952.2824670444852,0.0,0.0006696745359373,False,663823.0625,1877.3612060546875,False,676399.0224609375,2547.1081425115103,False,680606.9360947013,5012.7652110422205,False,False,5.765262699042084,78.28939891801151,False,False
2MASS J10011629+0137555,150.31796681575,1.63212845583,2025051500144,60811.0525717431,60811.05239812649,i,1.39072446215941,44.0745450644612,311.419524094835,22.958345413208008,30.0009503364563,44.8447324599963,150.151512842662,2.18527028449867,-1,i,20250515,i_39,0.2884805811576001,150.3179011788588,1.6321744631180353,745262194816975506,0,1210.78919215898,1385.379424140218,0.005946867,0.0053541944,150.3179011788588,1.6321744631180353,3.1448343e-07,3.1424625e-07,515237.1201438122,1618.2944076772508,503030.5973578204,1080.271520404924,False,514402.4710610372,1338.4413673319948,False,521082.4650427129,1803.248922894369,False,524292.0521201371,2562.371551928812,False,526959.0886850107,3535.7409098556627,False,4.337305941212924,55.72178731930204,511705.4353320957,886.5848945296104,0.0,1.051887531189344e-06,False,712010.0,1852.6031494140625,False,721256.111328125,2495.966364511637,False,729390.2378826141,4893.994540954713,False,False,6.0034804981264935,77.12729238524325,False,False
2MASS J10011629+0137555,150.31796681575,1.63212845583,2025051500145,60811.05304537207,60811.05287176049,i,1.39322930046252,44.1810373851382,311.443357115933,22.965591430664062,30.0000815391541,44.0126681378491,150.266178762672,2.27727327761784,-1,i,20250515,i_39,0.2878614190692802,150.31790145235414,1.6321745528451053,745262194930746631,0,1618.2747542181014,2889.880666918305,0.006902857,0.0063374075,150.31790145235414,1.6321745528451053,3.686699e-07,3.675287e-07,514933.6740432773,1574.9686408466266,502135.36697363056,1052.319879920875,False,515375.6974246632,1301.7528241497916,False,524880.7992337558,1751.0802703515078,False,529262.5533378096,2485.5782909663794,False,535932.471747508,3425.498901292561,False,4.131462347764595,54.55084875384784,513104.3559699555,896.2055642736882,0.0,0.0002962192721829,False,721104.125,1821.388427734375,False,734403.4873046875,2450.079063615856,False,749866.7826786041,4792.894582046362,False,False,5.780665553580416,76.32653665125717,False,False
2MASS J10011629+0137555,150.31796681575,1.63212845583,2025051500146,60811.05352545515,60811.05335184125,i,1.39448224653867,44.2342525589137,310.941487811425,23.106090545654297,30.0004820823669,42.7690106228387,150.138818248589,2.08977554352888,-1,i,20250515,i_39,0.2905385232124333,150.3178999296479,1.6321736575908787,745262195085411515,0,2389.2493799783947,2470.124135730967,0.0058950894,0.005495644,150.3178999296479,1.6321736575908787,3.1750307e-07,3.1571798e-07,516437.16189196846,1313.0585686180095,500751.0894743158,901.031703248841,False,515600.6225800883,1095.8740812860883,False,523678.7490979704,1450.1535611532145,False,527945.7695192406,2035.9156997283344,False,530774.7826847697,2792.4941479675595,False,2.359491708157592,43.08050759270059,516747.5427224087,816.9843972666201,0.0,0.0003033826833386,False,821056.875,1745.1005859375,False,833920.7099609375,2309.265154166168,False,845220.6326268911,4446.845907812866,False,False,3.757320692892234,68.60260711182957,False,False
2MASS J10011629+0137555,150.31796681575,1.63212845583,2025051500147,60811.05403220598,60811.0538585888,i,1.39987129038954,44.4611015078967,310.959050178031,22.902732849121094,30.0010492801666,41.93060869767,150.182634250731,2.26968114321968,-1,i,20250515,i_39,0.2893851535001054,150.31790122114927,1.6321749590485155,745262195199182361,0,862.8174555626939,3666.220419743086,0.00673545,0.007201417,150.31790122114927,1.6321749590485155,3.8599256e-07,3.8861853e-07,517809.24260847,1458.0706876133395,499128.1843144665,980.8263691785264,False,516717.20657943166,1206.448945647236,False,527104.7313796713,1612.0796734614694,False,529344.9071914798,2278.2967319367385,False,529359.8665313348,3131.431387491658,False,0.0224586582363665,48.95245501589296,512216.2456861869,872.068421892349,0.0,0.0003270245102944,False,761840.375,1778.7708740234375,False,777155.5913085938,2376.8269516122027,False,780480.5299553871,4616.93714116076,False,False,0.0331127208363248,72.17479157188771,False,False
2MASS J10011629+0137555,150.31796681575,1.63212845583,2025051500149,60811.059844654694,60811.05967104287,z,1.43166790790312,45.7476504918685,308.72229769837,21.94385528564453,30.0001227855682,61.37018636832979,150.239880300971,2.17976025213614,-1,z,20250515,z_20,0.2807364376110972,150.31790381249294,1.6321744455652891,745262195488064391,0,1046.0005642167123,2932.1966093864444,0.008420886,0.00871157,150.31790381249294,1.6321744455652891,4.8035656e-07,4.7151707e-07,702939.375762108,4235.181637633084,683179.893519499,2665.566659714445,False,698014.9597527592,3433.3891340509226,False,705241.9358095225,4759.1958216541525,False,690485.2029552002,6915.164119131192,False,672649.9079954681,9620.444083013685,False,-11.144092614181538,152.0704023582273,696754.3683330372,1816.732396715686,0.0,0.0001613690769706,False,423290.25,2082.075927734375,False,427672.8330078125,2886.071653622576,False,407908.37465536594,5834.02995037856,False,False,-6.758000932173303,92.21853734283118,False,False
2MASS J10011629+0137555,150.31796681575,1.63212845583,2025051500150,60811.060322134006,60811.060148517194,z,1.43443611627359,45.855781958737,308.571499764261,21.684301376342773,30.0009853839874,60.389444278737294,150.259110715293,2.18652606466521,-1,z,20250515,z_20,0.2826709090928359,150.31790342518667,1.6321748265019551,745262195622281819,0,1189.749912144936,2426.8890709566604,0.010563469,0.013841402,150.31790342518667,1.6321748265019551,7.286285e-07,6.360299e-07,707353.9696937659,4749.430688876418,687699.8584351343,2950.7599495516965,False,708174.401629882,3820.07579500587,False,716994.7207211897,5331.270980288198,False,728216.9955294025,7735.170148341398,False,720258.7216709657,10771.552676663188,False,1.1112716167895915,169.70844535740574,703792.1862736183,2118.5649263192186,0.0,1.350625932217131e-05,False,396262.25,2137.541015625,False,401197.7001953125,2983.1372457780813,False,403024.0869686604,6027.271940110141,False,False,0.6218171543855479,94.96114268823074,False,False
2MASS J10011629+0137555,150.31796681575,1.63212845583,2025051500151,60811.060798141785,60811.060624524274,z,1.43545626621929,45.8956821382693,308.187855510639,21.94179916381836,30.0011065006256,59.2419938878514,150.201278979115,2.02909161042271,-1,z,20250515,z_20,0.2860849883110786,150.31790139275913,1.632173605314106,745262195758071927,0,3166.33231933247,359.4546137614772,0.009419454,0.011425938,150.31790139275913,1.632173605314106,6.075977e-07,5.547302e-07,703965.3411258342,3755.4317324135072,683021.6251304941,2367.326508707934,False,702744.4132883862,3038.066058654093,False,712814.6217140775,4218.348782890151,False,715284.0246541086,6100.193388331673,False,715388.0623572757,8474.138492707842,False,-1.4627611635410669,134.60113823092115,692867.5783901624,1770.305634780476,0.0,0.0019652804691873,False,483845.6875,2091.735107421875,False,490779.1142578125,2904.370107222316,False,492550.9506946504,5834.518620771795,False,False,-1.0071238809427387,92.67406333530916,False,False
2MASS J10011629+0137555,150.31796681575,1.63212845583,2025051500152,60811.06127419097,60811.06110057431,z,1.44414383029784,46.2300201236327,307.928432884973,22.420331954956055,30.0009589195251,58.17289719552011,150.008520969397,2.14659562658533,-1,z,20250515,z_20,0.2815539473170785,150.31790265127768,1.632173210443259,745262195891766044,0,3828.084937164837,2080.687377081442,0.0070983935,0.0072157444,150.31790265127768,1.632173210443259,3.9900843e-07,3.960885e-07,708500.7477745881,2060.794781413374,684142.0287969242,1378.2062402212666,False,705994.8437331398,1703.908766042738,False,715551.2699635058,2287.942636612885,False,718469.9447140372,3242.371915711343,False,717290.3918963369,4465.932252977406,False,0.2246885717961027,69.71896384536988,708510.4650089114,1217.4823958413565,0.0,0.0006249802253205,False,767078.875,1851.334228515625,False,777462.1416015625,2485.899832465255,False,779351.7357077599,4852.333297968135,False,False,0.2441290590273199,75.7511826430378,False,False
2MASS J10011629+0137555,150.31796681575,1.63212845583,2025051500153,60811.061746839274,60811.06157322172,z,1.44259282244276,46.1705497357071,308.000696685985,21.235992431640625,30.0011129379272,57.35746860319891,150.257468800182,2.13895475285406,-1,z,20250515,z_20,0.2876289512512787,150.3179015804884,1.6321746221881914,745262196024934952,0,2146.783628761479,2447.776867406154,0.012614139,0.013492602,150.3179015804884,1.6321746221881914,7.3563547e-07,7.1520145e-07,702519.3217865498,5490.698448493332,690347.0129031482,3382.5532917818764,False,711730.6516051418,4400.979781031983,False,735144.8215439647,6165.943440323636,False,753422.5297032446,8975.710072292051,False,761158.2765102154,12499.479981526589,False,8.78387021116672,196.03836378466025,701343.9834274711,2356.541660046403,0.0,0.0021155032894197,False,359275.65625,2221.57763671875,False,371094.9326171875,3112.516470839954,False,384226.3062390089,6309.632531659059,False,False,4.434023921007915,98.9585198277854,False,False
2MASS J10011629+0137555,150.31796681575,1.63212845583,2025051500155,60811.062697028916,60811.062523411485,z,1.45718856357214,46.7212541796907,307.552778484932,22.261384963989258,30.0010914802551,55.2690627171781,149.986528475271,2.31881898236487,-1,z,20250515,z_20,0.2884180049211414,150.31790094435522,1.632174096501579,745262196294418451,0,1043.2566147481448,61.09744620543704,0.0074111433,0.008354619,150.31790094435522,1.632174096501579,4.477168e-07,4.293152e-07,702946.7178890062,2057.336657085876,676884.8033754686,1371.3734284804366,False,700074.1357757993,1696.80162100067,False,712272.8981582931,2280.01599373334,False,712832.4286229592,3231.032977981416,False,710491.9794595479,4452.978823060057,False,-0.7852446589893796,68.97548418033603,692694.4490083088,1208.5467165821367,0.0,0.0027009701721177,False,765060.1875,1854.311279296875,False,778391.3291015625,2491.6639174729644,False,776445.0923761129,4866.337205171215,False,False,-0.8581368677105123,75.37829804472456,False,False
2MASS J10011629+0137555,150.31796681575,1.63212845583,2025051500156,60811.06317210624,60811.06299849531,z,1.45050365108774,46.4713534210398,307.315622584213,22.339324951171875,29.9999675750732,54.2389916050855,150.204901801846,2.01902120604156,-1,z,20250515,z_20,0.2872509267374841,150.31790067062198,1.6321731226250358,745262196427589021,0,3532.019852263259,3985.683096320019,0.006767721,0.007965166,150.31790067062198,1.6321731226250358,4.209785e-07,3.9997948e-07,,,680011.3857883806,1413.2375061227117,False,702820.2196329259,1752.9756321744535,False,719121.0561210659,2354.899486448513,False,,,True,,,True,-1.0495320962692858,73.33894285544133,694702.9638433178,1225.7707098613655,0.0,0.0009094783174844,False,748381.1875,1866.6138916015625,False,765738.7407226562,2507.5580139568806,True,,,False,False,-1.1175689807780471,78.09320735367548,False,False
2MASS J10011629+0137555,150.31796681575,1.63212845583,2025051500158,60811.06412385822,60811.06395024137,z,1.462145490904,46.9048929783717,306.948130863716,22.11774253845215,30.0009915828705,52.2106887612273,150.055274160223,2.14864445275731,-1,z,20250515,z_20,0.2886955108660602,150.31790377775792,1.6321780580904606,745262196697595957,0,115.35767551323252,185.06944542733385,0.0091243675,0.009402242,150.31790377775792,1.6321780580904606,5.166238e-07,5.127171e-07,707124.2561026595,3190.480156704163,679967.3779064218,2030.37855108022,False,705294.0082843383,2583.897022331449,False,723531.1616976177,3558.5288976359643,False,730910.7989345354,5120.047908163738,False,741073.6623013489,7098.354364823858,False,5.893050487454441,112.03298069808974,685316.6317363987,1580.984471610332,0.0,0.0008629165128249,False,548292.5,2008.7103271484373,False,562469.9838867188,2766.384915637165,False,576107.4476951361,5518.22986564511,False,False,4.581231864215688,87.09395280250733,False,False
2MASS J10011629+0137555,150.31796681575,1.63212845583,2025051500159,60811.06460105517,60811.064427443765,z,1.46451903973902,46.9912884182944,306.614382269076,21.845003128051758,30.0000510215759,51.0926062146829,149.991443262645,2.04219128954196,-1,z,20250515,z_20,0.2774644004734702,150.31790375225722,1.6321728014961343,745262196831814259,0,920.6431935762562,2081.271802466762,0.009518774,0.008868959,150.31790375225722,1.6321728014961343,5.0728187e-07,5.148593e-07,715601.8561752383,3447.1215565539333,685247.9551418825,2180.2415447048515,False,709882.5391695468,2788.2007777832127,False,724458.789309896,3853.259584314274,False,720056.3883949233,5559.413005780117,False,727977.4820118109,7723.039726320774,False,1.4519140667039692,123.86923148063003,708586.3884217713,1675.5274523756818,0.0,0.0002132426931106,False,531098.9375,2085.99365234375,False,542004.1655273438,2882.817872284967,False,544636.6770377159,5777.99560715722,False,False,1.086250154947975,92.67282064053106,False,False
2MASS J10011629+0137555,150.31796681575,1.63212845583,2025051500160,60811.06507653877,60811.064902921884,z,1.46654404716966,47.0658715026156,306.447683220192,22.324260711669922,30.0009982585907,50.0966809649234,150.023706944904,2.01092735497745,-1,z,20250515,z_20,0.2846008665197537,150.31790136828508,1.6321728396464867,745262196966032037,0,1718.154969871399,1832.367713778225,0.0072751082,0.0071581476,150.31790136828508,1.6321728396464867,4.0034814e-07,4.014617e-07,708275.3008213898,2697.2902206888434,687201.3419387458,1748.5393234333094,False,707889.276487697,2201.287820658649,False,721835.6427345943,3004.1868828325146,False,727824.0117354267,4304.650600174459,False,734797.3862322166,5954.652373367761,False,5.476937462900764,94.12371185465382,705113.3229002218,1404.3388780424923,0.0,5.21216901749888e-07,False,625587.75,1945.35888671875,False,637912.666015625,2654.910273447785,False,649367.4347486496,5262.344979670052,False,False,4.840170769794598,83.18058074414775,False,False
2MASS J10011629+0137555,150.31796681575,1.63212845583,2025051500161,60811.065568884645,60811.06539527307,z,1.46983479375633,47.1858011817202,306.70728842134,22.49629020690918,30.0000796318054,49.41646550238,150.254994160158,2.22968742134727,-1,z,20250515,z_20,0.293738558832448,150.31789926330637,1.6321742592952495,745262197098676312,0,1438.1871639897088,230.29182049047515,0.006212831,0.0062917257,150.31789926330637,1.6321742592952495,3.4770662e-07,3.469379e-07,703073.8271613833,2123.8312950272984,684308.1338528964,1413.1054149287188,False,704330.5154043522,1749.638183868558,False,721310.543059297,2355.134594875536,False,727606.5545199962,3341.6993585795435,False,726178.4458249665,4605.072783264983,False,1.380431750955168,71.7084259741578,709488.6375469791,1219.0798496437387,0.0,0.0004993623634389,False,752648.3125,1869.6651611328125,False,770793.1875,2516.6992481162206,False,775995.0333974361,4920.985508166228,False,False,1.4751307875413506,76.62769768039435,False,False
2MASS J10011629+0137555,150.31796681575,1.63212845583,2025051500162,60811.06604488674,60811.06587126994,z,1.47504934029048,47.3737424683107,306.528145523329,21.461750030517578,30.0009837150574,48.4044897865873,150.201418944776,2.27359927102668,-1,z,20250515,z_20,0.2839102416616755,150.3179019549205,1.6321733558216514,745262197232894016,0,312.54349655524766,260.0424271032662,0.01304807,0.0131854685,150.3179019549205,1.6321733558216514,7.2919005e-07,7.280217e-07,700465.0498145003,4947.321914731858,673344.3894019774,3047.452258983452,False,701582.8592662644,3956.377369337853,False,715118.6067046429,5529.875652905835,False,722383.0481274682,8024.333929584789,False,726441.1601420193,11183.731376318998,False,3.880524526818807,180.11461985290617,697388.1616765345,2255.842348979406,0.0,0.0001125173010452,False,391721.5,2209.002197265625,False,399279.0439453125,3087.54861519165,False,405600.87401533127,6244.320214593644,False,False,2.1666505507588965,100.56512659744624,False,False
2MASS J10011629+0137555,150.31796681575,1.63212845583,2025051500163,60811.06651652131,60811.066342909915,z,1.48025026773062,47.5592972935011,306.40007242895,21.669445037841797,30.000048160553,47.4282019822309,150.174385541524,2.3412978789901,-1,z,20250515,z_20,0.2786642680532004,150.3179024871316,1.63217154863146,745262197346141004,0,3423.560778130576,3886.420683647597,0.01298371,0.013456212,150.3179024871316,1.63217154863146,7.3549626e-07,7.3301374e-07,699235.6630911425,4652.19494049868,672490.9112726159,2877.5613066857454,False,700678.5956421321,3730.719141552398,False,718952.6850280969,5213.840294657982,False,725270.5643268849,7579.167225984243,False,727011.3202445111,10532.740676204943,False,1.99603620002624,163.12294118100908,692950.1609342891,2151.823465324842,0.0,0.001028246791816,False,414217.96875,2205.4775390625,False,425021.0048828125,3082.249621541413,False,429785.00299978256,6226.607285284359,False,False,1.1799904627722049,96.43287774560984,False,False
2MASS J10011629+0137555,150.31796681575,1.63212845583,2025051500164,60811.066996062786,60811.06682244602,z,1.48290256226105,47.6534050210865,306.150285934406,22.433107376098633,30.0009775161743,46.3696597979727,150.149555932935,2.28012106539064,-1,z,20250515,z_20,0.2822285897754373,150.3179021295427,1.6321727858667316,745262197500805290,0,4028.69664710969,525.6106851568276,0.007577537,0.008598643,150.3179021295427,1.6321727858667316,4.5143688e-07,4.4879675e-07,703165.1861703492,2083.0302941322902,674040.9660823137,1382.7459897568249,False,702767.3751333486,1712.2115245706646,False,722407.2096705202,2300.6507828886165,False,725274.5312043946,3262.6355881533414,False,724100.444043446,4494.062446408386,False,-0.4049469271886181,69.74729695083781,701579.3353480526,1252.203756417085,0.0,4.746629261864754e-07,False,756502.0625,1843.1298828125,False,777643.5893554688,2476.562122732621,False,779466.2910640836,4837.685456110766,False,False,-0.4359097995451182,75.08028383801525,False,False
2MASS J10011629+0137555,150.31796681575,1.63212845583,2025051500165,60811.06747001558,60811.06729639837,z,1.47973893768687,47.5413095255583,305.793745189708,22.622291564941406,30.0010540485382,45.2431853792342,150.210733797678,2.01581939604317,-1,z,20250515,z_20,0.2881574132674581,150.31790206026844,1.632175542213241,745262197635548348,0,4060.229747499456,2878.010068795458,0.005741978,0.0060063014,150.31790206026844,1.632175542213241,3.2649328e-07,3.2637251e-07,701873.2795168544,2101.5952585826567,686468.8236318668,1406.825847873686,False,702372.0698128288,1740.0259010773989,False,712588.6201534008,2334.905670582982,False,716158.9222838695,3323.021920364753,False,712675.3176007882,4577.814169336537,False,5.201889851862666,73.83095664355685,698707.445785848,1174.6394401529333,0.0,2.241626031995736e-05,False,753165.125,1865.8583984375,False,764120.5,2503.757761490248,False,764213.4670990705,4908.8654422063255,False,False,5.578072063085354,79.17014938269462,False,False
2MASS J10011629+0137555,150.31796681575,1.63212845583,2025051500166,60811.06794713614,60811.06777351895,z,1.49394909831603,48.0401242084642,305.648508489581,21.985429763793945,30.0010507106781,44.2325489654626,149.955518251033,2.29533620418843,-1,z,20250515,z_20,0.2861005899951971,150.317902513007,1.6321751930936796,745262197769241402,0,1562.4064668659034,2367.911061551025,0.008885733,0.008401905,150.317902513007,1.6321751930936796,4.8069745e-07,4.797938e-07,705473.1405321478,3274.900985316296,683025.149013753,2080.2175666032736,False,706157.22743934,2653.636430601738,False,719548.1017715131,3661.3202244631166,False,731401.1048307715,5274.959531629484,False,738298.3965063262,7321.541316146218,False,7.032105080498399,114.84306676023702,703603.0013758511,1596.2798702015643,0.0,0.0006395570735794,False,550075.0625,2067.102294921875,False,560506.1474609375,2852.057407395252,False,575112.0583648682,5703.258623691454,False,False,5.47779657469272,89.45926582795707,False,False
2MASS J10011629+0137555,150.31796681575,1.63212845583,2025051500167,60811.068421857584,60811.068248240284,z,1.49624379795735,48.1193534941018,305.348737389083,22.364608764648438,30.0010693073273,43.1346789296529,149.91266256282,2.19450983074851,-1,z,20250515,z_20,0.2816832295416751,150.31790382661686,1.6321749092620137,745262197903460389,745262197903459789,2320.024614482887,3961.350252504381,0.007690185,0.008215917,150.31790382661686,1.6321749092620137,4.4101697e-07,4.4295982e-07,706480.2380218479,1992.2389814863927,667345.7118837918,1319.6664853912073,False,706698.9154671292,1631.0855166297756,False,732063.631583701,2184.3157930196844,False,746279.0080829437,3084.692174764132,False,760521.0060569749,4242.865768419813,False,6.634307805185756,65.75764242722146,686084.0022473143,1209.4877503512364,0.0,0.0027078416087246,False,788952.3125,1820.92919921875,False,817269.2534179688,2438.550503496999,False,849038.8103070259,4736.697179461853,False,False,7.406481558385183,73.4112405184773,False,False
2MASS J10011629+0137555,150.31796681575,1.63212845583,2025051500168,60811.06889448274,60811.06872087137,z,1.49445154687724,48.0575818356673,305.595654811003,22.28812599182129,30.00004529953,42.4531327395295,150.257460658253,2.28049975153035,-1,z,20250515,z_20,0.2780376602424004,150.3179049825392,1.632174766121977,745262198017754094,0,1649.2842222898191,2732.0432693820408,0.008317609,0.008456914,150.3179049825392,1.632174766121977,4.6563477e-07,4.6605413e-07,708820.8506672477,2209.490510516102,671326.5302972335,1447.8122901788695,False,710198.9063329754,1803.698665355204,False,734683.663935906,2431.0539662456367,False,744496.3357000898,3453.8183629092705,False,748383.426328026,4759.913198478535,False,2.7195216307496977,73.43542600796984,702405.5337474172,1313.249365424397,0.0,1.9517958088743903e-05,False,727430.9375,1847.4630126953125,False,752509.78515625,2490.040254933925,False,766541.9540480375,4875.406156658419,False,False,2.785507203358429,75.21723887539176,False,False
2MASS J10011629+0137555,150.31796681575,1.63212845583,2025051500169,60811.06937062166,60811.069197004465,z,1.49355232483446,48.0260912360452,305.182835281139,22.372337341308594,30.001051902771,41.2786230695501,150.233670150668,2.04168329803779,-1,z,20250515,z_20,0.2743407414876678,150.31790388736093,1.6321714738319737,745262198176088647,0,65.44574544713113,1795.7892254099554,0.007193648,0.0064822915,150.31790388736093,1.6321714738319737,3.830411e-07,3.777465e-07,704362.1727991713,2664.326915219878,684207.7325311828,1731.6595822629702,False,702066.5465190541,2178.7068102418284,False,711408.5769013738,2975.8747379672063,False,716390.8010135263,4258.617959154322,False,711786.8909048478,5896.978615841618,False,2.390412446803796,91.67624879976572,700680.2455381505,1373.275610691173,0.0,2.426230626395576e-05,False,625322.0,1940.5472412109373,False,633642.8310546875,2650.5748666157606,False,633979.7906640768,5252.366004759114,False,False,2.12911083638946,81.65490228270154,False,False
2MASS J10011629+0137555,150.31796681575,1.63212845583,2025051500170,60811.069850944616,60811.069677333515,z,1.50174461228393,48.308216533385,305.076865325154,22.363569259643555,29.9999978542328,40.3105686063568,150.15166252296,2.18528804429512,-1,z,20250515,z_20,0.2801282482592491,150.31790209809282,1.6321716987284485,745262198306636029,0,1589.3446296160253,670.279487456995,0.006655141,0.0065253065,150.31790209809282,1.6321716987284485,3.6670966e-07,3.6546078e-07,704477.1580420035,2360.900933276583,684328.3854332388,1554.4683991796385,False,703812.3256946985,1939.8272252762608,False,716653.167244074,2627.841433451701,False,717179.2592412122,3747.350360061148,False,719857.3137832469,5177.555251445479,False,1.520508547681524,82.06783096571435,701183.9981742081,1282.9640245252451,0.0,0.0005366384922096,False,688656.5,1898.05517578125,False,701220.828125,2571.253753377486,False,704355.9768863916,5066.062283717009,False,False,1.4877660655244884,80.30059033088936,False,False
2MASS J10011629+0137555,150.31796681575,1.63212845583,2025051500171,60811.07036106307,60811.07018744576,z,1.50510898711381,48.4221667648607,305.098233791451,22.320241928100586,30.0010714530945,39.4584726358325,150.266122162586,2.27728766763547,-1,z,20250515,z_20,0.2894995866920548,150.31789993133555,1.6321731428090125,745262198420407083,0,2220.617898436241,2203.1071618198043,0.006566456,0.006706271,150.31789993133555,1.6321731428090125,3.68005e-07,3.6938252e-07,706437.1843704766,2629.1883022426327,686920.3157246403,1710.5914641142724,False,705607.1291588866,2150.609669392688,False,718648.0605381108,2934.25160641542,False,720615.5423727282,4199.055220432951,False,720564.6985006451,5810.957826706154,False,4.443247358939757,90.0167332414191,701413.7799180301,1352.0872228334106,0.0,5.743050963202823e-05,False,633115.6875,1929.6640625,False,644816.8422851562,2632.7975530918447,False,646536.5720202923,5213.961718150589,False,False,3.986764716707192,80.76875019755093,False,False
2MASS J10011629+0137555,150.31796681575,1.63212845583,2025051500172,60811.07083650702,60811.07066289579,z,1.50746712737485,48.5022059870045,304.63927121575,22.359912872314453,30.0000190734863,38.2389031483035,150.13906192672,2.08979140515265,-1,z,20250515,z_20,0.2837681732015747,150.31790192187506,1.6321732386614811,745262198575071902,0,2682.6601039641005,1832.802915682316,0.006353965,0.006191881,150.31790192187506,1.6321732386614811,3.4963603e-07,3.4743562e-07,706333.2878166875,2671.505996557017,690049.5109763844,1738.749037000324,False,706694.4964920366,2186.989591507193,False,717929.4015952437,2983.9307189524475,False,723153.8575755992,4272.943549756249,False,731937.4840130002,5917.788973428587,False,6.589879109057541,91.57230525193958,706299.9252298784,1357.512021737434,0.0,0.0007386183404208,False,629505.8125,1948.11572265625,False,639513.5854492188,2658.010980702517,False,651991.6355086565,5271.418660274911,False,False,5.870099772130869,81.57032311170661,False,False
2MASS J10011629+0137555,150.31796681575,1.63212845583,2025051500173,60811.07134320839,60811.07116959716,z,1.51417792019845,48.7271976602662,304.679808296854,22.544307708740234,30.0000200271606,37.3902314750245,150.182719895578,2.26969571648155,-1,z,20250515,z_20,0.2811126035145236,150.3179024690997,1.6321727324749036,745262198688842876,0,1403.7108872149186,2921.800057205169,0.0064721806,0.00616515,150.3179024690997,1.6321727324749036,3.533389e-07,3.4879812e-07,705648.1958127099,2538.7046245244765,691995.7575009406,1662.6031334234758,False,707189.1905697864,2083.905937399425,False,720984.3488554561,2837.1905491657303,False,726058.61909072,4054.4292806773424,False,730826.3150556454,5608.571150271372,False,5.278825635897335,86.76731726517465,708298.2198603203,1321.3535885818878,0.0,6.014420569444568e-05,False,651293.8125,1919.196533203125,False,663998.6181640625,2612.9424405742093,False,673062.6872625351,5165.276471766556,False,False,4.86159364392468,79.90933347906721,False,False
2MASS J10011629+0137555,150.31796681575,1.63212845583,2025051500174,60811.071839933895,60811.07166632272,z,1.5147408182904,48.7462059278356,304.272617814787,22.497291564941406,30.0000104904175,36.2187189529995,150.133700166169,2.06464854219434,-1,z,20250515,z_20,0.2841154083031372,150.31790204941328,1.6321735916297828,745262198843507472,0,3022.44267451942,1972.12454040379,0.0058012432,0.0058256392,150.31790204941328,1.6321735916297828,3.2277205e-07,3.2317246e-07,703442.4799371407,2517.838336966882,688154.4045383389,1651.5410651744933,False,702345.621201703,2068.7987970549243,False,708557.4488454403,2811.13987073193,False,712400.6442396363,4019.180187760203,False,709127.5225479328,5564.6451385903165,False,2.830727355576924,89.48877096671485,701528.7264160146,1293.510283131655,0.0,7.80923404375411e-06,False,652923.75,1923.223876953125,False,658698.470703125,2613.328724157719,False,659228.4300968647,5173.078412721013,False,False,2.631537898774882,83.19172521145194,False,False
2MASS J10011629+0137555,150.31796681575,1.63212845583,2025051500176,60811.07282756046,60811.072653943505,z,1.52241721573834,48.9999055822293,303.919351376015,21.78920555114746,30.0010097026825,34.2019940097327,150.122478838307,2.05136100762921,-1,z,20250515,z_20,0.2806566992729857,150.31790313893163,1.6321734707622102,745262199111942691,0,3139.663872129609,2032.4830522770635,0.008600633,0.00803265,150.31790313893163,1.6321734707622102,4.6815447e-07,4.5646044e-07,695152.806025536,5075.380609205702,688669.6080511605,3150.426928637344,False,698670.2635462148,4087.39315714924,False,715159.1127481413,5728.800263080649,False,721203.8303281481,8325.808992763568,False,736592.978884173,11598.923520723843,False,12.52429507852209,184.60106069967583,703460.069477147,1971.405935692463,0.0,2.422059202422666e-06,False,377270.3125,2207.124267578125,False,386174.0166015625,3093.456782506324,False,397747.9475345612,6263.225629664474,False,False,6.762910867472027,99.68149997468932,False,False
2MASS J10011629+0137555,150.31796681575,1.63212845583,2025051500177,60811.073324297315,60811.073150680226,z,1.52756648744807,49.1685485432105,304.024808736948,22.351980209350586,30.0010323524475,33.4036023862888,150.23610505313,2.22625217571365,-1,z,20250515,z_20,0.2797758234245528,150.317903229551,1.6321731746775137,745262199225713469,0,3180.800929751707,2427.457502110139,0.0061510624,0.0057087005,150.317903229551,1.6321731746775137,3.3447384e-07,3.2472084e-07,703910.1999156924,3156.408676416648,693999.1008283013,2029.3563759412111,False,705139.4287617232,2576.051046135169,False,714823.478149434,3549.292610794904,False,721572.1697716245,5102.27289669579,False,741103.1536594335,7083.047251054139,False,9.5625942699372,115.30197041855853,704009.4584234265,1445.4115398289723,0.0,1.828956250837788e-05,False,541209.4375,1977.1737060546875,False,548642.150390625,2724.1572078652257,False,568812.3576153517,5436.388694446836,False,False,7.3394935168520625,88.49670293214649,False,False
2MASS J10011629+0137555,150.31796681575,1.63212845583,2025051500178,60811.07390261915,60811.07372900786,z,1.53355885285915,49.3623360266108,303.818550862459,22.485074996948242,30.0000305175781,58.69986092525029,150.196719777121,2.2490685364647,-1,z,20250515,z_20,0.2822796157964491,150.3179027273684,1.6321736697331832,745262199379854186,0,3946.718405639526,2507.75556462145,0.0066923522,0.008282299,150.3179027273684,1.6321736697331832,4.3791263e-07,3.9758933e-07,709766.9810636851,2504.0710893795986,687610.8939242751,1640.4804187448428,False,704718.0095085691,2054.9662944421066,False,713014.6990708412,2793.285667743848,False,714077.6779464224,3994.678993448761,False,713570.5561454762,5520.221869010965,False,0.0566289848094898,86.51968879976725,704607.9971325095,1336.081986450621,0.0,0.0013546235054446,False,660261.875,1925.3316650390625,False,668035.1796875,2617.0752095313865,False,668555.9713082314,5171.98651442278,False,False,0.0530566257498286,81.06171714156568,False,False
2MASS J10011629+0137555,150.31796681575,1.63212845583,2025051500179,60811.07437529799,60811.07420168018,z,1.53490907664222,49.4060095189563,303.635918511034,22.556028366088867,30.0011570453644,57.684824776397804,150.239818405953,2.17976514191062,-1,z,20250515,z_20,0.2817587215061091,150.31790194348653,1.6321722806979302,745262199514596274,0,1253.358405010585,2322.0560049585383,0.005608988,0.0071761953,150.31790194348653,1.6321722806979302,3.7589498e-07,3.3875742e-07,705761.8852503179,2486.561552231107,691895.7076009955,1632.3718702249887,False,706399.8382407114,2043.2704007404889,False,714561.5751691413,2778.213373070761,False,727091.1373013842,3970.672947029379,False,723982.7519527684,5483.751045239194,False,6.027110079972951,86.35441811154078,705072.0272686988,1272.878757026298,0.0,0.0001835969378056,False,670556.9375,1939.5943603515625,False,678304.5458984375,2637.246146329183,False,687247.6898654699,5205.504174613066,False,False,5.72129303889345,81.97277379434725,False,False
2MASS J10011629+0137555,150.31796681575,1.63212845583,2025051500180,60811.07488665495,60811.074713038055,z,1.53877106891463,49.5294516496502,303.491872870919,22.008699417114258,30.0009994506836,56.7015431510598,150.2592400656,2.18652976139593,-1,z,20250515,z_20,0.2327638034909167,150.3179066787255,1.6321522665336694,745262199648813561,0,1422.8403967400434,1807.7767837571312,0.01157553,0.012032576,150.3179066787255,1.6321522665336694,6.6087443e-07,6.50734e-07,633565.8028267177,3995.610348480514,616780.5439794669,2492.806525316172,False,634528.2718942781,3217.436812748057,False,645228.0174482316,4479.777733107369,False,656138.1637025395,6501.8004685285805,False,652161.5923396748,9043.50286220728,False,4.535590698127169,141.4581788554147,585291.7253426615,1713.0294462795855,0.0,0.4668233240849121,False,414414.53125,2101.328857421875,False,421402.6044921875,2925.771902688673,False,425930.9672394395,5906.370394358244,False,False,2.9622237122625847,92.38725440371348,False,False
2MASS J10011629+0137555,150.31796681575,1.63212845583,2025051500182,60811.075838666715,60811.07566504998,z,1.55151615248086,49.9317785353345,302.916877311664,22.122549057006836,30.0009713172913,54.5192719275548,150.008427280316,2.14660114973611,-1,z,20250515,z_20,0.2792267890660579,150.3179041315233,1.6321741711873916,745262199918297490,0,3782.4357152005023,1359.9665454351218,0.008162899,0.009970798,150.3179041315233,1.6321741711873916,5.222028e-07,4.896274e-07,708164.7130123304,2817.3883761631305,685157.3094843166,1817.372766803234,False,703977.937746952,2297.605818502632,False,710425.0235761562,3146.85331270204,False,714506.5885946377,4510.883368044383,False,712763.5049083544,6253.927594051541,False,-0.719105825766898,98.1060587578696,701697.0975913829,1480.9448886078094,0.0,0.0004638273400981,False,607546.4375,1982.8778076171875,False,613110.3959960938,2715.794653431915,False,615128.5501545668,5397.259241261514,False,False,-0.6206020944753196,84.66740688816056,False,False
2MASS J10011629+0137555,150.31796681575,1.63212845583,2025051900219,60815.04869665905,60815.04852304139,y,1.43230964865665,45.7728849170944,308.827442094289,21.509063720703125,30.0011305809021,62.068102999822,150.196629681787,2.24908704740264,-1,y,20250519,y_10,0.2842205369809782,150.3179025055886,1.6321742890535846,745279797068825368,0,3780.4911292000943,3132.77180702425,0.013660195,0.01150399,150.3179025055886,1.6321742890535846,6.6738295e-07,7.3399735e-07,830144.5553186359,4434.309339740098,783495.6608252496,2804.9379154328644,False,823551.9693567824,3557.367160465446,False,845012.8650733633,4880.873183294795,False,853801.2064133052,7004.663442596345,False,858147.46113498,9707.297281380825,False,-0.0212934807867413,153.62770752535326,820130.3280381123,2373.931350974099,0.0,4.2197866689019925e-05,False,348469.65625,1505.229248046875,False,357550.4079589844,2065.244530604404,False,363108.0513681173,4107.450012415512,False,False,-0.0090099134070641,65.00451267653143,False,False
2MASS J10011629+0137555,150.31796681575,1.63212845583,2025051900220,60815.04917177312,60815.04899815628,y,1.43321291466702,45.8082865223073,308.629990994027,21.486730575561523,30.0009906291962,61.0553546164686,150.239778109986,2.17978423685599,-1,y,20250519,y_10,0.2874023890036088,150.31790234463713,1.6321755760452368,745279797203567364,0,1080.0165389587228,2863.616352141424,0.0146287475,0.012213107,150.31790234463713,1.6321755760452368,7.1233507e-07,7.8309694e-07,817953.3686467194,4455.791766693806,763949.0337609376,2809.2953002862105,False,803989.4198125685,3567.965995404863,False,820810.004784183,4900.649097307296,False,815382.0635151692,7025.792270565642,False,796008.2356658184,9741.88892750452,False,-7.77388610754182,153.2377549286394,812838.1183451962,2432.700080030276,0.0,0.0001201787559969,False,339925.84375,1508.5321044921875,False,347037.5686035156,2071.989056414716,False,336551.4078577459,4118.859939938961,False,False,-3.286790508933071,64.78875449706406,False,False
2MASS J10011629+0137555,150.31796681575,1.63212845583,2025051900221,60815.049647067804,60815.04947345611,y,1.43597852455462,45.916261811607,308.479948785676,21.52555274963379,30.0001010894775,60.074420934188005,150.259174286208,2.18644406228788,-1,y,20250519,y_10,0.291906879652974,150.31790022397936,1.63217475864226,745279797337784988,0,1205.848251181838,2359.2506795616223,0.012651234,0.012301722,150.31790022397936,1.63217475864226,6.8836005e-07,6.978925e-07,818183.289210502,4367.006188790644,777030.1936339814,2769.4612167386767,False,815244.7560565951,3509.690844724305,False,841668.6148311512,4813.739090556564,False,841223.3497734938,6904.69502917256,False,843826.7423854062,9565.495015586348,False,-2.201997440863797,148.53336624263648,820493.9094986771,2386.2555443662645,0.0,3.6225132001077576e-05,False,347437.65625,1495.74560546875,False,358698.86767578125,2051.4995220722085,False,359618.6095983982,4076.5833136566207,False,False,-0.9384382104128548,63.30133896461634,False,False
2MASS J10011629+0137555,150.31796681575,1.63212845583,2025051900222,60815.05082106824,60815.05064745134,y,1.44147227660246,46.1280382561147,307.840902377728,21.586410522460938,30.0009996891022,58.928174582736396,150.201163152232,2.0290087679775,-1,y,20250519,y_10,0.2861197934940279,150.31790130197885,1.6321734906586003,745279797473575001,0,3130.0272655899994,271.6424099589051,0.011455086,0.010915664,150.31790130197885,1.6321734906586003,6.1468376e-07,6.286013e-07,821638.6147604566,4367.451497491367,781506.0703820311,2776.226368927798,False,817397.1437125497,3517.355336981167,False,837859.1715230104,4821.440255790244,False,849098.2349453354,6913.513445060725,False,856212.328503717,9577.97093625491,False,4.377842207997855,151.2303999696239,813984.6090018185,2288.0944247062025,0.0,0.0002635160353635,False,350609.53125,1508.7137451171875,False,359386.3933105469,2068.080272894821,False,367258.6887001991,4108.318613684066,False,False,1.877805930983738,64.86787977172837,False,False
2MASS J10011629+0137555,150.31796681575,1.63212845583,2025051900223,60815.051294858786,60815.05112124691,y,1.45027232327386,46.4623315123579,307.585563687657,21.649898529052734,30.0001330375671,57.861603245754694,150.00848905134,2.14662416860128,-1,y,20250519,y_10,0.2871175898343063,150.31790165696194,1.6321744842833206,745279797607268972,0,3750.753534899328,1945.3186839744776,0.010181081,0.00908713,150.31790165696194,1.6321744842833206,5.227746e-07,5.4902347e-07,827925.0649571108,4371.8355144003135,787480.0279208889,2780.9643056957498,False,818879.9084547999,3524.599035883008,False,839050.1029655718,4835.750736508615,False,837659.0522305258,6946.169320197914,False,814066.8072483984,9618.432732761576,False,-7.521157543045485,150.07109156033337,823391.8502397605,2250.237399606471,0.0,0.0003529135215457,False,347395.3125,1495.248779296875,False,355952.16064453125,2051.4816897284304,False,345353.4394726753,4080.449905362861,False,False,-3.190718013778499,63.66500534638015,False,False
2MASS J10011629+0137555,150.31796681575,1.63212845583,2025051900224,60815.0517675796,60815.05159396274,y,1.44869569089616,46.4029260024245,307.656559993016,21.624635696411133,30.0009934902191,57.0426813592806,150.257573614625,2.13898018923908,-1,y,20250519,y_10,0.2816010580696984,150.31790313534034,1.6321739185318331,745279797740438210,0,2080.721079065233,2328.596800683584,0.0102463085,0.010127827,150.31790313534034,1.6321739185318331,5.646735e-07,5.673191e-07,820805.8873115556,4439.490216273685,788423.1550613251,2820.4891928626544,False,822091.6726541857,3575.331393484286,False,845645.260425411,4906.892033149806,False,875866.0210162466,7050.569808619023,False,881322.7258661508,9769.986785032608,False,13.20089981503022,149.6219305523222,820471.1853024896,2291.247250540948,0.0,0.0002058106426819,False,349952.96875,1521.96875,False,359979.40283203125,2088.795558276909,False,375166.802685082,4158.947224257619,False,False,5.619439089470541,63.691970772360655,False,False
2MASS J10011629+0137555,150.31796681575,1.63212845583,2025051900227,60815.05337282304,60815.053199205424,y,1.45797561140288,46.7507085951532,306.91210860213,21.614301681518555,30.0011231899261,53.925241797654,150.204786884106,2.01915097356171,-1,y,20250519,y_10,0.286141675623356,150.31790148763562,1.6321737699998589,745279798143091811,0,3485.023078133225,3909.847203911313,0.009420372,0.010228422,150.31790148763562,1.6321737699998589,5.5315655e-07,5.394326e-07,823180.1575765096,4454.662674014759,789298.7516549159,2832.0332050631737,False,821657.3498037085,3591.1633632721137,False,842971.8359285668,4915.237046307989,False,858129.2982895594,7076.510038952794,False,849709.2697454859,9805.666624938192,False,4.501207771686539,154.7967328725962,817011.7450659781,2274.8564755705133,0.0,1.6897764865131393e-07,False,348796.5625,1524.4620361328125,False,357844.64013671875,2086.536177196552,False,360704.7055349946,4162.541493259313,False,False,1.910779229611491,65.71178159008859,False,False
2MASS J10011629+0137555,150.31796681575,1.63212845583,2025051900229,60815.05440648252,60815.054232865084,y,1.47040679030802,47.2060272259509,306.520024778938,21.618974685668945,30.0010938644409,51.8986062310291,150.05516232872,2.14856328037708,-1,y,20250519,y_10,0.2860971788093853,150.3179014542417,1.6321737001508514,745279798413099051,0,70.8367483530624,114.08452172075653,0.0113537805,0.010453018,150.3179014542417,1.6321737001508514,6.003603e-07,6.1217435e-07,811759.8255853713,4460.268636552026,781769.4683450946,2831.494664979901,False,815816.8468296384,3593.2053630484006,False,849233.6390553674,4928.830273280732,False,864593.3919896716,7087.765363625026,False,866412.5797334706,9824.69456365629,False,3.02863938629306,151.15528259130235,811963.812835727,2309.28000743489,0.0,3.392478161812207e-05,False,349247.5625,1538.2352294921875,False,363553.142578125,2110.010311271458,False,370907.3706520796,4205.908031929238,False,False,1.2965470466378208,64.70890397662374,False,False
2MASS J10011629+0137555,150.31796681575,1.63212845583,2025051900230,60815.05488372881,60815.054710117336,y,1.47283902151673,47.2938653764363,306.188941387077,21.601367950439453,30.0000624656677,50.7821483476804,149.991593745436,2.04221165925898,-1,y,20250519,y_10,0.2833799037747319,150.31790223644862,1.632173502545398,745279798547318128,745279798547317329,866.0869989987023,2012.3823045614456,0.011765802,0.009413342,150.31790223644862,1.632173502545398,5.7894135e-07,6.0477413e-07,829586.4250462054,4415.8751405419525,788567.1150941236,2799.090282897631,False,828829.2335461166,3554.912345042789,False,860699.668138194,4876.150180586413,False,874613.0364557062,6994.996942147323,False,877411.6163900727,9683.731927800269,False,7.30812754451529,153.33781438907897,819533.4448727997,2293.09943217973,0.0,0.0001639442194754,False,353590.625,1516.577392578125,False,367187.0166695118,2080.236700352195,False,374316.57724505663,4131.221108157057,False,False,3.117753671632645,65.41614536687509,False,False
2MASS J10011629+0137555,150.31796681575,1.63212845583,2025051900231,60815.05539059143,60815.05521697385,y,1.47514302094782,47.3766838148315,306.012646689106,21.66950035095215,30.0011169910431,49.7858472588775,150.023864616606,2.01095130794309,-1,y,20250519,y_10,0.2818325304844611,150.31790163899697,1.6321718639206555,745279798681534993,0,1670.8388114937009,1764.8073614442164,0.009479167,0.009458551,150.31790163899697,1.6321718639206555,5.259817e-07,5.261703e-07,825540.7864908736,4436.389103177851,792776.7038513098,2822.588027969778,False,828625.8437629356,3578.830987138255,False,855982.4174712646,4912.9239058754565,False,882778.7072460719,7054.533810001327,False,900721.1579416668,9772.446722039049,False,14.645916801150006,150.65447460889027,812278.3537535417,2228.002214206936,0.0,0.0019312490618134,False,354078.46875,1529.26318359375,False,365768.1520996094,2099.3317874060026,False,384885.37471437454,4175.844860892954,False,False,6.258317711696567,64.3758652730518,False,False
2MASS J10011629+0137555,150.31796681575,1.63212845583,2025051900232,60815.0558667983,60815.05569318104,y,1.47834462988647,47.4916518527155,306.27731368386,21.700193405151367,30.0010619163513,49.1013526367224,150.254933981342,2.22970536360527,-1,y,20250519,y_10,0.2660867607600083,150.31790297864157,1.6321657554216984,745279798814180717,745279798814179426,1422.8865769945023,160.12400455904685,0.009954976,0.010078166,150.31790297864157,1.6321657554216984,5.5704504e-07,5.5591437e-07,796076.4898641914,4419.47550482333,756038.5872828461,2813.343231849377,False,782679.1839249432,3572.4388175499307,False,788785.2582819718,4894.827571277198,False,796449.8630907568,7049.934704565872,False,786223.3185877753,9775.167248370786,False,3.0254368494601565,155.8778726269547,761793.6656489456,2190.313908503352,0.0,0.5104470634825033,False,332300.6875,1516.743896484375,False,334893.13246141,2078.188101250628,False,333805.4143526368,4150.225103434715,False,False,1.2845042588482267,66.18078684579122,False,False
2MASS J10011629+0137555,150.31796681575,1.63212845583,2025051900233,60815.05634383195,60815.05617021451,y,1.48366671572649,47.6804372913271,306.100003746257,21.620473861694336,30.0010936260223,48.0898885787645,150.201226129047,2.27351442741009,-1,y,20250519,y_10,0.2861528626045338,150.31790270243906,1.6321754769562655,745279798948397128,0,297.99584635912976,189.04287954422017,0.010049214,0.010321905,150.31790270243906,1.6321754769562655,5.66746e-07,5.6497555e-07,815720.5402304803,4420.254004745675,783940.8959452545,2824.3148949635865,False,818546.4892432768,3581.3340946478897,False,847227.580797804,4888.079195645129,False,865249.7901891561,7035.2513757213455,False,873796.375209187,9767.206639085742,False,10.457623775565311,153.33680499403525,831685.4834974245,2349.5015385827105,0.0,1.2688727493159746e-06,False,346692.875,1516.8631591796875,False,358840.6640625,2070.331070789351,False,370093.79609692097,4136.870654169184,False,False,4.429294731653962,64.94533721089205,False,False
2MASS J10011629+0137555,150.31796681575,1.63212845583,2025051900234,60815.056814320305,60815.056640709176,y,1.48895193806805,47.8663466001525,305.974293021119,21.67391586303711,30.0000035762787,47.1138557487458,150.174407694881,2.34121383730085,-1,y,20250519,y_10,0.2801338547477574,150.31790260017817,1.6321724430282063,745279799061644292,0,3405.359594388885,3791.1497189731376,0.008498898,0.010161119,150.31790260017817,1.6321724430282063,5.2379966e-07,5.1673123e-07,827792.0563472527,4429.342543953078,792120.8218892128,2815.8316040487043,False,824159.4279400862,3568.6415315365325,False,847936.8830160276,4891.932751781401,False,864734.6858418317,7030.99557185137,False,886179.514754493,9741.27634125382,False,15.377860760884143,152.1338069797353,829804.6917823975,2279.0254366039394,0.0,0.0001095481696008,False,349222.6875,1512.1474609375,False,359297.955078125,2072.868239724323,False,375502.5802756548,4127.690090345155,False,False,6.516091038768241,64.46395579779949,False,False
2MASS J10011629+0137555,150.31796681575,1.63212845583,2025051900235,60815.057291523684,60815.05711790617,y,1.49165938213271,47.9606916352055,305.727391234498,21.627464294433594,30.001106262207,46.0558859308973,150.149555898027,2.28014220159904,-1,y,20250519,y_10,0.2825737502098744,150.31790409578744,1.6321756840301085,745279799216308332,0,4010.704750957927,419.6271943396073,0.009374736,0.010507357,150.31790409578744,1.6321756840301085,5.5416587e-07,5.520732e-07,828667.1292359718,4485.567459068611,793830.7154624679,2846.364125721924,False,830283.0234508946,3611.582572742972,False,860386.9582716592,4955.039319133966,False,889588.008482477,7128.580972444531,False,915098.276118014,9879.039342622957,False,22.075629016555915,152.24740201853686,817121.8834904553,2281.023433684672,0.0,0.0001444242759821,False,353666.5,1538.385986328125,False,366489.541015625,2110.643435869476,False,389794.3175154328,4208.065405391732,False,False,9.403312158706958,64.85114627804191,False,False
2MASS J10011629+0137555,150.31796681575,1.63212845583,2025051900236,60815.057766480146,60815.05759286336,y,1.48851643330811,47.8504156653652,305.371002005205,21.694961547851562,30.0009799003601,44.9294563465445,150.210820341763,2.01583916300563,-1,y,20250519,y_10,0.2885226232690228,150.31790207893786,1.632175740011197,745279799351051064,0,4036.611070738735,2800.950537622869,0.009234791,0.00869905,150.31790207893786,1.632175740011197,4.985e-07,4.984268e-07,824832.9522485478,4411.466831052419,792839.3627909323,2807.2885517354125,False,831390.3967611864,3559.396587623851,False,861231.3240846053,4880.492215791396,False,881908.7168400361,7004.744646252787,False,904336.105880424,9704.882215970603,False,19.41423953040752,159.1037884398339,827562.2892188574,2229.7787270969407,0.0,0.0005124309204969,False,355393.6875,1521.531982421875,False,368149.7612304688,2086.259514353492,False,386575.72262114286,4148.537066248663,False,False,8.298987098718808,68.01194996854723,False,False
2MASS J10011629+0137555,150.31796681575,1.63212845583,2025051900237,60815.05824038299,60815.05806676558,y,1.50294874169627,48.3488932409216,305.231335717374,21.708328247070312,30.0010879039764,43.9216534882163,149.955609919665,2.29525166445775,-1,y,20250519,y_10,0.2842466036113383,150.3179023707975,1.6321741120101565,745279799484744378,0,1523.4350905504607,2239.850535473412,0.007796828,0.010273622,150.3179023707975,1.6321741120101565,5.038439e-07,5.092258e-07,823138.6746950562,4396.012308395453,786490.3803792839,2797.937417092849,False,816527.6135743005,3544.4377915928244,False,832823.5857219608,4852.629994962738,False,836852.7310904542,6974.670840685926,False,842034.1318571101,9665.78152229032,False,7.337245119242451,155.71365801418727,812739.8101315236,2207.652400193212,0.0,0.0006727731048304,False,345848.21875,1501.2811279296875,False,352750.5363769531,2055.3786695150984,False,356651.7528472841,4094.035849782784,False,False,3.1077615904672946,65.95403555736931,False,False
2MASS J10011629+0137555,150.31796681575,1.63212845583,2025051900238,60815.058794156255,60815.05862053929,y,1.5059064446605,48.4495318618737,304.906404518747,21.669851303100586,30.0010120868683,42.8247862557064,149.912774835585,2.19442696234276,-1,y,20250519,y_10,0.2817702017786651,150.31790194175915,1.6321722838381247,745279799618962507,0,2267.1250336650974,3843.262647858721,0.008151831,0.01140882,150.31790194175915,1.6321722838381247,5.4374254e-07,5.5772006e-07,820527.3489557595,4324.696095867221,792286.2344686557,2759.800729810049,False,824019.1222445918,3489.642182612421,False,852479.6320128136,4780.688851217943,False,875982.9826535563,6858.75088417738,False,903060.2836872748,9502.29026776507,False,18.91301814265429,148.2189387745343,812556.8995797242,2200.978392637612,0.0,0.0003220529953861,False,351325.3125,1487.8291015625,False,363459.615234375,2038.2743061159988,False,385024.9682416916,4051.356343156978,False,False,8.063674531225114,63.19400069447041,False,False
2MASS J10011629+0137555,150.31796681575,1.63212845583,2025051900239,60815.05926810602,60815.05909449447,y,1.50407051075126,48.3869061859843,305.151605045543,21.708959579467773,30.0000765323639,42.1378618645659,150.257469164764,2.280517152212,-1,y,20250519,y_10,0.2865703432371423,150.3179016543314,1.6321742166378783,745279799733256989,0,1635.3812694140763,2642.83494555815,0.008059447,0.009961753,150.3179016543314,1.6321742166378783,4.981507e-07,5.084082e-07,820602.6411386027,4297.887223360399,789578.4071570433,2743.4879287332124,False,821353.0622344889,3469.385968017524,False,850560.3560647801,4751.085175095115,False,870021.0294632965,6816.711910679847,False,877792.0029060444,9436.58554294905,False,15.566284011786388,146.9810961594049,816870.2322576828,2192.737285550125,0.0,7.915095588895138e-05,False,349201.625,1475.023681640625,False,361619.2258300781,2019.9433592456369,False,373196.87223529816,4012.003068551957,False,False,6.618069527054934,62.48961619929084,False,False
2MASS J10011629+0137555,150.31796681575,1.63212845583,2025051900240,60815.05974142166,60815.05956780463,y,1.50316894858186,48.3566448739132,304.741270528646,21.668455123901367,30.0010232925415,40.9642918185002,150.233639563634,2.0416037635455,-1,y,20250519,y_10,0.2868093219777029,150.31790154925542,1.6321741825265288,745279799891591624,0,37.03653248256148,1730.8008735004871,0.008836428,0.010550705,150.31790154925542,1.6321741825265288,5.3388135e-07,5.473824e-07,826510.3299215693,4329.154097964378,791917.9969913447,2764.187149217784,False,828598.9062235066,3496.0803505566387,False,856262.6783211562,4776.925257416686,False,885031.6272479007,6868.41768680087,False,876152.8408081206,9500.822714824322,False,16.533079623131144,153.04399213350217,811459.2784174151,2222.507581932407,0.0,7.670133902004661e-05,False,352491.0,1487.2537841796875,False,364259.3364257813,2032.1329756352225,False,372720.7321777344,4041.707603543218,False,False,7.033272341618488,65.10584243588022,False,False
2MASS J10011629+0137555,150.31796681575,1.63212845583,2025051900241,60815.060252144816,60815.06007852739,y,1.51177162076314,48.6469037650574,304.627715080115,21.66779899597168,30.0010902881622,39.997042072359,150.151598312199,2.18520304600708,-1,y,20250519,y_10,0.2863657691134258,150.31790188193824,1.6321744405476994,745279800022139088,0,1576.1770232429164,593.9428680135163,0.00917036,0.009906691,150.31790188193824,1.6321744405476994,5.2678297e-07,5.338209e-07,823531.3316970859,4294.544954656574,792754.4031019936,2749.743690051696,False,829431.9187285717,3474.3260343497136,False,858918.0993978492,4746.177531727118,False,892415.0272147736,6814.169224203649,False,922374.107070007,9430.093688332076,False,25.992239510183527,147.65916944218102,816564.4952244266,2246.4373392438188,0.0,0.0004982800749387,False,351008.8125,1470.306396484375,False,363487.1232910156,2008.543560608851,False,390341.1873751879,3990.738615869913,False,False,10.999703433972538,62.48815430214629,False,False
2MASS J10011629+0137555,150.31796681575,1.63212845583,2025051900242,60815.06081909503,60815.06064547793,y,1.51562583877637,48.7751686589666,304.630496289291,21.631834030151367,30.0010344982147,39.1429652570215,150.266086873617,2.27730756336525,-1,y,20250519,y_10,0.2869752816628493,150.3179020126949,1.6321749155852268,745279800135909981,0,2212.903625336816,2131.69672467127,0.010245028,0.010715114,150.3179020126949,1.6321749155852268,5.7977604e-07,5.848569e-07,828021.7294312491,4273.501881305713,783122.8083658654,2724.02645360637,False,818033.4228473178,3444.9552721317214,False,838862.7288266767,4715.020978234846,False,845010.0634464356,6753.92788749507,False,854882.3523706095,9358.236808434258,False,6.102319670498568,149.36782641030462,807553.3843083201,2229.093889666965,0.0,0.0006413116489544,False,346310.0,1458.403076171875,False,355127.9733886719,1996.0784845306684,False,361909.793879807,3961.758650213193,False,False,2.583383839910409,63.2340568483194,False,False
2MASS J10011629+0137555,150.31796681575,1.63212845583,2025051900243,60815.06129424786,60815.06112063053,y,1.51808837391904,48.8570119300518,304.174830914141,21.632617950439453,30.001074552536,37.9257399315069,150.13882928577,2.08970569649705,-1,y,20250519,y_10,0.286966327961395,150.31790209009827,1.6321750190146058,745279800290574859,0,2658.4808724816803,1771.7538140404515,0.011214545,0.009332347,150.31790209009827,1.6321750190146058,5.8582566e-07,5.60261e-07,822765.8535450866,4285.022835088593,787246.9733592331,2735.9296980267245,False,823474.8072349661,3456.137592833413,False,851960.7016884929,4730.9615293645375,False,879637.1180103751,6781.65146493698,False,901559.117980672,9387.847268771318,False,17.675726599656713,148.4616627289269,821033.3723978769,2266.791650925228,0.0,6.444665917038073e-05,False,347636.59375,1459.03662109375,False,359662.1459960937,1997.213924191491,False,380600.5212125778,3963.1561506042462,False,False,7.461951881434575,62.67429954152701,False,False
2MASS J10011629+0137555,150.31796681575,1.63212845583,2025051900244,60815.0618239676,60815.061650350755,y,1.5251086016526,49.0880888774957,304.208911682522,21.652204513549805,30.0009903907776,37.0759095865434,150.182652865715,2.26961114025904,-1,y,20250519,y_10,0.2845825629209988,150.31790191153436,1.63217362080881,745279800404345669,0,1401.1383402885565,2849.9209738559102,0.008845812,0.0107810255,150.31790191153436,1.63217362080881,5.3308145e-07,5.620929e-07,826365.9923429585,4280.603452635656,789792.6706046133,2736.1934410330805,False,825252.3990167624,3457.8870751648988,False,852831.9958585001,4722.656457746,False,859743.532884083,6782.677179480858,False,865847.0027783193,9390.489428523691,False,6.130879116344548,146.06659135983517,818468.0030567832,2230.3510741279965,0.0,3.661470139726397e-05,False,347594.5625,1456.4547119140625,False,359211.0302734375,1989.172896951103,False,364692.92362099886,3955.2542573126993,False,False,2.5823132979985246,61.52293889733596,False,False
2MASS J10011629+0137555,150.31796681575,1.63212845583,2025051900245,60815.062296702374,60815.06212309081,y,1.52555206869055,49.1023968518582,303.812558104302,21.674856185913086,30.0000791549683,35.9060753018362,150.133603816426,2.06477686891203,-1,y,20250519,y_10,0.2774151675384247,150.31790361317837,1.6321725793329724,745279800559010386,0,3005.476029268212,1914.7719572298413,0.009431945,0.009348348,150.31790361317837,1.6321725793329724,5.2248896e-07,5.2096755e-07,827869.4456476241,4318.838655553822,792516.9850228471,2758.611123094937,False,828341.2550257291,3487.630899530136,False,855890.75165755,4777.099195830115,False,874397.155136829,6845.670074676963,False,889808.363817564,9481.220977883266,False,14.58578865249251,149.31428590246784,832226.3992116386,2260.8072627969486,0.0,0.0001160487024832,False,349804.28125,1472.8087158203125,False,361438.29296875,2017.34459139718,False,375761.5273499489,4003.871193687995,False,False,6.159504051130558,63.0546603149054,False,False
2MASS J10011629+0137555,150.31796681575,1.63212845583,2025051900247,60815.063340557,60815.06316693964,y,1.53385656803659,49.3723168429711,303.444382270823,21.666492462158203,30.0010795593262,33.8895579519424,150.122736396235,2.0512799819225,-1,y,20250519,y_10,0.2760143221853685,150.31790356764296,1.6321718299011856,745279800827445844,0,3125.6488097467773,1962.4148669451283,0.009991527,0.009141223,150.31790356764296,1.6321718299011856,5.4094556e-07,5.229928e-07,820479.184598812,4318.487027626833,787035.3189748285,2760.234638010806,False,815126.5900691396,3487.269477712848,False,835006.3768619673,4782.872060626625,False,843431.570892889,6857.40619859117,False,839703.8011819309,9493.601629915633,False,4.248670889674453,149.31151265012485,815094.0479647679,2223.875350062058,0.0,9.788995643300602e-06,False,342748.8125,1466.3458251953125,False,351107.97216796875,2011.127767259016,False,353083.1704096794,3991.920671764183,False,False,1.7865039858603056,62.78330786518473,False,False
2MASS J10011629+0137555,150.31796681575,1.63212845583,2025051900248,60815.06381628492,60815.06364267382,y,1.53894756895568,49.5350840690441,303.557368839139,21.627771377563477,29.9999983310699,33.0889472739497,150.236167043073,2.22627419628164,-1,y,20250519,y_10,0.2825173820424355,150.31790277455252,1.632173850760072,745279800941216349,0,3182.061222902168,2358.862015174421,0.010408292,0.009955017,150.31790277455252,1.632173850760072,5.709479e-07,5.6062953e-07,829509.313035561,4385.991811752941,792797.1854626834,2793.390714609462,False,829582.0340696111,3535.949999217749,False,860045.1159486058,4837.625958194474,False,877296.7955591052,6948.102445665747,False,883763.5779568822,9618.462035297083,False,8.4821681445549,154.21742848854072,826061.2616958813,2290.320659106308,0.0,0.0003459564932806,False,343499.34375,1464.1065673828125,False,356112.9831542969,2003.082605099341,False,365933.9240618944,3982.650613587904,False,False,3.5121531947101907,63.85575302391519,False,False
2MASS J10011629+0137555,150.31796681575,1.63212845583,2025051900249,60815.06450992622,60815.06433630871,y,1.54602541442857,49.7598905927968,303.315852645728,21.48453140258789,30.0011055469513,58.0493534182079,150.196759123323,2.24908907001227,-1,y,20250519,y_10,0.2840340853145177,150.31790239547573,1.6321740447068869,745279801095357009,0,3953.680366202966,2383.0961811447464,0.012029758,0.012401787,150.31790239547573,1.6321740447068869,6.833375e-07,6.7410423e-07,824262.4853280671,4652.089113861056,777272.7786936614,2938.391092407689,False,815495.2783651705,3732.539618353092,False,835005.0106652769,5126.159111984184,False,846018.8110058265,7362.817040993751,False,845284.8240028892,10206.250224335305,False,-1.2616961927934929,161.70410065415217,817765.5256290084,2454.352751753427,0.0,3.899351899216974e-05,False,322989.125,1478.3282470703125,False,330716.2468261719,2030.292130580732,False,334787.7209390998,4042.338339588732,False,False,-0.4997136833742904,64.04533216170147,False,False
2MASS J10011629+0137555,150.31796681575,1.63212845583,2025051900250,60815.065003591524,60815.06482997454,y,1.54762448770007,49.8096904295831,303.127862052009,21.46706771850586,30.0010151863098,57.0341064742227,150.239845372564,2.17978555239366,-1,y,20250519,y_10,0.2826894734398839,150.3179023444716,1.6321733220638357,745279801230099070,0,1266.285108567366,2219.0062417823574,0.012784661,0.011220552,150.3179023444716,1.6321733220638357,6.504177e-07,6.856194e-07,825284.6513766187,4695.18732396948,785605.4977238955,2970.130345425721,False,824141.9153558975,3772.6701064369418,False,851667.3794695381,5177.595450175959,False,864946.197660669,7439.157831681641,False,875718.6038553311,10307.865591507416,False,3.696178746156641,163.24375222012208,814772.906726733,2439.6457528998,0.0,0.0003260743508397,False,323503.5,1480.9002685546875,False,334308.1730957031,2032.3808539609088,False,343749.08991247416,4046.184927922507,False,False,1.4508748295988831,64.07867894152285,False,False
2MASS J10011629+0137555,150.31796681575,1.63212845583,2025051900251,60815.06547983771,60815.06530622007,y,1.55128527904299,49.9248679855765,302.99692258425,21.482202529907227,30.0011267662048,56.0502865532034,150.259023310803,2.18654984714311,-1,y,20250519,y_10,0.2449175140366448,150.31790792835938,1.6321625663694868,745279801364316637,0,1430.9029420404229,1703.1463764107243,0.013617719,0.012901565,150.31790792835938,1.6321625663694868,7.294916e-07,7.4427464e-07,960022.9980494214,4762.081354933644,917267.132327744,3052.731487964785,False,962197.427219757,3852.394352361024,False,990184.4614002235,5250.303384405613,False,1028884.8265220574,7536.254925694755,False,1072677.5120155222,10429.72642717882,False,25.19574943683333,164.17642266427302,827351.4225344978,2459.7691688662862,0.0,0.1195107438632472,False,374001.46875,1497.406982421875,False,384879.8930664063,2040.7674367043617,False,416944.54135894775,4053.984028721247,False,False,9.79346548749446,63.81457845712489,False,False
2MASS J10011629+0137555,150.31796681575,1.63212845583,2025051900253,60815.0665048862,60815.06633126851,y,1.56503879248368,50.3486405200491,302.405364929621,21.637128829956055,30.0011370182037,53.8710947714877,150.008534900993,2.14651537379994,-1,y,20250519,y_10,0.284695551937481,150.3179018982704,1.6321736566915988,745279801633800552,0,3746.5863848331433,1200.9671177862454,0.00971918,0.009486834,150.3179018982704,1.6321736566915988,5.316391e-07,5.3550025e-07,823306.6271062157,4407.302441395261,789659.7857427777,2803.0346194781764,False,822403.3623081452,3550.1059915549736,False,850114.7847759802,4869.397372991846,False,865738.5358683362,6981.515527417257,False,860999.7794013096,9673.10017917276,False,5.933345463151727,153.43015880479783,815868.3354123227,2262.98228983323,0.0,0.0007978015991049,False,339065.40625,1463.6590576171875,False,350490.4382324219,2007.584445949208,False,354978.16930675507,3988.083940638427,False,False,2.4462353658658063,63.25710899350435,False,False
2MASS J10011629+0137555,150.31796681575,1.63212845583,2025051900254,60815.06698084937,60815.06680723239,y,1.56300676270003,50.2868459348651,302.466447271635,21.64634132385254,30.0010137557983,53.021092676895,150.25762294038,2.13897611264345,-1,y,20250519,y_10,0.2837136104055738,150.31790275096344,1.6321743899593235,745279801766969921,0,2339.574216943807,1766.3528417736195,0.010091856,0.009403959,150.31790275096344,1.6321743899593235,5.3668424e-07,5.471423e-07,832715.9499876081,4385.315280440739,795313.2680796096,2794.572934837047,False,833557.0242175943,3537.00023497558,False,860021.8384586021,4853.441563419483,False,885181.2996081908,6961.418285330977,False,904994.1645937222,9638.347143676983,False,14.575631177429855,149.87845110217378,826241.9608050698,2296.1256920249325,0.0,5.371901824902103e-05,False,351324.0,1490.759521484375,False,362478.2751464844,2045.6075040904143,False,381433.0161516666,4062.328759191445,False,False,6.143273824110473,63.17011965011603,False,False
2MASS J10011629+0137555,150.31796681575,1.63212845583,2025051900255,60815.06745496728,60815.06728134975,y,1.57436188754201,50.6306068540059,302.244039452853,21.64185333251953,30.0011086463928,51.9650876369584,150.059786482581,2.24831503625979,-1,y,20250519,y_10,0.29233675511127,150.3179006753094,1.6321756065126267,745279801900663659,0,2904.1352218304723,3202.257849030051,0.010362991,0.010236558,150.3179006753094,1.6321756065126267,5.713957e-07,5.7299155e-07,828199.3245669028,4401.741046202813,790469.3748953618,2798.2954910063304,False,823792.8863466198,3542.607271342926,False,844868.0228583643,4852.067967290782,False,860817.7284235401,6967.216722127167,False,851221.134903558,9650.488240413204,False,1.812942453791531,150.50058479519308,821195.2491956425,2294.8459329823363,0.0,0.0002847723177955,False,346842.03125,1491.546142578125,False,355715.30908203125,2042.869193738212,False,358390.16379737854,4063.1510654375634,False,False,0.7633042887770671,63.36535481166312,False,False
2MASS J10011629+0137555,150.31796681575,1.63212845583,2025051900256,60815.06795073539,60815.0677771242,y,1.58216789936227,50.8632862664293,302.088850676085,21.645370483398438,30.0000140666962,50.9626171801021,149.986404051139,2.31873463483247,-1,y,20250519,y_10,0.2780413717824253,150.3179023608472,1.6321710467028208,745279802034881418,0,1136.9274147994915,3219.9065129155083,0.009574906,0.011219341,150.3179023608472,1.6321710467028208,5.886547e-07,5.699267e-07,826441.185987356,4401.0984489249095,791297.2914034642,2806.595486520549,False,826341.013769862,3554.712289365008,False,850647.1722528301,4854.473343929363,False,873374.8784481183,6988.200904452226,False,878637.603165216,9680.558115907394,False,10.577526992891038,153.73470585301655,820046.7614388764,2290.937386117516,0.0,0.0007577739665074,False,346696.53125,1491.4017333984375,False,356894.3317871094,2036.724598368569,False,368637.8918232322,4061.538594142494,False,False,4.437867486340074,64.50035562052338,False,False
2MASS J10011629+0137555,150.31796681575,1.63212845583,2025051900257,60815.06842792957,60815.06825431205,y,1.57419904549378,50.6258982245207,301.844778244851,21.658340454101562,30.0011076927185,49.9157354632622,150.204841602745,2.01914713031567,-1,y,20250519,y_10,0.2820187093938502,150.31790246379506,1.6321731672467878,745279802169623546,0,3630.574343018556,3443.0005311699783,0.01055556,0.009190562,150.31790246379506,1.6321731672467878,5.435379e-07,5.563574e-07,821145.6323092673,4384.310551242924,788646.6463068874,2791.610516113737,False,820476.9659916398,3533.3694959590043,False,851939.2662718302,4837.51385193396,False,866479.9656581796,6937.533976310611,False,883325.0062288339,9618.286257736418,False,14.364904728051226,150.03551161675398,822560.0059567713,2276.0538059119967,0.0,0.0003683017558056,False,346823.15625,1493.5877685546875,False,360122.5598144531,2044.861576952456,False,373389.6006264687,4065.738022995439,False,False,6.0721772865273085,63.421390051596376,False,False
2MASS J10011629+0137555,150.31796681575,1.63212845583,2025051900258,60815.06890175534,60815.068728138285,y,1.58400555512,50.9173520554211,301.71001129765,21.620407104492188,30.0010268688202,48.9187630405302,150.090378186698,2.13976272573044,-1,y,20250519,y_10,0.2864246586351037,150.3179009207427,1.6321730825812255,745279802303841272,0,685.8018370687628,3446.773513830764,0.010358749,0.009915368,150.3179009207427,1.6321730825812255,5.616483e-07,5.6494645e-07,828404.3202895866,4366.523319459,786281.2919891307,2778.4125238057827,False,823482.1425258096,3516.1943968499986,False,846322.711902838,4814.974661179602,False,855350.9261122043,6911.080291296968,False,854544.7072297523,9561.718765868662,False,2.358446137917312,152.92929818309003,816572.9000681693,2289.8135476293887,0.0,9.203237159249866e-06,False,346098.78125,1477.810546875,False,355698.3740234375,2023.6709163752887,False,359153.9711944461,4018.665421659314,False,False,0.991224085896153,64.27418517691342,False,False
2MASS J10011629+0137555,150.31796681575,1.63212845583,2025051900259,60815.06939779273,60815.06922417513,y,1.58956348798772,51.0807358195176,301.532180020976,21.615232467651367,30.0011215209961,47.9027824103049,150.055266985947,2.14866559754526,-1,y,20250519,y_10,0.2847945629102678,150.31790185340373,1.632173640408053,745279802438058988,0,195.9638348593528,3633.279681404848,0.010400551,0.011051162,150.31790185340373,1.632173640408053,5.9799385e-07,5.943209e-07,829060.6348808,4356.359129056344,789639.4817398469,2776.474043326896,False,828445.769963261,3512.240592820971,False,857342.8700258813,4803.100331753123,False,877277.5332673294,6889.888556005786,False,886806.7891351895,9535.469134105017,False,9.658121538719149,152.4928026803467,808382.6149021131,2270.866911334114,0.0,0.0027112424564535,False,348714.75,1478.39501953125,False,360878.3041992188,2021.752047193728,False,373280.4475364685,4013.731321700885,False,False,4.065358964888457,64.18825648157349,False,False
2MASS J10011629+0137555,150.31796681575,1.63212845583,2025051900260,60815.06987171872,60815.06969810738,y,1.5930529308679,51.182230809861,301.227947161385,21.592029571533203,30.000039100647,46.7989246897228,149.991553017274,2.04221142427404,-1,y,20250519,y_10,0.2852624639372537,150.317901945664,1.632173999169719,745279802573848963,0,855.0579077325233,1357.2581660332696,0.011849897,0.010441114,150.317901945664,1.632173999169719,6.1813125e-07,6.2285403e-07,825618.0922537778,4351.038814922889,785485.1206061614,2769.7026219746044,False,824884.3336632104,3506.234435580282,False,849392.285895713,4796.275081768622,False,867032.0328192554,6885.4128413415865,False,877305.6913165335,9534.252786202173,False,6.4477439615039325,148.324995743452,825442.9663630103,2335.85965305438,0.0,0.0001305309376882,False,348086.8125,1479.56982421875,False,358428.7412109375,2023.944493735118,False,370207.7118161917,4023.288510257197,False,False,2.7208355787399108,62.59056315584498,False,False
2MASS J10011629+0137555,150.31796681575,1.63212845583,2025051900261,60815.07046171026,60815.07028809267,y,1.59692197242455,51.2948706635707,301.042393682485,21.6254940032959,30.0011191368103,45.8000073773373,150.023854925558,2.01094880174083,-1,y,20250519,y_10,0.2841930636222586,150.31790197457622,1.6321735219381737,745279802708066621,0,1675.267822789068,1165.8157606750187,0.010705898,0.010858662,150.31790197457622,1.6321735219381737,5.992298e-07,5.989665e-07,818481.5336702524,4339.266040451018,782851.0753059885,2763.155468894895,False,820201.6399955457,3496.856729149268,False,849439.3822498363,4786.465411175129,False,867385.8324968036,6867.679298845735,False,868678.5196773005,9506.069655707386,False,6.93142752554169,146.28049488613706,815491.0072627409,2309.810477574447,0.0,0.0001577341998607,False,345368.15625,1472.4464111328125,False,357679.5009765625,2015.4711395370168,False,365780.66183403134,4002.788570617296,False,False,2.918665640183107,61.595371614274114,False,False
2MASS J10011629+0137555,150.31796681575,1.63212845583,2025051900262,60815.07093486421,60815.07076124728,y,1.60048836779033,51.3971912629409,301.301090879879,21.664011001586914,30.0010056495667,45.0766798478429,150.254756705285,2.22970628716437,-1,y,20250519,y_10,0.2802083703812337,150.31790444907247,1.6321750599363152,745279802820265037,0,1836.8948474366707,3811.5359660473314,0.009375362,0.0103095155,150.31790444907247,1.6321750599363152,5.475913e-07,5.4736677e-07,826991.8358956184,4328.809217257684,789065.6775539777,2757.2863669652315,False,821729.969785773,3487.25910111902,False,849026.6399658633,4776.706238673635,False,858459.9138953589,6841.468447940515,False,863824.9537678584,9480.91957723292,False,6.117296256972131,148.60437286086523,810139.6579230957,2229.416278141608,0.0,0.0003721225365475,False,343855.3125,1459.2537841796875,False,355277.68408203125,1998.8267153600657,False,361470.08183306456,3967.318564353568,False,False,2.559800534772525,62.18393504895631,False,False
2MASS J10011629+0137555,150.31796681575,1.63212845583,2025051900263,60815.071466671,60815.07129305355,y,1.60786388217946,51.6081002979781,301.131865813369,21.606977462768555,30.0010950565338,44.0704166511053,150.201220665192,2.27361795767956,-1,y,20250519,y_10,0.2852590444581162,150.3179020835392,1.6321741931201128,745279802954482699,0,711.8323012608929,3759.665512097136,0.010555169,0.0104317665,150.3179020835392,1.6321741931201128,5.831627e-07,5.827917e-07,826174.1812727326,4366.173359284375,789084.4759621099,2778.400684442042,False,828642.4559391617,3515.660672742506,False,860155.9220501735,4812.475740076736,False,876840.986115565,6901.802747408783,False,884432.4684402513,9552.40881245823,False,9.250987797563118,152.07947866464335,817648.4940206014,2284.849962840135,0.0,0.0009777440432321,False,340359.59375,1444.03515625,False,353303.5485839844,1976.6936585065675,False,363274.9848865271,3923.590879805111,False,False,3.7997841240178536,62.46567407331844,False,False
2MASS J10011629+0137555,150.31796681575,1.63212845583,2025051900264,60815.07194161648,60815.07176799961,y,1.61467456511449,51.8002967930018,301.026121745905,21.52350425720215,30.0009953975677,43.0950034968522,150.174377073467,2.34131599697003,-1,y,20250519,y_10,0.2796585333392629,150.3179034138737,1.6321733790995063,745279803088175886,0,3865.784146077688,3025.98818825935,0.011268762,0.013204265,150.3179034138737,1.6321733790995063,6.7842154e-07,6.8516965e-07,830647.3973542745,4581.688153656352,785419.646286613,2909.0928610748547,False,825921.2706973623,3689.711943815102,False,848117.3785102625,5043.441332157051,False,864467.2863216334,7261.388961044446,False,855157.0826061937,10054.585148506842,False,-2.6954326110908915,161.31493199946158,829898.0195426774,2463.578251094048,0.0,0.0002173095055809,False,327629.0625,1463.6466064453125,False,336433.884765625,2000.648262797723,False,339226.4168568253,3988.4846448503513,False,False,-1.0692327352920616,63.99091755272267,False,False
2MASS J10011629+0137555,150.31796681575,1.63212845583,2025051900265,60815.0724362451,60815.072262627735,y,1.61860814015764,51.9099554708233,300.795115367885,21.432703018188477,30.0010805130005,42.0428255674127,150.149580477034,2.28013988540068,-1,y,20250519,y_10,0.2827276109983744,150.3179018159124,1.6321725723253595,745279803222918015,0,182.82580105180324,3951.9529790898914,0.011068863,0.012480825,150.3179018159124,1.6321725723253595,6.5135447e-07,6.592159e-07,818704.4376339301,4770.151869258769,779655.8772555391,3016.86381544206,False,815265.2930793763,3835.712525887953,False,837543.5240447982,5264.040642225285,False,852731.1141025026,7577.364377641216,False,832971.437422806,10501.3159945863,False,-7.144611179870132,168.673748999517,812501.5048591776,2493.68646857061,0.0,0.0006140012104572,False,309050.65625,1454.0413818359375,False,317495.8850097656,1995.491809618837,False,315762.6990358829,3980.837436801733,False,False,-2.7083782328692485,63.94082179501429,False,False
2MASS J10011629+0137555,150.31796681575,1.63212845583,2025051900267,60815.0734113994,60815.07323778197,y,1.63371639163112,52.3262122405668,300.348523264125,21.47046661376953,30.0010912418365,39.9325175759529,149.955492385217,2.2953519511804,-1,y,20250519,y_10,0.2860506965077431,150.31790099085194,1.632173000811558,745279803511275889,0,1797.2007625845497,1342.5505246442854,0.009857121,0.012218066,150.31790099085194,1.632173000811558,6.048963e-07,6.280779e-07,824410.2499111486,5055.303299774944,789287.9680226594,3190.005006581136,False,821501.790101416,4061.971531357599,False,846191.3888978164,5598.511251146052,False,866628.2031154222,8052.965575204519,False,870663.0026220905,11174.48286141729,False,11.995606657183318,181.17990360661133,820200.8750825058,2513.0439754325707,0.0,0.0010812033372491,False,294050.1875,1453.951171875,False,302887.6376953125,2003.943634641532,False,311647.0618265271,3999.819379833177,False,False,4.293734267195632,64.85193978722671,False,False
2MASS J10011629+0137555,150.31796681575,1.63212845583,2025051900268,60815.07388749375,60815.07371387688,y,1.63716648974574,52.4194511961989,300.073546014017,21.264198303222656,30.0009956359863,38.845391703801,149.912777148555,2.19452505096845,-1,y,20250519,y_10,0.2803474711235205,150.31790336887946,1.6321736461669163,745279803645493920,0,2428.048207562891,2995.858612066976,0.011710709,0.015510781,150.31790336887946,1.6321736461669163,7.4065366e-07,7.8568115e-07,825258.6654675595,5698.737973054422,789856.1274168649,3569.3796738930105,False,829716.966682059,4568.989890529965,False,864515.2200697433,6305.944642517978,False,884189.2334292516,9105.357287633678,False,910681.2921001252,12638.868755534331,False,12.97979048485459,199.0572056319187,829572.0509025409,2881.146943488422,0.0,7.154434249578845e-05,False,261376.9375,1439.3204345703125,False,272339.0622558594,1986.4948710124056,False,286882.2703717053,3981.488798519265,False,False,4.0888857556928295,62.70688064080019,False,False
2MASS J10011629+0137555,150.31796681575,1.63212845583,2025051900269,60815.07436365423,60815.07419003704,y,1.6344923485859,52.3473554261076,300.298776242435,21.343603134155273,30.0010509490967,38.1114392936708,150.257505147319,2.28051489497024,-1,y,20250519,y_10,0.2857091140124265,150.3179020304867,1.6321743346094395,745279803759788508,0,2172.194353959027,2050.6333976178785,0.010901477,0.0137230735,150.3179020304867,1.6321743346094395,6.697171e-07,7.066551e-07,823171.3653835678,5626.058812814914,789492.478706646,3523.0433786380104,False,819407.5748409656,4504.158320149907,False,843507.9044091945,6216.912792820668,False,853688.1884594571,8976.32754728597,False,855015.4704119217,12467.904621843045,False,5.854304747267127,197.50812927069964,820561.4440490312,2762.9536590748244,0.0,0.0006373735141957,False,259645.859375,1427.233642578125,False,267282.5361328125,1969.954530948343,False,270928.9411159158,3950.707693631304,False,False,1.855054839397028,62.58444458240758,False,False
2MASS J10011629+0137555,150.31796681575,1.63212845583,2025051900270,60815.07487590716,60815.074702290294,y,1.63439950500926,52.3448858797118,299.898430687676,21.420726776123047,30.0009937286377,36.9513165140367,150.233676947076,2.04170305808766,-1,y,20250519,y_10,0.2823878617125352,150.31790411116287,1.6321756185949017,745279803918123321,0,332.3312262269984,1318.1908257248574,0.010661874,0.014349861,150.31790411116287,1.6321756185949017,6.734577e-07,7.3009693e-07,826716.7588766449,5305.812446583101,785704.4955896612,3331.080439060896,False,824725.2767615751,4251.255598424217,False,847278.9440477362,5857.866711178327,False,865159.6228967741,8438.499480275297,False,865560.9563686636,11708.066094144651,False,5.803808416519428,187.39288432431584,824305.6304186241,2663.7266200202807,0.0,0.0002999860650489,False,281249.96875,1449.7742919921875,False,288941.279296875,1997.665011468859,False,295175.8589063883,3992.715290637418,False,False,1.979229910579028,63.9052110384423,False,False
2MASS J10011629+0137555,150.31796681575,1.63212845583,2025051900272,60815.0758623623,60815.07568874535,y,1.64921437134652,52.7429817165611,299.851388988644,21.376676559448242,30.0010080337524,35.115973063806,150.26619862334,2.27730600020261,-1,y,20250519,y_10,0.2881317228834576,150.31790078540462,1.63217372597756,745279804162441573,0,2781.7195569074424,1577.3001578910564,0.012114338,0.016824726,150.31790078540462,1.63217372597756,7.6966563e-07,8.5670814e-07,833032.352676112,4791.124519064885,786185.7944477446,3022.0018571365654,False,833683.986312008,3842.997022435268,False,868046.0789262692,5281.604829193365,False,890561.6259677926,7593.932533498269,False,898550.2568752308,10520.041773858184,False,6.68401679455347,163.468811588843,824855.7550464385,2593.9546388361528,0.0,0.0026580318480941,False,311172.875,1434.400146484375,False,323998.53955078125,1971.3610748172664,False,335384.2359390259,3926.609719796655,False,False,2.494811891146349,61.01479806509861,False,False
2MASS J10011629+0137555,150.31796681575,1.63212845583,2025051900273,60815.07637350922,60815.07619989183,y,1.65340765018252,52.8537723054193,299.416535070508,21.469614028930664,30.0010850429535,33.9228766582278,150.138871573915,2.08970464406021,-1,y,20250519,y_10,0.2785291508104295,150.31790175570794,1.6321703678717672,745279804317106484,0,2952.3273834797005,1243.407382461441,0.011595262,0.012454411,150.31790175570794,1.6321703678717672,6.595479e-07,6.7736045e-07,827671.0792594227,4611.220133298273,783991.0378920446,2926.291900426264,False,819070.5525495737,3710.0652039989295,False,838631.1817188917,5089.569362840784,False,832423.9111449631,7313.777038778216,False,815051.9083396343,10130.555013647803,False,-8.005228090980237,159.26464201357282,817881.1080450467,2448.7105725078422,0.0,0.0004250554540332,False,318543.4375,1442.8756103515625,False,326150.73095703125,1979.3763982692608,False,316980.55291485786,3939.8581816734495,False,False,-3.1133006383086514,61.93936087836566,False,False
2MASS J10011629+0137555,150.31796681575,1.63212845583,2025051900274,60815.07688456784,60815.07671095095,y,1.66195498559555,53.0778614303819,299.470279306757,21.488069534301758,30.0009989738464,33.0600808604987,150.182745697662,2.26971265531309,-1,y,20250519,y_10,0.289139048642923,150.31790196030138,1.6321758679340808,745279804430877259,0,1921.7186404297129,2239.7905506898096,0.009442398,0.015429388,150.31790196030138,1.6321758679340808,6.4199486e-07,7.728664e-07,824159.3137877965,4514.115390831964,778570.6511529892,2859.7032275838365,False,821442.3423749019,3629.197506243821,False,849534.7053766997,4979.430015874368,False,861916.9054208273,7142.847584961386,False,866991.0790012669,9896.771896745946,False,2.000201339284033,154.9105601829661,821827.1790515427,2416.6644714533168,0.0,5.2779474184028174e-05,False,328164.0,1449.8546142578125,False,339386.8232421875,1989.268859704843,False,346360.59741795063,3953.733676954133,False,False,0.7990750396516946,61.886350933540726,False,False
2MASS J10011629+0137555,150.31796681575,1.63212845583,2025051900275,60815.07738493587,60815.077211318494,y,1.66343929773626,53.1162513440145,299.088795770372,21.589006423950195,30.0010817050934,31.9051667404096,150.133923152293,2.06466999237562,-1,y,20250519,y_10,0.2799000545048318,150.3179027960826,1.6321726131848229,745279804585542020,0,3287.784489465295,1408.1823402569416,0.009168819,0.0117803905,150.3179027960826,1.6321726131848229,5.5378047e-07,6.1746294e-07,824435.883792966,4416.010356135678,783832.4839032142,2812.216983204325,False,815967.5753342962,3558.264017365682,False,839197.5603292356,4875.498146073438,False,832467.842282288,6995.228922068559,False,823204.342435766,9683.906638457534,False,-3.256164347935479,149.52977465528156,818662.010346776,2312.096744511032,0.0,6.711107941592687e-06,False,335381.9375,1462.530517578125,False,344930.009765625,2003.944842830129,False,338356.4196302891,3980.314254085888,False,False,-1.3383604212233755,61.46026760595332,False,False
2MASS J10011629+0137555,150.31796681575,1.63212845583,2025051900276,60815.07785895851,60815.07768534161,y,1.6760608097093,53.4407544813306,299.059882216275,21.46441078186035,30.0010008811951,30.968733853115896,150.04398194038,2.25989000552911,-1,y,20250519,y_10,0.2826991068831042,150.3179033346776,1.6321747159165263,745279804699312941,0,175.871689448824,3364.747676559693,0.01163348,0.015043121,150.3179033346776,1.6321747159165263,7.015698e-07,7.898475e-07,823638.3199481432,4477.759700611913,773896.9586773057,2826.769216647106,False,814988.1488917497,3585.6534691442203,False,839744.4758711808,4917.264489176771,False,850473.1624207799,7058.334790072252,False,845257.5763104483,9779.384846351932,False,-6.855806338370848,154.23025460646218,816706.1591431678,2430.647977603952,0.0,1.0224613666842686e-06,False,329324.6875,1448.90966796875,False,339328.35400390625,1986.9940359931293,False,341556.11655700207,3951.7051417822017,False,False,-2.7703301980706323,62.32217053755586,False,False
2MASS J10011629+0137555,150.31796681575,1.63212845583,2025051900277,60815.07839298821,60815.07821937098,y,1.67409479803581,53.3910002440661,298.77021052462,21.498449325561523,30.0010566711426,29.890714196895104,150.12251629632,2.05138033205013,-1,y,20250519,y_10,0.2869709869646396,150.3179026069562,1.632175730804524,745279804853977484,0,3403.5833704236843,1463.015224870156,0.010584836,0.015114555,150.3179026069562,1.632175730804524,6.5966265e-07,7.847639e-07,821244.668652491,4433.261581074765,779949.0331486391,2814.982047347955,False,818754.2860383148,3562.531344320048,False,849250.9141052341,4878.52356415883,False,867032.3461118045,6987.01276493942,False,870361.6565485672,9674.231747227985,False,3.685785120949735,151.6024352075135,817486.9267324887,2401.751949384701,0.0,2.5515492346750435e-05,False,330484.4375,1437.9908447265625,False,342794.18798828125,1969.1818942808893,False,351315.3914318085,3904.9359395691336,False,False,1.4877413690704515,61.19326198048225,False,False
2MASS J10011629+0137555,150.31796681575,1.63212845583,2025051900278,60815.07886782832,60815.07869421712,y,1.68029171144821,53.5487087301919,298.888204584406,21.45517921447754,30.0000157356262,29.0683121111978,150.236198225708,2.22627167317816,-1,y,20250519,y_10,0.2857638345732373,150.31790071520754,1.632172447460987,745279804967748028,0,3730.650699048928,1871.4216986221893,0.010988837,0.015270557,150.31790071520754,1.632172447460987,6.744407e-07,7.9837764e-07,825606.2083704968,4313.308244071811,783711.5577165076,2741.444920511716,False,826418.7189168725,3465.924437548878,False,861379.0844739466,4749.731342664826,False,876450.2065742381,6801.43616316716,False,888483.6036760997,9410.113624191648,False,5.941501460851497,149.73177573624673,826331.6294685769,2393.87646565464,0.0,0.0004704198794802,False,336176.40625,1409.89306640625,False,350397.8291015625,1932.129048967805,False,361423.59564089775,3827.9120597982433,False,False,2.416925661432282,60.90894254478471,False,False
2MASS J10011629+0137555,150.31796681575,1.63212845583,2025051900280,60815.079983128235,60815.079809511495,y,1.69113387397848,53.8206561565786,298.52196370036,21.597084045410156,30.0009722709656,54.2522473511974,150.239829468269,2.17978467117787,-1,y,20250519,y_10,0.2841933331024312,150.3179017817371,1.6321732435652234,745279805256631854,745279805256630818,1443.5785646207648,1800.3664815322488,0.011668044,0.012299195,150.3179017817371,1.6321732435652234,6.716314e-07,6.6035494e-07,831332.4519457942,4286.25081777896,788656.909471863,2739.2848853614123,False,830766.6701486079,3458.73771263038,False,863237.1812079216,4735.850968466997,False,888083.0917184936,6779.45838912634,False,920075.5369597734,9378.776168276345,False,17.38860091620479,144.11222955459772,818378.3538487182,2320.857725281769,0.0,0.0025207545722882,False,344209.21875,1433.049072265625,False,357662.63430666924,1962.1918169645137,False,381212.3104448319,3885.881961461028,False,False,7.204570129723342,59.70961490117967,False,False
2MASS J10011629+0137555,150.31796681575,1.63212845583,2025051900281,60815.08045722329,60815.08028361139,y,1.69593220983407,53.9403334588912,298.406244082328,21.55162239074707,30.0001366138458,53.2661286062265,150.25910734844,2.18654826776184,-1,y,20250519,y_10,0.2819539236472737,150.31790295022788,1.6321738277391502,745279805390848347,0,1632.9543495125845,1292.8252720564294,0.0118812965,0.012682761,150.31790295022788,1.6321738277391502,6.8911527e-07,6.762571e-07,821821.1002061566,4269.145963664115,777201.1056660534,2730.5182724860656,False,815237.3503987873,3448.784111097285,False,835915.4266349876,4705.009704167018,False,841064.2943259131,6747.066049335799,False,829763.129738247,9335.526586707165,False,-3.5692081873536026,148.40080770805852,809044.9962189979,2343.842165939004,0.0,0.000751672816647,False,337520.875,1427.8499755859375,False,346081.91845703125,1947.946805255091,False,343534.7723641396,3865.052429933236,False,False,-1.4777074061479898,61.440230190421325,False,False
2MASS J10011629+0137555,150.31796681575,1.63212845583,2025051900282,60815.0810264781,60815.080852867126,y,1.69993762677597,54.0389937918377,298.047145882312,21.55940055847168,29.999977350235,52.1493277616967,150.201306521529,2.02910924396495,-1,y,20250519,y_10,0.2836178994735002,150.31790246903387,1.6321739484756046,745279805525066747,0,3326.7377929832696,3681.93792549576,0.010598559,0.013299917,150.31790246903387,1.6321739484756046,6.864015e-07,6.49566e-07,818808.4781901985,4243.714722920312,780002.0592848309,2707.862724781442,False,822520.9215196392,3418.1167734744554,False,858535.8053281319,4666.128824113617,False,874474.4703730649,6685.357110611671,False,883466.6406718424,9245.069530296872,False,3.094543788523624,143.50293982110708,828619.9103718997,2352.8756015661816,0.0,4.663281862427038e-05,False,341205.03125,1417.931884765625,False,356145.0275878906,1935.6427169131864,False,366487.0459244251,3835.117327064912,False,False,1.283704623727903,59.52909377145685,False,False
2MASS J10011629+0137555,150.31796681575,1.63212845583,2025051900283,60815.08150358246,60815.081329970715,y,1.71450511606291,54.3930750817603,297.867882383963,21.54916000366211,30.0001106262207,51.116197685015,150.008510097719,2.14661471270414,-1,y,20250519,y_10,0.2886171200308883,150.31790388726037,1.632178161712092,745279805660332232,0,3772.152094955156,699.7534250618224,0.011004795,0.012305257,150.31790388726037,1.632178161712092,6.561431e-07,6.4072447e-07,827366.3431578556,4159.805581505894,783914.6946424011,2656.9702152568298,False,827691.8142062615,3349.705414264692,False,861048.1024765099,4573.083101091982,False,884003.8141803481,6540.641086473525,False,905872.6807612756,9046.030341704904,False,8.919706402494688,141.01542656342156,831729.7734754639,2328.435983973877,0.0,4.3694761555967965e-05,False,342676.0625,1386.8251953125,False,356486.0354003906,1893.320779148084,False,375044.041805923,3745.1839024452142,False,False,3.69288401334995,58.382371671576266,False,False
2MASS J10011629+0137555,150.31796681575,1.63212845583,2025051900284,60815.08200349407,60815.08182988308,y,1.71212475917038,54.3357928438773,297.914588768726,21.546897888183594,29.999979019165,50.2399092305202,150.25761227589,2.13897347691329,-1,y,20250519,y_10,0.2850512173952002,150.31790176812197,1.6321736426931377,745279805793501588,0,2538.7767621163503,1398.294579035802,0.011533425,0.013025838,150.31790176812197,1.6321736426931377,6.9104743e-07,6.7582044e-07,823601.2999020085,4214.465021062487,784959.460893913,2697.001966025869,False,826975.2285188687,3399.9852816565294,False,859194.7105937048,4639.083929993778,False,882063.6602180398,6637.599517711595,False,896354.6359428485,9175.833938993428,False,7.858386614383008,145.17785801485164,816051.7045869968,2329.3597879063,0.0,0.0018514407505419,False,341253.90625,1403.0145263671875,False,354549.3759765625,1914.3324466530344,False,369883.5350227356,3786.436481768676,False,False,3.242787735956624,59.908095720482166,False,False
2MASS J10011629+0137555,150.31796681575,1.63212845583,2025052000110,60815.997173178526,60815.996999561576,g,1.23407995904417,35.9104081728067,331.332602317031,23.863611221313477,30.0010092258453,79.5703970323206,150.196690340817,2.2490546622502,-1,g,20250520,g_6,0.3002603599955918,150.31790010119,1.6321785485603844,745284180487177059,0,3472.6505792365924,2247.2337778629126,0.01313777,0.018630404,150.31790010119,1.6321785485603844,1.0273549e-06,7.4242865e-07,81054.30838301078,575.2838641796642,78029.01540494234,387.3417636392967,False,80103.36854525728,476.9096033134408,False,80065.86678112163,638.2227257918403,False,80468.95510685394,903.2612381262228,False,80867.19973504632,1244.0231912984486,False,0.2627080035831793,19.114812052935942,80454.5268673892,339.9035816699633,0.0,0.0007080517935357,False,114212.4609375,679.984130859375,False,114158.99041748048,909.986551910633,False,115301.5417278707,1773.7450087538236,False,False,0.3745726071464815,27.25415628045844,False,False
2MASS J10011629+0137555,150.31796681575,1.63212845583,2025052000111,60815.99776202555,60815.997588413804,g,1.23419633751614,35.9180246527945,331.020795897657,23.853626251220703,30.0001096725464,78.5861994166632,150.239653897297,2.17975282646427,-1,g,20250520,g_6,0.3018346654656986,150.31789979215517,1.6321788653968,745284180621918753,0,618.789109314784,1538.785897622622,0.012628259,0.018107405,150.31789979215517,1.6321788653968,9.966666e-07,7.1670553e-07,80281.65840426002,579.2695415482925,77215.09482700427,389.11121445391154,False,79835.83398176702,479.9028390122324,False,80724.23364955063,642.5141831906188,False,80670.46693213025,910.792149339094,False,83404.64613788387,1252.7808217070165,False,1.0089650071861989,20.21640769220432,79353.20303492002,337.4201350249469,0.0,0.0022743753304061,False,114598.3671875,688.8646240234375,False,115873.59844970705,922.2810436886164,False,119721.1300559044,1798.27314942594,False,False,1.448293787464778,29.0191408591352,False,False
2MASS J10011629+0137555,150.31796681575,1.63212845583,2025052000112,60815.99852844935,60815.99835483831,g,1.23598148440009,36.0323514639372,330.628862786796,23.96116828918457,29.9999876022339,77.6151096690448,150.259156806533,2.18651670220805,-1,g,20250520,g_6,0.3027331180669096,150.31789880927428,1.6321779576007305,745284180756136306,0,583.9820066279926,999.421922362332,0.0133508155,0.017668575,150.31789880927428,1.6321779576007305,9.726623e-07,7.5517323e-07,80155.99565977832,523.8558518769169,77151.92375268969,355.76518520357564,False,79416.3994883837,435.8160623484448,False,79847.42171841959,580.2500567219163,False,79827.87407026086,817.5260140796187,False,80168.18761070014,1124.2392144787718,False,0.0407586896670645,17.76832458074159,79389.60558795165,317.60175931678305,0.0,0.0004489469450241,False,125801.8828125,690.3672485351562,False,126484.65625,919.1621643380378,False,126992.77489364149,1780.8841854353118,False,False,0.0645650008577524,28.14643702158613,False,False
2MASS J10011629+0137555,150.31796681575,1.63212845583,2025052000113,60815.999004494544,60815.99883087713,g,1.23528827044519,35.9882539484213,330.161395194979,24.252195358276367,30.0010893344879,76.4503045505843,150.201456685004,2.02907875335626,-1,g,20250520,g_6,0.2992235304862138,150.3178999621771,1.6321778802058846,745284180890354930,0,3130.1075709253555,2464.6816383210657,0.012621753,0.014465657,150.3178999621771,1.6321778802058846,7.991011e-07,7.0796057e-07,78987.91014545318,427.7448627197743,76590.5317417201,298.2734921375757,False,78769.93810442345,359.2535367531897,False,80204.11186675476,471.2458794810052,False,79312.18743843681,656.3716298685385,False,78727.93431151824,897.5662545924387,False,-0.3827775550534874,14.116913045431644,79771.45277961576,283.1936048136544,0.0,0.0018696113884261,False,151927.5625,692.9104614257812,False,154693.72595214844,908.9157555615416,False,151846.54766076803,1731.1814192580389,False,False,-0.7382824249765426,27.228003990223268,False,False
2MASS J10011629+0137555,150.31796681575,1.63212845583,2025052000114,60815.99953748862,60815.99936387703,g,1.23957915864196,36.2609248743462,329.660400843023,24.34282875061035,30.0000829696655,75.2701647871728,150.008463516294,2.1465901813178,-1,g,20250520,g_6,0.2944468355809968,150.3179007926618,1.632176769607338,745284181026144744,0,176.0406262886281,903.6233717120176,0.012665512,0.011457731,150.3179007926618,1.632176769607338,6.416125e-07,6.9999743e-07,79309.00515461761,396.7077560693044,77100.53677980225,279.89376611977355,False,79408.23673997403,335.0032522251778,False,80699.15165612887,436.323525318817,False,81643.29887729656,605.6778002496656,False,82169.83445665058,825.8750755966772,False,0.4358596766487344,12.78135091135477,79580.7928430336,267.1539335896685,0.0,0.0008519479488634,False,163573.890625,690.0768432617188,False,166233.06030273438,898.7875759201492,False,169262.53580090404,1701.229051690547,False,False,0.8978320889991248,26.328443771642583,False,False
2MASS J10011629+0137555,150.31796681575,1.63212845583,2025052000115,60816.000302056374,60816.00012843901,g,1.23965221776113,36.2655234205114,329.61360883768,24.38421630859375,30.0010802745819,74.5861641086199,150.257543996871,2.13894048427234,-1,g,20250520,g_6,0.2955984556416628,150.31789955629796,1.632175593927355,745284181158789543,0,1454.7926063849434,743.064148126984,0.012022931,0.012699831,150.31789955629796,1.632175593927355,7.0359243e-07,6.712666e-07,79381.64147990511,375.375725731138,76544.07121266439,266.84919221844893,False,79297.31598495491,318.0472417080164,False,80777.28141290364,411.5468028611208,False,81427.4854284244,569.2923186365279,False,82166.54461697424,774.5447246201602,False,0.4751635083605776,12.02894895674261,79044.430227778,260.2858790062948,0.0,0.0011860153636793,False,173169.34375,694.551025390625,False,176401.28973388672,898.7352079784449,False,179435.16035556793,1691.449451995899,False,False,1.0376612612255447,26.26879826848845,False,False
2MASS J10011629+0137555,150.31796681575,1.63212845583,2025052000116,60816.00083512574,60816.000661508726,g,1.24395079599656,36.535263997771,329.106209810489,24.364959716796875,30.0010204315186,73.3946168270112,150.059979101522,2.24827867981132,-1,g,20250520,g_6,0.3042674012231648,150.3178987578707,1.6321786085684715,745284181292486055,745284181292484697,2795.1214735862395,3419.620537810194,0.012169301,0.011466316,150.3178987578707,1.6321786085684715,6.4084367e-07,6.7341887e-07,79349.08668410775,367.0099397565789,76801.2131748126,261.72346437194835,False,79179.9014761751,311.08789771016814,False,80437.38975292115,402.0841842865162,False,80599.3781516208,554.998810039443,False,80720.90766749933,754.7067994268016,False,0.1929431411060118,11.645164655930223,79313.64570861068,255.8757711052793,0.0,0.0009781745968877,False,175485.5,689.4605102539062,False,178272.45672607422,891.1345279059565,False,178900.8142015338,1672.6479520899966,False,False,0.4276176524259377,25.809043761479565,False,False
2MASS J10011629+0137555,150.31796681575,1.63212845583,2025052000118,60816.002071902825,60816.001898285715,g,1.24282992312169,36.4654262770589,328.480393989658,24.350366592407227,30.0010366439819,71.4497739250552,150.204988882197,2.01911359075744,-1,g,20250520,g_6,0.2995018782329134,150.31789955761866,1.6321774600748982,745284181561445036,745284181561443380,3278.681374278972,1847.683093649,0.011757181,0.014759281,150.31789955761866,1.6321774600748982,8.0531737e-07,6.7277756e-07,79890.65617592655,372.98918968798097,76716.80706171603,264.82659368640054,False,79823.94618132741,315.65670926938515,False,81563.44085831975,408.6273588049568,False,80988.9774210432,563.824506954886,False,83342.55391470273,767.9757977053263,False,0.3939478829287876,11.952359640873134,79634.00366065845,259.8909085910012,0.0,0.000438009514513,False,175498.203125,693.9920654296875,False,179322.59674072266,898.3941617604457,False,183234.09397292137,1688.4453724526702,False,False,0.8661203672122237,26.27804988884005,False,False
2MASS J10011629+0137555,150.31796681575,1.63212845583,2025052000119,60816.00260581951,60816.002432201996,g,1.24680425613528,36.7123179593482,328.11408472869,24.37043571472168,30.0011060237885,70.3714430035611,150.090219156552,2.13983450059944,-1,g,20250520,g_6,0.2963029297892381,150.31790067130785,1.632177474199407,745284181695661728,0,553.0702929890904,2903.5903278775736,0.0120998,0.012906928,150.31790067130785,1.632177474199407,7.127357e-07,6.780144e-07,79667.42590975089,371.9939333414113,75954.10855654386,263.60756513192626,False,79007.96074717831,314.1588189084799,False,80442.20722715733,406.2832022343678,False,80650.46689305759,561.0351060699661,False,80405.23189226504,762.8508236167754,False,0.0670654024139417,11.748482703230044,79110.35900796464,262.94500489865374,0.0,0.0006354467066602,False,174150.453125,692.4732666015625,False,177311.8392944336,895.5351219936163,False,177230.33774363995,1681.4864646963506,False,False,0.147826498860946,25.89617004349537,False,False
2MASS J10011629+0137555,150.31796681575,1.63212845583,2025052000120,60816.003256159864,60816.003082542986,g,1.24893497788213,36.8439656573317,327.720762970505,24.46265983581543,30.0009961128235,69.3315323137118,150.055181827754,2.14863204714044,-1,g,20250520,g_6,0.2981997274291376,150.3178997438085,1.632177101002361,745284181829879726,0,183.3819417891248,3245.260791929589,0.012257175,0.011341715,150.3178997438085,1.632177101002361,6.372251e-07,6.753458e-07,79437.17589578393,368.2466712362169,76298.36435726302,262.2241510170659,False,79037.32809965617,311.9644825859712,False,80299.77154034756,403.0229054818935,False,80685.00081794168,556.39048920142,False,80232.16609134091,756.9900597393008,False,0.090537883278113,11.764044611849211,79272.09720909766,261.5467274272782,0.0,0.0003404060182933,False,175514.734375,692.765869140625,False,178318.18725585938,894.9753224641584,False,178168.05879491568,1681.014685771453,False,False,0.2010535137827096,26.12389885727104,False,False
2MASS J10011629+0137555,150.31796681575,1.63212845583,2025052000121,60816.003791225885,60816.003617608396,g,1.24934404030577,36.8691344927938,327.259343659493,24.525100708007812,30.0011026859283,68.1883077049646,149.991406724531,2.04217924365982,-1,g,20250520,g_6,0.3052264991165055,150.31789906317678,1.632179463991794,745284181965668720,0,1514.1053489890587,582.81830832873,0.0108551225,0.010882588,150.31789906317678,1.632179463991794,6.0488816e-07,6.038167e-07,79107.17954537123,363.22178539307896,76812.96560229061,260.28559731332393,False,79266.48711112517,308.9303270433492,False,80913.73995408662,398.68013851245394,False,81717.46264414105,550.0930396022836,False,82573.8254003741,747.6231109236546,False,0.7614051038856315,11.238378457488729,80799.0290793279,261.6800904426822,0.0,0.0003067935644347,False,176834.640625,689.1889038085938,False,180509.4769287109,889.410665056206,False,184212.94133088,1667.863292059195,False,False,1.698609372292457,25.07156161659693,False,False
2MASS J10011629+0137555,150.31796681575,1.63212845583,2025052000122,60816.00427132496,60816.00409770804,g,1.24997578361046,36.9075151336064,327.027792224091,24.42446517944336,30.0010023117065,67.2117224509686,150.023737441836,2.01091630516689,-1,g,20250520,g_6,0.2985505287928505,150.31789948783933,1.6321769133507993,745284182099886143,0,2190.3508700856223,114.3224056676749,0.011839009,0.013091617,150.31789948783933,1.6321769133507993,7.179858e-07,6.692305e-07,79637.56335292164,365.649248364173,76202.55583471412,260.77158220313004,False,78932.67303241958,310.19374089218536,False,79886.68205163012,400.3839685846369,False,79736.39848894447,552.7412684998809,False,78585.85859729126,751.7465637206877,False,-0.4805145529192867,11.819948957347783,78259.16666671485,254.95662137657143,0.0,0.000557419863561,False,175731.046875,690.5970458984375,False,177854.99627685547,891.3912483674134,False,174958.91967576742,1673.644202737965,False,False,-1.0697892542989988,26.315237080982445,False,False
2MASS J10011629+0137555,150.31796681575,1.63212845583,2025052000123,60816.00474765939,60816.0045740419,g,1.25268463250317,37.0725214136673,327.284951470709,24.345022201538086,30.0011014938354,66.6352916167383,150.254901471321,2.22967036397872,-1,g,20250520,g_6,0.3080586872814479,150.3178976795643,1.6321789197607053,745284182230960947,745284182230959840,194.7773729215678,3118.3463005528665,0.013812983,0.014412108,150.3178976795643,1.6321789197607053,7.962197e-07,7.732331e-07,79294.55944288468,370.2687142802413,76074.07528884073,262.6243952252449,False,79314.85344204144,313.1500166958011,False,81106.58202316464,405.0918598775374,False,81666.69021646115,559.1049231529298,False,79966.48375757478,760.6351491984018,False,-0.5432880174237854,11.885392690888317,77741.35946742694,255.1300047591851,0.0,9.523663379307212e-05,False,175302.78125,692.1284790039062,False,179262.88443225622,895.339606851322,False,176743.0235463977,1681.166280770178,False,False,-1.2007826572330955,26.2692585882879,False,False
2MASS J10011629+0137555,150.31796681575,1.63212845583,2025052000124,60816.00522575411,60816.005052137065,g,1.25507401505236,37.2171195002021,326.98895544663,24.295167922973633,30.0010254383087,65.5911028170389,150.201276060924,2.27350103158839,-1,g,20250520,g_6,0.3079575647717367,150.31789773608543,1.63217894946833,745284182364653383,0,3352.5207076344827,3490.231809111226,0.014526633,0.014241358,150.31789773608543,1.63217894946833,7.9460796e-07,8.048136e-07,78952.87880195297,375.083119850048,75546.19634594047,264.5840715086019,False,78944.65665348973,315.9784466308585,False,80818.91464279628,409.4999704067832,False,81918.90977820505,565.7059651418635,False,82035.74062679781,769.7476052668057,False,0.2004042232837804,11.858820664715244,78784.77302251483,264.4000247404712,0.0,0.0001056794108377,False,172902.15625,692.0462646484375,False,177007.09838867188,896.8742264396708,False,179672.1531920433,1685.877504073245,False,False,0.4389191592720719,25.972823879786752,False,False
2MASS J10011629+0137555,150.31796681575,1.63212845583,2025052000125,60816.00610655401,60816.005932936525,g,1.25878815547499,37.4399257827796,326.541895850294,24.33901596069336,30.0011007785797,64.5950977310861,150.174474090863,2.34128658309795,-1,g,20250520,g_6,0.3036036681256795,150.31789837866322,1.632177775681584,745284182498871067,0,2113.436162379015,3208.3935860462025,0.014209756,0.012499107,150.31789837866322,1.632177775681584,7.1354424e-07,7.7308056e-07,79689.602028898,381.7463437537349,75945.05379928651,268.97375659602307,False,79328.30226923207,321.64914506617816,False,80454.84657304737,417.32444876324325,False,81250.32146889108,577.8951034802271,False,81708.72272732983,785.7629307822069,False,0.4187651968177181,12.123352060003237,79369.2128923189,268.763976329903,0.0,0.0001518522252813,False,170226.125,690.208740234375,False,172643.5128173828,895.5129726541624,False,175334.13486358523,1686.1243093510254,False,False,0.898604592560286,26.014816706666625,False,False
2MASS J10011629+0137555,150.31796681575,1.63212845583,2025052000126,60816.00681531953,60816.00664170252,g,1.2601446271248,37.5207569778211,326.08934646566,24.369943618774414,30.0010194778442,63.52859408189169,150.149608861123,2.28011305469184,-1,g,20250520,g_6,0.3065218839724721,150.3178987138575,1.6321795983786782,745284182633089206,0,2957.756569926812,3865.55079643864,0.011594444,0.01316476,150.3178987138575,1.6321795983786782,7.1538426e-07,6.629735e-07,79675.30674603043,387.1670729713764,76511.34141219872,273.56214055959697,False,79211.37276691147,326.8615762538653,False,80129.80521614,424.5221763341586,False,80415.11768446876,587.7057723634863,False,79629.19271972773,800.817070787108,False,-0.2294648145556666,12.671666796474224,79546.53882479473,268.31402399347223,0.0,0.0008397817831591,False,167383.421875,690.6989135742188,False,169324.1831665039,897.0678332482614,False,168266.32708150148,1692.225458567655,False,False,-0.484887517014274,26.776798269801983,False,False
2MASS J10011629+0137555,150.31796681575,1.63212845583,2025052000127,60816.0073481772,60816.00717455969,g,1.25733660892112,37.353280773044,325.689973430783,24.40275001525879,30.001106262207,62.456074397892905,150.21082127064,2.0158097021557,-1,g,20250520,g_6,0.3098896361486291,150.31789812719745,1.6321803745646792,745284182769402232,0,3498.095837897245,643.699231935242,0.011847301,0.012837488,150.31789812719745,1.6321803745646792,7.024009e-07,6.709915e-07,79442.36027450956,378.9744378944405,77112.37301155763,269.4305712667134,False,79404.40144023637,321.00604214731527,False,80609.36099078743,415.8267195895336,False,81893.97101445145,575.0820495638848,False,82293.45102824013,783.1689688165701,False,0.7049080441629616,12.015010593555443,78708.38348407339,261.3960085648902,0.0,0.0002242205773698,False,171579.0,693.6378173828125,False,174182.7064819336,898.5286889184842,False,177821.73000323772,1692.2909317780795,False,False,1.523182784778848,25.96233288381693,False,False
2MASS J10011629+0137555,150.31796681575,1.63212845583,2025052000128,60816.00799732409,60816.00782370721,g,1.26550793968524,37.8365529875,325.21671691672,24.23406410217285,30.0009977817535,61.2889111561265,149.955616547194,2.29532482763097,-1,g,20250520,g_6,0.3088974477631898,150.31789866215138,1.6321806221690074,745284182903096436,0,1152.4922096907403,2101.471835564207,0.0139851365,0.015058543,150.31789866215138,1.6321806221690074,8.237278e-07,7.915336e-07,79568.05830856494,407.2829529576103,76183.82924648149,284.8059982379113,False,79486.26125309886,342.6722288360736,False,81087.74525085931,447.6813796625788,False,82350.14590370453,624.0401077388798,False,83685.23181827953,850.3176379248997,False,0.5199957546031141,13.13946025840911,79500.56257154513,278.1846546881089,0.0,0.0003121913396783,False,158796.40625,684.585205078125,False,161995.82586669922,894.3708398750207,False,167185.04379802942,1698.7512426016715,False,False,1.0388393641173077,26.24980765488852,False,False
2MASS J10011629+0137555,150.31796681575,1.63212845583,2025052000129,60816.0084747443,60816.00830113276,g,1.26583308027642,37.8556232731705,324.830756926666,24.155559539794922,30.0000743865967,60.1765990698471,149.913021913584,2.19450148998286,-1,g,20250520,g_6,0.3072957840843577,150.3178978692532,1.632178820066847,745284183037314850,0,2338.1910202759814,3416.738059527407,0.014038846,0.015895387,150.3178978692532,1.632178820066847,8.5929855e-07,8.071814e-07,79718.08064029292,409.0815664217545,75927.78797856777,285.2065517859314,False,79469.84348373022,343.35012931815515,False,81541.48131378856,448.2685685175355,False,82162.4910720347,623.1888746395671,False,82867.18250288776,850.3940247999661,False,0.1976932076461234,13.202351948667406,79193.68021095108,280.75515704212967,0.0,4.9997525686684696e-05,False,158984.171875,686.8924560546875,False,163128.60717773438,896.7880647448692,False,165780.75164490938,1701.2640754470594,False,False,0.395497078201318,26.412094190054606,False,False
2MASS J10011629+0137555,150.31796681575,1.63212845583,2025052000131,60816.00954093928,60816.009367321865,g,1.26411111235193,37.7547870419442,324.615646319402,24.079814910888672,30.0010898113251,58.50100428029351,150.23378138624,2.04167603925008,-1,g,20250520,g_6,0.3014517203462004,150.31789944696342,1.6321782247446923,745284183304701619,0,3437.705097804139,3783.7356357772383,0.013939945,0.015595873,150.31789944696342,1.6321782247446923,8.430898e-07,8.012773e-07,80226.68048838909,468.3284263519786,76835.89182182617,321.9677470438866,False,79884.6598993814,391.3357071697976,False,81064.12479944971,516.4386381880894,False,81227.6973516656,723.8701156005532,False,81041.52517699203,991.7243252172065,False,-0.1098744777926623,15.177219221466322,80123.94820413888,303.0621581506597,0.0,0.0010885235744663,False,142054.40625,695.8903198242188,False,144151.78247070312,918.3538392073158,False,144111.59483075142,1763.527695553262,False,False,-0.1953836158847605,26.98879694483347,False,False
2MASS J10011629+0137555,150.31796681575,1.63212845583,2025052000132,60816.01013182878,60816.009958212075,g,1.26878019825419,38.0270508553592,324.318309543203,24.114707946777344,30.0009665489197,57.4775341301332,150.151607656401,2.18528060458521,-1,g,20250520,g_6,0.3019967518042562,150.31789935834877,1.6321783595868669,745284183438919236,0,524.2179174705915,3511.9027362828406,0.014002029,0.014971058,150.31789935834877,1.6321783595868669,8.1717127e-07,7.943955e-07,79826.95302799695,469.1544903387599,76638.50217843853,321.8470649596403,False,79592.45025597441,391.5663169567532,False,80819.79768038251,516.905724384574,False,81311.07752407283,724.9529097749985,False,80967.21491455329,992.8973476605992,False,-0.0119496351414525,15.797748628125484,79852.96218057019,302.5004277111956,0.0,0.0025412217674781,False,141282.703125,695.0602416992188,False,143461.33892822266,917.5473021243876,False,143723.01582425833,1762.4689370912115,False,False,-0.0212115187899393,28.042215339429045,False,False
2MASS J10011629+0137555,150.31796681575,1.63212845583,2025052000133,60816.010722717605,60816.01054910027,g,1.27101873682847,38.156097899062,324.255242121045,24.103073120117188,30.0010757446289,56.6777980679266,150.266259220291,2.27727906846041,-1,g,20250520,g_6,0.3091514627747179,150.31789736704292,1.632179006550046,745284183573135705,0,318.8556928346392,753.1128458677553,0.014986427,0.014782,150.31789736704292,1.632179006550046,8.253552e-07,8.296854e-07,79903.36642054777,459.3375873053212,76505.40168124852,316.5579488100357,False,79626.64673694225,384.5760700188532,False,80967.5463284201,506.6814760152392,False,81223.9632006541,709.9502613223359,False,81022.3096919127,971.730204874089,False,-0.0664369519279744,15.012312149903623,79441.54988247967,298.06989402950285,0.0,0.0001562850297703,False,142874.171875,690.0452270507812,False,145280.14935302734,909.1390791481658,False,145378.41131091118,1743.5764784365574,False,False,-0.1192078892882064,26.936606704441093,False,False
2MASS J10011629+0137555,150.31796681575,1.63212845583,2025052000134,60816.01125654897,60816.011082931895,g,1.27104094959653,38.1576542195264,323.65530076759,24.216814041137695,30.0010302066803,55.4065628226592,150.138828819469,2.08978338648654,-1,g,20250520,g_6,0.3053415322764279,150.31789854969503,1.6321788290923205,745284183708925991,0,1906.4164401589792,98.22292603408404,0.013343928,0.013808069,150.31789854969503,1.6321788290923205,7.596196e-07,7.5047143e-07,79943.85503712189,438.38815955529554,76524.82750682764,304.20845142346286,False,79461.97381618187,367.8945483175565,False,80621.51007938838,482.7454380185685,False,80956.24430251062,674.2893660250007,False,80136.67108738073,922.8379865600962,False,-0.2400946756610099,14.458789861484624,79484.29988333938,287.49727226963523,0.0,5.441519443860621e-05,False,149890.515625,693.9659423828125,False,152077.76922607422,910.6111910535542,False,151163.20892739296,1740.7654882046336,False,False,-0.4528947999315522,27.273869041623414,False,False
2MASS J10011629+0137555,150.31796681575,1.63212845583,2025052000135,60816.011729216334,60816.01155559889,g,1.27486981675178,38.3766520372342,323.628974660084,24.336618423461914,30.0010945796967,54.5658047143039,150.182548190405,2.26968699459556,-1,g,20250520,g_6,0.3030179154704083,150.31789839593856,1.63217752101763,745284183841047434,0,3979.059585516501,1679.2099996056768,0.01223542,0.0132405795,150.31789839593856,1.63217752101763,7.1782875e-07,6.995167e-07,79210.66517642202,401.294802180936,76390.66790551435,282.03613164800646,False,79253.34524879682,338.34642185944455,False,81086.61801031866,440.6959634020861,False,82056.77734970523,612.4882664521599,False,83272.235381711,835.0690246072887,False,0.746939227411858,13.049441981674525,79251.33681589576,273.6548541801293,0.0,1.4191368269411697e-07,False,161939.765625,691.3492431640625,False,165685.72436523438,900.4818762057347,False,170151.63509440422,1706.311344979532,False,False,1.5262341676994535,26.66415618691489,False,False
2MASS J10011629+0137555,150.31796681575,1.63212845583,2025052000136,60816.01220191838,60816.012028301484,g,1.27377776668124,38.3144550804512,323.155209953526,24.248849868774414,30.0009984970093,53.3856264106824,150.1337176162,2.06474686870617,-1,g,20250520,g_6,0.299847368647921,150.31789996466557,1.6321781744186254,745284183977361464,0,2273.198041577772,136.88258634356242,0.013383135,0.013531342,150.31789996466557,1.6321781744186254,7.4951515e-07,7.471017e-07,81167.73791463052,408.78607408187554,76933.96570519585,285.66930810544056,False,80381.81319533601,343.427472985498,False,81250.80432116972,447.4294838358612,False,81228.73549698097,621.70270316709,False,81829.31015296705,848.2742883462078,False,0.1112003148302555,12.854865004552613,80640.52389545202,279.8915501862581,0.0,0.0008523359160802,False,162511.609375,694.3231201171875,False,164268.4887084961,904.588769642364,False,165438.0805604458,1714.9951501538626,False,False,0.2248187918099868,25.9892719154216,False,False
2MASS J10011629+0137555,150.31796681575,1.63212845583,2025052000137,60816.01278751195,60816.01261390051,g,1.27947678240197,38.6371701905656,322.906254094467,24.100440979003906,30.0000574588776,52.3827803226771,150.044104890108,2.25986330756025,-1,g,20250520,g_6,0.3039902034957289,150.3178983864794,1.6321779698513732,745284184109483515,0,2761.18126084038,3350.908342882788,0.015078761,0.01478632,150.3178983864794,1.6321779698513732,8.2822254e-07,8.321199e-07,79406.64573119496,451.422681482004,75631.32161599539,310.27883368855896,False,79107.6445600101,376.9291882776748,False,80916.56410390078,496.1561401057933,False,81105.56659327648,694.9419232931159,False,82389.08435609992,951.6803162166505,False,0.6519397384999731,14.951470486374904,80042.51084040689,299.415153699491,0.0,0.0032446353963175,False,145499.828125,693.272216796875,False,148826.90838623047,912.5620350608898,False,151535.26160287857,1750.3911690156206,False,False,1.1990891705497069,27.49969864585336,False,False
2MASS J10011629+0137555,150.31796681575,1.63212845583,2025052000138,60816.013378554475,60816.013204937655,g,1.27757661432784,38.530152208146,322.546523030302,24.20065689086914,30.0009858608246,51.3639853559108,150.122674443156,2.05135508078654,-1,g,20250520,g_6,0.3081991812718427,150.31789682459944,1.6321777958382044,745284184245796917,0,2387.301411411234,145.51391604210662,0.01505101,0.013585306,150.31789682459944,1.6321777958382044,7.883405e-07,8.059847e-07,79608.57146416183,420.2470052314012,76102.18017986303,292.0432899619084,False,79187.9124754276,352.1905153288095,False,80556.64940980586,461.84423744716304,False,80654.47230874063,642.9218685762884,False,80643.16892738889,878.1939121191851,False,0.1132421605859491,13.738940670107764,79392.6278170925,284.5497205938211,0.0,0.0006350711415595,False,156203.03125,694.7174682617188,False,158902.9490966797,911.0161841553468,False,159073.61417025328,1732.2915431175104,False,False,0.2233771316337383,27.10090608210784,False,False
2MASS J10011629+0137555,150.31796681575,1.63212845583,2025052000139,60816.013851595686,60816.01367797841,g,1.28075472626558,38.7086528592649,322.616368882084,24.186647415161133,30.0010659694672,50.6104948961818,150.236107004188,2.2262441088959,-1,g,20250520,g_6,0.3066645368666645,150.31789848601088,1.6321793601467502,745284184378442082,0,1286.4098057606566,694.5004824936341,0.014289965,0.015792258,150.31789848601088,1.6321793601467502,8.453849e-07,8.2914346e-07,78498.96410175147,405.3444743344735,75171.6798250282,282.3954706254016,False,78653.26417351079,340.1229729374393,False,80726.34212989586,444.41570060396106,False,82377.87067583791,619.6799790895219,False,81438.52087877528,843.6199058683115,False,-0.1041552830726815,12.867765928380924,78514.09490161612,277.3872245771868,0.0,0.0003534733735518,False,159825.875,691.1404418945312,False,164038.43377685547,903.0665028227476,False,165485.60310786965,1714.2618432895244,False,False,-0.2116467692458512,26.14769991314996,False,False
2MASS J10011629+0137555,150.31796681575,1.63212845583,2025052000140,60816.014480708174,60816.01430709111,g,1.28361329587303,38.8684178028712,322.274179800705,24.096925735473633,30.0010297298431,73.0293460059951,150.196728222767,2.24906063992693,-1,g,20250520,g_6,0.3092704409265093,150.3178981214424,1.6321800812417775,745284184513708456,0,3517.14042825073,991.9932038775488,0.017824864,0.014019083,150.3178981214424,1.6321800812417775,7.9981135e-07,9.74621e-07,79741.87803943706,439.9760605122465,75021.95528620612,302.77618998961134,False,79057.86881252564,367.82362232190366,False,80217.0683593214,482.1445079885264,False,80547.9416100301,675.3188999176347,False,80431.19113992606,924.2801085526338,False,-0.3481944797603493,14.368319316798976,79258.71841190645,297.5730931167052,0.0,0.0002710550477146,False,148642.53125,691.5723266601562,False,150822.02783203125,906.5154572487758,False,151224.61586767435,1737.8072161935272,False,False,-0.6546661276891782,27.01493709780969,False,False
2MASS J10011629+0137555,150.31796681575,1.63212845583,2025052000141,60816.01495770269,60816.01478408518,g,1.2837874022534,38.8781645921993,322.041404907739,24.317584991455078,30.0011055469513,72.0309069074515,150.239772061023,2.17966432509732,-1,g,20250520,g_6,0.3080456724322313,150.3178977855477,1.6321790584095115,745284184648450292,0,751.5611763046622,458.26350460761057,0.014900343,0.01234349,150.3178977855477,1.6321790584095115,7.0124497e-07,8.1586546e-07,80030.41552300811,388.42335989322254,76855.94051284408,273.9310010426629,False,80168.25380641448,327.90521430015764,False,81694.67344876814,426.11262783872985,False,82855.17352448715,590.1435077797437,False,82216.85825549524,803.6131986995381,False,0.0018022875591773,12.495772561368142,80145.84943578072,271.3400190579988,0.0,8.583954590468679e-07,False,170966.546875,699.28955078125,False,174221.78424072266,908.7263486783172,False,175335.39379310608,1713.7827890900155,False,False,0.003843552351937,26.648442293769275,False,False
2MASS J10011629+0137555,150.31796681575,1.63212845583,2025052000142,60816.018335805216,60816.0181158921,u,1.29720532860564,39.6094705008733,320.447108284495,23.440841674804688,38.0009865760803,71.4041142343229,150.196641268115,2.24905517408994,-1,u,20250520,u_24,0.3456379715342695,150.31788718453794,1.6321821404612509,745284184782143604,0,3588.045262259594,680.7067391364037,0.21926074,0.2098082,150.31788718453794,1.6321821404612509,1.1725726e-05,1.2141498e-05,7543.327150765627,649.9098423564344,7661.683823769738,397.5553554816316,False,7836.360310774597,518.0920383878235,False,8527.091445378577,727.4475824294518,False,8324.401161706604,1057.658451823729,False,9384.85132927124,1476.0680860428786,False,-0.0981785724106608,23.33258546824869,7202.59882140681,300.33357528398466,1.0,0.6532648581712763,False,3122.682861328125,206.4526214599609,False,3397.929811477661,289.87795457078585,False,3739.7354434728622,588.1930298817376,False,False,-0.0391228240226397,9.297717545222454,False,False
2MASS J10011629+0137555,150.31796681575,1.63212845583,2025052000143,60816.0189032681,60816.01868335414,u,1.29779452602257,39.6409557352233,320.175686908195,23.27269172668457,38.0011324882507,70.4038088664397,150.239794787495,2.17975253856103,-1,u,20250520,u_24,0.2771307197609229,150.31789867840743,1.6321643320848025,745284184916886081,745284184916885534,819.0773423232903,172.69599918572968,0.23829293,0.26848185,150.31789867840743,1.6321643320848025,1.4755467e-05,1.345303e-05,6865.182893901058,703.267831578933,6698.302636258868,421.336592627622,False,8027.337847665097,555.1074560246848,False,10275.22082620878,784.1247266801172,False,11535.63188921901,1141.0990578570272,False,13474.911010571195,1592.509833786576,False,0.4491619786417486,26.1174069545359,7382.6397459349455,353.9292322439257,0.0,0.0592768493395324,False,3101.536865234375,214.4778594970703,False,3970.0554275512695,302.9636715050685,False,5206.325440406799,615.3008695372152,False,False,0.1735435161264834,10.091029184399323,False,False
2MASS J10011629+0137555,150.31796681575,1.63212845583,2025052000144,60816.01946972869,60816.0192498155,u,1.29982456288746,39.7491276559261,319.940802894995,23.326391220092773,38.0009999275208,69.4286656123854,150.259160231752,2.18651619036163,-1,u,20250520,u_24,0.3023122289880485,150.31789131893487,1.6321652900459942,745284185049530923,0,863.4843502933693,3863.917468744039,0.2694318,0.21234177,150.31789131893487,1.6321652900459942,1.22497095e-05,1.462919e-05,6458.96304233469,728.445442307869,6784.930016302411,439.195250012264,False,7235.4299710938685,576.8688932564686,False,8681.223447662047,816.4073120465447,False,9362.821784779684,1188.1299137380029,False,9944.631350007736,1658.3643390447169,False,-0.028999196813079,26.02370586064356,7274.1012516883,354.3751940027245,0.0,0.0184449536452903,False,2736.691650390625,218.19190979003903,False,3283.5411052703857,308.79368373706376,False,3761.405982851982,627.2511596547336,False,False,-0.0109685063781205,9.84307205315647,False,False
2MASS J10011629+0137555,150.31796681575,1.63212845583,2025052000145,60816.02003969657,60816.01981978278,u,1.30014237673092,39.7660607060817,319.461737541549,23.38631248474121,38.0011031627655,68.2634189588325,150.201250048203,2.02908046784298,-1,u,20250520,u_24,0.3037214645328747,150.3179004324345,1.6321805579751054,745284185185321172,0,3157.5656656293945,1447.4438732568526,0.19761954,0.2110576,150.3179004324345,1.6321805579751054,1.1641153e-05,1.1098382e-05,9005.269776890313,675.8783000310559,8268.180899440838,413.160548145551,False,8715.693703126397,539.2203762992366,False,9121.339009397438,757.9874256404264,False,8930.784958070422,1104.9797900982826,False,7820.112755955348,1538.569538961106,False,-0.8218281576231058,24.803105404520736,8525.997173553294,338.69959169920213,0.0,0.0621717206816646,False,3471.509033203125,214.7744598388672,False,3633.079803466797,301.9105862131468,False,3114.794185943901,612.8207615647078,False,False,-0.3273387030461961,9.87921413901875,False,False
2MASS J10011629+0137555,150.31796681575,1.63212845583,2025052000147,60816.02509965065,60816.024879736746,u,1.32151889393403,40.8705314905092,317.3217235745,23.35629653930664,38.0011234283447,66.3954099379457,150.257537861733,2.13893819847582,-1,u,20250520,u_24,0.2973835590479562,150.3178943162127,1.632168103305669,745284185452184071,0,1786.9957436115096,3698.937626247433,0.18358369,0.23936802,150.3178943162127,1.632168103305669,1.2867134e-05,1.0769976e-05,7392.1225292830595,762.4319504284325,7689.112560581473,465.1749012574762,False,7818.660557970296,609.1796072172692,False,7970.528161644324,853.832153332117,False,10308.94158967975,1251.8252564467775,False,12182.519713554031,1750.5765971767232,False,0.8475809430621346,27.15329464758908,7541.707623375502,344.7888471348884,0.0,0.0727548701280371,False,2796.85498046875,217.91290283203125,False,2851.180355072021,305.42887657361337,False,4357.874431673437,626.2081386196886,False,False,0.3031927226380477,9.71315058483109,False,False
2MASS J10011629+0137555,150.31796681575,1.63212845583,2025052000148,60816.02573518561,60816.02551527231,u,1.33036738730417,41.3100972908019,316.868394010443,23.437454223632812,38.0010185241699,64.2297383681042,149.986253414528,2.3188022920432,-1,u,20250520,u_24,0.3195471944093424,150.31789438059155,1.63217980068365,745284185587450217,0,1083.8473274232251,2122.6783269521734,0.18183863,0.19621338,150.31789438059155,1.63217980068365,1.0765768e-05,1.0267388e-05,6136.528932708197,655.9418629481505,7477.46576661211,399.4062513863451,False,7465.446366921205,521.2791151728948,False,9503.126392356344,735.1349598344926,False,10159.57535048814,1070.4786577317766,False,13312.175723104148,1493.7752526449838,False,1.0516897619766727,23.91015116179962,7454.221526358578,306.09020284683834,0.0,0.071945902719351,False,2945.298828125,205.65719604492188,False,3749.21279335022,290.0284898312368,False,5251.9747152403,589.330401004786,False,False,0.4149170017784749,9.43313189003362,False,False
2MASS J10011629+0137555,150.31796681575,1.63212845583,2025052000149,60816.02630374748,60816.02608383367,u,1.32532782758634,41.0610866646601,316.614312367956,23.05290985107422,38.0011060237885,63.2605877451716,150.204826791511,2.0191098913313,-1,u,20250520,u_24,0.2877409969577369,150.31790205420046,1.6321753369358951,745284185722191971,0,3403.764270851652,797.3466601241696,0.25540835,0.37112343,150.31790205420046,1.6321753369358951,1.9510513e-05,1.5731088e-05,5667.357872428301,943.782077472352,6242.133113746191,565.6289988877054,False,6714.052122200537,746.4040344702968,False,7002.022941541582,1054.799637059935,False,9055.206518899691,1542.3074408200066,False,11232.981471295332,2154.608166903811,False,0.8999167655067325,34.047597407784174,7253.721838954556,446.8123936543755,0.0,0.0503695136710266,False,1935.3253173828125,215.15093994140625,False,2018.3328971862795,304.0459628870487,False,3237.9065630435944,621.0657377324678,False,False,0.2594009799333535,9.814218903880892,False,False
2MASS J10011629+0137555,150.31796681575,1.63212845583,2025052000150,60816.02687330909,60816.02665339597,u,1.33114108783401,41.348118341976,316.334107576527,23.315046310424805,38.0009870529175,62.22066390799089,150.09036406136,2.13983309388165,-1,u,20250520,u_24,0.3337488079967313,150.31788913179415,1.632179100399952,745284185856409815,0,541.3007120464439,1474.982951824657,0.18948798,0.21266732,150.31788913179415,1.632179100399952,1.1560932e-05,1.0833598e-05,8492.113962886075,739.8611481305029,7312.880011254542,447.5776871777798,False,8211.898942371987,588.0043944044935,False,7934.501937658007,826.570225854255,False,7329.692018614647,1206.147209753574,False,10704.9940247105,1683.303194444191,False,-0.3023429057575877,26.9081007378602,8166.304325646528,354.4508600565284,0.0,0.0594324491593268,False,3022.551025390625,216.4265899658203,False,2920.449598312378,304.2354394818571,False,3940.183737434447,619.5728700651771,False,False,-0.1112832569214758,9.904056059053412,False,False
2MASS J10011629+0137555,150.31796681575,1.63212845583,2025052000151,60816.02744184488,60816.02722193101,u,1.33421736412808,41.4990558440987,316.0509173741,23.35946273803711,38.0011160373688,61.19004639033411,150.055348081593,2.14862858955965,-1,u,20250520,u_24,0.294723578245348,150.31789789834508,1.632172688830148,745284185990627564,0,110.14042437847398,1769.9645723394276,0.22755034,0.21600892,150.31789789834508,1.632172688830148,1.2168115e-05,1.2510615e-05,6614.652081903032,689.3572638315223,6445.432676326373,418.9977201602808,False,6672.504677357931,549.4520378680916,False,6732.383879996196,771.2768917704549,False,7884.379881564093,1128.7326085498928,False,9235.301634525222,1579.2377626705045,False,0.7326959884207417,25.27524868699881,7220.393552570963,328.69019914198344,0.0,0.0186390977885572,False,2595.254150390625,213.7080078125,False,2618.544017791748,299.9862347432985,False,3592.0476726591587,614.2406122144672,False,False,0.2849802880432642,9.83074530913066,False,False
2MASS J10011629+0137555,150.31796681575,1.63212845583,2025052000153,60816.045988970014,60816.04576905629,u,1.43221412287378,45.7692127141043,308.860909774822,23.20631217956543,38.001091003418,57.4246957934535,150.201149242879,2.27355361108335,-1,u,20250520,u_24,0.3442028052923017,150.3178962625722,1.632193015267404,745284186256965875,0,3973.450588864524,1895.4254144711133,0.31682792,0.33312875,150.3178962625722,1.632193015267404,1.8270777e-05,1.7889488e-05,7061.151293770092,714.5347285074594,7178.948402933076,430.6521780022106,False,6916.3002148802525,562.941707156978,False,6713.43483905732,793.3105572482185,False,5230.725356747379,1158.4777441447693,False,3094.7023305768626,1611.762806774144,False,-1.337041151439423,25.25188418231208,7730.149234109745,386.6170758002183,0.0,0.0016938615316418,False,2575.189697265625,209.6036376953125,False,2499.6555519104004,295.3783251574823,False,1152.2700447067618,600.117815231733,False,False,-0.4978289679501115,9.40219336386351,False,False
2MASS J10011629+0137555,150.31796681575,1.63212845583,2025052000154,60816.046570195766,60816.04635028269,u,1.43686502342522,45.9501171314779,308.598448138988,23.245710372924805,38.0009791851044,55.3749544136744,150.149459672056,2.28007234495466,-1,u,20250520,u_24,0.3276257292495221,150.3179095449037,1.6321992019386755,745284186391183628,0,3512.594353569058,2212.110152436611,0.20065182,0.25390545,150.3179095449037,1.6321992019386755,1.3235591e-05,1.2198625e-05,8374.964866833565,722.5265269761233,6968.8823395741165,435.10721416317375,False,7535.58914247491,569.9938761588824,False,6173.779849208664,798.4726397094051,False,5869.859496080748,1162.6510446092511,False,4712.241339427348,1623.4746560832575,False,-0.3135061111074634,25.911641565964704,7810.194706384254,372.75510738688746,0.0,0.2336425446313526,False,2791.35107421875,211.1385040283203,False,2286.9063968658447,295.77215774998047,False,1745.5197830051184,601.3713910809868,False,False,-0.1161296885311014,9.598252658473893,False,False
2MASS J10011629+0137555,150.31796681575,1.63212845583,2025052000155,60816.047160759714,60816.046940845925,u,1.43451432104705,45.8589350539764,308.193510986125,23.354515075683594,38.0011024475098,54.2642887716125,150.210652867769,2.01577023270422,-1,u,20250520,u_24,0.26337413015938,150.31790414255514,1.6321662389848388,745284186525925915,0,3852.386723678116,3893.097440891099,0.2373333,0.20094556,150.31790414255514,1.6321662389848388,1.1909042e-05,1.2548561e-05,7669.797536060779,782.2317405376259,6986.220534285077,471.0780104629119,False,6914.467465528973,619.0755243363491,False,6428.507958329185,873.9051290773575,False,6187.406314073883,1276.2801548710056,False,6211.619387477449,1779.922002568459,False,-0.2137945098362954,27.77788797065918,7964.754060716968,369.2155445824837,0.0,0.129119377115487,False,2587.473876953125,231.6652374267578,False,2405.6221961975098,327.02542946306625,False,2324.459978848696,666.0674459197343,False,False,-0.0800043838509972,10.39480767525927,False,False
2MASS J10011629+0137555,150.31796681575,1.63212845583,2025052000156,60816.04776117539,60816.04754126779,u,1.44819915180373,46.3839593637052,307.978792116679,23.320707321166992,38.0000329017639,53.1823494522921,149.955656001651,2.29528479276498,-1,u,20250520,u_24,0.2846731290784199,150.3178996566943,1.632170244744238,745284186661191706,0,1364.510081077712,193.56340196148707,0.26218677,0.22080785,150.3178996566943,1.632170244744238,1.3155718e-05,1.379649e-05,6595.535394320988,688.3348397497057,6901.230638849245,416.7594296641322,False,7418.369074043981,546.2599441681641,False,8974.288982338223,771.2477323721179,False,10645.491219165942,1127.6152989205643,False,12825.39124668739,1571.7746430429104,False,0.5232132906734052,25.03790237479732,7467.5606966990845,336.4238272517806,0.0,0.0010495671532185,False,2825.35205078125,208.0479736328125,False,3417.93803024292,293.7365801793529,False,4884.664688318968,598.6243966514365,False,False,0.1992704500201235,9.535908515176006,False,False
2MASS J10011629+0137555,150.31796681575,1.63212845583,2025052000157,60816.0483507521,60816.04813083838,u,1.45087932942665,46.4851620260857,307.626143201193,23.326526641845703,38.0010895729065,52.0711583885507,149.912755173125,2.19446063574619,-1,u,20250520,u_24,0.2299319900727583,150.31790825555703,1.632154007001228,745284186795409670,0,2345.4105742798147,1656.6375213433043,0.2053431,0.21615875,150.31790825555703,1.632154007001228,1.1799199e-05,1.165121e-05,7995.665086504062,682.5034647227621,7758.55669438474,414.3748803776079,False,8498.78675398587,543.2340738679779,False,9181.493641693683,764.8595266523755,False,9272.223154666775,1112.7582122454771,False,8817.501389655632,1550.9558122362537,False,-0.6611684812207786,25.073199211887484,7987.664671721541,334.3471743966115,0.0,0.0630712879305958,False,3248.68017578125,207.6524353027344,False,3509.646404981613,292.3692585094757,False,3370.509555503726,592.8563154454457,False,False,-0.2527331253235622,9.58428627296375,False,False
2MASS J10011629+0137555,150.31796681575,1.63212845583,2025052000159,60816.04948290947,60816.049262995904,u,1.44951836261611,46.4337384299041,307.393177224275,23.521930694580078,38.0010633468628,50.3067857961058,150.233864787398,2.04163579912599,-1,u,20250520,u_24,0.3029867128708574,150.31789940017208,1.632178876395313,745284187062796714,0,3922.387120490594,2803.724545774532,0.16010715,0.15740348,150.31789940017208,1.632178876395313,8.819239e-06,8.845576e-06,8166.524977808136,756.9802109360253,7627.7466370855345,461.2903281232633,False,7839.568817616183,604.9711880430266,False,8014.047818671338,852.570345873947,False,7360.843400013724,1243.439448142496,False,5846.546521603292,1733.5768282722993,False,-0.354835553240254,27.29960160769368,8049.1565880101425,327.0307592855793,0.0,0.0096942377977323,False,3008.85400390625,232.1900634765625,False,3075.8196563720703,327.21948852980324,False,2243.925057590008,665.3528659771731,False,False,-0.1361871296666381,10.477682830945731,False,False
2MASS J10011629+0137555,150.31796681575,1.63212845583,2025052000160,60816.050108495045,60816.049888581896,u,1.45794818237637,46.7492876132548,307.222057231046,23.47153091430664,38.0009922981262,49.3157076439799,150.151551909326,2.18534209281071,-1,u,20250520,u_24,0.2818475943449097,150.31791133165856,1.632183714254583,745284187197014392,0,1061.824938751496,2109.899227970031,0.17362446,0.19651818,150.31791133165856,1.632183714254583,1.0409168e-05,1.0218781e-05,7221.317838538997,733.7920444631264,7311.192166104959,448.6795280604301,False,7121.127064831165,586.6938586485185,False,7537.322180972642,825.7028554168995,False,6504.848034123346,1204.6480489410992,False,7663.28899031066,1682.98390686011,False,-0.2125842726985181,26.8851802065182,7526.878040141889,322.9008634034472,1.0,0.0794584146060894,False,2702.73046875,222.6719665527344,False,2860.6918716430664,313.3846995218643,False,2908.500923573971,638.7544895738461,False,False,-0.0806835751937205,10.203917868682762,False,False
2MASS J10011629+0137555,150.31796681575,1.63212845583,2025052000161,60816.05069686947,60816.05047695573,u,1.46156407527682,46.8830813460112,307.21156690623,23.42276954650879,38.0010938644409,48.4970335667892,150.26621220307,2.27724001578026,-1,u,20250520,u_24,0.2894703650618297,150.31789892933634,1.6321715915453567,745284187310785087,0,1231.312845620679,3599.7941247145905,0.16285862,0.18498446,150.31789892933634,1.6321715915453567,9.769165e-06,9.616325e-06,6824.577079032413,694.8580838791811,6864.397300298707,423.9357457569245,False,6935.555768320147,554.9095498066973,False,6567.083345370966,780.2483198498503,False,7279.258114511874,1139.5970532859487,False,5197.099403836628,1591.658211568079,False,-0.378452563076472,25.12165840920289,7707.149976980472,318.16206981501983,0.0,0.0055944562861866,False,2571.48388671875,205.7428436279297,False,2434.8660106658936,289.2913054348108,False,1926.9194598197937,590.1363323911734,False,False,-0.1403181951594736,9.314313367934249,False,False
2MASS J10011629+0137555,150.31796681575,1.63212845583,2025052000162,60816.051323338674,60816.05110342554,u,1.46451302405578,46.9917814206097,306.684683615725,23.446870803833008,38.0009891986847,47.2394107617119,150.138866659301,2.08984271776363,-1,u,20250520,u_24,0.2721198396406532,150.3179049702512,1.6321719519287805,745284187465449974,0,2315.955013822331,3113.0100805239003,0.17752577,0.19313903,150.3179049702512,1.6321719519287805,1.035298e-05,1.0285362e-05,8594.982162853681,705.2256895832933,8613.153374413698,434.0953932167831,False,9531.595443744369,567.7621672766331,False,11040.854146741169,793.2576273884295,False,12836.94275526464,1158.470358278661,False,17708.138067090986,1621.7700896114382,False,2.080967662924272,25.710497253844206,8078.544679457657,313.39687887544875,1.0,0.193230022629645,False,3571.99951171875,212.7709045410156,False,4137.599613189697,297.27613539853854,False,6636.188128463924,607.7641463490856,False,False,0.7798500806857537,9.63510087884095,False,False
2MASS J10011629+0137555,150.31796681575,1.63212845583,2025052000163,60816.051948159235,60816.05172824545,u,1.47152808555853,47.2465287660832,306.677004403027,23.373197555541992,38.0011019706726,46.4046780384258,150.182747384979,2.26974724636898,-1,u,20250520,u_24,0.2645407606137675,150.31790516530103,1.6321684825319038,745284187599667237,0,569.1596592918628,194.4833624578783,0.2305866,0.20281535,150.31790516530103,1.6321684825319038,1.20419145e-05,1.2114008e-05,6151.752298097257,692.6917903151591,6187.227908063542,420.8844130766064,False,6411.747927687458,552.0417700804436,False,6294.932061837121,777.0655606898179,False,6866.094901365729,1133.166086915237,False,6639.019289976964,1580.702737960538,False,0.4324870550958614,25.48420799681824,6915.560425438631,322.5300865881952,0.0,0.0012710975784603,False,2422.576416015625,208.5801544189453,False,2378.439409255981,293.60179505747936,False,2508.4472656697035,597.2432504993495,False,False,0.1634083173143665,9.628800441036,False,False
2MASS J10011629+0137555,150.31796681575,1.63212845583,2025052000164,60816.0525374446,60816.052317531336,u,1.47249988309032,47.2816871482721,306.226589819353,23.422626495361328,38.001012802124,45.2175919538731,150.133630684453,2.06480725955975,-1,u,20250520,u_24,0.3331683558990339,150.31788704006803,1.6321754229178884,745284187733885434,0,2700.502172101045,3219.870169802241,0.17970715,0.20928816,150.31788704006803,1.6321754229178884,1.085713e-05,1.0844382e-05,8003.476501519247,700.5742204581582,7026.9971635105085,426.76948771592527,False,7814.698457788728,559.7940671821034,False,8080.357888922176,787.6876018381445,False,7569.327805606863,1148.0147554686537,False,7055.557184588232,1604.0637011968793,False,-0.3757664958689901,26.71182015312024,7317.39393120611,315.1962736132585,0.0,0.0260297474000096,False,2978.028076171875,213.32652282714844,False,3079.26566696167,300.1722723144265,False,2688.734248958528,611.2771674985627,False,False,-0.1431972302996862,10.179349953338454,False,False
2MASS J10011629+0137555,150.31796681575,1.63212845583,2025052000165,60816.05310390027,60816.052883989534,u,1.48212985740542,47.6262313680415,306.126115521621,23.43026351928711,38.0005741119385,44.253234190944,150.04400674729,2.25992709372538,-1,u,20250520,u_24,0.2642364445741482,150.31790336001194,1.6321653888902332,745284187867578627,0,3380.0011340014275,1701.0286049704623,0.16391093,0.1780723,150.31790336001194,1.6321653888902332,9.507984e-06,9.5293e-06,7294.885490027476,686.6658169783121,7489.638283851746,423.7823365365896,False,7363.027925571119,552.553649114675,False,6877.586680948137,770.8725975677457,False,7404.411611685162,1130.7690471060791,False,9051.29530035102,1583.0615553397174,False,0.369042740941103,25.07899427712541,7758.492279824039,311.5206588760827,0.0,0.0107032661130118,False,2760.375732421875,207.15060424804688,False,2578.3853549957275,288.9976831033093,False,3393.301797389984,593.484738135206,False,False,0.1383529488978894,9.402035126840074,False,False
2MASS J10011629+0137555,150.31796681575,1.63212845583,2025052000166,60816.053672519745,60816.05345260643,u,1.48043965910825,47.5659217277416,305.805994485887,23.495569229125977,38.0010216236115,43.1976214254487,150.122732988633,2.05131090005924,-1,u,20250520,u_24,0.3359103297517176,150.3178885133599,1.6321792512225952,745284188002320874,0,2831.065567624129,3264.601699439801,0.1955975,0.1952832,150.3178885133599,1.6321792512225952,1.0873756e-05,1.0871566e-05,7257.906824811048,706.6818797997212,7128.845074505352,432.60952830528174,False,6792.155892581986,564.7212266493519,False,6353.609550768238,794.6084401088151,False,7369.375367653801,1160.7560771482172,False,8155.366659479713,1619.674077359368,False,0.3093950811667643,25.81007809917719,7042.345516924915,303.142556489987,1.0,0.0653524003091376,False,2579.73388671875,214.48719787597656,False,2413.169267654419,301.8008349690854,False,3097.496003154665,615.1696411101555,False,False,0.1175115806958586,9.802945359959017,False,False
2MASS J10011629+0137555,150.31796681575,1.63212845583,2025052000167,60816.05427404967,60816.054054135966,u,1.48601495798285,47.762846564599,305.871657677978,23.482267379760742,38.0010876655579,42.4330823048222,150.236100701932,2.22630571402623,-1,u,20250520,u_24,0.2929073929336184,150.31790725537607,1.6321839121581068,745284188116091461,0,2264.7001446427703,3728.1872028062553,0.19395404,0.17877264,150.31790725537607,1.6321839121581068,1.0413922e-05,1.0336687e-05,7423.163881142472,713.7531697343962,7546.303928839761,436.74555426260025,False,7338.422030204879,570.7470830276333,False,7416.254083674912,803.6870255622642,False,8763.296325233843,1173.276842011447,False,12657.14832277927,1639.1913620826235,False,1.8574231210661187,26.4685600140288,7199.807367406333,305.5776190816133,1.0,0.1158362509459954,False,2721.997314453125,211.70382690429688,False,2750.8670959472656,298.1068567925123,False,4694.840880155563,608.0155198350035,False,False,0.6889629305230845,9.81782581855902,False,False
2MASS J10011629+0137555,150.31796681575,1.63212845583,2025052000169,60816.055508450416,60816.0552885364,u,1.49393550316315,48.0397324065042,305.404435166036,23.315717697143555,38.0011422634125,58.86941147610731,150.239810408224,2.17981870537582,-1,u,20250520,u_24,0.2960341085157548,150.31789628330836,1.632170779139023,745284188404973915,0,1423.4238148159393,2485.064908392247,0.2439859,0.17923664,150.31789628330836,1.632170779139023,1.1052039e-05,1.2708095e-05,8850.828764102967,886.4784866926925,7988.619646923456,540.2375368094864,False,7972.046608276203,708.5074119034796,False,7532.440157989847,998.026172716386,False,5752.57923455319,1454.4181450266603,False,3328.310203943115,2030.593209366747,False,-1.2635734219059656,32.006686597499176,7929.069685284838,363.8540948862555,1.0,0.1324714072350643,False,2527.730224609375,224.6494140625,False,2388.3423652648926,316.4483407695377,False,1055.3212635070086,643.8486980086465,False,False,-0.4006465198345643,10.148494242131934,False,False
2MASS J10011629+0137555,150.31796681575,1.63212845583,2025052000170,60816.05607819252,60816.05585827947,u,1.49789256385397,48.175732467205,305.23359790224,23.188051223754883,38.0009756088257,57.88691440221951,150.259083761471,2.1864751419888,-1,u,20250520,u_24,0.3374077784179748,150.31788256327485,1.6321695841541892,745284188539191567,0,1591.63705457367,1979.461726521533,0.41360217,0.28448495,150.31788256327485,1.6321695841541892,1.8151637e-05,2.1221173e-05,7164.312778380893,1001.68743984801,7784.699620430565,609.601135821892,False,7575.736283458713,800.9300435890843,False,7935.899763204302,1132.5610431567825,False,7632.275067570698,1658.562269472569,False,3024.8217910246453,2319.615335591057,False,-1.542679780266329,38.26025932543639,6867.030703136089,381.9810764529181,1.0,0.3469416091876989,False,1976.70947265625,208.98377990722656,False,2070.6856269836426,295.51505736249754,False,789.2558114081621,605.2488411975405,False,False,-0.4025258563429684,9.983111106970322,False,False
2MASS J10011629+0137555,150.31796681575,1.63212845583,2025052000172,60816.057214772794,60816.05699485973,u,1.51083395529021,48.6157014936247,304.573597091808,23.031139373779297,38.0009768009186,55.6927783030522,150.008515940756,2.14654424309668,-1,u,20250520,u_24,0.2695433024988264,150.31789985730876,1.6321620146047722,745284188808675507,0,4066.6072085084265,1539.0793950213242,0.26133788,0.21212153,150.31789985730876,1.6321620146047722,1.273601e-05,1.3724883e-05,6586.904590738333,1042.3699170068633,6270.264064899825,625.9115571458069,False,7747.403181849061,829.0054171121061,False,8293.163770557121,1174.1868147413527,False,11244.035786149563,1715.006911603704,False,,,True,2.555192055552964,38.1976352258273,6507.206612067597,414.90598487321074,0.0,0.2417434353604222,False,1939.6192626953125,207.547592163086,False,2076.2544326782227,293.96628914459285,True,,,False,False,0.6397110895748805,9.563058399619903,False,False
2MASS J10011629+0137555,150.31796681575,1.63212845583,2025052000173,60816.057779285635,60816.057559371795,u,1.50971449071665,48.5780417252718,304.608280494205,22.82480239868164,38.0011119842529,54.8565121027686,150.257783901357,2.13890135150184,-1,u,20250520,u_24,0.2884011648056652,150.31790213063138,1.6321757535236805,745284188941844676,0,2555.685021000525,2012.764548494276,0.2506998,0.26332507,150.31790213063138,1.6321757535236805,1.4420849e-05,1.4183006e-05,7550.306668707552,1407.963645570304,8340.199712808162,847.9578710638136,False,8457.134574834194,1122.4436587869543,False,8753.353688465173,1591.0839180746154,False,13825.972352354249,2330.06661267186,False,17986.913336757912,3251.98900623678,False,3.483049522673676,52.65208142914268,8436.412023926088,535.5141163210313,0.0,0.0008658008357693,False,1580.460205078125,209.7610626220703,False,1635.8173141479492,297.3400497775589,False,3361.375001117587,607.7282046572558,False,False,0.6509085452279241,9.839564296506945,False,False
2MASS J10011629+0137555,150.31796681575,1.63212845583,2025052000174,60816.05843995678,60816.05822004333,u,1.52134463764256,48.9650233982704,304.30592578546,22.965246200561523,38.0010452270508,53.7917551192222,150.059827989386,2.24823998607329,-1,u,20250520,u_24,0.3277373420339104,150.31788354137157,1.632165319748425,745284189075538220,0,3171.690523135259,3554.4593565462083,0.26237944,0.2480887,150.31788354137157,1.632165319748425,1.4084546e-05,1.4318201e-05,7104.279199753516,1195.8330759514977,7305.024618851612,723.0086601576651,False,7059.737066303326,953.1378270413844,False,8209.351463492056,1352.1896169623476,False,8223.023812741303,1976.2637727057056,False,10431.569857360362,2761.628272467566,False,0.6018655115890875,45.21385941437276,7570.689682950282,460.4108196418774,1.0,0.1524687653912245,False,1544.611572265625,208.53860473632807,False,1796.1376113891602,295.8478071692715,False,2282.3404564857483,604.2212263555217,False,False,0.1316831527034284,9.892415230529297,False,False
2MASS J10011629+0137555,150.31796681575,1.63212845583,2025052000175,60816.05900968805,60816.05878977405,u,1.52894598704622,49.2133363935282,304.11510711384,22.819108963012695,38.0011391639709,52.7867120351784,149.98657707118,2.3187655361244,-1,u,20250520,u_24,0.3217296117085674,150.31792202525816,1.6322058012741238,745284189209755944,0,1401.4127823119325,3631.000308856515,0.3044336,0.32613885,150.31792202525816,1.6322058012741238,1.7707518e-05,1.7382854e-05,6831.639221074625,1590.1188547219183,7162.059467037841,956.3792035787096,False,7619.017014092125,1265.553597852413,False,9415.511202767597,1796.734326211144,False,11567.397426669017,2627.051176161935,False,19516.81465948912,3678.229236980691,False,3.537918250413563,60.21481368148039,7352.786273247573,600.4336614148667,0.0,0.0045511818822067,False,1380.3289794921875,229.27896118164065,False,1705.797866821289,325.5123927838001,False,3535.839966237545,666.3807679690391,False,False,0.6409607799913873,10.909051937479378,False,False
2MASS J10011629+0137555,150.31796681575,1.63212845583,2025052000176,60816.05965395541,60816.059434042,u,1.52287889298156,49.0150110301635,303.817169673772,23.153013229370117,38.0010375976562,51.7453764659086,150.204832391993,2.01907384340234,-1,u,20250520,u_24,0.3279372766853166,150.31789174281826,1.6321800958059969,745284189344498066,0,3870.133660456461,3639.122762612876,0.21817288,0.19588529,150.31789174281826,1.6321800958059969,1.139035e-05,1.1677249e-05,5997.540695234266,1001.155554068375,5673.653604115765,607.350781376828,False,4818.6591457084805,800.1607416267004,False,3862.562339333505,1129.2251134855871,False,3316.585141553571,1656.1799867642917,False,3272.660679367876,2317.40296337468,False,-0.265245570858127,37.66739641570991,7017.647337159061,406.0927462056273,0.0,0.0149273858234421,False,1381.54833984375,229.4125213623047,False,1107.4276943206787,323.75792386877924,False,938.2981430590152,664.4180714983003,False,False,-0.0760480388815869,10.799545560450548,False,False
2MASS J10011629+0137555,150.31796681575,1.63212845583,2025052000177,60816.06343342403,60816.063259806506,r,1.5594039765794,50.1758964491342,302.77585025761,23.796560287475586,30.0011086463928,57.824829579651805,150.196682634826,2.24901145319972,-1,r,20250520,r_57,0.3026014713977462,150.31789978956937,1.632179215467786,745284189478716655,0,56.58781250530226,2284.078269886032,0.006192784,0.0072033154,150.31789978956937,1.632179215467786,3.8534418e-07,3.609823e-07,258687.7280726043,696.6949250305663,250439.77643476304,499.59131780462,False,258110.61620878952,591.8888693684389,False,262329.58080111496,762.4964499464112,False,262434.8300072243,1049.059382123275,False,262352.41467936005,1424.9066621668308,False,0.334693040577477,22.30019448539401,256382.3714603677,488.8790929072104,0.0,0.0007297463094528,False,519596.84375,1191.5185546875,False,528089.94921875,1534.9649486801834,False,528135.9156002998,2868.448478311837,False,False,0.6737632495072308,44.89203443010999,False,False
2MASS J10011629+0137555,150.31796681575,1.63212845583,2025052000178,60816.0639107544,60816.063737137476,r,1.5609097998555,50.2221711301711,302.594849281206,23.654830932617188,30.001003742218,56.8095547184819,150.23976863382,2.17981527285154,-1,r,20250520,r_57,0.2897142170366932,150.31790014403964,1.6321735657327825,745284189612934222,0,1594.5529997964131,2133.908705455356,0.00751778,0.008343382,150.31790014403964,1.6321735657327825,4.5053682e-07,4.321072e-07,259343.9390606235,711.4197284363174,248047.2154248253,504.82550181118256,False,258705.2641751516,600.762299112222,False,264604.2383379783,775.7266952081131,False,267118.8947435228,1068.1855679734065,False,270767.4133172731,1453.0481180317922,False,2.006707089401826,22.49687136189203,259335.77608449385,506.09965730030615,0.0,0.0005653067721864,False,510006.34375,1184.3306884765625,False,521635.46252441406,1529.2519726406094,False,533785.4214636087,2864.509774600062,False,False,3.9559819121041673,44.349878792279576,False,False
2MASS J10011629+0137555,150.31796681575,1.63212845583,2025052000179,60816.06438575081,60816.0642121333,r,1.5646737722452,50.3375980522663,302.465838240014,23.472244262695312,30.0011060237885,55.8259053983568,150.25921457654,2.18668433411888,-1,r,20250520,r_57,0.2860088160784054,150.31790152410733,1.6321737578017552,745284189747151606,0,1764.605606244729,1628.4387626272717,0.008572266,0.009217087,150.31790152410733,1.6321737578017552,5.0136623e-07,4.8800996e-07,259857.66798028827,766.5914625327831,245728.18174592385,534.4538078688715,False,258598.5676569804,641.4450496468332,False,265737.70010164817,835.0213339987349,False,268660.7499932508,1157.3707481080485,False,270350.6768989157,1574.1912293987048,False,0.3415268913926358,24.47221545840612,260058.6167577585,538.0478349237289,0.0,0.0014387262954912,False,475643.46875,1179.817626953125,False,488774.5612792969,1535.8648247048388,False,497259.26521635056,2895.4289407365004,False,False,0.6281745361748253,45.01204145907596,False,False
2MASS J10011629+0137555,150.31796681575,1.63212845583,2025052000180,60816.06895572477,60816.06878211376,r,1.61244892807033,51.7372348444543,300.915786650653,23.155492782592773,29.9999823570251,51.7415302798931,150.06001485519,2.24825281231814,-1,r,20250520,r_57,0.3019267789403879,150.31789902561815,1.632177874043198,745284189880845391,0,3247.3562156452463,3154.0392411743355,0.011426371,0.01035963,150.31789902561815,1.632177874043198,5.9943375e-07,6.129222e-07,259542.05264908107,983.2573028960842,244865.80325885653,659.4171376098359,False,259313.0463409679,808.8145444271313,False,268861.2034618618,1074.5635860749608,False,272037.4489712928,1510.474542074889,False,274099.4032988389,2071.37999691411,False,0.7107186334139977,32.75311707264558,259818.639699305,635.6718248462948,0.0,0.0003165292016418,False,380542.15625,1186.9361572265625,False,394554.0864257813,1576.9231430609082,False,402241.14995366335,3039.752228286872,False,False,1.0429803091773222,48.065232238043805,False,False
2MASS J10011629+0137555,150.31796681575,1.63212845583,2025052000181,60816.069462385756,60816.0692887682,r,1.60802471149185,51.6121742138133,300.666321607585,23.209247589111328,30.0011134147644,49.6919985547839,150.205015050767,2.0191873496745,-1,r,20250520,r_57,0.293709103024158,150.31789934999654,1.6321743722488251,745284190015587575,0,3969.075424625906,3423.089892645676,0.0106602805,0.00953891,150.31789934999654,1.6321743722488251,5.573792e-07,5.6735803e-07,258840.12393984245,1026.9515509914258,247763.14798568492,692.7148497344662,False,258413.06338444364,850.9448465266798,False,263817.1239842329,1130.6752217538383,False,266974.55982338113,1599.5079266142498,False,270434.09342880605,2198.233570022397,False,1.1368279065364206,33.94138936820952,255614.62457073643,632.912118323748,0.0,0.0001459324634623,False,362431.75,1193.474609375,False,370011.1003417969,1585.8045020434176,False,379291.5902059078,3083.085774602239,False,False,1.5944338193222891,47.60377430242604,False,False
2MASS J10011629+0137555,150.31796681575,1.63212845583,2025052000182,60816.06997807289,60816.06980446173,r,1.6188225278535,51.9163267469739,300.525352548066,23.47646141052246,30.0000081062317,48.6954543255891,150.090385715735,2.13980424046516,-1,r,20250520,r_57,0.290687071428142,150.3179002582739,1.6321742125637346,745284190149805569,0,1035.8328024602952,3419.895069049456,0.009277169,0.008589385,150.3179002582739,1.6321742125637346,4.9457987e-07,4.993401e-07,258413.257336836,840.6013234194065,246800.1826179502,580.3553551622176,False,258469.76422780668,702.0442148486705,False,265787.63620021625,920.2092495903918,False,269244.0594146696,1284.6364788090114,False,268436.1077398598,1755.1068250622773,False,0.5784814378889591,26.689576375511187,258226.4097743473,566.3334867295696,0.0,0.0003860388675369,False,438530.46875,1191.1171875,False,450946.2723388672,1561.2649888723297,False,455439.7784525156,2977.786670716831,False,False,0.981475480811104,45.282636727970086,False,False
2MASS J10011629+0137555,150.31796681575,1.63212845583,2025052000183,60816.07048924177,60816.070315624456,r,1.62493212171817,52.0853630527746,300.348078143763,23.46915626525879,30.0010724067688,47.6797323902914,150.055379454887,2.14860312445911,-1,r,20250520,r_57,0.2921280646865527,150.31790023432055,1.6321748809745968,745284190284023443,0,548.5702951222282,3600.2019356757714,0.0081506,0.008856108,150.31790023432055,1.6321748809745968,4.7495107e-07,4.712416e-07,259599.03770754888,769.0794494902038,247380.8452043556,537.9642563414549,False,259822.7045286525,645.8272881572512,False,266352.2592090289,840.8413792548193,False,270715.60782427824,1164.9291807473014,False,272091.88689414895,1588.3772152665838,False,1.5000137380262395,25.03459769501492,258940.3021117856,536.6230938088543,0.0,7.971056938804733e-05,False,479493.375,1191.850830078125,False,491543.43127441406,1551.7422602076217,False,502135.7059371472,2931.292525427803,False,False,2.7682209339532564,46.20044180637095,False,False
2MASS J10011629+0137555,150.31796681575,1.63212845583,2025052000184,60816.070964540704,60816.07079092944,r,1.62874254034077,52.1904544157117,300.049516043274,23.520008087158203,30.0000252723694,46.576615460575,149.991665124276,2.04214533441073,-1,r,20250520,r_57,0.2970976065762888,150.31790034834927,1.6321774087980323,745284190419812982,0,1190.339621992248,1316.8799657334814,0.008147458,0.008956174,150.31790034834927,1.6321774087980323,4.771256e-07,4.74739e-07,258038.36458228665,788.6228837773199,244908.1732928377,547.1805427889137,False,258145.2280505728,659.2586049199579,False,266264.5597580911,860.8451569013702,False,269300.3560335294,1195.0303658681723,False,271173.2375825064,1629.8405252034836,False,1.2498629309008389,25.39450097500084,258037.8853073838,544.6625274674727,0.0,1.519956235873643e-06,False,467070.875,1192.81884765625,False,481761.4559326172,1557.5562008632803,False,490642.8924164772,2948.9254787546,False,False,2.261419190950736,45.94712782472324,False,False
2MASS J10011629+0137555,150.31796681575,1.63212845583,2025052000185,60816.071474644064,60816.071301026655,r,1.63215395305189,52.2832275239194,299.892752722828,23.467018127441406,30.001088142395,45.5775879708113,150.023908098551,2.01099069645791,-1,r,20250520,r_57,0.293517243144704,150.3178996287842,1.6321746849688743,745284190554030587,0,2014.424822437704,1140.4448341482885,0.008699997,0.009371434,150.3178996287842,1.6321746849688743,5.0301867e-07,5.0232035e-07,258489.5743732602,770.3575485351835,244564.8215558429,537.0849597884725,False,257773.5867024822,646.0022097778613,False,264845.3775921087,842.1061776947378,False,267755.65005712013,1170.1059087077142,False,268400.5406324544,1592.0221694341076,False,0.195442709029753,24.471838087547177,257418.73783989492,534.6408937356495,0.0,7.459055001435289e-07,False,475674.90625,1192.0811767578125,False,488724.62756347656,1553.9558658886947,False,495285.0431109071,2937.7912837421,False,False,0.3606544544933338,45.15838661737909,False,False
2MASS J10011629+0137555,150.31796681575,1.63212845583,2025052000186,60816.07198260975,60816.071808992645,r,1.63615130481531,52.3921733718981,300.139268136627,23.115184783935547,30.0010349750519,44.8518721722365,150.254862796817,2.22963930759081,-1,r,20250520,r_57,0.289248768539606,150.3179005949625,1.6321739968661015,745284190666229020,0,2190.571667096476,3798.5228147796106,0.011435506,0.009552939,150.3179005949625,1.6321739968661015,5.860143e-07,5.853504e-07,258701.537310246,1193.8163886425962,247574.2306538064,789.1895194011992,False,258163.66678120263,980.8476207545262,False,263887.4177082053,1321.940563502614,False,265195.9284235022,1882.3404634314843,False,264242.72269638715,2589.989556661976,False,0.0353122184481911,41.21585958252431,255983.9979879089,694.5615732255065,0.0,0.0007669423090611,False,316902.71875,1204.016357421875,False,323928.7741699219,1622.716952478567,False,324364.9204260707,3179.2805791525484,False,False,0.0433466806962027,50.593556096295806,False,False
2MASS J10011629+0137555,150.31796681575,1.63212845583,2025052000187,60816.072492731924,60816.07231911454,r,1.64381542463883,52.5987588918153,299.982319713333,22.71587562561035,30.0010843276978,43.8457699167009,150.201208714405,2.27355584283408,-1,r,20250520,r_57,0.288480894367963,150.31790076313425,1.632173864885795,745284190800446459,0,1048.1288142011306,3749.474661238634,0.014600036,0.014789261,150.31790076313425,1.632173864885795,8.167564e-07,8.1692446e-07,262304.16999621096,1564.2906811409289,248307.3577152585,1005.5336077677242,False,260508.9020600155,1270.7494882308436,False,264921.2255737151,1735.546985866995,False,266508.628182182,2485.894904315349,False,269234.3402725349,3444.771732495308,False,0.7894336793494705,53.49225542688407,259733.8997335328,865.907877331229,0.0,3.5878903637320825e-05,False,250151.96875,1220.2288818359375,False,254388.87353515625,1666.5476378720396,False,258530.51370492572,3307.8195177358243,False,False,0.7580485255023324,51.36558828546362,False,False
2MASS J10011629+0137555,150.31796681575,1.63212845583,2025052000189,60816.073503021646,60816.073329404295,r,1.6557205680512,52.9149714931807,299.642820933948,22.853195190429688,30.0010786056519,41.818552029646,150.149598149704,2.28008086374383,-1,r,20250520,r_57,0.2871298938735963,150.31790123786246,1.632173891680093,745284191068881995,0,516.9473846822447,3946.9218984058457,0.012893811,0.011611291,150.31790123786246,1.632173891680093,6.860651e-07,6.779983e-07,258525.86993701392,1514.0964350557042,249024.3896412652,984.529554181454,False,257562.96924458013,1239.9452542185234,False,262208.3858897214,1685.0599676741897,False,261190.3778906444,2419.0474017290658,False,261898.6613032702,3351.139690741715,False,0.2757718020706588,52.537774692445154,258608.61544609343,824.5570588850643,0.0,6.079776095646583e-05,False,250404.484375,1205.4832763671875,False,254920.79028320312,1638.2268521905876,False,254619.67391699555,3258.000980459011,False,False,0.2681072364758078,51.07758471901716,False,False
2MASS J10011629+0137555,150.31796681575,1.63212845583,2025052000190,60816.07401194263,60816.07383832567,r,1.65262871749837,52.8334452943336,299.291970929531,22.26100730895996,30.0010104179382,40.6961275166077,150.210728075231,2.0157783136063,-1,r,20250520,r_57,0.2898085761310365,150.3179001708732,1.6321736520374972,745284191227216417,0,332.4894794556851,2390.281371453204,0.016665902,0.016623301,150.3179001708732,1.6321736520374972,9.256359e-07,9.250711e-07,259397.70133865243,2101.1764123009107,249456.4906164048,1320.6576208153786,False,261584.3009730558,1691.3397484250825,False,271756.77783222107,2339.9216268542727,False,275275.128826865,3378.5157605736194,False,273515.0401298558,4687.467485069687,False,0.4015209627958915,73.49447339191855,261865.4969217361,1070.503010676554,0.0,5.919492559425255e-05,False,188681.25,1219.966552734375,False,196018.6767578125,1687.7898857637251,False,197286.91467159984,3381.0791439980394,False,False,0.2896178282860172,53.01170236935316,False,False
2MASS J10011629+0137555,150.31796681575,1.63212845583,2025052000191,60816.07457877447,60816.074405157146,r,1.67299824767689,53.3630505014453,299.179001530895,21.868982315063477,30.0010731220245,39.7099756693844,149.955819081139,2.29529546777667,-1,r,20250520,r_57,0.2860927555393253,150.31790092399996,1.6321729228265376,745284191357239520,0,2151.0940822390544,1345.6503360975116,0.023842283,0.023613684,150.31790092399996,1.6321729228265376,1.3201286e-06,1.3172934e-06,256975.4756802045,3311.788936888039,247381.1652017747,2034.137951840678,False,258377.4134212595,2647.0550936379336,False,268359.2284236442,3711.470748143396,False,268784.16800675896,5391.738145131892,False,263988.2086118499,7508.893248438989,False,-1.313845617149556,114.91926188143653,258027.2957325566,1516.6537183876903,0.0,7.221709048743641e-05,False,123566.734375,1265.930908203125,False,128340.44995117188,1774.9783698340964,False,126250.0480198264,3591.06241212858,False,False,-0.628335156058649,54.95913020973886,False,False
2MASS J10011629+0137555,150.31796681575,1.63212845583,2025052000192,60816.07505704211,60816.07488343079,r,1.67677447836771,53.459711603835,298.908687620115,21.88719940185547,30.0000360012054,38.6234348565436,149.912800320244,2.19447200634403,-1,r,20250520,r_57,0.2905436470517443,150.317901701958,1.632176175677901,745284191491457620,0,2769.255807399113,3000.929582891492,0.020924188,0.020108992,150.317901701958,1.632176175677901,1.1457562e-06,1.1355618e-06,255691.94667437,2550.0216601026627,245350.20784635044,1577.4335906919596,False,258567.968165207,2037.5008517535096,False,271080.04335138144,2836.307089430228,False,277275.4181159649,4109.409534088318,False,277528.7608452546,5714.074599216505,False,-0.3154631430456678,90.29305599869735,260178.44123118013,1278.973885113118,0.0,0.0012841609885932,False,158803.796875,1251.3648681640625,False,166488.294921875,1741.9649390492775,False,170448.88149517775,3509.393481418388,False,False,-0.1937469101267986,55.454974665998016,False,False
2MASS J10011629+0137555,150.31796681575,1.63212845583,2025052000193,60816.075679726535,60816.075506109206,r,1.67541774685137,53.4248657752033,299.087208603691,21.89124298095703,30.0010750293732,37.8864723642618,150.257490533374,2.28045884672923,-1,r,20250520,r_57,0.2974454984888094,150.31790058054125,1.6321778839615628,745284191605752139,0,2523.870525791023,2067.076081054086,0.023819089,0.017670937,150.31790058054125,1.6321778839615628,1.2067238e-06,1.1233739e-06,258276.40747714872,3584.249616800229,250160.39264976987,2204.942040349956,False,258618.7948203388,2875.531521754536,False,265113.68473346456,4026.752336249755,False,270680.255598945,5873.580260823936,False,277632.1236582686,8185.942772726661,False,6.20624554526675,128.49176326443828,258668.68991510515,1515.9845095335322,0.0,0.00015298545653,False,116650.5390625,1297.014404296875,False,119580.07250976562,1816.274919311372,False,125226.54012173414,3692.286315991463,False,False,2.799339811758609,57.95647396895646,False,False
2MASS J10011629+0137555,150.31796681575,1.63212845583,2025052000194,60816.07618805147,60816.07601443457,r,1.67546668893858,53.4258995663128,298.69328368629,23.163698196411133,30.0009999275208,36.7272799378442,150.233744188132,2.0416465384689,-1,r,20250520,r_57,0.290415246296442,150.31790075213357,1.632174790845084,745284191764087282,0,659.9251001806634,1349.5343174066952,0.010719947,0.008811876,150.31790075213357,1.632174790845084,5.605794e-07,5.301754e-07,259274.56760438063,1166.3702330910846,250238.9402012114,775.4254758367281,False,258594.5933230336,961.4392346419144,False,262799.1360243752,1294.6817517123304,False,266174.0771957212,1836.612867276625,False,267749.57365861983,2533.34235312892,False,1.9770723312845533,39.20090388826702,258265.4971655224,670.9619456478749,0.0,9.00381392310301e-06,False,327838.0,1218.882080078125,False,333168.3854980469,1641.3563433928946,False,339444.3928664923,3211.690854369855,False,False,2.506469414594418,49.69765904141573,False,False
2MASS J10011629+0137555,150.31796681575,1.63212845583,2025052000195,60816.07666423876,60816.07649062706,r,1.68675253083461,53.7115566545611,298.623481174047,23.19856834411621,30.0001013278961,35.7646849809548,150.151759783607,2.18525145139124,-1,r,20250520,r_57,0.2907570828975399,150.31789983200414,1.6321736215394131,745284191894634499,0,2291.4616184232336,19.04176672735065,0.009938184,0.009352335,150.31789983200414,1.6321736215394131,5.4166884e-07,5.3118544e-07,,,251596.97548767595,776.6799682577042,False,259840.35404600305,963.3332312385654,False,263717.516280745,1295.7306957018454,False,,,True,,,True,1.147521827737054,40.55209358540654,255623.9202984381,665.4799657279455,0.0,0.0011997279248315,False,329320.625,1220.9246826171875,False,334234.5249023437,1642.203899032058,True,,,False,False,1.4543645728122885,51.39556114613445,False,False
2MASS J10011629+0137555,150.31796681575,1.63212845583,2025052000196,60816.07717479927,60816.07700118795,r,1.69126997888453,53.8242178344338,298.653691121607,23.004314422607422,30.000036239624,34.8911221763299,150.266222684165,2.27735579128348,-1,r,20250520,r_57,0.2867841439885024,150.3179012846757,1.6321737905641434,745284192008405486,0,3140.414434788086,1609.615284934005,0.0115562435,0.010057317,150.3179012846757,1.6321737905641434,6.164421e-07,5.874954e-07,259836.1692331444,1421.9375077896889,249905.8205514064,925.219880065456,False,258300.8317372721,1162.2516748980995,False,261793.38687249296,1585.273376728753,False,263966.2621886998,2266.1660007299174,False,259257.00442724687,3132.01099464296,False,-0.8001153938220679,48.22148828499501,258398.07170843272,766.8786355397301,0.0,6.257822798394486e-06,False,273367.375,1230.045166015625,False,277063.64892578125,1677.7414874703722,False,274379.3207089901,3314.6994468354987,False,False,-0.846785677905614,51.034220766545765,False,False
2MASS J10011629+0137555,150.31796681575,1.63212845583,2025052000197,60816.07764777465,60816.07747415736,r,1.69548242205052,53.9288841238982,298.237729713659,22.730731964111328,30.0010666847229,33.6996623943838,150.138938529774,2.08975792585801,-1,r,20250520,r_57,0.2936711912429898,150.31790006425825,1.6321753854339327,745284192163070291,0,3293.428054364551,1277.836692972648,0.011414039,0.013605252,150.31790006425825,1.6321753854339327,6.74411e-07,7.2099965e-07,261172.5983990971,1677.2024932929685,252788.1422928379,1077.757345787379,False,259885.1744265559,1365.095545678013,False,264044.0902569012,1870.60904827734,False,263638.6045150413,2688.9403569940782,False,262263.05456653,3729.584640689002,False,-0.2854918663120129,57.48147392224265,260510.3811197363,858.6324962618452,0.0,3.173175670823092e-05,False,237089.90625,1245.359130859375,False,240884.03173828125,1706.5326056597007,False,239259.21575641632,3402.45215897179,False,False,-0.2604505623239437,52.43961027560543,False,False
2MASS J10011629+0137555,150.31796681575,1.63212845583,2025052000198,60816.07815667415,60816.07798305736,r,1.70454659843452,54.1514661550327,298.295147516498,23.310821533203125,30.0009808540344,32.8358887716225,150.182636661798,2.2697645281151,-1,r,20250520,r_57,0.2895517717387894,150.3179003078986,1.6321737266546388,745284192276841346,0,2287.146939243248,2285.404817102853,0.009981685,0.00870914,150.3179003078986,1.6321737266546388,5.3510877e-07,5.0586607e-07,257252.22505634185,984.1850376049624,248438.78568026,665.2783384422755,False,257883.78542175345,814.9931854057933,False,263943.7353605139,1084.5857349970563,False,268893.8481765824,1529.0469402841077,False,270310.58295606234,2099.1879193802347,False,1.8190327639839647,32.968765549712536,260676.33376554315,617.1150110006188,0.0,0.0001909756719394,False,382934.90625,1210.1937255859375,False,391933.4028320313,1610.5151243686948,False,401387.6156400293,3117.1107861409373,False,False,2.7011048399288766,48.95573843198458,False,False
2MASS J10011629+0137555,150.31796681575,1.63212845583,2025052000199,60816.07863047651,60816.07845685929,r,1.70600328515172,54.1867673333571,297.927096963053,23.164358139038086,30.0010552406311,31.6820360543652,150.133795321665,2.06472329498306,-1,r,20250520,r_57,0.2920686005945652,150.3179005712954,1.632175331583518,745284192431505903,0,3633.905216250713,1469.5460655102934,0.010846763,0.009968076,150.3179005712954,1.632175331583518,5.900565e-07,5.680699e-07,259828.22869414097,1082.2563385520102,248875.68692617823,723.3441649135227,False,258952.82317727705,892.4873661101551,False,264790.33711576264,1195.126041392231,False,265670.8339915489,1689.1490694131753,False,266016.5108542458,2326.88303065338,False,0.3219562531463824,36.95252014672772,259554.5392687215,656.1858701413528,0.0,0.000228227231293,False,352106.0,1213.5421142578125,False,360043.4445800781,1625.0490910553576,False,361710.7101656199,3163.933361832268,False,False,0.4377736727463785,50.24546131275944,False,False
2MASS J10011629+0137555,150.31796681575,1.63212845583,2025052000200,60816.07913864023,60816.078965023335,r,1.71984040233404,54.520746491014,297.893904948922,23.031700134277344,30.0009994506836,30.7458512446106,150.043947681435,2.2599469838467,-1,r,20250520,r_57,0.2886671690668065,150.31790089193203,1.632174142394843,745284192545276986,0,530.5709169204154,3424.737838413993,0.011204778,0.010590201,150.31790089193203,1.632174142394843,6.141565e-07,5.9770554e-07,260165.53861359897,1456.7052583526252,250275.8702564513,947.319107760785,False,260603.4234399337,1191.5638958951477,False,266312.8940358682,1624.8598131494375,False,268359.7952328618,2322.555881699307,False,267624.4452614847,3213.7480651243422,False,1.2834936233174754,50.57238457992521,259982.5436801664,787.3012773186277,0.0,7.860806196358094e-05,False,267166.8125,1221.5738525390625,False,273020.078125,1665.7824801696752,False,274364.6612304449,3294.687442719695,False,False,1.3158188625439986,51.84606790807171,False,False
2MASS J10011629+0137555,150.31796681575,1.63212845583,2025052000201,60816.07964867999,60816.07947506293,r,1.71760067059967,54.4674439939954,297.614253053502,22.833436965942383,30.0010285377502,29.667922388946803,150.122682812117,2.05143841804633,-1,r,20250520,r_57,0.2969306132023205,150.31789961852914,1.6321763230093385,745284192699941337,0,3742.0560462485737,1539.1229400773473,0.011126192,0.011208434,150.31789961852914,1.6321763230093385,6.1973344e-07,6.2197574e-07,258258.9510841957,1218.617460081928,246554.6717097904,804.4479637591666,False,257870.9015302137,1000.9850558798483,False,263013.4881939011,1347.1559278754698,False,267939.8578065336,1918.233506637588,False,268817.527862336,2643.8216650080044,False,1.4012751686664648,41.90533456313741,258592.940214138,717.8866200822189,0.0,6.917879431267426e-05,False,309091.0,1199.8076171875,False,315255.0427246094,1614.7373372957693,False,322211.92081558704,3168.955773644135,False,False,1.6796061152620552,50.228861374407934,False,False
2MASS J10011629+0137555,150.31796681575,1.63212845583,2025052000202,60816.080120364175,60816.07994674738,r,1.7241295740071,54.6228893247384,297.733878917081,21.130817413330078,30.0009832382202,28.8439217093553,150.236159625484,2.2262263324032,-1,r,20250520,r_57,0.3117158609709213,150.31789714710806,1.6321799111944166,745284192813711607,0,4081.036603955908,1950.92967225358,0.08396192,0.09281547,150.31789714710806,1.6321799111944166,4.787438e-06,5.048457e-06,,,255225.7083965916,3042.3359405048045,True,267037.0484824789,3986.429390918663,True,,,True,,,True,,,True,5.162822543813001,181.1936419922729,256658.3089035756,2086.791379459457,,,True,86192.375,1286.712158203125,True,,,True,,,True,True,1.6664202187809218,58.48443287912704,True,False
2MASS J10011629+0137555,150.31796681575,1.63212845583,2025052000203,60816.08070072743,60816.0805271098,r,1.73281052247459,54.8277730295459,297.559576952388,21.577810287475586,30.0011260509491,54.5886572833049,150.196490035111,2.24904218453496,-1,r,20250520,r_57,0.290677656763615,150.31789904043515,1.6321723852437224,745284192968376536,0,272.9155652065277,1716.2977436587666,0.025949165,0.024346108,150.31789904043515,1.6321723852437224,1.3842404e-06,1.4128285e-06,240015.16762198848,4951.03548304999,238865.8819969681,3003.022714057843,False,241277.56753222505,3944.243221790193,False,249853.85065519263,5566.746293080131,False,253257.41183410207,8127.120401200535,False,239095.52163697412,11349.220125877831,False,-0.1756196755669746,179.90527681588608,248481.70913827504,1991.633792838516,0.0,6.182386651176763e-06,False,80317.5390625,1312.97705078125,False,83172.44995117188,1853.0830172837136,False,79591.17001700401,3777.978367870269,False,False,-0.0584610508832743,59.887660697175775,False,False
2MASS J10011629+0137555,150.31796681575,1.63212845583,2025052000204,60816.08120964865,60816.081036031756,r,1.73552331219644,54.8909922796707,297.38434651768,22.04424285888672,30.0009984970093,53.572949524587,150.239776443268,2.17974078252041,-1,r,20250520,r_57,0.3007294813302106,150.31789865420552,1.632176788331933,745284193102594389,0,1818.728828181889,1653.9604698407586,0.021037059,0.018227668,150.31789865420552,1.632176788331933,1.071219e-06,1.1166932e-06,258537.839893119,3037.803684507376,251125.01926907696,1879.15268105386,False,259665.8049751338,2436.7685851931574,False,261371.0535003327,3397.253599051318,False,267219.24332734867,4943.788570420629,False,263929.03710286075,6880.878953074855,False,0.5027201946392515,109.48401126956956,259874.82130428244,1359.5800478626222,0.0,0.0005777503424245,False,133554.59375,1253.3095703125,False,134431.65869140625,1747.3183437860573,False,135747.3130991459,3539.060498585251,False,False,0.2585653947442009,56.31119834445674,False,False
2MASS J10011629+0137555,150.31796681575,1.63212845583,2025052000205,60816.08170973463,60816.081536117024,r,1.74102313851121,55.0189505117688,297.264659354689,21.001296997070312,30.0011222362518,52.58628666562,150.258992656751,2.1865047849423,-1,r,20250520,r_57,0.2996916857215456,150.31789888953605,1.6321766216949622,745284193236811923,0,2038.9210699214373,1145.6310534733752,0.035020597,0.030405844,150.31789888953605,1.6321766216949622,1.7898146e-06,1.8560909e-06,256451.93697763435,6610.486799029433,252857.1272046228,3992.641431763381,False,260979.693756766,5264.212188677588,False,264938.38807650126,7451.681090640094,False,269659.03377049626,10887.10356065502,False,275792.68670531834,15201.203809025685,False,4.5632676525171245,241.0150246073012,264389.0282533416,2541.241383767473,0.0,0.0015678433741334,False,64302.0703125,1297.0347900390625,False,65277.44213867188,1835.999247831303,False,67951.80298098922,3745.38287669851,False,False,1.124330989982648,59.38303028706736,False,False
2MASS J10011629+0137555,150.31796681575,1.63212845583,2025052000206,60816.082205689534,60816.08203207257,r,1.7445586246781,55.1008667352104,296.932359406113,21.145679473876953,30.001011133194,51.4736586917915,150.201391483908,2.02906980998177,-1,r,20250520,r_57,0.2893359094611883,150.31789937747476,1.6321722197422657,745284193371029841,0,3726.8697225694455,3557.7168161897034,0.04057025,0.03931051,150.31789937747476,1.6321722197422657,2.2133281e-06,2.2286101e-06,265795.71051617723,8718.728732371304,258460.1614998933,5235.052467068092,False,260840.4322733729,6925.491936292861,False,261077.022396781,9825.643405911049,False,257747.2522006649,14384.748962901916,False,257316.88621045425,20113.527379054616,False,-1.9424700953961929,305.417250437189,269155.77054349124,3211.6635040763654,0.0,0.0017018030618997,False,51469.97265625,1366.56298828125,False,51516.657470703125,1938.8313116360764,False,50774.693868637085,3968.873595239616,False,False,-0.3832951886494455,60.26603081332912,False,False
2MASS J10011629+0137555,150.31796681575,1.63212845583,2025052000208,60816.08317752703,60816.08300391033,r,1.75755610762134,55.3971481575419,296.80764530598,21.70105743408203,30.0009648799896,49.5608931251841,150.257546075875,2.13893338896455,-1,r,20250520,r_57,0.3031527127213072,150.31789903119648,1.6321784573513878,745284193639465209,0,2948.8316564779266,1289.4888793388511,0.022400664,0.023027133,150.31789903119648,1.6321784573513878,1.2658192e-06,1.2600018e-06,255803.92961571697,3795.6352218847937,252144.2618452544,2331.2622484529606,False,257477.8514147948,3041.8107521237034,False,264604.1718103856,4271.309413616807,False,269986.74969377334,6220.237065117832,False,265103.327272486,8678.706670383861,False,0.1608663605356581,137.0036361637932,259010.2411690074,1590.4999623198446,0.0,0.000533595463637,False,107362.3515625,1268.365234375,False,110333.86352539062,1781.0379431750737,False,110541.9998909533,3618.821391951488,False,False,0.0670775783606558,57.12737025858535,False,False
2MASS J10011629+0137555,150.31796681575,1.63212845583,2025052000209,60816.083675456524,60816.083501838875,r,1.77367513973076,55.7576165182037,296.619846242653,22.27176856994629,30.0011293888092,48.5235275260008,150.059925529869,2.24827176841002,-1,r,20250520,r_57,0.2960846153320717,150.31789905184974,1.6321751049306696,745284193773159002,0,3430.949331333052,2493.095146304405,0.013292762,0.013723795,150.31789905184974,1.6321751049306696,7.525285e-07,7.4951197e-07,256829.8021765112,2113.7502538486506,249927.16982240725,1340.2260058089116,False,257423.4076708186,1715.610078157439,False,262008.3114578744,2363.0494219767534,False,265181.35581925185,3425.942606243154,False,263486.2804542143,4760.4500361935,False,2.490505798818365,75.76376801042827,260207.529113351,1009.2561698817328,0.0,0.0003957966557237,False,185830.640625,1238.476806640625,False,189140.4235839844,1705.8549255008377,False,190207.350356102,3436.507534001635,False,False,1.797864041433705,54.69288777167322,False,False
2MASS J10011629+0137555,150.31796681575,1.63212845583,2025052000210,60816.08418383806,60816.08401022122,r,1.78473580320032,56.0006147537342,296.489473186998,22.446773529052734,30.0009903907776,47.5258587124414,149.986773020892,2.31879823335444,-1,r,20250520,r_57,0.2919221613174084,150.31790022299433,1.6321747646601967,745284193907376799,0,1654.306386484532,2411.700656734767,0.013037563,0.013473793,150.31790022299433,1.6321747646601967,7.380327e-07,7.35778e-07,258975.09131995492,1860.3680474615933,251065.389319171,1189.3014432676596,False,258428.82816376892,1513.118606687421,False,263346.01906237414,2084.7146035941228,False,264296.2718346134,3001.9555338558143,False,264988.2712881524,4165.567080328561,False,0.9309545909714916,64.03662614161436,258688.9155047773,925.1265717813656,0.0,5.580984660458199e-05,False,209275.984375,1225.3253173828125,False,213257.931640625,1688.2044619713342,False,214587.8295223117,3373.281368839453,False,False,0.7538881781041893,51.85693897643512,False,False
2MASS J10011629+0137555,150.31796681575,1.63212845583,2025052000212,60816.085257778046,60816.08508416114,r,1.78965190323808,56.1074914453634,296.105769687657,21.998186111450195,30.0010018348694,45.481333762432,150.090331909985,2.13982583656194,-1,r,20250520,r_57,0.29019066900755,150.31790067182146,1.632174567253134,745284194176336432,0,1196.3513994812006,2886.417970587542,0.020043796,0.019791612,150.31790067182146,1.632174567253134,1.1073435e-06,1.107348e-06,260117.32061020983,3164.876506731121,251821.02735079904,1960.3252663986625,False,260983.47568272715,2544.169802369412,False,268456.8289322123,3566.1774416335284,False,264945.1253416249,5178.167121549829,False,266410.5360018914,7210.362434043053,False,-0.8775665418996668,112.3404803273814,259707.58779156703,1396.2603191701164,0.0,7.82064497306667e-06,False,125930.1328125,1227.6165771484375,False,129536.18627929688,1720.7572153104484,False,128548.80598706008,3479.1547494338065,False,False,-0.4234447061605497,54.20669477574702,False,False
2MASS J10011629+0137555,150.31796681575,1.63212845583,2025052000213,60816.08573409721,60816.08556047978,r,1.79738336996507,56.2733485813899,295.95752229403,22.074193954467773,30.001091003418,44.4693370074857,150.055340392747,2.14862482168552,-1,r,20250520,r_57,0.2895085343594371,150.3179003994643,1.6321738394956486,745284194310554265,0,732.9904690141165,3072.628703997921,0.017552976,0.017407773,150.3179003994643,1.6321738394956486,9.719465e-07,9.714511e-07,258989.6511741845,2666.24362462871,248788.26648613188,1664.61485759451,False,256492.5146693581,2149.278166908274,False,259549.5389646997,2993.688355914897,False,256273.5103423576,4332.1326536957695,False,263003.3096399554,6033.281946838224,False,1.1088511387168818,94.85030528816314,258422.5933767956,1223.1180296735968,0.0,0.0003138486072905,False,146663.71875,1228.9681396484375,False,148411.74072265625,1711.8061617628375,False,150386.62428444624,3449.8611693647363,False,False,0.6340466962711655,54.23588487978859,False,False
2MASS J10011629+0137555,150.31796681575,1.63212845583,2025052300085,60818.98851694912,60818.98829703543,u,1.23290151345671,35.8344215547271,331.618880611974,23.49894905090332,38.0010848045349,109.744765547265,150.196627256505,2.24902096565482,-1,u,20250523,u_24,0.3272678284164467,150.3178938201429,1.6321826792513816,745297371273363992,0,875.0977489579436,3667.114491481048,0.17165048,0.1539169,150.3178938201429,1.6321826792513816,8.6772125e-06,9.436423e-06,6050.113705464434,701.3247336734322,6494.5224608150165,428.7308781742108,False,5936.051508762748,561.5388844864923,False,6148.98558029214,791.9740167053058,False,6989.639939610718,1163.7922547412682,False,6104.921287672275,1626.1987344348306,False,0.2059025952316975,26.16711560812415,6887.220600209115,291.1838785103629,0.0,0.0034263778535607,False,2493.10595703125,235.84295654296875,False,2582.5369873046875,332.62432712170056,False,2564.030249238014,682.993694739888,False,False,0.0864778524887386,10.990031286729376,False,False
2MASS J10011629+0137555,150.31796681575,1.63212845583,2025052300086,60818.989132629984,60818.98891271672,u,1.23307020338959,35.8452604732394,331.291539110994,23.518142700195312,38.0010125637054,106.760588963341,150.239724805598,2.17971694114499,-1,u,20250523,u_24,0.2621200091736919,150.31790926627548,1.6321730899322875,745297371407581464,0,1554.2197862637995,2059.243621788836,0.18190525,0.15927832,150.31790926627548,1.6321730899322875,8.968636e-06,1.0015841e-05,6763.133468368725,700.4891002766881,6792.076834204622,427.295002499474,False,6549.279508699519,560.0756118180067,False,6855.613604505466,792.120390067552,False,5281.229917562255,1155.2527753013485,False,6289.292307257274,1614.6805598445017,False,-0.0672561416331831,25.51880137761562,7073.3438660883285,285.7964255786323,0.0,0.0313904713884674,False,2766.041015625,236.5438995361328,False,2895.419013977051,334.54633984231856,False,2656.2372941970825,681.948701338766,False,False,-0.0284051468658434,10.777681909332454,False,False
2MASS J10011629+0137555,150.31796681575,1.63212845583,2025052300087,60818.98975045244,60818.989530544364,u,1.23447956941258,35.9362581049608,330.98103722146,23.44439697265625,38.0001156330109,103.78984787417,150.25946174809,2.18656064079571,-1,u,20250523,u_24,0.2860163179612556,150.31790621864894,1.6321798670182222,745297371541799064,0,1148.2696167516438,1277.7945658735086,0.16756026,0.15040222,150.31790621864894,1.6321798670182222,8.420999e-06,9.265234e-06,7312.953780549638,703.1343634096851,7119.716724556907,428.9569408582113,False,7209.533396419065,562.250062813882,False,6586.207905753604,791.9934363835345,False,8384.538929110502,1157.9610344527298,False,11727.099341268213,1617.5271427147125,False,1.452261407727892,25.21455571230537,7783.858797691117,302.47239045037867,0.0,0.0130563822262187,False,3058.978759765625,238.56065368652344,False,2794.5040245056152,336.0399302643298,False,4975.7655351758,686.3108748988278,False,False,0.6161892255154101,10.698444146077408,False,False
2MASS J10011629+0137555,150.31796681575,1.63212845583,2025052300088,60818.990368601706,60818.99014868861,u,1.2341100736205,35.9125288291546,330.433993188288,23.39068603515625,38.0009834766388,100.624700220572,150.201357608066,2.02903617200205,-1,u,20250523,u_24,0.2761866885940612,150.31789860620273,1.632163626329856,745297371676016825,0,3944.704370628425,1257.5489916900387,0.19700585,0.192752,150.31789860620273,1.632163626329856,1.07271635e-05,1.09464345e-05,7665.529081687046,705.3663568485989,6630.541411251887,428.8025033388293,False,7004.558814562019,563.86672896468,False,7145.695699503528,796.212493512356,False,4888.306406348299,1161.775267334183,False,4864.083374533956,1621.9043803892898,False,-0.8677491688400922,26.03655242062229,7106.044196371548,314.4250562713064,0.0,0.024848794607084,False,2947.087646484375,237.24044799804688,False,3006.469369314611,334.9972590320105,False,2046.5071968212724,682.3976341360834,False,False,-0.3650954932977638,10.954580299381307,False,False
2MASS J10011629+0137555,150.31796681575,1.63212845583,2025052300089,60818.99098326173,60818.99076335365,u,1.23856659612936,36.1968776217223,329.884729082114,23.369596481323242,38.0001156330109,97.4447349521216,150.008597241443,2.14662824945628,-1,u,20250523,u_24,0.2812880408042968,150.31789772765947,1.6321650054510457,745297371830681644,0,2125.9526065174864,348.138725089612,0.2283601,0.20567681,150.31789772765947,1.6321650054510457,1.1459277e-05,1.2677088e-05,8096.588799909699,740.3982442073526,7258.495640885899,449.29791892024105,False,7783.258970191518,591.3957463475197,False,7590.607423066634,833.1598861441045,False,9732.370150090226,1221.5190435672976,False,12392.076801937435,1703.9087861300502,False,1.6628214249534297,27.028454150959337,7574.769394490933,327.5827366002337,0.0,0.0002622122788216,False,3247.601318359375,246.7626495361328,False,3167.2165565490723,347.6398710371012,False,5170.652179673314,710.9639344383669,False,False,0.6938200402372188,11.2777492911445,False,False
2MASS J10011629+0137555,150.31796681575,1.63212845583,2025052300090,60818.99159898592,60818.99137907265,u,1.23827186282591,36.1780390904098,329.919990573587,23.394289016723633,38.0010130405426,94.7603779415429,150.257483698821,2.13890194187327,-1,u,20250523,u_24,0.2962448899837461,150.31789353233114,1.632165946923677,745297371942879768,0,1575.841144205449,3950.6773590333455,0.20284268,0.21878326,150.31789353233114,1.632165946923677,1.2161219e-05,1.1286237e-05,10517.125481676756,752.3296851655081,8106.486932535323,459.0974102197274,False,9140.56982091333,603.4872763231213,False,8215.875148856368,845.9600689885018,False,7524.214544375786,1234.180648583191,False,5593.3853147457485,1722.3721119782758,False,-0.8722838157740987,27.25916965043354,8212.859911958676,338.3946677871053,0.0,0.0010179143956982,False,3835.8271484375,253.2525787353516,False,3447.780342102051,355.00594193764584,False,2347.2562063783407,722.7910115321188,False,False,-0.3660526649042779,11.439271843836613,False,False
2MASS J10011629+0137555,150.31796681575,1.63212845583,2025052300091,60818.992215993,60818.991996082106,u,1.24274255604943,36.4599534489542,329.363192782391,23.39545249938965,38.000602722168,91.569415025393,150.060092761391,2.24832798725417,-1,u,20250523,u_24,0.3003165019323998,150.31790142912965,1.6321802936866971,745297372078145920,0,3844.494597176398,2824.393198080398,0.1924801,0.20744675,150.31790142912965,1.6321802936866971,1.15345765e-05,1.0702144e-05,9265.662080539738,753.3482580435406,7798.095749026992,458.6983825472586,False,7720.892038684889,602.17871712903,False,6203.990527219568,849.5749221032489,False,5108.336223022636,1243.8143347466328,False,6490.107065572299,1737.0532320669754,False,0.3631183505635101,27.242095633824164,7688.753268018344,325.28183256241323,0.0,0.0379112420267013,False,3212.765625,250.57455444335932,False,2581.5627784729004,353.51939800731736,False,2700.619666531682,722.8108986394406,False,False,0.1510983638486228,11.335797465731783,False,False
2MASS J10011629+0137555,150.31796681575,1.63212845583,2025052300092,60818.992832710624,60818.992612797694,u,1.24586004248278,36.6543147016457,328.970646274767,23.386764526367188,38.0009548664093,88.5157251179058,149.986439173583,2.31876947328221,-1,u,20250523,u_24,0.3319229690870202,150.31788934284768,1.6321784939225352,745297372212363771,0,2289.2379985585617,3525.0126658770573,0.19841573,0.17793447,150.31788934284768,1.6321784939225352,9.8939545e-06,1.10291285e-05,8805.89520948457,781.775672552909,7796.318572938135,474.3613926999493,False,8461.63575774885,624.7892300987315,False,7460.873319002069,877.9925295473466,False,7638.066239856057,1286.626519012953,False,6019.855139638688,1792.5281670091667,False,-0.4981964803108159,28.80922881261831,8110.352507266248,339.59232201330724,0.0,0.0003786664260893,False,3478.864990234375,256.8720092773437,False,3067.4176635742188,360.9724597200326,False,2474.966293886304,736.9690285364179,False,False,-0.2048254431212221,11.844449510851186,False,False
2MASS J10011629+0137555,150.31796681575,1.63212845583,2025052300093,60818.993448555295,60818.993228641506,u,1.24159342164742,36.3879860141614,328.739211206447,23.362985610961914,38.0011024475098,85.6243488237186,150.204937576083,2.01907614156428,-1,u,20250523,u_24,0.3211630998776712,150.31788464234307,1.6321632665341408,745297372345532913,0,3460.2897014303294,3615.10171008069,0.22685353,0.25109673,150.31788464234307,1.6321632665341408,1.3956888e-05,1.26245195e-05,6384.821521164387,741.7973059618593,7094.999990621307,450.7150718967892,False,6660.3090082871,590.4222359501883,False,7098.906027085995,834.935265219755,False,7454.220861699207,1220.1364058031802,False,8332.163873028234,1705.1450910286862,False,1.1006117723353557,27.598782215530647,7874.163732795114,355.970029148587,0.0,0.0147948658802711,False,2781.70263671875,246.592025756836,False,2964.8843002319336,348.71379478961643,False,3479.958990842104,712.1601399876173,False,False,0.4596745684471375,11.526733243704603,False,False
2MASS J10011629+0137555,150.31796681575,1.63212845583,2025052300094,60818.99406224796,60818.99384234067,u,1.24574590888794,36.6472175551309,328.327699074232,23.37052345275879,37.9999804496765,82.5465149407056,150.090356345739,2.1397967917623,-1,u,20250523,u_24,0.3254425779308437,150.31790125263555,1.6321907234358033,745297372481323102,0,965.0620835491392,764.7837937413901,0.18729025,0.19064239,150.31790125263555,1.6321907234358033,1.0598301e-05,1.0415966e-05,8426.7725962028,719.435492075571,7131.436670766096,438.68171536007367,False,7176.863129149298,575.205283937787,False,6233.660087576973,808.6106997571914,False,5846.320850570149,1181.602166042206,False,5302.33044527934,1649.0070716419043,False,-0.5807078017877331,26.42238323743632,7607.867060499145,327.80345085730016,0.0,0.1196696405052084,False,3007.80078125,241.0667266845703,False,2612.507350921631,338.88620288416735,False,2222.1900249123573,691.093681057731,False,False,-0.2433728146216091,11.07353777185216,False,False
2MASS J10011629+0137555,150.31796681575,1.63212845583,2025052300095,60818.99467669737,60818.994456783694,u,1.24777073435404,36.7720186896764,327.952916520441,23.351848602294922,38.001083612442,79.5069653851289,150.055427898987,2.14859486550575,-1,u,20250523,u_24,0.2412749401789828,150.31791987889193,1.6321763150870314,745297372615540831,0,549.2485384514255,842.1110000488277,0.1908378,0.18322107,150.31791987889193,1.6321763150870314,1.0202659e-05,1.0597721e-05,7693.847794236734,718.3211693104435,7715.528490077479,438.8172684887285,False,7664.575256729317,574.5164687520155,False,7684.681772118347,808.7039673613142,False,7622.120968015298,1177.413452698417,False,9201.450766714244,1643.2578955665265,False,0.6024536975474495,25.381510375349546,7696.113013180149,327.2428856355219,0.0,0.0150977738654608,False,3216.33544921875,241.08807373046875,False,3224.772876739502,339.36169337816415,False,3861.264492020011,689.5709735616308,False,False,0.2528115543302316,10.651007895483344,False,False
2MASS J10011629+0137555,150.31796681575,1.63212845583,2025052300096,60818.9952900031,60818.995070092766,u,1.24837214697221,36.8092553052605,327.44863889256,23.36735725402832,38.0005052089691,76.3639536849352,149.991628058092,2.04222338887878,-1,u,20250523,u_24,0.3735627493187558,150.31787726158166,1.6321809366531552,745297372749758721,0,1987.318666936687,1851.9307234507096,0.20348655,0.22831091,150.31787726158166,1.6321809366531552,1.2622507e-05,1.1396325e-05,8357.770843528282,710.5755952998367,7760.548384681423,433.1010287339853,False,8158.890800782186,567.8968483490526,False,8463.833024354097,800.2062855769884,False,8733.140277058481,1167.6101817963,False,8299.70110821318,1631.368608026953,False,-0.4117552292487729,26.405250790595662,7713.844083606713,326.7134109299197,0.0,0.0040533113186557,False,3411.73046875,237.47235107421875,False,3539.245433807373,334.6151128198142,False,3470.611856907606,682.1748349952477,False,False,-0.1721800052968601,11.041647799554276,False,False
2MASS J10011629+0137555,150.31796681575,1.63212845583,2025052300097,60818.99590580367,60818.99568589572,u,1.24936605175445,36.870328129064,327.144690710097,23.36229133605957,38.0000929832458,73.3872229623975,150.023793373171,2.01096529257175,-1,u,20250523,u_24,0.3119764503167916,150.31789736688572,1.632180328224892,745297372883976329,0,2489.401327656313,1005.296870520098,0.24378441,0.23935181,150.31789736688572,1.632180328224892,1.3330235e-05,1.3536259e-05,7063.357199634965,709.8954390984078,6902.204230470387,432.2028305480718,False,6730.150918396828,566.5703663820494,False,6197.542380511747,799.4382587357895,False,5735.335577751962,1168.935558207767,False,5811.321718172513,1633.9262385018703,False,-0.489812246731241,26.32515930113687,7269.495960323255,327.4457612456497,0.0,0.0001196743099038,False,2813.333984375,236.83743286132807,False,2590.693256378174,334.1807411128189,False,2429.245507583022,683.0129473284248,False,False,-0.2047510459127005,11.004428608506744,False,False
2MASS J10011629+0137555,150.31796681575,1.63212845583,2025052300098,60818.99652042048,60818.99630050724,u,1.2524585800334,37.0586427121348,327.328705870175,23.266925811767578,38.001006603241,70.8106586172387,150.254871666265,2.22963477817054,-1,u,20250523,u_24,0.4553785679053318,150.31789749257686,1.6322342808757206,745297373015048693,0,11.0,3875.0,,,150.31789749257686,1.6322342808757206,,,,,8162.924051485063,436.5911006970183,True,,,True,,,True,,,True,,,True,2.251635003966445,26.83029595301973,8116.222820601305,363.6681990610148,,,True,,,True,,,True,,,True,True,0.9337629881836436,11.126642319385692,True,False
2MASS J10011629+0137555,150.31796681575,1.63212845583,2025052300099,60818.99713408484,60818.996914176765,u,1.25522767405615,37.226307722637,326.96067420739,23.29750633239746,38.000116109848,67.7672283554142,150.2013842188,2.27355507052272,-1,u,20250523,u_24,0.2876032772339315,150.31788833247,1.632143547275396,745297373148742158,0,3275.42428915292,3908.688671630105,0.20081848,0.24423274,150.31788833247,1.632143547275396,1.3258875e-05,1.1542889e-05,7688.276197381399,727.6811639443256,7231.671012820211,443.4227448092415,False,7083.501526609361,580.7250585309887,False,6875.416655539996,819.2275156698366,False,6658.367888785138,1198.4286668438924,False,6104.098504486359,1671.9247427878852,False,-0.4940194503799219,26.52087881082689,7909.386595734029,351.34568762257953,0.0,0.0243895513204488,False,2951.4365234375,241.9669342041016,False,2864.735153198242,341.3422022526606,False,2543.355034388602,696.6300115509446,False,False,-0.2058398722245706,11.050282132627943,False,False
2MASS J10011629+0137555,150.31796681575,1.63212845583,2025052300100,60818.99774671452,60818.997526801286,u,1.25817142691876,37.403137789927,326.653906671539,23.26498794555664,38.0010077953339,64.7715068745283,150.174500450983,2.34133860021872,-1,u,20250523,u_24,0.2321893441505363,150.31791194957952,1.6321623971560852,745297373282959811,0,2106.0712021273,3224.8242080276045,0.30994707,0.25416884,150.31791194957952,1.6321623971560852,1.4749321e-05,1.670381e-05,6734.423221798143,729.5392191523393,6841.685391034092,443.83326976812873,False,7000.712962953987,582.078287944807,False,7622.110043999869,820.2407755424761,False,9888.490450570667,1200.0131017717852,False,12390.23044746881,1675.4066707785014,False,0.7844470097824124,27.246174074267863,6881.964386591235,357.41634275144264,0.0,0.0480604957368523,False,2905.248291015625,241.5585327148437,False,3163.1238555908203,340.39434611536893,False,5141.861410871148,695.2823794937543,False,False,0.3255401766395275,11.30697703003385,False,False
2MASS J10011629+0137555,150.31796681575,1.63212845583,2025052300101,60818.99836125775,60818.998141349846,u,1.25924993350518,37.4671861941797,326.249773997183,23.192672729492188,38.0000855922699,61.705015445209995,150.149585923553,2.28007625115181,-1,u,20250523,u_24,0.2759421000456034,150.31792935562413,1.632195337735748,745297373417177521,0,3043.475376271277,3465.68810929284,0.50772285,0.6440806,150.31792935562413,1.632195337735748,3.4246e-05,3.0109994e-05,7790.560021909604,732.8946958351706,7417.109669359304,443.8193695266268,False,7715.62779529598,583.1144453967868,False,7867.470654338756,823.623849539723,False,7917.260123833508,1201.275834713054,False,7047.124947722947,1674.6459162133006,False,-0.6117907039143544,27.002238076941428,7490.092221938377,373.8481083766811,0.0,0.0343031856331459,False,3202.742431640625,242.04969787597656,False,3265.772113800049,341.8846943654147,False,2925.2481703311205,695.1423365834199,False,False,-0.2539531582775921,11.208577698759372,False,False
2MASS J10011629+0137555,150.31796681575,1.63212845583,2025052300102,60818.99897398359,60818.998754070315,u,1.25667022811508,37.3132344329695,325.808736512161,23.21932601928711,38.0010139942169,58.63265942927921,150.211005820602,2.01587084341477,-1,u,20250523,u_24,0.3467875184030272,150.3178867878069,1.6321821230187252,745297373553491997,0,3614.6743594596674,149.78238367196371,0.22007646,0.2416444,150.3178867878069,1.6321821230187252,1.3123329e-05,1.2574831e-05,6249.504276908294,729.6820088051629,6821.971725129174,443.809308569754,False,5905.121230894193,580.8112212439142,False,5870.014010053767,820.3580278557024,False,4727.771470829545,1197.6841103565996,False,2637.789584259355,1671.8096341019714,False,-1.643675010456946,26.57822731152474,7286.564612817874,375.0812329255152,0.0,0.1550027705786764,False,2463.644775390625,242.3172149658203,False,2448.997875213623,342.2572865570812,False,1100.4984104037285,697.486962495323,False,False,-0.685749063163466,11.088563349488934,False,False
2MASS J10011629+0137555,150.31796681575,1.63212845583,2025052300103,60818.99958518341,60818.9993652757,u,1.26469803449156,37.7891488672082,325.35328006895,23.206153869628906,38.000052690506,55.4661286343345,149.955648251878,2.29529807998922,-1,u,20250523,u_24,0.3163329290270155,150.3179015835125,1.632187357354313,745297373687185492,0,1214.2832828708438,692.22365696035,0.3807395,0.6412747,150.3179015835125,1.632187357354313,3.1724758e-05,2.6696136e-05,7305.582554169548,712.8835031653781,7437.160263730432,432.40701930843176,False,7565.96064458707,567.5113443888688,False,7526.901435494709,800.4499726398384,False,9940.484572045292,1170.7451276336906,False,10541.85715614189,1632.5743746079231,False,0.5267047125972534,26.30688335510827,7790.860491313419,366.73959165224574,0.0,0.0036029497725441,False,3165.93115234375,237.47174072265625,False,3149.587059020996,334.9435218231266,False,4411.177316665649,683.1410198765881,False,False,0.2203964487828649,11.00795859870033,False,False
2MASS J10011629+0137555,150.31796681575,1.63212845583,2025052300104,60819.00563005344,60819.00541014056,u,1.28307369301716,38.8379927714261,322.189009217901,23.238357543945312,38.0009453296661,52.3535566170166,149.912915591972,2.19457188521964,-1,u,20250523,u_24,0.3609037382629412,150.3178937667619,1.6321971467689176,745297373821403380,0,2273.37797906966,1681.376904704457,0.27499565,0.30089137,150.3178937667619,1.6321971467689176,1.6206764e-05,1.5842796e-05,6662.150118525728,709.6098248938704,6275.531598151043,430.6560052100864,False,6470.767293623598,567.0457146250677,False,5895.281811591163,801.8225033703513,False,5990.513853003265,1171.5252769941058,False,6048.285578761099,1634.8446159512152,False,0.2494148444348141,25.62510770820744,6691.76758722948,356.05888204182065,0.0,0.2572534288380467,False,2709.672119140625,237.4537506103516,False,2468.68416595459,335.76792106604915,False,2532.755399428308,684.600863229228,False,False,0.1044439429510606,10.730665585104298,False,False
2MASS J10011629+0137555,150.31796681575,1.63212845583,2025052300105,60819.006244870674,60819.006024957096,u,1.28320818202232,38.8457557302215,322.427006528998,23.158649444580078,38.0010664463043,49.8450992765347,150.257535800223,2.28046710922651,-1,u,20250523,u_24,0.4296361405836812,150.3178810332648,1.6322114629118682,745297373934125542,0,892.0952831412509,3880.155229289381,0.23389266,0.27057716,150.3178810332648,1.6322114629118682,1.4233556e-05,1.3886865e-05,6995.961206512709,743.7681426172381,6515.307871551061,449.8230325028053,False,6889.774068481248,592.2754908611674,False,6573.69371915534,834.6380119241463,False,7591.20114801341,1224.5573658318715,False,8191.0120113330195,1708.9762784266,False,0.6128797447555401,27.2914552533258,6812.741924934847,391.3558013763421,0.0,0.0793768927159025,False,2809.042724609375,241.47775268554688,False,2680.173011779785,340.2918313103372,False,3339.5728900432587,696.7699279727567,False,False,0.2498783517360684,11.127050475293212,False,False
2MASS J10011629+0137555,150.31796681575,1.63212845583,2025052300112,60819.010888985125,60819.01066907199,u,1.30175432692612,39.8517849269158,319.908019113565,23.483911514282227,38.0009889602661,28.5615252103615,150.044003095926,2.25984114198109,-1,u,20250523,u_24,0.2612654555221232,150.31790622277973,1.632168436048523,745297374873649553,0,708.7028044746264,2939.548295595536,0.25919,0.25565794,150.31790622277973,1.632168436048523,1.4368099e-05,1.4258531e-05,7774.573335783414,743.3467085865428,6944.378404753725,452.0026476062416,False,7184.7569863886365,593.5969325527712,False,7301.77696185257,837.4884260851226,False,6027.926964901179,1220.477090779959,False,7407.194641491443,1699.709731545934,False,0.2197103608968522,26.81705935989012,7152.607192166494,376.3406982506693,0.0,0.0225173620044393,False,2921.6318359375,241.3820953369141,False,2969.21720123291,340.55888772785977,False,3012.08457301557,691.1752301358584,False,False,0.0893437017142891,10.904972084722171,False,False
2MASS J10011629+0137555,150.31796681575,1.63212845583,2025052300113,60819.01150549284,60819.011285585,u,1.30001979254685,39.7595116726453,319.539523545909,23.491891860961914,38.0000746250153,25.5425601584055,150.12263357063,2.0513276685864,-1,u,20250523,u_24,0.2859183946152573,150.3179106341486,1.6321846163753675,745297375028314246,0,4008.498265533708,957.0021494123644,0.19142301,0.14697789,150.3179106341486,1.6321846163753675,1.0232309e-05,8.686365e-06,8577.710509299704,719.5220831050163,8200.628883592279,440.07932936423225,False,8342.754952760326,576.2677595847051,False,8846.894491067233,811.2602659539458,False,8034.524851741043,1180.8243771069174,False,7961.259878425424,1647.158336479859,False,-0.0742958665295007,26.31765475813083,7702.000422828025,301.0793846129111,0.0,0.0425031113296832,False,3439.076171875,237.5508728027344,False,3646.89412689209,334.4202083878877,False,3281.815095975995,678.9966885481749,False,False,-0.03062647119533,10.848744796031,False,False
2MASS J10011629+0137555,150.31796681575,1.63212845583,2025052300114,60819.01212471474,60819.01190480155,u,1.30390423241744,39.9647931642309,319.552184849432,23.548158645629883,38.000999212265,22.7895746097996,150.236289795188,2.22621972889493,-1,u,20250523,u_24,0.3303385582784678,150.317897238403,1.6321883135624269,745297375145754843,0,694.553702957585,1239.481130437446,0.18769921,0.1435197,150.317897238403,1.6321883135624269,1.0109447e-05,8.394341e-06,6668.076832909848,711.9833680553228,6786.917161237559,434.5153301014815,False,6812.169318087328,570.8377512269948,False,6869.0228986486345,805.5261839354882,False,5943.989707822151,1178.8663920417391,False,7155.3578708291125,1644.134600692514,False,0.1688180664843271,26.408018271398657,7032.234877123662,289.3929288456506,0.0,0.0197359236078171,False,2816.866455078125,236.04429626464844,False,2840.3756980896,333.0891497647124,False,2958.776656784117,679.8579700635445,False,False,0.0698071240284978,10.919849073081933,False,False
2MASS J10011629+0137555,150.31796681575,1.63212845583,2025052300116,60819.01357651569,60819.01335660245,u,1.30879839081018,40.2205755627639,318.844225580049,23.475963592529297,38.001006603241,95.5263667196821,150.239704118487,2.17973043523788,-1,u,20250523,u_24,0.2923776369915116,150.31790504988143,1.6321812205225503,745297375434113053,0,925.4085856831296,269.5411470992145,0.16620103,0.1796524,150.31790504988143,1.6321812205225503,9.984421e-06,9.248735e-06,6597.582316994488,725.145655384234,7333.791571111704,442.247149550258,False,7765.177861188166,580.3899738344785,False,8695.005443743685,819.1217496949834,False,11211.025323334428,1199.3447412854173,False,13264.32320596658,1670.9203218158802,False,1.2745873602964946,26.3744360803592,6995.75993174888,296.2307630810518,1.0,0.1184305119546824,False,3190.04296875,238.4322662353516,False,3572.029060363769,336.5065971283307,False,5449.1682914197445,686.4372869798805,False,False,0.5236181990233653,10.834984835752676,False,False
2MASS J10011629+0137555,150.31796681575,1.63212845583,2025052300117,60819.014194414274,60819.01397450048,u,1.31114710755019,40.3422155123084,318.591757135194,23.507780075073242,38.0011043548584,92.5506435345891,150.259227216322,2.18659106521625,-1,u,20250523,u_24,0.2654579465997351,150.3179092334806,1.63217454608672,745297375566758388,0,687.0071141521479,3631.3900671483866,0.17935902,0.17105803,150.3179092334806,1.63217454608672,9.514199e-06,9.973203e-06,6175.423317256319,776.6445391080989,7354.338237329826,472.5389740675853,False,7284.780491503042,619.6871884314337,False,8308.65416018457,875.6180757299479,False,10385.732128673248,1276.1770892288123,False,14245.542438007884,1781.8778774565606,False,1.946028993263328,28.3983001113602,7741.927808162065,323.3308947284543,0.0,0.0151050262390505,False,2976.238525390625,253.17672729492188,False,3394.547939300537,357.7387477296767,False,5820.097430326045,727.9963469885256,False,False,0.795061219488089,11.60228711704069,False,False
2MASS J10011629+0137555,150.31796681575,1.63212845583,2025052300119,60819.01543220354,60819.015212289894,u,1.31836858671523,40.7115928650028,317.681201935779,23.67194938659668,38.0010771751404,86.2706618183547,150.00855891815,2.14666259390124,-1,u,20250523,u_24,0.2721606098931319,150.31790705320205,1.6321747885498823,745297375836766684,0,1016.8495208134608,2837.832841214932,0.14513886,0.10840489,150.31790705320205,1.6321747885498823,6.0382035e-06,8.063014e-06,6314.020106633705,721.9987706046609,6948.410445504432,443.60438053163233,False,5946.712436511384,579.434581610386,False,5170.496849931254,816.5132062978945,False,4087.32315825235,1191.8340914289909,False,4183.402177974349,1663.892098692028,False,-0.7018225204795863,27.07627288013074,7383.737011440292,273.5766681147685,0.0,0.0188230807028323,False,2444.40966796875,238.1779022216797,False,2125.3444862365723,335.62960994118936,False,1719.5969769880176,683.9466303310327,False,False,-0.288485742765277,11.129763530247164,False,False
2MASS J10011629+0137555,150.31796681575,1.63212845583,2025052300120,60819.01604786089,60819.015827947675,u,1.31793360880833,40.6895760740018,317.707178013093,23.722455978393555,38.0010027885437,83.5175601251581,150.257587041774,2.13891780314775,-1,u,20250523,u_24,0.2695519435732775,150.31790537819225,1.632171290805334,745297375969411415,0,1434.4267794296777,2154.8892436135934,0.14217569,0.11076289,150.31790537819225,1.632171290805334,6.185921e-06,7.885663e-06,7116.075740312104,748.0969449431896,6761.97398781096,455.2942850601465,False,7008.04783670373,598.8908460461589,False,6821.675768166219,845.7052067292959,False,7251.5266205479,1234.9812842130368,False,6335.417446733861,1724.4590360453672,False,-0.6944754889286179,26.997033458988497,7283.908579638649,275.31847844052203,0.0,0.0022285530501339,False,2882.50830078125,246.3321990966797,False,2805.850856781006,347.850405022025,False,2605.8459937274456,709.2941717270053,False,False,-0.2856475024387718,11.104258254978769,False,False
2MASS J10011629+0137555,150.31796681575,1.63212845583,2025052300121,60819.01666260169,60819.01644269374,u,1.32456909942225,41.0231457248828,317.28504522203,23.487316131591797,38.0000925064087,80.390826116997,150.060158983961,2.24835751118149,-1,u,20250523,u_24,0.2939311335263739,150.3178978919715,1.6321722700620556,745297376104677454,0,3130.0209666283795,591.4362632211505,0.21850052,0.17931223,150.3178978919715,1.6321722700620556,1.0038042e-05,1.2094435e-05,6780.537681627387,775.544547639678,7158.485267253153,472.88156479430006,False,7330.249405469131,619.8184566804752,False,7704.373404968852,872.3012115267652,False,7317.690098541861,1267.3834288877908,False,6072.122019278064,1765.3232468809033,False,-0.1800105582255376,27.79151766671655,7318.046274603118,326.8607743041278,0.0,0.0006313030539931,False,2962.80078125,250.5233459472656,False,3114.0173110961914,352.5739122967015,False,2454.280457243324,713.5229384030476,False,False,-0.0727581550152915,11.233005277233296,False,False
2MASS J10011629+0137555,150.31796681575,1.63212845583,2025052300122,60819.017281629225,60819.01706172183,u,1.32923248925545,41.2544625618977,316.983577717697,23.541706085205078,37.9999978542328,77.3638669031092,149.986660451834,2.31878434432512,-1,u,20250523,u_24,0.3145742268837176,150.31789802378103,1.6321823730892466,745297376238895309,0,1467.2214655830917,987.947338866114,0.14760056,0.15628201,150.31789802378103,1.6321823730892466,8.667984e-06,8.229475e-06,8885.680470905036,778.1113140532539,7297.484251224788,474.0172540616804,False,7863.632874505715,622.9838437833837,False,7145.307410999892,877.1549578173898,False,6227.387421128544,1284.3256919630253,False,6185.125872409398,1793.4534978843851,False,-0.6431127342776535,28.5638516731551,7650.087711334902,309.0648267531403,0.0,0.0003718294598198,False,3166.494873046875,250.86053466796875,False,2877.242572784424,353.209098278383,False,2490.600677408278,722.1803709212269,False,False,-0.2589659522996678,11.50197260235172,False,False
2MASS J10011629+0137555,150.31796681575,1.63212845583,2025052300123,60819.01789290727,60819.0176729932,u,1.32439086787231,41.014333876552,316.711115329763,23.57161521911621,38.0011515617371,74.384529249886,150.204773976024,2.01909243367562,-1,u,20250523,u_24,0.3085493791548368,150.3178983205,1.632180012552866,745297376372064594,0,3337.713552572832,2191.377475363053,0.16815343,0.17395632,150.3178983205,1.632180012552866,9.652319e-06,9.3772405e-06,6790.542385208883,747.5831872947934,6931.861147223181,456.4483645683718,False,6608.8984468877525,597.9670313142985,False,6435.437030635534,844.0793286581124,False,7014.2798013401925,1235.2173995939086,False,7781.151403538096,1725.3283384361991,False,0.4229850562999575,27.473758314681422,7163.421427036099,301.20196741681394,0.0,0.0065692349431611,False,2691.4599609375,243.52081298828125,False,2620.8181648254395,343.74952727684115,False,3168.8575064241886,702.6363288361061,False,False,0.1722597725256839,11.188630158973098,False,False
2MASS J10011629+0137555,150.31796681575,1.63212845583,2025052300124,60819.01851106773,60819.0182911545,u,1.33039844004551,41.3118071803287,316.408246694746,23.604129791259766,38.0010058879852,71.3497263586227,150.09033663216,2.13981154635094,-1,u,20250523,u_24,0.3056308071782801,150.3178953425579,1.6321743176164878,745297376506282462,0,627.8499522907866,3069.887856525272,0.15803358,0.12305235,150.3178953425579,1.6321743176164878,7.0684587e-06,8.608708e-06,9047.679432697549,783.4269694486184,8625.126756268859,481.6638420836714,False,9404.3089175048,630.7769253756014,False,9717.866659282976,885.6074801197713,False,10276.437175846464,1289.5624310206429,False,11749.327667595298,1795.2965964777468,False,1.5088595892064056,28.42923134818933,7845.91124921044,302.3495365702968,0.0,0.0341508535334232,False,3833.326904296875,257.1134338378906,False,3961.137393951416,360.9859065636065,False,4789.189110085368,731.7878224588047,False,False,0.6150321207914843,11.588149469722971,False,False
2MASS J10011629+0137555,150.31796681575,1.63212845583,2025052300125,60819.01912587398,60819.018905960016,u,1.333668236433,41.4721842438104,316.105203088063,23.615943908691406,38.0011327266693,68.3205762964634,150.055227239012,2.14860665220876,-1,u,20250523,u_24,0.2700530630393969,150.31790503223033,1.6321710363959767,745297376640500197,0,207.17087111896504,3073.694335084718,0.14057297,0.120972365,150.31790503223033,1.6321710363959767,6.8873337e-06,7.676278e-06,6642.636198709067,781.6270507527097,7527.690339052008,475.0117708135709,False,7689.912715996063,624.4637027665572,False,8298.679002522662,882.4830378784146,False,8641.192489381972,1288.1886891299014,False,11769.708929656888,1798.718623327803,False,0.5484469860533789,28.226212689514025,7460.128698999161,295.70100525925267,0.0,0.0003398146109581,False,3123.07763671875,253.6112823486328,False,3370.313781738281,358.3997819180336,False,4779.991152882576,730.5073691641983,False,False,0.2227388762821927,11.463414069254489,False,False
2MASS J10011629+0137555,150.31796681575,1.63212845583,2025052300126,60819.019743997706,60819.01952409048,u,1.33546976779636,41.5597318997321,315.663323905588,23.575233459472656,37.999968290329,65.1854233433884,149.991550128112,2.04215029253731,-1,u,20250523,u_24,0.324295961186766,150.31789117002592,1.632177416747963,745297376776290326,0,1416.6103576546298,127.23014484692273,0.19512802,0.17194347,150.31789117002592,1.632177416747963,9.801639e-06,1.063522e-05,8954.581246803522,733.8158735253966,6987.311391068122,448.2160630443998,False,7946.595161084732,589.4943278563916,False,7111.008045392407,826.6982304209798,False,6403.3694936376205,1206.207788251416,False,4231.931484321039,1682.2985683991913,False,-1.103909948292278,26.901840401914026,7329.505569186702,292.6250967312226,0.0,0.0476957559420933,False,3233.705810546875,239.8827667236328,False,2893.6805725097656,336.4080863679268,False,1722.0987294912338,684.5772995140942,False,False,-0.4492137754285651,10.94715860801437,False,False
2MASS J10011629+0137555,150.31796681575,1.63212845583,2025052300127,60819.02035760998,60819.020137696236,u,1.3373189640241,41.6493590166064,315.408296383072,23.507043838500977,38.0010950565338,62.197088995925,150.023654157938,2.01088709769156,-1,u,20250523,u_24,0.2789009101156173,150.31791518185392,1.6321862320191851,745297376908935710,0,2072.980532762811,3630.246831651204,0.15871626,0.15715078,150.31791518185392,1.6321862320191851,8.758565e-06,8.807908e-06,6926.274457021762,764.3487022790271,7136.876863075754,464.7904768113469,False,7362.85332256821,610.2976417111447,False,7811.903335284813,860.8567765607693,False,8488.86243366758,1260.3140961056356,False,10769.693089479588,1759.8931924146402,False,0.6698218695597489,27.65822088350476,7776.82211585775,315.8303154396415,0.0,0.0408187777849757,False,2977.2080078125,246.7770233154297,False,3158.7837142944336,348.0919117185952,False,4354.781373873353,711.6219590157443,False,False,0.2708459542102673,11.183745361845002,False,False
2MASS J10011629+0137555,150.31796681575,1.63212845583,2025052300128,60819.02097333546,60819.02075342244,u,1.34081555784129,41.8175701340303,315.617493056361,23.5414981842041,38.0009698867798,59.5783749075265,150.255013535234,2.22974101861925,-1,u,20250523,u_24,0.3292088882825468,150.3178903201907,1.6321786127290163,745297377041580419,0,715.8687164361942,1885.363041997092,0.14437656,0.15361844,150.3178903201907,1.6321786127290163,8.413824e-06,8.16233e-06,7982.337959120964,738.6904589072661,7832.277579843363,449.7903978524384,False,8180.492159918351,590.2319114951342,False,8663.721627649578,832.8607814582954,False,10137.851522273544,1215.505572271232,False,13071.499060999548,1695.931662852821,False,1.0504447397291008,26.44901174711265,7797.821561849494,301.4860694802336,0.0,0.0001256977349595,False,3314.331298828125,239.1328125,False,3510.1120071411133,337.43404450389824,False,5295.925674587488,687.1077290932622,False,False,0.4255883155333616,10.715832952696472,False,False
2MASS J10011629+0137555,150.31796681575,1.63212845583,2025052300129,60819.02158864962,60819.02136873592,u,1.3450511201933,42.0193099004882,315.329789634015,23.511619567871094,38.0010879039764,56.5533390011259,150.20129582817,2.27355529575585,-1,u,20250523,u_24,0.3102897569524516,150.31789476805574,1.6321758091049337,745297377175273729,0,3996.587448743238,1727.430897844098,0.19607857,0.15568158,150.31789476805574,1.6321758091049337,9.400628e-06,1.0267989e-05,7990.372533705747,734.3440789793194,6880.387240270018,447.33287376785154,False,6998.391069332864,587.5672193827967,False,5296.275736417124,827.905329720813,False,5348.724435083759,1211.799164153444,False,6308.206044999209,1691.1018315387005,False,-0.0388335060070716,26.50061337213571,7469.437815255264,307.9771316535939,0.0,0.0005183592579528,False,2836.821533203125,238.17236328125,False,2146.8633155822754,335.59423066500955,False,2557.05269497633,685.4938575196751,False,False,-0.0157412932428675,10.742113424697733,False,False
2MASS J10011629+0137555,150.31796681575,1.63212845583,2025052300130,60819.022203362154,60819.02198345185,u,1.3493890008494,42.2243160065186,315.097608133079,23.58837890625,38.000500202179,53.5714458640406,150.174349207686,2.3412521099255,-1,u,20250523,u_24,0.281860798798973,150.31790669929796,1.632178645458905,745297377309491335,0,2975.523309444382,833.6070404174677,0.1400504,0.12391597,150.31790669929796,1.632178645458905,7.2217567e-06,7.479863e-06,7520.280600100999,723.1062350615985,6772.708320263359,442.0835154113062,False,6584.742715017103,580.4319786973592,False,5595.666366948078,818.3676082675382,False,5369.677978272632,1197.5711173611614,False,5010.21522354815,1670.2247811955028,False,-0.3698355368620113,26.33674461698302,7496.170691856797,280.50356928800136,0.0,0.0296298607559665,False,2672.88134765625,235.6091766357422,False,2271.395088195801,332.1921007901792,False,2033.748530253768,677.9782988133205,False,False,-0.1501237862983592,10.690621713157888,False,False
2MASS J10011629+0137555,150.31796681575,1.63212845583,2025052300131,60819.02281900284,60819.02259909505,u,1.35158540757924,42.3268193822967,314.75185168899,23.633777618408203,38.0000667572021,50.5062022457569,150.149576918428,2.2800810060555,-1,u,20250523,u_24,0.2884671372313207,150.31789816556096,1.6321698291711244,745297377443709128,0,3841.228293207467,1257.231355307995,0.1436889,0.1265226,150.31789816556096,1.6321698291711244,7.4386417e-06,7.616153e-06,7938.237365901537,730.3061229550793,7940.252708345998,447.6442027370796,False,7920.19491866814,585.8792006906314,False,7958.872552064978,825.2878472610716,False,8143.167151805435,1203.5468262303068,False,9661.564790290937,1679.3058872317224,False,0.5484470084126476,27.08730716005094,7697.9284739485,279.7660439012312,0.0,0.0403546192746475,False,3225.179443359375,238.5756378173828,False,3240.9293471723795,336.06513819085546,False,3934.281980723143,683.8294868029451,False,False,0.2233328895902811,11.030211645756845,False,False
2MASS J10011629+0137555,150.31796681575,1.63212845583,2025052300133,60819.02405021712,60819.023830303624,u,1.36037002301347,42.7329240809558,314.024525846498,23.6545467376709,38.0010528564453,44.3217822448194,149.955661125564,2.29539600067984,-1,u,20250523,u_24,0.3191689632572568,150.31789200917174,1.6321760873812063,745297377712144805,0,1745.8657103496664,2331.058546303176,0.13221575,0.103556596,150.31789200917174,1.6321760873812063,6.624566e-06,6.5820273e-06,6542.127094549704,745.5615132406713,6619.156180057422,455.63792580389554,False,6831.675389415904,598.4339803898883,False,7655.414771224585,843.340274247737,False,5098.724524776536,1227.5992546614634,False,2506.705663702501,1709.2543958902534,False,-1.4782148259224062,26.51115753463068,7760.087777066066,279.9732425753875,0.0,0.0249893006621982,False,2766.884521484375,242.37066650390625,False,3100.5057220458984,341.5597226378104,False,1015.2363374233246,692.2620384737302,False,False,-0.5986891191595561,10.737236072844944,False,False
2MASS J10011629+0137555,150.31796681575,1.63212845583,2025052300134,60819.02753780842,60819.02736419168,g,1.3739719668596,43.3454083900179,312.803636528778,24.509063720703125,30.0009732246399,94.5066400952747,150.19674515393,2.24914235662651,-1,g,20250523,g_6,0.3123865654589258,150.31789764938648,1.6321808927470056,745297377849508416,0,3930.591556717084,909.1269082622216,0.010816036,0.0106521845,150.31789764938648,1.6321808927470056,5.922222e-07,6.0106873e-07,79605.51733926445,384.55734148371954,77763.87555702738,272.8669323651244,False,78969.62269399989,325.5786943800783,False,79543.45858787629,423.6510409664979,False,79126.39336074062,588.2259462388811,False,77991.87203782497,802.285518515428,False,-0.3938006096357192,12.598235098424418,78280.63479652451,250.6705764738206,0.0,7.992210174445624e-06,False,173819.953125,716.6309204101562,False,175083.02270507812,932.4978589235328,False,171667.8271881342,1765.9098076432072,False,False,-0.8667941060414613,27.72996197222865,False,False
2MASS J10011629+0137555,150.31796681575,1.63212845583,2025052300135,60819.02806302253,60819.02788940502,g,1.37485381300137,43.3849649910689,312.574517046728,24.548009872436523,30.0011055469513,91.4972250607908,150.239762017099,2.17973433093998,-1,g,20250523,g_6,0.313631131885093,150.3178961968349,1.6321795133170984,745297377982679418,0,783.4748575425853,3761.419722207791,0.010250681,0.009706756,150.3178961968349,1.6321795133170984,5.3967875e-07,5.69822e-07,79751.5313675556,383.18181463803296,77813.76110595187,272.5677668072351,False,79250.05477409267,325.2647090097857,False,79516.17812165113,422.8831067264993,False,79818.86741572918,588.5476901553187,False,79984.16200141051,801.0936116459491,False,0.1214347894996746,12.311579842994798,79738.03084297154,253.5174086134301,0.0,0.0022956771302781,False,174874.171875,717.7332153320312,False,175461.40301513672,933.1392047554642,False,176494.06215533614,1767.7032821021428,False,False,0.2679595403574745,27.1668875895904,False,False
2MASS J10011629+0137555,150.31796681575,1.63212845583,2025052300136,60819.028586217355,60819.028412600375,g,1.37741681358489,43.4978644969644,312.39142436268,24.61542320251465,30.0010137557983,88.5188253662222,150.259394081177,2.18649837310657,-1,g,20250523,g_6,0.313033694342752,150.31789656532143,1.6321797378441671,745297378116896701,0,616.7659045789609,2889.974932303425,0.009958809,0.009207952,150.31789656532143,1.6321797378441671,5.1191586e-07,5.5349983e-07,80208.3472462555,384.0301712015324,78341.8932374628,273.3415563900965,False,79778.9871570081,325.9079104566897,False,80378.49695400865,423.0383679039337,False,80275.21998811615,587.4326216781553,False,81004.58020999355,801.2290358798101,False,-0.2515071736924311,12.22524303936886,80293.29487989875,253.83413222759324,0.0,0.0063551657154004,False,175503.515625,716.9555053710938,False,176822.36010742188,930.6300249874828,False,178199.66278341413,1762.6008756039148,False,False,-0.5532834492002161,26.89396305015412,False,False
2MASS J10011629+0137555,150.31796681575,1.63212845583,2025052300137,60819.02910952353,60819.0289359059,g,1.37826491100756,43.5350556982185,311.970105786394,24.625450134277344,30.0011258125305,85.363081386365,150.201345596668,2.02906095702147,-1,g,20250523,g_6,0.3086676064838194,150.31789707977651,1.6321783793577993,745297378251115056,0,3341.3929037048915,3605.2300838270808,0.009785158,0.009099996,150.31789707977651,1.6321783793577993,5.0616524e-07,5.4374254e-07,79843.57835483747,384.30295435168745,78209.48559343236,273.7398262674173,False,79650.98534608263,326.3820941564848,False,80308.0245531093,423.89598402280353,False,80519.69539505591,588.4015880582568,False,81198.69163869601,802.9993759733128,False,0.3827680240415582,12.821694729386756,79703.47555851021,252.5456621325237,0.0,0.0004413266283025,False,175483.265625,719.0695190429688,False,176930.82318115234,933.9074870001324,False,178893.09857654572,1769.1300638450225,False,False,0.8432963201119351,28.24814849663749,False,False
2MASS J10011629+0137555,150.31796681575,1.63212845583,2025052300138,60819.029631473495,60819.029457856595,g,1.38597131985104,43.8703179204908,311.658536675986,24.623371124267578,30.0010006427765,82.276659970333,150.008566932652,2.14667469918575,-1,g,20250523,g_6,0.3062535733693534,150.31789786633692,1.632178323800037,745297378386904497,0,718.9200734950098,2132.86246501332,0.009939575,0.009114572,150.31789786633692,1.632178323800037,5.075064e-07,5.516534e-07,79364.22745593017,381.6850792535655,78097.21637081435,272.00076731054514,False,79290.87395743484,324.1712748109411,False,80237.29634284171,420.7991779473185,False,80516.50383412778,584.9201398971592,False,80695.77611755072,797.380721768615,False,0.5497512470481346,12.17347135420407,79443.60014159008,250.48554128309013,0.0,0.0010529740210428,False,174090.15625,711.746826171875,False,176168.11065673828,923.9019698287884,False,177174.7437234819,1750.7201966011328,False,False,1.2070276908363935,26.727937584544275,False,False
2MASS J10011629+0137555,150.31796681575,1.63212845583,2025052300139,60819.03015675932,60819.0299831419,g,1.3849466411531,43.825856950118,311.716469704665,24.639938354492188,30.0010890960693,79.4857009682648,150.257404532948,2.13892769267048,-1,g,20250523,g_6,0.309130514926596,150.31789704395638,1.6321785500627937,745297378519548885,0,1480.6327119389266,1498.3365853169837,0.010195369,0.00847118,150.31789704395638,1.6321785500627937,4.7448677e-07,5.6376297e-07,78668.90690355386,384.6389486363155,77332.4282177585,273.0792256501117,False,78567.12993149566,325.9635042090502,False,79453.06765147789,424.5034197228553,False,80097.86274273727,590.5314970203475,False,80330.61926278342,805.3438331488651,False,0.7555687001663018,12.293688797412983,79387.06178008871,252.5813854178676,0.0,0.0032761922253369,False,172939.15625,717.4992065429688,False,174889.25067138672,934.4017440387702,False,176820.88589030504,1772.6940403364963,False,False,1.6631307979507608,27.06042806550825,False,False
2MASS J10011629+0137555,150.31796681575,1.63212845583,2025052300141,60819.03120546072,60819.03103184325,g,1.39800929217493,44.3831958811372,311.174350041777,24.58115577697754,30.0010986328125,73.3735743011237,149.986378958143,2.31879183955594,-1,g,20250523,g_6,0.3069012052837002,150.31789797288673,1.632178776050494,745297378789031962,0,1317.3429426791547,47.95712600035063,0.011479278,0.0100362655,150.31789797288673,1.632178776050494,5.648376e-07,6.318542e-07,80061.38145478627,390.904692160446,78479.63914050769,276.7562900204667,False,80418.75767735757,330.72687019757376,False,81828.11846130516,430.410377936664,False,83245.94828429053,597.7451746192955,False,84160.07699406618,814.9313039774211,False,1.1418720581365889,12.333584348558608,80345.08826256583,258.94585972041176,0.0,0.0004312118253374,False,175395.953125,721.326171875,False,178469.8153076172,938.739177941168,False,183555.89349776504,1777.3919533298554,False,False,2.4904604817100084,26.899952756570617,False,False
2MASS J10011629+0137555,150.31796681575,1.63212845583,2025052300142,60819.03172731136,60819.03155369432,g,1.3921873354955,44.1367409367608,310.926547233221,24.58747100830078,30.0010237693787,70.3607231837833,150.204905966976,2.01910133027211,-1,g,20250523,g_6,0.3033505808384106,150.31789766094806,1.6321766421691253,745297378922202130,0,3383.3050543406466,1680.6309438561884,0.01149289,0.010432741,150.31789766094806,1.6321766421691253,5.870037e-07,6.325045e-07,79197.69206426373,386.1144840553615,77399.11415765207,273.1907193947812,False,79289.31301450515,326.5712463365303,False,80659.56607034804,425.1565789290015,False,81242.05667428277,590.9897587466155,False,80948.6064603926,806.0169658702997,False,0.3748228021034595,12.579058076985516,79450.14404327128,256.16390568607915,0.0,0.0005760623534405,False,174152.6875,717.287841796875,False,177162.33966064453,933.8227059079984,False,177797.19395321608,1770.352339302388,False,False,0.8232685571466167,27.62890340498785,False,False
2MASS J10011629+0137555,150.31796681575,1.63212845583,2025052300143,60819.0322521672,60819.03207854963,g,1.39903975437435,44.4264859152617,310.71085398821,24.563396453857422,30.0011162757874,67.3435671192077,150.090157692026,2.13981846427845,-1,g,20250523,g_6,0.314298554767083,150.31789627361445,1.632179934311209,745297379056420396,0,607.241374571644,2369.726717569275,0.012395132,0.008102656,150.31789627361445,1.632179934311209,4.933773e-07,6.589239e-07,80465.37451989726,386.1280308356068,78416.06174142039,274.3026922373068,False,80009.49215013211,327.4656279941463,False,80427.61976490234,426.1035201516106,False,81053.81390675952,591.6602116436155,False,81565.90743838326,806.5436461465746,False,0.502485553428473,12.100695746890423,80936.42213454653,254.9187844259612,0.0,0.0109996498786336,False,175708.625,719.1463623046875,False,176626.8739013672,935.7647651732492,False,179126.66432106495,1771.2482764042536,False,False,1.1035071377482208,26.574304549262827,False,False
2MASS J10011629+0137555,150.31796681575,1.63212845583,2025052300144,60819.03277742538,60819.03260380873,g,1.40272772326422,44.580408582834,310.477618267231,24.604459762573242,30.0009574890137,64.3201814233649,150.055305172887,2.14861735965956,-1,g,20250523,g_6,0.3096413057212264,150.31789752404637,1.6321794512078904,745297379190638110,0,179.1761216584223,2347.86335929215,0.0111446455,0.009241389,150.31789752404637,1.6321794512078904,5.3527555e-07,6.009032e-07,79056.53200212267,388.3227316320956,77501.58065334645,275.186607234736,False,78752.58152505483,328.7676195343548,False,79685.74262383165,428.4520673882452,False,79944.05392886791,595.4394321430539,False,80408.71532570207,812.4634651293622,False,0.5806596753330217,12.092086026456627,79264.71343429938,253.99999731103748,0.0,0.0024229459173015,False,172163.9375,718.7310791015625,False,174203.95556640625,936.6549454395712,False,175784.47298753262,1776.156495734221,False,False,1.2694016388656413,26.434957465377543,False,False
2MASS J10011629+0137555,150.31796681575,1.63212845583,2025052300145,60819.03329943505,60819.033125817456,g,1.40481221680239,44.6667487853224,310.107893731637,24.627742767333984,30.0011191368103,61.1943574848773,149.991527593067,2.04216375513292,-1,g,20250523,g_6,0.3125874652521216,150.3178967898033,1.6321798345027414,745297379324856927,0,1295.5040416885065,3707.2651896260863,0.010340748,0.008357389,150.3178967898033,1.6321798345027414,4.924844e-07,5.510628e-07,80360.52812125465,387.6035808296208,78283.78306925858,274.803819897815,False,79828.05450229708,328.19773820022056,False,80144.1636669704,426.8905100743529,False,79779.46384831867,593.6750620572819,False,79867.41616063053,809.6777353688032,False,-0.1600494942599023,12.393512367589304,80450.17635860224,255.29941534621565,0.0,0.000150865894302,False,175341.109375,720.88134765625,False,176035.4383544922,937.6585222422372,False,175427.56665974855,1778.4448492568288,False,False,-0.3515462834889888,27.222161696592018,False,False
2MASS J10011629+0137555,150.31796681575,1.63212845583,2025052300146,60819.033822497426,60819.03364888643,g,1.40673890444413,44.7468432845844,309.912036270345,24.60748291015625,29.9999809265137,58.20163943078481,150.023943514552,2.01090458636751,-1,g,20250523,g_6,0.30846828294096,150.31789731451585,1.6321786108404368,745297379459074036,0,1999.1650341558625,3029.176415526354,0.011297713,0.009045689,150.31789731451585,1.6321786108404368,5.40676e-07,5.958494e-07,79459.77721464298,387.9466624848992,77545.36104221489,274.5583608859836,False,79425.70000912451,328.39867263177746,False,80255.11844750037,427.8386729882046,False,81156.42989437768,594.4388782176371,False,82333.32190023008,810.7554378808508,False,0.9531252255219516,12.499870797833651,78886.33241505334,253.24670300893857,0.0,4.186264992711575e-05,False,174244.359375,720.4420776367188,False,176063.94024658203,938.5938743015878,False,180623.1097500324,1778.6379203093866,False,False,2.0909692241446507,27.42225726922873,False,False
2MASS J10011629+0137555,150.31796681575,1.63212845583,2025052300147,60819.034343319145,60819.0341697015,g,1.41002545665852,44.8817228314834,310.163033240761,24.584671020507812,30.001128911972,55.5475708027399,150.254846644606,2.22965398466844,-1,g,20250523,g_6,0.3091707729787691,150.3178969469463,1.632178433997741,745297379591717661,0,1065.604518423052,1198.9349537495564,0.010813218,0.009604446,150.3178969469463,1.632178433997741,5.5634024e-07,5.803168e-07,79565.54051403671,388.65684870004407,77967.39452766987,275.3194024519723,False,79400.54083311583,328.938217530926,False,80124.18726745863,428.3850689898038,False,80992.2645567346,595.5577028091573,False,81293.56222193233,812.2160182836027,False,0.6203778364992871,12.458148631708776,79567.54005157432,253.8678634879344,0.0,0.0006706157024349,False,172818.265625,715.9464111328125,False,174393.30932617188,932.3962263439244,False,176938.49792787433,1767.8187342279757,False,False,1.350275711110536,27.115629400504297,False,False
2MASS J10011629+0137555,150.31796681575,1.63212845583,2025052300148,60819.03486655337,60819.03469293634,g,1.41476624740229,45.0747790028954,309.947470701875,24.550582885742188,30.0010232925415,52.5313032625049,150.201334180456,2.27357153551363,-1,g,20250523,g_6,0.3106088686221868,150.31789714315573,1.6321793866430172,745297379725935225,0,122.50871093561062,987.60169516099,0.011272736,0.00925299,150.31789714315573,1.6321793866430172,5.585967e-07,5.8734696e-07,80036.46487943003,388.1469022783388,77937.6411650672,275.02300783821136,False,79547.33849241072,328.86578461112697,False,79872.62124307282,428.207866795458,False,80102.25257425048,596.2545622374058,False,80580.86915876299,812.5162894821602,False,0.1693674197582081,12.405923785082166,74703.44721760938,238.7531274747761,1.0,0.0004986122439738,False,172908.234375,714.8397827148438,False,173615.28588867188,930.7749020434134,False,175154.77041351795,1766.1276879639454,False,False,0.3681458370079249,26.966161509904296,False,False
2MASS J10011629+0137555,150.31796681575,1.63212845583,2025052300149,60819.03539085956,60819.03521724209,g,1.41957821031865,45.2685581288527,309.783192040152,24.493026733398438,30.0010979175568,49.5539508675915,150.174459466905,2.34127220433874,-1,g,20250523,g_6,0.3045436883712346,150.317898357697,1.6321781920373395,745297379859628045,0,3392.5859946622872,34.10536463650002,0.012189924,0.009591753,150.317898357697,1.6321781920373395,5.9847764e-07,6.2053806e-07,80347.42047123837,392.7401619291427,78146.13405742351,276.97400352575727,False,80084.4378611552,331.4160668484652,False,81144.28396429693,431.9153489727119,False,81338.11140443374,600.0248296140384,False,,,True,0.0657720951656705,12.614902861716972,80299.22957431489,260.8811187513712,0.0,8.140171003290231e-05,False,172611.75,714.3248901367188,False,174896.11254882812,930.9382225707376,True,,,False,False,0.1417633281936253,27.18980762300084,False,False
2MASS J10011629+0137555,150.31796681575,1.63212845583,2025052300151,60819.03644384879,60819.0362702315,g,1.4192480279808,45.2558166525689,309.117104902972,24.495271682739258,30.0010671615601,43.3681544846423,150.210718143941,2.0157939403292,-1,g,20250523,g_6,0.3118211099474282,150.31789669383727,1.6321793420436344,745297380132259402,0,134.58976621420348,2644.385898221532,0.012642159,0.009790713,150.31789669383727,1.6321793420436344,6.33314e-07,6.237365e-07,79306.08531367099,389.6708260579232,77016.13210830338,274.5637921158044,False,79333.4315314816,328.95520206800325,False,80566.63800360322,429.6173532344969,False,81382.62229211284,596.5087393407117,False,82003.75209545813,813.1940079588026,False,0.3727248771517812,12.80826098545281,79913.11101052015,259.9836190864788,0.0,0.0047476869033963,False,172775.375,716.4111938476562,False,175461.09912109375,935.6370684929004,False,178590.9010387063,1771.0049465978416,False,False,0.8117344627425228,27.894319609524526,False,False
2MASS J10011629+0137555,150.31796681575,1.63212845583,2025052300152,60819.03696702246,60819.03679341146,g,1.431984432422,45.7604770931153,308.92021940585,24.56989097595215,29.9999806880951,40.3375103412338,149.955612562019,2.29531192727297,-1,g,20250523,g_6,0.3107955875336395,150.3178967829497,1.6321789792759211,745297380262282160,0,2061.8639694853828,1455.1485555286283,0.0108467,0.009410493,150.3178967829497,1.6321789792759211,5.7094576e-07,5.575927e-07,79832.77743469743,387.9162078077237,78423.26136074148,275.5748660378986,False,79770.50162699562,328.9880898309221,False,80876.30392408681,427.9464782785212,False,81087.1778245689,595.0887634955131,False,80784.54107142545,811.5823582029692,False,0.3998013669724959,12.387320976657008,79813.72239105165,254.3486450469039,0.0,0.0007702658685068,False,172854.296875,712.8826293945312,False,175250.45428466797,927.315061259848,False,175051.613822937,1758.6137108589244,False,False,0.8663275617951934,26.842023228049605,False,False
2MASS J10011629+0137555,150.31796681575,1.63212845583,2025052300153,60819.03749054286,60819.037316925904,g,1.43407794383834,45.8421282911623,308.587056362404,24.536006927490234,30.0010101795197,37.2342492479194,149.912888780995,2.19448750557115,-1,g,20250523,g_6,0.3147301930080352,150.31789587333577,1.6321795870023772,745297380396500596,0,2819.65072020448,2679.5556692545,0.01188822,0.009652817,150.31789587333577,1.6321795870023772,6.183515e-07,5.8488587e-07,79483.82927535988,389.7546652561278,77941.13914704847,275.85977557769644,False,79379.31496648693,329.6433923483351,False,80535.84687321968,430.0011773827489,False,81529.91972342302,598.4196705851647,False,82103.24901355738,815.4525584533658,False,0.6610060045310235,12.690977456013554,79915.08203609475,257.9850546380263,0.0,0.0003972191891949,False,171897.921875,713.8511352539062,False,174402.42108154297,931.1784666711276,False,177796.67021030188,1765.8832183795705,False,False,1.431425284707373,27.482633884812834,False,False
2MASS J10011629+0137555,150.31796681575,1.63212845583,2025052300154,60819.03801396572,60819.037840348734,g,1.43300410812447,45.8001591669282,308.827834529354,24.49299430847168,30.0010154247284,34.5881701498439,150.25755973053,2.28058091999257,-1,g,20250523,g_6,0.3080680853782513,150.31789707653317,1.632178088247223,745297380510794664,0,3004.374727947661,1596.764426325511,0.012309229,0.01062495,150.31789707653317,1.632178088247223,6.555422e-07,6.222387e-07,80286.71066654645,391.490201297296,78418.5953795128,276.6603703841617,False,80454.77889593938,331.0020231501497,False,81667.76431609386,431.1455037451975,False,82739.99947567433,599.1408532919874,False,83229.3570711418,817.3834293956763,False,0.520159394286332,12.706182401101575,81012.08461536147,260.6933837406864,0.0,0.0007858275672633,False,173916.90625,715.51806640625,False,176538.9838256836,931.9955033615412,False,179914.63639110327,1766.9155171550176,False,False,1.1244144083493168,27.46660874310493,False,False
2MASS J10011629+0137555,150.31796681575,1.63212845583,2025052300155,60819.03853933948,60819.03836572217,g,1.4321930438419,45.7685780190793,308.383072018388,24.459522247314453,30.0010714530945,31.408017313857,150.233851377905,2.04166742901021,-1,g,20250523,g_6,0.312872467037758,150.317896799354,1.63217998115234,745297380669129226,0,1130.6621187173862,828.5163098280793,0.012199156,0.010239449,150.317896799354,1.63217998115234,6.5061226e-07,6.006966e-07,79497.12826768801,388.8895467691602,76996.75862441082,274.2084224254143,False,78832.48197597108,328.269211631158,False,79430.69389336623,428.31538321172303,False,79544.71063238608,595.6119434258945,False,79577.30338611774,812.8479587844596,False,0.1145714577855272,12.577634759424614,78466.3302312534,255.0091524024685,0.0,0.004051833301331,False,171755.421875,715.2130126953125,False,173058.7696533203,933.1875325390016,False,173378.1935081482,1770.9837440334848,False,False,0.2496213308720271,27.403386397920496,False,False
2MASS J10011629+0137555,150.31796681575,1.63212845583,2025052300156,60819.039063642136,60819.03889002522,g,1.43964143747718,46.0577614562416,308.241571760969,24.395952224731445,30.0010023117065,28.4343147652357,150.151671427464,2.18526821470178,-1,g,20250523,g_6,0.3188841792546048,150.3178952444715,1.6321806854777603,745297380779230859,0,3145.9067760575062,3251.446338663658,0.015022679,0.011785029,150.3178952444715,1.6321806854777603,7.9783774e-07,6.999745e-07,79848.97206712786,393.3600200391029,77420.7710117604,276.5341364294367,False,79796.41326251131,331.5141136298222,False,81367.25863313103,432.5834346780257,False,81184.73718327514,600.1549040700951,False,80751.29282152595,819.6506586066431,False,-0.3119433768232719,12.734222922264127,80208.1601643518,263.3804417042992,0.0,0.0016811842744821,False,171864.921875,714.0126342773438,False,175248.19696044922,931.6949868508198,False,173921.53437298536,1765.3574972448537,False,False,-0.6718613267840012,27.426874695155703,False,False
2MASS J10011629+0137555,150.31796681575,1.63212845583,2025052300157,60819.039587964784,60819.03941434745,g,1.44272319370146,46.1755823267784,308.251917236785,24.46883201599121,30.0010755062103,25.5950882848467,150.266106164615,2.27726667074123,-1,g,20250523,g_6,0.3095729087507309,150.3178971656353,1.6321789286221362,745297380917119285,745297380917117215,400.4250006785364,505.764438081538,0.012065215,0.011509084,150.3178971656353,1.6321789286221362,6.65077e-07,6.4542104e-07,80147.49218091449,391.2798726057834,77207.47618901258,275.6266449107128,False,79429.17527923084,330.44250330750026,False,79792.5795172701,430.9004898151155,False,79876.6542057398,599.017373903822,False,80568.57812127042,818.4284630712982,False,0.252178476925492,12.73348321746569,78989.8245205595,257.0743917242409,0.0,0.0023057945577641,False,171006.34375,711.4232788085938,False,171788.73170545697,927.7034165887236,False,173459.41106928885,1762.028355434158,False,False,0.5429254321207617,27.41444060782246,False,False
2MASS J10011629+0137555,150.31796681575,1.63212845583,2025052300159,60819.04063972704,60819.04046610962,g,1.45087684406896,46.4852742203282,307.776779260571,24.53596305847168,30.001091003418,19.5190195783331,150.182674632198,2.26978098469094,-1,g,20250523,g_6,0.3106804467648644,150.31789695801243,1.6321791664497185,745297381185552753,0,116.6386935268519,564.8904376750388,0.010853398,0.009899268,150.31789695801243,1.6321791664497185,5.9772975e-07,5.563372e-07,79358.32830533943,388.3549046527093,78133.59918944439,274.97467277355435,False,79337.770404201,328.41915741317115,False,80405.82060251755,428.164130572152,False,80850.82016536049,595.0658754109819,False,80386.77420231428,811.5694811246448,False,0.4844047632072069,12.658874867842686,79982.78147877444,254.05084113924724,0.0,0.0049198749342931,False,171575.859375,710.2392578125,False,173885.62469482422,925.9477331187616,False,173844.43495044112,1755.1001302036916,False,False,1.0475737231987938,27.376082326302573,False,False
2MASS J10011629+0137555,150.31796681575,1.63212845583,2025052300161,60819.04168941305,60819.04151579553,g,1.46018864300656,46.8326771301039,307.250293044909,24.598752975463867,30.0011074542999,13.3941703911105,150.044206063376,2.25985513003907,-1,g,20250523,g_6,0.3065450541885856,150.317897574377,1.6321780570732,745297381450318225,0,3085.436084227863,709.6675860186582,0.010633476,0.010451381,150.317897574377,1.6321780570732,5.9054656e-07,5.813495e-07,80023.89500624267,392.1800764231632,78346.39253563662,277.3025856304128,False,80205.17012290133,331.91375141823613,False,81167.2321747243,433.3090209844529,False,82074.73569212673,602.5406604277157,False,83571.20541255469,822.3156581163347,False,0.9596152739720262,13.113486453772842,79381.1312749851,254.21805853260207,0.0,2.847522872495567e-05,False,172801.28125,715.1050415039062,False,174874.03485107422,933.5601918001148,False,180053.37247920036,1771.67131615953,False,False,2.0674820413115467,28.2528826682139,False,False
2MASS J10011629+0137555,150.31796681575,1.63212845583,2025052300162,60819.04221461984,60819.04204100278,g,1.45818122672534,46.7581107342129,306.942964319517,24.624217987060547,30.0010273456573,10.3219847059654,150.122653460227,2.05144791559723,-1,g,20250523,g_6,0.3084290865018018,150.31789682626786,1.6321779089239898,745297381588208059,0,1433.837669065083,3747.5673737471216,0.0100907795,0.009459522,150.31789682626786,1.6321779089239898,5.599428e-07,5.27035e-07,79550.82963575836,388.8553684914336,78012.26791097163,275.40231685139673,False,79372.26373563749,329.2591651254791,False,80096.62695948506,428.6393239573415,False,80013.2993136647,596.3013175185755,False,80431.95701102853,814.2957189411788,False,0.3115905430699363,12.656216532421226,78554.0828563048,250.34801444637213,0.0,0.0008699579128155,False,172433.671875,715.3048706054688,False,174007.32751464844,931.2050464650692,False,174735.82118934393,1769.0310720730602,False,False,0.6769203615261222,27.49522044626543,False,False
2MASS J10011629+0137555,150.31796681575,1.63212845583,2025052300163,60819.04273919154,60819.04256557977,g,1.46302307270096,46.9365567749042,307.033340814187,24.556262969970703,30.0001132488251,7.53747844026128,150.23632591184,2.22623507034024,-1,g,20250523,g_6,0.3072855873226058,150.31789745142964,1.632178238660109,745297381722423379,0,3382.515333472137,133.3304656758706,0.009933954,0.010582267,150.31789745142964,1.632178238660109,5.529261e-07,5.876079e-07,79897.38303195353,390.17860035848497,78484.65444712265,276.0610119017971,False,79910.03734578067,330.0492815251207,False,81022.29871064729,430.918496009475,False,81185.9822948255,599.004613664937,False,81585.42967151881,817.2501843283786,False,0.5962048806066222,12.833998028589312,80359.74875554841,255.08551507022727,0.0,0.0014158845472237,False,172459.453125,712.302490234375,False,174859.90234375,929.99541273729,False,176075.2347447276,1763.7649103541498,False,False,1.2867115455716034,27.6979507823332,False,False
2MASS J10011629+0137555,150.31796681575,1.63212845583,2025052300166,60819.04738498699,60819.04721136994,r,1.49479485314877,48.0689418683515,305.365096640965,24.10187530517578,30.0010249614716,85.7904303092846,150.239630951078,2.17974465754255,-1,r,20250523,r_57,0.2925653812815735,150.31790045495214,1.632175406135142,745297382143428431,0,708.1226723301068,2781.65679576578,0.0058615133,0.0052451217,150.31790045495214,1.632175406135142,2.9172378e-07,3.2554553e-07,256785.74018495585,665.1133310085971,252057.1665950811,484.5253282334993,False,256618.0851741469,569.0788545841189,False,260110.62342912305,728.9077636773121,False,260580.04179243668,998.8069157834116,False,259888.23617871484,1353.4215986949068,False,1.2786103855962254,20.85305908303721,257377.91216246347,469.6664217608248,0.0,7.464257721845335e-05,False,531490.875,1178.6395263671875,False,538724.3956298828,1509.666884343884,False,538263.801458478,2803.119777182112,False,False,2.648175603693144,43.18951492038772,False,False
2MASS J10011629+0137555,150.31796681575,1.63212845583,2025052300167,60819.04790885035,60819.04773523275,r,1.49839932479176,48.1932169099219,305.210275171906,24.09848403930664,30.0011210441589,82.8080210876321,150.258998409869,2.18650445689635,-1,r,20250523,r_57,0.2963202515970897,150.31790009331002,1.6321766933480224,745297382277645429,0,622.1163965675664,1894.809309871362,0.0060213027,0.0057283,150.31790009331002,1.6321766933480224,3.1864602e-07,3.343487e-07,258265.43993657324,664.9677688479808,251399.87185450192,484.2789167531405,False,257185.94185074064,569.3391426550041,False,259795.9844646716,728.2245158714841,False,260140.33870851024,998.4009299008784,False,262020.14475377515,1353.0539934517572,False,1.0983413515897729,21.386761684809564,258191.47127562875,473.5925901885762,0.0,0.0002677186717877,False,531377.1875,1176.3233642578125,False,536769.8504638672,1504.59971617311,False,541365.2339847088,2795.5728077598565,False,False,2.2693057564609704,44.18763013260766,False,False
2MASS J10011629+0137555,150.31796681575,1.63212845583,2025052300168,60819.04843320498,60819.04825958788,r,1.50025287929403,48.257144074369,304.826834457625,24.125974655151367,30.0010349750519,79.6689534493785,150.20130909939,2.02906823538013,-1,r,20250523,r_57,0.2956322775707055,150.31789967162507,1.632175774229898,745297382411864048,0,3255.197345334998,2875.5598073155807,0.0055773375,0.0052723465,150.31789967162507,1.632175774229898,2.9362678e-07,3.094156e-07,258988.8746754063,663.8926028279501,252328.9642184769,484.64892721344825,False,257667.5087593804,569.1017916563909,False,259520.8861985316,727.7649512522003,False,259691.2179584934,996.5987445259228,False,259564.2822812829,1351.5397314985362,False,0.6221973211810671,20.64976256300271,256588.17946742964,471.4746789194709,0.0,0.0004022606907806,False,532413.6875,1175.9246826171875,False,536243.2875976562,1503.7674838983196,False,536332.9561342597,2792.66196857542,False,False,1.285635009697644,42.66822885470801,False,False
2MASS J10011629+0137555,150.31796681575,1.63212845583,2025052300169,60819.0489575571,60819.04878393976,r,1.51070193108337,48.6108993922629,304.579917217519,24.129701614379883,30.0010759830475,76.6127213575769,150.008556852984,2.14657622070895,-1,r,20250523,r_57,0.2994774473717028,150.31789989790622,1.6321779119545818,745297382547653350,0,365.0641383780261,1138.0706217289155,0.005483218,0.0052379975,150.31789989790622,1.6321779119545818,2.9185486e-07,3.0399931e-07,258743.86379896165,662.0263203572888,253530.5282118203,484.5836887878223,False,258451.8652561336,568.7418487599058,False,261175.905740304,724.5145200065945,False,262757.2636427717,995.3400587445262,False,262821.6323662166,1349.4088768728864,False,2.0916602581471526,20.92672787609085,255640.961701154,465.228352324597,0.0,5.99504725085076e-06,False,535603.625,1178.6341552734375,False,541248.7998046875,1501.4501942019074,False,544659.3271217346,2796.452195630437,False,False,4.334659436184756,43.367577551490754,False,False
2MASS J10011629+0137555,150.31796681575,1.63212845583,2025052300170,60819.04948372305,60819.04931010626,r,1.509282809139,48.5631557986637,304.627910459325,24.179670333862305,30.0009808540344,73.7774864775137,150.257450530148,2.13893392419617,-1,r,20250523,r_57,0.2870884857547777,150.31790090536762,1.6321733879799707,745297382680297869,0,1598.3236949625152,597.373704967634,0.0052155526,0.004750798,150.31790090536762,1.6321733879799707,2.661772e-07,2.8786383e-07,257073.03388305023,665.7473292068778,253847.5858395454,486.17734765579297,False,257493.8452665865,570.4046107926131,False,261511.69450669235,729.9965406471837,False,263575.22636206367,1002.2759429803737,False,264686.4144259577,1358.504094474909,False,3.7388312585124415,21.352505131745023,258132.27137059023,470.0699382990369,0.0,3.3065460641079625e-05,False,533431.0625,1181.665283203125,False,541754.5452880859,1512.2801474947807,False,548331.379068017,2814.313024748585,False,False,7.745461755296205,44.234414565020586,False,False
2MASS J10011629+0137555,150.31796681575,1.63212845583,2025052300171,60819.05000675553,60819.04983314385,r,1.51983597806815,48.9146532946996,304.371493136031,24.039276123046875,30.0000991821289,70.7123321199608,150.05981566148,2.24827282565309,-1,r,20250523,r_57,0.2929418507048018,150.31790031647554,1.6321753914903658,745297382813992754,0,2884.950458393348,2826.662512866324,0.0060165734,0.0061894106,150.31790031647554,1.6321753914903658,3.4295712e-07,3.3532663e-07,259017.4710675481,667.3424256261089,252631.77545788995,485.2497209335052,False,258826.67703261587,570.7694027831408,False,262028.68630754057,730.2700166917864,False,263724.17771158554,1001.791338275738,False,265706.6273141616,1357.253177608442,False,1.5974860274333098,20.338524780823413,259005.42194593052,473.31925388683584,0.0,3.450366442336872e-06,False,533589.125,1176.6806640625,False,540190.2889404297,1505.5022290890147,False,547772.6191160679,2798.0714497690537,False,False,3.293328111887211,41.92927779319603,False,False
2MASS J10011629+0137555,150.31796681575,1.63212845583,2025052300172,60819.05053419755,60819.050360580506,r,1.52708295956706,49.1524096249721,304.194148454955,24.094764709472656,30.0010259151459,67.7072369708742,149.986392902736,2.31890203176868,-1,r,20250523,r_57,0.2922498760648419,150.3179004820831,1.632175292688387,745297382948210587,0,1177.6209649653058,2945.601051119728,0.0068283738,0.0048104418,150.3179004820831,1.632175292688387,2.8620454e-07,3.6532188e-07,257508.5232604966,667.7844943736752,251989.99315714903,485.6466820491991,False,257718.5961084424,571.5182145045112,False,261517.5483111912,733.5484023308379,False,263756.1775676761,1006.682805299254,False,263948.14709285443,1363.6688168070775,False,2.2249470578264146,21.272737960855668,257651.36182154337,470.990035623001,0.0,0.0005170540206276,False,530789.9375,1177.082763671875,False,538614.1520996094,1510.7955595977871,False,543620.1446623802,2808.5737582520405,False,False,4.582438084008346,43.81272994341976,False,False
2MASS J10011629+0137555,150.31796681575,1.63212845583,2025052300173,60819.05105965396,60819.050886036384,r,1.52008485943737,48.9230469084278,303.935714738226,24.10887336730957,30.0011169910431,64.6669002086476,150.204876889769,2.01910669556274,-1,r,20250523,r_57,0.2911871203947307,150.31790077587704,1.6321751966778348,745297383082951268,0,3468.882816784027,974.5141360126192,0.006073132,0.0050665615,150.31790077587704,1.6321751966778348,2.927066e-07,3.2801714e-07,257917.0043658005,673.2103236985023,252658.84580374692,489.1452267622967,False,257903.7195931601,575.7382759959968,False,261076.897862186,738.0435349462077,False,262823.4991027672,1012.8921008278544,False,263799.0506278742,1374.5332783872682,False,1.848830407410816,21.711535623828656,257373.39353449052,470.9579721378438,0.0,8.907517412559685e-07,False,532045.25,1187.7254638671875,False,538591.3922119141,1522.5548420967905,False,544207.0865145922,2835.608198619672,False,False,3.814064558162259,44.790045746863214,False,False
2MASS J10011629+0137555,150.31796681575,1.63212845583,2025052300174,60819.051583761844,60819.05141014508,r,1.52930023461921,49.2245271868516,303.771321131549,24.10809898376465,30.0009758472443,61.66600890677161,150.090128915959,2.13982593256049,-1,r,20250523,r_57,0.2892257753680565,150.31789981550762,1.6321728315453703,745297383217169251,0,640.1511287993848,1385.7796167681972,0.0064696814,0.004810195,150.31789981550762,1.6321728315453703,2.9078313e-07,3.4092204e-07,257548.5670308589,673.1460741210964,252341.6187437001,488.64627295806014,False,257786.58185916825,575.1342057832117,False,261617.4713662185,737.0682738883668,False,263791.2425422419,1012.6298659080456,False,265865.9501443929,1373.0107665111716,False,3.235353714310085,20.727599292176382,256024.1951274912,470.3032039748073,0.0,4.967386561871568e-05,False,530907.25,1184.4794921875,False,538796.904296875,1517.9800574961632,False,547546.5768691897,2827.6932220896865,False,False,6.663158069957408,42.68815180350682,False,False
2MASS J10011629+0137555,150.31796681575,1.63212845583,2025052300175,60819.05210794845,60819.051934336836,r,1.53447030773352,49.3917480094377,303.574514904018,24.04157829284668,30.0000874996185,58.6487831008003,150.055575759506,2.14862655302494,-1,r,20250523,r_57,0.2924395811177614,150.31789914000248,1.632173428536127,745297383351386920,0,217.90195208197025,1319.8585486745326,0.0058813593,0.0059771207,150.31789914000248,1.632173428536127,3.3076992e-07,3.2828243e-07,257508.82210431783,670.0183546514678,251663.47344719508,487.3582916919739,False,257273.4607788318,573.3786972351996,False,261077.3128916112,733.3075922095653,False,262928.6730317413,1007.8069588534064,False,264097.5990827474,1366.0714028753848,False,2.1290146697351795,20.94949901910424,253455.9561926768,468.1025665727561,0.0,0.0001468733453624,False,529121.5,1179.2393798828125,False,536944.6929931641,1508.1571646632838,False,543156.3650212288,2809.530946598129,False,False,4.378638325780125,43.08579016148956,False,False
2MASS J10011629+0137555,150.31796681575,1.63212845583,2025052300176,60819.05263225407,60819.052458640115,r,1.53787616460555,49.5007025032297,303.24315845937,24.133777618408203,30.0004906654358,55.5385798249305,149.991442560587,2.04217168508718,-1,r,20250523,r_57,0.298605577730999,150.3178994950642,1.6321769495392369,745297383485605814,0,1190.9331829689238,2791.645941834425,0.0055937897,0.005103505,150.3178994950642,1.6321769495392369,2.9267022e-07,3.023929e-07,257700.7924706966,666.3580787022819,252777.5754895443,486.3777976657333,False,257347.4283753952,570.9549300227743,False,260308.0306781924,730.556977085503,False,261789.2092360029,1001.5769486317128,False,263095.9939754374,1356.7555155807145,False,2.169264506197412,21.112171301375124,259365.47213329573,474.15034061162027,0.0,9.488593546480573e-05,False,531596.875,1179.408935546875,False,537712.5255126953,1509.0953442969435,False,543471.55946064,2802.619776598784,False,False,4.4810015776058805,43.61094400331198,False,False
2MASS J10011629+0137555,150.31796681575,1.63212845583,2025052300177,60819.053156911876,60819.052983294256,r,1.54074662795926,49.5927313942236,303.070767374686,24.135236740112305,30.0011241436005,52.5415089313531,150.023900764802,2.01090993389161,-1,r,20250523,r_57,0.2921608179247498,150.31790033046326,1.6321750342983643,745297383619823156,0,1956.772915035032,2179.9091433130666,0.0053998767,0.0053123757,150.31790033046326,1.6321750342983643,2.9707653e-07,2.982705e-07,258605.95672356777,668.6158392439082,253382.84694156263,487.8568092708727,False,257813.2655214269,572.9424173848242,False,260329.4393024713,732.6505120484954,False,260302.203275152,1005.8146442488828,False,261617.6197259361,1363.0166516466934,False,1.5197302238502144,21.151295254201948,254605.48723022072,464.8992345920045,0.0,0.0002816985648625,False,531235.0,1180.57177734375,False,536419.6811523438,1509.6569758771209,False,539074.0307098627,2808.55273088092,False,False,3.1314675908326017,43.5831271584903,False,False
2MASS J10011629+0137555,150.31796681575,1.63212845583,2025052300178,60819.05368098723,60819.053507370285,r,1.54453623898779,49.712918357704,303.316611877655,24.087556838989258,30.0010073184967,49.8380042449246,150.254847020214,2.22966820976591,-1,r,20250523,r_57,0.2957634844893479,150.31789911535654,1.6321750398330737,745297383752466609,0,1631.597100328835,283.2476999343218,0.005443417,0.005480223,150.31789911535654,1.6321750398330737,3.0375395e-07,3.033071e-07,258333.4451562018,668.8810314830408,253288.6072595767,487.53672179964735,False,257860.55361399293,572.8919971743709,False,260872.03763925133,733.4775700140484,False,261413.251976381,1006.7602817696524,False,263334.81879014696,1365.1220671228798,False,1.6480172792008676,21.67036692082345,259825.2113329197,475.9249804610678,0.0,0.0002741576459841,False,531173.875,1180.1156005859375,False,537377.3117675781,1510.9101319667834,False,542450.4607578516,2812.051584001258,False,False,3.394795023865871,44.63937042203332,False,False
2MASS J10011629+0137555,150.31796681575,1.63212845583,2025052300180,60819.05472985945,60819.05455624539,r,1.55762419600726,50.1214566041111,303.008714232298,24.10588264465332,30.000509262085,43.8551004511802,150.1745061277,2.34128215776813,-1,r,20250523,r_57,0.1603378491064437,150.31798885877015,1.6320897497732414,745297383999932469,0,4085.7767772124193,3190.105143095117,0.022999797,0.026814615,150.31798885877015,1.6320897497732414,1.3841525e-06,1.391833e-06,,,75635.90525403895,391.3309235858324,True,,,True,,,True,,,True,,,True,2.712017048782888,22.07088221959845,69579.13746743681,281.9364576976182,,,True,,,True,,,True,,,True,True,5.559781305352905,45.24649961630564,True,False
2MASS J10011629+0137555,150.31796681575,1.63212845583,2025052300181,60819.05525411703,60819.055080505466,r,1.56131646696315,50.2346809629474,302.759437243434,24.053211212158203,30.0000789165497,40.8005425029545,150.149580222438,2.28021383663278,-1,r,20250523,r_57,0.2836587764573877,150.31790162692627,1.6321727545396243,745297384134674793,0,647.7684158525307,3757.099102538896,0.005660414,0.0055177365,150.31790162692627,1.6321727545396243,3.1123403e-07,3.099625e-07,258893.12293541257,676.6339274367114,253674.0423487169,491.2548609193653,False,258849.5082736294,577.9170005928945,False,262617.72510088905,740.3504714990095,False,264651.3416246408,1016.9132188068592,False,266676.0992820964,1378.202199436225,False,2.550492742434428,21.082194583855365,259212.7049239817,479.1513157047971,0.0,0.000161639294969,False,529419.9375,1182.0025634765625,False,537126.9991455078,1514.2246279052797,False,545427.5140651464,2818.810540356829,False,False,5.216473916830693,43.119008467070046,False,False
2MASS J10011629+0137555,150.31796681575,1.63212845583,2025052300182,60819.05577405935,60819.0556004482,r,1.55842020649872,50.1458792725538,302.395812161659,24.015743255615234,30.0000064373016,37.6756273578653,150.210690124695,2.01580683727299,-1,r,20250523,r_57,0.294938517618734,150.31790018819694,1.6321761681327442,745297384293008674,0,548.5980866744165,2062.592928656197,0.0061487574,0.0055846707,150.31790018819694,1.6321761681327442,3.3048184e-07,3.2244265e-07,257571.26120711,675.5300790211738,251267.1635099535,489.1935264722267,False,257398.3831201175,576.636746189719,False,260982.08711292475,741.6115828083936,False,262638.2136129954,1018.1951276158726,False,263272.2018476678,1379.53909419035,False,1.6396176449838291,21.49659088159477,258222.48514427143,480.1771259237517,0.0,0.0002702826195222,False,527072.375,1180.77392578125,False,534410.6937255859,1518.591428353766,False,539100.1412568092,2824.86990775284,False,False,3.357430438210047,44.01837755553469,False,False
2MASS J10011629+0137555,150.31796681575,1.63212845583,2025052300183,60819.05629904333,60819.05612542596,r,1.57537657538921,50.6608282890888,302.267613347431,24.0400447845459,30.001081943512,34.6800687849451,149.955648508789,2.29532349680353,-1,r,20250523,r_57,0.291341687669981,150.31790012844078,1.6321743447360746,745297384423030908,0,2618.881071978569,237.6312791802079,0.0065878117,0.005439257,150.31790012844078,1.6321743447360746,3.4679607e-07,3.2414576e-07,258553.58826352016,677.5000545244343,252699.7888382591,490.9468172875641,False,258556.67477040205,578.276406044961,False,262704.9872112262,741.7180859098268,False,263650.780342079,1018.771993187921,False,263905.4652164153,1380.3660093770557,False,1.402422902653755,21.092203016434723,257356.7783510977,476.471932027681,0.0,1.5354040720616524e-05,False,528448.1875,1181.90380859375,False,536926.6697998047,1515.952270360364,False,539380.2534349561,2821.245734188318,False,False,2.866326470488408,43.1090648281067,False,False
2MASS J10011629+0137555,150.31796681575,1.63212845583,2025052300184,60819.056824495594,60819.056650878614,r,1.57877588362422,50.7624459240501,301.96770998692,24.091808319091797,30.0010142326355,31.588593686959896,149.912841948816,2.19449786803082,-1,r,20250523,r_57,0.3014974267514583,150.31789942539606,1.6321782169319452,745297384557249476,0,3245.4498753593857,1539.8876049906828,0.0057232096,0.0055644773,150.31789942539606,1.6321782169319452,3.1568413e-07,3.1169145e-07,260045.39121606952,672.3262331978706,253496.1444712613,488.8926545270038,False,259050.79865855267,575.2508706033489,False,260972.22208588777,736.1167408536695,False,262367.1081864878,1010.2876326438824,False,261775.73958799863,1370.9364599835844,False,0.7520161588372114,21.406722721017395,257199.5269203689,469.150631890976,0.0,5.166405897405468e-05,False,532629.125,1182.76171875,False,536579.7249755859,1513.5147917282716,False,538231.8211138248,2818.7548191044584,False,False,1.5462052645329714,44.01393105543578,False,False
2MASS J10011629+0137555,150.31796681575,1.63212845583,2025052300185,60819.05734536407,60819.05717174669,r,1.5768845329834,50.7059443464891,302.186326734771,24.125200271606445,30.0010828971863,28.8779830543022,150.257438228822,2.28059105298522,-1,r,20250523,r_57,0.2891267678886454,150.31790115684038,1.6321747438578909,745297384671543809,0,3931.12039420336,907.2960878471152,0.0055608354,0.0056120935,150.31790115684038,1.6321747438578909,3.0972765e-07,3.111183e-07,258109.92017572548,676.4852662191249,253696.51029700405,491.4914132926584,False,258391.2408878367,578.1853193177927,False,262204.71619067574,741.7410863371696,False,263841.98093022883,1018.5542797522846,False,264399.79150235327,1381.3774953585282,False,2.148628012779396,21.617442980046185,258112.0416443364,473.5891865969208,0.0,6.0540075383919145e-06,False,528523.3125,1182.642333984375,False,536323.5405273438,1517.1855463105342,False,540813.4314033985,2825.5222860931367,False,False,4.394885796989548,44.21714347721803,False,False
2MASS J10011629+0137555,150.31796681575,1.63212845583,2025052300186,60819.060335375776,60819.06016175856,i,1.6048595779909,51.5221523583657,301.165754375429,23.552976608276367,30.0010542869568,85.6094544130651,150.196679645638,2.24905652054285,-1,i,20250523,i_39,0.2974965701904219,150.31789929660957,1.6321761411794975,745297384827258890,0,3631.262435795644,3424.348681582891,0.0046412223,0.004875814,150.31789929660957,1.6321761411794975,2.708703e-07,2.5793818e-07,516099.6625824787,1058.8576732980464,505337.3411106597,770.4430984451436,False,515377.3525121716,906.2306634164376,False,520956.0946445014,1161.0555697547445,False,521476.5964171125,1593.54923396424,False,525805.8254320325,2162.2952010937056,False,1.6980653161511383,33.31499110993465,513056.3187563716,740.7471484362088,0.0,1.4222691258058973e-07,False,875280.6875,1539.0784912109375,False,884755.2312011719,1971.8552093276865,False,892991.6732512712,3672.290256771715,False,False,2.883874834809649,56.57984034537358,False,False
2MASS J10011629+0137555,150.31796681575,1.63212845583,2025052300187,60819.06085855108,60819.06068493374,i,1.60701289277718,51.5833990429129,300.975384636967,23.593307495117188,30.0010762214661,82.5936304866517,150.239822970564,2.17975306782155,-1,i,20250523,i_39,0.285581754284073,150.31790097263232,1.6321727409803777,745297384962000280,0,684.9482683363732,2230.4287726251264,0.0047307424,0.004132953,150.31790097263232,1.6321727409803777,2.3028502e-07,2.6235028e-07,514554.5637607608,1056.6352725496893,505703.20513166185,770.5197453012477,False,514806.7959542268,905.145385307511,False,522397.5013186671,1158.8987609254632,False,525976.4828050099,1589.2153859807167,False,526566.276015447,2153.4893742719537,False,4.22803964008205,33.83454875499154,519081.4537174765,741.6324450016459,0.0,0.0015665972936714,False,874925.3125,1538.314208984375,False,887825.880859375,1969.5735730899853,False,894910.8038498759,3659.901886605716,False,False,7.185645046710078,57.502549258090085,False,False
2MASS J10011629+0137555,150.31796681575,1.63212845583,2025052300188,60819.06138473396,60819.06121111697,i,1.61162929615234,51.7141467747007,300.835965644642,23.70131492614746,30.0010170936584,79.6089593496178,150.25927645075,2.18651697283741,-1,i,20250523,i_39,0.2889159623791363,150.317901535072,1.6321751748248594,745297385096217406,0,642.375978943087,1341.0616179853823,0.0039305734,0.0040871953,150.317901535072,1.6321751748248594,2.2686473e-07,2.1873517e-07,516002.0521383719,1057.2796471696358,506783.3166216219,772.0427952521834,False,515940.1007288037,906.2802835317614,False,522740.1552825995,1159.8461084839632,False,524849.4033646218,1590.2407890429824,False,526159.8671225547,2153.312624767144,False,5.143683398046164,33.998324060602414,514259.9165586251,747.3339475569561,0.0,0.0002812959871351,False,876198.3125,1539.0958251953125,False,887746.5451660156,1969.715479719069,False,893554.0909240842,3656.875837797396,False,False,8.735290602602904,57.7378539246095,False,False
2MASS J10011629+0137555,150.31796681575,1.63212845583,2025052300189,60819.06190884062,60819.061735223004,i,1.61441133149417,51.7928086246081,300.476729133214,23.73969078063965,30.0011231899261,76.4829965110787,150.201244868125,2.02907747709592,-1,i,20250523,i_39,0.286208202254504,150.31790110343087,1.6321732442936652,745297385230436014,0,3216.5317378274167,2471.3273060256006,0.0038609453,0.003781722,150.31790110343087,1.6321732442936652,2.1042699e-07,2.1431391e-07,514188.3219391956,1057.2056393113935,506637.2167603626,773.0146870611644,False,515516.6906621335,907.1377660457364,False,522393.0080974547,1161.787749377189,False,525836.1693196126,1593.2082467478397,False,525810.3411518539,2157.21440399773,False,7.78413433722112,33.73707466399063,512582.836867341,748.0772312547087,0.0,0.0002374125795043,False,872442.5,1535.2083740234375,False,884079.740234375,1966.1691403902785,False,889863.1157240868,3650.794555734901,False,False,13.173597954274491,57.0954506336814,False,False
2MASS J10011629+0137555,150.31796681575,1.63212845583,2025052300190,60819.06243327331,60819.06225965628,i,1.62748440966171,52.1553965746483,300.26571855322,23.74315071105957,30.0010225772858,73.4421049215288,150.008643164777,2.14658594101822,-1,i,20250523,i_39,0.2862191108940067,150.31790061005816,1.6321725177903623,745297385366225270,0,194.0185641438971,566.9970982494331,0.0036366102,0.0037532994,150.31790061005816,1.6321725177903623,2.0805255e-07,2.025833e-07,516524.8330642508,1046.5275604326291,507476.5254444999,769.7129371582773,False,515862.12236349017,902.68004568542,False,520184.0138971804,1146.7870432704642,False,522136.5619910058,1576.6027095148356,False,523703.6684547313,2141.5321772855573,False,4.589367531911149,34.46881855695807,512312.85898921854,741.2876829436499,0.0,8.359099018306893e-06,False,876049.625,1532.9532470703125,False,883389.1665039062,1947.5016979518632,False,889366.329628706,3636.802121157684,False,False,7.793775761045268,58.53578749427735,False,False
2MASS J10011629+0137555,150.31796681575,1.63212845583,2025052300191,60819.06296078522,60819.062787167844,i,1.62568789541524,52.1066575405238,300.307282518172,23.818666458129883,30.0010824203491,70.5808908894925,150.257640470786,2.13894183838878,-1,i,20250523,i_39,0.2940833859697827,150.31790065012802,1.63217640257439,745297385498869821,0,1694.6937105275877,100.93729544333752,0.0035045233,0.0036006733,150.31790065012802,1.63217640257439,1.995187e-07,1.953184e-07,515113.64707973495,1055.2011136461708,507568.8285543367,772.253583676369,False,515606.3048441851,905.5012372140928,False,521469.48721208336,1157.6052154942593,False,525445.5939270487,1585.633883944707,False,525985.5249581877,2147.55484923266,False,9.664378748577269,32.4973127474092,508995.2708650598,743.5535198931278,0.0,0.0009694106918259,False,877070.5625,1540.3001708984375,False,887044.111328125,1969.1408890224973,False,894726.1038271189,3653.091752214507,False,False,16.439562560797697,55.27945663837832,False,False
2MASS J10011629+0137555,150.31796681575,1.63212845583,2025052300192,60819.063488538115,60819.06331492111,i,1.63897089863744,52.4685567674074,300.08529981229,23.751169204711914,30.0010182857513,67.5318025370925,150.059851865023,2.24828040091061,-1,i,20250523,i_39,0.2908578429385856,150.31790081963928,1.6321751001460514,745297385632564799,0,2863.1483970369336,2168.6499296614943,0.0037194504,0.0035354742,150.31790081963928,1.6321751001460514,1.9798517e-07,2.0515186e-07,514402.59845831664,1054.568081133032,506222.2151812574,771.1790850701976,False,513904.42504886416,904.4806414002876,False,519098.98617318977,1156.219776385599,False,520960.3079343149,1586.6016655248702,False,523380.7649589013,2149.3730868370567,False,6.371471956669664,34.24179557377487,513363.659710051,743.3006812192029,0.0,2.0128549271802854e-08,False,874280.9375,1538.74951171875,False,883118.1950683594,1967.021221812451,False,890402.5798459053,3656.625290234644,False,False,10.839479490768056,58.25392364169021,False,False
2MASS J10011629+0137555,150.31796681575,1.63212845583,2025052300193,60819.064015990574,60819.063842373056,i,1.64808060829109,52.7127494479673,299.931789367598,23.664173126220703,30.0011069774628,64.5314638437082,149.98630981112,2.31880315872022,-1,i,20250523,i_39,0.2891249673871748,150.317900811807,1.6321742500432153,745297385766782473,0,1155.2396250241245,2193.474259559712,0.004925655,0.003379817,150.317900811807,1.6321742500432153,2.0641762e-07,2.5988655e-07,516913.6083611553,1049.2583978460916,507384.6438563049,766.0562017314915,False,515725.710422874,899.2434235708857,False,520538.6626259512,1151.1607204667132,False,523852.2315375247,1578.4633444973651,False,524193.4752960474,2139.4627553729565,False,3.6514949839143385,32.709667614021264,518787.0567510355,732.2011033370168,0.0,0.0004973178165316,False,878155.75,1531.193359375,False,886351.0397949219,1960.1473911841465,False,892574.2989742756,3642.98595662621,False,False,6.217609964783932,55.69662732596539,False,False
2MASS J10011629+0137555,150.31796681575,1.63212845583,2025052300194,60819.06454344802,60819.06436983109,i,1.63990970070735,52.4935922991384,299.672007442152,23.791322708129883,30.0010054111481,61.48158317505829,150.204826382507,2.01911258757679,-1,i,20250523,i_39,0.2885623247432067,150.3179008092335,1.6321739716615151,745297385901523361,0,3553.093790345474,593.8332764628136,0.003889886,0.0033899192,150.3179008092335,1.6321739716615151,1.9511974e-07,2.1013926e-07,513987.6424728763,1057.959564162262,505937.65847499145,775.0129423334195,False,513527.7060662574,908.9080608253606,False,517966.1707923803,1160.884929397739,False,521412.2082171546,1593.5753589818332,False,522567.4840576412,2159.7788710107347,False,6.306982719406562,32.80888826485527,511194.83246114495,750.1669163880335,0.0,1.867442354341886e-05,False,870716.625,1541.107421875,False,878242.3046875,1968.3491188460723,False,886044.103713274,3662.03292850209,False,False,10.693862556008725,55.62941224497638,False,False
2MASS J10011629+0137555,150.31796681575,1.63212845583,2025052300195,60819.06506858168,60819.06489496415,i,1.65144152576259,52.8016365461913,299.533935457245,23.76984405517578,30.0011098384857,58.4878103403871,150.09019426608,2.13983408032311,-1,i,20250523,i_39,0.2891098680796278,150.31790065824737,1.6321740207077184,745297386035741235,0,705.4926467379519,843.9908687490035,0.0036113204,0.0037885385,150.31790065824737,1.6321740207077184,2.0788703e-07,2.0339277e-07,515614.9597885845,1057.2510830746592,507072.565348358,773.7336289450117,False,514333.2388094652,907.4436735929492,False,519071.6199642809,1160.7462603938222,False,522095.91957055934,1589.858938583643,False,522958.94547661697,2154.170895393589,False,5.426008678948039,32.23674031495018,512116.8283829336,742.4176732836188,0.0,1.902391087993394e-07,False,874462.5,1542.8236083984375,False,882518.6323242188,1973.485281797334,False,889127.8112170696,3662.492571884799,False,False,9.225227452531657,54.80847512969125,False,False
2MASS J10011629+0137555,150.31796681575,1.63212845583,2025052300196,60819.06559514809,60819.065421537205,i,1.65807870844465,52.9764691237278,299.356860035146,23.74546241760254,29.9999601840973,55.4737650951372,150.055239765201,2.1486311654841,-1,i,20250523,i_39,0.2902635869573844,150.3179007707163,1.6321747439645962,745297386169958863,0,287.21395003178003,754.0472482069522,0.004280547,0.0037926182,150.3179007707163,1.6321747439645962,2.1986266e-07,2.2946205e-07,516350.8352126353,1057.846772213104,507751.7743722885,773.9950767753649,False,516491.98237560986,908.508982896286,False,520910.225466961,1160.5211320734788,False,525655.9355029768,1594.159663061237,False,525857.9154054467,2158.7501957606114,False,5.4778532388566825,34.044050897656646,515565.7406941896,742.2339382399246,0.0,0.0001905670648488,False,878780.0,1545.7733154296875,False,886297.3745117188,1974.5568087093145,False,894715.5709455609,3672.983437816274,False,False,9.320237357995817,57.923902148951306,False,False
2MASS J10011629+0137555,150.31796681575,1.63212845583,2025052300197,60819.06611941331,60819.065945801674,i,1.66270358830885,53.0975914488554,299.048617251655,23.794151306152344,30.0000913143158,52.3756643171586,149.99151894903,2.04218028538362,-1,i,20250523,i_39,0.2904515723897581,150.31790058451716,1.632174568788689,745297386304177768,0,1179.5761361595485,2276.48491169936,0.0038676113,0.003417196,150.31790058451716,1.632174568788689,1.9962124e-07,2.0594638e-07,512971.7699098198,1059.6566938820818,506355.43120304606,775.2844424217883,False,513561.8839975575,910.2720032968692,False,519332.5539178019,1166.0414007093634,False,522668.8691349548,1604.025421992929,False,525754.5349167717,2170.8512292110167,False,7.84545723819975,33.613639523977525,508728.39668604295,735.9030618285655,0.0,0.000221019069645,False,873061.8125,1547.47412109375,False,882872.0256347656,1982.285388528167,False,893789.4759859443,3690.475029201811,False,False,13.337378278459807,57.14361980895185,False,False
2MASS J10011629+0137555,150.31796681575,1.63212845583,2025052300198,60819.06664482081,60819.066471204016,i,1.66649743857584,53.1958512409566,298.89062070462,23.79159164428711,30.0009808540344,49.3767061696759,150.023906923169,2.01091534856011,-1,i,20250523,i_39,0.2891776375683605,150.317900953267,1.632174478638583,745297386438395071,0,1983.626235222663,1708.6077388410656,0.0043577137,0.0030975016,150.317900953267,1.632174478638583,2.048553e-07,2.1520727e-07,516381.2465492241,1067.0655045910887,508550.6543234773,780.5818472515601,False,515940.2317465944,916.708545036316,False,519844.9722515369,1175.7598575983452,False,520769.9398420242,1613.6902425002477,False,520049.19344128,2186.5112372287285,False,4.443835518451446,34.413839159942015,515150.5888583562,749.153093548826,0.0,3.141723910660144e-05,False,877580.5625,1559.26123046875,False,884222.2705078125,1999.890556514808,False,884569.6373839378,3719.1124929024777,False,False,7.558673338456594,58.53568779765117,False,False
2MASS J10011629+0137555,150.31796681575,1.63212845583,2025052300200,60819.06768914743,60819.06751553043,i,1.6790689896805,53.5178145700934,298.975738513978,23.78940200805664,30.0010180473328,43.6348504263002,150.201164212913,2.27358717353889,-1,i,20250523,i_39,0.2899846091091339,150.31790024700055,1.6321738508226284,745297386684811832,0,1106.9487048827448,3705.3966185845097,0.004325298,0.0032548753,150.31790024700055,1.6321738508226284,2.1411397e-07,2.1126371e-07,518079.3507301404,1069.3300771355737,508960.09393596987,779.946067674039,False,516863.0308020889,916.840766196102,False,520549.0275526688,1173.9600949397172,False,522288.40295199247,1612.75614796611,False,526150.7593389157,2187.76833835285,False,3.953143643066814,33.59238865735973,519228.8325717687,751.9383491665013,0.0,5.329988286995047e-05,False,875998.4375,1553.8953857421875,False,882245.6000976562,1989.670662377712,False,891739.6207561493,3707.910087968556,False,False,6.699932957413582,56.933613398648426,False,False
2MASS J10011629+0137555,150.31796681575,1.63212845583,2025052300201,60819.06821238123,60819.0680387638,i,1.68728864463988,53.7248006837678,298.864478117735,23.734485626220703,30.0010924339294,40.6601470231442,150.174306499717,2.34128703806056,-1,i,20250523,i_39,0.2925021720736007,150.31790036611358,1.6321752499376796,745297386819028668,0,305.8362754426254,2611.980873201496,0.0046899957,0.0033448562,150.31790036611358,1.6321752499376796,2.3185818e-07,2.2068906e-07,517061.9679774286,1063.5803300905368,509035.2085754478,777.3622494229047,False,516661.66954785096,913.5087121776994,False,520653.34397666645,1167.5671650373447,False,522870.9157904765,1607.5365501483532,False,524339.6625795882,2179.665808228105,False,4.05183239365006,34.27116592308098,515431.5268098821,748.7610088453304,0.0,0.0003469421109777,False,879761.3125,1555.504638671875,False,886558.2570800781,1988.110367165578,False,892835.2477754354,3711.491998112185,False,False,6.899380377466635,58.35626618049821,False,False
2MASS J10011629+0137555,150.31796681575,1.63212845583,2025052300202,60819.068737992246,60819.06856437523,i,1.69220170346891,53.8474867079319,298.633797221286,23.761812210083008,30.0010206699371,37.6112074181976,150.149537427218,2.28011431717027,-1,i,20250523,i_39,0.2849081941243316,150.31790180573086,1.6321736271707783,745297386953246962,0,1056.5162022740317,3225.704432446359,0.004316969,0.0033107232,150.31790180573086,1.6321736271707783,2.2072619e-07,2.0653954e-07,517758.6337479644,1070.3828898765366,509784.8225023234,780.3388037626517,False,517171.87577279255,916.9899844239322,False,522225.9541287088,1176.674353915644,False,524984.1676913626,1615.8661242650096,False,523410.3601951565,2190.3512413240423,False,6.025926576542357,34.60925089240031,513079.7983200303,746.33718960666,0.0,6.029237220595007e-09,False,876051.125,1553.3135986328125,False,884612.3620605469,1993.1998234941104,False,886618.658836484,3710.293925476489,False,False,10.207476477059137,58.62552586485717,False,False
2MASS J10011629+0137555,150.31796681575,1.63212845583,2025052400146,60819.9807832778,60819.98060966059,i,1.22102773035394,35.0536228728912,334.475322318245,23.700321197509766,30.0010540485382,109.647070810925,150.239922988118,2.17971461914636,-1,i,20250524,i_39,0.2891877935707116,150.31790098920013,1.632174534895781,745301777507157585,0,1775.0717719900117,2521.1044439684297,0.0036688016,0.0037486486,150.31790098920013,1.632174534895781,2.077786e-07,2.0430339e-07,513967.5612150807,1105.6062985291674,507791.8188994642,796.1816814324413,False,513592.1866512936,944.772967518305,False,517839.9944389674,1220.732869528645,False,519089.87711115775,1693.431437195837,False,519177.8727418555,2306.7926688265143,False,3.4173035859234377,35.664291080046205,510428.03032214456,721.1596658894896,0.0,2.012038602106081e-05,False,898175.9375,1652.2298583984375,False,905604.552734375,2134.8317167262235,False,907944.2497355938,4034.145615513645,False,False,5.976219911018315,62.37012343383302,False,False
2MASS J10011629+0137555,150.31796681575,1.63212845583,2025052400147,60819.98130642876,60819.98113281186,i,1.22206755098313,35.1231178326116,334.206794026947,23.76660919189453,30.0009996891022,106.676678590508,150.259222306637,2.18647729920966,-1,i,20250524,i_39,0.2892956849768021,150.31790094073904,1.632174517950319,745301777641374741,0,1344.4840908486694,1750.9671774582991,0.0032625853,0.003883948,150.31790094073904,1.632174517950319,2.1316696e-07,1.8431868e-07,513635.2974793561,1101.3348919072089,508285.7854244555,792.3420090675882,False,513446.54635707417,938.7509578082792,False,516977.4308373097,1214.2702936698724,False,521233.0891353311,1678.1299584341748,False,525964.3900205634,2285.89493834852,False,5.740920742831771,36.86617865258591,511851.3264237099,724.8786876203897,0.0,0.0003245535354489,False,898100.5,1642.0262451171875,False,904276.5842285156,2123.95382852892,False,919996.2196866274,3998.3974994946216,False,False,10.041792716650042,64.4848693907678,False,False
2MASS J10011629+0137555,150.31796681575,1.63212845583,2025052400149,60819.98235309965,60819.98217948278,i,1.2251347856559,35.3271510782931,333.174881272673,23.800779342651367,30.000994682312,100.317513672289,150.008402460511,2.14654346079584,-1,i,20250524,i_39,0.2887690137987252,150.31790119335457,1.6321746231209555,745301777930256919,0,2510.880486045637,752.442427586264,0.0031306483,0.003930125,150.31790119335457,1.6321746231209555,2.170474e-07,1.755174e-07,515251.186827026,1106.842358438642,509783.6009590143,798.2181823542272,False,515445.33580574143,944.1112871425064,False,520165.86776585446,1219.2276297149351,False,522167.45769388106,1684.0144546856795,False,521144.6246884407,2293.2528566847227,False,5.860923175216363,36.24372762533662,514024.2625249093,744.0495705656231,0.0,4.9339759553568285e-06,False,899761.4375,1648.040771484375,False,908001.5986328124,2128.283890739221,False,909710.1168295144,4003.102450536607,False,False,10.230828169133272,63.26705511371918,False,False
2MASS J10011629+0137555,150.31796681575,1.63212845583,2025052400150,60819.98287619607,60819.98270257867,i,1.2246712329159,35.2963402888089,333.265617403885,23.89065170288086,30.0010855197906,97.6496797693772,150.257632602618,2.13897539655688,-1,i,20250524,i_39,0.2872827134189986,150.31790131874453,1.632174082387448,745301778044026979,0,1723.863889033748,160.20589799120816,0.0028401164,0.00329498,150.31790131874453,1.632174082387448,1.8265948e-07,1.5826087e-07,513776.9684621275,1101.2638001695234,507670.345474369,794.0077705848281,False,513771.18285836506,939.8724268041964,False,516624.6542026789,1212.9164167998083,False,519396.30525998486,1678.2769092783958,False,519132.9877986109,2282.559620595929,False,8.851282136651662,36.09388946846124,515327.9316819333,736.005507861324,0.0,0.0001986399391274,False,898023.5,1642.8082275390625,False,903011.098388672,2120.0633320111647,False,907395.4285927416,3989.698620390138,False,False,15.471205137705567,63.08870958614326,False,False
2MASS J10011629+0137555,150.31796681575,1.63212845583,2025052400153,60819.988589141874,60819.98841552497,i,1.23636313680115,36.0567508172036,329.879792079404,23.857295989990234,30.0010018348694,88.5149988417756,150.204886381416,2.0191525464694,-1,i,20250524,i_39,0.2880588752837885,150.31790153899598,1.6321747701813487,745301778445110118,0,3593.1896505246946,3966.956819784418,0.0031068153,0.003205986,150.31790153899598,1.6321747701813487,1.7813386e-07,1.7263042e-07,514716.8660174115,1102.205363995915,508792.4948802991,796.0590468102861,False,515023.6842594156,942.1442432564338,False,519592.71473371726,1215.9655862271857,False,522757.0479286797,1683.136851799884,False,522314.3444304323,2289.190195899959,False,8.393593643124136,37.712953632219765,519613.1039502469,736.9199772943075,0.0,0.0001161417191959,False,898660.5,1643.9395751953125,False,906632.962890625,2121.728136198308,False,911381.9116842748,3994.3887415599866,False,False,14.645911034117374,65.80501596997738,False,False
2MASS J10011629+0137555,150.31796681575,1.63212845583,2025052400154,60819.98911337381,60819.9889397564,i,1.24015839064918,36.297644606757,329.506626508959,23.86391830444336,30.0010895729065,85.4247784403779,150.090339500069,2.13979127401563,-1,i,20250524,i_39,0.289322413034252,150.31790129344498,1.6321750307079803,745301778580898658,0,1165.835834250095,1243.224413668365,0.0029977122,0.0031871395,150.31790129344498,1.6321750307079803,1.7700151e-07,1.6659419e-07,514259.8336710025,1088.9758597018647,508534.1959404049,787.7703305847439,False,514752.6969632178,930.5357679982736,False,518987.4778766807,1199.6587221418208,False,521913.13325437024,1656.985213961785,False,524471.3403805118,2251.762770057266,False,9.382193018116576,35.27814997404673,514652.1527080604,731.4148732285258,0.0,0.0001391492579918,False,898307.875,1623.9013671875,False,905698.09765625,2093.554601598212,False,915268.1240041852,3929.6078309207887,False,False,16.373100952487825,61.56478659378779,False,False
2MASS J10011629+0137555,150.31796681575,1.63212845583,2025052400155,60819.98963994597,60819.98946632921,i,1.24186306587052,36.4046614065944,329.172469930246,23.80118751525879,30.0009763240814,82.3826339693182,150.055384807154,2.14859019849047,-1,i,20250524,i_39,0.2877165725961887,150.3179015352043,1.6321746003528417,745301778715116411,0,748.9854239330853,1343.0443821280646,0.0032442235,0.003367135,150.3179015352043,1.6321746003528417,1.8694885e-07,1.8035553e-07,514871.99688317726,1074.1424411628857,507779.2063079889,782.7517778847331,False,514409.2490591404,922.672182019094,False,518702.26880697085,1181.2045032301578,False,520491.3806666523,1630.5126790548436,False,518410.07876855705,2219.2313824075504,False,6.816069950920007,34.72736400149601,512410.3192190714,734.747441625824,0.0,1.7962483833677826e-08,False,897271.75,1609.39501953125,False,904759.961669922,2060.3467640982376,False,904250.3015742302,3870.952222942656,False,False,11.889107795340752,60.57411045291479,False,False
2MASS J10011629+0137555,150.31796681575,1.63212845583,2025052400156,60819.99016198833,60819.98998837636,i,1.24213556679778,36.4219848305634,328.712993128317,23.680465698242188,30.0001487731934,79.2397164632416,149.991417734848,2.04213754344881,-1,i,20250524,i_39,0.2883892983066153,150.3179011913812,1.6321744368019682,745301778849334791,0,2231.577843894582,2283.8643959066267,0.003917641,0.0037189387,150.3179011913812,1.6321744368019682,2.0700992e-07,2.1728002e-07,515105.710159234,1092.799566812497,506130.0639042275,787.1199436835467,False,514903.03227562393,931.352525290416,False,520232.50732945866,1201.233890952634,False,523909.22315352113,1658.3327858469254,False,527094.8990758358,2255.1940286995755,False,6.306260636060005,34.560853689202474,514261.96842433134,745.2046305850204,0.0,7.813673429868384e-05,False,893328.875,1615.84619140625,False,902575.2255859376,2084.075744658206,False,914481.103614092,3912.639503522077,False,False,10.941020670572904,59.96120941212112,False,False
2MASS J10011629+0137555,150.31796681575,1.63212845583,2025052400157,60819.990685411554,60819.99051179477,i,1.24281567338885,36.4645346476178,328.453894487751,23.67153549194336,30.0009803771973,76.2666883360985,150.023831281863,2.01087482148211,-1,i,20250524,i_39,0.2876631832093278,150.3179016147267,1.632174686928546,745301778983551908,0,2690.5161593922426,1414.0822030518952,0.0037522067,0.0038134896,150.3179016147267,1.632174686928546,2.1168066e-07,2.0865289e-07,514955.10861674655,1099.236255951941,506273.2051541662,791.223491111193,False,514662.9088896172,936.7915577331552,False,519657.1739032471,1211.0237977523525,False,520840.8557464026,1669.5162045878403,False,520885.5491337557,2272.77976894015,False,4.723011045284151,35.99591071315255,513960.2137325644,744.5129438294142,0.0,0.0001166145048773,False,892176.5,1623.943359375,False,900834.1394042968,2099.329395286054,False,902963.5477896928,3939.900592212153,False,False,8.18741625063699,62.39949504746761,False,False
2MASS J10011629+0137555,150.31796681575,1.63212845583,2025052400159,60819.991730077396,60819.99155646023,i,1.24803435448112,36.7884433720439,328.355923967773,23.606687545776367,30.0010471343994,70.6465158421733,150.201326394335,2.27362485475042,-1,i,20250524,i_39,0.2907353092609328,150.31790040080057,1.6321744425618814,745301779249889445,0,3190.124380812245,270.6792619811713,0.0039352947,0.003978199,150.31790040080057,1.6321744425618814,2.2076546e-07,2.1885755e-07,513302.2775643326,1107.4145566788372,504167.5808938368,792.6610962464594,False,513535.1964769899,941.0081959530064,False,519554.5948022622,1218.2785673769251,False,523509.7271970959,1684.4326152071835,False,525743.7778747858,2292.5507219149254,False,6.559680793851076,35.755088813764104,508539.2904571912,739.3404566692534,0.0,2.113673557802009e-05,False,888383.0,1627.8839111328125,False,898796.1735839844,2107.5438956217868,False,909503.0639066696,3965.965920075362,False,False,11.347827651663044,61.85401367530504,False,False
2MASS J10011629+0137555,150.31796681575,1.63212845583,2025052400160,60819.99225536175,60819.99208174434,i,1.25062219197593,36.947116969563,328.086487814418,23.615360260009766,30.0010876655579,67.6465970158862,150.17471109308,2.34124318874035,-1,i,20250524,i_39,0.2895903957838779,150.31790084815654,1.632174528450948,745301779382537850,745301779382536680,1984.4854115571109,3873.788520247629,0.0041973027,0.0039001578,150.31790084815654,1.632174528450948,2.1915324e-07,2.3077949e-07,516276.8733691037,1112.3826722532483,505168.2495931442,794.6875296315311,False,515738.0873422308,944.3762757856138,False,521460.6601580912,1224.0422250498168,False,524706.9422385959,1692.2741037929172,False,524888.5307877542,2305.033387924456,False,5.1876294020679135,35.547447147200344,515626.5756861575,747.5782521220705,0.0,0.0001378405589261,False,892845.625,1634.9039306640625,False,902752.5413743854,2119.061539710924,False,908686.8699994684,3990.473122691083,False,False,8.980822493887656,61.53973003788601,False,False
2MASS J10011629+0137555,150.31796681575,1.63212845583,2025052400162,60819.993298227986,60819.99312461077,i,1.24847496102232,36.8157302386273,327.333367149547,23.789281845092773,30.0010545253754,61.5236012890435,150.210830626091,2.01584893232314,-1,i,20250524,i_39,0.2877958505144674,150.31790134419785,1.6321743675195242,745301779653067098,0,3537.5411394286944,514.6669049266802,0.0033925704,0.0035486438,150.31790134419785,1.6321743675195242,1.9523767e-07,1.9050836e-07,514222.7608425964,1092.3480373923032,507210.6015109335,789.8960560181897,False,513741.0523348145,932.9610790018418,False,517830.2395456968,1204.062862301366,False,520735.6144411842,1662.3824138004709,False,520772.4508707744,2257.833142714171,False,5.639292632215518,35.1363907297225,512193.5730263891,740.9963176214287,0.0,1.5432969042716849e-06,False,891752.1875,1619.4346923828125,False,898850.2023925781,2090.0134152506616,False,903957.295495808,3919.148829697133,False,False,9.788689297606348,60.98977909529508,False,False
2MASS J10011629+0137555,150.31796681575,1.63212845583,2025052400163,60819.99382186806,60819.99364825677,i,1.25595703673769,37.270551486476,326.901803996321,23.70130157470703,30.0000312328339,58.32930113216369,149.955594225758,2.29527883558902,-1,i,20250524,i_39,0.2881668167414977,150.31790158255936,1.632174883184655,745301779786761094,0,1164.76402163771,1389.3104218246342,0.0036257158,0.003636546,150.31790158255936,1.632174883184655,2.0184474e-07,2.0154059e-07,513951.5811720119,1090.6669888660258,506486.18927276746,786.3836874043767,False,514459.3035031428,930.3158810112184,False,521355.0399549205,1200.369004657955,False,524802.2806955206,1657.3015504353202,False,527628.9928291289,2252.969827420436,False,8.768603732104808,34.95390577915241,515581.8654127823,742.3090906238829,0.0,0.0001179398700752,False,894536.125,1617.6229248046875,False,906526.3549804688,2087.188297859744,False,917435.4345797896,3917.438921678056,False,False,15.246750813457988,60.77746328307403,False,False
2MASS J10011629+0137555,150.31796681575,1.63212845583,2025052400164,60819.99434295512,60819.99416933779,i,1.25630448779889,37.2913979497162,326.487487487217,23.74402618408203,30.0010738372803,55.2183566278084,149.91281356754,2.19454198582142,-1,i,20250524,i_39,0.2882064766448775,150.3179015418183,1.632174844949181,745301779920981380,745301779920979522,2265.7190358334497,2314.909055582322,0.0034915179,0.003561848,150.3179015418183,1.632174844949181,1.9659565e-07,1.9522912e-07,514628.3112956607,1093.7556369551314,507035.7988466434,787.800185339039,False,514177.43996124185,931.6982722509198,False,519514.20159051975,1202.5443651103378,False,522924.1709008033,1660.0084292183424,False,523252.98479007854,2257.246335360232,False,7.571591413958453,35.11341865685837,516132.14479031134,741.9202385144231,0.0,1.6895144806516882e-06,False,894896.9375,1621.5684814453125,False,904185.271189958,2092.9608845270272,False,910692.4132293164,3928.610389536412,False,False,13.177929332845617,61.11293179947091,False,False
2MASS J10011629+0137555,150.31796681575,1.63212845583,2025052400165,60819.994861739484,60819.99468812563,i,1.25631110610731,37.2918474314733,326.782877083101,23.697019577026367,30.0004739761353,52.7278647672387,150.257504684269,2.28052749110268,-1,i,20250524,i_39,0.2878453447144721,150.31790154253227,1.632174672620874,745301780054147142,0,563.2515290157369,121.6138306772166,0.0037901334,0.0037392494,150.31790154253227,1.632174672620874,2.0880555e-07,2.0951006e-07,517003.2039209521,1094.489548192702,508356.9608350926,789.2694082958193,False,517112.027865015,933.6949280182528,False,522262.1012957553,1204.0624443866857,False,525690.4736713659,1661.9081556968,False,527017.510509421,2259.6987591735524,False,6.742130957405534,34.92646916259762,516067.5073598589,745.2085083234282,0.0,3.755866084809156e-08,False,895931.8125,1617.6900634765625,False,904854.6655273438,2086.1202022632865,False,913093.735915184,3915.082024622407,False,False,11.681201138793636,60.51248691751513,False,False
2MASS J10011629+0137555,150.31796681575,1.63212845583,2025052400166,60819.99538363117,60819.99521001382,i,1.25451209586446,37.1831692544869,326.286912680737,23.61382484436035,30.0010783672333,49.5699755684142,150.233990636942,2.04171321178967,-1,i,20250524,i_39,0.2881379534271145,150.31790141178527,1.632174628597134,745301780188366464,0,3909.117732413648,2697.3959701963,0.0044942684,0.0038371223,150.31790141178527,1.632174628597134,2.2928776e-07,2.350255e-07,516027.5767023272,1103.9904625270713,506141.1136195232,791.2956953236909,False,516237.1708266056,938.7597786623464,False,523125.7400405432,1214.072001834959,False,525914.9824513745,1676.5324787218965,False,529231.9189553697,2281.9999367008595,False,5.653029855218776,36.021804701236455,515584.1873895589,746.4790968151312,0.0,3.073018241528391e-05,False,891189.25,1620.597412109375,False,903081.107421875,2095.87371445732,False,913622.310796976,3939.456372023947,False,False,9.758924234055536,62.18507098963615,False,False
2MASS J10011629+0137555,150.31796681575,1.63212845583,2025052400167,60819.995905787044,60819.995732170064,i,1.25877410239582,37.4390236952908,326.01056392023,23.59917640686035,30.0010135173798,46.535531869808,150.151686654732,2.18522570979785,-1,i,20250524,i_39,0.2876674159801543,150.3179024834684,1.6321758893842726,745301780322583591,0,1209.5410974726722,1640.7926141980183,0.0044943304,0.00401026,150.3179024834684,1.6321758893842726,2.359217e-07,2.373084e-07,512876.7232074834,1111.4974917998975,504225.00792405446,794.2315048228697,False,513481.59994325344,943.5522810191368,False,520647.420113018,1223.9635518840844,False,524564.3925745479,1691.9522482314594,False,526600.4684795135,2304.335634745291,False,6.825177090371789,36.22450988274616,509791.5270737973,739.6050730643044,0.0,0.000195958266198,False,888293.8125,1632.29150390625,False,900690.2717285156,2117.3869715766045,False,910988.705070734,3986.368910772489,False,False,11.807166175504692,62.66633116599429,False,False
2MASS J10011629+0137555,150.31796681575,1.63212845583,2025052400168,60819.99642804626,60819.99625442901,i,1.2607285538757,37.5550857989364,325.977217200477,23.48616600036621,30.001060962677,43.7389304655694,150.266193286673,2.2773173759554,-1,i,20250524,i_39,0.2848103355157352,150.31790256038778,1.6321746469553895,745301780436356089,745301780436354736,1781.519176250878,2822.7120655162576,0.004741769,0.0045589632,150.31790256038778,1.6321746469553895,2.5862056e-07,2.5812852e-07,516020.9622329496,1106.4316840397064,502961.1246020302,788.1299021594951,False,515884.279492294,936.8954159855624,False,525427.2158710413,1214.1864464027528,False,529509.4902381944,1678.8481546898215,False,530588.4095792635,2283.242411660948,False,4.0400476503172245,35.27460258148923,516479.9731923162,753.9019065995869,0.0,0.0003304660240533,False,887026.0,1610.9244384765625,False,903434.394325614,2087.7064675566185,False,912308.6965523362,3925.8714869915248,False,False,6.946572030838201,60.65214792015282,False,False
2MASS J10011629+0137555,150.31796681575,1.63212845583,2025052400169,60819.99694684725,60819.99677323021,i,1.26055664342105,37.5448192740045,325.377236634007,23.652292251586914,30.0010242462158,40.4679097035256,150.138815407725,2.08973165413697,-1,i,20250524,i_39,0.2900933299192926,150.3179005366259,1.632174325389623,745301780591019345,0,2678.908675090664,2123.4831947878965,0.0041426118,0.0037744783,150.3179005366259,1.632174325389623,2.2178581e-07,2.1855645e-07,513252.26137280784,1089.5963752102946,504273.6062549667,784.795379692791,False,512966.4651143462,928.8829114575984,False,519458.5724351701,1199.416189763546,False,521001.9688898714,1653.0945839403705,False,524663.1433526644,2250.016004050079,False,4.936909585421814,35.05473746255492,515922.05760598,742.2357037914404,0.0,0.0004885286449847,False,886667.3125,1605.582763671875,False,897888.98046875,2073.202054854737,False,906885.1297727824,3889.173618685504,False,False,8.533494198662044,60.59244018883013,False,False
2MASS J10011629+0137555,150.31796681575,1.63212845583,2025052400170,60819.997469902744,60819.99729628557,i,1.26441558631689,37.7725843987603,325.315713130847,23.699087142944336,30.0010485649109,37.6228166872678,150.182648576309,2.26971717785492,-1,i,20250524,i_39,0.2893502170397751,150.31790065401492,1.6321741321510124,745301780704790518,0,1539.3389451838163,2946.392471289538,0.0039086165,0.0035187835,150.31790065401492,1.6321741321510124,2.0933174e-07,2.0380119e-07,517059.7547480659,1085.9970841430452,507953.9551938283,783.8909282738292,False,516982.7893083389,926.6767228314318,False,522368.4100079872,1194.896957118107,False,524359.8546500113,1649.5289984529306,False,523513.54969866725,2240.363503143833,False,5.867064318360251,34.425044168033736,517809.8147652626,745.0680758713859,0.0,8.403794849176638e-05,False,896738.125,1607.377197265625,False,906079.8120117188,2072.621524457029,False,908066.1265280248,3886.0469026743817,False,False,10.176780281486078,59.71233510807093,False,False
2MASS J10011629+0137555,150.31796681575,1.63212845583,2025052400171,60819.99798851295,60819.99781490173,i,1.26337819129154,37.7113837502586,324.815272754745,23.66693115234375,30.0000188350677,34.4481442492127,150.133725205116,2.06477825198127,-1,i,20250524,i_39,0.2917855458164357,150.31789938786247,1.6321734727223074,745301780859454509,0,3329.3447107272937,1740.352199156509,0.0042108507,0.0037359928,150.31789938786247,1.6321734727223074,2.2586907e-07,2.163627e-07,514405.7746451906,1103.734582792045,505685.60244614567,793.0212432764826,False,514359.7860801463,940.2045279551412,False,520066.4287308911,1215.647398997772,False,524154.86565940833,1681.5004713710568,False,524356.0048388346,2288.1038159382647,False,5.5126509138848565,36.407081498741874,514119.8993351908,743.1708907889329,0.0,0.000422330146478,False,889978.0625,1626.8017578125,False,899852.0590820312,2103.390556808853,False,907274.1568758488,3959.022956336428,False,False,9.53833972318675,62.99385125041864,False,False
2MASS J10011629+0137555,150.31796681575,1.63212845583,2025052400172,60819.998512696766,60819.99833908523,i,1.26865150250673,38.0195148258279,324.580905696462,23.736791610717773,30.0000731945038,31.4313887444277,150.043888725727,2.25980499838857,-1,i,20250524,i_39,0.2909450038248596,150.3179004356911,1.6321745949750304,745301780973226308,0,368.33923886277694,3469.075348971457,0.004131516,0.0036937764,150.3179004356911,1.6321745949750304,2.2315662e-07,2.12072e-07,516863.1474700229,1096.9796487755134,508746.1924067752,789.8023619786193,False,516072.32697870827,934.8138938339912,False,520403.3976099255,1207.597781582055,False,522678.05562563846,1667.700179418819,False,519771.472692414,2267.230659123601,False,4.169117579411073,34.81515215356352,510644.4081824274,731.1724516985574,0.0,0.0006053466586074,False,896717.3125,1624.3145751953125,False,904242.8972167968,2098.298592410088,False,903144.8766795396,3939.496224045351,False,False,7.244178220507924,60.49413626999242,False,False
2MASS J10011629+0137555,150.31796681575,1.63212845583,2025052400173,60820.00179829667,60820.001624679426,z,1.27768600282816,38.5360081465227,323.138935230668,22.723031997680664,30.0010595321655,101.238732919908,150.196747342168,2.24909418598412,-1,z,20250524,z_20,0.2894713598439657,150.31790087278938,1.632174505960167,745301781131035535,0,119.3766401378902,2206.2766005978606,0.0054029003,0.005756394,150.31790087278938,1.632174505960167,3.1906143e-07,3.0088546e-07,705731.9742453265,1898.4925507008168,683505.0129053539,1278.897587264965,False,704582.0018274923,1572.739906704755,False,717285.8243888912,2101.222901706974,False,723685.7863696143,2973.485344600856,False,721717.190242963,4089.24007334644,False,4.022200627032131,64.14102583562341,693194.9712901752,1104.9846462814996,0.0,0.0002883692227988,False,848341.5625,1893.63427734375,False,863637.4125976562,2529.9464291898184,False,868972.93326509,4923.589169553738,False,False,4.842871313451958,77.22805569346357,False,False
2MASS J10011629+0137555,150.31796681575,1.63212845583,2025052400174,60820.00232259649,60820.00214897899,z,1.27797980915128,38.5528991316749,322.880587028522,22.77027130126953,30.0011043548584,98.2421163062306,150.239809992587,2.17979372197987,-1,z,20250524,z_20,0.2805730813570027,150.3179029069723,1.6321731005654565,745301781265252633,0,1028.7767854140984,713.4661555228853,0.0054420116,0.0052971924,150.3179029069723,1.6321731005654565,2.9445067e-07,3.021286e-07,700101.9280645336,1875.8986444334143,681294.6598995897,1268.410779033637,False,700519.7391098189,1557.2551649008597,False,713909.0581088365,2082.5571585250755,False,720606.5202615052,2938.3692801767684,False,721941.538604927,4042.237477883071,False,5.854081227391887,63.12009243387048,695149.2969140048,1102.6608695380942,0.0,0.0001081616309706,False,846079.0625,1880.83349609375,False,862250.5161132812,2515.286736283292,False,871952.0465459824,4882.16434848172,False,False,7.0704867830913525,76.23566567763818,False,False
2MASS J10011629+0137555,150.31796681575,1.63212845583,2025052400176,60820.00336581418,60820.003192196724,z,1.27958316066593,38.6429387342681,322.188231930571,22.805830001831055,30.0010960102081,92.1016659126862,150.201368548811,2.02912033755266,-1,z,20250524,z_20,0.2833933484982262,150.31790249047918,1.6321738707358877,745301781533687922,0,3564.0343016841407,242.429564851014,0.005262801,0.0056672394,150.31790249047918,1.6321738707358877,3.1483003e-07,2.924134e-07,703364.5971261956,1836.9764466876725,682665.2066332063,1247.4150977231195,False,702406.3628436427,1525.6739949732837,False,714536.3725701944,2030.5890255305064,False,717912.6929797694,2858.032612476242,False,717672.3490692027,3927.1706598832257,False,2.7822080743788296,60.914319878326125,703823.5876560666,1115.2952592858826,0.0,9.034040196276294e-05,False,841853.125,1828.561767578125,False,856391.271484375,2433.7161608458987,False,860149.8245887756,4706.8208195701545,False,False,3.3345520281646874,73.00746869548749,False,False
2MASS J10011629+0137555,150.31796681575,1.63212845583,2025052400177,60820.003888935134,60820.00371532409,z,1.28500806967609,38.9453512128499,321.773481309124,22.919370651245117,29.9999883174896,88.9633630192271,150.00851800813,2.14662908647687,-1,z,20250524,z_20,0.2847312139198272,150.31790198982563,1.6321738050728662,745301781667907173,0,1278.8006875594583,3277.66730644939,0.004734738,0.0049695545,150.31790198982563,1.6321738050728662,2.7605458e-07,2.6299313e-07,703859.699543227,1807.3171939860315,688281.0018919422,1235.8649928091745,False,703765.401120582,1507.3613001292952,False,713973.4567243938,2001.999481527048,False,719273.7090550915,2817.864236907741,False,725476.8254605022,3871.7804889104655,False,7.389240079356658,60.33089722569939,701591.1758340336,1081.2064861980934,0.0,8.072493795641122e-07,False,849261.0,1818.9913330078125,False,861579.4565429688,2415.8904074766097,False,875461.0176720619,4672.227655063715,False,False,8.916882542168764,72.80363318118829,False,False
2MASS J10011629+0137555,150.31796681575,1.63212845583,2025052400178,60820.00441263528,60820.004239017995,z,1.28430794352558,38.9066291655916,321.847283545996,22.828826904296875,30.0010671615601,86.2360087731703,150.257595959832,2.13898597459528,-1,z,20250524,z_20,0.2838123129795164,150.31790204358373,1.6321734358674205,745301781800551625,0,1465.7366386346127,2593.577192765702,0.0055845766,0.0055460134,150.31790204358373,1.6321734358674205,3.0812134e-07,3.1020664e-07,702505.465576184,1821.6730612413064,685668.6080169752,1242.068540045177,False,703607.6144051454,1516.807489964973,False,717580.3454952041,2019.210039880198,False,729177.5563234962,2842.184591811287,False,730718.5253354397,3903.0491124347927,False,6.293267083408076,61.01294148738904,702912.4173761781,1104.2856357521134,0.0,3.188114397467689e-05,False,848739.375,1829.6763916015625,False,865594.2338867188,2435.708528666986,False,881442.4002765417,4708.123386474235,False,False,7.591366923445823,73.5979610861634,False,False
2MASS J10011629+0137555,150.31796681575,1.63212845583,2025052400179,60820.00493446327,60820.00476084651,z,1.28974096324827,39.2056809149664,321.424632953513,22.862628936767578,30.0009763240814,83.0866203204168,150.059956603456,2.24832693871864,-1,z,20250524,z_20,0.2864627017943288,150.31790182214056,1.6321744027080642,745301781935817255,0,3288.2203631352463,1154.876776338762,0.0048497836,0.0057791276,150.31790182214056,1.6321744027080642,3.2033958e-07,2.7016156e-07,704622.1003534825,1842.7272890503004,685090.1991047345,1251.1394430585997,False,703044.7908570354,1531.4011872326396,False,713853.6099834061,2038.800736329239,False,720753.4514223705,2877.858059630019,False,719575.0406898725,3953.505021719857,False,4.408389593822782,62.65727969797118,700392.1993703257,1096.9697301530443,0.0,0.0001416314056947,False,849120.625,1849.589599609375,False,862175.2573242188,2462.4145971865705,False,869085.4640145302,4774.948479301161,False,False,5.324347148048907,75.67595861578623,False,False
2MASS J10011629+0137555,150.31796681575,1.63212845583,2025052400180,60820.005456584026,60820.00528296665,z,1.29343114911706,39.4066421269979,321.137100923961,22.811145782470703,30.0010817050934,80.0508116970399,149.986462521593,2.31885337864683,-1,z,20250524,z_20,0.282749935135602,150.31790440953256,1.6321761780896735,745301782070035164,0,1641.3032871141138,1632.2115756525725,0.005354731,0.0056106974,150.31790440953256,1.6321761780896735,3.1123156e-07,2.977921e-07,706156.152044459,1842.5336162866577,684842.4471774023,1250.423830188675,False,705136.9444500773,1530.965657864989,False,718230.5561548754,2038.5111422886048,False,725599.9660174294,2874.246845307369,False,728600.3898346961,3948.406969058157,False,5.321520800242233,61.05405971297453,702509.6800627202,1104.7417893633385,0.0,0.0007494298473,False,846165.75,1837.161865234375,False,861878.1103515625,2446.217466230229,False,874321.9316009283,4738.096295442169,False,False,6.385835651526223,73.26499431662025,False,False
2MASS J10011629+0137555,150.31796681575,1.63212845583,2025052400181,60820.00597883633,60820.005805219334,z,1.28851996972307,39.1388661018006,320.919225862413,22.836530685424805,30.0010170936584,77.0998604489045,150.204754732617,2.01906740294384,-1,z,20250524,z_20,0.2822502911953775,150.31790245680034,1.632173269824779,745301782203204823,0,3365.247004170971,2559.0794720491126,0.0052621844,0.005728212,150.31790245680034,1.632173269824779,3.1697277e-07,2.937039e-07,703593.7296591883,1810.5204986028305,683598.2360061767,1233.6799032269196,False,703548.6887506011,1504.8295029749518,False,718501.4335797584,1995.673116209732,False,727890.8575585753,2810.9107620353698,False,732205.4989007785,3855.927588638288,False,6.825957407129122,59.69047643166909,701867.9748299043,1103.200952603128,0.0,3.763981510918058e-07,False,841814.8125,1800.5687255859375,False,859706.1713867188,2387.876229457262,False,876103.4518637657,4613.72043178347,False,False,8.167440500841213,71.42125062388335,False,False
2MASS J10011629+0137555,150.31796681575,1.63212845583,2025052400182,60820.00650210535,60820.006328487696,z,1.29341939895022,39.4056821718746,320.622541503873,22.777223587036133,30.0011308193207,74.0511702917213,150.090392692686,2.13988728738297,-1,z,20250524,z_20,0.2842439243009472,150.31790176245784,1.6321732403613505,745301782337422876,0,687.2017575371801,3559.11621244317,0.006009978,0.005921893,150.31790176245784,1.6321732403613505,3.29355e-07,3.3350028e-07,705555.8305955034,1807.3241638480013,678557.5848727715,1227.2434896863592,False,703959.5625029152,1498.3078162025167,False,720100.2796721999,1988.016670818331,False,727493.934035488,2795.547757234241,False,727627.1730250752,3833.143020451792,False,3.0192375621430405,57.531963722618016,699025.4287335967,1120.0706338607756,0.0,0.0007462462576235,False,840779.9375,1789.516357421875,False,860057.7368164062,2374.404186366419,False,869047.5442711115,4578.146133430318,False,False,3.6060514041042886,68.71377766497025,False,False
2MASS J10011629+0137555,150.31796681575,1.63212845583,2025052400183,60820.00702511784,60820.00685150091,z,1.29583847887574,39.536016592517,320.33650824447,22.64981460571289,30.0010046958923,71.0181121769693,150.055280209374,2.14858848929934,-1,z,20250524,z_20,0.285879731916544,150.31790183360349,1.632174137982432,745301782471640508,0,261.2555470643854,3583.0428176568853,0.006421103,0.007033588,150.31790183360349,1.632174137982432,3.8725653e-07,3.6046293e-07,704732.0324357348,1854.826935978459,673864.5402665914,1248.8537860474976,False,702815.5293335386,1530.2626491889932,False,721048.1503402867,2032.0518391592525,False,731125.1920673668,2866.1391699523074,False,735670.3418257541,3934.171746393324,False,4.157004585183532,61.64087081125087,694657.8210143566,1141.874596234726,0.0,1.0991754515687902e-05,False,830058.6875,1807.313232421875,False,851592.283203125,2399.9502175826483,False,868861.789305687,4646.444621546,False,False,4.909620840593829,72.80081071979569,False,False
2MASS J10011629+0137555,150.31796681575,1.63212845583,2025052400184,60820.00754595589,60820.007372344226,z,1.29678808003996,39.5868257221781,319.915508127453,22.881805419921875,30.0000956058502,67.8784037135214,149.991536288556,2.04213353585963,-1,z,20250524,z_20,0.2815917733426177,150.31790280747512,1.632173451641601,745301782607429899,0,1528.7139594638834,568.9076606348101,0.005284983,0.00480661,150.31790280747512,1.632173451641601,2.709306e-07,2.8996863e-07,705919.9795214487,1830.849850780948,688214.0820111628,1246.1640622137938,False,706448.6245153211,1522.8531413368833,False,719006.0849268469,2025.5940324363369,False,725353.8267028559,2852.230337489917,False,727501.6754593641,3917.7978370575634,False,6.673404274207914,63.02187482816671,703594.0652656982,1089.6058866159085,0.0,2.4959571425897664e-05,False,850963.125,1834.375244140625,False,866089.3994140625,2439.9592100642467,False,876322.8884710073,4719.24125102241,False,False,8.038547685565158,75.91393016573493,False,False
2MASS J10011629+0137555,150.31796681575,1.63212845583,2025052400186,60820.0085868014,60820.00841318397,z,1.30086638154954,39.8044682769094,319.932627161446,22.900508880615234,30.0010919570923,62.294016858411005,150.254857661961,2.22972341499252,-1,z,20250524,z_20,0.282688118131033,150.31790275578544,1.632173906282194,745301782872720509,0,513.7038744377015,2367.0295430034544,0.004715797,0.0051937406,150.31790275578544,1.632173906282194,2.82978e-07,2.6789527e-07,700946.7894331401,1857.6125001095943,686024.5008183612,1260.1047187631598,False,702290.861465274,1542.306742280466,False,715042.979402197,2053.8669516874543,False,723808.9123900157,2898.288826560157,False,721391.3484107835,3981.057325266052,False,8.067451189349322,63.92479088008023,696077.7252929913,1085.5673271373712,0.0,0.0005252331877916,False,851842.3125,1870.7379150390625,False,867309.96875,2491.233860059672,False,875010.2103928924,4828.815615048956,False,False,9.785398976683124,77.53744876553405,False,False
2MASS J10011629+0137555,150.31796681575,1.63212845583,2025052400187,60820.009108688195,60820.00893507688,z,1.30410750827239,39.9758512331562,319.658278635714,22.753644943237305,30.0000343322754,59.2628122519254,150.201243689391,2.27354312237011,-1,z,20250524,z_20,0.2812288396627094,150.31790230944029,1.632172556951704,745301783006413800,0,3778.198847791087,2260.744260899456,0.0059238984,0.0058032474,150.31790230944029,1.632172556951704,3.2417165e-07,3.2724677e-07,703171.0556627613,1883.4569379657223,680429.3758664504,1268.8182327809989,False,702745.9155174885,1557.6640268176566,False,717612.3112948323,2079.2937680429127,False,729790.0646382137,2935.1797415956603,False,729423.8410800656,4033.482444882061,False,5.195592120038533,63.04751662019298,702994.7680053057,1129.9174981526824,0.0,0.0003661492889005,False,840835.8125,1863.7457275390625,False,858623.4619140625,2487.875953844715,False,872755.9627575874,4826.063608280757,False,False,6.216528371359107,75.4363827563619,False,False
2MASS J10011629+0137555,150.31796681575,1.63212845583,2025052400188,60820.00963091398,60820.00945729651,z,1.30748618705003,40.1524180237917,319.440813491213,22.920705795288086,30.0010981559753,56.2770379688847,150.174484993378,2.34133913747952,-1,z,20250524,z_20,0.2832354141896155,150.31790251653,1.6321738315573309,745301783140631199,0,2718.952463431731,1412.150083348349,0.0048622144,0.004915311,150.31790251653,1.6321738315573309,2.7213417e-07,2.7094947e-07,700855.438750547,1824.491388919216,686254.8883588726,1245.439411164735,False,700356.5779280638,1521.0694983897322,False,711372.5058834035,2021.3855915241525,False,718915.9315313376,2852.5405340592065,False,724015.495162937,3917.418777691696,False,8.181937550007866,62.65251499613683,697408.5328918439,1081.1418799630626,0.0,3.719756190501133e-05,False,849698.3125,1845.4173583984373,False,863063.2407226562,2452.419210670003,False,878402.1794780493,4752.756281104484,False,False,9.926627018752942,76.01233135211082,False,False
2MASS J10011629+0137555,150.31796681575,1.63212845583,2025052400189,60820.01015619562,60820.00998257883,z,1.3088422260142,40.2228185425013,319.113454540838,22.90650177001953,30.000981092453,53.2101830169548,150.149588682818,2.28006760432825,-1,z,20250524,z_20,0.2847406164549348,150.31790168518276,1.6321733714039308,745301783274849110,0,3613.465629725245,1788.9078065534832,0.0050103418,0.004784872,150.31790168518276,1.6321733714039308,2.703897e-07,2.7381486e-07,707002.106019754,1844.5236481454497,688661.6432814735,1254.6501327154951,False,706425.4700596398,1535.1850190263349,False,717966.3359757672,2044.9038887716983,False,723174.9929985994,2879.862100385696,False,725144.4063144496,3958.9118393442623,False,5.767365604405824,61.93938920176575,705407.3837404425,1093.021775153458,0.0,0.0007679204230708,False,855787.1875,1859.77392578125,False,869768.1743164062,2477.264229348924,False,878463.9262211323,4795.956788289143,False,False,6.986777514494215,75.03542542990684,False,False
2MASS J10011629+0137555,150.31796681575,1.63212845583,2025052400190,60820.010678378465,60820.010504760976,z,1.30605546968908,40.077905280622,318.717567147898,23.00358772277832,30.0011014938354,50.1078001539834,150.210823705801,2.01586610640563,-1,z,20250524,z_20,0.2851459411492554,150.31790207560894,1.63217412743831,745301783409591943,0,4006.1230687436814,3396.791411831451,0.0045238803,0.0042328867,150.31790207560894,1.63217412743831,2.4196615e-07,2.4480227e-07,705966.0823768442,1828.6006855019373,691642.2464267246,1248.007672227775,False,706530.1195141879,1524.6212245886377,False,717429.6847224982,2028.7666788717167,False,721399.6390252177,2860.388228209881,False,719660.0484219003,3926.167529512112,False,7.811934631293357,62.02586847064603,693727.1083128571,1053.1927732940503,0.0,0.0001141811329979,False,856994.8125,1849.3089599609373,False,870215.5805664062,2460.818684929399,False,872920.9289550781,4762.295495783536,False,False,9.475586772168835,75.23507639943371,False,False
2MASS J10011629+0137555,150.31796681575,1.63212845583,2025052400191,60820.01120266389,60820.01102904684,z,1.31539964736612,40.5607916187806,318.403223576792,23.063825607299805,30.0010266304016,47.0057734401463,149.955649286773,2.29538061748528,-1,z,20250524,z_20,0.2831426674413637,150.31790259393676,1.6321738963816752,745301783543285354,0,1584.745021747883,2968.034157857653,0.0041114953,0.004034271,150.31790259393676,1.6321738963816752,2.2610232e-07,2.2634315e-07,703242.6295080528,1820.9331143693864,692128.9440963027,1246.8818140306748,False,702750.5413120686,1520.7272872163962,False,709577.6667268818,2017.863732185428,False,713226.7421645545,2848.1197052294706,False,710304.9289242516,3909.789994945353,False,6.872588715733411,61.97256108076923,702738.991812286,1061.9677403583917,0.0,8.238303391694402e-05,False,857853.625,1856.3648681640625,False,866187.5556640625,2463.223598774296,False,867075.3308782578,4772.7142463533,False,False,8.389428106193268,75.6504378842786,False,False
2MASS J10011629+0137555,150.31796681575,1.63212845583,2025052400193,60820.012246618,60820.01207300402,z,1.31600061734494,40.591462231271,318.295353461957,22.944683074951172,30.0004951953888,41.332663136104,150.257670657185,2.2804472564011,-1,z,20250524,z_20,0.2850338824622488,150.3179015293353,1.6321732887786613,745301783791797548,0,2000.4426900912665,2546.4863493642347,0.0044955495,0.004824109,150.3179015293353,1.6321732887786613,2.5785636e-07,2.6011932e-07,705995.4615802004,1848.365540382648,689404.7381678681,1257.0757172110734,False,706031.9581195713,1539.6783676598045,False,717244.8580147175,2052.89478070931,False,722771.2048053754,2904.4129122655136,False,727046.4616122752,3984.5689406928927,False,7.975174834659704,64.14657984104538,705704.5011537905,1089.5797440531542,0.0,4.659228614034561e-08,False,853319.4375,1860.8753662109373,False,866871.4946289062,2481.1554199149714,False,878717.8406367302,4815.802015829146,False,False,9.638900372160546,77.52839343603695,False,False
2MASS J10011629+0137555,150.31796681575,1.63212845583,2025052400194,60820.0127708697,60820.01259725248,z,1.31460363206033,40.5197140556784,317.81609889202,23.057893753051758,30.0010552406311,38.151903542627,150.233670532119,2.04163475126784,-1,z,20250524,z_20,0.2825598874203314,150.31790254436507,1.6321735450858657,745301783950131955,0,519.3572123714306,1468.7493656204326,0.0041408716,0.0040319487,150.31790254436507,1.6321735450858657,2.2778104e-07,2.2631501e-07,704239.1053755555,1833.852930489724,691376.5153171811,1252.531890347745,False,704282.4272442401,1529.3839340763452,False,715106.5745139164,2036.4124959350208,False,717732.8240609382,2869.173016711836,False,718329.8665745991,3941.924524263672,False,9.17750316470386,64.90634565125907,703404.7600153347,1073.3868868133525,0.0,3.184239760756213e-09,False,850972.8125,1847.9293212890625,False,864051.4506835938,2460.563549564472,False,867946.1011878252,4762.962228378979,False,False,11.089025336546284,78.42526431345203,False,False
2MASS J10011629+0137555,150.31796681575,1.63212845583,2025052400196,60820.01381386521,60820.01364024781,z,1.32232163124952,40.9108205488277,317.597951048566,23.120744705200195,30.0010874271393,32.3413682162965,150.266140192301,2.27723791413873,-1,z,20250524,z_20,0.2824985594342264,150.3179023835284,1.6321732853249429,745301784194450031,0,3495.8962580527395,1262.5764212993847,0.0040442836,0.003697755,150.3179023835284,1.6321732853249429,2.1933998e-07,2.110794e-07,705872.5659257476,1817.083177908847,693504.5592084113,1245.6715611620073,False,704610.2132825056,1519.6829884971428,False,711082.6700821457,2021.4950559484096,False,715259.389572597,2846.474554498158,False,719315.7946317409,3912.605166947989,False,8.727055392137254,61.08246241797964,700764.1720348555,1047.8625822346994,0.0,1.1324773218079898e-06,False,856280.1875,1846.8004150390625,False,864145.8647460938,2456.6294000677726,False,874151.2000366449,4754.80800989246,False,False,10.605586587638683,74.23069008404896,False,False
2MASS J10011629+0137555,150.31796681575,1.63212845583,2025052400197,60820.014337399916,60820.01416378283,z,1.3229906611717,40.9442832484024,317.039428423511,23.087966918945312,30.0010328292847,29.0784689706586,150.138990711806,2.08974246832055,-1,z,20250524,z_20,0.2870975639752348,150.31790187766072,1.6321747853040385,745301784349114685,0,3671.2092442141184,678.4646195283968,0.004159092,0.0037280696,150.31790187766072,1.6321747853040385,2.2563923e-07,2.1300619e-07,704165.6400791897,1820.99976939856,691558.9881402274,1247.7754417792682,False,703197.9267078751,1521.6312093705328,False,711331.2152847317,2025.3107526191843,False,714695.8830309038,2850.422414664914,False,710569.6214159883,3915.2149687323385,False,9.091743691117404,61.54097938183597,707039.2004525345,1072.1174219547745,0.0,1.964375808682917e-07,False,852814.75,1845.383056640625,False,862678.5283203125,2456.2286343099063,False,861754.8929395676,4748.240783910625,False,False,11.026160386029384,74.63482606096802,False,False
2MASS J10011629+0137555,150.31796681575,1.63212845583,2025052400198,60820.01486095751,60820.014687340044,z,1.32761845673644,41.1747880668257,317.022514106603,23.10914421081543,30.0010983943939,26.2440065782627,150.18278698683,2.26964744432015,-1,z,20250524,z_20,0.284288888934051,150.31790224789736,1.6321739585656443,745301784462885504,0,3234.021893944634,1341.251233096208,0.0045327465,0.0036405567,150.31790224789736,1.6321739585656443,2.4290935e-07,2.1280225e-07,704480.4900420058,1810.15718816932,688984.8855029688,1239.2744132028492,False,700818.6248838629,1513.238877602622,False,703926.4739046992,2008.9271937566425,False,703342.9349447943,2836.2366401193835,False,702281.5142591179,3895.0039142513097,False,1.4844225273024776,61.38294792952921,698027.1868825973,1042.2978177772102,0.0,3.207726559928404e-07,False,855288.9375,1846.778076171875,False,859081.8002929688,2451.723090760768,False,857074.268333137,4753.517730683033,False,False,1.8116101957021988,74.91261569134952,False,False
2MASS J10011629+0137555,150.31796681575,1.63212845583,2025052400199,60820.015386180174,60820.01521256919,z,1.32713804298499,41.1510267131475,316.54644122768,23.172637939453125,29.9999778270721,23.0569790280259,150.133770296807,2.06480791655385,-1,z,20250524,z_20,0.2897201315996241,150.31790093424615,1.6321747140963645,745301784621220075,0,136.38983444250417,428.29672471857344,0.0041284063,0.0033152374,150.31790093424615,1.6321747140963645,2.2307847e-07,1.9174374e-07,704877.9513936032,1802.145681508089,694300.4941496319,1239.7492051811932,False,702968.4563886073,1508.5905901940844,False,706929.042928455,2001.8103611403053,False,709362.7575271042,2819.937252853883,False,709548.2637013714,3873.335170690125,False,6.198684293753496,60.37665631033134,705157.480132356,1049.6926960774754,0.0,2.0140608345542432e-06,False,852950.0625,1830.4554443359373,False,857755.6586914062,2428.9059589096,False,860933.7024594545,4699.729334792856,False,False,7.521202562824554,73.2582981575057,False,False
2MASS J10011629+0137555,150.31796681575,1.63212845583,2025052400200,60820.0159104199,60820.01573680251,z,1.33369272971882,41.4733395786516,316.383642611435,23.077362060546875,30.0010850429535,20.0837855111953,150.043950898948,2.25982544547554,-1,z,20250524,z_20,0.2810647687326451,150.31790231909525,1.6321724903042594,745301784731321141,0,1978.2690936919344,1630.4742082069863,0.0042757755,0.004279771,150.31790231909525,1.6321724903042594,2.3753954e-07,2.3767157e-07,701717.6749520609,1782.8298012522323,691310.61047874,1223.9958769002333,False,700815.6255744583,1489.3924977059123,False,709084.7435376261,1977.6090181429097,False,711189.7039704244,2784.8168597887056,False,715843.0603162124,3822.018798666732,False,6.065895738150625,60.106996312219216,697456.9758121995,1040.5419836070955,0.0,0.0003707439033551,False,855368.8125,1817.8531494140625,False,865461.5463867188,2413.737673231244,False,873710.2971086502,4664.901240591558,False,False,7.40362778018489,73.36259093307328,False,False
2MASS J10011629+0137555,150.31796681575,1.63212845583,2025052400201,60820.016433712604,60820.016260095734,z,1.3316276088664,41.3723127056555,316.061463098865,23.11882781982422,30.0009949207306,17.0361886001014,150.122611999301,2.0513185344896,-1,z,20250524,z_20,0.2893704744992958,150.31790130724477,1.6321750731233735,745301784889655340,0,661.2003630727063,100.7536791427274,0.0041893316,0.003726099,150.31790130724477,1.6321750731233735,2.3066146e-07,2.0929677e-07,706055.2420397734,1810.2927381142745,692841.4807911224,1243.053083469889,False,703570.0467554956,1514.2353355996695,False,709113.2055651684,2010.7960137254413,False,710209.3941135824,2831.3184749533525,False,708773.3624237402,3886.497326807201,False,5.409035102793959,60.84562250109797,704786.6830081362,1066.459015029213,0.0,0.0002951633021773,False,852709.0625,1835.21484375,False,859427.23046875,2437.033798766058,False,859015.3491957188,4710.336244746676,False,False,6.555613435794694,73.74335215008198,False,False
2MASS J10011629+0137555,150.31796681575,1.63212845583,2025052400202,60820.01696019084,60820.016786573346,z,1.3354340459194,41.5578425431756,316.127226034538,23.144250869750977,30.0011029243469,14.2764897935032,150.236187635654,2.22620749694511,-1,z,20250524,z_20,0.2842707676622886,150.31790199478587,1.632173588752968,745301785003426037,0,2173.2415973432685,533.3211832120893,0.0040600696,0.003728342,150.31790199478587,1.632173588752968,2.244952e-07,2.0823748e-07,703878.1301512001,1793.4450108256349,693367.8521552571,1234.8427600758564,False,705145.146621788,1503.0509405961525,False,712713.763590193,1993.89105419701,False,718793.9853032414,2807.4083271250474,False,721876.7849645962,3853.249356881976,False,10.853826797533314,61.71259576337749,701961.9952530258,1057.575740495126,0.0,3.347999479430541e-06,False,858829.6875,1830.636962890625,False,868047.8647460938,2428.454395791983,False,879207.9426693916,4693.054978658874,False,False,13.21938996724655,75.16269464264319,False,False
2MASS J10011629+0137555,150.31796681575,1.63212845583,2025052400203,60820.01771853029,60820.017544918745,z,1.33970058720939,41.7639010520953,315.772173363121,23.021621704101562,30.0000746250153,95.0369219762755,150.19673333906,2.24902591789276,-1,z,20250524,z_20,0.2809911697592986,150.317902830979,1.6321731945966929,745301785157042729,0,3965.849557043232,1034.4970976820962,0.0037864347,0.0051834574,150.317902830979,1.6321731945966929,2.874248e-07,2.1102828e-07,707305.2209183585,1797.3689217323013,692920.5754563877,1233.941828064533,False,705845.0985061338,1503.811751343227,False,712513.0363173609,1996.105623904954,False,717559.5313507861,2808.862267381746,False,718235.8671592642,3861.2041630493513,False,5.142411371135831,61.7619385165624,704748.1339206679,1058.6774007643032,0.0,4.246341718383562e-05,False,856496.8125,1824.777099609375,False,864587.9184570312,2422.1434814894587,False,871532.1989867687,4685.318443186386,False,False,6.239979504374668,74.94406858560481,False,False
2MASS J10011629+0137555,150.31796681575,1.63212845583,2025052400204,60820.01824204062,60820.01806842311,z,1.34038423335194,41.7969391147208,315.534637748623,23.01896095275879,30.0011055469513,92.0304641471562,150.23979778299,2.17982729405915,-1,z,20250524,z_20,0.2837917366541977,150.31790215172586,1.6321735810861584,745301785290213286,0,804.2624478194749,3877.7066970329415,0.0039478894,0.004597682,150.31790215172586,1.6321735810861584,2.553893e-07,2.1935476e-07,700583.3637203948,1788.2693531190257,689651.7976902379,1228.6480943563924,False,702293.0325203867,1495.6633798008693,False,713019.4219081391,1985.1955478261416,False,717884.3700211103,2794.196654969812,False,722473.6428041969,3834.3181357289313,False,8.66410255546864,59.31000360569717,699886.9951915118,1059.4729012057535,0.0,8.26185752681452e-05,False,854565.1875,1819.9552001953125,False,867617.2875976562,2415.628415768122,False,879121.3858566284,4665.680342626391,False,False,10.542665357595382,72.16968132238586,False,False
2MASS J10011629+0137555,150.31796681575,1.63212845583,2025052400205,60820.01876831184,60820.01859469486,z,1.34265261675862,41.9055405693741,315.337923293917,23.012561798095703,30.0010147094727,89.0529918311639,150.25918631453,2.18649333002932,-1,z,20250524,z_20,0.2824284639702555,150.31790229650076,1.632173125897309,745301785424430628,0,624.6481054904937,3006.2602041714986,0.0043882765,0.0044778883,150.31790229650076,1.632173125897309,2.4877986e-07,2.4376078e-07,702656.021865674,1780.8497591510113,688866.4718889822,1224.6666141899495,False,701366.8540142106,1489.1449202901051,False,707687.3754011957,1972.786769364092,False,711098.5417779376,2773.9515199268985,False,712064.1421947334,3808.113267336537,False,5.530882005478353,58.67050317251992,696030.2392701687,1056.672125070089,0.0,6.624613635430876e-09,False,851194.875,1807.2603759765625,False,858865.6044921875,2394.2191991817435,False,864177.3488987088,4621.613465227556,False,False,6.712405056423593,71.20386617687004,False,False
2MASS J10011629+0137555,150.31796681575,1.63212845583,2025052400206,60820.0192924014,60820.019118783974,z,1.34320555992429,41.9314588973717,314.901593037254,23.122926712036133,30.0010905265808,85.8932532089739,150.201438544822,2.02915474333102,-1,z,20250524,z_20,0.2855736914103715,150.31790113795955,1.632172981615303,745301785558648881,0,3355.953430143826,3685.853609207949,0.003692794,0.0044213925,150.31790113795955,1.632172981615303,2.4545596e-07,2.0537671e-07,703522.6366449883,1760.8976243840857,689597.7242959801,1217.7824635027291,False,701445.1127922187,1478.017228619618,False,708729.7559683791,1952.688815542387,False,710905.7813088859,2745.851035077873,False,708660.3084606675,3764.8643929792574,False,6.262610167885992,59.26030464752526,709182.6140531349,1067.6198072791965,0.0,6.563453322916413e-05,False,851355.75,1793.8944091796875,False,860197.244140625,2370.011310585814,False,860112.9545305967,4569.479336984993,False,False,7.601035461227252,71.92523005483834,False,False
2MASS J10011629+0137555,150.31796681575,1.63212845583,2025052400207,60820.01981795414,60820.01964433719,z,1.35013361224432,42.2590119749514,314.559354191738,23.038848876953125,30.0010094642639,82.7938675679175,150.008444101642,2.14656388811152,-1,z,20250524,z_20,0.2840216645904736,150.31790184561015,1.6321732521653396,745301785694438525,0,749.4642942742905,2232.4981287903283,0.004613259,0.0043759802,150.31790184561015,1.6321732521653396,2.4329623e-07,2.560695e-07,701617.535529391,1741.2640949964398,690033.2119873246,1205.1284182775023,False,703065.1577580839,1461.148543901363,False,713437.5369108047,1931.319674820587,False,720795.9869795038,2716.282715993616,False,723256.058927261,3717.024194135472,False,8.468312962204898,59.487959024857815,707650.3227401986,1064.9565472632926,0.0,1.898486614071437e-05,False,852511.1875,1771.7354736328125,False,865088.3564453125,2341.847851874268,False,876993.9384121895,4507.128073041288,False,False,10.268367675268903,72.13293110975498,False,False
2MASS J10011629+0137555,150.31796681575,1.63212845583,2025052400208,60820.023288582335,60820.02311497057,r,1.36624162566046,42.9999425812654,313.424200791855,24.026180267333984,30.0001132488251,93.4108272343163,150.196706348186,2.2490406596424,-1,r,20250524,r_57,0.2912243571468632,150.3179005029421,1.6321748270051002,745301785828131229,0,3919.390486888436,675.5892937032958,0.006045981,0.0058293273,150.3179005029421,1.6321748270051002,3.2398268e-07,3.3584672e-07,257788.3156462764,664.4709834827122,251873.71696960813,482.5136473562095,False,257772.72931480265,567.5051996380231,False,262195.18766607443,728.426668377501,False,264810.3830907963,998.5674644504296,False,266935.4645809778,1352.4708636274213,False,2.699765496117544,20.361607178241808,256518.65372477577,469.5256797488108,0.0,5.13059518245651e-05,False,536354.0,1180.8218994140625,False,545555.9168701172,1515.6551211971453,False,555419.1265710592,2814.1190866785983,False,False,5.617467863081185,42.3668922834017,False,False
2MASS J10011629+0137555,150.31796681575,1.63212845583,2025052400209,60820.02381293694,60820.023639320054,r,1.36709094500984,43.0380756047163,313.193613153661,23.94399070739746,30.0009973049164,90.4021953008395,150.239766594236,2.17984023952615,-1,r,20250524,r_57,0.2875814949839427,150.3179018783896,1.6321750173320342,745301785961301979,0,799.9204387785006,3551.7116274430064,0.007022079,0.0064805667,150.3179018783896,1.6321750173320342,3.6019793e-07,3.901915e-07,256497.3532116051,669.0819927379852,249026.12471764968,483.2523772954213,False,256026.13039335632,569.9015086122718,False,260099.41463554805,730.5690766877572,False,261286.3818316061,1003.057872403564,False,261737.12112147608,1360.0369708006456,False,1.0637095714995473,20.66628742441487,255594.0576051597,472.956868975622,0.0,0.0003367366908484,False,531477.8125,1183.0433349609375,False,539933.4345703125,1516.5688524120642,False,543333.1057652831,2823.2644576149496,False,False,2.20812631635416,42.90059462270142,False,False
2MASS J10011629+0137555,150.31796681575,1.63212845583,2025052400210,60820.024332603716,60820.024158992026,r,1.36956257585851,43.1492790417403,313.009406387743,23.96834373474121,30.0001003742218,87.4239089421838,150.259286473399,2.18650291625777,-1,r,20250524,r_57,0.2912241816459764,150.3179002948599,1.6321745281653623,745301786095519327,0,635.7750555975939,2687.8020103581,0.0062546637,0.006531279,150.3179002948599,1.6321745281653623,3.6293437e-07,3.475614e-07,257011.79531495253,670.6129862916415,249767.08894685263,484.69025747788567,False,256665.1684937225,571.4508850960208,False,260641.2061479462,732.8810961720462,False,263308.8146828635,1007.1463626789392,False,264491.8825627653,1364.1965320238307,False,1.5650175955961778,21.02548930324738,258005.55659692187,474.6273377904121,0.0,0.0003986073860046,False,533025.0,1186.7508544921875,False,541282.1682128906,1521.9982850795714,False,549278.994615376,2833.0718217411213,False,False,3.25012353171348,43.66432539964041,False,False
2MASS J10011629+0137555,150.31796681575,1.63212845583,2025052400211,60820.02485572451,60820.02468210748,r,1.37034231864275,43.1839746004229,312.584931848279,23.948291778564453,30.0010221004486,84.2672150318125,150.201322649752,2.02917112889759,-1,r,20250524,r_57,0.2859447460320523,150.31790179113776,1.6321741089927322,745301786229737616,0,3336.0626582780783,3460.261512696808,0.006656289,0.006234342,150.31790179113776,1.6321741089927322,3.4673852e-07,3.6966264e-07,258476.3019030198,672.4677672418558,250926.02820480647,486.3999440378766,False,257841.0191799375,573.37258247056,False,262023.67134036004,734.4851513319488,False,263697.56965537777,1008.9924927288348,False,263559.0638283596,1367.3994156209017,False,1.15373403502462,20.990014366160555,254293.3127800488,473.3254374033137,0.0,0.0001542614568775,False,533925.5,1187.31396484375,False,542586.7465820312,1520.9385725931086,False,545766.167779088,2831.548754372538,False,False,2.389100165197722,43.465170712959534,False,False
2MASS J10011629+0137555,150.31796681575,1.63212845583,2025052400212,60820.025375670215,60820.025202052864,r,1.37785927418393,43.5169540634334,312.268107163279,23.8754825592041,30.0010778903961,81.1779733815225,150.008490497216,2.14657591163428,-1,r,20250524,r_57,0.2895859182376035,150.31790046196463,1.6321739687546497,745301786365527054,0,652.3814297896866,1945.0989972079287,0.0070710713,0.00694745,150.31790046196463,1.6321739687546497,3.8619265e-07,3.927259e-07,256977.9727600092,671.3770203366337,249737.4278883948,484.33683815887935,False,257382.74316477065,571.4126615610676,False,263140.6759901272,733.4917156212551,False,266773.4307488725,1006.843419422434,False,268074.36733469536,1364.887361077302,False,1.535172745297504,20.873003492048184,257072.1806806492,476.3440138615781,0.0,0.0001280979917958,False,532120.875,1181.3558349609375,False,544024.9996337891,1516.4429779651862,False,554225.0624778271,2821.809449703252,False,False,3.1738626081116115,43.15347931060129,False,False
2MASS J10011629+0137555,150.31796681575,1.63212845583,2025052400213,60820.02590084262,60820.02572722564,r,1.37684829064472,43.4729526201521,312.326929710269,23.79437255859375,30.0010135173798,78.3907040545594,150.257381602229,2.13893205596844,-1,r,20250524,r_57,0.2983726599539505,150.31789829618378,1.6321751268789204,745301786498171571,0,1495.1968788880752,1329.1902258227274,0.007680871,0.006962839,150.31789829618378,1.6321751268789204,3.8865508e-07,4.2525457e-07,258292.34912156544,680.5959825074615,248144.28360963537,487.5271049085776,False,257866.38248816447,577.0091246620034,False,263840.91458009515,741.0430318497262,False,266274.03399042634,1019.0489477823576,False,266951.9109137836,1380.8185020563317,False,0.9798018320527284,21.57134452075198,257522.12698655404,488.1292536386495,0.0,0.0001434560154092,False,529254.625,1184.275146484375,False,541516.978515625,1520.9444835194486,False,547902.1039518118,2834.043629290948,False,False,2.010981990726072,44.27383571645054,False,False
2MASS J10011629+0137555,150.31796681575,1.63212845583,2025052400214,60820.026422853975,60820.02624923649,r,1.38443423519422,43.8038005277459,312.000074453404,23.72469139099121,30.0011007785797,75.291582429066,150.060021533368,2.2482756788627,-1,r,20250524,r_57,0.2910144678968742,150.31789973427473,1.6321736045152158,745301786631866359,0,2963.187809034412,3780.588212095605,0.008154759,0.0076484173,150.31789973427473,1.6321736045152158,4.269069e-07,4.5128868e-07,257030.1736393376,681.0120203796637,247020.19426797127,487.04366374679984,False,257469.41988944515,577.1169692966484,False,264143.3252293755,741.5644546705631,False,267682.366009208,1019.239227636022,False,268693.42751451844,1383.5857986980611,False,1.0189706038322364,21.368007860585887,257681.15945013065,488.84116642168806,0.0,4.17149304597908e-05,False,527204.625,1181.7276611328125,False,540870.3790283203,1518.4568730756316,False,550187.3494474888,2833.085313475861,False,False,2.0864847379159386,43.75398280686868,False,False
2MASS J10011629+0137555,150.31796681575,1.63212845583,2025052400216,60820.02746558065,60820.02729196908,r,1.38383161098938,43.7778423411734,311.530867428107,23.946958541870117,30.0000791549683,69.2648928868732,150.204822098084,2.01910708986861,-1,r,20250524,r_57,0.2922108708558988,150.31790033797307,1.6321750692222798,745301786900824989,0,3393.1955169314315,1556.3836068656974,0.006522038,0.006394557,150.31790033797307,1.6321750692222798,3.5630222e-07,3.6162123e-07,258381.83338594544,674.6629658031636,251061.8199597927,487.4195377770996,False,257832.71264046727,575.1944837518768,False,261848.11163168668,737.9942065493276,False,263121.1439830575,1014.2559463790442,False,262566.4819207498,1375.8683858550569,False,0.9866205511510912,20.93604985544681,257727.4818503128,476.37101141197866,0.0,4.022561053473872e-05,False,533452.0,1190.0687255859375,False,541759.8000488281,1526.8989006104978,False,543246.0973596573,2846.650972464521,False,False,2.0413030637682006,43.31637189521977,False,False
2MASS J10011629+0137555,150.31796681575,1.63212845583,2025052400217,60820.027991999144,60820.02781838823,r,1.39054363361302,44.0669339575765,311.309811059785,23.873910903930664,29.999965429306,66.2464962946716,150.090401220382,2.13982946449697,-1,r,20250524,r_57,0.2882805969822515,150.31790211886542,1.6321756806735266,745301787035043022,0,606.1186644330318,2185.5568144622885,0.007425957,0.006581497,150.31790211886542,1.6321756806735266,3.738062e-07,4.0536634e-07,258261.360036891,681.9601593197448,249695.2835661925,489.6510811847641,False,257494.9365319128,579.1577841579503,False,261668.01011753205,744.0803609880895,False,264117.93663744803,1023.2757594502852,False,264593.5219421205,1389.9892464909103,False,1.172861340460616,20.902418867253648,256077.30330339912,477.222245654195,0.0,1.794995965531676e-06,False,530958.375,1194.23193359375,False,539563.3145751953,1534.3047310395773,False,545595.7633112669,2866.17842480495,False,False,2.418457464906736,43.101097461583926,False,False
2MASS J10011629+0137555,150.31796681575,1.63212845583,2025052400218,60820.0285134994,60820.02833988189,r,1.3941203103083,44.2186293334883,311.074944603817,23.872800827026367,30.0011053085327,63.222224312725594,150.055230771394,2.14873151881595,-1,r,20250524,r_57,0.2894993602194544,150.31790213516064,1.6321762745189612,745301787169260722,0,175.66112614844198,2145.4580544571286,0.0069740335,0.0067774467,150.31790213516064,1.6321762745189612,3.7888842e-07,3.853502e-07,259137.32610095388,686.9753857226019,249644.69744784737,492.23536527596485,False,257945.1902031726,583.1610479137474,False,262013.77650883817,751.1474869978036,False,264249.5134136109,1035.0068267405,False,263653.20774719137,1404.050602410622,False,0.5678069222269087,21.306331755202446,259715.41773385776,488.3876796837026,0.0,0.0013516260634038,False,531316.125,1201.196533203125,False,539696.6088867188,1547.2154056480338,False,543073.5133061409,2892.066817718673,False,False,1.1695700680759076,43.88683354483955,False,False
2MASS J10011629+0137555,150.31796681575,1.63212845583,2025052400219,60820.0290386908,60820.02886507401,r,1.39611862352124,44.3036377553254,310.700750155454,23.864459991455078,30.0009815692902,60.095624258368304,149.99180101125,2.04217266874606,-1,r,20250524,r_57,0.29344003305032,150.31789966403542,1.6321746983234775,745301787303479312,0,1272.5009348134429,3525.93547676262,0.006869228,0.0069046505,150.31789966403542,1.6321746983234775,3.8320474e-07,3.82218e-07,258793.0184988269,684.1777389371055,250405.03354407373,490.7762274903408,False,258924.8606871093,580.8312823095171,False,264652.2909314209,747.5325156359752,False,267388.4774246366,1026.1050775083445,False,269646.7782643987,1393.3709238860763,False,2.121632717804308,21.44651131577202,259515.3040760992,486.0171869372067,0.0,5.554509518723716e-05,False,534783.1875,1199.6484375,False,546612.6170654297,1543.9530233243568,False,556928.2269638777,2877.8671235670704,False,False,4.382018414611675,44.29560626881272,False,False
2MASS J10011629+0137555,150.31796681575,1.63212845583,2025052400220,60820.029564888915,60820.02939127142,r,1.39802047399957,44.3833574659901,310.501398576879,23.864564895629883,30.0011031627655,57.1028595053698,150.023658648227,2.01091198042687,-1,r,20250524,r_57,0.294707178377718,150.31789977506426,1.6321754745559542,745301787437696598,0,1983.61689130445,2858.7015612011405,0.0074573304,0.006638959,150.31789977506426,1.6321754745559542,3.830094e-07,4.0149547e-07,258466.84291706016,683.2222480474467,249202.694088626,489.942641774576,False,257752.81517804856,580.154849335359,False,262428.838572686,745.9599127835401,False,263662.9280223634,1026.6887105701342,False,265729.9319656864,1393.831503501409,False,1.2215401709126654,21.53944887312093,257927.2634602947,484.9685789634906,0.0,0.000281830890246,False,530647.6875,1194.3917236328125,False,540274.4339599609,1535.7423057158485,False,547070.5481905937,2869.545628771319,False,False,2.5148414632654807,44.34426342405094,False,False
2MASS J10011629+0137555,150.31796681575,1.63212845583,2025052400221,60820.030088322615,60820.02991471107,r,1.40129071628681,44.5202778745712,310.751631071628,23.812944412231445,30.000075340271,54.4531582714885,150.255007909373,2.22977193680947,-1,r,20250524,r_57,0.292335718080875,150.31790192664545,1.6321773124474537,745301787570340356,0,1162.1665127378958,1012.605078327026,0.007309216,0.0072124223,150.31790192664545,1.6321773124474537,4.026641e-07,4.0429708e-07,257771.37010719543,690.2680251559176,248600.78741850847,492.8408780816271,False,257931.03046394885,584.6337145242286,False,264344.463852627,753.3744123093029,False,267401.4718804435,1037.2645655985723,False,269413.9642162791,1408.896916906667,False,1.8680927579611752,22.532363631540044,254430.6513375017,481.40806232358966,0.0,0.0001068397511067,False,529208.75,1199.5194091796875,False,542367.4810791016,1545.7323234938042,False,552768.8040441871,2890.697466426957,False,False,3.832850322609264,46.23066860371202,False,False
2MASS J10011629+0137555,150.31796681575,1.63212845583,2025052400222,60820.030613783456,60820.03044016594,r,1.40592838566117,44.7127139443396,310.531705049833,23.7539119720459,30.0011067390442,51.4359261328954,150.201379981476,2.2735820375705,-1,r,20250524,r_57,0.2906137338118742,150.31790100167774,1.6321752395336018,745301787704559483,745301787704557952,229.8457993716693,782.8061857005065,0.007598262,0.007993392,150.31790100167774,1.6321752395336018,4.3582136e-07,4.3082005e-07,258533.75040528912,698.8381300840051,246877.3601975772,495.69220031619295,False,257503.0054996071,589.7226046037499,False,263467.5568705676,761.3450183605357,False,266493.52593195176,1049.236090364817,False,267353.78169192217,1425.6756819075842,False,1.1962450884784486,21.68445574890399,258105.5139674593,496.1856309960316,0.0,4.770740448967192e-05,False,525147.0,1202.669677734375,False,537310.99883461,1552.6733429043036,False,545236.4958683252,2907.497354736174,False,False,2.4396007272239406,44.22288920890696,False,False
2MASS J10011629+0137555,150.31796681575,1.63212845583,2025052500521,60820.97064975185,60820.97047614015,g,1.20884120154083,34.2193514590847,338.857576378142,24.359588623046875,30.0001013278961,115.875851145971,150.196546742899,2.24901694719538,-1,g,20250525,g_6,0.3059200088498389,150.31789910262805,1.632179835552917,745306225905762511,0,1584.0788903650337,421.86950213362735,0.012699766,0.014783124,150.31789910262805,1.632179835552917,8.009268e-07,7.292453e-07,78839.85814733678,380.5126085076936,76471.40435621559,268.57604081846847,False,79174.94806808744,321.33256474517594,False,80969.15028176755,417.3740174331819,False,81961.8702637748,580.0085380368402,False,82079.21583905199,790.241576942462,False,0.1313697871224044,12.348185668211126,79215.09152923783,259.206679810228,0.0,0.0006165930454026,False,176298.046875,715.5079345703125,False,180293.1785888672,929.3624547320732,False,182764.9502089024,1759.6228349220748,False,False,0.2925197610252615,27.49557870102276,False,False
2MASS J10011629+0137555,150.31796681575,1.63212845583,2025052500522,60820.97117170756,60820.9709980907,g,1.20855031521894,34.1990666324247,338.57398353934,24.29848861694336,30.0009934902191,112.905382211732,150.239785541544,2.17971570533117,-1,g,20250525,g_6,0.3001504153771298,150.31789870572808,1.632176582726673,745306226019534370,0,2083.507110424088,3000.0397705731,0.013712235,0.01581038,150.31789870572808,1.632176582726673,8.621929e-07,7.809095e-07,79315.34630698852,381.9022431339618,75820.63992080452,267.84437005355454,False,79122.95758655688,321.23173872312447,False,80692.39085356008,418.2103376012728,False,81288.27413639675,578.7041931528898,False,81176.60256666585,789.8337178887055,False,0.1317800772219147,12.494518767138237,80150.70289461986,265.5531061997385,0.0,0.0008860116758522,False,175072.953125,710.7796630859375,False,178545.59020996094,925.3612486762984,False,179616.99068760872,1747.640958911369,False,False,0.2915857544511327,27.646240296890483,False,False
2MASS J10011629+0137555,150.31796681575,1.63212845583,2025052500523,60820.97169588203,60820.97152226469,g,1.20941187213177,34.2592113170627,338.292623841723,24.339536666870117,30.0010762214661,109.936051252053,150.259199489609,2.18654328944417,-1,g,20250525,g_6,0.3104777130918227,150.31790034845474,1.6321834438046503,745306226153751730,0,1622.0390602150408,2256.350282667018,0.01350221,0.014561668,150.31790034845474,1.6321834438046503,8.027672e-07,7.576841e-07,77131.15033859943,377.7317769362068,74059.036678227,264.9545536305714,False,77052.448824863,318.1710993436638,False,78471.2801525435,414.1558667554543,False,79708.04386431864,574.781494689299,False,80697.26391988264,783.130883101894,False,0.4644863013652829,12.086644785837269,78975.43285970627,261.39134210653583,0.0,0.0301095802897319,False,171196.0,706.9161376953125,False,174348.3754491657,920.1761767004144,False,179294.0912939608,1739.9690302931815,False,False,1.0320009040760345,26.854243730259228,False,False
2MASS J10011629+0137555,150.31796681575,1.63212845583,2025052500524,60820.972220035575,60820.97204641873,g,1.20842753766506,34.190336747356,337.786325876065,24.358442306518555,30.0009915828705,106.780652646775,150.201360641617,2.02910788280507,-1,g,20250525,g_6,0.3093745528711149,150.31789799127634,1.6321799559966392,745306226291639206,0,169.0251303153448,1933.4691054825096,0.01315674,0.014055397,150.31789799127634,1.6321799559966392,7.7734995e-07,7.356661e-07,79275.82126385876,379.5769405264636,76201.10789706382,267.91595499891326,False,78747.20247351743,320.292969936079,False,79427.0332824912,415.7945405369045,False,79439.70687870056,575.7519006832002,False,79019.43454049421,785.3440420681213,False,-0.2912948422697139,12.176500933892989,79136.71279588924,259.4343022838735,0.0,0.0008625249574866,False,175772.6875,714.9302368164062,False,177290.14697265625,928.1005742721828,False,176380.34035030007,1752.976976329414,False,False,-0.6502031268711452,27.1793311542262,False,False
2MASS J10011629+0137555,150.31796681575,1.63212845583,2025052500525,60820.97274321155,60820.972569594116,g,1.21183566191017,34.4273884994049,337.21752159498,24.315027236938477,30.0010921955109,103.561530222394,150.008521724905,2.14654801503565,-1,g,20250525,g_6,0.3006906817122333,150.31789879911022,1.6321769733223528,745306226442635497,745306226442633882,2968.217197804337,1197.7487486801797,0.015332073,0.014733316,150.31789879911022,1.6321769733223528,8.20757e-07,8.503998e-07,78950.83816369475,379.0452739501444,74924.56079983794,266.0537172888788,False,78336.28242865071,319.141764080001,False,79155.5173660809,414.86932731541,False,79912.85173356425,575.4686158679186,False,79902.94401673535,784.0381013749048,False,0.0029610277231558,12.311221101625623,78804.5454990464,262.8440578845866,0.0,0.0017609125892139,False,174086.5,709.2278442382812,False,175907.08349609375,921.962938635434,False,177568.08763855696,1742.3656663732918,False,False,0.0065802835767279,27.35919200991199,False,False
2MASS J10011629+0137555,150.31796681575,1.63212845583,2025052500526,60820.97326288884,60820.973089272025,g,1.21142957167569,34.3994026235812,337.315136985867,24.352664947509766,30.0009846687317,100.912313775405,150.257769098759,2.1389091287468,-1,g,20250525,g_6,0.3076782373253184,150.31789856254323,1.6321799315178018,745306226556405824,745306226556404093,1899.0986757978603,660.8506215830436,0.0140944375,0.013445786,150.31789856254323,1.6321799315178018,7.487407e-07,7.8217244e-07,79178.30912101234,375.7457562905628,76616.97223992967,266.2404504569116,False,79185.70912099614,318.03892452417165,False,80594.52682874784,412.24251846928496,False,81030.87950728941,572.0619574501972,False,82388.57924893034,779.5287628435437,False,0.3920585437861756,11.918914475991944,79011.60338332003,257.4924732477094,0.0,0.0002333160571535,False,176254.609375,707.9033203125,False,179390.41023498774,917.585317693446,False,183383.68139499423,1735.1052243735644,False,False,0.8726590473740071,26.52958012827815,False,False
2MASS J10011629+0137555,150.31796681575,1.63212845583,2025052500527,60820.97378587482,60820.973612257425,g,1.21481738662292,34.6326585487805,336.739393789753,24.361082077026367,30.0010857582092,97.6823382164679,150.060053041681,2.24824721385462,-1,g,20250525,g_6,0.2925090574520453,150.31790048340815,1.6321754192337203,745306226690623489,0,266.7958489364779,3959.566609952261,0.01334117,0.013694299,150.31790048340815,1.6321754192337203,7.6087235e-07,7.4176506e-07,78856.15949837993,376.0978656012192,75744.34199890021,265.50906674208323,False,78624.91279840312,317.7491824894569,False,79852.1163916976,413.0971641030196,False,80161.02734331459,571.9784895846104,False,81253.44976676712,780.6549267865108,False,0.2359469107732984,11.881983822991655,78105.85036869023,255.1876940332225,0.0,0.0007674405640096,False,175190.65625,708.003173828125,False,177925.08984375,920.45587967497,False,181047.5163732767,1739.4416611842937,False,False,0.5257327819812079,26.475228644629667,False,False
2MASS J10011629+0137555,150.31796681575,1.63212845583,2025052500528,60820.9743077991,60820.974134182135,g,1.21710624299134,34.7889613653569,336.350895019735,24.335037231445312,30.0010118484497,94.6113064582707,149.986516300806,2.31877208856484,-1,g,20250525,g_6,0.2988605527010062,150.31790039574287,1.6321782931057045,745306226844762434,0,3011.4824536844294,585.899550967643,0.0134676825,0.014344922,150.31790039574287,1.6321782931057045,7.9693433e-07,7.485604e-07,79523.49189173579,380.54217543484896,76773.03528760541,268.277045462442,False,79806.04004698867,320.9786526726257,False,81626.3213443595,417.2386528216608,False,83054.32683115409,577.4926118319785,False,83863.60994188531,787.3760028280037,False,0.6374515481727392,12.092599931424733,79869.69808687361,261.60297873873753,0.0,1.814388584897575e-05,False,176718.265625,710.7581176757812,False,180749.0000610352,923.9111605455182,False,185703.1333625317,1743.5236923494017,False,False,1.411538925458916,26.77721242051537,False,False
2MASS J10011629+0137555,150.31796681575,1.63212845583,2025052500529,60820.97482747467,60820.97465385718,g,1.21284780895265,34.4972687877838,336.217839281727,24.29555892944336,30.0011014938354,91.7816392788161,150.204956725178,2.01908049963385,-1,g,20250525,g_6,0.3036884871084102,150.31790011644438,1.6321801382182786,745306226959056958,0,3710.8284231415214,151.14668284877638,0.014344088,0.014801038,150.31790011644438,1.6321801382182786,8.2271845e-07,7.9718654e-07,78425.2322835406,378.48980709345886,75546.65221612781,266.1651206603099,False,78719.417673664,318.81591989321123,False,80498.24854588756,414.7736609156082,False,81498.5441547172,574.7648517939443,False,83362.8507591122,783.4727643746594,False,0.3979073198570023,12.19029051317168,79130.25152501233,262.34829501774595,0.0,0.0016789326792353,False,174691.390625,707.5051879882812,False,178638.91015625,920.451265535858,False,184995.93563997743,1738.655477519004,False,False,0.8830220687587946,27.05226823065225,False,False
2MASS J10011629+0137555,150.31796681575,1.63212845583,2025052500530,60820.97535075101,60820.97517714001,g,1.21604618815871,34.7168842890589,335.7929297076,24.439476013183594,29.9999806880951,88.6749073878357,150.090191129359,2.13980176918842,-1,g,20250525,g_6,0.2993652861500065,150.3178998495753,1.6321777940518634,745306227093275646,0,1376.5227959996869,1785.648711190723,0.012249897,0.012105225,150.3178998495753,1.6321777940518634,6.7284395e-07,6.8074763e-07,79632.30544855549,375.71689049750455,77028.88490354925,266.5167032285884,False,79296.84830316131,318.2011618788307,False,80607.53515108692,413.9032836042657,False,80290.42443776669,573.4157111187033,False,79550.28991215656,780.7915265903894,False,-0.2881188523719954,12.06507635219724,79651.71087673152,254.50633128809773,0.0,0.0002633573812806,False,177156.078125,710.88916015625,False,180084.26690673828,924.696050542378,False,177722.28879344463,1744.3563980646954,False,False,-0.6436826558977337,26.954433304365423,False,False
2MASS J10011629+0137555,150.31796681575,1.63212845583,2025052500531,60820.97587058709,60820.975696969654,g,1.21733642795723,34.8044782244211,335.434606217486,24.47311782836914,30.0010933876038,85.6297744731072,150.055262670998,2.14859729755571,-1,g,20250525,g_6,0.3001911449096757,150.31789973397534,1.6321780237904864,745306227227493491,0,967.842266855016,1911.7478098221063,0.011700128,0.011565019,150.31789973397534,1.6321780237904864,6.428857e-07,6.5029735e-07,78394.12192618579,377.2859090370202,76492.8951064697,267.10871312863384,False,78181.65898386632,318.8458446273329,False,79146.73007990445,415.0047637789376,False,79395.50127720974,575.8864972844669,False,79754.35755490181,785.433233813775,False,0.1818803335532251,12.104801782435326,79337.05451548054,253.39258730911075,0.0,0.0021830936847558,False,174668.890625,712.3467407226562,False,176824.99603271484,927.1793747471644,False,178182.52180474997,1754.76900072649,False,False,0.4063464052969592,27.043840282409683,False,False
2MASS J10011629+0137555,150.31796681575,1.63212845583,2025052500532,60820.97639929077,60820.9762256739,g,1.21723521952944,34.7976474895941,334.951203726915,24.48204803466797,30.0009956359863,82.4891630730999,149.991504500377,2.04221507393941,-1,g,20250525,g_6,0.2959409165161014,150.31790103779042,1.6321777971449216,745306227361711800,0,2503.017922543762,2756.9235168190253,0.012245417,0.011691397,150.31790103779042,1.6321777971449216,6.5035175e-07,6.800971e-07,78888.6275822166,374.9473408096656,76617.87843732587,266.7524526004679,False,78616.54993453143,318.4670631083346,False,79873.13041695763,412.2273841722121,False,79565.01472088383,572.7921232299599,False,79135.64609807788,782.2186127758853,False,-0.1748534898882806,11.818221527317975,78892.05600185624,253.01064101269927,0.0,0.0001445335460545,False,176026.984375,713.0661010742188,False,178840.5404663086,923.0008614351132,False,177189.2705901265,1751.4325373423117,False,False,-0.3915070371074537,26.46167884321937,False,False
2MASS J10011629+0137555,150.31796681575,1.63212845583,2025052500533,60820.97692103904,60820.97674742138,g,1.21765515382249,34.8259458925191,334.677308868508,24.482866287231445,30.0011312961578,79.520888711981,150.024065764661,2.01102802809658,-1,g,20250525,g_6,0.3068593738890386,150.3178990041012,1.63218013705801,745306227495928893,0,2911.8860711565635,1859.615165175138,0.012674025,0.012424558,150.3178990041012,1.63218013705801,6.910983e-07,7.040691e-07,79260.23403079851,377.2778834057664,76787.68726849265,267.1979481032443,False,79204.23065971551,319.1917315124184,False,80415.83873033724,414.62907201701927,False,81059.2851047429,574.3526989872927,False,80834.90759023948,782.4060452941638,False,0.1467100302524051,12.169831064428672,78904.4543676186,254.3631558021948,0.0,4.252502887713838e-06,False,176969.03125,713.1822509765625,False,179676.17333984375,926.4215382406182,False,180612.5148653686,1748.1596466068006,False,False,0.3277998121081628,27.191517372360448,False,False
2MASS J10011629+0137555,150.31796681575,1.63212845583,2025052500534,60820.977446518904,60820.97727290196,g,1.2204303359568,35.0134209692383,334.885278747534,24.51321029663086,30.001008272171,76.9515455398508,150.254762809605,2.22963853103729,-1,g,20250525,g_6,0.2998586789614501,150.31789937755588,1.632177381108194,745306227628048861,0,4071.106953898312,797.861725597336,0.012190124,0.011226137,150.31789937755588,1.632177381108194,6.2684364e-07,6.7461656e-07,79319.70977035581,374.9452211409352,77435.77835265767,266.783305031094,False,79349.91241207384,318.2965073887886,False,80347.96391426791,413.5237533646611,False,,,True,,,True,0.4907504315678855,12.327441750285974,75337.76821604435,239.8779673693162,0.0,0.0038977932332274,False,177145.78125,710.5853271484375,False,179373.89477539062,923.176675669133,True,,,False,False,1.095582414097786,27.52056345478709,False,False
2MASS J10011629+0137555,150.31796681575,1.63212845583,2025052500535,60820.97796848843,60820.97779487079,g,1.22237518691261,35.1437294947705,334.522569178372,24.486642837524414,30.0011267662048,73.8963603459525,150.201330243569,2.27362572314483,-1,g,20250525,g_6,0.3019542902059801,150.31789985790047,1.6321790077744205,745306227762266648,0,3123.941804723168,927.6886780485108,0.012672923,0.011044434,150.31789985790047,1.6321790077744205,6.213478e-07,6.977204e-07,79053.09619557818,374.5929455617567,76859.26750587973,265.7347883374948,False,78923.57786492068,317.00710082853897,False,80216.1514693762,411.76949997082494,False,80266.81661111659,570.0521354870153,False,79739.88833807723,776.4100507433126,False,-0.0951515923299714,12.009357928089164,79150.11910714698,253.0116307623654,0.0,0.0016351388091423,False,175683.9375,705.6580200195312,False,178561.20721435547,916.599184353936,False,177501.0451632142,1728.2892960404822,False,False,-0.2118075086324014,26.73283883891579,False,False
2MASS J10011629+0137555,150.31796681575,1.63212845583,2025052500536,60820.9784858992,60820.97831228187,g,1.22451527386497,35.2861589451913,334.223805146901,24.44466781616211,30.0010743141174,70.8898156794616,150.174487463611,2.34132511392139,-1,g,20250525,g_6,0.3025029917075123,150.31789888802172,1.6321779570836916,745306227896484049,0,1883.177443476376,380.68005894068807,0.013740806,0.011202704,150.31789888802172,1.6321779570836916,6.3935687e-07,7.4966556e-07,78921.19343960195,376.22919698054926,76901.01895723797,266.59064238579674,False,78886.06300643456,318.2133415285433,False,80382.16438239902,413.6075860388313,False,80594.04253070716,573.3208700981311,False,80311.5140031855,781.0222686560223,False,-0.0016894973365726,11.944188039565438,78800.43444260415,253.8365252770603,0.0,0.0002035288838676,False,174509.1875,703.9412231445312,False,177818.81439208984,914.96927381945,False,177662.52391690016,1727.7521063695606,False,False,-0.0037374511574327,26.422545005976087,False,False
2MASS J10011629+0137555,150.31796681575,1.63212845583,2025052500537,60820.979009012066,60820.97883540041,g,1.22488196371529,35.3103313850673,333.842213066604,24.5087947845459,30.0000939369202,67.8266577273931,150.149698104295,2.28015103084805,-1,g,20250525,g_6,0.2970525588620512,150.317900669251,1.632177820284597,745306228030701915,0,2836.9354958885115,525.7848567905244,0.012129167,0.010512776,150.317900669251,1.632177820284597,5.979977e-07,6.6193155e-07,79010.79661790928,373.8998020105259,77170.51972086182,265.7048469373728,False,79036.14374830663,316.80374387884325,False,80122.3201249908,411.0537438090264,False,80945.99053317726,570.3966035637229,False,82148.26476671075,777.0955708107989,False,0.7545354111970225,12.011997189642832,78507.51916199742,249.08849299435707,0.0,0.0018030164243787,False,176215.609375,706.3320922851562,False,178637.30181884766,916.467865409168,False,183154.261435926,1732.5790841860537,False,False,1.6822799161674464,26.781435735584584,False,False
2MASS J10011629+0137555,150.31796681575,1.63212845583,2025052500538,60820.97952775342,60820.97935414218,g,1.22194358856937,35.1148538753406,333.464100473792,24.470720291137695,30.0000224113464,64.7904913154371,150.210761235476,2.01577333931744,-1,g,20250525,g_6,0.3023137373907105,150.31789948989916,1.632178684129231,745306228165444121,0,3470.950251840051,929.5649615677512,0.012571509,0.011031297,150.31789948989916,1.632178684129231,6.2968934e-07,6.839226e-07,79063.88321158908,380.37525614058353,77049.95382629205,269.6835044173728,False,78926.49081831814,321.94430838686884,False,79812.72572501576,418.514978537441,False,80661.54816548094,580.3077083231567,False,81534.13356593472,791.285568162151,False,0.590624486908245,12.48894877879466,79082.44560768742,255.01808821706328,0.0,0.0024612949761224,False,174742.734375,712.7825927734375,False,176704.8526611328,926.5894247708464,False,180516.03836035728,1751.9010717253143,False,False,1.3076387504513836,27.65045089993272,False,False
2MASS J10011629+0137555,150.31796681575,1.63212845583,2025052500539,60820.98005534505,60820.979881727646,g,1.2284551745441,35.5457436284778,332.944334952861,24.303892135620117,30.0010871887207,61.55985001730641,149.955839307747,2.29528968911352,-1,g,20250525,g_6,0.3011356062723242,150.3178996371075,1.632178333775952,745306228299138226,0,1158.1438512566592,2167.578747142508,0.015714027,0.01327744,150.3178996371075,1.632178333775952,7.707661e-07,8.4434447e-07,78728.46350645224,394.4797711940063,75828.02906288765,275.94341702944524,False,78579.06793685682,331.4826086394374,False,80227.78928963823,432.74994955458345,False,80788.84194486534,601.7974074830172,False,81370.37116663046,821.8025832317002,False,0.2555386177475818,12.769375780645776,79061.58237700126,266.3537805243586,0.0,4.788033786329304e-05,False,166410.015625,701.993896484375,False,169901.57836914062,916.4517696362072,False,172321.26942676306,1740.3639965053378,False,False,0.5411642882597796,27.0422146631504,False,False
2MASS J10011629+0137555,150.31796681575,1.63212845583,2025052500540,60820.983311723336,60820.98309181275,u,1.23348860178295,35.872575463214,331.474861530145,23.333967208862305,38.0005493164062,110.687090349085,150.196563692205,2.24902436594725,-1,u,20250525,u_24,0.2423214476605892,150.3179101993377,1.632164897867166,745306228435452419,0,1011.3924276631216,3830.187232002038,0.25112757,0.23020719,150.3179101993377,1.632164897867166,1.2952196e-05,1.3823305e-05,8986.772503017723,730.4386721818793,7834.268690657437,444.4646669598813,False,8649.24055204592,582.6703367771028,False,8868.7495024642,819.9265250415606,False,8686.84344512852,1195.0545902100912,False,9870.400123982745,1670.3623298833918,False,-0.0362954609586183,26.392909378768657,7622.1881631159395,343.76491832834034,1.0,0.2768991207075518,False,3379.94921875,227.6958465576172,False,3465.728900909424,320.4107922621126,False,3857.15381449461,652.7439973424416,False,False,-0.0141835360194988,10.313818062813322,False,False
2MASS J10011629+0137555,150.31796681575,1.63212845583,2025052500541,60820.98392945569,60820.983709541906,u,1.23366922320957,35.8839051718457,331.147540795751,23.29302406311035,38.001101732254,107.70436822373,150.239846817631,2.17980198007713,-1,u,20250525,u_24,0.1736491606720861,150.31792281752672,1.6321482655930484,745306228569669907,0,1663.9826342912893,2211.9349543967755,0.26172107,0.34730533,150.31792281752672,1.6321482655930484,1.8922963e-05,1.5052946e-05,6593.322252920059,691.4395371932688,6565.061556148969,419.7923692696289,False,6489.673037230302,550.3011792333052,False,6707.1829964894,770.5713527201084,False,7768.916812247275,1127.5421603784105,False,7001.831172698683,1573.504192075295,False,-0.0562466184762427,24.942158517111693,6968.363470604743,346.43142202263857,1.0,0.2346126672600758,False,2644.69970703125,224.26112365722656,False,2733.3403091430664,314.0265802443729,False,2853.416612036526,641.241253899907,False,False,-0.0229218659479806,10.16453663297111,False,False
2MASS J10011629+0137555,150.31796681575,1.63212845583,2025052500542,60820.98454604609,60820.98432613274,u,1.23508726642942,35.9751905599372,330.83829803473,23.271814346313477,38.0010271072388,104.733615582152,150.259264579911,2.18648516494838,-1,u,20250525,u_24,0.2556006790907403,150.317925593271,1.632186275485698,745306228703887506,0,1257.5600451045527,1426.304993990961,0.2692434,0.30330044,150.317925593271,1.632186275485698,1.6750939e-05,1.51027325e-05,7291.91441331243,692.7545385944469,6972.954811184453,416.8174031291943,False,7957.599686710584,547.574412266334,False,8837.796496566443,772.1983312042945,False,10232.852009868617,1125.947210296143,False,10495.739098833745,1568.9167538842148,False,0.9533180705498658,25.16978687179669,7437.554483152162,356.1581479553385,0.0,0.0609580937930513,False,3259.720947265625,224.30630493164065,False,3620.281429290772,316.3203949394327,False,4299.434747219086,642.6851071301403,False,False,0.3905135978589051,10.31045600864127,False,False
2MASS J10011629+0137555,150.31796681575,1.63212845583,2025052500543,60820.9851604967,60820.984940588736,u,1.23471608557117,35.9515050449625,330.293626150129,23.387845993041992,38.0000960826874,101.569010875239,150.201296676815,2.02904647682515,-1,u,20250525,u_24,0.3249551238001769,150.31789414552213,1.632182038931786,745306228838105267,0,4071.23322521694,1346.8636702930169,0.25327963,0.27623868,150.31789414552213,1.632182038931786,1.5313542e-05,1.4137722e-05,6946.0544077386085,687.7064356927415,6888.011525269606,417.9624447704783,False,7234.046954773622,547.679744594501,False,7181.866244724715,769.8151217799704,False,,,True,,,True,0.0634365299412096,24.775316583932955,6961.091061597463,329.16281657729087,0.0,0.0964748272862582,False,2993.22900390625,226.61325073242188,False,2971.638210296631,318.5261257720902,True,,,False,False,0.0262481101538741,10.25127382274619,False,False
2MASS J10011629+0137555,150.31796681575,1.63212845583,2025052500544,60820.985777339905,60820.985557426655,u,1.23919746438678,36.2368705248505,329.744902882065,23.46102523803711,38.0010094642639,98.3856660485695,150.008500653012,2.14663790675577,-1,u,20250525,u_24,0.2625185061016123,150.3179009152049,1.6321597325191808,745306228992770107,0,2312.23614373128,464.2191996003429,0.21092439,0.22595783,150.3179009152049,1.6321597325191808,1.2547195e-05,1.1745072e-05,6599.522893703601,713.8908073718233,6372.152076830077,436.5560500428821,False,5639.300476990958,569.657017098786,False,3661.895802174077,800.4646645122908,False,3655.6708843926926,1169.520413228136,False,3065.185598739557,1630.5672428051887,False,-0.7886777519264502,25.8488724154523,6942.059675777612,329.18894087207764,0.0,0.0053367027434494,False,2330.76708984375,235.44371032714844,False,1513.4902381896973,330.83832014987297,False,1266.8652338981628,673.9262223770473,False,False,-0.3259666967884235,10.683541581322755,False,False
2MASS J10011629+0137555,150.31796681575,1.63212845583,2025052500546,60820.98701003194,60820.98679012466,u,1.24339185554237,36.500474638258,329.224756567142,23.443809509277344,37.9999775886536,92.510252932193,150.059955142046,2.2482532382574,-1,u,20250525,u_24,0.2907435753009252,150.31789806399297,1.6321708769100265,745306229240234396,0,4017.367275013058,2984.76991681806,0.20825642,0.20604165,150.31789806399297,1.6321708769100265,1.1456955e-05,1.15777275e-05,7642.291058329637,713.5000856246696,7891.459741346721,433.98642625970376,False,8578.199941928866,568.8910519972037,False,9695.255396125553,800.9563798952196,False,11192.706702271193,1169.5545141637683,False,14610.225857216654,1636.6878750322346,False,1.2112423257911729,26.256228104511603,7662.902861076147,330.17575634921224,1.0,0.2355319870637233,False,3517.257080078125,233.25827026367188,False,3975.27522277832,328.41033283105617,False,5990.524898663163,671.0792538417713,False,False,0.4966369022545017,10.765650698504723,False,False
2MASS J10011629+0137555,150.31796681575,1.63212845583,2025052500547,60820.987625629394,60820.9874057155,u,1.24652316319556,36.6950234664716,328.833860209631,23.487417221069336,38.0011200904846,89.4550896367361,149.986384488568,2.31877807242753,-1,u,20250525,u_24,0.3090616609480203,150.31789546151003,1.63217623662756,745306229374452235,0,2466.064989398079,3720.809052484724,0.19541687,0.18230908,150.31789546151003,1.63217623662756,1.013591e-05,1.0863788e-05,8180.261230412051,746.8293785790637,7009.730623315701,455.48525529681206,False,7261.818005806977,597.7471122263133,False,6072.791908258856,838.9926544981766,False,5980.140042420337,1224.7309323733164,False,5935.262883946334,1706.7872672467945,False,0.3273379176172213,26.882641764148747,7841.081198238139,343.0243604348024,0.0,0.1006283817123046,False,2968.5439453125,244.35183715820312,False,2482.484363555908,342.9701161170116,False,2426.26415091753,697.7141266925622,False,False,0.1338118075441662,10.989300940777376,False,False
2MASS J10011629+0137555,150.31796681575,1.63212845583,2025052500548,60820.98824021709,60820.98802030392,u,1.24224631869004,36.4289688073509,328.602073510859,23.467071533203125,38.0009958744049,86.5685639455705,150.204826484727,2.01908456400175,-1,u,20250525,u_24,0.291210881890605,150.3178939907097,1.6321637307124828,745306229507621429,0,3564.3724566558167,3740.6632197833287,0.25877747,0.18390377,150.3178939907097,1.6321637307124828,1.0246519e-05,1.4377849e-05,7011.852682956757,696.5805715945273,7248.711609410318,423.7814496445563,False,7350.027229927935,555.7886200127066,False,7591.055863658822,783.0438672498573,False,9428.62012232575,1145.6439496523628,False,8123.52270822861,1595.8695906215232,False,-0.3286843176207943,24.46754220604654,7168.99639145892,320.2334261244892,0.0,0.1017801100410444,False,3065.3984375,231.79690551757807,False,3165.9217109680176,326.5758577584487,False,3387.992049254477,665.5725205514574,False,False,-0.1370809062533793,10.204420106429422,False,False
2MASS J10011629+0137555,150.31796681575,1.63212845583,2025052500549,60820.98885259776,60820.98863268385,u,1.24641491207065,36.6883941965547,328.19243659433,23.408491134643555,38.0011231899261,83.4884717830758,150.090337050528,2.13980588032364,-1,u,20250525,u_24,0.2567428458981324,150.3179051228292,1.6321642783209638,745306229643411576,0,1088.3336940088634,944.4962654124412,0.23402509,0.19562969,150.3179051228292,1.6321642783209638,1.0908649e-05,1.298867e-05,7710.878330732368,670.4242044016346,7395.417730444868,408.73600792038303,False,7599.347753830453,534.9281953567829,False,6807.185563784451,752.3624991426711,False,8379.741270741204,1099.2063355907435,False,9201.816439463248,1532.956015725174,False,0.1794794841808095,24.60849684800938,7391.014408248172,317.6578762262347,0.0,0.0014441735935933,False,3167.244873046875,222.9465789794922,False,2837.088691711426,313.5685252568221,False,3835.119392439723,638.9031320437512,False,False,0.074803192919055,10.25629277670069,False,False
2MASS J10011629+0137555,150.31796681575,1.63212845583,2025052500550,60820.98946626492,60820.9892463516,u,1.24844475804509,36.8136273889508,327.818731993614,23.457630157470703,38.0010209083557,80.4483407181707,150.055373663749,2.14860297539602,-1,u,20250525,u_24,0.2636140414465857,150.3179050950573,1.632167898339462,745306229777629315,0,663.0849948371045,1022.138298142911,0.21003036,0.19700049,150.3179050950573,1.632167898339462,1.0975204e-05,1.165952e-05,6579.257470211074,678.5330367051513,7447.60321283173,414.755462610989,False,7691.412715043643,542.250752641561,False,9079.822675762982,762.9697374012549,False,10230.727312806865,1114.6074948428757,False,10689.649939883331,1553.8269101374883,False,-0.0179617480267457,24.506091920793715,7684.58589443424,317.4136529218129,0.0,0.0059980532252237,False,3201.816650390625,225.7306365966797,False,3779.7903327941895,317.6125504457004,False,4449.936628341675,646.8342107000038,False,False,-0.0074771990572903,10.201508624616208,False,False
2MASS J10011629+0137555,150.31796681575,1.63212845583,2025052500551,60820.99008081766,60820.989860904076,u,1.24906301916968,36.8516438870513,327.314766291461,23.52667999267578,38.0010673999786,77.3053312629604,149.991555237786,2.04214942193055,-1,u,20250525,u_24,0.2736471466862562,150.3178980618905,1.6321609324749489,745306229911847220,0,2109.8096615968066,1997.7147858947008,0.191449,0.18665802,150.3178980618905,1.6321609324749489,1.0392107e-05,1.0632963e-05,7774.457771478554,668.9977918557556,7056.241510634237,409.101891114008,False,7602.586735165198,536.0034292160773,False,7616.869733779621,753.2577466028343,False,8825.641387463907,1095.6880043122924,False,11239.958733053389,1528.625950179454,False,0.8864973390012247,24.07497778282832,7138.790833690026,293.0119146870061,0.0,0.0174961651602456,False,3170.706298828125,223.5435791015625,False,3176.663112640381,314.15084957170035,False,4687.69501683116,637.5230033703529,False,False,0.3697192540618187,10.040619904680668,False,False
2MASS J10011629+0137555,150.31796681575,1.63212845583,2025052500552,60820.99069647894,60820.990476565385,u,1.25006484929627,36.91296817227,327.01130704242,23.475208282470703,38.0010623931885,74.3295720911797,150.023901725086,2.01088722071533,-1,u,20250525,u_24,0.3479789865365225,150.31788967586849,1.6321867446121603,745306230046064803,0,2598.959842990612,1145.7645647164047,0.19837824,0.18531,150.31788967586849,1.6321867446121603,1.0359045e-05,1.0980847e-05,7086.573617181264,666.8583747143857,7164.772788351762,408.4714533875564,False,7008.2174829584765,532.7526597338774,False,7146.686839795657,749.0157401623654,False,7106.764403393949,1093.8136486527355,False,6437.256994706478,1522.6469861396106,False,-0.2516987901773972,24.47015043598723,7369.97462328912,304.988545675131,0.0,0.0120049896097611,False,2919.984375,221.97219848632807,False,2977.6778411865234,312.07853683500275,False,2682.0928271859884,634.4131612610298,False,False,-0.1048706802138432,10.195525053371906,False,False
2MASS J10011629+0137555,150.31796681575,1.63212845583,2025052500555,60820.99254046436,60820.992320556485,u,1.25890523707839,37.4470355714417,326.520553062855,23.242918014526367,38.0000805854797,65.7128678302379,150.174423546931,2.34125717959127,-1,u,20250525,u_24,0.3542844693462485,150.31788381615758,1.6321813864214945,745306230445048249,0,2092.8788636874388,3455.5736646933688,0.32364503,0.24283768,150.31788381615758,1.6321813864214945,1.4368784e-05,1.7306555e-05,9071.31221648579,784.9653739212147,7365.615559366581,474.26780051125,False,8491.415392189314,624.5673156268989,False,7530.305433165446,876.9199135988862,False,6993.713117519127,1277.6935190890108,False,7358.646694028066,1786.4190258062483,False,-0.2825041783441802,28.096355519464662,7791.015058439365,380.294591276488,1.0,0.2543855864979377,False,3070.798828125,225.86582946777344,False,2723.227169036865,317.1255342797037,False,2661.149243198335,646.0328693885346,False,False,-0.1021635922555022,10.160644794637776,False,False
2MASS J10011629+0137555,150.31796681575,1.63212845583,2025052500556,60820.99315735164,60820.99293743819,u,1.26000096839978,37.5118540271696,326.116121107334,23.125253677368164,38.0010433197021,62.646786608317996,150.149571068985,2.28008208473085,-1,u,20250525,u_24,0.1987668661573629,150.31792536967666,1.6321649536923022,745306230579265957,0,3029.345719519881,3689.1860132534607,0.24163763,0.26439044,150.31792536967666,1.6321649536923022,1.4441562e-05,1.3710853e-05,6995.823928101799,824.4367396026208,7262.235576567711,497.5244849433647,False,6801.114694461521,652.4287839575953,False,7390.214016365635,922.6732842424876,False,4414.786958466366,1344.8187389274244,False,5690.2631333017935,1883.5524866453188,False,-0.6258086829268447,29.618634901519545,7805.621255327251,406.7897403842084,0.0,0.0056929474940085,False,2362.73193359375,226.6561279296875,False,2567.387176513672,320.54004834367123,False,1976.818068742752,654.3529713476131,False,False,-0.2174082081979315,10.28962128344394,False,False
2MASS J10011629+0137555,150.31796681575,1.63212845583,2025052500557,60820.9937722632,60820.99355234965,u,1.25743095675421,37.3587178217151,325.674125523916,23.213642120361328,38.0010616779327,59.57714727325019,150.210815642356,2.01586603562793,-1,u,20250525,u_24,0.4005836392719449,150.31787940402913,1.6321973551929048,745306230715580466,0,3609.07662465176,293.58556559872403,0.28138286,0.25760692,150.31787940402913,1.6321973551929048,1.4678439e-05,1.5320209e-05,5174.950503889447,756.9234504621542,5548.615390792155,453.8318098374175,False,5875.915247279375,597.4674873347815,False,6854.518735419991,846.8315801048107,False,7169.4414581538695,1237.7390171528016,False,6797.905418627268,1732.5270896917466,False,0.0140042966406149,27.11737693963808,6702.243928362953,373.5162581558074,0.0,0.3955241879346636,False,2200.353759765625,223.733627319336,False,2566.8113708496094,317.1129896801406,False,2545.611384257674,648.7793535592801,False,False,0.0052441884318051,10.15464311397978,False,False
2MASS J10011629+0137555,150.31796681575,1.63212845583,2025052500558,60820.99709920843,60820.996925591215,r,1.27130122126986,38.1722995831533,324.12077466587,23.19709014892578,30.0010545253754,104.788156296478,150.196710004752,2.24911378990388,-1,r,20250525,r_57,0.2972973471540239,150.3178998345976,1.6321767988764846,745306230851372604,745306230851371888,462.2847274561103,2818.8203280503435,0.012151022,0.012829764,150.3178998345976,1.6321767988764846,7.1047026e-07,6.775793e-07,255474.65205716257,883.3660403254452,238652.2297212283,602.2367042523107,False,255439.94457571747,730.9617984384143,False,265839.84711036854,959.2027572535624,False,270302.5469653534,1335.322072944567,False,273833.3325864485,1823.5276344654565,False,0.8074330855808698,28.29684808080043,254243.5090214977,604.9908780000193,0.0,0.0004737263030766,False,385154.0,1102.14892578125,False,400835.0402832031,1446.2921191941027,False,412887.6693665981,2749.526757420358,False,False,1.217452826966269,42.66617049191394,False,False
2MASS J10011629+0137555,150.31796681575,1.63212845583,2025052500559,60820.99762132482,60820.99744770449,r,1.27154366377811,38.186529044113,323.861438530107,22.874631881713867,30.0015933513641,101.792725594948,150.239678791549,2.17981063910012,-1,r,20250525,r_57,0.2923376209258721,150.3179006099908,1.632175515242198,745306230985589915,745306230985589074,1278.648660750863,1275.712323018905,0.0147947995,0.014193216,150.3179006099908,1.632175515242198,7.9009544e-07,8.2063883e-07,255288.94862699395,1110.69862329053,241633.27020425483,740.5369668856314,False,256211.42210304303,913.0888838171302,False,263918.71948812937,1218.4918809459289,False,269072.82108579105,1720.0801502512584,False,268920.93173995026,2363.747326097453,False,0.1928598020802645,36.94114167457992,256340.59413679867,712.4159770143947,0.0,0.000358151169884,False,308342.875,1098.87548828125,False,317618.3796386719,1466.4189701266366,False,323638.3942595124,2844.700054041012,False,False,0.2321010724550888,44.45757232923536,False,False
2MASS J10011629+0137555,150.31796681575,1.63212845583,2025052500560,60820.99814325482,60820.997969637836,r,1.27315405425199,38.2786914769417,323.632325843645,23.08294677734375,30.0010159015656,98.8192179460973,150.259247738585,2.18648147127465,-1,r,20250525,r_57,0.2788888557750045,150.31790338379275,1.632172965565522,745306231119807629,745306231119806576,958.8387446749772,448.46004099639765,0.014295648,0.013698676,150.31790338379275,1.632172965565522,7.6210296e-07,7.9361797e-07,258337.24121355257,965.0267634696622,238343.9727742087,648.2058484071251,False,257181.88412053653,793.6528809381552,False,267588.8769686211,1048.822443118441,False,269815.9835557555,1467.0642327297187,False,272562.98651149083,2011.0042684851403,False,0.2498874359515404,31.2991427092958,256163.91722501,651.1770106397619,0.0,4.441341866345816e-05,False,359455.03125,1109.263671875,False,374000.5578613281,1465.9061440351893,False,380952.7143372297,2810.71742142388,False,False,0.3492598104493424,43.74582742925687,False,False
2MASS J10011629+0137555,150.31796681575,1.63212845583,2025052500561,60820.998666450614,60820.99849283331,r,1.27302154049351,38.2709346559331,323.160345698806,23.669099807739258,30.0010709762573,95.6522473073516,150.201371062156,2.02904658008291,-1,r,20250525,r_57,0.297554033608525,150.31789908470742,1.632175867794741,745306231254026132,745306231254024521,3766.4787408953566,655.6232413740926,0.008728802,0.010013529,150.31789908470742,1.632175867794741,5.5582206e-07,4.8581046e-07,255594.79486308884,675.5932142692229,242702.05424646364,484.0716818352908,False,255158.98285815644,572.6985709563588,False,262451.23125677207,734.0937940741745,False,265782.2670834207,1005.7287980328427,False,264810.181022283,1359.5638830386029,False,0.1771359541440455,21.14367751287948,254612.9971491722,495.5633380103141,0.0,0.0055480547616632,False,504341.6875,1131.9835205078125,False,518755.3868408203,1450.9938029203574,False,523418.0355633497,2687.2843564238365,False,False,0.3501230684854753,41.79213240840275,False,False
2MASS J10011629+0137555,150.31796681575,1.63212845583,2025052500562,60820.99919193251,60820.99901831553,r,1.27828433066932,38.5702210354305,322.734462878277,23.685914993286133,30.0010137557983,92.5092708775495,150.008617553942,2.14655512782641,-1,r,20250525,r_57,0.2876636000093397,150.3179004801584,1.632173045254408,745306231388244731,745306231388243798,1670.5255543016451,3829.1059548050703,0.0091923475,0.008852149,150.3179004801584,1.632173045254408,4.919126e-07,5.1072215e-07,257676.04663919628,655.1858440654506,243689.0764140168,471.7963340830336,False,257116.05328352243,556.0968176814242,False,264914.11152460054,708.7897602431309,False,267784.1814588442,965.2036008171413,False,268057.6347748791,1304.7154140914388,False,0.4432986043396246,19.73619514749856,253607.4285555604,483.5753518776727,0.0,0.0011436587487634,False,522270.875,1129.580078125,False,538110.7988353968,1439.7399288990391,False,544496.1280186176,2650.222933346466,False,False,0.9004569999347135,40.08944512495519,False,False
2MASS J10011629+0137555,150.31796681575,1.63212845583,2025052500563,60820.99971589072,60820.999542273225,r,1.27761577118662,38.5321266615164,322.809702645509,23.531795501708984,30.0011034011841,89.7870793083867,150.257510772346,2.1389100310495,-1,r,20250525,r_57,0.2941572915297438,150.31790011147325,1.6321756864540524,745306231520889074,745306231520888199,1550.199119613849,3148.2096490174736,0.010152828,0.009707226,150.31790011147325,1.6321756864540524,5.3944797e-07,5.641252e-07,256801.7223446793,753.5913554938721,243961.4243179587,531.8142581948,False,256864.6002914576,633.9910504690696,False,265137.5348361892,818.5225289026474,False,266964.88264828373,1128.5248256676762,False,267461.7493472522,1530.6772178515553,False,-0.2424459882786021,23.46722578038694,259692.78500002043,543.455711320388,0.0,0.0028258426220328,False,449643.78125,1109.8070068359375,False,464125.6271972656,1432.8310110326192,False,468194.18549609184,2679.464166440425,False,False,-0.4244038719028941,41.07958871470692,False,False
2MASS J10011629+0137555,150.31796681575,1.63212845583,2025052500564,60821.000239021814,60821.000065404856,r,1.28289188356349,38.8278995549959,322.376346967536,23.58356475830078,30.0010108947754,86.6327625265154,150.059881530309,2.2482498439702,-1,r,20250525,r_57,0.2920370657255774,150.3179001021123,1.6321746465640312,745306231656155205,745306231656153934,3559.929881519633,1855.637716030828,0.010444763,0.009357374,150.3179001021123,1.6321746465640312,5.2011995e-07,5.8007055e-07,255614.3007943993,711.8801505630362,241892.1984935292,505.33302297848354,False,256101.64412576344,600.3998746490447,False,264926.6052688784,771.5310673544438,False,269857.7404827793,1058.4280687873013,False,270821.93945521803,1432.78950212741,False,0.8817050003822867,21.79267978345969,258331.90989025385,525.2572963362456,0.0,0.0010780207564509,False,473520.96875,1110.1136474609375,False,489837.94384765625,1426.5278916170982,False,500738.1642056704,2649.1664096034974,False,False,1.6302347740013554,40.29373133448098,False,False
2MASS J10011629+0137555,150.31796681575,1.63212845583,2025052500565,60821.000764293705,60821.00059067643,r,1.28647681018403,39.0268685578869,322.081386693516,23.69304084777832,30.0010659694672,83.5950514929971,149.986593846174,2.31877524013563,-1,r,20250525,r_57,0.2924475688760837,150.31790113603728,1.6321762979765726,745306231790373267,745306231790372053,1941.8705801486003,2436.5134302313904,0.0093767475,0.008582043,150.31790113603728,1.6321762979765726,4.773932e-07,5.203104e-07,258534.9149248268,671.9521916919869,244925.23726517343,483.2540060553861,False,257652.4929046732,570.2656619959498,False,263647.5768690458,727.4068909514519,False,266673.82353272435,993.3696910822268,False,267079.04070963134,1343.9246833249963,False,0.0813195138058711,21.013499894088973,258978.1931834692,501.7471980740825,0.0,2.735287020749766e-05,False,507947.90625,1124.247802734375,False,519766.8889160156,1434.0432071321543,False,526531.8336427212,2649.474574675248,False,False,0.1603170080339286,41.42697458058826,False,False
2MASS J10011629+0137555,150.31796681575,1.63212845583,2025052500566,60821.00128955838,60821.001115947205,r,1.28163309755316,38.758069001208,321.865421482187,23.361635208129883,30.0000104904175,80.6510146331824,150.205012283054,2.01917663256986,-1,r,20250525,r_57,0.2911578702610913,150.31790138459144,1.6321760305703417,745306231923542231,745306231923541261,3440.156027235338,3001.2021190223027,0.010302096,0.010303556,150.31790138459144,1.6321760305703417,5.726067e-07,5.725295e-07,256614.016162072,821.1849874054697,243474.6714822472,571.6368326039805,False,255750.66527991087,687.0996267221803,False,262992.08709230204,894.8986823529151,False,266446.6591430209,1242.4492807251806,False,269083.8112363529,1693.2874857698812,False,1.0257517312496551,26.19296328231679,255712.1405435305,567.4235603990334,0.0,0.0020465196006852,False,414115.21875,1112.561767578125,False,425840.6348876953,1449.033038471529,False,435704.4437412024,2741.795869069484,False,False,1.6609122095722988,42.41202933918372,False,False
2MASS J10011629+0137555,150.31796681575,1.63212845583,2025052500569,60821.002856651525,60821.00268303415,r,1.28959300230115,39.1976630935225,320.843873624742,23.862648010253906,30.001081943512,71.4241163035669,149.991400709863,2.04214643201907,-1,r,20250525,r_57,0.2909449273592907,150.3179007693621,1.6321750709379734,745306232327766632,0,1745.87701846598,1127.273730278112,0.008185638,0.0076311985,150.3179007693621,1.6321750709379734,4.272745e-07,4.519373e-07,256834.4599101225,640.3016591114634,247234.86241650445,466.92471486211343,False,257434.7347592332,547.1995721706296,False,264232.5873606962,695.1642749519299,False,266785.32446181617,946.3147418872826,False,267177.9849990001,1276.6972287324452,False,0.474817130807096,19.652345393600207,256833.3768764857,478.1391755634103,0.0,0.0004450068143927,False,531047.8125,1128.78759765625,False,545070.7249755859,1434.0157628170664,False,551146.6221315265,2633.627785998915,False,False,0.97947388058748,40.53973152273513,False,False
2MASS J10011629+0137555,150.31796681575,1.63212845583,2025052500570,60821.003375144894,60821.003201527885,r,1.29066555146482,39.256142149536,320.611998969038,23.851364135742188,30.0010194778442,68.4410495830395,150.023924288182,2.01098250572653,-1,r,20250525,r_57,0.2975872868354363,150.31790049771004,1.63217783881779,745306232461983929,0,2316.113648188248,327.50044083269484,0.008147247,0.00794095,150.31790049771004,1.63217783881779,4.4282632e-07,4.5117113e-07,256928.8984004682,639.4605536738555,246783.20375884112,466.3095772130845,False,257373.08367719417,546.628271922735,False,263267.62520004355,693.312598681877,False,267481.64621236536,944.495789703759,False,268768.2790376832,1275.2168225157088,False,1.104765076875063,19.613722665444392,256783.35878787897,478.3733809567877,0.0,0.0001258767970518,False,532933.4375,1131.884033203125,False,545139.0583496094,1435.61813534867,False,556529.0697537065,2640.5468476785554,False,False,2.2875983830050743,40.61344913354343,False,False
2MASS J10011629+0137555,150.31796681575,1.63212845583,2025052500571,60821.00389933289,60821.00372571544,r,1.29360537141971,39.4157743158853,320.85615373936,23.921945571899414,30.0010952949524,65.8442830259103,150.2549287262,2.22964413529018,-1,r,20250525,r_57,0.2927431868904887,150.3178999945404,1.6321748357019046,745306232593057465,0,316.01035842654875,2996.2855979640185,0.0073809098,0.0070701637,150.3178999945404,1.6321748357019046,3.958807e-07,4.0724075e-07,256805.7089034955,638.4275941607747,247858.5596846885,466.7830896451108,False,256707.5128042133,546.3007503203149,False,261613.10215528743,693.0551704074782,False,264201.60648246127,944.0935936020358,False,263368.5030504556,1273.5968054582986,False,0.7327003707216098,19.804423622078925,257200.2722438101,474.58562843717465,0.0,1.4563212560436687e-05,False,534336.625,1137.1248779296875,False,544547.6080322266,1442.5941673813518,False,548201.4745653868,2650.9914384874187,False,False,1.52511564212081,41.22290291660776,False,False
2MASS J10011629+0137555,150.31796681575,1.63212845583,2025052500572,60821.00442242049,60821.004248803525,r,1.29675004118088,39.5851161776373,320.575571689751,23.489778518676758,30.0010113716125,62.811789321229,150.201352951464,2.27355692907724,-1,r,20250525,r_57,0.28853568580854,150.3179019722223,1.6321755998475926,745306232726750458,0,3575.1888151852063,2955.2217474246418,0.0091182925,0.008552118,150.3179019722223,1.6321755998475926,4.8201497e-07,5.0009004e-07,256338.5290928956,891.9489104513844,248130.72852316563,619.7800400062031,False,256304.4971361103,747.6873254194134,False,261561.4967749909,981.3252145576316,False,263001.69292421814,1370.0114956440082,False,262912.2519395354,1870.807005274433,False,0.2316498781543722,28.73888060332077,257876.9359552701,586.5084134415849,0.0,9.966569944952486e-05,False,381420.125,1112.672607421875,False,389243.3410644531,1460.3613677658316,False,391253.4704592228,2784.045733788716,False,False,0.3447302972407624,42.76783105470655,False,False
2MASS J10011629+0137555,150.31796681575,1.63212845583,2025052500573,60821.00494649089,60821.004772873304,r,1.30002987513599,39.7601193618323,320.351998041933,23.79061508178711,30.0011188983917,59.82466898957101,150.174419114151,2.34125551541057,-1,r,20250525,r_57,0.2858732488092432,150.31790162998462,1.632173844043182,745306232860968148,0,2462.826386709825,2175.2072447941746,0.00794415,0.0074807545,150.31790162998462,1.632173844043182,4.2237804e-07,4.3490869e-07,257638.7764063571,679.4614764725875,248268.26598264324,491.9344304669988,False,257045.96206549305,579.0390272643255,False,262405.9547889991,739.8555556488876,False,263684.36747761327,1012.470385567423,False,263836.61569450446,1369.4963558757393,False,0.6849965336367781,20.7883179675131,257546.6016908233,494.7694901320908,0.0,0.0003947976349537,False,498960.75,1123.9925537109375,False,509365.2160644531,1436.1590431993532,False,512142.3211108446,2658.376437268914,False,False,1.329670310416014,40.35291836899573,False,False
2MASS J10011629+0137555,150.31796681575,1.63212845583,2025052500574,60821.00546957778,60821.005295966555,r,1.30129917335697,39.8275014784484,320.021130066969,23.621946334838867,30.0000197887421,56.7578424948811,150.149501167997,2.28017740520898,-1,r,20250525,r_57,0.2898457235881072,150.31790049329717,1.6321741416671534,745306232995186970,745306232995185797,3375.985270195904,2506.2381953892773,0.009862799,0.008863223,150.31790049329717,1.6321741416671534,5.099379e-07,5.3179144e-07,257665.81828571105,708.9308904309949,244994.66081183584,506.37902291708366,False,256797.0147781412,600.1258000675581,False,262598.29830800527,768.5852159173098,False,265133.6387627871,1056.8842899906058,False,266438.5635732085,1431.8170463744498,False,0.5145710886786833,22.23509839734169,256150.18659811,512.8841674673052,0.0,0.0005058981618725,False,478859.46875,1119.078125,False,489677.3497583866,1433.211007149898,False,496838.44306916,2669.9654229486214,False,False,0.9595408979799316,41.46266036368794,False,False
2MASS J10011629+0137555,150.31796681575,1.63212845583,2025052500575,60821.00598691785,60821.0058133063,r,1.29849821056329,39.6783386194487,319.627539205859,23.537273406982422,30.0000767707825,53.658311022774,150.210805571278,2.01577744304879,-1,r,20250525,r_57,0.2913606286028499,150.31789940710112,1.6321732887760545,745306233129928948,745306233129928195,3863.9985129599886,3814.881270975518,0.01067773,0.009687777,150.31789940710112,1.6321732887760545,5.5840553e-07,5.746066e-07,257968.7215994634,783.0788718412525,244947.38903667903,551.1593046526657,False,257888.9361016641,659.7331907535296,False,265305.54739228665,853.2443155237175,False,268002.51179903484,1181.093688299324,False,269070.47118779813,1607.26722509207,False,0.2034017783934036,24.8350789765912,251119.6357386134,543.1425308426253,0.0,0.0084919186355935,False,436417.125,1116.4451904296875,False,448968.01696777344,1443.9178226578088,False,455339.27602028847,2719.926461695472,False,False,0.3442102662028994,42.02760277330848,False,False
2MASS J10011629+0137555,150.31796681575,1.63212845583,2025052500576,60821.00651108364,60821.00633746644,r,1.30760816070769,40.1586456427176,319.300928529799,23.21108055114746,30.001051902771,50.548938738687,149.955589311415,2.29539106446628,-1,r,20250525,r_57,0.3046823885702786,150.31789947190543,1.6321797529959547,745306233263622168,745306233263621518,1427.161172853868,3798.7979265481945,0.012329809,0.011521728,150.31789947190543,1.6321797529959547,6.58737e-07,6.671143e-07,255526.46540949165,919.9103179773172,241847.50764385177,628.2575784544243,False,255701.95203655696,763.1201195280404,False,264287.3332997268,1003.9811421522476,False,267619.31851053954,1403.3730761144384,False,269784.8032154237,1917.8247947708016,False,0.7055511614073858,29.92274721856371,257561.1827632247,621.2370167149824,0.0,0.0036312441414433,False,369738.1875,1103.4512939453125,False,382152.4193115234,1451.729894226545,False,390101.6138572693,2773.123388044135,False,False,1.020208119373258,43.26749261589792,False,False
2MASS J10011629+0137555,150.31796681575,1.63212845583,2025052500577,60821.00703421028,60821.00686059289,r,1.3085307180849,40.2066033207278,318.916852064421,23.532791137695312,30.0010843276978,47.4365308356825,149.91289559343,2.19447096154292,-1,r,20250525,r_57,0.2857969872412466,150.31790212016386,1.6321745029739554,745306233399412282,745306233399410956,2390.1241376807848,646.9363306906972,0.010556275,0.009011414,150.31790212016386,1.6321745029739554,5.416877e-07,5.487542e-07,257190.008730078,766.1759018017835,245679.29489688715,541.7415862466404,False,257101.7123992281,646.091371747436,False,263692.8644184199,834.4390269733688,False,267165.69580514386,1153.5647454133136,False,268961.9216294268,1567.9550946085424,False,1.309099588826843,24.107508569213817,258250.83300509927,543.9291695798063,0.0,0.0002131008717186,False,441272.5,1108.9088134765625,False,452585.1206054688,1432.1763635643968,False,461628.584479928,2691.1351854836003,False,False,2.246852589661428,41.37654500950863,False,False
2MASS J10011629+0137555,150.31796681575,1.63212845583,2025052500578,60821.00755743646,60821.00738381955,r,1.30818950297729,40.1890320703949,319.190510689291,23.354503631591797,30.0010011196136,44.8825772749175,150.257595501978,2.28045527622281,-1,r,20250525,r_57,0.2956811789288698,150.31790033698348,1.6321767269096936,745306233512134751,745306233512133883,1535.281934402772,3106.129684945094,0.010769657,0.0108185215,150.31790033698348,1.6321767269096936,5.998365e-07,5.997083e-07,258638.3481502154,907.2042255790682,246583.06716932904,624.508487547132,False,258828.3710776095,755.7790769527081,False,266286.1326867673,992.415038546072,False,269736.77774645336,1383.9749244255377,False,271423.6186543421,1891.491788448188,False,0.7137322243793709,30.120431545649623,257795.3181620992,605.7138529603985,0.0,0.0003108009460486,False,377552.15625,1102.45263671875,False,388430.7703857422,1447.632792873569,False,395924.8055129051,2759.113308500669,False,False,1.0411190209852983,43.93658171974756,False,False
2MASS J10011629+0137555,150.31796681575,1.63212845583,2025052500579,60821.00807812068,60821.0079045035,r,1.30672850520304,40.1127338292148,318.710000200197,23.604141235351562,30.0010476112366,41.7030003157065,150.233820306672,2.04164221727245,-1,r,20250525,r_57,0.2892376681551465,150.31790122544112,1.6321748942531982,745306233670469688,745306233670468426,235.2051104982411,1845.30122247044,0.010477299,0.009102054,150.31790122544112,1.6321748942531982,5.4985634e-07,5.408696e-07,258632.2239760816,687.5281824312848,243095.2930123606,490.6475114527344,False,257364.1039029567,581.1392666750257,False,264331.99705626664,743.3908161340448,False,266204.6470560635,1017.4687420900528,False,265611.13055504364,1376.53811731338,False,-0.2676414246261375,21.06311832463001,254655.81681257207,504.76945740039423,0.0,0.0001675270160536,False,497227.46875,1122.7611083984375,False,510689.4388639331,1436.23111456796,False,513160.7248830199,2659.471749672233,False,False,-0.5170832531862242,40.69394624079587,False,False
2MASS J10011629+0137555,150.31796681575,1.63212845583,2025052500581,60821.011675497255,60821.01150187981,i,1.32354555690223,40.9722752497901,317.213877913041,21.16843032836914,30.0010948181152,94.5348023613825,150.239884850206,2.17972416071032,-1,i,20250525,i_39,0.2986161222465517,150.31789922227273,1.6321765739364555,745306233938378758,0,901.3218585462764,64.32058060699401,0.022865422,0.02075816,150.31789922227273,1.6321765739364555,1.1542371e-06,1.2695365e-06,510859.9229089019,4802.845942615869,480725.5934891492,2972.7969323397865,False,509524.78454954346,3835.503903582172,False,527693.0874117811,5337.813447676627,False,531782.0399711479,7722.146828292023,False,535126.9368174614,10740.43641201669,False,-1.1769821623013257,167.46353288784994,514842.09318388486,2537.0287483564,0.0,0.0021657905091282,False,166840.328125,1255.908935546875,False,172789.41186523438,1747.829691675798,False,175223.5738759637,3516.8808064376385,False,False,-0.3853945796360597,54.83476294618581,False,False
2MASS J10011629+0137555,150.31796681575,1.63212845583,2025052500582,60821.01219956014,60821.012025943106,i,1.32565347711519,41.0773653772331,317.01070992877,21.33708953857422,30.0010230541229,91.5582613062452,150.259148397464,2.18648880338008,-1,i,20250525,i_39,0.289110149388631,150.3179021755701,1.632176147254087,745306234071024164,0,699.2251142962558,3423.0477965826503,0.020601884,0.02117473,150.3179021755701,1.632176147254087,1.176654e-06,1.1445705e-06,514390.2227972731,4799.45004699258,484919.0142363566,2984.395515326236,False,512388.5735403659,3848.176961982207,False,524892.592987458,5342.141917244439,False,533683.0789657505,7740.727776098327,False,529649.4804814664,10757.888227553847,False,0.1445254444496142,172.01773945728002,513206.3449383946,2429.6256279108147,0.0,0.0017809433052078,False,167946.0,1261.3199462890625,False,172044.4521484375,1750.997997934187,False,173603.62085032463,3526.121364848163,False,False,0.0473712169766461,56.38238782586049,False,False
2MASS J10011629+0137555,150.31796681575,1.63212845583,2025052500583,60821.012722662526,60821.0125490509,i,1.32603811806309,41.0966788647629,316.566900685975,20.958139419555664,30.00008893013,88.3958960069819,150.201330764106,2.02905030303075,-1,i,20250525,i_39,0.2952038839115983,150.31789886961803,1.632174404120447,745306234205241803,0,3473.7933401024325,3978.301551275613,0.041827574,0.036090482,150.31789886961803,1.632174404120447,2.005785e-06,2.324175e-06,528153.1954075252,7582.579360018916,504860.6641548767,4599.465209839954,False,537184.1104489015,6002.118219611606,False,569928.0570834951,8429.233077772848,False,585472.6689248995,12256.933345589134,False,,,True,0.329747304297439,268.81005892383047,531586.7934541997,3834.3889391649054,0.0,0.0050943340497184,False,111064.4140625,1240.955810546875,False,117834.32250976562,1742.7690331286103,True,,,False,False,0.0681762368396926,55.57727994510598,False,False
2MASS J10011629+0137555,150.31796681575,1.63212845583,2025052500584,60821.013245726775,60821.013072109796,i,1.33256277091857,41.4182642094202,316.209211291122,20.25299835205078,30.0010139942169,85.2872881592198,150.008372151026,2.14655757315973,-1,i,20250525,i_39,0.3161592708612255,150.3178936975207,1.6321771463721386,745306234341032137,0,1002.4107403016394,2641.123768487541,0.06250691,0.059823383,150.3178936975207,1.6321771463721386,3.3249817e-06,3.4712814e-06,482129.650268482,11740.736252478033,453917.8915188645,6950.352296464526,False,485877.3215626268,9159.99296284333,False,515003.833409622,12942.496296352829,False,532293.4716623347,18909.25017379991,False,529508.9214717193,26410.04710178805,False,1.5399865515029556,420.46364432598057,496779.3471091057,5987.026461365681,0.0,0.0013525213590327,False,65276.0234375,1230.614990234375,False,69189.07470703125,1738.781898408876,False,71137.78568053246,3548.1031468137576,False,False,0.2068921387523223,56.487910597205584,False,False
2MASS J10011629+0137555,150.31796681575,1.63212845583,2025052500585,60821.013768803256,60821.01359518597,i,1.33169976066738,41.3758402328658,316.275133502067,20.633487701416016,30.0010664463043,82.5252151033039,150.257570686931,2.13891530667218,-1,i,20250525,i_39,0.302503711983752,150.31789550644882,1.632172952453882,745306234473677005,0,1510.6011344631318,1968.2510199508183,0.044716034,0.041282,150.31789550644882,1.632172952453882,2.2970748e-06,2.4811027e-06,506672.4670752742,7752.327996497226,481319.8589258124,4655.107158470423,False,514078.9312435553,6085.6979738111,False,545895.5518636439,8553.414842167427,False,561366.1998144613,12444.279691529222,False,575986.8335375973,17359.930491161107,False,5.913462117005642,274.01862476239893,520721.08860296,4117.206884791609,0.0,0.0008948626499067,False,105540.28125,1249.392333984375,False,112072.22583007812,1756.014015020172,False,118249.95873844624,3563.9895649595587,False,False,1.214032353903863,56.25595792304579,False,False
2MASS J10011629+0137555,150.31796681575,1.63212845583,2025052500586,60821.01429518061,60821.014121563676,i,1.33827197245945,41.6955044264911,315.906923612623,21.126859664916992,30.0010061264038,79.4059041068485,150.059866758842,2.24825435173471,-1,i,20250525,i_39,0.3034066961700219,150.31789790193943,1.6321770129800417,745306234608943754,745306234608943180,3174.7925879417007,401.1716866057232,0.030472394,0.030627768,150.31789790193943,1.6321770129800417,1.7012505e-06,1.6931172e-06,521582.60802813823,4402.174325045597,472485.38948758895,2688.4572887644485,False,520286.7989798197,3468.55855178046,False,549594.3808238046,4812.499767505255,False,556185.8205462986,6953.037206664772,False,548529.5749226615,9651.827904949523,False,-3.171782770068211,152.3368227249343,518685.4196191213,2534.026825713135,0.0,3.351702612486296e-05,False,192500.609375,1283.3299560546875,False,203344.1044921875,1780.5739828077778,False,202950.1375777125,3571.0741785656537,False,False,-1.1735260576291082,56.36301221230605,False,False
2MASS J10011629+0137555,150.31796681575,1.63212845583,2025052500587,60821.014814966504,60821.01464134888,i,1.34272830047231,41.9089214696233,315.659019442927,20.078227996826172,30.0011260509491,76.3818362243104,149.986379655262,2.31877994202622,-1,i,20250525,i_39,0.2880227509368356,150.31790216875376,1.63217562751116,745306234743161217,745306234743160907,1485.1668582059633,786.7349824560289,0.071777344,0.06793321,150.31790216875376,1.63217562751116,3.786011e-06,3.97487e-06,517569.5438446365,9547.425549598587,465219.7415159861,5599.623247017433,False,522672.79331214784,7360.433294320879,False,566433.7509566722,10372.73079497779,False,598984.6785972554,15122.144440317488,False,610748.8291770682,21090.0858758444,False,-0.9345020490503376,334.5608507367449,523719.16720854334,5337.656088758506,0.0,0.0124678522252642,False,87756.546875,1235.813720703125,False,95103.99365234376,1741.577231259471,False,102544.4770463109,3541.0167382789205,False,False,-0.1569025094124092,56.17262913986202,False,False
2MASS J10011629+0137555,150.31796681575,1.63212845583,2025052500588,60821.015338928504,60821.01516531158,i,1.33739245282249,41.6528211416786,315.421027955778,20.262903213500977,30.0010039806366,73.3937958920346,150.204892865347,2.01908946515441,-1,i,20250525,i_39,0.2769359680394617,150.31790106499878,1.632168431529773,745306234876330151,0,3396.287238359001,2089.8158325077625,0.059308313,0.06127374,150.31790106499878,1.632168431529773,3.3959616e-06,3.3035928e-06,510564.4100073486,11466.287868935486,473125.8093663532,6773.731103230002,False,515323.3589999517,8921.124392972215,False,545931.6924885177,12601.725063043852,False,579235.0828489646,18400.58328843036,False,550467.6433918948,25676.130107102137,False,-13.838081342984394,411.4496783730441,514282.7896944639,6004.716574878319,0.0,0.0062742692624313,False,71763.25,1242.343994140625,False,76025.72607421875,1754.899579723042,False,76657.39660298824,3575.623948978936,False,False,-1.9270729214838829,57.297938499828646,False,False
2MASS J10011629+0137555,150.31796681575,1.63212845583,2025052500589,60821.01585861315,60821.01568499568,i,1.34320872795063,41.9319750465504,315.172092816196,20.505903244018555,30.0010995864868,70.3636548301848,150.090296186388,2.13980808062787,-1,i,20250525,i_39,0.2886141352609979,150.31790278824008,1.6321767375837395,745306235010547928,0,644.17129697472,2920.3295259661627,0.063383125,0.056015946,150.31790278824008,1.6321767375837395,3.161263e-06,3.4768623e-06,487618.32112040056,11238.18207702348,427557.144042456,6625.589594581661,False,478922.3428538153,8745.10530879434,False,496513.14050001785,12346.761543046325,False,495978.3360652677,18050.21130109116,False,474729.5808549491,25193.206055817827,False,-5.291368600705492,404.1909067855586,480154.83642792265,6001.549729658521,0.0,0.0017337916107738,False,69062.875,1261.085693359375,False,71599.55151367188,1780.4616172657695,False,68458.25881920755,3632.97989046478,False,False,-0.7630404672120155,58.286247213127496,False,False
2MASS J10011629+0137555,150.31796681575,1.63212845583,2025052500590,60821.01638391444,60821.016210294605,i,1.34624370137714,42.076129675354,314.914406821713,22.269317626953125,30.0015070438385,67.3359846985293,150.055280128344,2.1486059391468,-1,i,20250525,i_39,0.2933128911763279,150.31790108338635,1.6321766332946095,745306235144766941,745306235144766328,223.28456807611343,2945.001036478613,0.0125735765,0.011837232,150.31790108338635,1.6321766332946095,6.6388924e-07,6.9266594e-07,509748.9916527215,1762.1497304233442,473753.715816004,1164.682179368426,False,508886.6110259668,1437.3952303061092,False,529646.1319145716,1914.6367317663503,False,538325.915653059,2697.623264589797,False,544921.9193233054,3705.194419233004,False,0.9435354347718728,57.41096904942328,507537.31480595097,1143.1380878086163,0.0,0.0011210358663018,False,492676.21875,1391.6075439453125,False,512774.4528808594,1853.646696234989,False,527563.6358066797,3587.166839624655,False,False,0.9134794671112372,55.58216414658206,False,False
2MASS J10011629+0137555,150.31796681575,1.63212845583,2025052500591,60821.0169068641,60821.01673324664,i,1.34775207690297,42.1472707682894,314.520009259838,21.183513641357422,30.0010976791382,64.202538135935,149.991429593313,2.04215129504931,-1,i,20250525,i_39,0.9925036325417602,150.3181917120319,1.6322880511943274,745306235280556489,745306235280556034,1403.0,12.0,,,150.3181917120319,1.6322880511943274,,,,,235364.05589770144,3411.0499075756647,True,260144.2881498556,4483.941650952678,True,,,True,,,True,,,True,1.4342956589183125,200.12791222817407,221977.1197142756,2918.8563320344488,,,True,73063.5234375,1259.3494873046875,True,,,True,,,True,True,0.4028329633411589,56.20746282600731,True,False
2MASS J10011629+0137555,150.31796681575,1.63212845583,2025052500592,60821.01742884031,60821.01725522911,i,1.34927179991985,42.2189684420676,314.308740519641,20.850379943847656,30.0000140666962,61.21326637601871,150.023748080979,2.01098998201892,-1,i,20250525,i_39,0.2891572475611086,150.31790061530052,1.6321739815631455,745306235413201333,0,2071.650856893028,3498.4944761973284,0.041962206,0.039011266,150.31790061530052,1.6321739815631455,2.2068273e-06,2.2940155e-06,528842.8633154165,7603.589008837166,479322.3921722436,4574.293893087151,False,517832.0661392561,5981.478189690422,False,535596.2554774435,8407.252814115525,False,539822.8506846583,12248.202997512986,False,516604.429508177,17059.547835816356,False,-6.898625104464302,263.70009638289173,511612.78928922606,3957.8538506065606,0.0,0.0200455940334378,False,109441.7578125,1264.1617431640625,False,113196.14892578124,1776.8396098194787,False,109182.30166900158,3605.467920435983,False,False,-1.4579971139117902,55.73197175415616,False,False
2MASS J10011629+0137555,150.31796681575,1.63212845583,2025052500593,60821.017952859016,60821.017779241425,i,1.35239561214662,42.3646571259856,314.558341386872,20.534313201904297,30.001119852066,58.586276613538296,150.255014327895,2.2296427998257,-1,i,20250525,i_39,0.282918633332893,150.31790112191675,1.6321716296088196,745306235545845981,0,820.9036880999923,1724.0268362723311,0.034889627,0.033783585,150.31790112191675,1.6321716296088196,1.8939965e-06,1.9217619e-06,493108.39797216345,7061.344209264473,459118.5554770606,4271.822085622543,False,496444.42548746726,5581.39509239306,False,516741.00471277424,7797.81595282309,False,548913.4606544377,11390.092998110416,False,546178.5620748616,15873.72830861139,False,-4.004840421878376,252.01457507501163,498712.0488929077,3693.079452968604,0.0,3.696877896919304e-06,False,111997.6875,1259.1607666015625,False,116576.58862304688,1759.1845319025392,False,123217.69119352102,3581.1075143448115,False,False,-0.9034905883301648,56.85439935594359,False,False
2MASS J10011629+0137555,150.31796681575,1.63212845583,2025052500595,60821.01899406759,60821.01882045019,i,1.36038731708584,42.733943814047,314.130755006971,21.89451026916504,30.0010871887207,52.5831519807201,150.174457281308,2.34135466435463,-1,i,20250525,i_39,0.2864685670142031,150.3179014734013,1.6321739086461795,745306235813757104,0,3127.65070518358,679.6855744567943,0.013036936,0.012192614,150.3179014734013,1.6321739086461795,6.9516443e-07,7.0703237e-07,520171.4280875505,2616.6595280549727,495141.8975988052,1694.8888411471542,False,517783.4403406656,2128.924102697028,False,529529.7019878997,2894.556536268268,False,532972.4519395623,4140.343193141855,False,534491.06216501,5725.341799557407,False,-1.971351504823197,89.68189018743736,519548.4101256058,1483.1998933401678,0.0,0.0013752993743081,False,323686.21875,1330.871826171875,False,331029.255859375,1809.497923622932,False,334130.791734159,3579.1299871057504,False,False,-1.232367172661061,56.06357728633692,False,False
2MASS J10011629+0137555,150.31796681575,1.63212845583,2025052500596,60821.02304002378,60821.02286640678,i,1.37471738455245,43.3783657414369,312.212570505114,22.01919937133789,30.0010170936584,46.4009160715112,150.210617012777,2.01578236829419,-1,i,20250525,i_39,0.3145945125676264,150.3178973803838,1.6321815519006484,745306235952169690,0,12.707559880021982,3021.135944330074,0.13847928,0.0699362,150.3178973803838,1.6321815519006484,6.0119064e-06,6.178594e-06,,,540176.720202625,1789.5355416075952,True,565084.3475484523,2238.372685391884,True,,,True,,,True,,,True,-1.4320262378605266,94.36392348435282,518816.8302978671,1534.9304736735696,,,True,338312.25,1340.098876953125,True,,,True,,,True,True,-0.8573446082721121,56.49505496182926,True,False
2MASS J10011629+0137555,150.31796681575,1.63212845583,2025052500597,60821.023580709094,60821.023407097644,i,1.38507084943569,43.8315308239642,311.831862546113,21.944679260253906,30.0000579357147,40.2328090708281,149.912744129829,2.19457192456337,-1,i,20250525,i_39,0.2879712509552823,150.31790108396115,1.632174079940205,745306236082193277,0,2702.108549110585,3362.584185280124,0.013528986,0.01147821,150.31790108396115,1.632174079940205,7.0649054e-07,6.872992e-07,513293.66979246255,2801.0684676581086,493121.1513174009,1807.652451403276,False,511736.6349740316,2277.8411271522464,False,521159.6067675998,3110.169048097973,False,525437.7492375997,4451.216225380969,False,532376.6023432829,6163.51328656979,False,2.6546529862581867,94.61727749203428,511226.837562576,1518.160716468063,0.0,6.60340539981874e-06,False,297659.96875,1324.9434814453125,False,303140.994140625,1809.0806059078395,False,309665.5427547693,3585.108133529805,False,False,1.5441222514229502,55.03568424980594,False,False
2MASS J10011629+0137555,150.31796681575,1.63212845583,2025052500598,60821.02410394958,60821.02393033838,i,1.38427127385766,43.7968782377249,312.083843030659,22.328567504882812,30.0000157356262,37.6260878122502,150.257422273815,2.28045536767894,-1,i,20250525,i_39,0.2767611847881058,150.31790224820983,1.6321702249354286,745306236196488494,745306236196487777,2572.8214143386977,2040.319446805469,0.012376353,0.011147142,150.31790224820983,1.6321702249354286,6.629595e-07,6.454748e-07,514077.39319322567,2122.440414837577,487945.0471888417,1395.5619827867724,False,514101.68661640177,1736.0509567861072,False,530970.0511238358,2338.713949613537,False,538290.5265039427,3320.302979639136,False,540838.8243369842,4574.603828310223,False,1.986370662200904,69.90408898688635,512895.60021544766,1276.7750922625887,0.0,4.987474040474282e-05,False,400155.5625,1351.2705078125,False,413285.2021484375,1820.3585407267644,False,420966.6484441757,3560.683062878186,False,False,1.546109048771872,54.41046154448686,False,False
2MASS J10011629+0137555,150.31796681575,1.63212845583,2025052500599,60821.02462903415,60821.02445542004,i,1.3832327664833,43.7517668180573,311.625640364656,22.160022735595703,30.000518321991,34.4433355993953,150.234007057736,2.04164669618792,-1,i,20250525,i_39,0.2831498178998894,150.31790271452175,1.6321740696158322,745306236354822492,0,864.7318984714522,1122.1749367296436,0.011849655,0.011424657,150.31790271452175,1.6321740696158322,6.5103967e-07,6.4235144e-07,513799.4205615333,2404.529227432577,494421.0378183962,1568.4845382777546,False,515614.39283841365,1961.055311071891,False,532866.5981256332,2658.669883759761,False,539295.9808421788,3788.0984967272334,False,544331.0551364695,5229.9218462935,False,0.8971221900553152,82.17070918841375,515828.8640642879,1378.9833243306396,0.0,4.5083698845704845e-05,False,350794.625,1334.190185546875,False,362532.0415039063,1808.807352599596,False,370331.8041827679,3558.140537447687,False,False,0.610350771062082,55.90426395402625,False,False
2MASS J10011629+0137555,150.31796681575,1.63212845583,2025052500600,60821.02515227231,60821.02497865515,i,1.38983303144956,44.0361852295283,311.462208470578,20.353134155273438,30.0010449886322,31.4601368161588,150.151671686248,2.18534684515039,-1,i,20250525,i_39,0.2865625399923635,150.31790172503133,1.632174313302683,745306236464922940,0,2774.991443976159,3657.740487951711,0.050249297,0.047748536,150.31790172503133,1.632174313302683,2.7546014e-06,2.6909722e-06,514247.1049003751,10992.235661360735,477305.3751406673,6559.9744722813775,False,503780.03233098943,8632.244531149921,False,520591.3896898528,12155.392819292549,False,506197.7310951261,17780.722930919364,False,506394.2897568287,24823.85893011499,False,-7.509521993933241,384.4659643589947,506509.3504943171,5469.24887502955,0.0,0.0093561066016292,False,73367.0390625,1257.140380859375,False,75815.32885742188,1770.2273265311594,False,73747.76143014431,3615.1750981093896,False,False,-1.093634836855982,55.99096354576372,False,False
2MASS J10011629+0137555,150.31796681575,1.63212845583,2025052500602,60821.02619863588,60821.026025019084,i,1.39407691861993,44.2173577411899,310.94749513543,21.915721893310547,30.0009820461273,25.3842915828334,150.138861094219,2.08974995238281,-1,i,20250525,i_39,0.2903482890268465,150.31790020515658,1.632173968710202,745306236753805360,0,4060.0359570139385,265.6604752737715,0.016206877,0.015376359,150.31790020515658,1.632173968710202,8.923128e-07,8.630913e-07,510648.41448318894,3299.432548628837,481150.2927754161,2085.6670469970304,False,508930.7146828041,2653.45296949253,False,528379.8536553901,3646.317163547107,False,531036.4544125611,5242.587399246313,False,534791.33860419,7267.173204224447,False,0.4676291637039333,113.50280207019348,508228.6299790201,1810.9865951724607,0.0,0.0002397918299442,False,248419.40625,1295.2042236328125,False,257912.92553710932,1779.8413784715567,False,261042.50140708685,3547.254666353792,False,False,0.2282592813540799,55.40302026291015,False,False
2MASS J10011629+0137555,150.31796681575,1.63212845583,2025052500603,60821.02672083935,60821.02654722778,i,1.39954841740119,44.4475889968748,310.959340949268,21.863908767700195,30.0000791549683,22.5482208308261,150.182629135697,2.26975593653038,-1,i,20250525,i_39,0.2899503441087387,150.3179006469642,1.6321744147158024,745306236867575993,0,3859.820226092694,916.5986300567354,0.016082242,0.014864818,150.3179006469642,1.6321744147158024,8.839381e-07,8.3599724e-07,519381.15443761664,3016.923077389313,487638.9929351531,1924.21097703716,False,517622.1998603696,2437.824850124823,False,534174.2180528176,3336.758102208764,False,537344.7326258742,4781.07194374581,False,536015.269995328,6624.972385169115,False,-1.3305170220476392,104.34475972283788,519165.7529865903,1701.3259280524765,0.0,2.275767953596741e-05,False,276274.28125,1301.1580810546875,False,285108.7109375,1780.9522981076068,False,286091.3490513563,3535.994948646769,False,False,-0.710146578056853,55.69269150822237,False,False
2MASS J10011629+0137555,150.31796681575,1.63212845583,2025052500604,60821.02724621368,60821.02707260261,i,1.39958818280749,44.4493310012591,310.510100836333,21.56744956970215,29.9999928474426,19.3632920897741,150.133942781342,2.06471308036301,-1,i,20250525,i_39,0.2869146337918077,150.31790104770351,1.6321735105244963,745306237025910799,0,541.1680893528257,69.9626344558401,0.018813167,0.018331274,150.31790104770351,1.6321735105244963,1.0425526e-06,1.0214752e-06,511328.3571353129,3936.444802280607,478244.963762461,2458.256146709484,False,511184.2718889602,3152.2064950343934,False,530750.0153430948,4348.446972050949,False,542710.1029059204,6283.759403556202,False,544922.8204004072,8721.161975889629,False,0.5499228469991752,137.7003355890152,511846.1800898966,2142.585925598853,0.0,5.87051468919908e-05,False,207114.046875,1277.1641845703125,False,215041.4040527344,1761.8391244213522,False,220783.7305921316,3533.5108093295025,False,False,0.2228095670669643,55.79137569021604,False,False
2MASS J10011629+0137555,150.31796681575,1.63212845583,2025052500605,60821.02777030504,60821.02759669351,i,1.40752947005679,44.7791875108009,310.394304419029,21.1364688873291,30.0000720024109,16.4071673182689,150.04387248051,2.25983318417498,-1,i,20250525,i_39,0.2920428576981809,150.3178989323179,1.632172913920049,745306237136011423,0,2580.811331530544,1116.3654837186562,0.026910638,0.02638252,150.3178989323179,1.632172913920049,1.4928668e-06,1.4679028e-06,520075.8982253783,5279.66784613346,483451.6059221488,3234.560396467216,False,514500.7869049769,4185.968881547854,False,530790.829925767,5827.932312526898,False,539545.0586506552,8447.499639116037,False,524518.4793751958,11759.13187765738,False,1.7050547756779333,188.5736408705993,516950.3827253159,2779.4848685880106,0.0,0.0006613995756272,False,154667.59375,1258.3726806640625,False,159564.65478515625,1751.9745163827831,False,157679.0806684494,3534.992906516376,False,False,0.5125681555366752,56.68840946499653,False,False
2MASS J10011629+0137555,150.31796681575,1.63212845583,2025052500607,60821.02882074547,60821.02864712809,i,1.40991562118421,44.876911365658,310.163490717125,21.162508010864258,30.0010826587677,10.5724284999705,150.236134042246,2.22620931461203,-1,i,20250525,i_39,0.2880487027638932,150.31790087395387,1.6321738140913875,745306237408116775,0,2849.577641540457,307.29565226562664,0.024785591,0.02526325,150.31790087395387,1.6321738140913875,1.378052e-06,1.4024977e-06,523006.1519642543,5525.984255084985,488389.0288780103,3392.0507348513806,False,519970.5261646088,4395.202212729351,False,536937.1843773818,6136.256410873566,False,543100.0843799345,8903.381219576155,False,560192.625230206,12389.6440035469,False,2.002106833137317,190.66884702911585,523409.8469238301,2841.8664314809885,0.0,0.0020792330640506,False,148986.390625,1259.350830078125,False,153847.822265625,1758.2125305236095,False,160511.16955304146,3549.98648641244,False,False,0.5736607282627946,54.63206449995073,False,False
2MASS J10011629+0137555,150.31796681575,1.63212845583,2025052500608,60821.029579858296,60821.02940624084,i,1.41541654332206,45.1013261160761,309.852987677818,20.99457359313965,30.0010962486267,91.3955898590392,150.196719348067,2.24902927910072,-1,i,20250525,i_39,0.2983540532615208,150.31789785180698,1.632174458929509,745306237561733166,0,3811.460502547662,325.3774796791459,0.02631237,0.02581457,150.31789785180698,1.632174458929509,1.4341971e-06,1.4620662e-06,508772.1917395496,6852.810653781402,494693.29203775496,4192.711502944768,False,519792.27328616695,5459.460340379198,False,547250.3271775589,7668.9455920732835,False,548576.823348817,11151.66233924564,False,537339.3086388565,15511.392604258308,False,-2.418324320060524,247.07339525635624,516546.4768253209,3250.8141730358643,0.0,0.0006259197246173,False,118940.4765625,1249.2506103515625,False,125223.51342773438,1754.8318632872504,False,122955.643494308,3549.3648584553125,False,False,-0.5533684548487444,56.53609891489705,False,False
2MASS J10011629+0137555,150.31796681575,1.63212845583,2025052500609,60821.03010185724,60821.02992823965,i,1.41653094893624,45.1462133186935,309.634842013193,20.95451545715332,30.0011193752289,88.3839246793009,150.239835893276,2.17983028888592,-1,i,20250525,i_39,0.2960152834457251,150.3178998409525,1.6321761968759878,745306237694902668,0,738.5945879422212,3239.485288004984,0.030003382,0.03128814,150.3178998409525,1.6321761968759878,1.7386163e-06,1.6671895e-06,518165.2727685619,7020.389577418398,486304.3833161777,4287.863123872323,False,512392.468607192,5589.922836447921,False,526160.8953490069,7837.292212837025,False,512414.1710386133,11418.723655349804,False,506615.3731341717,15892.168323578717,False,-1.1845553382292828,255.14103701889587,520495.87512141006,3459.140140915604,0.0,0.0018621433748827,False,114683.296875,1251.13232421875,False,117764.93579101562,1754.1368474522858,False,113390.27171206474,3556.9731592555013,False,False,-0.2651262847174254,57.10547497501351,False,False
2MASS J10011629+0137555,150.31796681575,1.63212845583,2025052500610,60821.030627249565,60821.03045363257,i,1.41947170216586,45.2642667531412,309.462992764758,22.20359230041504,30.0010170936584,85.4034795696945,150.259219921956,2.18659409548016,-1,i,20250525,i_39,0.2932770389515379,150.3178999813452,1.632175076317452,745306237829120630,0,632.007079656855,2368.960079415442,0.012013143,0.012660476,150.3178999813452,1.632175076317452,7.033126e-07,6.676357e-07,514716.2943758135,2334.6685155962164,492373.15807124926,1537.661735427527,False,516290.4647833034,1920.3678426715087,False,530442.9678452743,2583.561113098401,False,537861.0003072248,3688.28415754917,False,543029.4249471923,5101.217926935229,False,2.637486408167646,78.43000908619342,513800.6461192337,1370.6495004611145,0.0,0.0002222929934611,False,357717.65625,1330.5484619140625,False,367523.3771972656,1790.0493795563295,False,376244.0455847383,3534.436224015205,False,False,1.8274121268479269,54.34111405050808,False,False
2MASS J10011629+0137555,150.31796681575,1.63212845583,2025052500611,60821.03115241413,60821.03097880257,i,1.42068606660011,45.3130238831539,309.055962704055,21.585783004760742,30.0000772476196,82.2543347561763,150.201307163457,2.02915706074179,-1,i,20250525,i_39,0.2914878511763487,150.31790070591566,1.632175242470015,745306237963338400,0,3321.889978260579,3215.5603952784613,0.018893158,0.018751817,150.31790070591566,1.632175242470015,1.0420223e-06,1.0495478e-06,514353.4060131971,3717.057651337301,480773.2963084001,2329.011037747184,False,514278.94658104575,2980.9154838247605,False,531305.905743484,4112.023315393612,False,535517.0975001171,5918.897084940146,False,539760.8557575137,8221.88410617607,False,-1.2684993768177313,129.88822753453482,507513.32516031,1995.9685184474304,0.0,0.0005657819452964,False,223555.140625,1295.7928466796875,False,230956.6962890625,1787.481203804694,False,234632.03153645992,3574.022366223745,False,False,-0.5514119495897412,56.46192822991429,False,False
2MASS J10011629+0137555,150.31796681575,1.63212845583,2025052500612,60821.03167765079,60821.03150403372,i,1.42933847086249,45.6568506909054,308.770893487715,22.22894859313965,30.0010297298431,79.1820383439713,150.008553989131,2.14666345208207,-1,i,20250525,i_39,0.2763570576973923,150.31790334650344,1.6321716752513902,745306238099129533,745306238099128802,561.3371030864156,1608.320306766656,0.012217532,0.012130878,150.31790334650344,1.6321716752513902,6.7415016e-07,6.7856297e-07,515511.32610028976,1903.2340603111784,483842.262972519,1258.1226319101124,False,515197.9089753375,1556.0985741827508,False,533750.5370694797,2084.6658556517564,False,543592.5310340166,2945.389035216578,False,545838.877669145,4049.442984294622,False,-0.1507787669016142,63.5746565139942,513007.4920108771,1205.1332764823833,0.0,0.0027161217385156,False,450200.96875,1359.782470703125,False,466413.0126953125,1821.6661430188285,False,476976.2982866168,3538.568621237552,False,False,-0.1317566429200833,55.55413065917313,False,False
2MASS J10011629+0137555,150.31796681575,1.63212845583,2025052500613,60821.03219755592,60821.03202393849,i,1.42814837772714,45.6095079344584,308.827043585851,21.59905433654785,30.0010917186737,76.3714056913082,150.257543351748,2.1390191793202,-1,i,20250525,i_39,0.2941566632966054,150.31789974929058,1.6321751708510397,745306238231773376,0,1576.4189539241538,1011.33653705013,0.020390514,0.020873975,150.31789974929058,1.6321751708510397,1.1584107e-06,1.1340051e-06,522314.9635404984,3996.247972211998,487686.91245141847,2496.7046467318505,False,518601.4223320534,3202.267480375494,False,535848.2519881543,4435.781430043598,False,538409.6942856576,6400.293559325415,False,547915.4185434903,8884.843682260132,False,3.2205850587372016,139.4679894926482,514593.64940050495,2143.7205676859176,0.0,0.0006458365273094,False,210992.890625,1302.8419189453125,False,218009.7600097656,1804.696836150093,False,222919.2844412923,3614.7969722902703,False,False,1.3102944222385102,56.74252515618714,False,False
2MASS J10011629+0137555,150.31796681575,1.63212845583,2025052500614,60821.032722705946,60821.032549089185,i,1.43689655747534,45.9511984141349,308.531783634649,22.466936111450195,30.0009760856628,73.2895904328658,150.06008050313,2.24825356431837,-1,i,20250525,i_39,0.2834975193915104,150.31790247953032,1.6321739053923914,745306238365467744,0,2951.397031525079,3362.0776735608083,0.011219071,0.01092094,150.31790247953032,1.6321739053923914,6.081771e-07,6.218967e-07,514498.78719335375,1834.5085524306253,485489.0409656401,1220.944223944467,False,513979.8652108278,1505.820974013795,False,530643.4178552019,2011.3614921106207,False,537534.011933747,2837.897251062967,False,537220.0842479777,3896.7632576321616,False,-0.2165887088737504,61.31481343971799,511260.2946065349,1159.182213712089,0.0,0.0004667612378519,False,466273.5,1366.0543212890625,False,481390.3820800781,1824.671793917355,False,487356.6182399988,3535.0751377434945,False,False,-0.1964854699232626,55.62372108225936,False,False
2MASS J10011629+0137555,150.31796681575,1.63212845583,2025052800086,60823.971449116994,60823.971275500306,i,1.22427828944542,35.2704459861718,333.55510010823,23.282596588134766,30.0009632110596,108.265477094011,150.239609521652,2.17973286067025,-1,i,20250528,i_39,0.2898576974746994,150.31790070135872,1.6321744478290447,745319361640139047,745319361640137864,1653.662011830609,2384.7202132110624,0.0059155812,0.00786757,150.31790070135872,1.6321744478290447,4.2761596e-07,3.4073244e-07,511980.9047721835,1056.183487366116,493096.8501763922,759.2425071222334,False,511874.58950286487,897.1560961252533,False,524021.1540218881,1150.8935547010858,False,529994.8944995793,1580.2563712707424,False,530682.6717290868,2141.50456012492,False,1.3257713071124584,32.200083890825795,508603.47947683727,747.8721405728899,0.0,4.894381165909678e-07,False,866885.8125,1519.3797607421875,False,887456.6411132812,1949.0971318522152,False,898738.2622535229,3626.74756404558,False,False,2.2452615549280712,54.532489908078254,False,False
2MASS J10011629+0137555,150.31796681575,1.63212845583,2025052800087,60823.971973280684,60823.97179966335,i,1.22536552514709,35.3422523225842,333.28932892356,23.242650985717773,30.0010755062103,105.295094486449,150.259116938541,2.18649669163143,-1,i,20250528,i_39,0.2821317547109618,150.31790242868863,1.6321731717753682,745319361774356397,745319361774355126,1222.5917670827737,1613.3800919722294,0.005508589,0.0087729795,150.31790242868863,1.6321731717753682,4.76969e-07,3.2185073e-07,512678.2644133133,1055.2461925173068,491007.6465909112,756.8694875007947,False,512864.81617471005,895.420237737849,False,526126.0743488611,1150.5235511172823,False,532928.497305458,1577.952562466886,False,533969.1514425946,2136.149463617877,False,1.1603889870772166,33.25393441236346,510768.8837314478,758.0123196997024,0.0,3.25351928468498e-05,False,866177.125,1512.2747802734375,False,888574.0571289062,1943.1186354028928,False,901820.226009965,3607.741733518557,False,False,1.9597803651358527,56.162552773804215,False,False
2MASS J10011629+0137555,150.31796681575,1.63212845583,2025052800088,60823.9724977966,60823.97232417964,i,1.22464072718114,35.2943998864502,332.789331140299,23.41208267211914,30.0010118484497,102.132521766382,150.201489604311,2.029137284286,-1,i,20250528,i_39,0.2889745409388025,150.31790088507765,1.6321742822314356,745319361908573009,0,4015.9173232799535,1518.8463177205113,0.005322537,0.0059828074,150.31790088507765,1.6321742822314356,3.3084618e-07,2.974114e-07,512149.9816033229,1040.7883887370292,496903.1969575264,756.0121747296309,False,511472.1919762961,889.4898071116456,False,519614.4132321402,1135.7675247089985,False,525932.2495060154,1558.808844956234,False,527149.542904326,2111.740431253006,False,2.2354843433142784,32.00129522873853,511642.0421728805,742.4592199454478,0.0,0.0005237724721232,False,868612.625,1510.584716796875,False,882440.2314453125,1928.828246195164,False,895236.8387036324,3586.283727804921,False,False,3.796433030092488,54.3465108916865,False,False
2MASS J10011629+0137555,150.31796681575,1.63212845583,2025052800089,60823.97302420653,60823.97285058634,i,1.22859213364204,35.5548021917042,332.265218232551,23.374385833740234,30.0015685558319,98.9404464869108,150.008675426084,2.14656835888604,-1,i,20250528,i_39,0.293127942887235,150.3179003781244,1.632175568039967,745319362063239180,745319362063237492,2277.6813400113806,658.3582508885428,0.0052917628,0.0068442505,150.3179003781244,1.632175568039967,3.7832913e-07,2.9628896e-07,513245.18970467255,1046.4176839150548,495693.3599486098,756.9845419058138,False,512855.9881044603,891.5307863482085,False,523407.11785082833,1139.860512946944,False,528087.2533313342,1562.6067216632962,False,532682.9883349006,2116.6996471341968,False,2.9341299230718545,32.90317258384645,513309.3167757796,753.6766967796972,0.0,5.815424415978043e-05,False,868358.0625,1509.5230712890625,False,886223.0358965397,1929.9902692005949,False,901928.764421463,3583.955822127407,False,False,4.968013310206275,55.71102971930676,False,False
2MASS J10011629+0137555,150.31796681575,1.63212845583,2025052800090,60823.97354942407,60823.973375807145,i,1.22811790056669,35.5237116011622,332.353092099241,23.306838989257812,30.0010039806366,96.2677021915651,150.257815227283,2.1389255488529,-1,i,20250528,i_39,0.2849949832479044,150.31790232840174,1.63217441120063,745319362177007624,0,1594.8579700177163,45.208383843607145,0.005133135,0.008120184,150.31790232840174,1.63217441120063,4.4949374e-07,2.8766806e-07,514354.3404157816,1044.3670734451505,493928.4231070727,753.5828884579272,False,513556.7430569982,888.7937500429041,False,523946.2854763624,1135.9129322220194,False,528895.7621636977,1557.0625238355062,False,528998.6589380034,2107.925763153876,False,0.842445116241309,32.000624859551195,510401.67390612775,745.5361689111254,0.0,3.393454670486129e-06,False,871257.0,1507.8524169921875,False,888883.0202636719,1927.0939520681536,False,897454.450401783,3576.128833779764,False,False,1.4292212390629464,54.28955765879914,False,False
2MASS J10011629+0137555,150.31796681575,1.63212845583,2025052800091,60823.97407135773,60823.97389774929,i,1.2320538730902,35.7797112297219,331.824785292804,23.312786102294922,29.9995386600494,93.0646831883395,150.06012065972,2.24826520414923,-1,i,20250528,i_39,0.2915552388326293,150.31790134138157,1.632176158772828,745319362310703868,745319362310702687,3939.5646248850576,3195.5512747619814,0.0056535657,0.007714548,150.31790134138157,1.632176158772828,4.2822728e-07,3.1442525e-07,512188.2310564784,1044.3516129741188,492235.3772622137,752.7715818802445,False,512711.5511347721,888.9378163671287,False,525469.5083547771,1139.6602621326515,False,531562.4309987619,1563.7195684766382,False,531440.0433559999,2113.551987840693,False,0.6016556386970839,32.722854223949234,505965.9544533667,748.4849972332838,0.0,0.0005315302453337,False,869229.4375,1507.0675048828125,False,890858.7375488281,1932.131715000644,False,900980.9295868278,3583.226477834617,False,False,1.0200214745228142,55.47694041127844,False,False
2MASS J10011629+0137555,150.31796681575,1.63212845583,2025052800092,60823.97459561535,60823.974421998544,i,1.23472181767481,35.9517508471268,331.46599847749,23.28317642211914,30.0009834766388,90.0055030003204,149.986501985512,2.31878743754496,-1,i,20250528,i_39,0.2876450048620444,150.31790093901964,1.632173710765672,745319362444921627,745319362444920701,2395.992651192443,3934.960554175072,0.006267476,0.007708939,150.31790093901964,1.632173710765672,4.2819562e-07,3.4796435e-07,513913.1320330834,1042.1780594801496,493217.1545314848,754.322662930807,False,514418.6689946846,890.8617351273525,False,525370.8197211653,1135.2008788720657,False,530841.8532195863,1558.9384728478813,False,533766.3779188066,2115.421888459659,False,1.685968899210134,31.82983440902846,506162.7870839241,749.2920606037541,0.0,0.0020104216870383,False,872817.5625,1511.531005859375,False,891400.1491699219,1926.1028492245723,False,905644.9483647346,3589.2503278561703,False,False,2.860594596878059,54.00589083977027,False,False
2MASS J10011629+0137555,150.31796681575,1.63212845583,2025052800093,60823.975117617665,60823.97494400037,i,1.2303075662637,35.6666522154502,331.300006017009,23.35439109802246,30.0010681152344,87.1325068171075,150.204972064469,2.01909584095789,-1,i,20250528,i_39,0.2963121234323899,150.31790040933646,1.6321771233198623,745319362578090011,0,3457.774811759461,3882.217990297229,0.0054277177,0.0069749574,150.31790040933646,1.6321771233198623,3.8729854e-07,3.0178725e-07,514570.6697235319,1051.156918339683,495879.5160186779,759.2870902053555,False,513804.2209689466,894.8730393932376,False,523560.14910356514,1144.5324312605023,False,528346.4267228233,1569.1274787696564,False,529262.9652128174,2124.0842451279946,False,1.5462748892368037,33.298229754968915,509942.6135296988,749.9938062504589,0.0,0.0003152881737432,False,871061.1875,1517.09375,False,887600.5812988281,1940.3456375386409,False,897268.6641395092,3600.996779322012,False,False,2.621426578940941,56.45106514950965,False,False
2MASS J10011629+0137555,150.31796681575,1.63212845583,2025052800094,60823.97563737584,60823.97546375893,i,1.23395447538386,35.9023680120946,330.917511912958,23.388206481933594,30.0010032653809,84.0458936347359,150.090181248948,2.1398151314539,-1,i,20250528,i_39,0.2868242507041189,150.31790179320555,1.632174535649788,745319362713879098,0,991.3913618603024,1094.5875768199055,0.004889629,0.0067858663,150.31790179320555,1.632174535649788,3.759591e-07,2.7296917e-07,515607.2377212542,1043.1528412603325,498548.928478993,755.8064754215839,False,514716.53642025,889.8742775354616,False,524210.12480014097,1140.438896383376,False,528976.9755151814,1561.0286003750452,False,528607.4073961875,2112.481306126393,False,1.3114390273701997,32.36360715926205,512860.0737426258,742.8185275724961,0.0,7.437971169899082e-05,False,877495.5,1517.0693359375,False,893680.2939453125,1944.2351834298047,False,901176.8389700652,3601.385828502993,False,False,2.235758448805984,55.17390182085272,False,False
2MASS J10011629+0137555,150.31796681575,1.63212845583,2025052800095,60823.97616159748,60823.97598798011,i,1.23555184030911,36.0049788758615,330.578446755311,23.29239845275879,30.0010812282562,81.0045337428295,150.055377700544,2.14853128682141,-1,i,20250528,i_39,0.283455312297652,150.31790220693048,1.6321734968605577,745319362848098283,745319362848096826,573.2566027392199,1179.428983295125,0.005954973,0.0072964802,150.31790220693048,1.6321734968605577,4.0364256e-07,3.3275987e-07,513483.8548492207,1047.8619947979273,492963.73239879846,755.0808237705548,False,512149.0588333348,891.3705055933171,False,522842.3086927898,1142.5044276487704,False,527057.6250276522,1565.3839856178197,False,532987.2594282745,2122.124870020601,False,2.407186228837157,32.045124538324686,510728.84674291534,753.2474882250455,0.0,0.0005184688654591,False,869016.875,1512.4815673828125,False,887161.23046875,1938.606759623269,False,904375.2294659616,3600.831225007127,False,False,4.084524647750743,54.374314479298974,False,False
2MASS J10011629+0137555,150.31796681575,1.63212845583,2025052800096,60823.97668360425,60823.97650998746,i,1.23573255051932,36.0165725093192,330.114046214662,23.269224166870117,30.0009813308716,77.8618723807527,149.991722228844,2.0421589650069,-1,i,20250528,i_39,0.289212417681267,150.3179014116483,1.6321751438632142,745319362982316335,745319362982315063,2031.6199544583355,2150.5105928911707,0.0059285695,0.0074124695,150.3179014116483,1.6321751438632142,4.0843753e-07,3.3334283e-07,512894.2075427859,1050.535445769748,492404.55054963817,755.867956133956,False,513155.2283936885,892.8509222335027,False,526036.6890879018,1144.973359185394,False,533750.6688277286,1571.2225725809556,False,536343.4553166373,2125.3652975016043,False,1.19750573584961,32.10933081204762,511812.3996760492,755.2646659311421,0.0,0.0008077833490862,False,868233.375,1510.6597900390625,False,890028.1721191406,1937.238537045468,False,907466.7129991056,3596.0134151492807,False,False,2.0261207312905034,54.32740644035204,False,False
2MASS J10011629+0137555,150.31796681575,1.63212845583,2025052800097,60823.97720658222,60823.977032964875,i,1.23635059153195,36.0560969293198,329.850692653501,23.362672805786133,30.001077413559,74.8876270649107,150.023774592721,2.01089879355308,-1,i,20250528,i_39,0.2825884749881437,150.31790179878365,1.632172478220017,745319363116532379,0,2511.2156878766123,1286.8296114568395,0.0060434313,0.00628523,150.31790179878365,1.632172478220017,3.4823222e-07,3.3660686e-07,512320.3491400365,1047.7450111699227,493531.1636240463,755.4756629014965,False,512470.7521625572,890.8043978272933,False,524007.29410133057,1139.4996163913063,False,530877.18023142,1562.3046546487622,False,531530.6089766951,2113.902567864131,False,1.6068902288592322,32.41255097947765,509260.7077346971,752.7195573546509,0.0,0.0004536036116907,False,866734.3125,1506.6044921875,False,886245.8977050781,1927.219089946521,False,898969.9704813361,3575.212597242088,False,False,2.7177100193446573,54.81887497192731,False,False
2MASS J10011629+0137555,150.31796681575,1.63212845583,2025052800099,60823.9782570753,60823.97808345807,i,1.24146287921141,36.3795796490228,329.737612376442,23.239274978637695,30.0010581016541,69.2676549224812,150.201395146707,2.27356999824597,-1,i,20250528,i_39,0.2911749839350472,150.31790022590408,1.63217440447433,745319363382871665,745319363382870048,3142.996566019508,45.2039407010006,0.006753777,0.0070716213,150.31790022590408,1.63217440447433,3.9066276e-07,3.7735086e-07,514699.1945272624,1060.3405909323649,490658.7071171072,760.0330717383796,False,513959.80992325646,899.0136806330947,False,527057.1913726805,1149.1538292980424,False,533183.6074126303,1579.0494081423096,False,533446.036407009,2137.517623734058,False,-0.2266868854372082,33.458537519400984,508519.0743692907,762.2688596458828,0.0,4.509152896303714e-05,False,859278.625,1503.0421142578125,False,881175.8623046875,1921.2461816813063,False,891857.2383003235,3573.670876930484,False,False,-0.3789930486064701,55.93862702703295,False,False
2MASS J10011629+0137555,150.31796681575,1.63212845583,2025052800100,60823.978779000485,60823.97860538384,i,1.24393413341899,36.5345518357829,329.461886679775,23.27142906188965,30.0009558200836,66.26880649,150.174523762403,2.34126628785129,-1,i,20250528,i_39,0.2956738638295266,150.3178994910271,1.6321755372834827,745319363515517823,745319363515516775,1949.447539992304,3612.248630286525,0.0059113363,0.0072681317,150.3178994910271,1.6321755372834827,3.9240197e-07,3.4171006e-07,514666.80323818576,1061.8235045664246,491306.7900061317,760.6021626252918,False,514022.0480274839,899.0718689303991,False,528614.0170945111,1153.442875423777,False,538557.2246817283,1579.3660637444982,False,543965.916814554,2139.683704191628,False,2.9691703821873023,32.6847958589416,514320.6834971456,768.5286056138704,0.0,0.0006385420739966,False,861054.9375,1506.0643310546875,False,885498.4162597656,1932.1694211738115,False,911214.8794050216,3584.2532927380994,False,False,4.973753222594142,54.75135738538677,False,False
2MASS J10011629+0137555,150.31796681575,1.63212845583,2025052800101,60823.979298783684,60823.979125166254,i,1.24456225450593,36.5734529079916,329.096924888857,23.345922470092773,30.001092672348,63.2031235012492,150.149716938794,2.28009164241683,-1,i,20250528,i_39,0.2891174111527764,150.3179010620595,1.632174604705959,745319363649734694,0,2891.3898284340253,3825.131327327194,0.0059136655,0.006529241,150.3179010620595,1.632174604705959,3.5595284e-07,3.356977e-07,513681.5737939611,1049.9240099770811,495766.7692504827,757.5743630273963,False,514343.4547321204,892.3157739046464,False,527386.7213211751,1140.99632699448,False,535392.9792712849,1562.3577110027625,False,535460.7144263085,2114.183558747059,False,2.325642273255556,33.01920546174328,508721.62730030017,753.566501710782,0.0,0.0002796122089951,False,867412.0625,1504.8416748046875,False,889408.8171386719,1924.227805754168,False,903025.164245844,3565.4547643684687,False,False,3.9220683034305015,55.6850813365534,False,False
2MASS J10011629+0137555,150.31796681575,1.63212845583,2025052800102,60823.97982178057,60823.97964816394,i,1.24169457612817,36.3940512853499,328.706214957686,23.379701614379883,30.0009534358978,60.1409271306701,150.210748152932,2.0157885624555,-1,i,20250528,i_39,0.2890880510543437,150.31790111667445,1.6321746681911806,745319363786049435,745319363786047696,3485.8624999112726,382.9453417298921,0.0057057086,0.0062991767,150.31790111667445,1.6321746681911806,3.420511e-07,3.25505e-07,512864.128505689,1046.8407050839494,495086.19141122187,757.4193179273292,False,513245.3889213936,891.8365881260823,False,525871.1649315554,1139.0733458364734,False,530663.6179278645,1560.5016075317335,False,531765.39170267,2111.30541651593,False,1.575363777693949,31.893583533444392,513361.23276039126,753.3178043971055,0.0,6.80708279743314e-08,False,865765.375,1504.3900146484375,False,887063.1010742188,1921.440082458601,False,897005.7475372553,3561.444808127439,False,False,2.6573943793687094,53.79952923874256,False,False
2MASS J10011629+0137555,150.31796681575,1.63212845583,2025052800103,60823.980343354226,60823.980169736984,i,1.24893149059987,36.8433998392257,328.256737698092,23.31169319152832,30.0010590553284,56.9548721780153,149.955437637947,2.29530221040829,-1,i,20250528,i_39,0.2886287505085693,150.3179011976471,1.6321745614977554,745319363919741486,0,1093.230071149152,1093.0194912182446,0.0061114174,0.0067305877,150.3179011976471,1.6321745614977554,3.6392404e-07,3.499773e-07,513494.3574196892,1042.2940759777268,493585.87304567866,752.1000955998304,False,513212.1693754218,886.3907650460903,False,525516.3260066021,1131.7146647837396,False,533637.26834529,1551.236550762271,False,536490.9080483054,2098.39764031919,False,2.088786272794154,33.3077589999362,511658.8372098509,751.6247763562791,0.0,1.0833120802633545e-06,False,865940.9375,1495.603759765625,False,886701.6940917969,1909.5378408465751,False,905219.0645458698,3540.6183413717176,False,False,3.5244011175763137,56.20005482241417,False,False
2MASS J10011629+0137555,150.31796681575,1.63212845583,2025052800104,60823.980862001554,60823.98068838486,i,1.24918626603005,36.858986864832,327.839235407887,23.306827545166016,30.0009648799896,53.8437717236521,149.912827700718,2.19447799529693,-1,i,20250528,i_39,0.286342830694451,150.31790212197768,1.6321747664237427,745319364053959729,0,2173.8149173312886,2042.7903264081303,0.0062888027,0.006634478,150.31790212197768,1.6321747664237427,3.6192043e-07,3.5608417e-07,514048.1013386551,1047.5932844451795,493107.968392497,753.7921354100911,False,514057.24582138855,889.1381667403919,False,527983.8392503558,1137.469010462912,False,536704.0078997663,1558.5940651670733,False,540727.3369069834,2106.9400679090186,False,2.851967095656558,31.28550943418226,509983.0031126963,754.4482391008842,0.0,0.0006568312398915,False,866101.3125,1498.050537109375,False,889565.3156738281,1916.446876098122,False,911035.9984352587,3549.845027977454,False,False,4.805092165967061,52.71090137029438,False,False
2MASS J10011629+0137555,150.31796681575,1.63212845583,2025052800106,60823.98191238269,60823.981738771625,i,1.24741275416683,36.7501667012629,327.634620008296,23.312192916870117,29.9999918937683,48.1868556542137,150.233672226529,2.04165253320569,-1,i,20250528,i_39,0.2890203782871805,150.31790072794445,1.6321740779264269,745319364321348015,745319364321346804,3915.324190057712,2551.619073099842,0.0061509646,0.006866126,150.31790072794445,1.6321740779264269,3.6430177e-07,3.5993972e-07,511217.3752564496,1058.2292972460673,490227.4089183014,759.3622258063541,False,510535.97530422336,896.9419773170212,False,523357.08437988616,1149.5667348080751,False,528447.5360937729,1577.7511283688737,False,531678.3794720719,2136.596637443214,False,1.968157385704085,32.77377182174041,511329.563904738,761.9414318986685,0.0,1.287167169516934e-07,False,856011.0,1503.8944091796875,False,877508.0363144875,1927.468029345854,False,891460.2756819725,3582.4120388862893,False,False,3.299991486182741,54.95148343695526,False,False
2MASS J10011629+0137555,150.31796681575,1.63212845583,2025052800107,60823.98243712131,60823.98226350396,i,1.25154317724961,37.0032332032797,327.345801762836,23.23487091064453,30.0010776519775,45.1561216077915,150.151561458774,2.18525035935047,-1,i,20250528,i_39,0.2857683788705451,150.31790123721655,1.6321732235181672,745319364455565437,745319364455563946,1247.1433752209757,1428.4963937591865,0.0069887284,0.006781934,150.31790123721655,1.6321732235181672,3.8247805e-07,3.82512e-07,513424.03941543616,1066.0351744092595,488218.1677111544,760.8777554402889,False,512992.15232664056,900.9886617579432,False,528455.0431249983,1155.175136834232,False,536313.77714808,1582.518804149939,False,538705.5344239271,2145.727304151808,False,1.897801225798072,33.30032591908564,510300.8350279561,772.9962059860503,0.0,0.0001822713021512,False,854926.625,1501.5418701171875,False,880696.2922025621,1925.156118935654,False,897779.2395557314,3575.959971295624,False,False,3.1627789811866687,55.49662917899074,False,False
2MASS J10011629+0137555,150.31796681575,1.63212845583,2025052800108,60823.98296152153,60823.982787904955,i,1.2534496548454,37.1191757867583,327.307529530385,23.218725204467773,30.0009436607361,42.3585869597291,150.266106884202,2.27724673307014,-1,i,20250528,i_39,0.2813207334951646,150.3179030625849,1.6321736821199513,745319364569336250,745319364569335023,1902.9842331336404,2623.371570169526,0.006652024,0.007501943,150.3179030625849,1.6321736821199513,3.9166238e-07,3.95882e-07,514776.4289626924,1058.8740753183183,490063.5230374108,757.2954611326539,False,513735.6154976231,895.8629990547719,False,527336.1455908399,1147.8439224902115,False,534475.8438369862,1570.9234649574612,False,539433.8614200994,2127.992459519267,False,2.015548135638006,32.72210665390767,507619.4345511824,761.6519331775507,0.0,0.0011982793048019,False,858247.3125,1496.6297607421875,False,880968.3737792969,1917.5893824150105,False,901178.8318138124,3555.0266602279708,False,False,3.367177042903905,54.66558916272872,False,False
2MASS J10011629+0137555,150.31796681575,1.63212845583,2025052800109,60823.983488194426,60823.98331457713,i,1.25319270443184,37.1033575861799,326.697659059689,23.275897979736328,30.0010681152344,39.0876333408923,150.138822080002,2.08975048093074,-1,i,20250528,i_39,0.2870380150856178,150.31790133734572,1.6321739901389396,745319364724001004,745319364723999634,2715.178325646135,1947.0835756169213,0.006848322,0.0067384522,150.31790133734572,1.6321739901389396,3.7801365e-07,3.7675258e-07,514025.73891954543,1051.4302241143296,492456.9916148799,757.0528905863652,False,513862.3329461095,893.8859350041641,False,526423.9103746186,1143.0455161634495,False,532658.5807145843,1567.3601734311692,False,536401.2009107592,2121.749438164145,False,1.7104955336882577,32.747003786154444,507466.07196181896,752.4169777626632,0.0,0.0001890626383275,False,863837.0,1502.68212890625,False,884953.8530273438,1921.5360734557644,False,901726.3466939926,3566.802919581999,False,False,2.8754575605167445,55.04990674727459,False,False
2MASS J10011629+0137555,150.31796681575,1.63212845583,2025052800110,60823.984010136104,60823.983836525214,i,1.25694982689754,37.3298761476317,326.629658423119,23.31531524658203,29.9999616146088,36.244058365192,150.182734755939,2.26965354972141,-1,i,20250528,i_39,0.2893912356037964,150.31790106696243,1.6321747439057666,745319364837770669,0,1661.942116753885,2739.770169920458,0.006473962,0.0062270355,150.31790106696243,1.6321747439057666,3.5487767e-07,3.5068115e-07,514746.0484570161,1045.2113047458254,494698.4911867725,754.1974299861464,False,513751.1758828275,889.0660471311677,False,524243.9789871338,1136.188003148994,False,530856.4814194118,1557.3382689067064,False,531666.5096406267,2107.705053774704,False,1.2195481079412935,32.03669228529566,512799.42803713895,751.7253114854618,0.0,0.0001061273805011,False,866649.25,1499.7696533203125,False,884349.6083984375,1916.640831227316,False,896870.7099081278,3555.497466134585,False,False,2.057261380025134,54.0428453401041,False,False
2MASS J10011629+0137555,150.31796681575,1.63212845583,2025052800111,60823.984531787224,60823.98435817555,i,1.25584629507082,37.2637583912553,326.123688675081,23.357667922973633,30.0000972747803,33.0677563842506,150.133996351781,2.06480281847408,-1,i,20250528,i_39,0.2885574848557891,150.31790114004318,1.6321744449788305,745319364992434943,0,3381.068928341232,1573.9439283783192,0.006191778,0.0060521127,150.31790114004318,1.6321744449788305,3.41674e-07,3.385308e-07,514086.0630377641,1042.2355490803138,496256.5674691137,756.2357254984793,False,514174.0133504197,890.672132168179,False,524443.361970847,1134.1764640890706,False,529813.1996177727,1556.5840114532175,False,532467.92281838,2109.589283879141,False,2.056795672542917,32.188171358233824,512847.7479056628,752.6187495806194,0.0,2.6777461723193063e-05,False,870586.6875,1508.06396484375,False,887974.4938964844,1920.359460560359,False,901561.481308341,3571.904256052266,False,False,3.482515422659316,54.50021345273476,False,False
2MASS J10011629+0137555,150.31796681575,1.63212845583,2025052800112,60823.98505448804,60823.9848808771,i,1.26095700845566,37.568762224842,325.878751138714,23.29688262939453,29.9999701976776,30.0551635413341,150.044047395098,2.25982957596657,-1,i,20250528,i_39,0.2861829177798551,150.31790193294543,1.6321744246502954,745319365106207469,745319365106206277,483.5575723735735,3227.49084443239,0.0074081887,0.006038692,150.31790193294543,1.6321744246502954,3.9375934e-07,3.5599675e-07,515389.9277623846,1051.7723007767856,493421.86372952384,756.529971916758,False,514475.4770454956,893.5634278091313,False,526372.8495361079,1144.635326660631,False,534877.2212284531,1572.317581359426,False,542586.299091822,2126.096991317572,False,3.388434585054204,32.26399580234657,509994.9038876643,756.4394226262298,0.0,0.000597265069966,False,865670.25,1503.5338134765625,False,885689.0883660913,1925.9941311090245,False,912970.2738773228,3577.4278777438662,False,False,5.701471003433517,54.28826554107346,False,False
2MASS J10011629+0137555,150.31796681575,1.63212845583,2025052800113,60823.98557674613,60823.985403128885,i,1.25879890472578,37.4403549422193,325.55394651564,23.266746520996094,30.0010595321655,27.0454505112885,150.122509878094,2.05131822421408,-1,i,20250528,i_39,0.2895082418121217,150.3179004207406,1.6321738704474809,745319365260871526,745319365260870094,3844.832322795769,1149.6358488761282,0.0062836185,0.007048258,150.3179004207406,1.6321738704474809,3.582513e-07,3.8314184e-07,514840.2801212222,1068.7830085271946,491432.19951865845,763.7438039443496,False,513629.63169818994,903.7855216562097,False,526289.688469753,1158.999619430505,False,533757.7758902631,1590.2636511276512,False,537535.6589482394,2153.9767799379806,False,2.351672114839691,33.08023049815187,515354.630329777,772.2424294206832,0.0,8.543383700487794e-06,False,857565.6875,1508.977294921875,False,878703.15625,1935.0875496863628,False,897479.6399452686,3596.3201189139263,False,False,3.9263959660374574,55.23137463080686,False,False
2MASS J10011629+0137555,150.31796681575,1.63212845583,2025052800114,60823.98609996366,60823.98592634689,i,1.26198380168391,37.6292965081332,325.586747102584,23.327791213989258,30.0009770393372,24.2923181225502,150.236095473485,2.22620873249823,-1,i,20250528,i_39,0.2925256836381882,150.31790151209356,1.632176846056288,745319365378310880,0,416.9549187822451,1372.678494452208,0.006497984,0.006185686,150.31790151209356,1.632176846056288,3.5809117e-07,3.4654218e-07,514681.1695878333,1060.3447422472225,493979.1596538098,761.4015831867304,False,513452.7759952137,899.1990347497429,False,524633.9912306904,1151.7417144907554,False,532946.9133036598,1579.7331119034393,False,535467.7059115561,2139.494128179459,False,2.9757556535164587,32.15214117487248,509711.2126324702,758.3339946426835,0.0,0.0003328944368751,False,862615.8125,1510.680908203125,False,881400.583984375,1934.960061146592,False,899601.5442844033,3594.413258631807,False,False,4.999357294123378,54.01654578538274,False,False
2MASS J10011629+0137555,150.31796681575,1.63212845583,2025052800115,60823.9868594163,60823.98668579885,i,1.26493241271654,37.802993182426,325.159281215552,23.28580665588379,30.0010945796967,104.027693622567,150.196515042582,2.24902149021974,-1,i,20250528,i_39,0.2873757843141711,150.3179014879551,1.632174369102342,745319365532453187,745319365532452165,339.2745345477627,2761.4877510113106,0.0065792487,0.0064415024,150.3179014879551,1.632174369102342,3.5828836e-07,3.6497104e-07,513665.4167289456,1055.5743205234896,491705.9995857949,757.5931073123148,False,511837.0940369882,894.770601413708,False,523270.6923968712,1146.7764620593532,False,527522.2676318528,1573.5749944935012,False,532264.615615909,2130.5580645904224,False,1.8051800172445824,32.70178756549081,510050.5729576365,756.8122500854203,0.0,4.634985679119463e-05,False,864118.3125,1510.61279296875,False,883421.2935376167,1936.0662850626395,False,898605.4485067129,3596.953524677711,False,False,3.0476280997081915,55.20938950310488,False,False
2MASS J10011629+0137555,150.31796681575,1.63212845583,2025052800116,60823.98738087852,60823.987207261926,i,1.26513044628363,37.8146498340208,324.897773441545,23.213729858398438,30.0009479522705,101.033834800475,150.239791099324,2.17971924221471,-1,i,20250528,i_39,0.28933805924309,150.31790127374876,1.632175010512698,745319365666670386,745319365666669044,1172.0136388515266,1225.758321356266,0.007166254,0.0074335,150.31790127374876,1.632175010512698,4.1241103e-07,3.9860447e-07,512817.5681210365,1069.0124030844984,489188.8136060954,762.9805174817828,False,513251.0368883558,903.8466039994236,False,528991.3944606608,1157.6499368410591,False,536054.2322011793,1590.6632913083863,False,541572.1058304606,2153.947674811909,False,1.703264767059937,32.856135793094985,512449.0148853258,774.2644023533535,0.0,0.0001480232081133,False,854795.4375,1505.31396484375,False,881010.2619628906,1928.011466344396,False,901962.844435215,3587.2984421139217,False,False,2.836707277912497,54.7203472594781,False,False
2MASS J10011629+0137555,150.31796681575,1.63212845583,2025052800117,60823.98791093669,60823.987737319374,i,1.26669691050258,37.9060764335348,324.660158515132,23.160076141357422,30.0010714530945,98.0606560846496,150.259199231396,2.18648169523133,-1,i,20250528,i_39,0.2864359915143523,150.31790078364762,1.6321728852794584,745319365800887897,745319365800886430,841.7676258149547,407.86084150980565,0.007206605,0.00797585,150.31790078364762,1.6321728852794584,4.4228062e-07,4.0116987e-07,514065.9399095748,1073.0009670732452,487781.1071941666,762.8607363770191,False,513997.6750542278,904.5459206883752,False,530682.9528363327,1160.8297373641449,False,539787.8335948965,1593.1401714068204,False,545070.3137871476,2158.0514760758947,False,2.470983199629801,32.701502992554126,513534.1630378889,777.7502471760947,0.0,4.732379184169133e-05,False,853862.25,1502.6480712890625,False,881580.1357421875,1928.391390696632,False,905480.6804124116,3584.994209912677,False,False,4.104842058527803,54.32432923097971,False,False
2MASS J10011629+0137555,150.31796681575,1.63212845583,2025052800118,60824.00052049079,60824.000346879744,z,1.30939291678614,40.2515840872887,318.367704913775,22.57884979248047,29.9999883174896,93.3607783004321,150.201334472371,2.02907694628522,-1,z,20250528,z_20,0.2826536991148513,150.31790290008945,1.632174092378851,745319365935105638,745319365935104228,3562.2582870768174,475.6671186267303,0.007828068,0.0076319994,150.31790290008945,1.632174092378851,4.2402047e-07,4.3484016e-07,703665.3911237355,1810.8745754652384,670731.7922079404,1225.9778114889575,False,702906.3691133633,1497.8004443539855,False,723004.5604125708,1985.417393289867,False,731828.6620526888,2789.454500197001,False,734021.9494776027,3825.280208060477,False,0.8014772100384482,59.241442625954136,701424.1009592846,1157.5004529001935,0.0,0.0001434835322567,False,816261.4375,1739.3450927734375,False,839600.7885742188,2305.598194434513,False,852394.9105666876,4442.168770515387,False,False,0.930728427478458,68.79508742882975,False,False
2MASS J10011629+0137555,150.31796681575,1.63212845583,2025052800119,60824.001058014765,60824.00088439735,z,1.31266970387861,40.4204890365183,318.29101456272,22.50922393798828,30.0010890960693,87.4948297853629,150.257584317039,2.13884358037569,-1,z,20250528,z_20,0.2773753843523451,150.3179037428691,1.6321727451509471,745319366067750777,745319366067749987,1398.0896927262754,2880.5493258682136,0.008385423,0.008428492,150.3179037428691,1.6321727451509471,4.6818965e-07,4.6575727e-07,703491.008609615,1827.6946124572703,666155.0585473141,1231.2890961006271,False,702510.2315775895,1507.474702831052,False,725031.5598175186,2001.1182142405933,False,734388.8067125265,2808.0401035928294,False,740007.640639175,3853.9139263908255,False,2.1457179257007075,59.49856012619414,703417.523010926,1180.8044631883076,0.0,6.322671374958677e-05,False,815857.5,1750.6998291015625,False,842012.5561523438,2323.990783463027,False,859404.9688315392,4475.727811308231,False,False,2.491921090794844,69.09841926308674,False,False
2MASS J10011629+0137555,150.31796681575,1.63212845583,2025052800120,60824.00158213176,60824.00140851502,z,1.31878976003171,40.7328602697154,317.903378185709,22.541650772094727,30.0009732246399,84.3466606171088,150.060015035104,2.24828089755612,-1,z,20250528,z_20,0.2881429854568014,150.3179022259186,1.6321757622207622,745319366203016908,745319366203015775,3283.2530115901955,1494.6952606011791,0.007820947,0.008744597,150.3179022259186,1.6321757622207622,4.852222e-07,4.3489348e-07,704616.2022245541,1809.7982826527327,667615.1022631113,1221.8691479593424,False,703872.5392081137,1494.931986792068,False,724718.8360994477,1981.905868037444,False,735341.891506984,2786.199598512279,False,735488.4592440816,3818.5360742225,False,1.0205442558107225,59.68312246130797,702391.2011834148,1169.012688722253,0.0,1.321293703338e-06,False,818005.125,1737.33447265625,False,842231.638671875,2303.270929060724,False,854747.5509086847,4437.709819203271,False,False,1.1860250045863117,69.3607113928302,False,False
2MASS J10011629+0137555,150.31796681575,1.63212845583,2025052800121,60824.00210505076,60824.00193143337,z,1.32295364057788,40.9423173954468,317.640356958387,22.57648277282715,30.0010848045349,81.3110838148478,149.986535630358,2.31880525066325,-1,z,20250528,z_20,0.2800512728958537,150.31790284366153,1.6321727558335737,745319366337234673,745319366337233707,1647.9273586528525,1999.4549860101,0.007717586,0.008166675,150.31790284366153,1.6321727558335737,4.5298535e-07,4.2908533e-07,705186.0310066958,1794.733988783471,669641.2666388958,1217.8605865912186,False,703422.1222425408,1485.2315400651132,False,722584.7182810762,1964.8374325268053,False,731670.1046341712,2752.406000085416,False,734269.8518320454,3772.38757223971,False,0.6737070824117545,59.38180447784737,704332.813562156,1161.403099192117,0.0,8.555835863122141e-07,False,820474.375,1732.3800048828125,False,842825.7036132812,2291.794234860845,False,856455.2900932431,4400.127942697732,False,False,0.785814633768748,69.26317409524813,False,False
2MASS J10011629+0137555,150.31796681575,1.63212845583,2025052800122,60824.002625896646,60824.00245227978,z,1.31777962645926,40.6815403756722,317.409715357396,22.572614669799805,30.0009944438934,78.3590568602139,150.204828095919,2.01910909189563,-1,z,20250528,z_20,0.2815514217964647,150.31790343625394,1.6321743132551725,745319366470404129,745319366470403178,3298.674646108446,2786.943348099012,0.007556804,0.008382854,150.31790343625394,1.6321743132551725,4.6386992e-07,4.2168307e-07,702397.8396699347,1790.4593896915826,668345.9652734104,1214.1781229782302,False,700523.8077011643,1481.0787296351373,False,720153.1847538826,1960.4767299681696,False,732514.3774278798,2748.070133771315,False,730011.1376859774,3765.970401327458,False,0.4566122770656299,58.37238292205677,699920.4808278353,1155.7754682129923,0.0,1.4996046205917324e-06,False,814748.25,1722.5771484375,False,837578.3100585938,2280.143754355708,False,849043.6590042114,4380.033569597473,False,False,0.5310655392121069,67.8903362187566,False,False
2MASS J10011629+0137555,150.31796681575,1.63212845583,2025052800123,60824.003148237476,60824.00297462022,z,1.32323675313294,40.9568692304224,317.142967219002,22.553417205810547,30.0010621547699,75.3104791951046,150.090144531867,2.13983065205424,-1,z,20250528,z_20,0.2817511967917888,150.3179029554446,1.632173737814821,745319366604621854,745319366604621252,643.3320624394448,3842.239176891116,0.007434065,0.008791479,150.3179029554446,1.632173737814821,4.837985e-07,4.1818421e-07,699291.7795582305,1777.4343874335796,665412.970641806,1206.016034795407,False,699508.89706413,1471.2101376002531,False,721391.2952030373,1946.29306044511,False,732779.4549902579,2729.882881474924,False,738496.7533339591,3740.956715342205,False,0.722063420899533,58.25772038915999,683897.817841368,1130.8198139800352,0.0,0.0003563138380328,False,817270.4375,1718.88671875,False,842836.712890625,2273.949320286288,False,862821.8557658195,4370.74259419461,False,False,0.8436219901963683,68.06534245673278,False,False
2MASS J10011629+0137555,150.31796681575,1.63212845583,2025052800124,60824.0036734024,60824.00349978549,z,1.32603251464935,41.0961251012169,316.875017165839,22.488374710083008,30.0010032653809,72.2777285902538,150.055223863964,2.14862892749104,-1,z,20250528,z_20,0.2774932360324765,150.31790273183816,1.6321713293006266,745319366738839480,745319366738838864,216.39910497254635,3867.794640796943,0.008350023,0.009907022,150.31790273183816,1.6321713293006266,5.4280054e-07,4.7247312e-07,699254.6323703488,1811.9357280581671,657805.8373837546,1218.609367085621,False,701047.6361172579,1492.5239966596018,False,728523.5702666233,1977.2333899363728,False,743843.1279500774,2775.9774072895034,False,750717.81398794,3806.560576971712,False,3.018577229463715,58.26941887039158,694537.6137217666,1185.6116341636753,0.0,0.0012018942653096,False,811446.3125,1727.561767578125,False,843249.06640625,2288.601602170424,False,868938.3866443634,4406.005218987614,False,False,3.493932845149922,67.44549533862012,False,False
2MASS J10011629+0137555,150.31796681575,1.63212845583,2025052800125,60824.00419898181,60824.004025370356,z,1.32733615711934,41.1606143758062,316.469439450791,22.350852966308594,30.0000600814819,69.1380374538865,149.991357860853,2.04217195215673,-1,z,20250528,z_20,0.2844253438369638,150.31790280675455,1.6321748054222858,745319366874629460,745319366874628376,1511.2789799798522,827.1331003850287,0.010169517,0.010664378,150.31790280675455,1.6321748054222858,5.8891703e-07,5.684288e-07,700473.6074991522,1854.309460566191,647444.7694357303,1230.4461969432327,False,701079.3816294316,1514.2681779302548,False,733939.910888187,2011.7633292766943,False,749290.849825059,2824.650275136705,False,761820.8893462592,3872.709674136906,False,1.2008360241714964,61.36698229924644,700810.1768857104,1239.3841607726915,0.0,0.0001703044412215,False,795675.625,1718.5875244140625,False,832970.0068359375,2283.209414394674,False,864612.9499056339,4395.252194196135,False,False,1.3628641479007362,69.64719441874257,False,False
2MASS J10011629+0137555,150.31796681575,1.63212845583,2025052800126,60824.00471969636,60824.00454607946,z,1.32870650171059,41.2284291534692,316.251248705772,22.30278968811035,30.0009999275208,66.1540106287215,150.023898487863,2.010906988149,-1,z,20250528,z_20,0.2735988993341249,150.31790255101737,1.6321690679970196,745319367008846910,745319367008845850,2113.231512983723,46.889782469058254,0.01115855,0.011736756,150.31790255101737,1.6321690679970196,6.4683803e-07,6.251969e-07,704098.1142011045,1896.1822817961609,638002.4826130067,1243.6801611052383,False,703372.6466690813,1536.4964126271104,False,743653.2408478699,2043.123451521632,False,763516.3833287217,2872.0142139875643,False,771487.6050739598,3935.655748401173,False,-0.304810515363359,61.69373501482806,701752.2481476011,1282.9652245968152,0.0,3.551282003688705e-06,False,784075.75,1712.7899169921875,False,828978.0322265625,2277.545992413456,False,860006.0372388363,4387.2224023537765,False,False,-0.33978366172356,68.77230978646602,False,False
2MASS J10011629+0137555,150.31796681575,1.63212845583,2025052800127,60824.00524403843,60824.00507042116,z,1.33175591368965,41.37847940943,316.499825097275,22.36801528930664,30.0010647773743,63.5533824506981,150.255177085753,2.22966178602292,-1,z,20250528,z_20,0.2791452360321256,150.3179020867194,1.6321711882120504,745319367139919478,745319367139918702,351.63859257029065,2635.241409197962,0.009699749,0.011995589,150.3179020867194,1.6321711882120504,6.429604e-07,5.663784e-07,700165.1719079958,1873.9582763995727,642544.7196367201,1235.694001951069,False,700630.7460714807,1522.3902916721472,False,739811.5937107239,2024.2159344617955,False,758604.1150305402,2840.6031408038343,False,764434.8837233261,3893.972646008473,False,-0.1445901055379326,60.00181534925578,692761.382717551,1245.682332187006,0.0,0.000191895716999,False,788298.1875,1712.881591796875,False,832381.595703125,2277.498898231416,False,860085.9107022285,4381.211638562442,False,False,-0.1626821528531056,67.50962978964439,False,False
2MASS J10011629+0137555,150.31796681575,1.63212845583,2025052800128,60824.00576376874,60824.00559015191,z,1.33542898769543,41.5574517785545,316.247349835486,22.443904876708984,30.0009894371033,60.5224290932818,150.201408454897,2.27357688067535,-1,z,20250528,z_20,0.2907527684261723,150.31790127804442,1.6321756916597936,745319367273613034,745319367273612129,3616.098153454956,2549.955306345594,0.008615671,0.010697679,150.31790127804442,1.6321756916597936,5.68168e-07,5.090342e-07,701455.4129927206,1843.1378264453376,652140.4266382336,1230.0223965705045,False,702891.4044596754,1511.2791460239523,False,735747.7836038211,1998.716578766178,False,753216.1476171757,2814.9358949831703,False,756138.9836546155,3856.8341550838586,False,0.064340325526763,60.35604057076527,703509.0739405529,1229.673695492929,0.0,6.153563160138376e-07,False,801506.6875,1723.310791015625,False,838972.798828125,2279.135431353988,False,862224.8731929064,4397.9458964282585,False,False,0.0733672383222123,68.8239603465872,False,False
2MASS J10011629+0137555,150.31796681575,1.63212845583,2025052800129,60824.00628468541,60824.006111068265,z,1.33920918981904,41.7401080366446,316.049858185468,22.46297836303711,30.0010433197021,57.536454457345606,150.174467688599,2.3412752872195,-1,z,20250528,z_20,0.2903855379899617,150.31790136403714,1.6321756364580675,745319367407830716,745319367407829649,2535.208855864434,1723.6213757451785,0.008322958,0.00951393,150.31790136403714,1.6321756364580675,5.1013615e-07,4.823214e-07,705991.2506169819,1821.699505809078,659212.435819252,1220.874795360364,False,704438.0075442974,1496.9496193727125,False,729396.4256509495,1983.732504989621,False,742553.0249470671,2784.637823555762,False,742906.1676916516,3818.2273083693353,False,0.8944393332026023,59.44032715107336,703720.4448241168,1201.4546478544935,0.0,2.0827008211821152e-05,False,813982.625,1729.73486328125,False,842822.2368164062,2292.215602247637,False,858432.8301852942,4411.986085401159,False,False,1.0335303725043845,68.68367834659597,False,False
2MASS J10011629+0137555,150.31796681575,1.63212845583,2025052800130,60824.00680797392,60824.006634362995,z,1.3408581569994,41.8197301194631,315.738784735613,22.46007537841797,29.9999675750732,54.4698950684999,150.149584611338,2.28010109587302,-1,z,20250528,z_20,0.2760877590288675,150.31790457435207,1.6321732962965363,745319367542048454,745319367542047448,3431.1903539545783,2078.729204704576,0.008129766,0.010452866,150.31790457435207,1.6321732962965363,5.402631e-07,4.98896e-07,704973.0206017944,1831.7583002175195,655615.263520965,1224.6010645750168,False,702161.0923734733,1502.3949335348675,False,728843.9404212643,1992.1043543106985,False,742087.8667827086,2797.476315012274,False,750214.3912486425,3834.363928508588,False,1.089680776347407,59.70835286719331,701478.4530375978,1207.1258509895372,0.0,0.0004340915148945,False,807879.125,1728.596923828125,False,838579.3676757812,2292.0374542957475,False,863167.3736231327,4411.66935784508,False,False,1.2537441360488026,68.69809847550263,False,False
2MASS J10011629+0137555,150.31796681575,1.63212845583,2025052800131,60824.0074593559,60824.00728573866,z,1.33868588833887,41.7148811223764,315.290533025921,22.44229507446289,30.0010585784912,51.3668429071731,150.210647799381,2.01579859020324,-1,z,20250528,z_20,0.2805923904416017,150.3179025425035,1.6321725841432928,745319367676790573,745319367676789905,3851.707857646026,3579.7752196010742,0.008509215,0.011288593,150.3179025425035,1.6321725841432928,5.7181836e-07,5.384108e-07,699073.0573211975,1827.557667440229,649982.5632339206,1219.2893344916022,False,696861.6656353653,1496.9894221146385,False,723809.0162752781,1987.465935291095,False,736811.112122787,2791.85061767974,False,744001.2926488239,3825.776701094768,False,1.8278132307181103,59.165937835779566,697743.9444334453,1211.616219595164,0.0,0.000125563781267,False,798528.9375,1715.3897705078125,False,829407.7192382812,2277.423396763325,False,852545.908341527,4383.930921859595,False,False,2.0944784726291643,67.79783679608738,False,False
2MASS J10011629+0137555,150.31796681575,1.63212845583,2025052800132,60824.00798357035,60824.00780995352,z,1.34901973654746,42.2068220133528,315.019952694899,22.544776916503906,30.0009891986847,48.2661418178436,149.955532427122,2.29531390927413,-1,z,20250528,z_20,0.2864118746768506,150.3179012569572,1.6321735683858234,745319367810484303,745319367810483468,1417.6174629187046,3291.5566332017074,0.007032642,0.009831217,150.3179012569572,1.6321735683858234,4.831069e-07,4.6603498e-07,702973.1732956679,1795.1162971970557,661492.9472265826,1210.79413791019,False,700759.0979224487,1481.0892575715634,False,722757.3205389826,1964.744054475754,False,736629.047480611,2759.480348314292,False,745992.7781653361,3776.838626187912,False,3.111751951900127,59.687013831023066,697533.4928633868,1167.98464388417,0.0,0.0007784556619169,False,816295.0625,1725.2802734375,False,841920.1889648438,2288.6764873972124,False,868986.5365749598,4399.535777069092,False,False,3.62479454293424,69.52776614685538,False,False
2MASS J10011629+0137555,150.31796681575,1.63212845583,2025052800133,60824.008508915074,60824.00833529764,z,1.35036033982945,42.269648839326,314.655094013704,22.6165714263916,30.0010921955109,45.1540797186909,149.91277356077,2.19448718479881,-1,z,20250528,z_20,0.2790175486852908,150.31790320629636,1.632172774285217,745319367946274214,745319367946272833,2340.2632327779984,172.40826854775855,0.0071080667,0.008245734,150.31790320629636,1.632172774285217,4.2767957e-07,4.27343e-07,700304.9103764967,1757.8135397073993,668380.7551529133,1196.951530481715,False,700069.7294021079,1458.2784870113258,False,718352.7077798399,1928.3900974408905,False,728930.6684083731,2704.243536601198,False,733709.2482273146,3704.563009226994,False,2.625441372525051,56.80037246980871,693871.489712789,1129.4379680850147,0.0,0.0040675042277606,False,823961.6875,1716.351318359375,False,845480.220703125,2269.658995544196,False,863554.4216717482,4360.1627956970215,False,False,3.0900680502006344,66.85238453435579,False,False
2MASS J10011629+0137555,150.31796681575,1.63212845583,2025052800134,60824.00903431997,60824.00886070316,z,1.34977369360883,42.2422238328591,314.914807003902,22.653268814086914,30.000985622406,42.5921180313432,150.257754481356,2.28047684457456,-1,z,20250528,z_20,0.2835893264041536,150.31790210739643,1.6321734191149389,745319368058995851,0,1733.826067235464,2760.0948106317314,0.0064599193,0.008333297,150.31790210739643,1.6321734191149389,4.097773e-07,4.1834977e-07,702811.0605267724,1735.917436845128,672509.2322637017,1188.5136817614407,False,702685.6694177836,1444.9423852380096,False,721310.6239440113,1904.3478185071176,False,731389.4571317601,2670.808562298925,False,735214.0067574622,3656.0928629161735,False,2.518785703086878,56.92097180390967,697272.9566558731,1116.8601437689028,0.0,0.0002238213698602,False,825568.3125,1697.627685546875,False,847450.3188476562,2237.3719621187265,False,863785.065359354,4295.454634334415,False,False,2.959260097291424,66.87506616856089,False,False
2MASS J10011629+0137555,150.31796681575,1.63212845583,2025052800135,60824.00955400299,60824.0093803856,z,1.34852869053452,42.1839466121392,314.448572859134,22.655797958374023,30.0010840892792,39.4112605381364,150.233793229177,2.04166331311185,-1,z,20250528,z_20,0.2855933092871362,150.31790233897087,1.6321747116452867,745319368217331470,745319368217330312,319.44881599790693,1618.1519838254817,0.006121234,0.009186794,150.31790233897087,1.6321747116452867,4.1690177e-07,4.4981607e-07,704084.9185564286,1749.964490729065,674824.0514286509,1197.8198622677712,False,703556.391123409,1455.3851143459822,False,721700.0203339783,1920.1247058274664,False,726740.3623209323,2687.812071781369,False,731525.9229421181,3683.2561259582585,False,1.6753513989485,56.61706678459374,696555.5762918965,1121.8856437456968,0.0,0.0006782808860741,False,821550.375,1699.4688720703125,False,842736.8862304688,2242.1502981452104,False,854210.6985279322,4300.97784581318,False,False,1.95632587156967,66.11235863270578,False,False
2MASS J10011629+0137555,150.31796681575,1.63212845583,2025052800136,60824.0100783978,60824.00990478087,z,1.35453615628423,42.4642019666359,314.263909615498,22.63348388671875,30.0010058879852,36.413790576983,150.151629997479,2.18526665564317,-1,z,20250528,z_20,0.2898829372864576,150.31790218550017,1.6321765211933803,745319368347878844,745319368347877406,2104.2287119939424,105.68475624440202,0.0070734196,0.008710542,150.31790218550017,1.6321765211933803,4.271283e-07,4.5390118e-07,702646.0067893539,1748.51767295041,668608.6877766558,1193.8121216744134,False,700929.5629348062,1452.5158044915872,False,718426.7500457824,1917.6836618524687,False,731083.1141884924,2687.261620304329,False,732134.3568381595,3676.287156726636,False,2.7343186425311057,56.71977109250932,693526.1263150162,1131.1827049243336,0.0,4.430018282208792e-07,False,820646.3125,1700.601318359375,False,841131.96875,2245.2185053394583,False,857180.7952829599,4304.186409582826,False,False,3.2013323875196065,66.40734455259553,False,False
2MASS J10011629+0137555,150.31796681575,1.63212845583,2025052800137,60824.010602922135,60824.01042930469,z,1.35708808698652,42.5824023402252,314.261408848354,22.597532272338867,30.0010941028595,33.6010662134433,150.266211674677,2.27726649652423,-1,z,20250528,z_20,0.2871818301962506,150.31790121951627,1.6321738905457652,745319368461649472,745319368461648394,3215.263969383372,1431.3394611066897,0.0068022422,0.008984181,150.31790121951627,1.6321738905457652,4.1871428e-07,4.6504874e-07,702853.0713340648,1740.3531963694418,669538.6501202838,1187.3900522437064,False,702506.108810741,1444.908760710431,False,721605.2022131188,1906.966369365191,False,734228.3642421645,2671.9242510404424,False,741408.3321948058,3658.828556750084,False,3.0243057353286167,57.2889521664917,697526.6158329885,1126.59393642421,0.0,0.0001897144049993,False,821514.1875,1689.68359375,False,843848.763671875,2230.016092203008,False,867006.6437711716,4278.652571560935,False,False,3.5366383832819017,66.99398966288706,False,False
2MASS J10011629+0137555,150.31796681575,1.63212845583,2025052800138,60824.01112860269,60824.01095498625,z,1.35818488031116,42.6329406876712,313.722731949762,22.63161277770996,30.0009202957153,30.3382654751398,150.13875551383,2.08976898800346,-1,z,20250528,z_20,0.2852929673000035,150.3179027060824,1.6321750770450911,745319368616314326,745319368616313126,3471.5110759376166,840.5245671751964,0.007278893,0.008065724,150.3179027060824,1.6321750770450911,4.1591088e-07,4.3729054e-07,700531.791236668,1745.8540881155666,670899.3251174166,1195.9423048763535,False,699463.2214424968,1454.2572407012003,False,715866.3820121004,1922.1149471485403,False,725467.2992802035,2697.3464181911804,False,727733.9765939183,3687.280611968735,False,1.0571948281404526,57.021499931011206,689780.5703569592,1117.9289315255023,0.0,6.703743726121925e-05,False,817266.75,1699.18310546875,False,836432.529296875,2245.8373618885867,False,850298.8630180359,4308.292058397297,False,False,1.23524747953054,66.62505547130316,False,False
2MASS J10011629+0137555,150.31796681575,1.63212845583,2025052800139,60824.01165192337,60824.01147830611,z,1.36323173521849,42.8634510988881,313.722040693389,22.658039093017578,30.0010628700256,27.5041917137865,150.182797358738,2.26967374443655,-1,z,20250528,z_20,0.2877470179735361,150.31790121004488,1.6321741520495805,745319368730084998,745319368730083890,2952.3557147776182,1512.5173074532834,0.0070956605,0.007642011,150.31790121004488,1.6321741520495805,4.0081355e-07,4.1800934e-07,701495.9831911722,1741.193986773985,672822.4119052166,1190.2596705946455,False,703299.065356736,1447.8302084887864,False,723481.6880560622,1913.8899208399096,False,738948.1651425944,2683.210291068551,False,744384.2086036282,3671.152398668806,False,3.6139176058640032,56.23265469461007,702193.9315144212,1128.4442018299508,0.0,0.0001090014384373,False,825200.8125,1698.7803955078125,False,848881.658203125,2245.6215222062897,False,873407.1805431843,4307.467607192389,False,False,4.240312395629814,65.97937439243852,False,False
2MASS J10011629+0137555,150.31796681575,1.63212845583,2025052800141,60824.01290652602,60824.01273290858,z,1.37131082092688,43.2269757280831,313.040022231175,22.728973388671875,30.0010929107666,21.3447114701055,150.043990037646,2.25985037719125,-1,z,20250528,z_20,0.2899340228635075,150.31790044321176,1.632174112211724,745319368998519663,0,1702.580300760752,1816.57810662635,0.0064981333,0.0070223003,150.31790044321176,1.632174112211724,3.6491917e-07,3.8623054e-07,700766.5811201097,1712.006178641959,675793.7828712839,1178.458751790504,False,700618.2737658249,1429.3955109759236,False,715622.8911294081,1887.650402179943,False,723296.383178268,2642.3389248161006,False,731055.5946162574,3612.155432445314,False,3.145685675168977,56.25157943224601,694762.1128476124,1086.984662352632,0.0,7.62277402668321e-05,False,830535.4375,1694.451416015625,False,848322.3935546875,2237.6815040733286,False,866616.8166695237,4281.965236617138,False,False,3.728996982081555,66.68243162244697,False,False
2MASS J10011629+0137555,150.31796681575,1.63212845583,2025052800142,60824.013432854816,60824.01325923814,z,1.36928079451489,43.1365431325348,312.720556122432,22.63831329345703,30.0009608268738,18.2965689875369,150.122542373606,2.05134211164287,-1,z,20250528,z_20,0.2838730176878338,150.31790151795235,1.6321727000320618,745319369156855400,745319369156853849,440.59681167427806,213.2953530117156,0.007538916,0.007828419,150.31790151795235,1.6321727000320618,4.20388e-07,4.3324889e-07,704059.7617309405,1750.2304422198245,669425.7414934315,1194.743989290076,False,703986.6925872996,1453.595053920939,False,723132.239180318,1918.2590242362828,False,735200.1151438003,2687.3623569459264,False,738275.7113096849,3678.3193977807946,False,1.739877306291448,57.54767011433703,694138.2445878503,1132.682973221561,0.0,4.3321513092386965e-06,False,818251.25,1689.529052734375,False,840504.3232421875,2229.612947137455,False,858105.7426009178,4275.3499133226105,False,False,2.0222779716010986,66.8882714708483,False,False
2MASS J10011629+0137555,150.31796681575,1.63212845583,2025052800143,60824.013957535906,60824.013783924085,z,1.37338472579967,43.3194062313894,312.797140843021,22.657800674438477,30.0001223087311,15.536538264329002,150.236002721593,2.22623055969012,-1,z,20250528,z_20,0.28699631819029,150.31790134484405,1.632173980631196,745319369270625883,745319369270624475,1863.913983854964,606.0688798489023,0.008854043,0.0069038565,150.31790134484405,1.632173980631196,4.848583e-07,3.9209712e-07,702215.7370294478,1728.5351667782943,669253.6462553091,1185.7716866153696,False,702644.0543690886,1441.4849948044305,False,719895.4754222208,1894.003873700924,False,730797.7155390531,2657.420529219822,False,737487.2275973547,3638.5883855688608,False,1.8893791602128664,57.12837320459928,690709.9224800877,1122.364716215642,0.0,0.0041104819010128,False,823963.1875,1690.373046875,False,844193.25390625,2221.024228708845,False,864822.4133018255,4266.830218702682,False,False,2.2156010081703665,66.99220777526874,False,False
2MASS J10011629+0137555,150.31796681575,1.63212845583,2025052800144,60824.014708630355,60824.014535019145,z,1.37824897425397,43.5341558329788,312.470285574747,22.569793701171875,30.0000171661377,94.1164295362286,150.196739414525,2.24914969614254,-1,z,20250528,z_20,0.2841095304550758,150.3179031121977,1.6321750756513909,745319369424242241,745319369424241002,3887.9586875427376,936.0643001149564,0.0072283973,0.010129848,150.3179031121977,1.6321750756513909,5.619337e-07,4.0243302e-07,701543.3874392646,1720.1374947897127,668110.4045507489,1181.949683678645,False,701248.4995549318,1436.955945494847,False,718545.760155545,1886.4922348623609,False,724852.5431934802,2646.2933818381307,False,722629.8816489559,3626.658842275215,False,-2.2770201239585663,55.5871088230242,694387.6344314056,1130.768851083823,0.0,0.0002670241829926,False,823009.1875,1686.4605712890625,False,843309.8432617188,2214.051712658972,False,848103.1077237129,4256.370671758999,False,False,-2.6723885802674574,65.23892927677849,False,False
2MASS J10011629+0137555,150.31796681575,1.63212845583,2025052800145,60824.01523337104,60824.015059759506,z,1.37916782479754,43.5742711419332,312.242689814107,22.60970687866211,30.0000739097595,91.1066869646215,150.239758966083,2.1798452212308,-1,z,20250528,z_20,0.2864985115809628,150.31790182937218,1.6321744301484484,745319369557411798,745319369557411226,742.2903258086134,3793.487820489449,0.007859349,0.008518499,150.31790182937218,1.6321744301484484,4.7315717e-07,4.3649817e-07,702748.4754130656,1726.0893634311906,668813.6040473056,1181.8413339606304,False,700211.2225717963,1435.4449088254055,False,717965.7829538516,1894.0398397883805,False,725538.4625635697,2649.4625211893376,False,732132.3716164385,3624.373506161536,False,0.9285213279518136,55.63998849140979,689641.1956704663,1120.4667724936942,0.0,0.0007958892370991,False,823543.75,1688.2786865234375,False,844425.5307617188,2227.648775150537,False,861087.3681842089,4262.756797444602,False,False,1.09206752437906,65.44020332018329,False,False
2MASS J10011629+0137555,150.31796681575,1.63212845583,2025052800146,60824.01575903534,60824.01558541869,z,1.38178113130983,43.6885189978584,312.059555374586,22.659259796142578,30.0009570121765,88.1275974755314,150.259161139308,2.18650411446073,-1,z,20250528,z_20,0.2869496629893664,150.31790175724188,1.6321745451751162,745319369691629518,745319369691628716,574.5962900552239,2907.777300755776,0.0074418043,0.008049117,150.31790175724188,1.6321745451751162,4.4705632e-07,4.1340473e-07,703094.138777528,1722.2565652986586,670950.513705895,1182.3895170861292,False,701429.238669287,1434.8394560779664,False,719511.649518973,1888.8183964956768,False,728584.0535715022,2642.7534046348087,False,734076.9181505294,3618.593787756985,False,3.333583062207646,55.985090225195954,700165.5207973438,1132.834992234241,0.0,8.858458592331253e-06,False,824806.4375,1687.2191162109375,False,846069.4360351562,2221.050231173201,False,863196.6481171846,4255.082745768858,False,False,3.919940341902692,65.83253203040717,False,False
2MASS J10011629+0137555,150.31796681575,1.63212845583,2025052800147,60824.01628337175,60824.01610975446,z,1.38266613176627,43.7272468125197,311.639487474653,22.735557556152344,30.0010664463043,84.9732530472691,150.201333748812,2.02917029389353,-1,z,20250528,z_20,0.277137573620744,150.31790307398032,1.632171660144335,745319369825846960,0,3295.5703420718824,3632.461806643016,0.0069679916,0.0071153184,150.31790307398032,1.632171660144335,3.9518915e-07,3.870897e-07,701602.3757279507,1717.3167762714709,673025.1294620727,1182.9964418448135,False,700843.4051729535,1434.0384263620754,False,717934.9954705598,1888.5303402547504,False,725521.9559884203,2646.6387514364787,False,724879.7605276753,3614.739734233384,False,-0.0905858412343164,56.494839646463895,688490.0638078604,1104.815722973021,0.0,0.0002841426357663,False,820503.0625,1678.88134765625,False,840512.8137207031,2210.9716897753988,False,848643.3047200441,4231.908298183963,False,False,-0.1060521645824052,66.14057948355924,False,False
2MASS J10011629+0137555,150.31796681575,1.63212845583,2025052800148,60824.01680674485,60824.01663312807,z,1.3904711825723,44.0635698030611,311.330640722246,22.73073959350586,30.0009791851044,81.8894680329413,150.008532517556,2.14657605278219,-1,z,20250528,z_20,0.2840453044385571,150.31790239035868,1.6321740428752292,745319369961636758,0,646.1199936946418,2140.386289276111,0.0068061785,0.006936005,150.31790239035868,1.6321740428752292,3.8508654e-07,3.7812205e-07,700344.6733090844,1706.289744046319,674543.4419672389,1176.0734204897587,False,700087.866832545,1423.5855269861024,False,718411.0262061488,1873.9715646275697,False,725486.8951888952,2618.598607419085,False,728116.7591499395,3581.0374702351605,False,0.6765611986813352,56.20202844604298,699946.4715652069,1111.6711233029391,0.0,0.0002017365925205,False,824562.5,1676.697021484375,False,846143.4912109375,2207.161060009944,False,857574.8897533417,4217.740870742817,False,False,0.7968528235058178,66.19466966369372,False,False
2MASS J10011629+0137555,150.31796681575,1.63212845583,2025052800149,60824.017337786245,60824.017164174606,z,1.38945757997842,44.0202896449528,311.386036959509,22.75798988342285,30.0000913143158,79.0950151486653,150.257638863516,2.13903441370329,-1,z,20250528,z_20,0.2857007996995758,150.3179015600095,1.6321736594153338,745319370094281378,0,1435.107154009229,1510.5889091566576,0.0062968945,0.006729772,150.3179015600095,1.6321736594153338,3.7296832e-07,3.50619e-07,702927.8825373921,1718.187235424216,677900.7288448237,1184.402626379002,False,702395.832653734,1433.9594225713695,False,718509.7749412901,1888.4158129794448,False,724071.0250667516,2638.678969492543,False,727296.0085549402,3612.2439695849166,False,1.81681601694646,56.72764978015493,699466.1224372078,1105.9273047552324,0.0,0.0001990673511134,False,830211.4375,1694.8983154296875,False,849257.6484375,2232.052546166344,False,859642.7209272385,4269.567271291323,False,False,2.1474236705013654,67.05043150960189,False,False
2MASS J10011629+0137555,150.31796681575,1.63212845583,2025052800151,60824.01838595644,60824.01821234213,z,1.4027011778959,44.5791052057428,310.849468497691,22.737287521362305,30.0005526542664,72.9865774423158,149.986466196969,2.31879580607987,-1,z,20250528,z_20,0.2844528044678012,150.3179020989935,1.6321738260506686,745319370363764747,0,1239.5899979618673,35.43936798058561,0.0064982567,0.0071473448,150.3179020989935,1.6321738260506686,3.9403736e-07,3.640621e-07,703627.119298496,1714.8189938749604,674053.6783417301,1180.894469547465,False,701958.4323230407,1432.2259739790602,False,717948.6362510751,1889.047747066048,False,724993.9654126507,2643.4047237690074,False,723694.2490821362,3613.475686528424,False,0.8219776296732594,56.88785527836088,699573.2390557302,1110.7545481685347,0.0,0.0001602216444173,False,827680.875,1688.7410888671875,False,846534.962890625,2227.38073967444,False,853309.6287916899,4260.657868471484,False,False,0.9691957991115058,67.07660691224324,False,False
2MASS J10011629+0137555,150.31796681575,1.63212845583,2025052800152,60824.018904653494,60824.01873103664,z,1.3968108666351,44.3325651551342,310.60216796935,22.77594566345215,30.0009932518005,69.9709972425758,150.204861159113,2.01920484911672,-1,z,20250528,z_20,0.2869740027124785,150.3179016935419,1.6321744669136284,745319370496934640,0,3321.129397965726,1707.8752631998232,0.006254495,0.007149315,150.3179016935419,1.6321744669136284,3.9161822e-07,3.536736e-07,701640.1018759733,1707.7447167617083,676578.4625739482,1182.1916632337843,False,701337.5237221317,1430.7687571562174,False,715640.5924371684,1877.8782007577229,False,724935.6889758045,2629.883207073321,False,726053.5527481701,3597.717698553444,False,1.5528042203798753,55.48398637978888,700140.1893579862,1107.0315378850007,0.0,7.908741086026794e-06,False,825938.75,1684.96240234375,False,842782.9345703125,2211.506330867005,False,855045.8851927519,4236.896441852736,False,False,1.8286789646854984,65.34139812216316,False,False
2MASS J10011629+0137555,150.31796681575,1.63212845583,2025052800153,60824.019428302316,60824.019254685045,z,1.40374913042156,44.6229359391873,310.389417286034,22.687788009643555,30.0010643005371,66.9553256545957,150.09022766015,2.13982086906955,-1,z,20250528,z_20,0.2823678609300538,150.31790319866403,1.6321743718397466,745319370631153564,745319370631152588,529.3542303286132,2376.1707795998755,0.008189053,0.0073193675,150.31790319866403,1.6321743718397466,4.1437454e-07,4.477489e-07,704743.0352279122,1705.0627237095384,673572.0595448305,1174.44202467311,False,703397.6275664862,1422.622672358349,False,719109.5793641725,1869.600008229732,False,725181.5427058124,2612.4739516473246,False,725584.3240898056,3572.250134412404,False,0.4637423637100148,55.66394445419651,699558.5724271032,1128.7573330650418,0.0,0.0017349052111816,False,829187.125,1677.0321044921875,False,847708.865234375,2203.9429690533834,False,855341.4968409538,4211.0801951124095,False,False,0.5466740037718784,65.61839883910069,False,False
2MASS J10011629+0137555,150.31796681575,1.63212845583,2025052800154,60824.01994931261,60824.01977569555,z,1.40746348516739,44.7762983723462,310.159906387469,22.77716827392578,30.0010273456573,63.932434608024,150.055480900343,2.14861905201508,-1,z,20250528,z_20,0.2772539076892432,150.31790388289983,1.6321728852758484,745319370765370408,0,103.83331582475742,2338.2397018768474,0.0064897044,0.007182252,150.31790388289983,1.6321728852758484,3.9178718e-07,3.6816664e-07,702254.8492683399,1688.4073733270902,674699.8513478307,1167.7429505812545,False,699284.1126084514,1410.9213823284638,False,713658.058035175,1853.253951106628,False,718567.135535176,2587.8779973222067,False,717679.6305752777,3537.142156232227,False,0.533282678019446,54.62465538451866,686614.4997174105,1085.6322941731817,0.0,0.000408711165271,False,828775.0625,1672.1907958984375,False,845810.7241210938,2196.432939720993,False,850576.9971897602,4192.1375857772055,False,False,0.6320340714693253,64.73985518057124,False,False
2MASS J10011629+0137555,150.31796681575,1.63212845583,2025052800155,60824.02047032899,60824.020296711766,z,1.4095827141858,44.8635652033639,309.792184682106,22.768550872802734,30.0010571479797,60.8077629622556,149.991583486802,2.04216455092957,-1,z,20250528,z_20,0.2812081757457455,150.31790266211152,1.6321730579601974,745319370899588791,0,1213.4193396205392,3708.996437673078,0.0063642617,0.00681564,150.31790266211152,1.6321730579601974,3.7273878e-07,3.5960002e-07,703953.2053399731,1687.520893289379,677722.2687340543,1169.9630134703518,False,701558.737030293,1412.8759301825717,False,714038.8966064752,1854.017213578468,False,718477.5117953744,2585.1609179431416,False,718216.349178196,3537.0440740273693,False,-0.5699436319984503,54.64934137725872,702748.1003934273,1103.57912740663,0.0,2.161546122581015e-05,False,828112.4375,1667.74365234375,False,842843.8845214844,2188.4621099617607,False,847774.9049038291,4175.089034008081,False,False,-0.6727553737406594,64.50749866969043,False,False
2MASS J10011629+0137555,150.31796681575,1.63212845583,2025052800156,60824.02099459154,60824.02082097191,z,1.41155604346525,44.94436041034,309.596802267152,22.762014389038086,30.001472234726,57.8142251877937,150.023676939416,2.01090122068382,-1,z,20250528,z_20,0.2796539423512598,150.31790168939875,1.6321708402388202,745319371033807131,745319371033806204,1919.914989166287,3031.0069388231727,0.006642087,0.0067424676,150.31790168939875,1.6321708402388202,3.7294782e-07,3.7051862e-07,704884.1780941737,1687.48027791108,677725.0487984228,1171.6511029750343,False,703569.5270392786,1415.9177043556888,False,718153.8534257376,1850.928252766469,False,724087.7728965833,2592.035319891725,False,726206.0766235202,3545.8138146627057,False,2.364501833916922,54.94386661520484,697914.7706862775,1102.4916090068953,0.0,9.739955248433409e-05,False,829926.625,1670.20849609375,False,847130.2137153149,2183.3444725781364,False,856628.5705449581,4182.621871735936,False,False,2.789152957045889,64.81147353879274,False,False
2MASS J10011629+0137555,150.31796681575,1.63212845583,2025052800157,60824.021520801994,60824.02134718475,z,1.41490032271772,45.0799050763729,309.845730769775,22.767967224121094,30.0010595321655,55.156792075246,150.254939215946,2.22965762766492,-1,z,20250528,z_20,0.2856619689141926,150.31790179737663,1.6321739810968026,745319371166450191,0,1026.3087003643195,1184.07233698311,0.006170048,0.0070589655,150.31790179737663,1.6321739810968026,3.76654e-07,3.59547e-07,702950.1056790526,1702.1974916773995,676466.9865958437,1174.3596124796356,False,702267.1463311941,1420.0354283248273,False,718859.1100003322,1866.3999558187693,False,729081.3910011866,2604.86773617749,False,730184.7011722676,3561.3671590342374,False,3.3606277777862053,54.986835310368114,699811.4917813016,1104.523483073081,0.0,0.000143657454003,False,825192.8125,1668.60009765625,False,844689.0529785156,2193.096796337424,False,857997.088932097,4184.753049692904,False,False,3.948876011365024,64.6117955500056,False,False
2MASS J10011629+0137555,150.31796681575,1.63212845583,2025052800158,60824.022043167475,60824.02186955079,z,1.41969105305116,45.2734432968497,309.632459453298,22.763507843017578,30.0009644031525,52.1412253303299,150.201213418556,2.27357106501358,-1,z,20250528,z_20,0.2868809234223881,150.31790240822056,1.6321754174676115,745319371300667815,0,89.5139372609297,958.9501958380208,0.0063599357,0.007198684,150.31790240822056,1.6321754174676115,3.8295144e-07,3.7147188e-07,706528.7676447534,1705.3152353896733,677622.4122624939,1176.001784925695,False,705563.6778075267,1423.3557019725972,False,721786.0283086045,1871.507011940444,False,727878.6087628481,2610.251151455175,False,733567.5070756894,3573.677282844725,False,4.659603078634024,55.88022613286597,681877.4166358532,1082.3018192211296,0.0,0.0024624697074141,False,831738.0,1677.89111328125,False,850861.3559570312,2206.184286490372,False,864749.6893491745,4212.749733822818,False,False,5.492869130480009,65.87315785263043,False,False
2MASS J10011629+0137555,150.31796681575,1.63212845583,2025052800160,60824.030987239064,60824.030813622405,r,1.47732214835185,47.4552933379912,306.343383135982,23.58634376525879,30.0009589195251,89.9900009891696,150.196830608191,2.24913094221378,-1,r,20250528,r_57,0.3023045544224826,150.317899169529,1.632178247874425,745319371571725918,745319371571724354,3711.635094891633,125.19414381310231,0.010020129,0.010851948,150.317899169529,1.632178247874425,6.029603e-07,5.567462e-07,258703.3442180809,688.0058751652203,243068.0218632205,488.27911351741415,False,258423.14235117505,581.0474822126541,False,266088.3487481237,745.744130315044,False,269406.17727126915,1023.988757838703,False,270822.9030097884,1388.6691486652614,False,0.3384102357006281,21.12511207424112,244857.35147101613,481.5667798033278,1.0,0.0008285640478273,False,515956.5625,1160.094482421875,False,531260.5848388672,1488.9207463433377,False,540713.3928172588,2772.55726354986,False,False,0.6756553625125321,42.17749273182744,False,False
2MASS J10011629+0137555,150.31796681575,1.63212845583,2025052800161,60824.03150921826,60824.03133560093,r,1.4787760335228,47.5070092277429,306.135939997091,23.600772857666016,30.0010747909546,86.9760277923801,150.239642010757,2.17972526889564,-1,r,20250528,r_57,0.2903435847674506,150.3179009155927,1.6321749883512895,745319371704895698,745319371704894778,667.7005950087618,3064.513854781755,0.010031425,0.010498401,150.3179009155927,1.6321749883512895,5.832818e-07,5.5738593e-07,257534.96727025343,690.5172923883024,242205.5378633446,489.0415589064064,False,256958.3682732186,582.0896298749823,False,264791.30124252266,749.7420494675748,False,268917.89645691216,1029.2242821202035,False,271447.5969028722,1394.9973772826452,False,0.8538085239948893,21.403339619713403,255317.38811023312,501.3836006610483,0.0,0.0014893062211503,False,514256.84375,1164.94970703125,False,529933.0772705078,1500.4764490716773,False,543254.4787892103,2791.841157389815,False,False,1.7087471393404725,42.83500845880146,False,False
2MASS J10011629+0137555,150.31796681575,1.63212845583,2025052800162,60824.032034955926,60824.03186134229,r,1.48225809212851,47.6306208460075,305.977537950289,23.649913787841797,30.0004360675812,83.994402643706,150.259314917546,2.1864881446776,-1,r,20250528,r_57,0.3070507050894902,150.31789803104718,1.6321789256705783,745319371839113275,745319371839112167,567.4609360057552,2175.231544447867,0.009756529,0.0090938555,150.31789803104718,1.6321789256705783,5.0574386e-07,5.4171016e-07,256775.4739475312,684.8987744218671,244867.31779194664,488.3468977221525,False,256559.37070400425,579.1490147448982,False,263661.9086891361,745.128784291484,False,267266.37128941104,1022.428318511763,False,270063.6163494127,1386.9682342618792,False,0.9595671725021372,20.827753030807003,255639.87123360863,490.680214184074,0.0,0.0002680053230209,False,516505.25,1165.942626953125,False,530804.0773925781,1500.0930504179098,False,543691.9933803082,2792.244043215958,False,False,1.9318003507921533,41.93042630481994,False,False
2MASS J10011629+0137555,150.31796681575,1.63212845583,2025052800163,60824.03256016,60824.032386542654,r,1.48399667034515,47.6920023951884,305.589680662201,23.663053512573242,30.0010771751404,80.8520434493474,150.201283763957,2.02904956913846,-1,r,20250528,r_57,0.2935083072149442,150.31790009885992,1.6321753559623535,745319371973331515,745319371973330400,3226.403624102832,3098.348718468338,0.010059356,0.008990006,150.31790009885992,1.6321753559623535,5.0120144e-07,5.574833e-07,255523.42927703983,684.5391701367,243278.3614467156,487.5058305722096,False,255418.8842927444,578.5494040698923,False,263376.86249896494,745.386791623729,False,266442.2025737735,1023.2802782344532,False,268732.4604261271,1386.880852440739,False,0.9018533038753772,21.200789358324343,254990.27817534583,493.2849006487327,0.0,0.0001378216443004,False,514456.09375,1165.294677734375,False,530484.7847900391,1501.332911281854,False,541271.8493288755,2793.408591612116,False,False,1.8164824779184816,42.70191418266226,False,False
2MASS J10011629+0137555,150.31796681575,1.63212845583,2025052800164,60824.033084296345,60824.0329106767,r,1.49406273879753,48.0437306772936,305.336533634245,23.63141441345215,30.0014746189117,77.7915338907821,150.008500394467,2.14655822035074,-1,r,20250528,r_57,0.2896902542610006,150.3179005907651,1.6321742068103011,745319372109121359,745319372109120119,382.0797977402548,1408.693954812163,0.010700653,0.009064386,150.3179005907651,1.6321742068103011,5.0805176e-07,5.907715e-07,256559.870359669,688.4453480983988,242892.1644294113,488.2089427323289,False,256262.30956292248,580.1341777777791,False,264224.2505244501,745.734640435738,False,266778.94368807075,1023.2176889804308,False,266607.67014083185,1387.6611541795062,False,-0.1066452998936602,21.45829987853889,253665.3845210632,496.1263166574499,0.0,8.342973027208878e-06,False,513988.90625,1163.583251953125,False,529958.2828369141,1495.7304210831946,False,534738.7409692407,2783.251427409804,False,False,-0.213899972815107,43.039212841584806,False,False
2MASS J10011629+0137555,150.31796681575,1.63212845583,2025052800165,60824.03361075795,60824.03343714068,r,1.49269626286089,47.9966106616534,305.385144046013,23.67365074157715,30.0010650157928,74.9630792635304,150.257446340191,2.13891224433245,-1,r,20250528,r_57,0.286237289602855,150.31790132181078,1.6321735770094794,745319372241766178,745319372241764735,1504.0050011492076,834.4932680225344,0.009264395,0.009218633,150.31790132181078,1.6321735770094794,5.124521e-07,5.1458943e-07,256490.8609597078,686.9283378528309,245224.41154673343,489.592285672358,False,256936.389451528,580.7406294349208,False,264537.5398410019,746.0886445736897,False,268501.1428111478,1023.9953377555656,False,271513.39292006067,1388.817626800262,False,0.7650887416590219,21.65548530678987,260005.5582287978,500.8036774571535,0.0,0.0007066742986509,False,516843.59375,1168.196044921875,False,532133.7824707031,1500.8039038015645,False,546166.146600008,2793.693391703124,False,False,1.5390237856958515,43.561361137882365,False,False
2MASS J10011629+0137555,150.31796681575,1.63212845583,2025052800166,60824.03413813954,60824.033964522576,r,1.50291079639564,48.3476420695155,305.120544320734,23.654922485351562,30.001011133194,71.8935600914152,150.059992518715,2.24824618893378,-1,r,20250528,r_57,0.2909494483250639,150.31790092732862,1.6321752959373397,745319372375460414,745319372375459298,2826.642805381774,3120.7597180566017,0.008884271,0.009304605,150.31790092732862,1.6321752959373397,5.147946e-07,4.95847e-07,257262.9842540125,690.3485978912188,243919.45504864745,490.2727291000166,False,256816.9267572318,582.6690752975584,False,263426.5890572494,749.6946469605437,False,266487.1363305346,1029.9461926138094,False,267916.5051975236,1397.3945518355588,False,0.796522421708812,21.45085503421383,257656.36158172545,499.9615528837937,0.0,0.0013136001193192,False,513743.875,1165.5877685546875,False,526966.0312080383,1499.7104663601426,False,535947.7869881392,2795.3877535592487,False,False,1.593386077078528,42.91089970778162,False,False
2MASS J10011629+0137555,150.31796681575,1.63212845583,2025052800167,60824.03466371316,60824.034490095815,r,1.50988197262101,48.5834273898217,304.939552519699,23.607038497924805,30.001077413559,68.8869952335228,149.986451407326,2.31887501115327,-1,r,20250528,r_57,0.2821722389334557,150.31790138273507,1.6321716484556807,745319372509677963,745319372509677030,1116.203258042609,3278.266985400333,0.009865964,0.009799788,150.31790138273507,1.6321716484556807,5.449228e-07,5.475597e-07,256794.0973339597,693.6781548898307,243058.96111591667,490.8736003285656,False,256615.1051581752,584.2217032173904,False,264879.5925990387,752.4504607241005,False,267577.4594264386,1033.5546021104676,False,267049.3744715855,1401.6939663437936,False,-0.2585477462208856,21.4305159702562,258332.52675523207,504.4633289926364,0.0,0.0004696634347328,False,511330.59375,1164.11865234375,False,527798.3900146484,1499.3308387374875,False,532121.8917528391,2793.0117661023087,False,False,-0.5151815693248488,42.70239060434693,False,False
2MASS J10011629+0137555,150.31796681575,1.63212845583,2025052800168,60824.03518783525,60824.035014218316,r,1.50303034445883,48.3518598109942,304.682235951393,23.718278884887695,30.0010063648224,65.8499341217381,150.204792700769,2.01907938768074,-1,r,20250528,r_57,0.2938094837960013,150.31789910483906,1.6321740601654886,745319372644419651,745319372644418089,3357.2360660645672,1174.2259317592077,0.008170647,0.008821245,150.31789910483906,1.6321740601654886,4.843368e-07,4.6032355e-07,256432.034808382,686.890996665729,245339.1396227324,490.2468428311732,False,255871.3597820304,581.0340898148463,False,262062.72385272032,747.4236779662682,False,264628.297097214,1026.6322773476502,False,266652.6370566746,1392.553352372808,False,1.2611166891280927,21.376679207537084,256229.00992098148,490.9921418802574,0.0,2.306493592951764e-05,False,515369.3125,1170.303466796875,False,527839.7939453125,1505.44096606919,False,537084.675491929,2804.844060872288,False,False,2.5401078167243405,43.056340796040665,False,False
2MASS J10011629+0137555,150.31796681575,1.63212845583,2025052800169,60824.03570848347,60824.03553487191,r,1.511909734526,48.6516155750802,304.513748298549,23.658592224121094,30.0000779628754,62.84714433150221,150.090534373943,2.13979938939386,-1,r,20250528,r_57,0.3108391344059503,150.3178964421773,1.6321785247778549,745319372778637265,745319372778636028,542.8044712853566,1642.0206309817672,0.009512219,0.009149707,150.3178964421773,1.6321785247778549,5.127007e-07,5.2442084e-07,258410.28976839245,689.2644029145164,245096.9724062752,490.9976901379201,False,257627.746215736,583.0379138643121,False,264191.3740996041,747.9381194030121,False,267500.4315937909,1029.6175855012189,False,269653.63925845205,1396.105712314299,False,1.2516042314653,20.91956884127272,257598.1483380105,498.1465480726422,0.0,1.2597280623194427e-05,False,516015.21875,1167.795166015625,False,529161.8302001953,1498.0818563386367,False,540102.4683582187,2796.328443345224,False,False,2.506899356823019,41.9008280371537,False,False
2MASS J10011629+0137555,150.31796681575,1.63212845583,2025052800170,60824.036233814564,60824.0360602005,r,1.5168968575009,48.8177899103335,304.312845740026,23.652942657470703,30.0005102157593,59.8285361749103,150.055278428205,2.14859797982452,-1,r,20250528,r_57,0.2939966272442597,150.31789803990293,1.6321725354354393,745319372912854891,745319372912853693,123.78151250743952,1591.1773950813604,0.008726321,0.009820628,150.31789803990293,1.6321725354354393,5.309277e-07,5.0099663e-07,257051.2123592779,690.0096419827614,244853.3326197813,490.8556272489487,False,256688.60515457453,582.3421609125879,False,264352.40671526454,748.5237730760298,False,268363.6500028023,1029.0717757113994,False,271395.26751024654,1394.7705378338294,False,1.033946096083615,21.20497239193314,257275.8955005488,498.9663023129361,0.0,0.0057015056505544,False,514628.0625,1167.5220947265625,False,529993.0115836859,1500.6951276288155,False,544113.0532707572,2796.33783932584,False,False,2.072930646206627,42.51327732625713,False,False
2MASS J10011629+0137555,150.31796681575,1.63212845583,2025052800171,60824.03675923546,60824.036585618,r,1.52012903959205,48.9246555989218,303.977140067967,23.550973892211914,30.0010964870453,56.7160053021457,149.99161195723,2.04214237991289,-1,r,20250528,r_57,0.2905058741181964,150.31790128888477,1.6321755893635994,745319373047073086,745319373047072014,1126.2797776630389,3038.870304129212,0.010823058,0.010478725,150.31790128888477,1.6321755893635994,5.8812725e-07,5.9567225e-07,257481.1857635848,700.9242418381897,241541.30310499453,493.5008829136014,False,256691.9098845014,588.6254837585045,False,264831.9643686428,758.6039720367309,False,269150.1519831968,1043.112193961318,False,270434.35630304035,1415.2424593744977,False,-0.2321476877450632,22.30258733494735,254779.32160412995,505.1004396005194,0.0,0.0020509019143647,False,509643.28125,1168.6734619140625,False,525804.7725830078,1506.153496041388,False,536927.9178725481,2809.8618732646223,False,False,-0.4609124976717388,44.28017928130871,False,False
2MASS J10011629+0137555,150.31796681575,1.63212845583,2025052800172,60824.0372834039,60824.03710978693,r,1.52287858116949,49.0152305593733,303.802370810914,23.628704071044922,30.0010130405426,53.7191616970213,150.023673957469,2.01088228791667,-1,r,20250528,r_57,0.2871239996415036,150.3179014527264,1.6321741971347377,745319373181290758,745319373181289572,1887.493143181748,2408.9945225935053,0.009374745,0.009799388,150.3179014527264,1.6321741971347377,5.3636785e-07,5.293836e-07,257677.700732934,697.5580801834496,244557.63956903617,494.3051022136722,False,257792.09329133603,588.2349537557296,False,265567.7169559456,757.295912934557,False,269398.04606127634,1041.170800259316,False,271140.8601029112,1412.5895562125258,False,0.8357610932016345,21.5955848817756,256943.516467491,499.49133547207447,0.0,0.000345379917984,False,515619.46875,1176.5504150390625,False,531171.7802734375,1514.6954715658296,False,542318.8293237686,2825.372443494487,False,False,1.6716365710702308,43.19412539740953,False,False
2MASS J10011629+0137555,150.31796681575,1.63212845583,2025052800173,60824.037804515276,60824.03763089797,r,1.52658086756522,49.136308488726,304.049513047032,23.494129180908203,30.0010704994202,51.023928313048,150.254769685726,2.2296330855926,-1,r,20250528,r_57,0.2884715449369818,150.3179015019415,1.6321749159404493,745319373313934855,745319373313933517,1437.9406229391109,519.2636622184833,0.011179272,0.011383862,150.3179015019415,1.6321749159404493,6.281061e-07,6.25685e-07,256105.56952284343,709.3461547863586,239814.00441217367,496.642738664322,False,257099.6440900972,594.2670497313768,False,267950.220710088,767.1437204270308,False,272221.16728193505,1056.1309810278426,False,274547.3666126161,1433.1090752087684,False,0.1791466202328848,22.267672194805225,259277.19090973583,521.9484699114535,0.0,0.0008093479230654,False,507819.9375,1173.7886962890625,False,529251.8580322266,1515.2524910701636,False,542282.4564671516,2830.6587649268204,False,False,0.3538481191289361,43.982822077628974,False,False
2MASS J10011629+0137555,150.31796681575,1.63212845583,2025052800174,60824.03833093225,60824.03815731552,r,1.53289679671863,49.341324968145,303.867058131337,23.48038673400879,30.0009713172913,48.0149068332408,150.201265824819,2.27375770319121,-1,r,20250528,r_57,0.2964352104419231,150.31789872978104,1.6321748072053557,745319373448152542,745319373448151132,519.6134827106275,224.396138879622,0.011285292,0.010883145,150.31789872978104,1.6321748072053557,6.148557e-07,6.169884e-07,256226.5273970565,711.0504154141527,237811.46548366852,495.163182874256,False,255649.8929150677,593.3796890608087,False,266251.4868476771,768.962016709681,False,269942.7229808215,1057.5302178518316,False,270729.400077323,1434.4855274047543,False,-0.1792259364127136,21.8529099646231,250527.86420870383,508.1864793454874,0.0,0.0007800783671013,False,505010.375,1172.1612548828125,False,525952.74609375,1519.0062940817463,False,534798.408470273,2833.680334720182,False,False,-0.3540426179156675,43.16820214644848,False,False
2MASS J10011629+0137555,150.31796681575,1.63212845583,2025052800175,60824.038857291715,60824.03868368027,r,1.5392285022518,49.5436697695676,303.733302834959,23.521209716796875,30.000057220459,45.039788174943,150.174443928584,2.34124835873013,-1,r,20250528,r_57,0.2910838927816376,150.31790130262573,1.632175882701788,745319373561399515,745319373561398589,3861.2997666317087,3439.035421151053,0.011231255,0.010418089,150.31790130262573,1.632175882701788,6.018195e-07,6.0175887e-07,256387.6353109866,710.8850811489083,237509.42472529595,495.2314526106613,False,254793.7057258932,593.1609864528634,False,263748.1014046538,765.7036739227955,False,268850.26822782244,1055.3654924607465,False,274087.2614625571,1433.3490995688626,False,1.2330289560826757,21.76983227786709,242616.36112943524,494.2799611306727,0.0,0.0122630315647033,False,502136.125,1168.975341796875,False,519783.0505197644,1509.0148111252297,False,540159.0082085133,2824.780779333849,False,False,2.429998732724697,42.9030190944674,False,False
2MASS J10011629+0137555,150.31796681575,1.63212845583,2025052800176,60824.03938280088,60824.03920918689,r,1.54275084149075,49.6559874159341,303.479666307159,23.524255752563477,30.0004968643188,41.9838864102227,150.149413769168,2.28007355487258,-1,r,20250528,r_57,0.2917373355421536,150.31790176508343,1.6321768193001345,745319373696141675,745319373696140879,436.1851122332652,3986.48566298333,0.011171432,0.010492562,150.31790176508343,1.6321768193001345,6.041891e-07,6.000713e-07,,,242040.8452297071,501.57837252188415,False,257170.1222918503,599.4107538460592,False,265076.5179597325,772.5806114759508,False,,,True,,,True,0.9747287627538548,21.96516525618806,246122.0122274544,499.4675685887742,0.0,0.0010704524245935,False,503090.78125,1172.601318359375,False,518557.7209472656,1511.366016947125,True,,,False,False,1.906819697368176,42.96950225221088,False,False
2MASS J10011629+0137555,150.31796681575,1.63212845583,2025052800177,60824.039908189545,60824.039734572296,r,1.53992907061487,49.56615075714,303.112618544215,23.568378448486328,30.001060962677,38.8585021561321,150.210728089142,2.01587314307497,-1,r,20250528,r_57,0.2986255176620025,150.3178992801569,1.632176659570792,745319373854476422,745319373854475224,385.2877946935976,2204.9400632851834,0.010485585,0.009204336,150.3178992801569,1.632176659570792,5.5589715e-07,5.405193e-07,257566.9465712437,705.3626220389364,242271.09727246643,496.0430506832315,False,257096.7391946905,591.5398327820141,False,265902.60503764934,762.4600414084582,False,270933.7768212154,1048.8400126315898,False,273202.47908948944,1423.1190815281093,False,1.172436748527308,21.60016553497101,254421.03380766104,506.065574645685,0.0,6.444566310059852e-05,False,507605.34375,1167.92138671875,False,524991.4240722656,1505.381953217602,False,539404.1120317578,2809.7705666707207,False,False,2.3148296653838965,42.64682424903464,False,False
2MASS J10011629+0137555,150.31796681575,1.63212845583,2025052800178,60824.04043414835,60824.04026053162,r,1.5563152597579,50.0805502301221,302.977060520876,23.557931900024414,30.0009715557098,35.8583202535344,149.955559536716,2.2952856154612,-1,r,20250528,r_57,0.3015866015711067,150.3178981749902,1.6321765220430386,745319373984499228,745319373984497873,2419.031204119722,512.973845822374,0.009802222,0.010291659,150.3178981749902,1.6321765220430386,5.5405576e-07,5.625372e-07,257078.50377567604,701.0325565787901,242035.9608806992,496.3487312105657,False,257155.03981890052,592.0228529513806,False,264745.0144894212,759.2096039734201,False,268494.3746575788,1047.3132548496767,False,268434.149604724,1423.5731000346766,False,-0.0791859055464604,21.7489935417684,257071.4712833817,508.9853619923513,0.0,0.0009323760560469,False,508182.15625,1169.93798828125,False,523181.2388916016,1500.3274828470392,False,530471.5981974602,2813.222902668336,False,False,-0.1564848359711262,42.97971543589731,False,False
2MASS J10011629+0137555,150.31796681575,1.63212845583,2025052800179,60824.04095713925,60824.040783521814,r,1.55950310376106,50.1793088311494,302.674654490794,23.594482421875,30.0010929107666,32.7648551187491,149.912884767526,2.19456245728887,-1,r,20250528,r_57,0.3017701575840802,150.31789867001967,1.6321773083095117,745319374118717419,745319374118716162,3070.5151525817205,1798.883320825448,0.009465237,0.010104534,150.31789867001967,1.6321773083095117,5.364969e-07,5.5130465e-07,258139.0723755236,702.0533660120867,244274.0661550788,496.623567738709,False,257326.0115060672,591.1058468875758,False,264407.7642754847,761.3365631228444,False,268227.7090163156,1046.6699898773436,False,269462.8578241578,1421.1283703847926,False,0.7894357622992823,22.268318858813807,257868.770416116,506.23260744956025,0.0,7.849151736416538e-05,False,510135.625,1171.8370361328125,False,524174.8367919922,1509.3107035347916,False,534196.3005833626,2817.314134659039,False,False,1.5650159252882234,44.14580046631791,False,False
2MASS J10011629+0137555,150.31796681575,1.63212845583,2025052800180,60824.04149341594,60824.041319796284,r,1.55785145934959,50.1283138270854,302.890489995977,23.61896324157715,30.001476764679,30.0641569084613,150.257464333351,2.28055357412358,-1,r,20250528,r_57,0.2994192673687605,150.31789956855965,1.632177436119361,745319374233011917,745319374233010588,3666.223867057408,1051.3371358077725,0.009621577,0.009690079,150.31789956855965,1.632177436119361,5.3560035e-07,5.373662e-07,258938.0331457289,700.2641161563905,245197.20298683867,496.1012595504808,False,258780.90518473825,590.3909125141159,False,266224.2859593703,760.1860555849886,False,270490.42606728384,1045.6894122323488,False,272199.9752234247,1418.8282863396,False,0.4844381613471701,22.104998613051663,254663.61160390853,497.1986187361102,0.0,0.0003899345485338,False,512080.5625,1168.2767333984375,False,526809.6655273438,1504.2705823705228,False,538634.4727613926,2807.6043185683334,False,False,0.9586154201834626,43.7417904375612,False,False
2MASS J10011629+0137555,150.31796681575,1.63212845583,2025052800181,60824.04202079975,60824.0418471882,r,1.55760192229284,50.1204017174289,302.473018734196,23.593591690063477,30.0000765323639,26.8947137378877,150.233717772667,2.04163848050637,-1,r,20250528,r_57,0.2971794540624977,150.31790027201183,1.6321773434631903,745319374391346952,745319374391345372,1500.9524869924512,452.5006076844199,0.010213919,0.009032515,150.31790027201183,1.6321773434631903,5.5489494e-07,5.1601785e-07,257503.485946788,703.731119785549,242398.6505862705,495.7079934649064,False,256989.80282413465,590.8314336732866,False,265242.85519526474,761.8512362182689,False,269584.270614391,1046.112469095296,False,272367.90138218866,1420.2707695469526,False,1.2705044621234902,21.49026084974261,255684.27243648752,507.3931445114018,0.0,8.441552425353382e-05,False,506347.9375,1164.1173095703125,False,522608.9564208984,1501.0782447462843,False,536647.4606794119,2798.3646313926806,False,False,2.503279534484161,42.342338637656844,False,False
2MASS J10011629+0137555,150.31796681575,1.63212845583,2025052800182,60824.04254722603,60824.0423736092,r,1.5672757681079,50.4169259024504,302.367697906281,23.546674728393555,30.0009891986847,23.9296785243162,150.151652853465,2.18524228960677,-1,r,20250528,r_57,0.2881361254797642,150.31790016930984,1.6321728169262244,745319374501447739,745319374501446738,3664.5788691486814,2704.413974012986,0.010285574,0.009847032,150.31790016930984,1.6321728169262244,5.6763895e-07,5.5109354e-07,257686.05998322985,708.2472595025059,242289.96867446668,497.5897262356336,False,257735.3466751899,593.8640368617557,False,267188.86474919296,767.638049725724,False,272126.32394387963,1055.6519453594117,False,273385.9115099164,1430.0799967849655,False,0.0876993483157892,22.133358022811485,257240.0649805364,511.6569073245327,0.0,6.850000524127875e-05,False,505011.5625,1163.6285400390625,False,523534.96643066406,1504.1246609259051,False,535677.5782527924,2802.1260684376725,False,False,0.1718397786509421,43.368524584090025,False,False
2MASS J10011629+0137555,150.31796681575,1.63212845583,2025052800183,60824.0430702788,60824.0428966615,r,1.57113755281536,50.533575461064,302.388938853724,23.608673095703125,30.0010690689087,21.0704955735657,150.266057569069,2.27724546107207,-1,r,20250528,r_57,0.2927612287017864,150.31790104960405,1.6321763273478849,745319374639335087,745319374639333394,1129.6380535235437,82.27265137886224,0.009574363,0.009804667,150.31790104960405,1.6321763273478849,5.337412e-07,5.430077e-07,255932.6621052811,697.4606045574907,243245.0703007531,493.7997937582195,False,255835.4899032504,587.6672193297323,False,263945.5044667975,757.4970443721458,False,268378.7438995972,1042.4759166232027,False,270703.83452090947,1414.8297747034328,False,1.050738221433036,21.69043804434216,254231.19286843183,498.7883215513,0.0,0.0001674647197812,False,507618.53125,1166.0257568359375,False,523710.0972900391,1502.9952929353897,False,537119.7050698996,2807.2485661599385,False,False,2.084832690311192,43.03729832949265,False,False
2MASS J10011629+0137555,150.31796681575,1.63212845583,2025052800184,60824.04359566094,60824.04342204428,r,1.57460728153704,50.6379409222602,301.932115005659,23.551794052124023,30.0009603500366,17.8607637190931,150.138860620022,2.08985030129878,-1,r,20250528,r_57,0.2950818161025696,150.31790006503928,1.632176064384358,745319374773553684,745319374773552688,578.907067947404,3715.078800462461,0.0101862475,0.010009475,150.31790006503928,1.632176064384358,5.6519275e-07,5.570547e-07,256898.70187691247,708.4565892114274,241657.1767939312,498.2472872265606,False,256580.6579022234,594.787557755283,False,264890.8411896357,765.0774368149033,False,269047.67416085507,1055.9570312655417,False,270442.4684271684,1433.2990151397246,False,-0.0048216223198991,22.220775778572094,254108.5110963396,507.42150449065775,0.0,0.0009071599980911,False,504313.4375,1169.0645751953125,False,520647.2373046875,1503.7720897139748,False,531559.0505285263,2817.172421336345,False,False,-0.0094769767384479,43.675294577656175,False,False
2MASS J10011629+0137555,150.31796681575,1.63212845583,2025052800185,60824.044122991545,60824.04394937408,r,1.58230971723875,50.8670304464498,301.974319197139,23.5752010345459,30.0010983943939,15.0078239338296,150.182780041826,2.26975394429918,-1,r,20250528,r_57,0.2950818377778136,150.3179006219562,1.632176835106716,745319374907770474,745319374907768871,853.3362771698116,118.62344252146042,0.010957477,0.0099341655,150.3179006219562,1.632176835106716,6.0526264e-07,5.55778e-07,256301.83647344133,705.3498895267581,241671.07778668625,496.3038041886107,False,255896.08704952183,592.1927212778775,False,264889.3884306975,764.4863338164055,False,266616.0464848937,1053.3996842095762,False,268254.08871439047,1430.181910832265,False,0.1099443352701245,21.79487611277532,255440.8249613063,504.5761640416174,0.0,0.006591756675866,False,504157.6875,1166.7177734375,False,521875.9812011719,1506.164735170976,False,528504.9982123971,2817.695312120926,False,False,0.2166085556938736,42.93951684473922,False,False
2MASS J10011629+0137555,150.31796681575,1.63212845583,2025052800186,60824.044648688796,60824.04447507207,r,1.58352649370124,50.9035367897655,301.57160148976,23.594270706176758,30.0009703636169,11.8420443617542,150.133700856895,2.06471394595329,-1,r,20250528,r_57,0.2798451108933466,150.3179023198604,1.632171887922358,745319375041989130,745319375041988187,1336.063041807224,3619.367076416768,0.00978686,0.00926304,150.3179023198604,1.632171887922358,5.4271504e-07,5.159117e-07,257910.4718203838,712.4496718420639,243153.43470749407,500.4313118950829,False,257852.88977066588,597.1569580040017,False,266992.51682673284,770.957856329155,False,271757.6353376845,1061.4154373744516,False,273036.8440042171,1439.219292474737,False,0.5827970222565568,22.291088943282087,258834.63064982777,515.9008973819691,0.0,0.0002599841831238,False,505630.21875,1170.9801025390625,False,523552.34338378906,1511.7906566393222,False,535404.8166124821,2822.201319250091,False,False,1.1428213432570773,43.71115711982863,False,False
2MASS J10011629+0137555,150.31796681575,1.63212845583,2025052800187,60824.045172979844,60824.04499936793,r,1.59505546360913,51.2404493517531,301.514397463072,23.487781524658203,30.0001392364502,8.90441334558551,150.044020127023,2.25983029375001,-1,r,20250528,r_57,0.2824967280871182,150.31790198117938,1.632172701006038,745319375172535692,745319375172534321,3813.269836640983,154.74382845334472,0.010745042,0.010195231,150.31790198117938,1.632172701006038,5.963677e-07,5.6707364e-07,261784.0578423168,727.1034818363023,243267.9988400417,506.7775789348765,False,260931.97453872795,606.8829748293685,False,271592.9385770141,784.5323803546323,False,276565.55471460545,1080.5005873498028,False,279153.0718223007,1466.3680695365936,False,1.012933740251618,22.147405746803088,258740.1282246524,525.1880853014967,0.0,0.0029893123305264,False,500864.90625,1164.92578125,False,521328.87109375,1505.9278872627806,False,535840.7201526165,2814.7271217902457,False,False,1.9443495330361968,42.51245299723442,False,False
2MASS J10011629+0137555,150.31796681575,1.63212845583,2025052800188,60824.04570146889,60824.04552785228,r,1.59306322635683,51.1828419196471,301.21977429423,23.578662872314453,30.0009505748749,5.82646920885771,150.122530733768,2.0514266018661,-1,r,20250528,r_57,0.2904406896285326,150.31790147703785,1.6321758187987436,745319375310424419,745319375310423449,1906.7362037595271,3398.344161386035,0.010340832,0.009508743,150.31790147703785,1.6321758187987436,5.7421397e-07,5.2879886e-07,257172.57417117883,709.5085389373647,241626.563081559,498.2698820260934,False,257073.8311314956,595.0157268338968,False,266230.4776911428,767.733559775943,False,270876.5612505225,1057.1831696165764,False,273741.28524539364,1435.0552748580778,False,1.446654131281522,22.00151753346648,258813.2950131616,515.6596926565203,0.0,0.0008322033075643,False,503896.09375,1166.303466796875,False,521844.2388916016,1504.8515055349935,False,536566.3386511803,2812.883536739437,False,False,2.835618711370071,43.12566041004408,False,False
2MASS J10011629+0137555,150.31796681575,1.63212845583,2025052800190,60824.046998932594,60824.04682531562,r,1.60781657827958,51.6067032774168,301.067787696085,23.416528701782227,30.0010132789612,86.6245026010319,150.196585192893,2.24902855144312,-1,r,20250528,r_57,0.2906000490011046,150.317900086684,1.6321739192597615,745319375596685438,745319375596684620,3641.031348867448,3732.242344618498,0.0127706025,0.011608616,150.317900086684,1.6321739192597615,6.4532367e-07,7.0933805e-07,257874.88003769383,730.5529807139388,236846.49307007287,504.22710243960125,False,257341.8766432909,606.7603194371899,False,268913.15730187495,784.5598692496151,False,274528.8303214842,1083.4371375405065,False,276910.938373681,1470.8028828809572,False,0.4691123219420908,22.64824807597773,256708.8201669841,531.8185088038965,0.0,0.0001053745031914,False,496245.3125,1170.0465087890625,False,518558.7962646485,1512.9063429905807,False,533981.3206475973,2836.2233374588627,False,False,0.904612936830476,43.67375838958351,False,False
2MASS J10011629+0137555,150.31796681575,1.63212845583,2025052800191,60824.04752198832,60824.04734837122,r,1.60998737276234,51.6679644942321,300.877730869344,23.466489791870117,30.0010352134705,83.6085769644567,150.239785907746,2.17972599715509,-1,r,20250528,r_57,0.2925833439514241,150.31789973026395,1.6321743743848929,745319375731427243,745319375731426300,673.3970294183297,2511.477683458308,0.011366688,0.011077644,150.31789973026395,1.6321743743848929,6.1579067e-07,6.313947e-07,257180.08171608413,726.2904037588563,238489.2352799861,504.3221020615867,False,257096.2605227116,605.586573819491,False,268773.6761377724,784.6364362456944,False,273363.57636578893,1082.6343722337738,False,277375.9984233424,1468.8596515351098,False,1.0430318937572447,22.58521176394745,255966.9773789843,523.4512799602282,0.0,6.881578072570615e-05,False,497385.40625,1171.584228515625,False,519976.8515625,1517.9789539029148,False,536619.1378252506,2841.695764137669,False,False,2.0178778219231424,43.69396390913637,False,False
2MASS J10011629+0137555,150.31796681575,1.63212845583,2025052800192,60824.0480465993,60824.0478729828,r,1.61463135919644,51.7985233885477,300.739196741767,23.628093719482422,30.0009315013885,80.6237348444253,150.259126725433,2.18649181373693,-1,r,20250528,r_57,0.2985641312567269,150.3178981706017,1.63217503688308,745319375865644918,745319375865643713,625.4522024856223,1609.875651043456,0.009325011,0.00923783,150.3178981706017,1.63217503688308,5.135114e-07,5.179621e-07,256370.47795643867,702.6795461336154,243797.7509645098,496.97744333311147,False,256566.8052979333,592.032953928487,False,264328.6432170793,763.6361569730107,False,266996.03614159016,1050.7277928347346,False,270015.61301903374,1427.951207995674,False,0.9863634295000852,22.029152410807,255833.71301331776,501.4202729482294,0.0,0.0001323636758101,False,511159.1875,1179.5098876953125,False,526623.1317138672,1521.3957124760243,False,537953.3069480658,2844.913543749816,False,False,1.965136248305768,43.88877834194428,False,False
2MASS J10011629+0137555,150.31796681575,1.63212845583,2025052800193,60824.048571769206,60824.048398152045,r,1.6174604026113,51.8775011863141,300.380318605589,23.610368728637695,30.0010449886322,77.4986557619507,150.201238212835,2.02916107289827,-1,r,20250528,r_57,0.2838612810621704,150.31790199205776,1.6321733855142802,745319375999863112,745319375999861973,3221.2543126976434,2683.668591975332,0.00936865,0.009481926,150.31790199205776,1.6321733855142802,5.266974e-07,5.209475e-07,257394.3044153343,702.7121876831422,244494.13097734656,497.9788022288267,False,256985.788245963,592.8980117826932,False,263748.5755807018,764.2779307388427,False,266949.5523620844,1052.7079851378844,False,269258.3124969138,1429.527636720314,False,0.4850161043415794,22.190574591667666,258352.1835810076,505.7075780226431,0.0,0.0009918281617053,False,510680.5625,1178.2032470703125,False,524119.5314941406,1518.7683577369166,False,535068.4464781284,2840.748442209212,False,False,0.963820990558638,44.09697202331216,False,False
2MASS J10011629+0137555,150.31796681575,1.63212845583,2025052800194,60824.04909724841,60824.048923631686,r,1.63057752897409,52.2405834001435,300.169356824349,23.632238388061523,30.0009696483612,74.4583795407255,150.008579341544,2.14656556955343,-1,r,20250528,r_57,0.3003471786542599,150.31789842557106,1.6321762795132737,745319376135653134,745319376135651697,230.69235983569217,826.7096487995071,0.008778229,0.009171761,150.31789842557106,1.6321762795132737,5.081444e-07,4.8928507e-07,256719.7911954234,701.6888465825707,245084.15926069065,497.4075167869463,False,257134.60435427213,591.8309866386894,False,264803.4731805715,763.4635766187657,False,269123.7007744544,1051.5834757036548,False,271995.76465759764,1427.171672538313,False,1.1955920242739593,21.78928861907264,253250.8640099665,495.7830588183571,0.0,0.001273948162537,False,510880.78125,1175.863037109375,False,526117.4613037109,1516.8665044457834,False,540407.266824007,2835.536589387599,False,False,2.375428966284915,43.29144581900229,False,False
2MASS J10011629+0137555,150.31796681575,1.63212845583,2025052900092,60825.028359943615,60825.02818632706,r,1.47805598655893,47.4813028263011,306.306824339979,23.780109405517578,30.0009417533875,23.268855707432,150.1966251702,2.24903054470631,-1,r,20250529,r_57,0.2905593383664505,150.31789990793266,1.6321736357977117,745323760468361767,0,4013.567531722183,1257.9823638279236,0.007553467,0.009369677,150.31789990793266,1.6321736357977117,4.370527e-07,5.061283e-07,257731.57838197955,664.0487932436473,245870.7332969118,478.365541627838,False,256895.5071973328,564.1934144294062,False,262784.70722009224,720.8672626854561,False,265853.3912413428,985.0015682455744,False,265386.1311929579,1332.926025578378,False,0.5486988237273616,20.46968293951588,254549.50556112337,482.8456081557008,0.0,0.0007209169889647,False,521425.5625,1145.15380859375,False,533378.9807128906,1463.157616239938,False,538659.139066577,2705.4646079279946,False,False,1.1137041512577233,41.54769406977211,False,False
2MASS J10011629+0137555,150.31796681575,1.63212845583,2025052900093,60825.028885205786,60825.02871158849,r,1.47953029282145,47.533668109754,306.098892827464,23.810470581054688,30.0010681152344,20.2551500990661,150.239770542751,2.17972630727162,-1,r,20250529,r_57,0.2911878200068045,150.31790019853284,1.6321743710957044,745323760606249994,0,1416.2153441908474,1820.99691790009,0.007895374,0.008090778,150.31790019853284,1.6321743710957044,4.4006885e-07,4.4826652e-07,257668.61575505408,656.8299441420174,247193.67755560405,476.46105789125215,False,257304.81558435588,560.7093254481662,False,262311.9758108348,713.4147041304504,False,264463.4467634612,977.1617106521068,False,265674.3158591645,1321.4347146629286,False,0.8960993166857778,20.556282585243515,258374.53353735467,485.0498302826885,0.0,0.0002337352330596,False,524887.4375,1143.815673828125,False,535101.7644042969,1455.3261083568311,False,541960.7501094937,2695.652934546707,False,False,1.827992503803323,41.93366714179118,False,False
2MASS J10011629+0137555,150.31796681575,1.63212845583,2025052900094,60825.02941036766,60825.029236750845,r,1.48301845476878,47.6573349416425,305.940636066165,23.835437774658203,30.0009851455688,17.2731218511327,150.259016498524,2.18648990823186,-1,r,20250529,r_57,0.2903986855945378,150.31790063658906,1.632174617761383,745323760740467368,0,2174.115950727032,1355.6161091787585,0.0075880154,0.008164192,150.31790063658906,1.632174617761383,4.2458777e-07,4.5090934e-07,257705.4052803304,657.1659383441996,247924.8684591032,476.63385132703337,False,257492.75206179035,560.5890703608334,False,262650.93208553654,715.1668488886861,False,265439.5459448889,977.2249639263656,False,266966.08279191906,1321.663974604577,False,0.941195869459126,20.432251914229884,257876.87517892272,483.4027349590638,0.0,0.0008372171953846,False,525859.25,1144.8514404296875,False,536393.4365234375,1460.534713191542,False,545205.9638506174,2699.140930657346,False,False,1.9221378079725693,41.72734409568796,False,False
2MASS J10011629+0137555,150.31796681575,1.63212845583,2025052900096,60825.03045977649,60825.03028615975,r,1.49484651251595,48.0708043652128,305.29995559205,23.75749969482422,30.000972032547,11.076944937191,150.008428652924,2.14655830830012,-1,r,20250529,r_57,0.2861507001010355,150.31790108246858,1.6321731851695418,745323761005234480,745323761005233257,3128.7021724332235,2537.4505237845733,0.00799429,0.0097692525,150.31790108246858,1.6321731851695418,4.4827917e-07,5.39485e-07,256846.23176996256,665.257792547898,246275.98473745649,479.8258402428776,False,256995.3514481128,566.0671961041861,False,263101.75614662294,723.9858067477256,False,267035.5406977981,991.8550301042762,False,269067.18362898804,1341.9571839163625,False,0.9745057015175008,20.562377947042226,256304.6708271768,483.8508364259717,0.0,0.0009715363626873,False,520495.03125,1146.4610595703125,False,532862.3884277344,1466.2950632544646,False,544944.2231627107,2717.8781345379007,False,False,1.973675292983124,41.64517175821721,False,False
2MASS J10011629+0137555,150.31796681575,1.63212845583,2025052900097,60825.03098396293,60825.03081035108,r,1.49346114492195,48.0230826321873,305.349312702163,23.484764099121094,30.0001282691956,8.2429365381237,150.257471047918,2.13891536388638,-1,r,20250529,r_57,0.2960290174438963,150.31790019000763,1.6321766889202889,745323761143121588,745323761143120457,3730.1044193465473,1663.2983337733715,0.010782082,0.012120822,150.31790019000763,1.6321766889202889,6.0080026e-07,6.720049e-07,257171.97537517588,694.8761199976938,236284.77453939416,485.201474759217,False,256654.7991177021,579.8966305337606,False,268739.06516403944,745.6190640591565,False,273334.45321004634,1020.7294206465068,False,275872.149767366,1383.0659600115575,False,0.414096536661611,20.89819691279849,256103.9189671529,513.9647536360122,0.0,9.284288754463076e-07,False,504257.71875,1139.341064453125,False,528000.0545654297,1464.9411177639956,False,542014.6491963863,2717.352990373535,False,False,0.8135884294277257,41.05934172071836,False,False
2MASS J10011629+0137555,150.31796681575,1.63212845583,2025052900099,60825.03203120518,60825.031857587834,r,1.51062190922935,48.608425722756,304.906013062579,23.81238555908203,30.001077413559,2.17165349805188,149.986554952945,2.31878007122875,-1,r,20250529,r_57,0.2894307044688173,150.31790044511015,1.632173867905561,745323761406313633,0,3952.2415455834575,2606.199239767337,0.0075258333,0.0081813615,150.31790044511015,1.632173867905561,4.1821644e-07,4.5440524e-07,258619.28602427285,658.6360366391041,249122.8757122341,478.1864791410787,False,257917.74866511044,562.4540291445777,False,262352.3136640399,718.1139337771835,False,263837.7454109641,982.3987830594244,False,265589.3813834539,1329.0464784527533,False,0.6700262084492462,20.5950039027784,256112.59692942345,473.0237759826916,0.0,3.312406738975593e-05,False,525531.5,1146.0526123046875,False,534567.3403320312,1463.2242051664402,False,541163.1681220531,2708.056320303466,False,False,1.36524097386896,41.96424383180536,False,False
2MASS J10011629+0137555,150.31796681575,1.63212845583,2025052900101,60825.033079287,60825.032905669585,r,1.51269249487342,48.677632645673,304.479437954782,23.866374969482422,30.0010898113251,356.129408730726,150.090288491683,2.13991144188709,-1,r,20250529,r_57,0.2959041694036895,150.31790017871342,1.632176614160838,745323761679991321,0,2683.5473945078497,1103.22656705942,0.0065843454,0.00851231,150.31790017871342,1.632176614160838,3.6645403e-07,4.7253337e-07,258282.52006669287,658.1842802427796,248274.3912630892,477.6991364069509,False,256987.6983245705,562.0663782950139,False,261345.3655408297,718.4284063987725,False,262314.2340623285,981.4535643302866,False,263009.69336638623,1329.28588894593,False,0.4099311687946211,20.403807591723577,255758.9791231521,476.6039379046953,0.0,7.767919966317205e-05,False,525387.9375,1149.093505859375,False,534296.7911376953,1468.7614276483623,False,537699.3577558398,2717.603901254068,False,False,0.8380669296394045,41.71372582287362,False,False
2MASS J10011629+0137555,150.31796681575,1.63212845583,2025052900102,60825.03360386954,60825.033430250005,r,1.51766988894949,48.8435722555621,304.279095639189,23.804712295532227,30.0014555454254,353.111072370319,150.055252418547,2.14870930183594,-1,r,20250529,r_57,0.2946897936528821,150.31790002370315,1.632175818462902,745323761814208840,0,2581.9253493631463,695.7654111561909,0.007236832,0.008852176,150.31790002370315,1.632175818462902,4.0359384e-07,4.907035e-07,257855.09905195623,663.770166984337,246988.1161422943,479.5562392702953,False,257592.9907220753,565.4232846668795,False,263476.4886144962,721.6590018892535,False,265731.9956543844,988.391901624892,False,267015.7164693804,1337.483020268294,False,0.7100386218450523,20.78216959973816,255061.66871967143,481.41080922025,0.0,0.0004478511456935,False,523418.8125,1148.9178466796875,False,535373.8485107422,1466.382671127695,False,542565.4201283455,2717.712823805301,False,False,1.4427705165171028,42.22855017357559,False,False
2MASS J10011629+0137555,150.31796681575,1.63212845583,2025052900103,60825.034128061634,60825.03395444699,r,1.52090957686597,48.9502420402868,303.943773676407,23.770200729370117,30.0006105899811,349.999737167564,149.991522955261,2.04215063417221,-1,r,20250529,r_57,0.2920472680870587,150.31790036973908,1.6321750353522173,745323761948427308,0,1656.4062115059944,2181.8529358107544,0.0076706684,0.008782425,150.31790036973908,1.6321750353522173,4.282603e-07,4.8626106e-07,257674.2056421947,664.2850003354234,247327.29269468744,479.885511023516,False,257539.2044589586,565.6288665489445,False,263366.8320489968,722.8385523699154,False,266973.38819488103,989.646925593056,False,268375.6143283825,1339.037211856111,False,1.0393369876329144,20.42240140023621,258898.8644627943,483.8192605756152,0.0,0.002066315373173,False,523303.625,1149.3226318359375,False,535145.0013427734,1468.7629230648226,False,545322.5350085497,2720.8402248748225,False,False,2.111868033325226,41.4970478238461,False,False
2MASS J10011629+0137555,150.31796681575,1.63212845583,2025052900104,60825.034653270595,60825.03447965663,r,1.52368302462477,49.0413150927073,303.76892849456,23.69272804260254,30.0004937648773,347.001592115242,150.023722961909,2.01089037133313,-1,r,20250529,r_57,0.2920535090039137,150.31790036518856,1.6321750318850905,745323762082646286,745323762082645144,2532.035931796358,2632.02975700072,0.0085757235,0.009410868,150.31790036518856,1.6321750318850905,4.790335e-07,5.2071584e-07,256151.70627513863,669.1938166776519,244459.5226087512,481.9897992121871,False,256461.1573126906,570.0129480894581,False,263315.9580350796,726.9767517077943,False,266103.8285177353,997.8267999170156,False,267937.6616453732,1353.6252793004437,False,0.7596234287144215,20.57551762502379,255744.70123280847,488.5798233876659,0.0,6.470992723917046e-05,False,516497.84375,1147.972900390625,False,530303.0134277344,1464.088864949042,False,539610.8554970026,2726.1225260390515,False,False,1.529837372271602,41.4378949183625,False,False
2MASS J10011629+0137555,150.31796681575,1.63212845583,2025052900106,60825.03570259073,60825.03552897388,r,1.53373005111157,49.3678448134148,303.833381374929,23.59781837463379,30.0009918212891,341.289244986104,150.201268871616,2.27355868406378,-1,r,20250529,r_57,0.28540230187095,150.31790190978273,1.6321740156861555,745323762350032834,745323762350031943,3643.12465846993,3072.654562221005,0.00936047,0.010206556,150.31790190978273,1.6321740156861555,5.252094e-07,5.624407e-07,257655.8186518316,683.2339561979657,242804.91236388416,485.24943791636014,False,257204.1078303933,575.9616187445298,False,265143.4421719109,738.7359019924886,False,268294.039081762,1012.1523486862088,False,269968.24098128406,1370.6172433422323,False,0.5450544837159802,20.684672430514205,257851.87582645897,497.5619510431544,0.0,0.0004154883857472,False,511271.40625,1144.89892578125,False,527053.2484130859,1468.4623299567318,False,536644.0037589073,2724.518715292752,False,False,1.083461592907759,41.11707876898815,False,False
2MASS J10011629+0137555,150.31796681575,1.63212845583,2025052900107,60825.03622262055,60825.036049002774,r,1.5399983345636,49.5687292740117,303.70150065163,23.532438278198242,30.0011508464813,338.313071629427,150.17449030253,2.3412575512931,-1,r,20250529,r_57,0.2960297261459912,150.31789902312022,1.6321750362927592,745323762484774997,745323762484773639,19.17150022952877,1853.2128169462287,0.011909169,0.009644093,150.31789902312022,1.6321750362927592,6.4594155e-07,5.547126e-07,,,240120.3204090348,488.705519225203,False,256521.3436482805,582.4924783530839,False,267254.921269679,748.89664552481,False,,,True,,,True,-0.623797553882479,21.0327859057764,245458.8757052677,487.916191843328,0.0,0.0013408864200334,False,504896.15625,1146.486328125,False,526022.4376220703,1474.0100467914024,True,,,False,False,-1.2277847244759943,41.39761864656387,False,False
2MASS J10011629+0137555,150.31796681575,1.63212845583,2025052900108,60825.03674677969,60825.03657316307,r,1.54352750066319,49.680218755704,303.449151240345,23.471481323242188,30.000951051712,335.256874065864,150.149589920684,2.28018802162776,-1,r,20250529,r_57,0.2915249158426101,150.3179004447815,1.6321748895446695,745323762618467976,745323762618467187,4047.272417832677,2808.05017829064,0.011636171,0.011172803,150.3179004447815,1.6321748895446695,6.421373e-07,6.2522605e-07,256538.58941802132,702.1286380155495,236995.07411980265,489.7887379611908,False,256261.12346093732,585.5430855844096,False,267643.341435075,752.8278878135955,False,273727.7050952361,1034.3119304182678,False,274139.01597293856,1400.828202030477,False,0.4187920176315779,21.323806531568568,259276.1430919936,521.4137068814173,0.0,0.0045388007167496,False,499166.96875,1140.570068359375,False,521338.2102050781,1466.4214753887934,False,533991.0313792825,2728.6509865537764,False,False,0.815758313842392,41.53630377023244,False,False
2MASS J10011629+0137555,150.31796681575,1.63212845583,2025052900109,60825.03726984469,60825.0370962328,r,1.54066702636013,49.5900340076845,303.082571119771,23.534334182739258,30.0001344680786,332.130194495458,150.210718685068,2.01578061012416,-1,r,20250529,r_57,0.2894612851522911,150.31790149382803,1.6321753772417225,745323762754258958,745323762754258132,3432.9840833074386,3431.407805639049,0.010321765,0.01089964,150.31790149382803,1.6321753772417225,5.808235e-07,5.989494e-07,258130.1704374828,700.795199590265,238623.6684125541,489.9106398568322,False,257710.4120263357,585.1444025791601,False,269962.21045599546,753.5361186554209,False,274560.7974714897,1031.5560997460373,False,276557.09252076206,1397.8898358544134,False,0.8365425302525721,21.396275182250765,254968.8458158172,513.338740418714,0.0,0.0030613438871279,False,503887.28125,1144.101318359375,False,527842.5625,1473.3485665847124,False,540737.1800191402,2733.218667174797,False,False,1.6356465301677003,41.83498387080857,False,False
2MASS J10011629+0137555,150.31796681575,1.63212845583,2025052900110,60825.037793897034,60825.03762028029,r,1.55707575889517,50.1041670954347,302.948051366129,23.678377151489258,30.0009734630585,329.132397754876,149.955603555761,2.29529635581924,-1,r,20250529,r_57,0.2940178706718294,150.31790032703566,1.6321759225815031,745323762886903804,745323762886902265,2441.7858909377906,1081.608235873069,0.009854343,0.008914759,150.31790032703566,1.6321759225815031,5.342986e-07,5.09384e-07,257514.22263836503,681.1257827644084,243767.55886786035,485.4396550594446,False,257216.1699038116,575.6957148483566,False,265434.9475274432,738.3026351973466,False,267950.78299666004,1012.1739062563978,False,269927.37341786193,1371.9482131887466,False,0.8068055352908273,21.08684851185632,258642.44601379955,500.3854550316817,0.0,4.3056188422374575e-05,False,512618.90625,1147.3326416015625,False,528998.5172119141,1471.4000658585664,False,537951.6963499784,2734.223873792452,False,False,1.6079229047376504,42.02502985892975,False,False
2MASS J10011629+0137555,150.31796681575,1.63212845583,2025052900111,60825.03831789047,60825.03814427287,r,1.56029048086011,50.2033113611115,302.645233684404,23.774396896362305,30.0011215209961,326.038849085911,149.912769912859,2.19457646196323,-1,r,20250529,r_57,0.2936454817072772,150.3178998126864,1.632175013332596,745323763021122060,745323763021120582,1528.2506091400487,2195.878278066107,0.008099719,0.00795076,150.3178998126864,1.632175013332596,4.4750306e-07,4.4431718e-07,257067.32600663745,674.9166814252311,246552.3308215767,484.78303482121976,False,257191.90186736223,572.6973356921206,False,263804.33970744914,733.8459800381091,False,266801.8393422911,1005.6639317379986,False,266905.1446962055,1362.1869274068845,False,0.5874053536464091,21.01616553417274,257000.56302522524,492.2442227560704,0.0,0.0001810342868465,False,517142.90625,1151.5384521484375,False,530438.7188210487,1475.5645107850355,False,536673.5936050415,2738.987119657628,False,False,1.1811122726880146,42.257788226077786,False,False
2MASS J10011629+0137555,150.31796681575,1.63212845583,2025052900112,60825.03910224287,60825.03892862571,r,1.56075034305334,50.2171087457014,302.781455223807,23.66217613220215,30.0010440349579,53.3226437102336,150.257582666633,2.28045977031555,-1,r,20250529,r_57,0.2994726548900747,150.31789911723027,1.6321768364074023,745323763173164847,745323763173163155,504.76741661710207,321.173905656134,0.008381371,0.009751294,150.31789911723027,1.6321768364074023,5.1601194e-07,4.941763e-07,258750.3621283942,683.3708863229383,244906.44725815492,487.0139645738547,False,258205.21651296472,577.3584728660416,False,266092.8016519579,740.2899266139382,False,269127.9683184968,1014.9249119321216,False,271605.89868073026,1374.607329409435,False,0.9894332954952249,21.280394610952538,254880.972908278,495.1495019168345,0.0,0.0006846563721301,False,516258.0,1154.3760986328125,False,532028.5137939453,1480.1428185501777,False,543051.4531610012,2748.4031509898787,False,False,1.978282473003894,42.548226211028194,False,False
2MASS J10011629+0137555,150.31796681575,1.63212845583,2025052900113,60825.03962907732,60825.03945546016,r,1.56049348309418,50.2096079285992,302.364134538548,23.65860366821289,30.0010454654694,50.1552538797604,150.233697978374,2.04164581375708,-1,r,20250529,r_57,0.2931502339609464,150.31789994333027,1.632174960166554,745323763307383122,745323763307382010,3863.195337409202,2852.1099475907017,0.0096992515,0.008448301,150.31789994333027,1.632174960166554,4.993135e-07,5.1157707e-07,255749.677892788,679.5687218643028,244489.5381654896,486.3108021484183,False,255565.86889232468,575.7672297529856,False,262399.37019581656,738.801998449421,False,263979.3054907119,1014.0417473217486,False,263854.3740586417,1373.5117719870827,False,0.116679007421009,21.048164409356417,252709.5069033398,487.0359007497029,0.0,0.0008909134898319,False,515441.25,1161.243408203125,False,529223.4833984375,1490.0621402762924,False,532158.0263131857,2770.184562246915,False,False,0.2353255295572467,42.45125618841981,False,False
2MASS J10011629+0137555,150.31796681575,1.63212845583,2025052900114,60825.04015647087,60825.03998285985,r,1.57023843724139,50.50624166253,302.259442421024,23.784942626953125,29.9999845027924,47.1911384634705,150.151530925688,2.18535438866871,-1,r,20250529,r_57,0.292767613530074,150.31790034646474,1.6321753500320753,745323763441599462,0,1151.2724161631693,1835.9238594779283,0.007332159,0.00802478,150.31790034646474,1.6321753500320753,4.2859205e-07,4.2555172e-07,256556.60713483195,670.4271084989063,246515.7319486821,483.1604138098525,False,256461.654248231,570.4567782574076,False,261720.97902006097,729.8876977607202,False,264375.6682530922,1001.053619358207,False,265924.2921048849,1356.0432618791865,False,0.8410114961435383,20.505211774880408,256233.86372250272,488.3831865664684,0.0,0.0001193152113565,False,522350.34375,1161.8824462890625,False,533062.3159179688,1486.6046580795542,False,541623.447761178,2761.9320559200137,False,False,1.7129369511243773,41.76415554470444,False,False
2MASS J10011629+0137555,150.31796681575,1.63212845583,2025052900115,60825.04068076155,60825.040507144404,r,1.57411547634111,50.6233261547591,302.280298275707,23.755403518676758,30.001042842865,44.3290519958471,150.266178826395,2.27725219976519,-1,r,20250529,r_57,0.2925108905076901,150.31790032351006,1.6321751936398106,745323763555370573,0,1700.355631502328,3002.705348396056,0.008054436,0.007189874,150.31790032351006,1.6321751936398106,4.2483407e-07,4.2359866e-07,256750.6409101473,669.2434028455286,248106.4226611532,483.6267378833957,False,257212.1673391776,570.7243558863717,False,262495.5901418061,730.5372931218559,False,265990.8975055417,1002.7875660278957,False,267486.1789525435,1358.3518232105805,False,1.0832997285742016,20.69141040666746,257433.1845486427,484.8948228057303,0.0,0.0007176345151835,False,523010.03125,1160.4993896484375,False,533753.2365722656,1485.459791647872,False,543900.9991639853,2762.045189600368,False,False,2.202759810143752,42.073496426502,False,False
2MASS J10011629+0137555,150.31796681575,1.63212845583,2025052900116,60825.041203718705,60825.04103010195,r,1.57759460356286,50.7273753585612,301.82515199308,23.787290573120117,30.0009751319885,41.1235868993038,150.13882599757,2.08986064314639,-1,r,20250529,r_57,0.2835272037104546,150.31790200692512,1.632173243957463,745323763710035139,0,2625.476650436321,2307.446617521989,0.0076467,0.0075531113,150.31790200692512,1.632173243957463,4.2274547e-07,4.2199792e-07,257156.87144959328,669.3782511593054,247851.69760181,484.1392587949981,False,256760.97509821603,571.2847101635382,False,261084.96678275013,731.5038263782951,False,263320.01378127566,1005.5374148115748,False,264382.0584580466,1360.3130111598932,False,0.8531347493183176,20.34381360794101,256200.2439221448,482.13732205554913,0.0,0.0001067353675129,False,522944.34375,1163.533935546875,False,531751.0052490234,1489.851751379602,False,538466.182435751,2770.545619884349,False,False,1.737577104316302,41.434187000215005,False,False
2MASS J10011629+0137555,150.31796681575,1.63212845583,2025052900117,60825.04172892816,60825.0415553106,r,1.58531436324397,50.9561195343646,301.8680394768,23.794870376586914,30.0011143684387,38.268693089593,150.182764790636,2.2696639914692,-1,r,20250529,r_57,0.2925945675592816,150.31790036833723,1.63217529763943,745323763823806167,0,1448.353862910018,3141.1515997522733,0.006833974,0.0082749,150.31790036833723,1.63217529763943,4.123582e-07,4.307576e-07,258359.1076446257,671.6122504646203,248118.41312304416,485.0233601385839,False,256986.5066330373,572.2678161886953,False,260676.701624658,732.1305234823719,False,262010.57854635012,1004.5572129005556,False,262876.45474694,1360.9559449635406,False,0.9007378770014384,20.72789301264644,257668.55618128352,486.8369946439298,0.0,0.0002327249301947,False,522245.5625,1162.957275390625,False,529744.7420654297,1487.8287660661051,False,534215.0596776605,2765.721875157127,False,False,1.8304710445805104,42.12302928918732,False,False
2MASS J10011629+0137555,150.31796681575,1.63212845583,2025052900118,60825.04225404642,60825.04208042966,r,1.58656974532934,50.9928586426566,301.466062010779,23.774978637695312,30.0009765625,35.1060085989658,150.133836334041,2.06472118083041,-1,r,20250529,r_57,0.2924107289931703,150.31790012097002,1.6321748557057734,745323763978470352,0,3265.081851905888,1914.855852603672,0.0070349188,0.008351192,150.31790012097002,1.6321748557057734,4.1654684e-07,4.4124354e-07,256640.54243492644,671.1948098056633,247958.5646617644,485.6648888702313,False,256760.3797157487,573.0102613862921,False,261828.99573394583,733.3220350905762,False,264189.0331578563,1006.7967898305676,False,263810.01095587766,1364.1626345587342,False,0.1137481020619823,20.97764768651893,255632.89334227453,481.3796151243751,0.0,0.0002976357282101,False,522107.0,1165.182373046875,False,532413.7299804688,1491.1668544769311,False,536442.0069117546,2773.9437892639594,False,False,0.2313000175066836,42.65680208445942,False,False
2MASS J10011629+0137555,150.31796681575,1.63212845583,2025052900119,60825.042781189695,60825.04260757832,r,1.59815969323804,51.3307495466716,301.408559514098,23.755027770996094,30.0000457763672,32.1691134448875,150.043916984092,2.25983823969573,-1,r,20250529,r_57,0.2929304920975222,150.31790018779117,1.6321752032923589,745323764092241782,0,265.8403361074685,3689.214542358028,0.0067277136,0.008463385,150.31790018779117,1.6321752032923589,4.0359e-07,4.449435e-07,257261.5435395856,675.5624328405793,248114.809557792,486.79800081482347,False,257435.1636016129,574.8575119988495,False,262576.3972899273,736.4274492154584,False,265374.23132287216,1010.8311102476032,False,267477.5077595894,1369.3585288613417,False,0.8016150099358971,21.23155871647909,257438.5119859159,490.7530690539887,0.0,0.0002815178282309,False,521372.71875,1164.2349853515625,False,531785.0452880859,1491.4558523705327,False,541711.0602687597,2773.304816434428,False,False,1.6234775050694294,42.99939191073899,False,False
2MASS J10011629+0137555,150.31796681575,1.63212845583,2025052900120,60825.04355816226,60825.0433845455,r,1.59848156269795,51.3392057155572,301.03730087196,23.632844924926758,30.0009763240814,119.08304029166399,150.1223864101,2.05133102249624,-1,r,20250529,r_57,0.2928089891824425,150.31789933643267,1.632173906386103,745323764274169384,745323764274167957,1377.1454981329807,375.2206764030478,0.010677718,0.0069330246,150.31789933643267,1.632173906386103,4.434482e-07,5.5129345e-07,256566.0583772379,675.6607927164504,244189.25916283,484.6263177944809,False,256141.25115871505,574.3978491289982,False,260793.232903979,736.1928851859079,False,262759.19038175966,1010.8907148261064,False,262728.7415080985,1369.9135809029308,False,-0.2096879188673038,20.721502957702945,256049.17392019287,495.7337485942233,0.0,0.0001463770391364,False,520020.71875,1166.148681640625,False,529465.2220458984,1494.6267013265751,False,533394.7123990059,2781.2132631659083,False,False,-0.4257106646793114,42.0690178286353,False,False
2MASS J10011629+0137555,150.31796681575,1.63212845583,2025052900121,60825.04408396741,60825.04391035589,r,1.6045341019216,51.5127967405517,301.137340182139,23.673038482666016,30.0000705718994,116.271402083767,150.236145833008,2.22622069347588,-1,r,20250529,r_57,0.2898603470006341,150.31789939477744,1.6321725131702,745323764384270752,745323764384269976,1595.2956681083945,3932.571958223569,0.009325913,0.0071235388,150.31789939477744,1.6321725131702,4.2273692e-07,4.9651567e-07,258817.83419069904,675.427965122921,246310.36162724503,485.18695808737885,False,258000.53062395623,574.9075660995753,False,262323.4492608794,737.857545990701,False,264560.2029317914,1013.5221866576884,False,268185.36992079247,1373.9147541321884,False,0.6882409760707549,20.91675931480675,256960.506630787,493.1142602268496,0.0,0.0003906490701899,False,524904.3125,1169.6544189453125,False,533699.3278808594,1501.1775633349162,False,545625.4561972618,2795.2414582530296,False,False,1.4002322224108024,42.55532785655109,False,False
2MASS J10011629+0137555,150.31796681575,1.63212845583,2025052900122,60825.044929514916,60825.044755897885,r,1.61408120637207,51.783279325951,300.86416863427,23.696678161621094,30.0010228157043,19.3055481600751,150.196647167168,2.24914226435896,-1,r,20250529,r_57,0.2896103599954147,150.3179009436933,1.6321746744836516,745323764498565171,745323764498563456,450.252242821581,825.1226212816321,0.0074789193,0.009441674,150.3179009436933,1.6321746744836516,4.2887442e-07,5.1382716e-07,258160.119387924,680.149886392427,246936.7839638292,487.969478205372,False,257251.8656555979,577.6966950464661,False,262341.2592987073,741.5815904653051,False,263841.29606876115,1018.1142989786124,False,264264.92308400985,1380.7533036134437,False,0.3071519100179274,20.925240421003743,255111.5006234086,488.6932874792858,0.0,0.0030351009741942,False,519283.34375,1166.126708984375,False,529556.689453125,1496.941400128917,False,533439.7577455044,2787.160320750217,False,False,0.6200105506206179,42.23926146035719,False,False
2MASS J10011629+0137555,150.31796681575,1.63212845583,2025052900123,60825.04545278364,60825.04527916647,r,1.61628633804661,51.8450447037365,300.674398855238,23.765687942504883,30.0010471343994,16.2901229823609,150.239658542681,2.17973314046011,-1,r,20250529,r_57,0.2895504373028624,150.3179013112072,1.6321751648190563,745323764632781546,0,2058.77137514282,1507.512050485289,0.0057459804,0.0102983145,150.3179013112072,1.6321751648190563,3.4591002e-07,5.564993e-07,256881.9074531653,671.6462617494994,248434.8098047064,484.97183024676775,False,256816.654796568,572.3764712827432,False,261941.3299899287,734.360777204712,False,264745.8822216311,1007.2383562419124,False,266308.4406286696,1365.8180916669571,False,1.366655471395516,21.020704318359808,256866.2575317204,481.7299862854403,0.0,3.0930297351905445e-05,False,521961.46875,1163.314208984375,False,532377.0042724609,1492.5357164463985,False,541252.8440617323,2775.927510373187,False,False,2.777629424734489,42.72307693152453,False,False
2MASS J10011629+0137555,150.31796681575,1.63212845583,2025052900124,60825.04597517384,60825.04580155717,r,1.62094141580533,51.9752357435663,300.537294928032,23.73365020751953,30.0009598731995,13.305781152669,150.259097797875,2.186497876116,-1,r,20250529,r_57,0.2934115657835074,150.31790024009698,1.632175509542463,745323764766999008,0,2848.714702264884,1097.245165897715,0.0060363444,0.010509381,150.31790024009698,1.632175509542463,3.52976e-07,5.7351895e-07,258351.34117688896,675.6926894419664,248056.30996598172,486.6524841275977,False,257971.6932635425,575.3431232554,False,262428.9334854708,737.316025049032,False,264793.1790881851,1012.66864589567,False,264905.6147755795,1371.7313431004727,False,-0.0906601402175052,21.10212982996379,258602.47101270303,489.4985730395136,0.0,0.0005584348019379,False,521691.15625,1163.5052490234375,False,530704.9467773438,1491.0599095712637,False,535713.4913566113,2774.025713415686,False,False,-0.1833402447280892,42.67442823304221,False,False
2MASS J10011629+0137555,150.31796681575,1.63212845583,2025052900125,60825.04649620871,60825.04632259129,r,1.62377833511633,52.053930491481,300.180568027139,23.77208709716797,30.001091003418,10.1814867311244,150.201442142372,2.02906127471684,-1,r,20250529,r_57,0.2933588462981999,150.31790013968978,1.6321753418234224,745323764901218173,0,2841.1480275879185,3892.003508241552,0.006613348,0.0082859555,150.31790013968978,1.6321753418234224,3.708181e-07,4.579718e-07,257762.639921106,672.1244364444274,248685.8928147491,486.8032635927237,False,257343.1144962636,574.54066894499,False,261760.82072342405,734.3179988802058,False,263498.0625699288,1009.2797489424078,False,264610.81106455816,1368.3306776270776,False,0.7961906032902865,20.93373262018937,254288.82747411035,481.93701858105663,0.0,1.0616130704188542e-05,False,522085.0,1165.5997314453125,False,531047.4241943359,1489.7480866966755,False,536829.343831718,2776.0016941867902,False,False,1.6152721705124329,42.46932278100743,False,False
2MASS J10011629+0137555,150.31796681575,1.63212845583,2025052900126,60825.047022808765,60825.04684919206,r,1.63709531862817,52.4176975632488,299.971329000304,23.76934814453125,30.0009658336639,7.14196700937152,150.00851914988,2.14656958780037,-1,r,20250529,r_57,0.2903836163771017,150.31790029221324,1.6321741130975267,745323765031764931,0,3748.505877590775,2053.39238675296,0.0058459546,0.010021218,150.31790029221324,1.6321741130975267,3.297307e-07,5.5389745e-07,257171.47615861864,678.7674049455502,247310.5464719925,488.6968755140442,False,256668.72091709613,577.910803543627,False,261960.77173050915,742.1114355163917,False,263385.89422173816,1020.0632610218898,False,266013.70109897933,1381.561181617019,False,1.0786788610148426,20.892609507824915,257345.3929065342,492.42188582089193,0.0,0.0008295864126967,False,517272.25,1164.68115234375,False,527937.4803466797,1495.599661028758,False,536105.4717015624,2784.3021088593164,False,False,2.1738941912006844,42.105508960613456,False,False
2MASS J10011629+0137555,150.31796681575,1.63212845583,2025121400911,61024.24593270644,61024.24575909767,i,1.79169152408473,56.1532756232224,64.297167233983,23.350419998168945,29.9995963573456,184.993034828952,149.886957609876,1.91822687632212,-1,i,20251214,i_39,0.2913917170869071,150.31790088608227,1.632175449827887,746199081680372595,0,1700.7096502360812,1979.37781577874,0.00672411,0.0061748256,150.31790088608227,1.632175449827887,3.7368687e-07,3.435456e-07,512894.0346306856,1033.1120339077302,492246.6872535188,749.7587523310036,False,512831.8388484932,881.3778259871888,False,525192.8904122517,1122.4072209134254,False,529542.8593874387,1534.4902700390976,False,531348.4795324309,2073.9088107930006,False,1.359609724126823,31.5303803602056,508360.2518177568,763.1895297409318,0.0,0.0013906514230228,False,844433.3125,1451.2843017578125,False,864787.1262207031,1848.1653745563424,False,874922.9721596241,3414.9160684975573,False,False,2.238745054576866,51.91819523479181,False,False
2MASS J10011629+0137555,150.31796681575,1.63212845583,2025121400912,61024.24643140827,61024.24625779169,i,1.81934503892273,56.7384015446131,64.2174110312198,23.329166412353516,30.0009453296661,182.018257052355,150.481065348973,2.33835077490356,-1,i,20251214,i_39,0.2878861126166993,150.31790300133176,1.6321766840689471,746199081831891829,0,3774.9153328422376,1854.623683428548,0.0070265536,0.006313738,150.31790300133176,1.6321766840689471,3.906214e-07,3.509442e-07,513924.5387208198,1039.3336938191062,490993.78750390327,752.6750238356777,False,513044.76736859896,885.4747292094735,False,524892.9897154404,1128.329275185773,False,530477.2745879423,1539.9004538234924,False,532116.5999194824,2080.5971737557784,False,1.0492793418639763,32.09011637799456,509198.25867806433,768.6057713257476,0.0,0.004136783013564,False,843275.5,1455.4268798828125,False,862750.0493164062,1854.5992361974857,False,874623.2695382237,3419.811941551198,False,False,1.7246673544460989,52.745511999871184,False,False
2MASS J10011629+0137555,150.31796681575,1.63212845583,2025121400913,61024.24693225894,61024.24675864125,i,1.79951167312054,56.3204011698987,63.95543025536669,23.334075927734375,30.0011355876923,178.979658254006,150.198982369219,2.24497949366714,-1,i,20251214,i_39,0.2848393605778702,150.31790455376168,1.63217731161409,746199081966633013,0,3985.1458538076968,114.67331761903066,0.006986769,0.0060596317,150.31790455376168,1.63217731161409,3.8848736e-07,3.368278e-07,512659.5221792057,1033.992477875546,492188.4877083569,750.0372867149558,False,513266.4818131225,881.6716947780448,False,526029.7485412433,1122.8800079896027,False,532301.5976645942,1532.896490237343,False,536920.1469444251,2070.826338392816,False,2.443280668131385,31.34482228703089,509314.2414601946,761.7112444671831,0.0,3.990967069666951e-05,False,844594.5625,1450.8157958984375,False,865596.8801269531,1847.73092086164,False,883517.339772582,3407.603510577886,False,False,4.020487680542665,51.578794649976814,False,False
2MASS J10011629+0137555,150.31796681575,1.63212845583,2025121400914,61024.247434636214,61024.2472610195,i,1.78750045271531,56.0618630480217,64.1655959679332,23.293533325195312,30.0009689331055,176.076324061365,150.289683656127,1.9464787893776299,-1,i,20251214,i_39,0.2928014274217927,150.31790095643674,1.6321762182132626,746199082078832932,746199082078832027,2169.553877062309,3214.7506619320134,0.0074039907,0.00607149,150.31790095643674,1.6321762182132626,4.1140623e-07,3.3791298e-07,512753.7679929864,1033.8012912344732,491364.9785953537,749.9016225734334,False,513156.6825189793,881.7013766758122,False,525791.1769119554,1124.315528386382,False,532603.3776511241,1532.6529808479715,False,532868.958162526,2071.0098273947383,False,0.8745125601568295,31.87408059772864,511325.2124022716,768.079054227433,0.0,0.0009830914170635,False,842993.8125,1448.4246826171875,False,863749.2678222656,1846.981762129413,False,875376.3712074757,3402.174286322163,False,False,1.4366151748174405,52.36149822918414,False,False
2MASS J10011629+0137555,150.31796681575,1.63212845583,2025121401027,61024.32032953768,61024.32015591993,i,1.26955382945762,38.072854608313,36.7090984352117,23.545530319213867,30.0011477470398,146.186704562477,149.886785952437,1.9182846280557102,-1,i,20251214,i_39,0.2832068272315738,150.3179048825638,1.6321769958653034,746199097266407857,746199097266406353,1395.2065246104082,1966.251571444256,0.006560131,0.0060769636,150.3179048825638,1.6321769958653034,3.5655444e-07,3.46399e-07,511725.9514313389,910.5393171829244,487861.9533699199,687.4550234615443,False,511344.6022691978,789.3487581269934,False,525617.6802570587,976.3913554133486,False,531951.8621668657,1298.946037150409,False,535611.2477295141,1730.4360911632066,False,2.3369085446574527,26.53629657713089,507588.52381626685,742.5704775586331,0.0,0.0027124460012027,False,857717.5625,1324.0352783203125,False,881658.8920980692,1637.776187906884,False,898421.8701272011,2902.5933188459894,False,False,3.919876130136191,44.51136770958117,False,False
2MASS J10011629+0137555,150.31796681575,1.63212845583,2025121401028,61024.32082858987,61024.32065497309,i,1.27961719944864,38.6459881147232,36.9304609373339,23.63974952697754,30.0009806156158,143.372508343741,150.481200757926,2.33840841782923,-1,i,20251214,i_39,0.2980153241230505,150.31789823234485,1.6321748562358678,746199097395907185,746199097395905536,604.185423859438,1824.6357729742529,0.0058865845,0.005232224,150.31789823234485,1.6321748562358678,3.1478976e-07,3.0416362e-07,512224.9415523783,900.7567780779932,493856.5296762078,686.698802161227,False,511774.4624926523,784.951089618264,False,522887.2432145692,968.8393483820082,False,528088.5659298132,1287.9776981760167,False,530401.3452565004,1716.9536562800895,False,2.432830628529657,26.58124518739601,513326.5457106064,739.0414997333389,0.0,0.0007084617007506,False,866012.9375,1328.276123046875,False,884817.7286376953,1639.4475917600812,False,897532.9187437296,2905.389362697701,False,False,4.116779858047701,44.9801698096162,False,False
2MASS J10011629+0137555,150.31796681575,1.63212845583,2025121401029,61024.32132824816,61024.321154627716,i,1.27399626390967,38.3278018445659,36.3714187814132,23.552595138549805,30.0016124248505,140.250257884098,150.198991734145,2.24493463507864,-1,i,20251214,i_39,0.275187626365492,150.3179020059749,1.6321690307997156,746199097533794966,746199097533793941,878.8057826678953,3229.812141471024,0.006448013,0.0059036054,150.3179020059749,1.6321690307997156,3.4640283e-07,3.4079557e-07,512555.5387943593,908.648025104749,489432.19743411633,686.2211625711398,False,512495.0550160382,787.552085497705,False,526327.6925316178,973.7295315048544,False,533644.6347829193,1297.3183585107208,False,539180.8702266488,1727.63832050563,False,3.249851086398493,25.724396309917623,507637.78091262415,737.2927632314753,0.0,0.0001424722829643,False,861088.0625,1323.235595703125,False,884329.4946289062,1636.0487139847792,False,905925.2500807048,2902.757245254575,False,False,5.460360930336829,43.22182304138703,False,False
2MASS J10011629+0137555,150.31796681575,1.63212845583,2025121401030,61024.32183017879,61024.32165656213,i,1.26872536673407,38.0249344554605,36.4929729795476,23.622411727905273,30.0009586811066,137.398056802388,150.289821462117,1.94643726534796,-1,i,20251214,i_39,0.2868121278097398,150.31790121540496,1.632173704039374,746199097647565862,746199097647564089,2836.998781718316,2151.4738352666195,0.0057875817,0.0055235154,150.31790121540496,1.632173704039374,3.151448e-07,3.1389726e-07,510571.0118262637,900.2787961979874,491612.8576920045,684.8446134220885,False,510515.5131391347,784.1186471474964,False,521603.8356178468,968.1930344420036,False,527619.2658561717,1288.5488023724456,False,533951.2010197488,1719.4945809676756,False,3.918753450592445,26.192258671431187,508998.79693939135,732.3540103333806,0.0,0.0005260372609269,False,862374.875,1324.5517578125,False,881105.5314941406,1635.4945649325246,False,901962.9930619,2904.61090047433,False,False,6.61965098049715,44.24458261582186,False,False
2MASS J10011629+0137555,150.31796681575,1.63212845583,2025121401031,61024.32232530941,61024.32215169159,i,1.2661694649799,37.8764914556566,35.5683519411391,23.629199981689453,30.0011596679688,134.134393796563,149.902170256204,2.10736750200885,-1,i,20251214,i_39,0.2969900484789197,150.31789772123005,1.632173573611252,746199097804327206,746199097804325162,1134.4271216460695,498.3510741716718,0.005842851,0.005227928,150.31789772123005,1.632173573611252,3.0763394e-07,3.0869157e-07,510478.1938023455,899.3155819891202,492175.7643544384,683.9420803625663,False,510460.8020331013,782.7768474606645,False,522809.1689183047,969.0975653169436,False,528854.0536978781,1289.8999456248696,False,531799.8307599684,1718.8566102283612,False,3.285525139313554,25.857323365817056,509354.5188572587,729.4263786441177,0.0,0.0001452799172814,False,865918.125,1327.8603515625,False,886865.2274169922,1643.924750654795,False,902116.5004107952,2915.775485883992,False,False,5.5733873334514525,43.86296631841101,False,False
2MASS J10011629+0137555,150.31796681575,1.63212845583,2025121401033,61024.32648185053,61024.326308232725,i,1.25173814385427,37.0159656610912,33.9363498159075,23.66748046875,30.0011563301086,128.335318955327,150.113634490479,1.84805110868247,-1,i,20251214,i_39,0.293004486354083,150.31790014178895,1.6321751735288414,746199098050741888,0,1289.7195434043513,2959.010984618253,0.00578808,0.0054602944,150.31790014178895,1.6321751735288414,3.1067364e-07,3.1493383e-07,511362.61266346247,890.8410616503893,492916.1730954842,681.3222896176558,False,510723.0610852573,777.1794385130149,False,521854.4901999338,955.8282625527306,False,526403.870041499,1268.8312895014174,False,527781.5784382863,1687.451359914748,False,2.196264874031828,25.36200139974258,511954.6433244804,734.3739303923875,0.0,7.179957199454634e-06,False,862994.25,1313.2388916015625,False,881803.5814208984,1615.1107271672558,False,891818.8782787919,2851.370795097125,False,False,3.7111383882664346,42.855439756255805,False,False
2MASS J10011629+0137555,150.31796681575,1.63212845583,2025121600089,61026.21365835063,61026.2134847336,i,2.26835230176906,63.9500710856979,70.819046510409,23.51161003112793,30.0010223388672,115.131287556507,149.842596414258,2.10164008462575,-1,i,20251216,i_39,0.2854120769336087,150.31790322520672,1.6321758374857356,746207767463725431,746207767463723378,2388.9569163398965,632.9694116249536,0.0052747265,0.0053567444,150.31790322520672,1.6321758374857356,2.97025e-07,2.9404137e-07,512933.4659267865,1015.5510188067004,497486.1108744252,753.1140654091248,False,512289.6691449805,876.5747351563721,False,520654.1235821638,1103.5223659572464,False,525273.6982656007,1501.4637474076706,False,527046.8830089554,2026.5885929254284,False,2.827232168082255,30.9273754761912,512101.659243689,763.9023559505011,0.0,1.475609133472222e-05,False,820197.5,1403.433349609375,False,833589.3465107679,1766.786137348534,False,843824.4256383777,3244.6543382773984,False,False,4.526518678486934,49.51604058202172,False,False
2MASS J10011629+0137555,150.31796681575,1.63212845583,2025121600090,61026.21416293153,61026.21398931974,i,2.25330853305475,63.761206268573005,70.5793562492139,23.40159034729004,30.0001175403595,112.104294946938,149.745687826121,2.16779486667944,-1,i,20251216,i_39,0.2929439131239094,150.31790012486587,1.6321751200521697,746207767597943316,746207767597942032,1344.4993045379522,2475.242151872998,0.0056462977,0.0060962914,150.31790012486587,1.6321751200521697,3.355423e-07,3.1748786e-07,513631.8510555655,1024.532558574424,492017.0749611582,750.3987623401099,False,511612.99596759526,876.2945772425655,False,522217.1159788488,1109.2096784106454,False,526280.1121366463,1505.5483601203248,False,528939.1292740896,2029.5441925764565,False,2.509044112225197,30.763135239956515,507486.22761624976,768.5301604006776,0.0,0.0004426570505975,False,811538.8125,1390.009765625,False,828359.4465131462,1759.4680204095073,False,839022.1441580951,3219.3355073882653,False,False,3.979935410933779,48.79758418606021,False,False
2MASS J10011629+0137555,150.31796681575,1.63212845583,2025121600091,61026.21466564077,61026.214492023566,i,2.25760384708044,63.8153155141525,70.8873200286257,23.54286003112793,30.0010530948639,109.202579208912,150.131719646824,1.9740345472137,-1,i,20251216,i_39,0.2869850022407432,150.31790179755214,1.632174618931135,746207767710141489,746207767710140198,1700.962774154705,2984.740750839028,0.005444778,0.005396975,150.31790179755214,1.632174618931135,3.0045717e-07,3.0243223e-07,510918.07026468485,1010.9513452671893,495805.5652770356,747.0769383083411,False,510091.43438190216,869.0407568707806,False,518256.06591713097,1096.143029336679,False,524901.9623133219,1490.1305550259676,False,530005.3968071992,2007.084582278145,False,4.896951691839112,30.709473173816143,505043.3120563568,751.2641891895275,0.0,0.0005902091548269,False,814094.875,1386.97021484375,False,827125.449993182,1749.4205201294512,False,845877.1274720915,3203.263497463124,False,False,7.815428777547499,49.011653675478215,False,False
2MASS J10011629+0137555,150.31796681575,1.63212845583,2025121800192,61028.31830778888,61028.31813417194,r,1.24610236843442,36.6699926071308,32.3408791538409,24.561962127685547,30.0010077953339,100.824456259485,150.096908868453,1.99574801441699,-1,r,20251218,r_57,0.2898097385246611,150.31790142387038,1.63217544579308,746216577359153718,0,650.5913857597923,2897.28273605704,0.005272243,0.0040947963,150.31790142387038,1.63217544579308,2.3030344e-07,2.9112707e-07,255285.2631717048,543.4495580697785,251841.24659000663,428.8191512223882,False,255077.79699939367,481.8855965522536,False,257230.72340194773,586.6092345718424,False,257762.968386064,772.0002692519206,False,257451.44519916293,1022.9895521580688,False,1.876757305165596,15.851857580956784,254059.73528891773,450.0581977687207,0.0,2.680605507909828e-05,False,527023.1875,995.636962890625,False,531471.407409668,1212.009325224502,False,531927.4467297792,2113.626591180041,False,False,3.877619411675543,32.751954926644366,False,False
2MASS J10011629+0137555,150.31796681575,1.63212845583,2025121800193,61028.31880498472,61028.31863136702,r,1.24466502438485,36.580602022564,32.1148110258284,24.575836181640625,30.0011384487152,97.8409482370131,150.114995868002,1.9786466004755598,-1,r,20251218,r_57,0.2914806565295131,150.3179005143444,1.6321749673386965,746216577493370796,0,649.6906364784174,2239.1023949465743,0.0049405196,0.004394652,150.3179005143444,1.6321749673386965,2.4495122e-07,2.7420526e-07,254677.0123861206,544.0261299920392,251052.3346822117,428.95162867049225,False,254381.41327630784,481.8090160052584,False,256718.437040887,586.0502919711511,False,257663.08985090663,770.6053446614781,False,257826.32301755264,1020.8672727046346,False,2.455414666018936,15.519333610150833,254966.0334899942,454.1223634917731,0.0,0.0002694176610719,False,525745.3125,995.7835693359376,False,530575.3795776367,1211.2252618017262,False,532865.1139238477,2109.8875754972805,False,False,5.074752649090027,32.07473688259606,False,False
2MASS J10011629+0137555,150.31796681575,1.63212845583,2025121800199,61028.32405570737,61028.32388208974,r,1.23695216081632,36.0952620989004,29.153301007128004,24.5322322845459,30.0011277198792,79.7999319167081,150.21844709986,2.31664082587037,-1,r,20251218,r_57,0.2957921697477804,150.31790006244984,1.6321763997093033,746216578292909466,0,2326.8700761832047,1623.517845554401,0.005035847,0.0051629967,150.31790006244984,1.6321763997093033,2.868508e-07,2.8016004e-07,255675.63759287028,541.0713140533942,251521.31711109923,426.5786540175537,False,255477.3940904796,479.63035371296814,False,257251.260210825,582.8367851250581,False,258667.5320604729,766.8178452777074,False,259582.3375410694,1016.1287094274804,False,1.6759370838029626,15.6130475935754,254522.2719393504,446.67223345853967,0.0,5.5831157460550784e-06,False,529640.3125,994.3406982421876,False,533317.7846679688,1208.3020421791389,False,538150.4334823489,2106.5767056117315,False,False,3.474451600525457,32.368027848326975,False,False
2MASS J10011629+0137555,150.31796681575,1.63212845583,2025121800200,61028.32455374476,61028.32438012768,r,1.23472840550185,35.9530191525347,29.172596584303996,24.537145614624023,30.0010318756104,76.9187040730748,150.348595473869,2.18305215224436,-1,r,20251218,r_57,0.2923612776415284,150.31790168476073,1.6321770016623738,746216578426080359,0,1011.0544409291806,3487.9515953152486,0.0050769807,0.005024295,150.31790168476073,1.6321770016623738,2.7952902e-07,2.821266e-07,255562.0296765669,539.970086986671,251051.02444383776,426.2755325659895,False,255135.5023962944,479.5373768770321,False,257254.65610612664,581.4479255980466,False,258464.1214291165,766.987707232908,False,259926.53356987,1017.6782417971614,False,1.668508569283191,15.407493215615927,254115.47179123148,445.0190474349169,0.0,0.0001552943039352,False,528210.875,992.79345703125,False,532598.1908569336,1203.7804016393911,False,538129.8190300465,2106.914598397136,False,False,3.4543384321212085,31.89836536483233,False,False
2MASS J10011629+0137555,150.31796681575,1.63212845583,2025121800201,61028.32505456922,61028.32488095748,r,1.23369385031705,35.8865638073101,28.3614770551841,24.535709381103516,30.0001089572906,73.7086067113519,150.06797225664,2.32032344668136,-1,r,20251218,r_57,0.2942999161387121,150.31789992771107,1.6321754949468188,746216578561346184,0,1617.8146704794956,2891.662060644884,0.005675138,0.004676372,150.31789992771107,1.6321754949468188,2.6477244e-07,3.1144359e-07,255612.3127416013,542.1527482006329,251837.2956759133,427.031157505636,False,255684.40571762915,480.14084860115,False,258363.9745768784,583.9714113698084,False,260264.045536641,768.482303974538,False,261437.1994866826,1017.6437019905349,False,2.238346320584182,15.1933015986814,255701.45507859671,442.82528935239446,0.0,5.15072450435472e-06,False,528846.0,993.1015014648438,False,534388.2984008789,1207.8599168004878,False,540744.8170790076,2104.847965648848,False,False,4.629693762250612,31.42513425761994,False,False
2MASS J10011629+0137555,150.31796681575,1.63212845583,2025121800211,61028.332092312485,61028.33191870086,r,1.2144844199942,34.6105901503699,24.6085639844248,24.583148956298828,30.0000886917114,70.6011577552515,150.115260162514,1.97872313964166,-1,r,20251218,r_57,0.292700676267641,150.31790059459226,1.6321756674783223,746216579904048200,0,3430.557033945074,3407.187999867081,0.004375719,0.0047504012,150.31790059459226,1.6321756674783223,2.6193408e-07,2.4570218e-07,255138.85349247124,539.8299720472908,251258.59071151595,426.7318689339855,False,254938.23854085413,479.191703653365,False,257117.0139694925,582.2015113633995,False,259137.17303421936,765.2556703571792,False,260337.66435470103,1013.674326450326,False,2.87222684147728,14.984709670952949,252807.48846278063,448.3860433876514,0.0,6.506685783502775e-05,False,529848.5625,995.9237060546876,False,534376.8005371094,1210.0132002433625,False,541070.4098861217,2106.760789542331,False,False,5.969466455251963,31.143334652647383,False,False
2MASS J10011629+0137555,150.31796681575,1.63212845583,2025121800217,61028.338188181675,61028.33801456409,r,1.19598343526049,33.3009670305313,23.425213939573,24.40379524230957,30.0011184215546,139.743054932893,151.236404520653,0.9865680994495789,-1,r,20251218,r_57,0.2969719507607833,150.31789885811676,1.6321752582993216,746216580672130841,746216580672129510,1139.328721793031,3528.2564931500488,0.0057264525,0.0055505955,150.31789885811676,1.6321752582993216,3.1400242e-07,3.1251798e-07,254960.76142892177,566.7266266867457,249244.74162267928,442.1571672485731,False,254977.7859506952,499.6538222823581,False,259059.2405332267,610.3811697766067,False,261355.5348441279,805.9812925751376,False,263553.34203916934,1069.1635354138346,False,2.7575581329434846,16.010535112955846,254798.1336988049,470.4893659910449,0.0,0.0002311155131266,False,524589.5,1027.9842529296875,False,532986.655896306,1255.793917374598,False,542232.788664937,2199.689523421586,False,False,5.673380670351736,32.939962116001944,False,False
2MASS J10011629+0137555,150.31796681575,1.63212845583,2025121900221,61029.319179279686,61029.31895936651,u,1.24081177608508,36.3394592663411,30.0818199273421,23.32601547241211,38.000997543335,152.779909102799,150.028062713538,2.30269083733403,-1,u,20251219,u_24,0.3516903343179332,150.3178858093087,1.6321831089166734,746220979320520948,0,1120.4210853138495,2232.9296817241607,0.26036277,0.22563104,150.3178858093087,1.6321831089166734,1.4102986e-05,1.2975658e-05,8417.728538306701,660.964763448532,6645.852988149992,398.9599059549751,False,7587.425690629259,524.1720180597918,False,6663.193011306842,734.9654958506945,False,7461.504867083101,1072.6778567956153,False,8119.085807345973,1497.50153398951,False,0.0650543295640621,23.971577440932283,7413.727374721131,332.11327547604225,0.0,0.0332657614752235,False,2922.546875,201.9021148681641,False,2566.5482215881348,283.09616472212616,False,3127.333277665078,576.8120317638042,False,False,0.0250578174106509,9.23344248700074,False,False
2MASS J10011629+0137555,150.31796681575,1.63212845583,2025121900222,61029.319770905895,61029.319550991975,u,1.23530049361754,35.9896579291269,29.704296248553504,23.37112045288086,38.0011255741119,149.758817961739,149.889717952652,2.08288330186318,-1,u,20251219,u_24,0.3212603089100359,150.31790929824987,1.6321967054869266,746220979455262723,0,344.6054142108862,18.475635461919627,0.30807802,0.2869012,150.31790929824987,1.6321967054869266,1.685234e-05,1.6270673e-05,,,6895.333357601964,418.6459342595927,False,6728.1354228384525,545.1741631827738,False,6921.069700997393,757.3395611063078,False,,,True,,,True,0.7912565766074358,25.11376053814496,7046.052551738016,335.15422930457606,0.0,0.0567309402510908,False,2592.5283203125,210.07000732421875,False,2666.870994567871,291.8229400669252,True,,,False,False,0.3048920621491998,9.676995383249825,False,False
2MASS J10011629+0137555,150.31796681575,1.63212845583,2025121900223,61029.32035890721,61029.320138996794,u,1.23448504120934,35.9374174517451,29.042265594839403,23.379915237426758,38.0005187988281,146.622587334661,149.727010695383,2.20028144214968,-1,u,20251219,u_24,0.2940621978311019,150.31789858044414,1.6321734000951464,746220979589480886,0,1042.4755147599026,3518.404262578936,0.24330905,0.23248023,150.31789858044414,1.6321734000951464,1.335593e-05,1.3119206e-05,6649.037977998592,696.1686235858064,6704.270305304635,421.7720211663437,False,7405.782897990463,553.2258872359877,False,7826.92491499371,779.4423144015778,False,9032.656416711176,1139.5621178580168,False,8777.583204820212,1585.681182604202,False,0.0102437424056169,24.58046492822286,7394.801282456135,339.64193640082124,0.0,0.0486141326626048,False,2794.43603515625,208.74961853027344,False,2953.34623336792,294.10822875733743,False,3312.0596629679203,598.3276444872184,False,False,0.003865287884807,9.27498657501272,False,False
2MASS J10011629+0137555,150.31796681575,1.63212845583,2025121900228,61029.325591831934,61029.32537191796,u,1.22130595848399,35.0728715471401,26.6827433385936,23.52625846862793,38.0011346340179,131.871408743949,150.011039945493,1.9637514718656803,-1,u,20251219,u_24,0.264648619969251,150.31790845548812,1.6321731892448523,746220980258472098,0,1285.8023688781668,1499.8778045892618,0.1610553,0.1629875,150.31790845548812,1.6321731892448523,9.020525e-06,9.009773e-06,7218.707201119568,678.9871727633468,7049.961610832572,414.3671881840661,False,6994.254575170241,540.9194123867895,False,6848.0448575423925,758.6984103309593,False,5652.5486902218245,1102.714834847604,False,5488.385425596651,1535.4466752345083,False,-0.6347646472010439,24.18045703087497,7861.749531961599,311.0290690475401,0.0,0.0039001922189011,False,2735.7705078125,211.57814025878903,False,2678.5812492370605,296.7613936553266,False,2146.756716027856,600.5829049085022,False,False,-0.2482852722260762,9.45807455241004,False,False
2MASS J10011629+0137555,150.31796681575,1.63212845583,2025121900229,61029.326180090706,61029.325960177855,u,1.22012295703824,34.9937959098798,26.209573229047,23.64075469970703,38.000940322876,128.818820077973,149.941682726276,1.9952491407875803,-1,u,20251219,u_24,0.2962587204740028,150.3178974693292,1.63217280999869,746220980392690059,0,1200.730315600554,2782.242969633764,0.16779856,0.18091516,150.3178974693292,1.63217280999869,9.784449e-06,9.630532e-06,7494.070907468077,660.7993860460082,7533.103459403309,405.8205762342333,False,7864.076212276878,529.7190015663682,False,8250.80006890567,745.120044319938,False,7305.27066387768,1083.4931908443782,False,8503.139180076158,1512.5816611784423,False,-0.0129583857805327,23.699849647832128,7233.758742258651,281.268148148234,1.0,0.0837837038861417,False,3098.11669921875,208.6871032714844,False,3250.4697036743164,293.54609364369907,False,3349.880746126175,595.8938312567792,False,False,-0.0051050613317954,9.336748269084191,False,False
2MASS J10011629+0137555,150.31796681575,1.63212845583,2025121900230,61029.32676881294,61029.32654890184,u,1.22161525977493,35.0937065284863,26.3327829894008,23.43614959716797,38.0006384849548,125.99653701665599,150.257857062782,2.06103413767706,-1,u,20251219,u_24,0.3136873255705568,150.3179062764175,1.632191149808238,746220980505936246,0,673.7588199511647,3077.711655778011,0.22972637,0.2175264,150.3179062764175,1.632191149808238,1.23427135e-05,1.25527895e-05,6684.582166672571,678.0907291353063,7128.932925972953,412.15384668595095,False,7028.096807775906,537.9116205300523,False,7592.993840054027,757.4420749859926,False,7461.807067537953,1102.964098684537,False,8794.218117953815,1535.1499076635364,False,0.1353948995159293,24.205169250005184,7314.8120021114655,317.872385753279,0.0,0.0792898286987991,False,2744.31591796875,210.0425567626953,False,2964.895679473877,295.7643299710248,False,3433.947116449476,599.4419888195187,False,False,0.0528687051581649,9.451581713618731,False,False
2MASS J10011629+0137555,150.31796681575,1.63212845583,2025121900231,61029.3273563534,61029.32713644013,u,1.2177595502945,34.8337508583263,25.5234723792361,23.364604949951172,38.0010132789612,123.050684441507,149.941733550685,1.99533909766097,-1,u,20251219,u_24,0.323599922705294,150.31789424732517,1.6321815416514784,746220980661125416,0,269.3789319355275,2663.0075500857806,0.21276455,0.2251532,150.31789424732517,1.6321815416514784,1.2325021e-05,1.204789e-05,8212.591212435544,714.3990398168828,7682.479972986964,427.4055406245198,False,8567.806615265226,559.8527244566768,False,8839.350691782354,786.8625405721804,False,10191.855487703437,1145.7665041913078,False,13084.604909687416,1599.8617579483323,False,1.168961773594836,25.97354135614825,7648.252651660109,340.3193434291469,1.0,0.1873350697366705,False,3230.636474609375,211.10194396972656,False,3333.026763916016,296.699836752512,False,4933.771707892418,603.254949796805,False,False,0.4407768187100518,9.793763310488774,False,False
2MASS J10011629+0137555,150.31796681575,1.63212845583,2025121900232,61029.32794656708,61029.32772665306,u,1.21922382526875,34.9328849305152,25.6479050009207,23.33860969543457,38.0011432170868,120.24385567315498,150.257896970559,2.06108096180408,-1,u,20251219,u_24,0.2663870862436511,150.31790772824397,1.6321730312504616,746220980774371611,0,160.5361070402768,2496.826067899181,0.23363803,0.20401812,150.31790772824397,1.6321730312504616,1.1791649e-05,1.260488e-05,7852.602267345907,676.5749618644866,6856.435153658696,408.2234459651997,False,7589.728797365891,534.2385743607376,False,8033.850206644432,751.1407983395029,False,8188.629234759228,1094.878018460841,False,7500.701919534048,1532.6130065953023,False,-0.6062309949797263,24.447297024361,7421.354513461962,334.41464725099013,0.0,0.0030101783269399,False,2945.67529296875,207.3451385498047,False,3118.0447540283203,291.5277937174003,False,2911.122770547867,594.8276134421529,False,False,-0.2352863602140055,9.48832306755439,False,False
2MASS J10011629+0137555,150.31796681575,1.63212845583,2025121900234,61029.33108400384,61029.330910386285,g,1.21160778035434,34.41244944438,23.146768577244,24.38868522644043,30.0011134147644,141.663556441361,149.889729958947,2.08283512372702,-1,g,20251219,g_6,0.2988701633806406,150.31790222245013,1.632180641327191,746220981065353487,746220981065351363,3024.713963915122,287.44787745881854,0.013427063,0.013091056,150.31790222245013,1.632180641327191,7.395022e-07,7.3517276e-07,78537.26908136568,363.7641365948716,74665.88308377148,258.8304775196172,False,78065.29493552507,307.3024720679134,False,79807.27300955993,395.7040802466379,False,80163.82848487534,543.828612635655,False,80428.28957913053,738.3434047324162,False,0.3265750384305356,11.664626782439443,78189.44776363112,260.0316610962265,0.0,0.0039149006628993,False,166551.484375,655.6265869140625,False,170267.97624528408,844.230486706716,False,171592.90855443478,1575.247876002253,False,False,0.6967444042240655,24.886358360654576,False,False
2MASS J10011629+0137555,150.31796681575,1.63212845583,2025121900235,61029.33298421602,61029.332810604836,i,1.20729358403875,34.1116652597479,22.2732700660564,23.367034912109375,30.0000126361847,87.9534962048551,150.011072002375,1.96374686099567,-1,i,20251219,i_39,0.2888857900573833,150.3179007683427,1.632174070607085,746220981177027173,746220981177026073,144.49299773112995,3062.312759662564,0.006790725,0.0075885267,150.3179007683427,1.632174070607085,4.217808e-07,3.7760014e-07,511644.35568409145,937.5796276319376,479420.20345371496,695.8853459123723,False,510444.95248341234,803.9249052575343,False,530512.6250961457,998.840141722656,False,540749.1870210137,1330.2540951140388,False,542957.908143727,1771.6961129275223,False,1.9592387355986065,26.74606209470792,501455.5931140556,753.1886462286229,0.0,0.0010660890132951,False,816958.125,1286.6676025390625,False,849076.0803467035,1598.6259936285544,False,868994.5359101892,2835.5683163192653,False,False,3.135726969332746,42.80659968076815,False,False
2MASS J10011629+0137555,150.31796681575,1.63212845583,2025121900236,61029.333473788865,61029.33330017116,i,1.21114869356532,34.3806431217746,21.8112806212661,23.591663360595703,30.0011398792267,85.3515183852278,150.028253964251,2.30263820101312,-1,i,20251219,i_39,0.2878896633664409,150.31790107014035,1.632174020273861,746220981307050860,746220981307049185,2338.236254844709,1985.4322876445144,0.00547174,0.006085326,150.31790107014035,1.632174020273861,3.3801598e-07,3.042935e-07,512692.4118095095,903.6785110584516,492826.7521749471,689.2244499466892,False,511864.1715366312,787.1796461394973,False,523688.1031686915,970.9020141478288,False,529150.6358072156,1288.7686619431245,False,533486.4300759069,1716.9187288927496,False,2.768118618945602,25.64370201082724,510458.31087005633,736.817814556579,0.0,0.0001801514693783,False,846686.75,1302.0926513671875,False,866244.9976806641,1605.9922077754757,False,882452.6442123652,2839.9962713082778,False,False,4.578811113217001,42.4178598950092,False,False
2MASS J10011629+0137555,150.31796681575,1.63212845583,2025122000268,61030.292708539884,61030.29248862585,u,1.31057866756608,40.3138001124817,41.9878862397817,23.32728385925293,38.001145362854,65.975194319026,149.834502341835,1.96352896385348,-1,u,20251220,u_24,0.2849655165552257,150.3179108196525,1.6321844274781423,746225383649051105,0,1426.4910955912212,3248.1304748321263,0.27079448,0.23825164,150.3179108196525,1.6321844274781423,1.3570908e-05,1.4783999e-05,6090.803147846461,718.6501234439864,6589.403723342708,435.25829133766246,False,6488.987072849215,570.8051314635526,False,7318.524229791637,806.2080798346548,False,6439.288408232013,1176.921095524028,False,6774.969336797454,1647.1560492186352,False,-0.3055380797534618,26.95107755170784,7134.433048634976,340.0391858949981,0.0,3.0572803872974674e-06,False,2519.983642578125,221.6708984375,False,2842.1325454711914,313.08910788222465,False,2631.044216305017,639.6693743114538,False,False,-0.1186550311349874,10.466390796851634,False,False
2MASS J10011629+0137555,150.31796681575,1.63212845583,2025122200354,61032.32800285226,61032.327829240516,g,1.20597340599434,34.0186934936622,20.8710854779046,24.550683975219727,30.0001082420349,171.796331233873,150.393806910829,2.12602753242699,-1,g,20251222,g_6,0.2957103503855073,150.3179021933527,1.632179196376078,746234191308916000,0,3598.437090949405,2188.0796388110416,0.011951758,0.015685795,150.3179021933527,1.632179196376078,6.695871e-07,8.685018e-07,78891.44322872341,341.5354913340186,76421.70943667732,250.0661969714008,False,78086.36084024445,292.9954424533008,False,78089.48960290379,373.0514506938235,False,77027.83748433039,509.29446817035415,False,75732.18959001951,689.5876230337285,False,-0.7821661207885882,10.57338226038118,78772.42466732432,247.3333688355625,0.0,5.660441703192465e-05,False,174694.71875,655.4890747070312,False,174701.71841430664,834.5902864082425,False,169427.96947366,1542.7446555720562,False,False,-1.7498611667470452,23.654758914844404,False,False
2MASS J10011629+0137555,150.31796681575,1.63212845583,2025122200355,61032.328496270005,61032.32832265913,g,1.2075109796769,34.1269191252894,19.8264917712748,24.499893188476562,29.9999589920044,168.483391229249,150.04494424779,2.40491662145867,-1,g,20251222,g_6,0.2871969060202219,150.31790682761712,1.6321810742677738,746234191445232703,746234191445231762,4020.373017859881,3956.553507800481,0.012573126,0.015992159,150.31790682761712,1.6321810742677738,7.0767743e-07,8.8230377e-07,78752.69855119464,343.28722560309046,76083.83648369582,249.713161830552,False,78991.32620213767,293.83999273211685,False,80598.56870037757,375.5975779071109,False,81810.06916255302,514.1407651311115,False,82895.78615409488,695.0675539570177,False,0.5051157538757053,10.870579410062012,79463.01133979594,252.7020854170378,0.0,0.0072213292570845,False,174356.734375,648.5899658203125,False,177904.38405776024,829.0526349115944,False,182975.0082976222,1534.21539686322,False,False,1.114936760293953,23.99451709232392,False,False
2MASS J10011629+0137555,150.31796681575,1.63212845583,2025122300327,61033.277873815736,61033.27770019902,g,1.34022412415302,41.7904800737769,44.8958665383685,24.18297576904297,30.0009682178497,146.234890453094,149.873365102486,2.02379944973997,-1,g,20251223,g_6,0.2897599598164085,150.3179045941068,1.6321795446484662,746238585732597909,746238585732597131,575.793366008669,3781.347942317933,0.022313777,0.010762773,150.3179045941068,1.6321795446484662,1.0835885e-06,8.509944e-07,78426.0837549991,374.0383987772674,74182.13581504904,264.19763367716746,False,78371.58129352225,316.43872260038904,False,79807.91934057628,409.4173059759232,False,80510.96358143735,566.0273935163726,False,81638.12356304236,770.9139272268638,False,-0.0126073651064403,11.863931535926554,75785.75490948616,260.0188942438675,0.0,0.0004970719097916,False,170739.140625,689.3886108398438,False,173868.32495117188,891.9503450813954,False,177855.58016479015,1679.50141183942,False,False,-0.0274662147718736,25.846581649174453,False,False
2MASS J10011629+0137555,150.31796681575,1.63212845583,2025122300328,61033.278368767875,61033.278195150146,g,1.33714322355664,41.6420987296273,44.5186719086148,24.18891143798828,30.0011439323425,143.172887828849,149.761825852948,2.05880491469579,-1,g,20251223,g_6,0.2901292191366257,150.31790774352083,1.6321833036598006,746238585868387982,746238585868386795,1244.501754001118,1396.667125066391,0.02589439,0.012123276,150.31790774352083,1.6321833036598006,1.2224722e-06,1.016337e-06,79824.10512916556,378.3677164015031,74773.7105494267,266.59635528532846,False,79505.44988779578,319.6517151964612,False,80970.13855789749,414.11921557426217,False,81134.24986206349,571.8783073244616,False,81966.8960792814,777.8062221048697,False,0.2303466675732294,12.038823130876189,77900.72132416286,265.8361294102491,0.0,0.0317440062479369,False,171270.84375,688.5945434570312,False,174426.07983398438,892.0966746882011,False,176573.29743909836,1675.5521555051253,False,False,0.4962133811700331,25.934063618180804,False,False
2MASS J10011629+0137555,150.31796681575,1.63212845583,2025123000162,61040.22919080865,61040.22901719186,y,1.5185168576001,48.8729827141543,55.997890438961,21.40135955810547,30.000981092453,149.620399039178,149.797013977467,2.04157310504445,-1,y,20251230,y_10,0.2988432833040974,150.31789890858312,1.632176240280303,746269349913822094,746269349913821256,2223.5266497648545,323.47557451316464,0.024860945,0.019417647,150.31789890858312,1.632176240280303,1.311019e-06,1.1632033e-06,821895.0687037548,4068.302193461449,718857.3602966177,2530.322758717745,False,823680.2682670084,3191.891614056991,False,903260.5800702284,4323.297408808346,False,934595.0022280694,6137.381560045681,False,951309.8519201752,8436.133099475426,False,-0.9826907239158092,133.264621002353,827209.0527989789,2687.013532202518,0.0,5.092644690729564e-06,False,305019.96875,1182.000732421875,False,334489.6369628906,1600.9756350072037,False,352282.9336615801,3124.014442869593,False,False,-0.3639036959454632,49.3496956278204,False,False
2MASS J10011629+0137555,150.31796681575,1.63212845583,2025123000163,61040.2295896139,61040.22941599603,y,1.51541898148139,48.7701846743506,55.8645604067492,21.302526473999023,30.0011670589447,149.620300404319,149.796944628545,2.04157293798028,-1,y,20251230,y_10,0.2868893992099992,150.3179011992168,1.6321737183818084,746269350048039798,746269350048038981,2223.246776554731,324.0320822072771,0.025237586,0.020562714,150.3179011992168,1.6321737183818084,1.3410339e-06,1.2139324e-06,825568.7708917891,4046.239764992832,720077.9681196616,2511.277571377864,False,822333.0651114085,3163.8322637681467,False,891411.2961425523,4266.742882453038,False,932855.023713362,6060.725551888307,False,949132.4502909184,8338.356138437353,False,3.858814330066872,130.05998229780386,819661.5285469837,2657.949962589926,0.0,0.0181718373586889,False,306713.6875,1180.0457763671875,False,332478.4777832031,1591.4092459777887,False,354007.3068996668,3110.039067396489,False,False,1.439260103681112,48.5097565198108,False,False
2MASS J10011629+0137555,150.31796681575,1.63212845583,2025123000164,61040.23037311959,61040.23019950293,y,1.50939497450191,48.5681934306039,55.6012968230876,21.56368064880371,30.0009598731995,149.620331728906,149.796853889735,2.04157354043944,-1,y,20251230,y_10,0.2926650985685178,150.31790014278783,1.6321750105220527,746269350182257724,746269350182256714,2224.6317492320927,317.548656112898,0.01841076,0.014384132,150.31790014278783,1.6321750105220527,9.710411e-07,8.616919e-07,814337.5721429962,3699.3900342598513,743178.9641416032,2388.765913189894,False,810043.673902956,2977.059269516936,False,848835.0091440382,4006.6633561209615,False,873982.6278305846,5677.605494540719,False,887351.7959466284,7801.732015496992,False,4.371310214837664,120.38026643728394,789111.6249158008,2315.185643364922,0.0,0.0622432336828693,False,319472.46875,1174.1199951171875,False,334771.35205078125,1580.1847172791718,False,349961.9564151764,3076.918773413363,False,False,1.723997496675204,47.47667582193747,False,False
2MASS J10011629+0137555,150.31796681575,1.63212845583,2025123000165,61040.23076815417,61040.23059453597,y,1.50637529778197,48.4666236095298,55.4682475902796,21.649295806884766,30.0012247562408,149.620184208688,149.796789502459,2.04157083220863,-1,y,20251230,y_10,0.2836503317946612,150.317901812809,1.6321730224855506,746269350316475518,746269350316474448,2228.064492645492,312.18426096107845,0.016393455,0.012400809,150.317901812809,1.6321730224855506,8.5974807e-07,7.517107e-07,820058.14467942,3674.9722841946254,761468.4945441493,2388.8626561076426,False,821454.6416985551,2966.7929034567587,False,865391.7260884126,3977.3025521987342,False,888429.4497462778,5629.394327579323,False,908537.44552568,7742.745802344731,False,6.987684546078159,120.606988071852,812019.0780667673,2296.9901465821863,0.0,0.0055991722698097,False,324297.03125,1171.241943359375,False,341642.6828613281,1570.174839348487,False,358675.9163649082,3056.711046433195,False,False,2.7586250519188424,47.613691851361736,False,False
2MASS J10011629+0137555,150.31796681575,1.63212845583,2025123000166,61040.2314734033,61040.2312997865,y,1.50106858613665,48.2858915184532,55.2288247161826,21.6390438079834,30.0009822845459,149.620216813784,149.796803923452,2.04167532195804,-1,y,20251230,y_10,0.3059248788532996,150.31789776635128,1.6321780290235373,746269350450692176,0,2228.0444536408,307.72742643065146,0.013783775,0.011238875,150.31789776635128,1.6321780290235373,7.328223e-07,6.635464e-07,824180.2666065464,3626.30735844818,773190.3974059767,2373.701936982004,False,822461.4361201082,2938.086365736222,False,856229.4188595136,3929.256635801524,False,885485.9903619535,5565.599161644767,False,908917.1066210466,7652.477072637365,False,9.464912061554324,120.7131193148224,822037.8012830629,2242.398690448846,0.0,0.0001821103313738,False,327043.90625,1168.3018798828125,False,340471.4208984375,1562.4312367681678,False,361422.1748913527,3042.934154007444,False,False,3.763631553992306,48.00041478245869,False,False
2MASS J10011629+0137555,150.31796681575,1.63212845583,2025123100246,61041.22792416099,61041.227750544414,i,1.51721464604928,48.8299401587623,56.0864131841124,23.36912727355957,30.0009434223175,176.95099018087,150.34618280888,1.9591407070102902,-1,i,20251231,i_39,0.2946132952381391,150.31790009144788,1.6321758771145738,746273759212078678,0,1255.031542646645,3556.680296187225,0.005156072,0.0048831874,150.31790009144788,1.6321758771145738,2.866342e-07,2.7152987e-07,516642.4734606107,1196.2863588660312,505752.33986549225,838.213499194803,False,514553.2094216666,1008.2000346991028,False,518571.7915826053,1321.5907738979092,False,517947.4271381916,1844.4793147104504,False,517750.77533944097,2521.580146668234,False,0.0974206155308129,38.34584296402664,508360.96928962925,740.1665013026261,0.0,0.0002629995057319,False,872596.75,1709.73974609375,False,879411.59765625,2241.198369804088,False,878019.2905199528,4276.180967407206,False,False,0.1652091774740515,65.02817849300364,False,False
2MASS J10011629+0137555,150.31796681575,1.63212845583,2025123100247,61041.22841915843,61041.2282455469,i,1.50572956105144,48.4445656995911,55.2534117688541,23.4298038482666,30.0000729560852,173.739730413676,149.810423082054,2.13545537134194,-1,i,20251231,i_39,0.2839926966146656,150.31790194047002,1.6321733751929892,746273759370937983,0,1687.8657370866465,3459.135380664512,0.004908581,0.0046479274,150.31790194047002,1.6321733751929892,2.7264906e-07,2.5852574e-07,514814.94616936665,1190.0255376446712,505899.129141616,838.1317108042919,False,514261.61093822855,1007.0512047329888,False,519336.261116737,1317.466714579036,False,521593.91132292646,1840.579983640524,False,521983.9753604753,2516.598497891545,False,2.1651333105345856,39.467725378080594,511679.2318752667,743.2104003550038,0.0,0.0001198384818947,False,874004.5,1711.5166015625,False,882629.0346679688,2239.077956920654,False,887128.911996007,4277.041811146681,False,False,3.679715180479272,67.07669569632733,False,False
2MASS J10011629+0137555,150.31796681575,1.63212845583,2026010100266,61042.21220508731,61042.21203147542,i,1.63126586548538,52.2606419210011,59.44460507965961,23.35417938232422,30.00013422966,156.473676051103,149.936772354017,2.40720557647678,-1,i,20260101,i_39,0.2854627803567804,150.31790120970464,1.63217303239317,746278159966535948,0,2825.691397211595,528.097772668087,0.0044154357,0.0043557626,150.31790120970464,1.63217303239317,2.4488622e-07,2.425832e-07,516463.51941417874,1332.4951112753622,506020.2338633929,907.5111776788216,False,515813.7854758447,1109.37545872199,False,522579.7272697902,1477.892159569547,False,524642.7127737567,2082.82034706946,False,529499.5635798201,2863.9513365030866,False,4.835618073246366,45.25721258519319,511735.9029169479,770.4433125152842,0.0,0.0002476033172055,False,876088.125,1884.227783203125,False,887579.7939453125,2510.1379751513414,False,899332.8462848663,4864.301473008483,False,False,8.213094900320206,76.8674813138453,False,False
2MASS J10011629+0137555,150.31796681575,1.63212845583,2026010100267,61042.21270256799,61042.21252895106,i,1.6206222049719,51.9674198255138,59.92776640304551,23.347206115722656,30.0010051727295,153.669562453084,150.151639233478,1.92800414908565,-1,i,20260101,i_39,0.2928243443001665,150.317900065127,1.6321749765797726,746278160077162293,0,2420.050957522318,3804.7105482776014,0.004841205,0.0041476036,150.317900065127,1.6321749765797726,2.620258e-07,2.3872914e-07,512953.75939435855,1338.4234698278356,503674.279978112,912.319691492238,False,512107.8067911339,1115.6094245677218,False,517829.0074002189,1486.3619394378536,False,522163.0599440929,2097.1586436163525,False,522943.25134054245,2882.803393260493,False,5.440616463949776,43.46639170703381,514793.8018066727,766.457259164254,0.0,0.0001672290098853,False,870427.9375,1896.1976318359373,False,880152.2431640625,2526.364449372792,False,888844.9065951109,4899.891348145672,False,False,9.247397724940004,73.87968154828678,False,False
2MASS J10011629+0137555,150.31796681575,1.63212845583,2026010200211,61043.19418528775,61043.194011670224,y,1.79616227757378,56.2490323916933,64.4832775139409,21.576614379882812,30.0011088848114,125.793221905171,150.104112384131,1.8590842713499198,-1,y,20260102,y_10,0.2964444834635166,150.31789956690253,1.632176017095611,746282550607479555,0,899.7403424295148,3302.9271080094804,0.008904471,0.009789547,150.31789956690253,1.632176017095611,5.2789005e-07,5.1223515e-07,823928.5479972595,4714.683914879695,791238.41869078,2955.106306003664,False,820330.9724985503,3787.2376796982526,False,837086.4204816598,5240.757111020332,False,853834.4031551222,7574.812934139854,False,872400.8270107524,10520.530063949018,False,9.629060919177348,167.46054020765197,812399.0554799654,2207.8704317446686,0.0,0.0013606848118273,False,398711.34375,1840.73828125,False,406855.1142578125,2547.2027511505144,False,424019.2284421921,5113.368651659436,False,False,4.680081512029702,81.39204692946274,False,False
2MASS J10011629+0137555,150.31796681575,1.63212845583,2026010200212,61043.194683918526,61043.19451030189,y,1.79502719282087,56.2243810801155,64.2825152623727,21.576139450073242,30.0009553432465,122.778427460275,150.159994418915,1.97385859575142,-1,y,20260102,y_10,0.2976304758111526,150.31789970682252,1.632176779974255,746282550741173173,0,2555.6108484010333,3513.0200211749925,0.008489133,0.009527053,150.31789970682252,1.632176779974255,5.134159e-07,4.8942155e-07,817860.8873397785,4677.223228200907,791772.3199331497,2934.381076283511,False,818864.9895487208,3757.640059686681,False,841407.4985652502,5205.271136443427,False,853761.9955696679,7501.620410427639,False,866665.8877426817,10426.081021456152,False,9.865093014682394,160.99913855001887,810131.440722862,2144.799904639145,0.0,0.0010056799033008,False,398055.09375,1826.6109619140625,False,409013.1401367188,2530.3129534858185,False,421291.3918635845,5068.179384159516,False,False,4.795479810384824,78.2626293798631,False,False
2MASS J10011629+0137555,150.31796681575,1.63212845583,2026010200213,61043.19514778216,61043.19497416469,y,1.78903742148931,56.0957471359103,63.8756570721872,21.53963851928711,30.0010986328125,124.385247541404,150.014150570278,2.15558636314367,-1,y,20260102,y_10,0.2920624070251488,150.31790253800744,1.632177989136414,746282550895837999,0,1499.8139684413402,3375.2598840871715,0.010097835,0.010326147,150.31790253800744,1.632177989136414,5.699616e-07,5.6521674e-07,827073.4525682196,4727.071098688046,788106.211924105,2959.636584269811,False,823504.6367568239,3794.3193534360335,False,844178.8070088247,5250.174437901944,False,848135.5542233109,7582.90982806171,False,847287.3613043911,10530.392549228212,False,0.2106782765612051,163.63869123867929,809511.5250118288,2216.238389766097,0.0,0.0011581990924646,False,394156.25,1816.0853271484373,False,404051.583984375,2512.9051810067303,False,405539.43972843885,5040.190246624424,False,False,0.1008375129165772,78.32282905845001,False,False
2MASS J10011629+0137555,150.31796681575,1.63212845583,2026010200214,61043.19564640483,61043.19547278784,y,1.77727732926451,55.8389456504998,64.0848575867648,21.731056213378906,30.001015663147,121.47487814378502,150.104034146443,1.85908315544242,-1,y,20260102,y_10,0.2911118408136707,150.31790054812373,1.632174837027527,746282551010132755,0,483.278476460681,3214.3593469321527,0.006796981,0.008819782,150.31790054812373,1.632174837027527,4.624795e-07,4.113273e-07,824248.4917851499,4635.821449041408,796661.4614523493,2923.768950531896,False,821103.6208808457,3740.673810708928,False,833794.8213155643,5172.309024993709,False,848372.0802203036,7470.875944358354,False,856038.2834221547,10380.511777379104,False,10.701915452746102,166.07483169057278,807023.4258949392,2052.3338885366816,0.0,2.704775007300597e-06,False,399952.40625,1822.049560546875,False,406134.1791992188,2519.386576563424,False,416968.7754263282,5056.256674420039,False,False,5.212809599132179,80.89360083560898,False,False
