simbad_id,target_ra,target_dec,visit,detector,band,day_obs,physical_filter,sep_arcsec,src_ra,src_dec,sourceId,parentSourceId,x,y,xErr,yErr,ra,dec,raErr,decErr,calibFlux,calibFluxErr,ap09Flux,ap09FluxErr,ap09Flux_flag,ap12Flux,ap12FluxErr,ap12Flux_flag,ap17Flux,ap17FluxErr,ap17Flux_flag,ap25Flux,ap25FluxErr,ap25Flux_flag,ap35Flux,ap35FluxErr,ap35Flux_flag,sky,skyErr,psfFlux,psfFluxErr,extendedness,sizeExtendedness,apFlux_12_0_flag,apFlux_12_0_instFlux,apFlux_12_0_instFluxErr,apFlux_17_0_flag,apFlux_17_0_instFlux,apFlux_17_0_instFluxErr,apFlux_35_0_flag,apFlux_35_0_instFlux,apFlux_35_0_instFluxErr,extendedness_flag,sizeExtendedness_flag,localBackground_instFlux,localBackground_instFluxErr,localBackground_flag,sky_source
2MASS J10014264+0154262,150.42769767501,1.9073150891300004,2025051500122,-1,i,20250515,i_39,0.1705095380479368,150.42771953100558,1.907273063299699,745262191865759083,0,3115.104149414371,3587.2544866212947,0.0066040824,0.0066344542,150.42771953100558,1.907273063299699,3.6836823e-07,3.671963e-07,445447.0613953112,1355.4658190895732,431440.2681897631,911.6221686267924,False,444715.2896779487,1122.481661267297,False,452170.2546663366,1502.3295324892274,False,452354.2487363119,2124.0360404877742,False,448827.6358437089,2923.178618768216,False,-0.4298544066262802,46.33077260534469,443406.5344700489,794.3911412977084,0.0,9.587526250687262e-07,False,671426.875,1694.7120361328125,False,682682.3095703125,2268.2027054881128,False,677635.6557617188,4413.387015516594,False,False,-0.6489900564360419,69.94975569486176,False,False
2MASS J10014264+0154262,150.42769767501,1.9073150891300004,2025051500123,-1,i,20250515,i_39,0.1644155102304617,150.42771920249527,1.9072748036649447,745262192003647127,0,292.2573755647994,3255.9417755850727,0.0048764697,0.005439021,150.42771920249527,1.9072748036649447,2.9718086e-07,2.764304e-07,447445.2365659964,1173.302548809066,437309.64021375467,814.0724600254367,False,446577.2114681239,985.4799621963452,False,450916.34618004126,1298.375708855175,False,453035.796369066,1821.3305008990797,False,450777.8699132087,2493.8457666862782,False,2.142734992163415,38.77469659030808,446646.1919027207,728.3648460942301,0.0,3.865571007055646e-05,False,737205.125,1626.8203125,False,744368.1245117188,2143.3454331376342,False,744139.529296875,4116.815262732918,False,False,3.5372051622308467,64.00887531345853,False,False
2MASS J10014264+0154262,150.42769767501,1.9073150891300004,2025051500124,-1,i,20250515,i_39,0.1663421788345073,150.42771924769582,1.9072742217342853,745262192137864666,0,307.99589716445735,2783.071880543155,0.0046472102,0.0052414285,150.42771924769582,1.9072742217342853,2.8554425e-07,2.64514e-07,445579.6217435768,1111.0731410433204,437227.2923552319,781.9008989732606,False,445303.8710413078,940.7991921600236,False,450101.6875040945,1228.7404874062895,False,452545.80342454393,1720.2116859353714,False,453058.6727791958,2356.529106286996,False,2.92805783855502,36.665647747956505,444512.1100726544,706.5824190667618,0.0,2.8196505573840905e-05,False,759856.25,1605.3580322265625,False,768043.1333007812,2096.6944140871965,False,773088.8647407293,4021.1268892225366,False,False,4.996370329736329,62.5654152442765,False,False
2MASS J10014264+0154262,150.42769767501,1.9073150891300004,2025051500125,-1,i,20250515,i_39,0.1628565333759816,150.42771908532706,1.9072752321852189,745262192273654106,0,2368.355920836525,635.6865144052825,0.004413031,0.0051493477,150.42771908532706,1.9072752321852189,2.785618e-07,2.5375522e-07,442171.0000175184,1150.2184797747268,435542.3297644088,800.5887337786131,False,443313.4508799167,967.1492701201104,False,449550.9343687297,1273.8140356420274,False,450744.497659226,1785.4980694533062,False,450661.13274725975,2445.600776271429,False,2.989066593743488,37.47058307770122,441167.158343461,709.5585917609814,0.0,1.20303089956586e-06,False,741943.75,1618.65234375,False,752383.0043945312,2131.896427981123,False,754241.068359375,4093.036670437595,False,False,5.002598665030126,62.71198148437603,False,False
2MASS J10014264+0154262,150.42769767501,1.9073150891300004,2025051500126,-1,i,20250515,i_39,0.1654985568515298,150.427719828194,1.9072748003173463,745262192404202781,0,3087.852723824345,2671.3345931814874,0.0048459363,0.005101843,150.427719828194,1.9072748003173463,2.8050653e-07,2.722906e-07,444844.3434116527,1145.094955860549,436553.0328978876,797.2059101236935,False,444741.691347293,962.934422152399,False,449747.6769859251,1267.1020321433216,False,452532.231398112,1774.480129790896,False,453258.3710983783,2429.9959712955365,False,2.5777784085335624,36.07039254109223,442783.2881040053,708.1887184759477,0.0,2.929470401524803e-05,False,750668.6875,1625.3135986328125,False,759118.1689453125,2138.7107120902924,False,765043.7841796875,4101.531117707324,False,False,4.3509695003805415,60.88233856467369,False,False
2MASS J10014264+0154262,150.42769767501,1.9073150891300004,2025051500127,-1,i,20250515,i_39,0.1674323171899645,150.42771979125516,1.907274168493907,745262192540517684,0,1008.0770656164484,2917.002168002563,0.0055826544,0.0057490584,150.42771979125516,1.907274168493907,3.1739242e-07,3.122812e-07,443866.0801655764,1315.669863451125,433938.2351143755,895.4174184947714,False,444345.1955919249,1098.8505008668424,False,450806.7086173319,1460.628562300548,False,453140.06747944106,2069.230204784851,False,452779.3686540437,2850.257034576772,False,1.874846570403261,45.59141068887439,436495.9149188947,760.4653590108101,0.0,0.0005714892630359,False,684730.5625,1693.3153076171875,False,694687.67578125,2250.810916803792,False,697727.5209960938,4392.211555152466,False,False,2.889115848418888,70.2558114633721,False,False
2MASS J10014264+0154262,150.42769767501,1.9073150891300004,2025051500128,-1,i,20250515,i_39,0.1696093903442174,150.4277187417675,1.907272941936612,745262192672637204,0,1797.6802594328944,728.054246082197,0.0073621194,0.007329621,150.4277187417675,1.907272941936612,4.076174e-07,4.0859575e-07,444056.2440232336,1606.4609527736718,429866.07009034784,1055.3722292389998,False,444488.2990845551,1318.3509999011742,False,453213.458653816,1787.1861374686346,False,458822.7105078617,2546.011077564678,False,458191.9960138234,3516.8893810605296,False,2.458367561838532,55.81999458838639,438449.7471802576,872.9084372296459,0.0,0.0001511156833571,False,596633.4375,1769.613037109375,False,608345.15625,2398.927060276603,False,615027.8110351562,4720.695246761114,False,False,3.299849044573383,74.92677607282735,False,False
2MASS J10014264+0154262,150.42769767501,1.9073150891300004,2025051500130,-1,i,20250515,i_39,0.164719592440497,150.42771766518044,1.9072739260853837,745262192944742520,0,2343.5559746794165,334.02624264778746,0.005785759,0.0074836924,150.42771766518044,1.9072739260853837,3.9262733e-07,3.494771e-07,442551.7765371445,1418.2804924712914,430114.5873023588,946.9125146714332,False,442623.7700394028,1171.6486649187284,False,449994.9883881901,1575.17322874957,False,453213.5608733968,2232.783683721813,False,450877.2523318457,3078.0991907159464,False,1.4931035631540437,48.81966950792774,435975.3447426247,799.0716143064036,0.0,0.0004598352383173,False,651873.3125,1725.5433349609375,False,662729.2602539062,2319.8333661450097,False,664028.6127929688,4533.264708031722,False,False,2.1989654227836297,71.89907508685103,False,False
2MASS J10014264+0154262,150.42769767501,1.9073150891300004,2025051500131,-1,i,20250515,i_39,0.1635942829887858,150.4277190456888,1.907274978617836,745262193075290503,0,3601.8249495655086,835.1964400978093,0.0052343393,0.005691901,150.4277190456888,1.907274978617836,3.0924411e-07,2.982906e-07,444470.94929806254,1186.239178681814,433015.70165806025,817.6379627377829,False,444182.3352225758,993.1473910287204,False,449967.1577080056,1313.980784861401,False,452104.8148303829,1844.2870346612865,False,447548.2029680284,2526.279586307261,False,1.327077579369061,39.86304524479661,438781.98110994,724.2804380699251,0.0,2.958165197697316e-05,False,736328.875,1646.35791015625,False,745918.4770507812,2178.209073991643,False,741908.533203125,4187.858134405492,False,False,2.1999198607591968,66.08167171814027,False,False
2MASS J10014264+0154262,150.42769767501,1.9073150891300004,2025051500132,-1,i,20250515,i_39,0.1633799360882776,150.42771780200806,1.907274407463186,745262193209508221,0,3067.714280659252,1149.6271732383111,0.006879019,0.006431442,150.42771780200806,1.907274407463186,3.6498741e-07,3.7489534e-07,442026.1789890035,1945.813955568479,434820.29083270615,1258.718881504548,False,443143.19984596415,1591.5586495896753,False,451860.27697085,2181.772413949977,False,454965.790552835,3138.286302984779,False,453248.785726641,4348.169906462922,False,2.9599658268830544,67.10395875632175,437544.6608997322,931.4628786125244,0.0,0.0002416953400203,False,519190.15625,1864.6829833984373,False,529403.154296875,2556.1822022641254,False,531029.9423828125,5094.351022249117,False,False,3.467919897424258,78.61954068977809,False,False
2MASS J10014264+0154262,150.42769767501,1.9073150891300004,2025051500133,-1,i,20250515,i_39,0.1733550500613794,150.4277192188476,1.9072720170705932,745262193343726542,0,3927.420595305312,3028.158068834008,0.0069341385,0.0067415703,150.4277192188476,1.9072720170705932,3.7800572e-07,3.819305e-07,440402.3144508222,1698.0961286781496,431137.8224103212,1114.5206118731426,False,440683.0465705391,1396.0015047625209,False,447552.48810879263,1897.211665706479,False,447165.7687612521,2713.891829510255,False,441610.760782277,3754.0090080798295,False,-0.143452022403573,57.83535513517588,439286.0739653981,889.2133967557594,0.0,0.0001452436684893,False,563335.0625,1784.5401611328125,False,572116.4243164062,2425.248396991404,False,564520.98046875,4798.834254345902,False,False,-0.1833779507411408,73.93223690661965,False,False
2MASS J10014264+0154262,150.42769767501,1.9073150891300004,2025051500134,-1,i,20250515,i_39,0.1660731464402872,150.42771973214133,1.907274565918431,745262193481614624,0,382.1634708713661,2770.0682676293595,0.005157822,0.005453781,150.42771973214133,1.907274565918431,2.9758272e-07,2.922031e-07,442014.49814679415,1247.6047202255138,433164.6269684571,854.8517036343607,False,442312.8461162421,1043.4316745338526,False,447913.9323886561,1385.4690166733142,False,450275.9525213604,1954.1921816595557,False,448063.3807339822,2684.100248012937,False,1.4455717428667156,42.02037904451024,437682.2033218998,742.2452981635931,0.0,0.0005586362580405,False,711035.4375,1677.3577880859375,False,720039.4057617188,2227.196377095751,False,720279.6499023438,4314.79757121541,False,False,2.3238138924790523,67.54942539013909,False,False
2MASS J10014264+0154262,150.42769767501,1.9073150891300004,2025051500135,-1,i,20250515,i_39,0.1654178127997536,150.42771915796794,1.907274464747963,745262193610588771,0,3846.907908046037,1254.639114392506,0.005495497,0.004992487,150.42771915796794,1.907274464747963,2.8740678e-07,2.9594267e-07,442718.7088494385,1180.592316715332,433468.3193153504,814.5461603897438,False,442748.7890695902,988.52323391816,False,448485.9761372063,1308.018646866105,False,450783.0567947348,1834.849072806942,False,450414.0938268974,2515.381353116502,False,1.975917512391314,39.43346597901897,444008.8446963099,726.7640167291131,0.0,4.739711738832586e-05,False,739822.375,1651.798095703125,False,749409.0739746094,2185.667100077979,False,752630.9113769531,4203.140590410212,False,False,3.301709734527737,65.89235515784561,False,False
2MASS J10014264+0154262,150.42769767501,1.9073150891300004,2025051500136,-1,i,20250515,i_39,0.1673795116192891,150.42771939142744,1.907273971732636,745262193744806568,0,2648.5502376204145,1428.82320196684,0.0060919975,0.00645173,150.42771939142744,1.907273971732636,3.5131103e-07,3.4586085e-07,444726.371719224,1237.2379077902926,433188.54342756735,844.9744207517484,False,445049.8993502216,1031.7482284668272,False,452595.9636506456,1370.6863251274,False,456075.4593660454,1929.5896693736588,False,458008.041845681,2651.2013870867463,False,2.5599613848584943,41.07694948583595,441089.7901365896,748.450598344476,0.0,0.001101983800688,False,724115.375,1678.6988525390625,False,736393.1469726562,2230.165749449922,False,745198.8315429688,4313.618965904129,False,False,4.165167548377752,66.83396788589195,False,False
2MASS J10014264+0154262,150.42769767501,1.9073150891300004,2025051500137,-1,i,20250515,i_39,0.1523423990275255,150.42771935033005,1.9072787372716211,745262193879024039,0,1404.6212739310713,924.2000774261044,0.0061203116,0.006723291,150.42771935033005,1.9072787372716211,3.6115597e-07,3.5313502e-07,444660.4172929378,1232.571916690148,433436.49431145313,843.300559071298,False,445031.60524770943,1029.1228675941825,False,451639.58725376346,1365.0935533435447,False,453589.622953378,1922.414900832666,False,455585.688110513,2641.1562333150155,False,1.4495724185035583,40.95917586948325,438591.6705672022,743.5481560997105,0.0,0.0061167885729304,False,725215.625,1677.0404052734375,False,735983.8754882812,2224.532286691126,False,742414.3715820312,4303.9814383521325,False,False,2.362197549728364,66.7463478490219,False,False
2MASS J10014264+0154262,150.42769767501,1.9073150891300004,2025051500138,-1,i,20250515,i_39,0.1662848249743294,150.4277196234474,1.9072744401817727,745262194013242105,0,1993.6433587636443,1797.4234751532144,0.0069022793,0.007044501,150.4277196234474,1.9072744401817727,3.882553e-07,3.8662262e-07,445222.958240484,1238.4635220000723,428380.16706121736,839.5279783805829,False,445562.802755064,1027.3235833774156,False,457087.2787307103,1367.992953939759,False,463501.8580233466,1924.8811136550564,False,463405.5413662496,2640.392787075508,False,1.5844440379626696,40.51772185855653,443313.48607768666,769.8194339614514,0.0,0.0004321494419127,False,726978.625,1676.1773681640625,False,745781.9174804688,2232.0122562195,False,756090.771484375,4308.055129241272,False,False,2.585173046280417,66.10856548781123,False,False
2MASS J10014264+0154262,150.42769767501,1.9073150891300004,2025051500139,-1,i,20250515,i_39,0.1663215598562642,150.42771884543308,1.9072740185847357,745262194151130658,0,2086.9481396576134,3857.073990860867,0.0058929757,0.006883761,150.42771884543308,1.9072740185847357,3.6047643e-07,3.515648e-07,445073.9666896286,1223.46692363546,431042.6398244996,836.0723347679899,False,446278.0211663541,1021.4735417573812,False,455732.4263559558,1351.0403448258717,False,461554.2335034767,1906.4311105606307,False,457850.1632003085,2618.3720665929645,False,0.9740238563848084,41.215057724331295,443456.91727649246,754.0758447051963,0.0,0.0012802560234261,False,731629.75,1674.6072998046875,False,747129.3349609375,2214.900270332624,False,750601.16015625,4292.5683310187205,False,False,1.5968181195175104,67.56810989768157,False,False
2MASS J10014264+0154262,150.42769767501,1.9073150891300004,2025051500140,-1,i,20250515,i_39,0.1661518650988882,150.42771908154302,1.9072741942077749,745262194281153909,0,3717.512056511128,3901.530444191176,0.007026091,0.0068185376,150.42771908154302,1.9072741942077749,3.8385582e-07,3.853773e-07,442899.5762553337,1473.0995542286762,429359.748700613,978.713496774762,False,441888.45812126354,1216.3571477316473,False,450697.7156635974,1643.9518997337525,False,451016.6169046004,2341.383186254653,False,448854.1046872042,3223.877897533054,False,0.3094870104309494,51.706403071914345,444027.57275180105,834.8016494630614,0.0,0.00010318708631,False,642532.5,1768.65673828125,False,655341.6923828125,2390.4053265084563,False,652660.970703125,4687.71312562368,False,False,0.4500128004591462,75.1842321771792,False,False
2MASS J10014264+0154262,150.42769767501,1.9073150891300004,2025051500141,-1,i,20250515,i_39,0.1638166882756754,150.42771895109132,1.90727485852398,745262194417467796,0,276.54620965891064,1251.117948208703,0.007607598,0.007139762,150.42771895109132,1.90727485852398,4.0860846e-07,4.1106995e-07,442249.0037923876,1717.3432590453542,432252.2041351311,1119.977372924679,False,444184.4130759655,1405.8812654467683,False,454482.297211825,1914.826965822759,False,456547.51790170267,2736.163245052189,False,455579.26493824535,3788.063655517233,False,1.2395172978787474,58.7687574157643,445275.5333512758,910.8157358663362,0.0,0.0002648790195222,False,573142.625,1814.044921875,False,586430.2509765625,2470.7507091761668,False,587845.6967773438,4887.836410457149,False,False,1.599381196020569,75.83084615690655,False,False
2MASS J10014264+0154262,150.42769767501,1.9073150891300004,2025051500143,-1,i,20250515,i_39,0.1645643137180331,150.42771876752337,1.9072745278932708,745262194688000999,0,1926.9428275654104,2937.9516567513733,0.006644568,0.006589221,150.42771876752337,1.9072745278932708,3.6763254e-07,3.6772943e-07,439807.3752116755,1770.0294902720552,431384.23250490666,1155.7188623969057,False,440405.8439976354,1453.9063896088533,False,447138.2332557566,1976.4296948850824,False,447963.36979566864,2839.209906002331,False,449294.9700716792,3936.406020707672,False,2.760768364651105,62.88534798935669,436439.6390104622,892.5448526522891,0.0,3.6919841376992224e-05,False,561090.6875,1852.32177734375,False,569667.9599609375,2518.0326542270864,False,572415.7094726562,5015.103206600195,False,False,3.5173044156032054,80.11788130861936,False,False
2MASS J10014264+0154262,150.42769767501,1.9073150891300004,2025051500144,-1,i,20250515,i_39,0.1661575553895293,150.42771910569166,1.9072742050590852,745262194818548512,0,3296.9100715651216,2065.822953261504,0.0065141525,0.0061299386,150.42771910569166,1.9072742050590852,3.5152289e-07,3.513521e-07,443895.9938425109,1655.2980452024208,433789.4136414916,1087.7577874085823,False,444221.6970601168,1362.0668833237562,False,450897.5873417668,1849.0677381235569,False,456494.5535340497,2646.009961742482,False,451759.0540641575,3656.603889701096,False,3.875347466814572,57.23873912684449,441405.3987206562,860.1800638353043,0.0,0.0006357503315987,False,601039.75,1842.900390625,False,610072.3466796875,2501.821091607884,False,611237.9262695312,4947.449217946573,False,False,5.2434131156411,77.44501829332773,False,False
2MASS J10014264+0154262,150.42769767501,1.9073150891300004,2025051500145,-1,i,20250515,i_39,0.1697744655526277,150.42771967216785,1.907273367595496,745262194951193833,0,3635.81330645683,3567.491219758773,0.007213546,0.0065115895,150.42771967216785,1.907273367595496,3.8250903e-07,3.811208e-07,445229.0679584061,1538.355154186146,433332.5359794252,1016.7680153934892,False,444138.7789766107,1266.2101376683654,False,450745.3676760346,1714.7472739077073,False,451479.5846044206,2440.75345158522,False,452696.1605100262,3372.338083045088,False,0.8793847609186912,52.65696128963269,445862.3423356889,847.7523782438305,0.0,2.7731616158210848e-05,False,628175.5,1790.8865966796875,False,637519.6450195312,2425.2829906963307,False,640278.783203125,4769.725729347876,False,False,1.243773315978721,74.47630009433968,False,False
2MASS J10014264+0154262,150.42769767501,1.9073150891300004,2025051500146,-1,i,20250515,i_39,0.1659741886434996,150.4277180256594,1.907273714219342,745262195090654508,0,45.00636997064925,3219.3753853409567,0.0066137933,0.005994296,150.4277180256594,1.907273714219342,3.5212037e-07,3.4931003e-07,442436.4261306925,1290.377448745401,427725.7643853636,871.3791508443626,False,441711.82686921576,1070.5475984288626,False,449975.2464792233,1430.0724675754734,False,454034.8293829454,2016.451402727795,False,454320.1801971596,2776.0461402297296,False,2.1075916899480696,43.982119874796126,442074.1671252205,771.856994975014,0.0,2.7300828709053704e-05,False,704472.5,1707.3831787109375,False,717651.5717773438,2280.7782475617355,False,724581.171875,4427.429934091455,False,False,3.3613326528305763,70.14571958172012,False,False
2MASS J10014264+0154262,150.42769767501,1.9073150891300004,2025051500147,-1,i,20250515,i_39,0.1729691679849034,150.42772013432207,1.907272607941084,745262195221200957,0,2697.323489150317,188.3153171549138,0.0076339506,0.00797617,150.42772013432207,1.907272607941084,4.327272e-07,4.347245e-07,444290.3943449764,1466.596662499826,427657.4670619943,970.3685352883914,False,443545.445622004,1205.8245733426224,False,452631.7788713927,1626.736835019555,False,457754.6130598643,2312.45361370164,False,454792.9644783563,3189.0998681642623,False,0.9239063760808538,49.51433622617362,442297.9294329988,844.4530700872639,0.0,0.0005315778740723,False,647462.625,1760.1947021484375,False,660726.341796875,2374.618681765361,False,663881.1186523438,4655.268118316922,False,False,1.348666418325344,72.2782353523518,False,False
2MASS J10014264+0154262,150.42769767501,1.9073150891300004,2025051500149,-1,z,20250515,z_20,0.1667242869120154,150.42771824110264,1.907273588121964,745262195493307039,0,190.8271901798656,2812.453136785836,0.0087964805,0.008849353,150.42771824110264,1.907273588121964,4.9105114e-07,4.894772e-07,657179.9646302841,4181.57875176823,640029.9032986199,2614.846762521114,False,658274.9121325499,3375.316783810358,False,670526.2142104752,4700.845336043109,False,684689.8148931925,6815.754898838608,False,683109.1507993963,9490.800181519222,False,6.005068356191566,156.0399756743888,659470.4187440852,1791.8880963964962,0.0,1.0283943285727126e-05,False,402004.8125,2061.287109375,False,409486.6142578125,2870.7799934003674,False,417170.943359375,5795.978666551922,False,False,3.667261707969175,95.29274169096117,False,False
2MASS J10014264+0154262,150.42769767501,1.9073150891300004,2025051500150,-1,z,20250515,z_20,0.171126121133727,150.4277214235762,1.9072739040626256,745262195627524537,0,264.6522707759596,2365.363380457291,0.010611728,0.01406109,150.4277214235762,1.9072739040626256,7.3874514e-07,6.4196973e-07,663716.9639375105,4374.447437156788,641783.1108496045,2722.627983251119,False,661569.9252750645,3521.37026587544,False,672738.9543137738,4914.115203367542,False,661988.0832486367,7132.349467991336,False,658342.5149253746,9926.935119194502,False,-6.231784698677624,156.69236538892275,653225.3861281092,1969.3762386770677,0.0,2.395015077427676e-05,False,392473.34375,2089.036865234375,False,399099.3193359375,2915.2764534096395,False,390558.697265625,5889.109027741378,False,False,-3.6969778775889575,92.95703180388392,False,False
2MASS J10014264+0154262,150.42769767501,1.9073150891300004,2025051500151,-1,z,20250515,z_20,0.1685119504256741,150.427720853889,1.9072744147462768,745262195763314763,0,2158.742562526711,365.3531190729827,0.009775947,0.012402672,150.427720853889,1.9072744147462768,6.5395676e-07,5.850353e-07,655376.727503946,3532.188294704691,636098.8433307549,2226.9214844972184,False,653695.9474019777,2858.10556588347,False,663259.0813750997,3962.642046242971,False,672277.514136258,5730.99353994688,False,658878.6061149684,7966.586528731234,False,-4.143672413255702,125.34451789903444,647371.8888317544,1685.7494606371076,0.0,0.0010042087558377,False,466436.34375,2039.364501953125,False,473259.9951171875,2827.492315021193,False,470134.36328125,5684.455452718872,False,False,-2.956664207294245,89.43797016073589,False,False
2MASS J10014264+0154262,150.42769767501,1.9073150891300004,2025051500152,-1,z,20250515,z_20,0.1709821992348146,150.42772093470583,1.907273672151324,745262195893863107,0,2765.184113913616,2143.0384344523563,0.008677863,0.008903215,150.42772093470583,1.907273672151324,4.9110423e-07,4.8558456e-07,658229.1878652123,2053.5436941725657,635129.8964224635,1365.223299134856,False,658814.8629265922,1695.2851053526067,False,670235.5658427536,2279.9387627947094,False,677084.4588897447,3245.083827172205,False,677779.9024571805,4472.48564716404,False,-0.3145296405246332,69.10853400612493,656871.5063531634,1219.890509502811,0.0,3.632302434608548e-06,False,713167.75,1835.1478271484373,False,725530.6723632812,2468.035997817584,False,733697.4243164062,4841.470199573615,False,False,-0.3404786513844258,74.81005738699955,False,False
2MASS J10014264+0154262,150.42769767501,1.9073150891300004,2025051500153,-1,z,20250515,z_20,0.1709927084465834,150.4277192736627,1.907272779881097,745262196030177673,0,996.1730819467418,2557.6142895869843,0.014943937,0.016086087,150.4277192736627,1.907272779881097,8.7573585e-07,8.493119e-07,657622.7089265408,5234.247505053471,634785.5148055289,3223.675563513053,False,658527.3904099067,4198.498691312667,False,671460.5094958278,5886.856487349284,False,679397.3666380005,8557.084497621514,False,682489.9525137554,11932.984813355988,False,-1.4139917348234676,189.61658597968412,658485.9123068975,2383.8441889435567,0.0,0.0007124601005328,False,343284.71875,2188.6416015625,False,350026.6435546875,3068.7681378346365,False,355776.1982421875,6220.56332835462,False,False,-0.7371018458344697,98.84551096326248,False,False
2MASS J10014264+0154262,150.42769767501,1.9073150891300004,2025051500154,-1,z,20250515,z_20,0.1697891536095274,150.42772079449648,1.9072739735408584,745262196162297874,0,1612.627765744179,76.26171671451095,0.008950537,0.00978384,150.42772079449648,1.9072739735408584,5.2964174e-07,5.119128e-07,660530.6658453207,2840.3595884703027,637771.8262816027,1819.478336819512,False,661456.5327318141,2308.591415484369,False,676988.7172430411,3170.309221600843,False,683738.0299800038,4558.5300755571925,False,688693.9173049218,6319.566554856042,False,1.9813433643840896,98.1178446728222,646157.3175173562,1453.126731351321,0.0,0.0036223352525087,False,563723.4375,1967.4869384765625,False,576960.673828125,2701.8821704847887,False,586936.3793945312,5385.822961185995,False,False,1.688591217967864,83.62050405733952,False,False
2MASS J10014264+0154262,150.42769767501,1.9073150891300004,2025051500155,-1,z,20250515,z_20,0.171605901660258,150.42772090512884,1.9072734570901155,745262196295991373,0,3986.181206740984,276.8522705146397,0.00852655,0.009558575,150.42772090512884,1.9072734570901155,5.131305e-07,4.929375e-07,660524.6565941845,2100.020103968221,636336.6540070615,1388.2847124167688,False,661062.6451872136,1727.6270379370817,False,673085.3741411397,2332.967405863061,False,683610.9195043483,3317.276513681088,False,688981.5794728124,4575.678493551054,False,1.09967176693103,72.55409357579447,656719.7186978107,1234.5482980989473,0.0,0.0012793084677563,False,708211.0,1850.844970703125,False,721091.21484375,2499.359465404024,False,738121.1704101562,4902.025345386986,False,False,1.1781026312709515,77.72880155836833,False,False
2MASS J10014264+0154262,150.42769767501,1.9073150891300004,2025051500156,-1,z,20250515,z_20,0.1677956206152203,150.42772198907198,1.9072753152249784,745262196434403336,0,2141.1266966858384,34.134011702842564,0.007374971,0.009100181,150.42772198907198,1.9072753152249784,4.749691e-07,4.4496363e-07,660341.6902842323,2100.5127431844294,634938.3124358365,1389.9139375856507,False,659729.262204878,1730.033276440004,False,674357.6142096765,2331.544151294468,False,679848.2596716601,3321.1483975114406,False,,,True,-0.5231172871206244,70.52600295262043,657090.2534520072,1216.8272461206675,0.0,0.0006972003849632,False,699345.4375,1833.9202880859373,False,714852.2094726562,2471.551374101744,True,,,False,False,-0.5545300307015565,74.76102882747337,False,False
2MASS J10014264+0154262,150.42769767501,1.9073150891300004,2025051500157,-1,z,20250515,z_20,0.171035982009939,150.4277200673938,1.9072731804649816,745262196564951105,0,3370.8028862257734,288.6608601172561,0.008327271,0.008092481,150.4277200673938,1.9072731804649816,4.5434209e-07,4.5802915e-07,653848.1368617131,3102.8400582861755,636446.2592198453,1976.9677186010315,False,656054.7899552658,2519.852119830753,False,669542.5674990689,3474.4490018253264,False,674941.4191245277,5005.902646831141,False,677964.9014616976,6951.289818692876,False,5.104141039127584,108.76715728648708,651857.863317989,1487.578949789474,0.0,2.9226040452301483e-05,False,519481.84375,1995.2867431640625,False,530161.8291015625,2751.162252175064,False,536830.8598632812,5504.21840788847,False,False,4.041596278790733,86.12476316266705,False,False
2MASS J10014264+0154262,150.42769767501,1.9073150891300004,2025051500158,-1,z,20250515,z_20,0.1728940367049179,150.42772049083797,1.907272821850008,745262196699168920,0,2814.0824663165417,555.1103364759072,0.0098081585,0.00969957,150.42772049083797,1.907272821850008,5.4111075e-07,5.4264916e-07,667323.2109512922,3150.1099655457574,640537.69132624,2003.0424507099383,False,666327.1756083256,2554.181251260959,False,681364.3002481716,3512.1311817074074,False,685833.9756636393,5068.775382797097,False,696158.5192499077,7037.246666238749,False,3.858386231045917,110.06139338868974,662215.4008212044,1602.4059823843622,0.0,0.0004818497984615,False,517065.46875,1982.0277099609373,False,528734.177734375,2725.3905022305403,False,540214.3935546875,5460.856737331978,False,False,2.994082123924971,85.40691126974642,False,False
2MASS J10014264+0154262,150.42769767501,1.9073150891300004,2025051500159,-1,z,20250515,z_20,0.1675062965516653,150.4277186154225,1.9072735321603516,745262196833387064,0,3530.7797737240026,2502.6512288173094,0.010319951,0.009878123,150.4277186154225,1.9072735321603516,5.5856634e-07,5.638031e-07,659804.7894935182,3736.8861665343975,639754.5877477545,2340.06863329492,False,662279.1707240976,3012.206407741522,False,680215.8403571493,4184.391395888468,False,693499.4480372402,6054.114269494772,False,703571.3515923246,8425.585514845237,False,10.112368337930084,131.8135801474035,651434.4717064037,1725.3585555114294,0.0,0.0013975669656939,False,463133.5625,2106.44384765625,False,475676.72265625,2926.1558867287813,False,492009.29296875,5892.034066800356,False,False,7.071605722609744,92.1775825937583,False,False
2MASS J10014264+0154262,150.42769767501,1.9073150891300004,2025051500161,-1,z,20250515,z_20,0.1764394556617332,150.42772108189124,1.9072720217525487,745262197100249383,0,3909.4828404639447,729.7827332088883,0.0064030136,0.0067490847,150.42772108189124,1.9072720217525487,3.6689437e-07,3.6400775e-07,662451.8154709021,2185.968392547953,643141.4654105087,1441.8925419103236,False,664010.386871765,1796.2851325301187,False,680204.2960961278,2431.922370289366,False,684875.5570433751,3460.234227481657,False,685279.6182060381,4777.988670897076,False,3.5101088641384224,76.98640542805143,659848.5966233294,1208.7892582189093,0.0,4.234494271515565e-05,False,688673.9375,1863.005126953125,False,705469.3422851562,2522.252042368957,False,710733.1787109375,4955.459035541479,False,False,3.6404859627394615,79.84593616055375,False,False
2MASS J10014264+0154262,150.42769767501,1.9073150891300004,2025051500162,-1,z,20250515,z_20,0.17655745738919,150.42772221897098,1.9072726209121376,745262197234466936,0,2700.3754349352207,801.915970579763,0.014414183,0.015945055,150.42772221897098,1.9072726209121376,8.4928627e-07,8.393951e-07,660569.1392961058,5192.441761240272,632940.7010344047,3180.523434961619,False,659209.042528224,4142.127263937136,False,672747.5259273114,5806.598691763814,False,681692.0645700537,8444.85358534786,False,667042.3737756502,11765.770348572198,False,-4.383185317413314,191.44040788609053,656133.2591235526,2362.114526173801,0.0,0.0014169323387228,False,354739.34375,2228.997802734375,False,362024.791015625,3124.697746007804,False,358954.6845703125,6331.499392299386,False,False,-2.358718073815352,103.01958905218818,False,False
2MASS J10014264+0154262,150.42769767501,1.9073150891300004,2025051500163,-1,z,20250515,z_20,0.1692394087118753,150.42771706564318,1.9072722586622437,745262197368684581,0,1503.7445089306457,215.87842868867,0.014014414,0.013832539,150.42771706564318,1.9072722586622437,7.732138e-07,7.739581e-07,677264.2014208449,4832.748722313352,644692.4171245688,2978.0654463733717,False,675623.0952323413,3869.536335851236,False,689753.5411655159,5413.284207169785,False,693568.3570564641,7864.297261949332,False,725311.534217978,10960.0070440881,False,11.980848516448766,176.77501362930522,664471.0357977775,2215.965737599804,0.0,0.0009595840610658,False,388620.15625,2225.767333984375,False,396748.025390625,3113.735112463155,False,417201.0751953125,6304.22447076041,False,False,6.891415132676511,101.68144621239104,False,False
2MASS J10014264+0154262,150.42769767501,1.9073150891300004,2025051500164,-1,z,20250515,z_20,0.1712404234057845,150.4277204893434,1.9072733436904936,745262197502902637,0,2019.9604112150937,1146.6341933347826,0.008204271,0.009770008,150.4277204893434,1.9072733436904936,5.0315333e-07,4.991764e-07,658353.4406446316,2066.0787617201363,627289.550044875,1361.337154434784,False,656944.0537134289,1692.5945047414343,False,672512.9362251731,2280.112905265889,False,679721.4950390218,3238.077431145011,False,682241.978007967,4463.255190538422,False,0.2846882614501146,70.17725668033164,659659.564066146,1239.018273683544,0.0,0.0004544311493119,False,710979.9375,1831.816162109375,False,727829.4135742188,2467.659950212511,False,738358.7021484375,4830.373116977482,False,False,0.3081048396566812,75.94957483284962,False,False
2MASS J10014264+0154262,150.42769767501,1.9073150891300004,2025051500165,-1,z,20250515,z_20,0.1676574480518719,150.42771850840273,1.9072734315210176,745262197640791321,0,1928.2448187718308,3543.6669645357574,0.005973047,0.0065192045,150.42771850840273,1.9072734315210176,3.474366e-07,3.4731156e-07,658610.6673689168,2104.8013041097443,643230.8168589069,1398.2581250903836,False,659187.8046274456,1737.6928424021685,False,669667.1224256513,2346.1588986074435,False,674641.5931252323,3339.105518326516,False,676503.6922859177,4608.608364335022,False,4.242023656038427,72.2781748773673,652674.0151369817,1151.420827292927,0.0,6.5933234724036e-05,False,703330.9375,1854.05908203125,False,714512.0126953125,2503.2716414014144,False,721806.3999023438,4917.228168822127,False,False,4.526094769888682,77.11835100775032,False,False
2MASS J10014264+0154262,150.42769767501,1.9073150891300004,2025051500166,-1,z,20250515,z_20,0.1666395150398332,150.42772017710757,1.9072746309385475,745262197770814163,0,3600.3896241190646,3072.8463788537565,0.010019072,0.009516043,150.42772017710757,1.9072746309385475,5.43136e-07,5.424081e-07,665725.4191259635,3402.806645841058,642324.6636786481,2146.6848944274425,False,665644.3702829977,2751.299900349644,False,678705.9202484579,3808.5017821478295,False,684688.7860091545,5500.89810781775,False,676778.501114293,7643.525572596052,False,-1.0314691571472585,122.15168714436736,654729.9785726239,1623.313882014496,0.0,0.0002060777167847,False,500883.53125,2070.2958984375,False,510712.07568359375,2865.818305656372,False,509261.73291015625,5751.593870423482,False,False,-0.7761590676230443,91.9166016216794,False,False
2MASS J10014264+0154262,150.42769767501,1.9073150891300004,2025051500167,-1,z,20250515,z_20,0.1675447841574678,150.4277198783337,1.9072741800798625,745262197907128463,0,36.7161556903656,474.7292671464703,0.008091817,0.00878117,150.4277198783337,1.9072741800798625,4.678087e-07,4.702639e-07,662502.6236802444,1998.1916912397328,623472.6282680953,1315.136937271939,False,661965.4179231741,1633.4341651805162,False,684949.0632074783,2196.2609219493265,False,691793.3716952782,3113.4078754210136,False,694999.141678084,4287.913181764108,False,1.1083969821357664,67.65655084603071,659953.3802016178,1225.01466496779,0.0,7.094615004810123e-06,False,734624.75,1812.724853515625,False,760131.1499023438,2437.3291822157444,False,771284.35546875,4758.567538252797,False,False,1.2300579967709766,75.08273907579851,False,False
2MASS J10014264+0154262,150.42769767501,1.9073150891300004,2025051500168,-1,z,20250515,z_20,0.1693954410987395,150.42772004976985,1.907273688274809,745262198038201322,0,3532.256656042048,3463.2712147468624,0.008619237,0.008787824,150.42772004976985,1.907273688274809,4.831286e-07,4.840056e-07,663045.7144727348,2193.6989500614072,628521.1961572838,1432.0191498327672,False,663032.5180800899,1789.0872951555566,False,683332.1680199946,2420.535530286182,False,690140.2974759269,3445.150620580583,False,691732.2827903783,4752.005648542532,False,1.2740082473667278,75.25750666381711,660757.0193823389,1293.7115785343549,0.0,0.0006711816627519,False,680382.0,1835.902099609375,False,701212.828125,2483.873355014301,False,709832.7475585938,4876.350735449327,False,False,1.3073450482788596,77.22675962743072,False,False
2MASS J10014264+0154262,150.42769767501,1.9073150891300004,2025051500169,-1,z,20250515,z_20,0.1751914103967468,150.4277241526147,1.9072742488895051,745262198177661718,0,1845.819105792288,2596.4234008661456,0.007745483,0.00717552,150.4277241526147,1.9072742488895051,4.1680443e-07,4.127285e-07,663573.3498330094,2636.159997322068,639760.0379001958,1704.9363558319903,False,659220.6842363722,2152.648456704527,False,667553.8313297365,2942.244413983182,False,668327.0718706136,4221.861891943714,False,664435.3687221718,5850.940373888483,False,0.0130842887410563,92.9148522250292,651423.7114581184,1343.3009992649363,0.0,0.0004938635975724,False,588900.625,1923.022216796875,False,596344.8627929688,2628.390788897297,False,593559.0512695312,5226.811787636791,False,False,0.0116885680342604,83.0034855633908,False,False
2MASS J10014264+0154262,150.42769767501,1.9073150891300004,2025051500170,-1,z,20250515,z_20,0.1704482332032063,150.4277206863272,1.907273703397928,745262198308209159,0,3281.609279889285,1501.2915130676763,0.0071511096,0.0070286766,150.4277206863272,1.907273703397928,3.9450268e-07,3.9337047e-07,663137.4734594774,2417.5274305042344,640997.7985376203,1577.5089149706232,False,660399.1066088235,1979.446422874218,False,669955.357008303,2693.672183663892,False,669797.929461349,3853.7863314481383,False,670633.3870917507,5331.798935702946,False,-0.0707603636110489,85.84770075599057,660536.7765922663,1290.663985906854,0.0,0.0005999397377725,False,633263.875,1898.1126708984373,False,642427.4672851562,2582.991509128605,False,643077.6376953125,5112.7199006707615,False,False,-0.0678528810961646,82.32029252695641,False,False
2MASS J10014264+0154262,150.42769767501,1.9073150891300004,2025051500171,-1,z,20250515,z_20,0.1799355412536476,150.4277247047453,1.9072730366328488,745262198440854396,0,3840.687668438045,3026.4090041296085,0.0075689377,0.0072090435,150.4277247047453,1.9072730366328488,4.125358e-07,4.086666e-07,662584.8843088383,2751.9661830859127,643425.4932190144,1776.0431882017335,False,660344.3173380613,2246.9912278949328,False,669299.3287444114,3081.7672791597383,False,669341.8075104249,4430.147784692472,False,667097.4357998449,6140.196196497691,False,0.2244403467335017,95.8949488174028,653059.565148072,1369.208799369758,0.0,0.0032532483726956,False,570886.75,1942.5888671875,False,578628.6162109375,2664.276893224413,False,576725.0161132812,5308.377098044097,False,False,0.1940351673382632,82.90395515549929,False,False
2MASS J10014264+0154262,150.42769767501,1.9073150891300004,2025051500173,-1,z,20250515,z_20,0.1642725636085406,150.4277160814027,1.9072733303873657,745262198709290157,0,2839.2271650882285,3799.093951829067,0.0064636394,0.0061409357,150.4277160814027,1.9072733303873657,3.5259936e-07,3.4787348e-07,667351.947217417,2482.147082252,648244.2118595297,1621.1220816388757,False,665038.6246395041,2036.3027435630825,False,673005.9719288278,2773.3042986829146,False,674651.8861364529,3971.2210804247807,False,669240.1844213587,5491.329178054523,False,-0.0630385703169715,87.4935343956122,654629.6141101676,1259.033135620556,0.0,0.0006881545587195,False,623842.0,1910.1614990234373,False,631315.8002929688,2601.508598446864,False,627783.2890625,5151.1621282942215,False,False,-0.0591335695802594,82.07364123251445,False,False
2MASS J10014264+0154262,150.42769767501,1.9073150891300004,2025051500174,-1,z,20250515,z_20,0.1691274452610323,150.4277189786147,1.907273211151553,745262198848750513,0,98.6002227749105,2907.2492324533814,0.0060800673,0.0061653852,150.4277189786147,1.907273211151553,3.3943166e-07,3.4096138e-07,659590.0558659178,2695.174129693856,644935.9439271364,1746.8112065584148,False,658564.9162171322,2205.932073256338,False,666281.2650639082,3020.536641500772,False,669318.4104194489,4338.021851552596,False,660772.0419147138,6011.302618412236,False,3.7173698320069968,94.1213582884278,656949.6782601003,1315.893648198221,0.0,3.7184380796806416e-05,False,578743.0625,1938.5604248046875,False,585524.1455078125,2654.4302364859946,False,580682.671875,5282.698184072597,False,False,3.266803238439613,82.71330859135038,False,False
2MASS J10014264+0154262,150.42769767501,1.9073150891300004,2025051500175,-1,z,20250515,z_20,0.1740376185387958,150.4277188280375,1.9072716130857492,745262198979297579,0,985.4512484372884,880.2849540275259,0.00695087,0.00671557,150.4277188280375,1.9072716130857492,3.8185289e-07,3.774942e-07,665608.7560425542,2740.429414764185,646372.839790848,1770.814559204697,False,662295.1517789246,2239.268719479802,False,668456.6200486501,3069.499403147101,False,666721.8015425373,4409.081549005546,False,658369.3704208262,6108.1723818473365,False,-2.473362658137136,99.64815311245644,650639.9600780692,1334.3846826153235,0.0,0.000317626301809,False,579634.6875,1959.78759765625,False,585027.1484375,2686.3979338301165,False,576198.8793945312,5345.816861618881,False,False,-2.1646644816479683,87.21115643704888,False,False
2MASS J10014264+0154262,150.42769767501,1.9073150891300004,2025051500176,-1,z,20250515,z_20,0.1567060006846438,150.42771833198367,1.907276767143294,745262199117185591,0,33.45343391821464,3011.07757070853,0.008810414,0.008702853,150.42771833198367,1.907276767143294,4.877089e-07,4.854583e-07,657301.6646531554,5328.900530709325,645665.624682587,3294.2679694072654,False,656068.5504660456,4287.913748507813,False,665911.0685409033,6015.09382495081,False,664719.9258473611,8747.769496260951,False,,,True,2.027386413710278,194.9534635764891,653544.9586875448,1992.6153893866813,0.0,0.0001594946733339,False,338533.125,2212.574951171875,False,343611.890625,3103.80448549513,True,,,False,False,1.0461368064790422,100.5965081045875,False,False
2MASS J10014264+0154262,150.42769767501,1.9073150891300004,2025051500178,-1,z,20250515,z_20,0.1686844542890387,150.42771945609917,1.9072735961340737,745262199381951286,0,2923.67809366975,2543.0475350359984,0.0062699057,0.0076480196,150.42771945609917,1.9072735961340737,4.0564186e-07,3.7067247e-07,660071.7334040037,2469.8471172629584,644017.7851437869,1609.8598087976943,False,661568.4982243977,2021.9097645983557,False,674759.6364318719,2754.499456137323,False,679298.771354674,3940.1892702729538,False,677214.3485393253,5449.100855271257,False,3.6112825097359686,86.57529933484265,655504.5450050517,1277.038775481561,0.0,0.0006964859267094,False,624881.1875,1909.78466796875,False,637340.810546875,2601.748565324476,False,639659.396484375,5146.920723081666,False,False,3.4110186762797885,81.77426222941844,False,False
2MASS J10014264+0154262,150.42769767501,1.9073150891300004,2025051500179,-1,z,20250515,z_20,0.1758988761139498,150.42772059816895,1.9072719325716463,745262199519839052,0,127.95555391017204,2412.15650190948,0.00551144,0.0069260118,150.42772059816895,1.9072719325716463,3.6401093e-07,3.307496e-07,661990.20783916,2490.440774909094,650147.8608216189,1633.2925425050882,False,662089.3182406729,2051.2918068935187,False,670732.6295481878,2793.6471864452315,False,668991.0705509746,4004.268309403338,False,666496.805684343,5539.837903934558,False,-0.0269974222761216,86.55406947378933,657532.5025496051,1237.8252455551474,0.0,0.0002190805926176,False,617767.1875,1913.9725341796875,False,625831.8911132812,2606.632545928211,False,621879.6252738833,5168.985493095529,False,False,-0.02519013850516,80.75989536817406,False,False
2MASS J10014264+0154262,150.42769767501,1.9073150891300004,2025051500180,-1,z,20250515,z_20,0.1671026764685974,150.42771973866095,1.907274244172996,745262199654056381,0,223.9204487955471,1951.5976397041995,0.008643131,0.009685538,150.42771973866095,1.907274244172996,5.2134135e-07,4.9851354e-07,666645.6811875651,3946.859160974645,642374.639744812,2467.709396750674,False,663476.2702796789,3180.5898394529927,False,673790.1020952436,4424.264376333931,False,679290.9427143997,6407.307416940262,False,683616.4261557172,8906.122399322521,False,3.863050046271525,144.08305321185526,665817.724609844,1761.6323322777605,0.0,0.0031271286793368,False,436533.0625,2092.66357421875,False,443319.0302734375,2910.93708098494,False,449784.2431640625,5859.767802000296,False,False,2.5416870848731627,94.79919522428182,False,False
2MASS J10014264+0154262,150.42769767501,1.9073150891300004,2025051500181,-1,z,20250515,z_20,0.1719865785233142,150.4277199396059,1.9072728138808248,745262199789846554,0,1964.637843834124,99.76184602926298,0.008178915,0.0097759,150.4277199396059,1.9072728138808248,5.163861e-07,4.8471463e-07,664052.3961155136,2596.697200037147,641284.8880713705,1681.904911995775,False,663062.5783567423,2123.3807355392696,False,674422.1725477398,2904.343171710909,False,676276.3277063224,4162.235433701739,False,676321.0120985921,5764.364798705286,False,0.5579996331892372,89.30952453875993,657650.0521091558,1385.4037096070997,0.0,0.0043295089511792,False,597420.9375,1913.1710205078125,False,607655.9584960938,2616.8200062886444,False,609366.8173828125,5193.706196885834,False,False,0.5027589776077136,80.46809097544764,False,False
2MASS J10014264+0154262,150.42769767501,1.9073150891300004,2025051500182,-1,z,20250515,z_20,0.1702224429775431,150.4277210095423,1.9072739566544972,745262199920394659,0,2439.2416353864774,1615.0875516869555,0.00902211,0.010836467,150.4277210095423,1.9072739566544972,5.7003143e-07,5.372804e-07,662971.8582971888,2959.2595207116256,641327.4288399282,1892.1282037217852,False,662988.0814935974,2406.3468888179577,False,675429.823084023,3307.694245684392,False,681688.9306453022,4766.441712758847,False,680266.3583423006,6608.45950735117,False,-0.7164560916033009,104.1347076095128,656830.3403668691,1515.488598290962,0.0,0.0010681622277193,False,547914.75,1988.6827392578125,False,558197.0068359375,2733.5852880156253,False,562194.0756835938,5461.444239990319,False,False,-0.5921024393567333,86.06028355389117,False,False
2MASS J10014264+0154262,150.42769767501,1.9073150891300004,2025051900219,-1,y,20250519,y_10,0.1724147411897101,150.42771937706064,1.9072723892401384,745279797070922334,0,3002.4213904351504,2972.8425323010288,0.014339396,0.011266044,150.42771937706064,1.9072723892401384,6.673462e-07,7.624786e-07,794402.4921407145,4386.149711583749,754971.2994994208,2768.988844010806,False,792555.1300211938,3516.6707472020425,False,821312.8057347428,4823.203131945651,False,838435.1677126278,6936.019826712028,False,835881.7200197987,9614.808377716245,False,0.8202175029156952,152.1021718318145,792233.7333842939,2339.4913839075634,0.0,0.0001118215741641,False,337341.3125,1496.8275146484375,False,349581.6623535156,2052.9369041383243,False,355782.7409667969,4092.42455788288,False,False,0.349115460222501,64.74041279434118,False,False
2MASS J10014264+0154262,150.42769767501,1.9073150891300004,2025051900220,-1,y,20250519,y_10,0.3379383409839763,150.42777335353048,1.90725949224836,745279797208810075,0,201.26798749982916,2763.4496845598906,0.05006329,0.01966383,150.42777335353048,1.90725949224836,1.6547211e-06,2.4887913e-06,785033.7037062946,4376.181544039404,721912.5445217337,2752.2862411941765,False,782480.7156905121,3511.510916348311,False,808924.4565882001,4827.656075591284,False,826085.4605710168,6933.783671710318,False,831692.6393258657,9609.030352777216,False,2.3662503754565893,150.08505580681032,599693.1776266341,2194.500430856024,0.0,0.6403220488611816,False,332310.40625,1491.297607421875,False,343540.7536621094,2050.249059875295,False,353210.1345214844,4080.842781386767,False,False,1.004918853320603,63.73936745930186,False,False
2MASS J10014264+0154262,150.42769767501,1.9073150891300004,2025051900221,-1,y,20250519,y_10,0.1715945443389538,150.4277184827594,1.9072721999261717,745279797343027706,0,257.4157343203115,2315.9715148392715,0.013520298,0.012965385,150.4277184827594,1.9072721999261717,7.28269e-07,7.437088e-07,796317.573621711,4330.469630821085,752416.407557148,2739.7396498423013,False,794952.5331209885,3478.617967874883,False,825691.4962916031,4773.390575029221,False,840005.0326605412,6844.536530006522,False,846363.9656158235,9483.446248050092,False,1.7010095972344577,149.568141773704,797305.4033565201,2410.636990690689,0.0,0.0002775911991295,False,338589.9375,1481.62939453125,False,351682.421875,2033.1050586340489,False,360487.3376464844,4039.234216671386,False,False,0.7245020415915309,63.70476936066574,False,False
2MASS J10014264+0154262,150.42769767501,1.9073150891300004,2025051900222,-1,y,20250519,y_10,0.1657892928722175,150.42771870199394,1.907274111136442,745279797478817871,0,2098.942933610552,294.7502649322599,0.012169729,0.011297338,150.42771870199394,1.907274111136442,6.410803e-07,6.6358666e-07,803146.658251098,4339.526946086158,760475.7686771736,2748.252118153596,False,803728.7475691207,3489.910831269554,False,832894.9874411188,4782.514211260127,False,859247.2879707889,6881.33244430137,False,895050.098329344,9531.144946779355,False,17.336422135452825,150.07802516753276,797937.6587022971,2308.241953043279,0.0,3.772781080380039e-05,False,342756.25,1488.299072265625,False,355194.4152832031,2039.5396352079024,False,381700.93603515625,4064.6294039440113,False,False,7.393249348784524,64.00191764872177,False,False
2MASS J10014264+0154262,150.42769767501,1.9073150891300004,2025051900223,-1,y,20250519,y_10,0.1719908611019934,150.42771997108193,1.90727282910965,745279797609366034,0,2663.6673289200307,2024.031857810696,0.01099566,0.009179973,150.42771997108193,1.90727282910965,5.4046086e-07,5.841673e-07,793839.0455296305,4395.591518474465,760691.3696729362,2791.825611246204,False,793362.9311213448,3542.626603230194,False,819821.977537145,4863.425747630111,False,829001.3400310737,6991.189083620998,False,820297.3727808314,9677.186770843033,False,1.3525207319656698,154.02206839362145,785092.4206720992,2241.948141071753,0.0,0.00016102905046,False,337336.90625,1506.3203125,False,348587.2590332031,2067.9224238058123,False,348789.396484375,4114.727470144828,False,False,0.5750900898727526,65.48998700089669,False,False
2MASS J10014264+0154262,150.42769767501,1.9073150891300004,2025051900224,-1,y,20250519,y_10,0.1714331679603899,150.42771970659595,1.9072728654139637,745279797745680977,0,905.776768408048,2454.8493521906144,0.01098938,0.010105329,150.42771970659595,1.9072728654139637,5.7661947e-07,5.964372e-07,807136.2040291016,4411.105616852607,766195.0912471842,2791.4415782181804,False,805236.7317758279,3544.998190442528,False,827415.705299375,4864.290277907065,False,851535.8939959682,6995.031553032133,False,858098.9125949149,9692.122250559223,False,11.165375885243408,156.43070040892206,796701.203523277,2275.5958486250893,0.0,5.437945826969326e-07,False,343234.75,1511.06689453125,False,352688.60888671875,2073.4193952911533,False,365767.4248046875,4131.2983205617775,False,False,4.759277426621972,66.6790897985623,False,False
2MASS J10014264+0154262,150.42769767501,1.9073150891300004,2025051900226,-1,y,20250519,y_10,0.1713870807474182,150.4277196365669,1.907272843414551,745279798011494423,0,3912.797865013791,162.2393503390067,0.011175114,0.009445298,150.4277196365669,1.907272843414551,5.581943e-07,5.908535e-07,799298.7439148711,4423.688943070186,758814.4531677678,2798.696711026396,False,797087.5743164351,3558.069659210239,False,822684.7199310523,4892.880659558846,False,834676.1650486948,7032.066343008514,False,835599.7148344447,9739.39973027027,False,4.838290185043799,153.74697978611565,785474.3326380872,2253.9773524656603,0.0,0.0015881352658702,False,341417.28125,1524.0313720703125,False,352381.3310546875,2095.772241462783,False,357913.22314453125,4171.686379338527,False,False,2.0723894514261194,65.8545905498404,False,False
2MASS J10014264+0154262,150.42769767501,1.9073150891300004,2025051900228,-1,y,20250519,y_10,0.1755087695889423,150.42771908027655,1.9072712813439512,745279798280454200,0,3301.8146007038804,229.6535457747325,0.012283858,0.0102115385,150.42771908027655,1.9072712813439512,6.117408e-07,6.4308375e-07,798533.2051927648,4489.108424629401,759639.5717091413,2837.287296737757,False,797268.378659133,3608.207776038778,False,821786.177811359,4956.318380796558,False,828174.5251875294,7128.10122370028,False,826447.4616527548,9881.87818627375,False,2.306418576829854,153.19584296542527,787105.9504162389,2303.399907884601,0.0,0.0026175882822835,False,337746.71875,1528.544677734375,False,348133.19140625,2099.644630343542,False,350107.8505859375,4186.2590086846,False,False,0.9770678572483285,64.8983387184284,False,False
2MASS J10014264+0154262,150.42769767501,1.9073150891300004,2025051900229,-1,y,20250519,y_10,0.1717523735892273,150.42771926895438,1.9072725407331508,745279798414672019,0,2744.1258520477763,498.4421202986531,0.011695581,0.00955063,150.42771926895438,1.9072725407331508,5.789227e-07,6.0722675e-07,799239.5871683548,4433.081722934165,762848.9175148493,2808.692156326387,False,795852.2616389679,3566.389292647151,False,822267.0379036502,4895.724777786159,False,837239.432704606,7034.518742421718,False,834961.8666324744,9757.840627821692,False,4.55419998770566,151.06305915292316,793208.7428448226,2275.1259854645227,0.0,3.487035134863703e-06,False,336956.53125,1509.9764404296875,False,348140.3046875,2072.8048641593864,False,353515.1784667969,4131.380017278484,False,False,1.9282064077016297,63.95871051161716,False,False
2MASS J10014264+0154262,150.42769767501,1.9073150891300004,2025051900230,-1,y,20250519,y_10,0.168250131074062,150.42771857389414,1.9072732801843344,745279798548890187,0,3450.6427933026653,2447.39850158658,0.0120979985,0.009473248,150.42771857389414,1.9072732801843344,5.8895034e-07,6.180848e-07,789336.9742160558,4415.3048070165305,761154.373694193,2799.949780785658,False,796061.866186637,3554.968728153849,False,825626.0044189427,4892.647143853498,False,844079.3134984465,7027.669901701986,False,853161.6768559429,9735.146333684925,False,8.648943766514424,150.9669121262847,792817.5065816966,2290.587915386173,0.0,0.0002206755741693,False,336681.5625,1503.516845703125,False,349185.2392578125,2069.2664164967755,False,360831.0090332031,4117.323562416118,False,False,3.657931657037829,63.84902734250701,False,False
2MASS J10014264+0154262,150.42769767501,1.9073150891300004,2025051900232,-1,y,20250519,y_10,0.1591385827978985,150.42771889403903,1.907276303206104,745279798815752341,0,3868.14383368395,672.7747627762442,0.008507385,0.009089274,150.42771889403903,1.907276303206104,4.9144376e-07,4.868431e-07,801533.3910353158,4448.305252362568,765415.4716572717,2820.673574617909,False,796549.0522126303,3582.225834677193,False,812728.4661113753,4919.421535834088,False,828877.4710023481,7079.380483755865,False,832810.9143908119,9812.93151227372,False,10.087177593865356,156.4596715600596,785316.9461593094,2183.4694111943995,0.0,0.0008054369118339,False,341807.65625,1537.171142578125,False,348750.41455078125,2110.976016603642,False,357368.00634765625,4210.83310793608,False,False,4.328515013556577,67.1385063920873,False,False
2MASS J10014264+0154262,150.42769767501,1.9073150891300004,2025051900233,-1,y,20250519,y_10,0.1715699850005635,150.4277184739155,1.907272203222501,745279798949970080,0,2659.515267838355,743.3230489889518,0.010450736,0.010780967,150.4277184739155,1.907272203222501,5.9089234e-07,5.888993e-07,797606.8724375297,4429.422618295472,759269.2774146261,2805.521105812358,False,792323.3309612164,3563.598967229484,False,817096.8819148658,4903.791125041137,False,832941.6605454967,7049.892061855881,False,840090.5569148886,9766.177187174344,False,7.076342198316555,152.3127565110968,787991.5775200797,2277.301739685266,0.0,0.000802697023358,False,338675.1875,1523.2449951171875,False,349264.5349121094,2096.104347601797,False,359093.08203125,4174.510279801916,False,False,3.024751925355499,65.10543026349755,False,False
2MASS J10014264+0154262,150.42769767501,1.9073150891300004,2025051900234,-1,y,20250519,y_10,0.1768207334815143,150.4277212698255,1.907272003537,745279799084187689,0,1458.8270454330582,132.6670969862556,0.009137826,0.010056002,150.4277212698255,1.907272003537,5.356491e-07,5.3198636e-07,802074.254137001,4417.110019673814,765737.5133925026,2805.583010274755,False,798494.7740753947,3561.447014125351,False,819188.6197173225,4886.900578584321,False,834052.2409290973,7028.665457972936,False,836408.616711029,9739.085234234966,False,6.53645704211625,153.66329528064935,788463.3256577555,2237.76714141526,0.0,0.0010661783819632,False,341571.84375,1523.47900390625,False,350424.0432128906,2090.467834035415,False,357790.2355957031,4166.085249271697,False,False,2.796098053432605,65.73249667975433,False,False
2MASS J10014264+0154262,150.42769767501,1.9073150891300004,2025051900235,-1,y,20250519,y_10,0.1681265857721607,150.42771871632797,1.9072733900384653,745279799218405617,0,1975.021688321402,1052.3991775796885,0.010399836,0.010827697,150.42771871632797,1.9072733900384653,5.9024086e-07,5.8938423e-07,802632.8391620752,4446.20337749167,762737.3903109413,2815.3025127081432,False,800241.4603785581,3577.331141292104,False,821064.3273977883,4916.409855886343,False,844522.8409141633,7053.607075965097,False,880060.1715142538,9785.054845206258,False,20.12503763790254,152.64630255608498,792960.0096772403,2284.6355178194344,0.0,0.0001344766560342,False,341720.03125,1527.5960693359375,False,350611.8359375,2099.411006268708,False,375804.3093261719,4178.4254041337335,False,False,8.59381678034805,65.18320014934827,False,False
2MASS J10014264+0154262,150.42769767501,1.9073150891300004,2025051900236,-1,y,20250519,y_10,0.1720379852668342,150.42771915987316,1.9072723967842176,745279799356293937,0,1877.7991118187288,3477.669290373503,0.010349477,0.009009329,150.42771915987316,1.9072723967842176,5.393954e-07,5.389511e-07,795261.4909848431,4377.121813109835,765063.5394554565,2780.415009853084,False,798145.5982936793,3528.5529139228224,False,821952.3620522654,4843.052820475173,False,847252.8515776456,6958.731962620142,False,865858.5202269775,9650.184783750066,False,17.686390841252546,145.3573283215262,791936.0786629095,2209.873122551124,0.0,0.0009530797804335,False,340578.78125,1505.677978515625,False,350737.4272460937,2066.591647755845,False,369472.7380371094,4117.855413239482,False,False,7.547005772258304,62.02580310075933,False,False
2MASS J10014264+0154262,150.42769767501,1.9073150891300004,2025051900237,-1,y,20250519,y_10,0.1719398730047581,150.42771883996434,1.9072722678586416,745279799486317242,0,3534.2930174765315,2955.1133755407336,0.00795303,0.010131048,150.42771883996434,1.9072722678586416,5.036774e-07,5.0823996e-07,800588.7377798778,4342.492032558849,769971.7519554843,2760.901144117843,False,801959.0914273954,3499.230541732401,False,829474.5181207276,4802.033366859203,False,845933.4607296512,6893.658151817207,False,866449.2534306694,9554.145058135431,False,16.96323282964757,149.63102647777816,790142.3510625896,2165.870481154974,0.0,0.0002490302635411,False,339530.625,1481.491943359375,False,351180.009765625,2033.0680302140693,False,366834.2434082031,4045.000396660596,False,False,7.181833969136058,63.35025873821781,False,False
2MASS J10014264+0154262,150.42769767501,1.9073150891300004,2025051900239,-1,y,20250519,y_10,0.1692647551929141,150.4277187925428,1.9072730744307973,745279799753704271,0,3490.6224987541177,3383.7379690678467,0.008398784,0.009870349,150.4277187925428,1.9072730744307973,5.0507236e-07,5.132471e-07,790299.723809315,4308.857603462806,764247.685095236,2747.381972033254,False,795230.822316246,3478.862104873906,False,823202.977730352,4769.755974887689,False,842292.7660799348,6848.148194178899,False,843301.7004580065,9487.297770497324,False,13.076881100745515,149.98474390349264,785013.4857164859,2178.553310795316,0.0,0.0009098508120624,False,338663.15625,1481.53515625,False,350575.5949707031,2031.285216401452,False,359134.99267578125,4040.334098069544,False,False,5.569021852781343,63.87366451888477,False,False
2MASS J10014264+0154262,150.42769767501,1.9073150891300004,2025051900240,-1,y,20250519,y_10,0.1683399635498774,150.4277194735348,1.9072737133974664,745279799893164639,0,1789.9300091821126,2540.294668257912,0.009300523,0.010960825,150.4277194735348,1.9072737133974664,5.581296e-07,5.713632e-07,801227.9640271863,4265.054296397465,760380.9903274904,2715.0487432241844,False,796158.4664002362,3437.847602563568,False,821983.4204466165,4707.937013830798,False,824291.8596062781,6752.653300778956,False,824363.1303076987,9351.143248993993,False,2.9665889788264765,150.75619252512118,796286.2116880362,2226.2670175323824,0.0,0.0001430489691301,False,339188.15625,1464.6295166015625,False,350190.38623046875,2005.7269285630312,False,351204.2163085937,3983.876541308317,False,False,1.263858752428164,64.22680552160327,False,False
2MASS J10014264+0154262,150.42769767501,1.9073150891300004,2025051900241,-1,y,20250519,y_10,0.1711033739197952,150.42771874562044,1.907272480446408,745279800023712084,0,3240.6720449701497,1433.3778208208837,0.009584538,0.00993591,150.42771874562044,1.907272480446408,5.406941e-07,5.4413664e-07,796615.4791827423,4292.560070502697,760018.0702589762,2732.190776430582,False,794519.0503964103,3460.703989861931,False,814027.1059395965,4739.15912300385,False,829889.6455677678,6815.541710883427,False,825975.5220348773,9436.755238213183,False,7.508224521415074,145.94086937907065,792881.2719320143,2238.659799633814,0.0,2.504306166728476e-05,False,338256.15625,1473.3497314453125,False,346561.4572753906,2017.635383323524,False,351648.3400878906,4017.5758564347034,False,False,3.196528976377246,62.1324277766755,False,False
2MASS J10014264+0154262,150.42769767501,1.9073150891300004,2025051900242,-1,y,20250519,y_10,0.1688623929042453,150.4277169839148,1.9072723366717228,745279800156357299,0,3804.760251928849,2963.033403138777,0.01010774,0.010557918,150.4277169839148,1.9072723366717228,5.717181e-07,5.768202e-07,796190.2248184447,4275.913308686203,755768.4547985519,2717.944541736726,False,789636.0671445174,3442.2343476018264,False,809140.0028265514,4707.04999773527,False,817801.0595530855,6766.601610124279,False,818861.1874200786,9368.356216653783,False,4.550398018490249,148.58662969280817,786636.9948701749,2232.770678195349,0.0,1.0452449475950589e-05,False,337618.28125,1471.7681884765625,False,345957.4206542969,2012.5551454862168,False,350113.82861328125,4005.551994911007,False,False,1.9455767307611007,63.52997870908411,False,False
2MASS J10014264+0154262,150.42769767501,1.9073150891300004,2025051900244,-1,y,20250519,y_10,0.1714901167842762,150.42771916838788,1.907272571502984,745279800424792987,0,2808.3843902194467,3734.8307723622343,0.00902086,0.010953425,150.42771916838788,1.907272571502984,5.4266985e-07,5.7193694e-07,796404.2487360563,4328.635365073612,764979.3800815182,2755.667100152317,False,799371.6535990204,3490.14171141651,False,827473.0072632687,4785.590759609994,False,842772.3304436345,6864.06317845072,False,827719.2468141036,9502.462070198102,False,6.250368103366106,146.40869010882952,787039.614296439,2218.629571810555,0.0,0.0004419599810562,False,336880.6875,1470.85693359375,False,348723.4934082031,2016.800443113733,False,348827.2666015625,4004.6403206045993,False,False,2.634104292177299,61.701287452179145,False,False
2MASS J10014264+0154262,150.42769767501,1.9073150891300004,2025051900245,-1,y,20250519,y_10,0.1721354056606478,150.42772009825063,1.9072728509149897,745279800564253329,0,53.2847374741275,2856.512006364027,0.01050447,0.009866753,150.42772009825063,1.9072728509149897,5.718368e-07,5.606664e-07,796208.910812838,4311.587854294669,759276.0899143722,2738.8934767181263,False,793774.4454512823,3470.5391835033056,False,813868.8033903599,4761.720700758041,False,830285.2329686184,6839.382505459212,False,827767.3280682348,9468.69001144421,False,4.568768576423187,149.21665316314196,789191.0007782216,2234.0609056337485,0.0,2.884288262117174e-06,False,336095.375,1469.4755859375,False,344603.6115722656,2016.1801803239837,False,350488.4443359375,4009.177844401157,False,False,1.9344815101828703,63.180450427071776,False,False
2MASS J10014264+0154262,150.42769767501,1.9073150891300004,2025051900246,-1,y,20250519,y_10,0.174334882051465,150.4277208119301,1.9072725404769508,745279800694800578,0,955.3530144267008,799.1877745563864,0.010809341,0.010269313,150.4277208119301,1.9072725404769508,5.9082055e-07,5.8058595e-07,795331.5300781388,4321.717778910262,760141.2408735765,2746.042811132901,False,796099.6804020483,3479.982621636211,False,825456.7345201237,4768.366765035648,False,838069.2930413738,6844.56521014503,False,838138.8550614049,9483.24989463578,False,8.726311257437336,151.41177420407598,796620.7442065954,2261.352216913768,0.0,0.0004627695903922,False,338314.84375,1478.872314453125,False,350790.5769042969,2026.3910371638656,False,356180.03972530365,4030.0533781468566,False,False,3.708380623997777,64.34476987340649,False,False
2MASS J10014264+0154262,150.42769767501,1.9073150891300004,2025051900249,-1,y,20250519,y_10,0.1725879008976778,150.4277205263235,1.9072729376958872,745279801097454074,0,2881.561443442795,2454.20934789496,0.012870573,0.012917437,150.4277205263235,1.9072729376958872,7.1702436e-07,7.158365e-07,798019.8245572887,4621.405007495788,754170.7537254952,2916.092579848823,False,794659.7696144953,3710.261510600935,False,816491.8325873124,5104.625755317044,False,835145.7369940073,7335.257201159879,False,826549.7629480085,10173.998503834646,False,1.1086372902266275,159.483226906658,790517.1068446679,2424.4308655526447,0.0,0.00129293317553,False,316229.75,1476.4747314453125,False,324917.67919921875,2031.3530244906767,False,328920.16796875,4048.67734140963,False,False,0.4411750871685865,63.46532554221526,False,False
2MASS J10014264+0154262,150.42769767501,1.9073150891300004,2025051900250,-1,y,20250519,y_10,0.1733509094235136,150.42771993121872,1.907272381704351,745279801235341821,0,91.2851073133747,2344.466011643045,0.013433023,0.011227502,150.42771993121872,1.907272381704351,6.6275845e-07,7.1219034e-07,796267.1735932961,4716.179523278458,757024.9475724305,2967.953225850559,False,796125.0710957292,3779.253796671617,False,824282.066442296,5207.289289178981,False,851726.1523282002,7492.368735781206,False,878179.7345780133,10386.70634373462,False,16.546200251831152,169.0648848536579,795849.8104011256,2471.314366521199,0.0,0.0002689860534911,False,311161.625,1477.10302734375,False,322166.6501464844,2035.243777508414,False,343232.29248046875,4059.593827218702,False,False,6.467002164432666,66.07819074093254,False,False
2MASS J10014264+0154262,150.42769767501,1.9073150891300004,2025051900251,-1,y,20250519,y_10,0.1738564207174671,150.4277205345676,1.9072725417821808,745279801369559462,0,181.81339851223544,1880.813015065498,0.012398082,0.012679394,150.4277205345676,1.9072725417821808,6.996834e-07,6.9386124e-07,797652.4854189748,4690.880232409901,757272.6745646021,2954.637754749809,False,792843.150778011,3760.033880106918,False,815864.6122617121,5175.766301583178,False,823761.7022227936,7445.621962613995,False,815387.6188348244,10311.621140068542,False,-4.563951396620204,164.65142378033943,786670.7754794096,2456.1136924325115,0.0,0.0014991130659998,False,310302.71875,1471.6009521484375,False,319312.8515625,2025.689890137644,False,319126.166015625,4035.759243607488,False,False,-1.7862379528969836,64.44122572662921,False,False
2MASS J10014264+0154262,150.42769767501,1.9073150891300004,2025051900252,-1,y,20250519,y_10,0.1743588340994618,150.42772040340938,1.9072723135704688,745279801505349633,0,1901.541813698308,19.15578800962612,0.0126218395,0.012310402,150.42772040340938,1.9072723135704688,6.8979983e-07,6.957507e-07,,,769898.5258210556,3254.000793629965,False,808014.4104946237,4161.525449541846,False,839342.2029480732,5747.174953181642,False,,,True,,,True,13.781068179083654,181.5105483753317,765895.0174172127,2486.708907505504,0.0,0.0026844439404257,False,285035.625,1468.0220947265625,False,296086.8349609375,2027.3767193850992,True,,,False,False,4.861417482874035,64.0297647273206,False,False
2MASS J10014264+0154262,150.42769767501,1.9073150891300004,2025051900253,-1,y,20250519,y_10,0.1700508140560598,150.42771931973817,1.907273097508705,745279801635897756,0,2352.006448085243,1487.9480010117893,0.010823377,0.009813743,150.42771931973817,1.907273097508705,5.653673e-07,5.8246997e-07,793581.4989221587,4463.532251075438,764558.598145236,2850.6476895914657,False,799543.2551213712,3617.512137003578,False,833058.3932959454,4940.374268542751,False,847741.4911029431,7116.364679421779,False,855882.8279311383,9881.404008948402,False,10.858736177545724,158.3332812450814,795785.4980779182,2314.345640033933,0.0,3.311419705087637e-05,False,326992.34375,1479.4681396484375,False,340699.1613769531,2020.4842586380864,False,350033.7600097656,4041.236588177076,False,False,4.440939961803054,64.75418358710034,False,False
2MASS J10014264+0154262,150.42769767501,1.9073150891300004,2025051900254,-1,y,20250519,y_10,0.1702196411263508,150.42771953212522,1.907273154658591,745279801772212720,0,852.3321776633767,2097.718194524232,0.010744579,0.009255092,150.42771953212522,1.907273154658591,5.459035e-07,5.683921e-07,795535.9811653468,4350.770723456286,763996.012626804,2765.029171095756,False,797710.5801306489,3505.3865771720343,False,825876.2087452087,4808.7209839225325,False,847481.2350588593,6911.993229636243,False,865684.3799097353,9576.158629795967,False,13.464625931844353,151.06009788759445,795500.9672666136,2259.6659066913567,0.0,0.0014148548085928,False,337466.78125,1482.9332275390625,False,349382.0852050781,2034.3012024585291,False,366222.6984863281,4051.137730939182,False,False,5.69613101183966,63.90508823524353,False,False
2MASS J10014264+0154262,150.42769767501,1.9073150891300004,2025051900255,-1,y,20250519,y_10,0.1728440928870007,150.42771789396772,1.9072715366036583,745279801902760720,0,1359.3807607512867,3583.942756519444,0.011037923,0.010354208,150.42771789396772,1.9072715366036583,5.899922e-07,5.991184e-07,807419.9874714274,4379.879969741803,763799.7524446286,2781.158889762306,False,799210.7792689693,3527.3515037395164,False,819337.7377270709,4839.257579210441,False,827020.0676633599,6949.125483664372,False,832043.7253531354,9622.352533407487,False,3.525019563415112,151.3371432746728,797778.5733116594,2295.617212499257,0.0,0.0007685838414533,False,337992.34375,1491.743896484375,False,346504.1882324219,2046.5589974942352,False,351877.6474609375,4069.366391842185,False,False,1.4907577011074162,64.00163396022182,False,False
2MASS J10014264+0154262,150.42769767501,1.9073150891300004,2025051900256,-1,y,20250519,y_10,0.1585450984531465,150.4277203422584,1.9072773225643984,745279802036454171,0,3739.380774950581,3651.944408251631,0.009578831,0.010301639,150.4277203422584,1.9072773225643984,5.567506e-07,5.4848596e-07,794928.9914065785,4358.088641176953,760743.8747968288,2765.6982765765824,False,796642.6677025385,3509.0675446868,False,824156.1807269872,4814.633043639074,False,844209.2126013547,6918.5660229795,False,859506.3002711926,9579.222090633391,False,13.982845711295298,149.84515387695885,791963.2841003375,2244.0071446882453,0.0,0.0002818996470757,False,334831.40625,1474.8720703125,False,346395.421875,2023.605335160548,False,361253.1877441406,4026.177021923556,False,False,5.877033810393366,62.980387100109496,False,False
2MASS J10014264+0154262,150.42769767501,1.9073150891300004,2025051900257,-1,y,20250519,y_10,0.1755466146056914,150.42772012383372,1.9072717943994424,745279802174866272,0,1889.2131650879453,3918.942372389235,0.011366933,0.009196294,150.42772012383372,1.9072717943994424,5.6446464e-07,5.8446983e-07,798029.833806213,4348.722733900661,760920.17794298,2767.2083122225163,False,792280.7591716745,3507.411956543997,False,810588.6166861475,4805.280447225237,False,809660.9867557309,6904.597018905154,False,788198.0840179349,9562.586539715614,False,-7.555890941541506,148.26252512047353,799891.1600859093,2279.4475292310008,0.0,6.82255995805292e-05,False,333335.65625,1475.670654296875,False,341038.306640625,2021.721836354781,False,331617.95556640625,4023.2594604418887,False,False,-3.178984010902148,62.37837475692929,False,False
2MASS J10014264+0154262,150.42769767501,1.9073150891300004,2025051900258,-1,y,20250519,y_10,0.1670488102039781,150.42771916054355,1.9072739543477013,745279802305414364,745279802305413967,3114.0051055124623,3966.120023826424,0.010119737,0.010088792,150.42771916054355,1.9072739543477013,5.612661e-07,5.6165703e-07,813433.267815442,4341.906635136666,777769.0191999532,2767.200012325234,False,824329.1691890995,3507.8301216888262,False,869535.7762159735,4795.9673176506085,False,896460.7265763003,6896.050396608607,False,915911.3488198768,9553.025427876362,False,19.294209721223396,153.4637737092287,821143.1650212288,2331.0529219624045,0.0,8.6450020389095e-05,False,348142.84375,1481.478515625,False,367235.1642875672,2025.503600875151,False,386821.1795959175,4034.5744918241535,False,False,8.148615008811738,64.8130826721737,False,False
2MASS J10014264+0154262,150.42769767501,1.9073150891300004,2025051900260,-1,y,20250519,y_10,0.1746733070316267,150.42771825121042,1.9072711424055089,745279802575421923,0,3108.7814652044563,1960.519040916089,0.012127896,0.010340425,150.42771825121042,1.9072711424055089,6.23003e-07,6.2939176e-07,798144.0026533603,4324.445244309011,762163.5279176265,2753.112960469303,False,800680.5968409397,3487.807588909612,False,824505.1699732613,4781.800471074946,False,854510.3910002547,6860.039484188324,False,866941.6166984359,9502.016183067632,False,14.265772979936434,153.31681474190245,781518.1056606445,2253.425555065965,0.0,0.0012810356279523,False,335039.625,1459.4505615234375,False,345008.86376953125,2000.913526535774,False,362766.1208496094,3976.05730834432,False,False,5.969420575933518,64.15443101779809,False,False
2MASS J10014264+0154262,150.42769767501,1.9073150891300004,2025051900261,-1,y,20250519,y_10,0.1677456873486292,150.4277185151164,1.9072734074729325,745279802709639623,0,3844.2687403338,1806.862478298784,0.010475374,0.010577222,150.4277185151164,1.9072734074729325,5.849544e-07,5.8482306e-07,804442.0999153797,4326.595027444772,761945.0592566815,2755.5259665321123,False,797271.052859754,3488.8941273543555,False,813297.0956024363,4778.383738673714,False,817496.6640419292,6857.6701551534925,False,814992.970669016,9494.786409017415,False,0.5442142475388463,148.86645959230387,781190.4711413047,2249.3500321922247,0.0,0.0001518280586286,False,333248.375,1458.3099365234375,False,339947.0412597656,1997.298924032995,False,340655.8937988281,3968.690610837632,False,False,0.2274740980418746,62.22414017565632,False,False
2MASS J10014264+0154262,150.42769767501,1.9073150891300004,2025051900262,-1,y,20250519,y_10,0.1740140354263377,150.42772147264182,1.9072730083974203,745279802842284090,0,3942.8363228960634,226.6188103889293,0.009730858,0.009942041,150.42772147264182,1.9072730083974203,5.466252e-07,5.466852e-07,791593.9868699508,4348.075999480885,756934.5455494022,2764.7207685802973,False,786630.299252281,3502.8539718378474,False,805205.685054645,4802.4965947520805,False,820351.9854960161,6898.432820014351,False,819494.6649463071,9553.453345224052,False,7.4195817796051315,148.65086634362927,778362.2960452538,2213.57404782154,0.0,0.0001572781765293,False,330751.5,1472.8319091796875,False,338561.8229980469,2019.2877822898545,False,344569.8569335937,4016.904799009636,False,False,3.119683802301683,62.50267383062837,False,False
2MASS J10014264+0154262,150.42769767501,1.9073150891300004,2025051900263,-1,y,20250519,y_10,0.1749678351827817,150.42771667996593,1.9072703523073669,745279802976501817,0,2731.854453576458,209.51273268990255,0.011230377,0.010410099,150.42771667996593,1.9072703523073669,6.024955e-07,6.009672e-07,796944.5691343092,4332.979731396344,759739.2555763378,2758.4372993409006,False,790549.5215128405,3491.994363932592,False,809859.9309892186,4781.331360670394,False,815935.0001509776,6859.446563720574,False,806010.1675697645,9513.332655759126,False,-0.5078326066443174,149.28848254234518,785804.6280682852,2256.568608634278,0.0,0.0003818258608694,False,329290.15625,1454.53173828125,False,337333.5837402344,1991.5834593451289,False,335730.029296875,3962.619306477271,False,False,-0.211529162740801,62.18361583297191,False,False
2MASS J10014264+0154262,150.42769767501,1.9073150891300004,2025051900264,-1,y,20250519,y_10,0.1658134385848454,150.42771940884586,1.9072744735950729,745279803109147467,0,1578.7139935877522,3741.687562857445,0.011508787,0.012574383,150.42771940884586,1.9072744735950729,6.678153e-07,6.716817e-07,806578.984198064,4550.550329268399,765655.681661787,2882.7373953607216,False,807982.0859394256,3660.8561312095376,False,835325.5753662976,5026.003078339494,False,858958.7835537207,7222.920754117175,False,876096.5540748733,10005.65501342116,False,11.472853780820556,159.52272889108878,793562.1672157771,2382.763095134518,0.0,0.0017449930006953,False,322410.1875,1460.79638671875,False,333321.09716796875,2005.5328243805857,False,349589.99609375,3992.570089207744,False,False,4.578028403109609,63.65457084669008,False,False
2MASS J10014264+0154262,150.42769767501,1.9073150891300004,2025051900265,-1,y,20250519,y_10,0.1769550124251094,150.42771978675603,1.9072711830401825,745279803244937316,0,2026.858259570493,469.4374512045071,0.012049258,0.013286429,150.42771978675603,1.9072711830401825,7.0115686e-07,7.082659e-07,797554.1821005448,4758.815413093736,756422.7097367361,2997.876073658348,False,797715.3833522026,3816.92826885332,False,825408.7897527353,5244.668710477616,False,848181.9846643877,7553.591028133772,False,850638.1054369851,10473.12741399382,False,4.781805352099066,166.61860532394013,778259.3523933601,2464.291400048236,0.0,0.0013552868279143,False,306380.4375,1465.9766845703125,False,317016.7097167969,2014.3323390684063,False,326706.5927734375,4022.4388623529367,False,False,1.8365593122442168,63.99360255567479,False,False
2MASS J10014264+0154262,150.42769767501,1.9073150891300004,2025051900266,-1,y,20250519,y_10,0.1719773869724894,150.4277178329191,1.9072717737207407,745279803382825555,0,1749.0805775354925,3179.3688374803983,0.010766458,0.013509209,150.4277178329191,1.9072717737207407,6.6763533e-07,6.896669e-07,806035.3425513385,5070.229856622658,762199.9959840095,3185.539682414368,False,796800.962073005,4063.7143528260303,False,817754.0804412384,5606.074626677068,False,821084.3949825047,8066.882164344485,False,813033.8808508221,11188.659987530023,False,-1.6929259768322351,180.6799355924157,789837.3145750653,2550.4663465177296,0.0,0.0014758401841471,False,284225.1875,1449.5589599609375,False,291699.330078125,1999.731034160438,False,290015.59765625,3991.083261942773,False,False,-0.6038800479569154,64.44995803925386,False,False
2MASS J10014264+0154262,150.42769767501,1.9073150891300004,2025051900267,-1,y,20250519,y_10,0.1692390978564333,150.4277195171892,1.9072734541845089,745279803512848863,0,3458.46772507802,2185.5899971623035,0.010075119,0.012461034,150.4277195171892,1.9072734541845089,6.177345e-07,6.410026e-07,792010.5770075917,4977.189236850178,758396.2755701352,3137.934767170349,False,795040.6770908766,4002.139719691667,False,827298.2777426314,5519.000521130517,False,856215.9668380619,7965.82488667332,False,877131.8911339932,11031.423219313858,False,21.08884580405457,174.89757940010182,784706.8813324019,2451.478214756,0.0,4.963299966243007e-06,False,284671.84375,1433.0040283203125,False,296221.9831542969,1976.1304034860732,False,314065.3803710937,3949.905555171591,False,False,7.5510609590022915,62.62373464640724,False,False
2MASS J10014264+0154262,150.42769767501,1.9073150891300004,2025051900268,-1,y,20250519,y_10,0.1708655523594415,150.42772235525464,1.90727453960814,745279803647066743,0,3994.54665888259,3868.2224893537673,0.011675727,0.014363058,150.42772235525464,1.90727453960814,7.110313e-07,7.428585e-07,783501.8992242564,5640.964718109229,749935.1595107075,3521.274625705787,False,781862.0144793271,4512.985826800672,False,804946.8917644916,6256.252653562869,False,807289.0178229664,9018.030734375388,False,797599.2225714449,12535.369088621272,False,-5.102346616846535,197.0627389617657,790297.6831071024,2817.9117343597327,0.0,0.000328017858687,False,246657.546875,1423.7320556640625,False,253940.23754882807,1973.6883280941493,False,251622.23510742188,3954.589596773128,False,False,-1.6096603703857235,62.168273778010494,False,False
2MASS J10014264+0154262,150.42769767501,1.9073150891300004,2025051900269,-1,y,20250519,y_10,0.1665057727689111,150.4277164813887,1.9072728289510068,745279803780235824,0,3672.261294419867,2910.143210652457,0.011071831,0.013341016,150.4277164813887,1.9072728289510068,6.660437e-07,6.9597945e-07,798274.0078075251,5658.178760399468,765190.1513551404,3531.3796711294185,False,801483.3485313879,4522.606692447388,False,833936.3832486488,6257.109541655993,False,852127.9263642335,9027.940513181513,False,871168.5029852301,12537.117929887856,False,14.794910351017696,204.72048974828613,782937.3218239067,2706.5654827096378,0.0,0.0028913740095583,False,254525.5625,1436.2357177734375,False,264831.61181640625,1987.058531699164,False,276655.34619140625,3981.3890071211817,False,False,4.698391908116329,65.01270164119623,False,False
2MASS J10014264+0154262,150.42769767501,1.9073150891300004,2025051900270,-1,y,20250519,y_10,0.1724739399260892,150.42772016046445,1.9072727774570957,745279803919696309,0,1728.391960459223,2237.4770449260404,0.011162787,0.015115543,150.42772016046445,1.9072727774570957,7.0710945e-07,7.682029e-07,800818.5597095994,5201.145727564102,764175.091062984,3268.533889409661,False,800162.8189477065,4173.104676721668,False,826664.3555811285,5760.045396947759,False,844251.644598614,8311.10716384189,False,846504.4969970862,11517.234604661691,False,6.211512759558119,183.4134518490337,795118.722723505,2612.5012778075466,0.0,1.3624759937269635e-05,False,274617.53125,1432.2181396484375,False,283712.9133300781,1976.859470773656,False,290522.0908203125,3952.738691506192,False,False,2.131804001591837,62.94787529750759,False,False
2MASS J10014264+0154262,150.42769767501,1.9073150891300004,2025051900271,-1,y,20250519,y_10,0.1708826358111664,150.4277195597694,1.9072729614456116,745279804050243776,0,3261.2337322087988,935.5148542495264,0.011592225,0.014986219,150.4277195597694,1.9072729614456116,7.1476336e-07,7.7301274e-07,793421.4865897545,4864.2809982919125,751548.995397518,3061.332242296533,False,789034.5831120387,3898.453157336464,False,814903.7132326701,5370.420061857975,False,820947.5748992574,7722.819365045597,False,818740.7494503495,10710.526303199358,False,0.8755986235591907,170.2772023415937,788222.718547286,2524.1640985945114,0.0,8.363077648898543e-05,False,290722.375,1436.3978271484375,False,300253.9406738281,1978.7488515054115,False,301667.7092285156,3946.3284766112033,False,False,0.3226171790643976,62.73919259388719,False,False
2MASS J10014264+0154262,150.42769767501,1.9073150891300004,2025051900272,-1,y,20250519,y_10,0.1636870568138723,150.42771764942066,1.907274237435972,745279804182888945,0,4012.6922372315553,2508.444552501101,0.0129147,0.015851198,150.42771764942066,1.907274237435972,7.7537413e-07,8.3040135e-07,802636.2146839155,4793.878499951298,756389.2255772449,3013.9748046898044,False,801529.1774920974,3837.715137986231,False,832566.1803991863,5282.730910570679,False,858656.7702762948,7599.431926611094,False,879456.4026220292,10532.57066607649,False,10.3340229534303,166.4388580412864,793567.7381865906,2578.9529986799307,0.0,0.0005685860138001,False,300499.40625,1438.7886962890625,False,312135.4155273437,1980.536138399856,False,329714.9177246094,3948.741131726746,False,False,3.874304078855936,62.39919821113153,False,False
2MASS J10014264+0154262,150.42769767501,1.9073150891300004,2025051900273,-1,y,20250519,y_10,0.1693542470528957,150.42771889041262,1.9072730958607047,745279804318679497,0,4070.869373268049,2230.745126692864,0.012028848,0.013721074,150.42771889041262,1.9072730958607047,6.989636e-07,7.3446876e-07,796401.5793135237,4616.786602298155,755492.1621043297,2914.9697094625576,False,791428.57556138,3703.9346583329902,False,812606.0516403,5092.345436729344,False,,,True,,,True,4.536629908662371,161.00734562000383,754248.9415179752,2348.8563236126333,0.0,0.037371383054762,False,307971.375,1441.3250732421875,False,316212.2404785156,1981.6022248275276,True,,,False,False,1.7653546940048757,62.65335261684286,False,False
2MASS J10014264+0154262,150.42769767501,1.9073150891300004,2025051900274,-1,y,20250519,y_10,0.1737489079627505,150.4277207560646,1.9072726953954489,745279804451324584,0,2965.6929520820668,3211.007004059722,0.0097307945,0.014978354,150.4277207560646,1.9072726953954489,6.413552e-07,7.573772e-07,796911.2032993278,4513.824703356458,751941.7920294236,2856.115739096918,False,790054.1368414948,3625.98794700195,False,807684.4687300625,4970.837516395387,False,815820.1969353816,7142.9689314213865,False,798302.6438719672,9891.70925844208,False,-6.053351104835007,153.46951203996113,798086.6519416658,2420.776258456729,0.0,0.0001114081668148,False,316138.25,1450.9302978515625,False,323192.9846191406,1989.068596931936,False,319438.8701171875,3958.143510233986,False,False,-2.4222337883942275,61.410453666672105,False,False
2MASS J10014264+0154262,150.42769767501,1.9073150891300004,2025051900276,-1,y,20250519,y_10,0.1719969874420315,150.42771878118532,1.90727222120602,745279804721332257,0,1026.0627665641712,143.19206545131206,0.012568274,0.01601042,150.42771878118532,1.90727222120602,7.5357923e-07,8.433375e-07,800539.983679564,4506.674805472146,757030.5585765423,2844.2170192910603,False,802341.6089943455,3613.9806533043375,False,834989.3280061872,4953.722247671011,False,862140.2363621141,7124.166375431978,False,875395.5139907213,9866.952122570478,False,7.784316277010892,158.14887304015446,794965.1296577129,2459.7928542298687,0.0,0.004715072921731,False,326942.53125,1472.64453125,False,340246.0017089844,2018.5697371385036,False,356710.9345703125,4020.6394215540254,False,False,3.1719956177350057,64.44336462979994,False,False
2MASS J10014264+0154262,150.42769767501,1.9073150891300004,2025051900278,-1,y,20250519,y_10,0.1727412504970285,150.42771880801428,1.9072720040461049,745279804991865435,0,153.22325462363474,2904.541377581213,0.01198678,0.015045814,150.42771880801428,1.9072720040461049,7.096711e-07,7.992843e-07,807174.9833866766,4366.847241767076,756737.4194318656,2764.9607183220824,False,802505.4050218163,3503.280410190443,False,831082.7533715431,4803.412973604203,False,840802.4192847615,6877.122752026626,False,841161.500859558,9528.818553941375,False,0.7825471553677551,148.87809735020008,802756.6621133084,2419.104842520416,0.0,0.0010024719338367,False,328219.5625,1432.8192138671875,False,339907.5146484375,1964.565091820579,False,344029.6577148437,3897.225660220317,False,False,0.3200567664256936,60.89018674807141,False,False
2MASS J10014264+0154262,150.42769767501,1.9073150891300004,2025051900279,-1,y,20250519,y_10,0.1653023725248176,150.42771942302485,1.907274642268881,745279805123985854,0,2840.2603219676653,2108.3944424800825,0.0136114275,0.012839395,150.42771942302485,1.907274642268881,7.277445e-07,7.4243286e-07,799042.1101933541,4302.9073934431935,749093.6849069279,2724.5630642006126,False,794934.4968661311,3452.192458747011,False,823923.1136962564,4728.550565383607,False,835319.6429553847,6777.405366785254,False,844828.0179167537,9386.596116745804,False,2.455460416329981,148.90522816582492,790066.1980903989,2383.0613099980064,0.0,0.002751119250568,False,329110.96875,1429.2427978515625,False,341112.5510253906,1957.668038677192,False,349767.39404296875,3886.146284286156,False,False,1.016585592311674,61.64827930702725,False,False
2MASS J10014264+0154262,150.42769767501,1.9073150891300004,2025051900280,-1,y,20250519,y_10,0.1790217550852517,150.42771972951496,1.9072705129258587,745279805261873633,0,54.32093929418334,2069.942850345945,0.011572474,0.01164626,150.42771972951496,1.9072705129258587,6.457774e-07,6.445761e-07,799927.8537435323,4249.645263824291,759150.6700336608,2705.8425387710395,False,799428.8232637834,3423.550493101158,False,823458.9548049592,4684.954896109028,False,841701.8145777162,6711.04313120947,False,841474.7515268612,9292.596529378914,False,4.343243744141624,144.6343410902572,795175.2982642291,2295.296287807296,0.0,4.299799888929368e-05,False,333600.8125,1428.64404296875,False,343628.5612792969,1955.0267821055547,False,351146.5344238281,3877.790820425034,False,False,1.8124310754968849,60.355759385962365,False,False
2MASS J10014264+0154262,150.42769767501,1.9073150891300004,2025051900281,-1,y,20250519,y_10,0.1734265223067596,150.4277185084948,1.9072716473960567,745279805396091233,0,166.55272525988806,1611.285230483821,0.012538344,0.012742032,150.4277185084948,1.9072716473960567,7.0406236e-07,7.009243e-07,798717.307156165,4262.804175082949,754529.8623575948,2711.6845370142128,False,795116.9819483849,3433.5467566910684,False,817269.0140197019,4703.270371820416,False,834130.8408527332,6742.608862665192,False,833931.0371964319,9335.906662499458,False,2.852450864186274,146.15653730689124,794614.8781950048,2354.0757123003914,0.0,0.0011651882350811,False,330223.96875,1426.0032958984375,False,339424.0388183594,1953.3384942690705,False,346344.0261230469,3877.3415987363055,False,False,1.1846654849803036,60.70099482716387,False,False
2MASS J10014264+0154262,150.42769767501,1.9073150891300004,2025051900283,-1,y,20250519,y_10,0.1691586968298593,150.42771932012892,1.907273376668245,745279805662429471,0,2157.083417983164,1117.747627210484,0.012242148,0.013166985,150.42771932012892,1.907273376668245,7.1181563e-07,7.00871e-07,798256.9901752488,4190.079884053788,753412.0020392837,2669.888877653396,False,797594.1630587364,3372.2909565281507,False,827396.4134753441,4604.225216194561,False,847727.4859978625,6595.048132903332,False,866096.343350095,9124.100379850584,False,7.243536927713462,142.54997733586097,791869.9466041287,2329.508902681277,0.0,0.000116330815291,False,329379.0625,1392.640625,False,341686.3708496094,1901.3872662171725,False,357668.1159667969,3767.9408507027456,False,False,2.9913325760618568,58.86825665100113,False,False
2MASS J10014264+0154262,150.42769767501,1.9073150891300004,2025051900284,-1,y,20250519,y_10,0.1712679958542338,150.42771874873128,1.9072724309787796,745279805798744492,0,827.6168020310639,1858.4378383169003,0.0123026455,0.013353504,150.42771874873128,1.9072724309787796,7.18633e-07,7.0818464e-07,796697.2577511767,4161.230190072169,748256.0986091793,2648.587540906233,False,790594.516103368,3345.388554448409,False,814381.4474824405,4575.133260055568,False,825324.9699449416,6553.726500962128,False,818420.9484448804,9057.857295919215,False,-1.876961611195008,143.21780392747445,781237.6260147566,2300.686182569286,0.0,0.0024566738532934,False,327615.78125,1386.3011474609375,False,337472.8874511719,1895.897108803104,False,339146.8229980469,3753.5006049366457,False,False,-0.7777972552335688,59.348264839816,False,False
2MASS J10014264+0154262,150.42769767501,1.9073150891300004,2025052000110,-1,g,20250520,g_6,0.1508838173225059,150.42772002516588,1.9072796257123696,745284180489273664,0,3751.369206888361,856.9066386801693,0.016522184,0.021698209,150.42772002516588,1.9072796257123696,1.1983025e-06,9.296265e-07,55500.19278302352,567.0403311404378,53968.23245920911,369.1607968403802,False,55900.649249774295,464.1725298977,False,57696.32511700087,633.1070272780067,False,57642.60647057206,905.035592626883,False,59110.714622515785,1252.415477885503,False,0.5940137014760039,19.92060839457296,57802.88922544325,315.2711044740871,0.0,0.0042847770815873,False,79409.640625,659.3800659179688,False,81960.48712158203,899.359885583289,False,83969.69745892286,1779.118209659738,False,False,0.843825880264279,28.298210752011688,False,False
2MASS J10014264+0154262,150.42769767501,1.9073150891300004,2025052000111,-1,g,20250520,g_6,0.1496209284618069,150.42771644047042,1.907278000115918,745284180627161172,0,825.8909962839126,229.502919855156,0.016617017,0.022338523,150.42771644047042,1.907278000115918,1.2312473e-06,9.388909e-07,55573.38682222118,561.8584910840702,53763.04074819643,366.4695953022895,False,55588.56191244687,460.70802879580094,False,56401.777602193215,626.7091846045378,False,57170.2697886602,897.1922972011068,False,57092.51506301177,1241.9419122504237,False,0.4585874311523021,19.44945825164298,55082.59776662463,298.3701384532153,0.0,0.0019699866343464,False,80356.3046875,665.9786376953125,False,81531.85241699219,905.9423819571912,False,82530.35117197037,1795.2949180832402,False,False,0.6629131978908259,28.115255000433592,False,False
2MASS J10014264+0154262,150.42769767501,1.9073150891300004,2025052000112,-1,g,20250520,g_6,0.166772774518245,150.42771175898514,1.907270953674864,745284180759807396,0,738.1069839392964,3990.129339015141,0.0455451,0.08864989,150.42771175898514,1.907270953674864,4.843781e-06,2.6931746e-06,,,52090.95010820296,341.82997364321744,True,52940.15476019274,425.9912126849857,True,,,True,,,True,,,True,-0.5512582282264695,17.535950464935382,55164.49397646449,290.60004410931003,,,True,83734.5,673.78271484375,True,,,True,,,True,True,-0.8719153225093681,27.736300561596355,True,False
2MASS J10014264+0154262,150.42769767501,1.9073150891300004,2025052000113,-1,g,20250520,g_6,0.1502834159186177,150.427716741076,1.9072779466252023,745284180895597173,0,3224.7898964392944,1320.3872475317796,0.016026074,0.01739549,150.427716741076,1.9072779466252023,9.632383e-07,8.9567703e-07,55946.66528732546,414.2769753256208,54191.56857188362,279.3695428517542,False,55709.18755867409,343.8832501943249,False,56364.89111497491,459.7733205605168,False,56320.85363336442,650.6390474778176,False,56667.07408067952,896.1266533825606,False,-0.0092584889108821,14.308821755969367,55790.4712266345,248.9666539944776,0.0,3.4849813155268805e-06,False,107498.7734375,663.5714721679688,False,108764.04638671876,887.1977888294731,False,109347.15124949811,1729.2033918429977,False,False,-0.0178655666223148,27.61089966502343,False,False
2MASS J10014264+0154262,150.42769767501,1.9073150891300004,2025052000115,-1,g,20250520,g_6,0.1602311336988335,150.42771622569256,1.907274625898017,745284181162461278,0,1444.3534409368922,3963.2850696188966,0.014510378,0.015698595,150.42771622569256,1.907274625898017,8.6839e-07,8.119013e-07,54928.5020677938,363.35843233894656,53598.24538382425,248.28323581160512,False,55374.22993900863,302.8238650599008,False,56727.741771614325,401.6859085613898,False,57606.23400176077,564.907604617153,False,57664.91520986791,775.6443572936263,False,0.1995367282387193,12.342028210506175,55216.84173351184,227.97356827197373,0.0,0.0008487105448679,False,122204.21875,668.2955932617188,False,125191.2554321289,886.4721494582539,False,127259.48370331526,1711.7531533226852,False,False,0.4403533920598357,27.237361439005323,False,False
2MASS J10014264+0154262,150.42769767501,1.9073150891300004,2025052000116,-1,g,20250520,g_6,0.1499124285130214,150.4277182415844,1.9072788735373407,745284181294581050,0,2743.1165427204487,2498.014646172012,0.015448123,0.015124504,150.4277182415844,1.9072788735373407,8.424348e-07,8.575573e-07,55627.19879897431,349.2573877207403,53509.04734847593,240.3291152857286,False,55553.40109999859,292.5642425971279,False,56193.89051162869,385.3263066026897,False,56742.77914442992,542.0974958336479,False,55747.217486735724,743.5160748211476,False,-0.1858619264698916,11.72966227172713,54858.25884786597,221.0235785359669,0.0,0.0016579502277125,False,123801.4296875,651.9829711914062,False,125228.7681274414,858.7043584918903,False,124233.3518614769,1656.9346113085887,False,False,-0.4141955625727866,26.139694964443585,False,False
2MASS J10014264+0154262,150.42769767501,1.9073150891300004,2025052000117,-1,g,20250520,g_6,0.1411588601089631,150.4277155537212,1.9072801865202085,745284181428799132,0,1056.6980620832285,3229.6231974407974,0.015596267,0.016536552,150.4277155537212,1.9072801865202085,9.14693e-07,8.721182e-07,55822.25715945801,373.7200055333072,53507.60975846554,253.7877523998254,False,55677.02683749463,310.63491174081616,False,56779.71389906677,412.72958101188647,False,57133.32463814752,581.3968943606177,False,58282.9847324401,799.1089799870869,False,0.492368132880671,12.117646483870846,54934.58432904805,232.4792763468751,0.0,0.0020285962876454,False,117278.390625,654.3230590820312,False,119601.09661865234,869.3758229167453,False,122767.59443697332,1683.2474797982234,False,False,1.0371268995347027,25.524676127893105,False,False
2MASS J10014264+0154262,150.42769767501,1.9073150891300004,2025052000118,-1,g,20250520,g_6,0.1501436774940028,150.42771822553888,1.907278790615536,745284181566685760,0,3087.9768510632566,1070.3223964578958,0.015288808,0.01880424,150.42771822553888,1.907278790615536,1.027451e-06,8.72301e-07,55265.596562489605,358.36065688,53139.39335783425,244.70129832259192,False,55512.08205733759,298.53638744381004,False,56937.75453694983,395.2179640452118,False,57744.09431213473,554.8430351707431,False,57321.069823429214,760.5557207951967,False,0.0488518445649754,11.651051858803152,54898.52322289239,226.52036370429963,0.0,2.825111401416613e-05,False,122710.0,659.9176025390625,False,125861.46295166016,873.6331726469189,False,126708.78513920309,1681.215854998588,False,False,0.1079874799215131,25.75476401906559,False,False
2MASS J10014264+0154262,150.42769767501,1.9073150891300004,2025052000119,-1,g,20250520,g_6,0.1573090131357064,150.42772072448415,1.907277957828902,745284181700904145,0,296.9844449947919,2200.91452082678,0.014950934,0.016298998,150.42772072448415,1.907277957828902,8.98077e-07,8.4031643e-07,55815.59299803631,356.25242443855456,52727.433632591215,243.4269062317259,False,55588.5880447116,297.3895066778382,False,56914.74507555646,391.7715663328752,False,57203.341702330974,551.4582482945457,False,58010.24759114578,757.6546722031402,False,0.4543754112656643,11.65459665276724,54657.11722748912,228.29466192838197,0.0,0.0011123876435997,False,123055.7890625,658.3275756835938,False,125991.48693847656,867.2600064705176,False,128416.58768698572,1677.2110392488546,False,False,1.00584538536797,25.799640497396712,False,False
2MASS J10014264+0154262,150.42769767501,1.9073150891300004,2025052000121,-1,g,20250520,g_6,0.1960133695102511,150.42771126709812,1.9072623628394445,745284181989785601,0,1121.1264045539072,9.801610741941907,0.036770415,0.038490143,150.42771126709812,1.9072623628394445,2.127371e-06,2.0583523e-06,,,45565.07768055296,235.30092891585565,True,,,True,,,True,,,True,,,True,0.3976524535827782,11.392951905539825,52495.34505190188,225.4586530847073,,,True,,,True,,,True,,,True,True,0.8914797519115772,25.541363687768374,True,False
2MASS J10014264+0154262,150.42769767501,1.9073150891300004,2025052000122,-1,g,20250520,g_6,0.1493206021154875,150.4277188328771,1.907279406354584,745284182103558955,745284182103558166,1733.5988606106198,3854.327627456593,0.015104325,0.017577061,150.4277188328771,1.907279406354584,9.579085e-07,8.620749e-07,56505.70786031216,352.9829775910163,53832.64020808328,242.17713720712337,False,56092.089733488,294.92751178560354,False,56714.48389438166,389.41703177117233,False,57320.902192845664,547.2081003941146,False,56526.72164115777,750.3967976243675,False,-0.19837272855025,11.654854731735542,53526.00773264794,219.24123071086177,0.0,0.0023017887513527,False,125014.515625,657.3158569335938,False,126401.6685180664,867.9081459490327,False,125983.19583767653,1672.4371052546985,False,False,-0.4421206393049283,25.97560593464192,False,False
2MASS J10014264+0154262,150.42769767501,1.9073150891300004,2025052000123,-1,g,20250520,g_6,0.1540072225501228,150.42771836826282,1.9072776408516872,745284182232533388,745284182232532222,3947.8164742715994,2670.799377182738,0.017452175,0.01888012,150.42771836826282,1.9072776408516872,1.0377312e-06,9.83383e-07,55107.69110807068,354.061341583874,52809.70562360021,241.59014288811983,False,54809.73288166072,294.648923253503,False,55745.308784376844,390.3896421107276,False,55390.910111459925,548.0888663210823,False,54076.58466927906,751.8985351366618,False,-0.7589515348611784,11.381770884210562,54692.06596269241,226.03116512037127,0.0,0.00250791839313,False,122131.9765625,656.563232421875,False,124216.7109375,869.9013133936202,False,120498.30977407098,1675.4479440532975,False,False,-1.6911640724079058,25.36188559560136,False,False
2MASS J10014264+0154262,150.42769767501,1.9073150891300004,2025052000124,-1,g,20250520,g_6,0.1556591226338867,150.42772041986655,1.907278308360659,745284182366751164,745284182366750157,2814.131012351688,3108.645048993821,0.018378075,0.018382458,150.42772041986655,1.907278308360659,1.0221387e-06,1.0219632e-06,56399.61448470459,360.2781558748238,53489.19558468564,244.66409764186645,False,56252.449856102765,298.9663072444621,False,57788.60354293059,395.8795883236168,False,58287.89955067154,555.6014198079309,False,57903.17645099822,762.1989923481414,False,0.0367153728872676,12.000893220558703,55587.41287500656,232.60040827055693,0.0,0.0004910137994538,False,124108.875,659.6045532226562,False,127498.06616210938,873.4227659060243,False,127750.8465256691,1681.6273728245253,False,False,0.081004536440646,26.47737761481836,False,False
2MASS J10014264+0154262,150.42769767501,1.9073150891300004,2025052000125,-1,g,20250520,g_6,0.1562675986277123,150.42771893977613,1.907277240271173,745284182500969098,745284182500967917,1507.7996495528228,2891.0554750193523,0.017964993,0.015392469,150.42771893977613,1.907277240271173,8.840684e-07,9.740472e-07,56323.49407618314,365.4697822192965,53236.34835633208,248.52876733611097,False,56010.27143024807,304.0996466721068,False,56864.45617779916,402.4413629206626,False,56760.6581194955,566.1491320983223,False,56252.9278030826,777.7758705222521,False,-0.2476990716692726,11.876765337674971,55313.396142668105,233.7541585360677,0.0,0.0001095283096104,False,121392.921875,659.0852661132812,False,123244.22485351562,872.2245345505221,False,121918.83909264208,1685.699481105866,False,False,-0.5368464263399281,25.74090805040222,False,False
2MASS J10014264+0154262,150.42769767501,1.9073150891300004,2025052000126,-1,g,20250520,g_6,0.149005656710701,150.42771699897352,1.9072784808212488,745284182635186892,745284182635185958,2278.9352378286217,3614.119234597962,0.014994524,0.016187852,150.42771699897352,1.9072784808212488,8.87291e-07,8.4747745e-07,56310.9944593269,370.74352204885946,53368.42305705807,252.29354477441905,False,55969.169522933495,308.957510413944,False,56488.50250388116,408.8975817090545,False,57177.01691890459,576.8642783438052,False,57071.231283942536,792.7717476084986,False,0.1999211360196041,12.324241932768484,55485.19303313557,233.71040234759948,0.0,0.0002098954529462,False,119426.0859375,659.2484130859375,False,120534.2300415039,872.4988801703057,False,121777.64705052972,1691.603210584003,False,False,0.4265884052686668,26.297263095430814,False,False
2MASS J10014264+0154262,150.42769767501,1.9073150891300004,2025052000127,-1,g,20250520,g_6,0.1490246599631633,150.42771646372316,1.9072781976337132,745284182774647030,745284182774644952,2718.4092578854124,458.3684853449098,0.015208483,0.016561417,150.42771646372316,1.9072781976337132,9.0531216e-07,8.62507e-07,54695.94968150096,363.6490471080555,53198.17520681918,248.26350323359995,False,54916.37363191575,303.0557358559767,False,56044.50322980381,402.7615789276464,False,56920.316992750006,566.6585091553691,False,56374.1548402543,777.8750615922592,False,0.1108712427863446,11.829387763445943,54828.44111311688,227.90660961671708,0.0,0.0001509753763615,False,119295.4296875,658.3312377929688,False,121746.07775878906,874.9233141619113,False,122462.1835013032,1689.7863711435652,False,False,0.2408467943793236,25.69710639742964,False,False
2MASS J10014264+0154262,150.42769767501,1.9073150891300004,2025052000128,-1,g,20250520,g_6,0.1545787478442515,150.42771890345958,1.907277758573764,745284182905194754,745284182905193380,314.54279473378847,1983.232571279577,0.017863626,0.01946351,150.42771890345958,1.907277758573764,1.062148e-06,1.0144843e-06,55713.26505294035,390.424779615326,52929.40769894839,262.9152914954881,False,55623.73243163635,323.5627107789889,False,57294.16451380318,431.9589290371079,False,57228.543580875485,609.0761374419786,False,56262.06792597617,838.1954628940633,False,-0.4910762586143599,12.689089292977508,54194.08867808609,240.1981036330484,0.0,0.0029822173702176,False,112591.7734375,654.9452514648438,False,115973.00843048096,874.3573964984362,False,113883.8716519475,1696.6483464679018,False,False,-0.9940207971192522,25.68484717488242,False,False
2MASS J10014264+0154262,150.42769767501,1.9073150891300004,2025052000129,-1,g,20250520,g_6,0.1498929901254978,150.42771831796006,1.907278923185214,745284183039412500,745284183039411698,1419.9678111653138,3362.998233088132,0.017906928,0.020060567,150.42771831796006,1.907278923185214,1.0868222e-06,1.0265643e-06,55582.82057815489,387.63429609070806,53295.48290153519,262.5540840995803,False,55996.05629597743,322.85477006515544,False,57580.51304323084,427.7793002576195,False,58939.07185252946,605.1009485034303,False,59258.15151444374,833.8331488053841,False,0.4695512302403786,13.0528927954084,55511.43065360041,246.523560927818,0.0,6.79430951389115e-05,False,113518.9140625,654.5125732421875,False,116731.02972251175,867.2225302257502,False,120132.04954496026,1690.4017858218697,False,False,0.9519053533316024,26.461688796027516,False,False
2MASS J10014264+0154262,150.42769767501,1.9073150891300004,2025052000130,-1,g,20250520,g_6,0.1499484481644459,150.42771929064145,1.907279477333768,745284183172056639,745284183172055507,3162.3080122716037,1383.2248477598343,0.023998443,0.02451959,150.42771929064145,1.907279477333768,1.3560066e-06,1.3418537e-06,55599.95199850002,484.3472303025112,53140.22943832609,317.7356365125544,False,55809.373976716495,396.8515356768042,False,57276.71396943786,536.9174918726625,False,58448.53014647515,764.4835155532605,False,59371.06771763236,1055.3654548706868,False,0.4398581899529076,16.194993987815415,55570.8517469914,288.3923434322485,0.0,0.0002371846507407,False,93847.984375,667.3380126953125,False,96315.4354660511,902.8702670800752,False,99837.26099160314,1774.682524837849,False,False,0.7396571865353313,27.23319461271514,False,False
2MASS J10014264+0154262,150.42769767501,1.9073150891300004,2025052000131,-1,g,20250520,g_6,0.1483072199342052,150.4277186716463,1.9072796380777637,745284183309944246,0,2366.552653743449,3829.710437005327,0.017937744,0.019573644,150.4277186716463,1.9072796380777637,1.064224e-06,1.0232964e-06,55934.48593198193,454.2172123651552,53284.14019945791,301.21242292247103,False,55562.09464573351,374.2937137976247,False,56350.32102191501,504.54607609108,False,54968.78691557895,716.082754091252,False,54706.15849226665,988.6671910472036,False,-0.7151428982008307,15.842110607520974,55388.90983008286,267.9181285683636,0.0,0.0007359419249111,False,99886.25,672.8831176757812,False,101303.2767944336,907.0431166119208,False,98347.49856965244,1777.367445223231,False,False,-1.2856416369986134,28.480010171682785,False,False
2MASS J10014264+0154262,150.42769767501,1.9073150891300004,2025052000132,-1,g,20250520,g_6,0.1499430240772709,150.42771882568564,1.9072792012917408,745284183440491875,0,3628.118531080468,3613.788950258456,0.018031891,0.019136388,150.42771882568564,1.9072792012917408,1.0466508e-06,1.0209278e-06,55558.83345421567,453.8712533778565,53979.26474769707,300.99985292391005,False,56104.87056291818,373.5132811783442,False,57317.90471678309,502.89995290611336,False,59196.21609941044,714.6799653723042,False,58183.18921542017,984.9004868024338,False,0.1621535311145266,15.312058038170925,55357.69544469592,264.9816361254716,0.0,0.0006022136470829,False,100597.46875,669.7188720703125,False,102772.47003173828,901.7124857300064,False,104323.94728207588,1765.9517783194449,False,False,0.2907454311066019,27.454911927221588,False,False
2MASS J10014264+0154262,150.42769767501,1.9073150891300004,2025052000133,-1,g,20250520,g_6,0.1466905690589655,150.42771636805696,1.9072788771697204,745284183574708564,0,3363.671189779492,898.284975022697,0.019148191,0.01914205,150.42771636805696,1.9072788771697204,1.0645315e-06,1.0647198e-06,55687.161626459936,444.1743528905741,53387.44846744564,294.9263507157126,False,55754.18542047102,366.0503154195085,False,56894.70501550784,492.6203906386717,False,57576.14970534465,699.4534007752012,False,58943.7175878884,964.8830265760704,False,0.313856125472607,14.865924806968277,55208.686859697686,262.9452086149664,0.0,0.0025619839122209,False,101486.78125,666.3045654296875,False,103562.81665039062,896.6942561711282,False,107292.54006296396,1756.3322271050467,False,False,0.57129788032229,27.05975968594812,False,False
2MASS J10014264+0154262,150.42769767501,1.9073150891300004,2025052000134,-1,g,20250520,g_6,0.1477410501981335,150.42771786535798,1.9072793537727637,745284183714168956,0,604.8027608266161,307.0831444465463,0.016417908,0.017204406,150.42771786535798,1.9072793537727637,9.4273935e-07,9.273588e-07,55161.17986296751,417.8872177282115,53179.48632314968,280.0730808407762,False,55318.448881935416,345.8450209480408,False,56530.79185747224,462.9703257917105,False,58129.70136867781,656.3523438244714,False,57868.16177346374,903.4546512732549,False,0.3078607976221962,14.303189276871594,54474.327396421846,247.6491593087209,0.0,0.0002836707085758,False,106241.640625,664.2113647460938,False,108570.0014038086,889.1559320070579,False,111138.48220667244,1735.1264600064042,False,False,0.5912609063444675,27.46993680513299,False,False
2MASS J10014264+0154262,150.42769767501,1.9073150891300004,2025052000135,-1,g,20250520,g_6,0.1538361905641956,150.42771757236363,1.90727726610513,745284183843144671,0,2636.074591355736,1930.9514410035893,0.015353291,0.016558912,150.42771757236363,1.90727726610513,8.987582e-07,8.769133e-07,55525.225836387006,384.45851596006304,53538.32380987316,260.84460729716545,False,55885.03540892428,320.15031751303866,False,57358.67714468461,424.70001448547015,False,58348.87290293011,600.2655355791978,False,58025.14641222728,825.7604491994708,False,0.1965646421936963,13.145974456230013,54861.95192885277,236.9363057240083,0.0,0.0001354771565345,False,115571.9375,662.0805053710938,False,118619.47302246094,878.2924296497041,False,119997.75155392288,1707.6974958776386,False,False,0.4065016041609593,27.186271371484064,False,False
2MASS J10014264+0154262,150.42769767501,1.9073150891300004,2025052000136,-1,g,20250520,g_6,0.1504025544589667,150.42771939554643,1.907279393431304,745284183982604500,0,813.3781936772397,447.2729575241187,0.017218392,0.018084798,150.42771939554643,1.907279393431304,9.886835e-07,9.749349e-07,55150.249777625766,392.06530067442674,52564.69364859905,263.73115165486206,False,55111.74468198575,324.7348178927217,False,56378.09016484543,433.3335350437505,False,57647.95137948651,612.2812332397469,False,57421.83206280763,841.5446265334605,False,0.294003232404925,13.484883054769355,54325.41673182736,241.937246422695,0.0,0.0016698780498295,False,112266.8671875,661.5098266601562,False,114846.51043701172,882.7337749397797,False,116972.6930449605,1714.2911980840984,False,False,0.5989072208757034,27.46974503682529,False,False
2MASS J10014264+0154262,150.42769767501,1.9073150891300004,2025052000137,-1,g,20250520,g_6,0.1517578157997667,150.42771779863355,1.9072780414840644,745284184111580638,0,1246.782523269292,3709.676399431215,0.01935684,0.019223662,150.42771779863355,1.9072780414840644,1.0716236e-06,1.0736874e-06,56367.30708060711,440.2620310237945,53307.17311239216,292.4929657283111,False,55813.297904504754,362.79920848431897,False,56542.17690295135,487.4385289348469,False,55909.59226511016,691.0504886480455,False,55438.79673565842,952.5738475617146,False,-0.4100279468712989,14.394884114389225,55339.07959098456,263.6826759464798,0.0,0.0011387305244844,False,102599.640625,666.921142578125,False,103939.51348876952,896.0412620852765,False,101911.20817646384,1751.0833098561131,False,False,-0.7537400865861834,26.46161385234419,False,False
2MASS J10014264+0154262,150.42769767501,1.9073150891300004,2025052000138,-1,g,20250520,g_6,0.1442949447114736,150.4277172678508,1.9072801161853032,745284184251039981,0,765.6814481443186,551.4006663473119,0.019695865,0.01721236,150.4277172678508,1.9072801161853032,1.0133737e-06,1.0434372e-06,54991.47797067375,405.0534145374641,52525.63184463644,271.55268761752933,False,54856.37727424585,335.005236151539,False,56091.5469187766,448.3122071899823,False,55653.63822585444,634.5256002844252,False,54443.88896951687,872.7085421921569,False,-0.3685062501346669,13.928278877329456,54626.45353477029,250.80425242080204,0.0,4.1204552357121393e-05,False,108838.4609375,664.6712036132812,False,111289.1142578125,889.4792743260331,False,108020.0585115254,1731.5079722516994,False,False,-0.7311392968951382,27.634570707033056,False,False
2MASS J10014264+0154262,150.42769767501,1.9073150891300004,2025052000139,-1,g,20250520,g_6,0.148914130212454,150.42771757053728,1.907278816927376,745284184380015073,0,3852.225541648379,1137.4922729614768,0.017527517,0.01965776,150.42771757053728,1.907278816927376,1.0468425e-06,1.0241208e-06,54734.89297384583,384.0884352294963,52072.17695335904,257.96615211233143,False,54615.86537419816,317.477923171713,False,55880.01933494476,423.819276488001,False,56202.75438021946,597.521011439923,False,55194.90326775641,821.4837433385665,False,-0.0190000379991009,12.699419620672783,54711.04232327306,241.6747734679251,0.0,3.15785269429103e-05,False,113763.609375,661.29931640625,False,116396.81341552734,882.805944493083,False,114969.73217988014,1711.1320134685957,False,False,-0.0395766484011626,26.45260316058189,False,False
2MASS J10014264+0154262,150.42769767501,1.9073150891300004,2025052000140,-1,g,20250520,g_6,0.1485738954985058,150.42771609738375,1.907278153395975,745284184515805228,0,3443.056028483838,97.07580897315972,0.020971218,0.016919611,150.42771609738375,1.907278153395975,9.621601e-07,1.1486339e-06,55485.82137684193,429.4801942239956,53090.64437938317,285.81339598294664,False,56071.60001525891,354.5239507133506,False,57605.22191539108,474.2434278404376,False,58654.22372326349,673.921641659252,False,58659.573421608366,928.2906771822652,False,0.0752955732173601,14.679634075679582,55613.22331401568,265.7105876615909,0.0,0.0028946706461641,False,105037.0625,664.117919921875,False,107909.94537353516,888.3844327027318,False,109885.02696609496,1738.9360362612558,False,False,0.1410486918128417,27.49887004231524,False,False
2MASS J10014264+0154262,150.42769767501,1.9073150891300004,2025052000141,-1,g,20250520,g_6,0.151679866019331,150.42771881603616,1.9072786368770809,745284184652121998,0,593.7165125149836,3863.571250262839,0.018030122,0.015678743,150.42771881603616,1.9072786368770809,8.852851e-07,9.908383e-07,55800.69745737932,373.9235889418599,53376.38810035722,254.09684010883493,False,55736.31051755288,311.141997530115,False,56946.2384052273,413.8663882073808,False,57247.08520261299,582.181794227424,False,55716.0264448009,798.2342338252095,False,-0.2714207552672103,12.543779998519856,55310.59134326615,235.97327699526488,0.0,3.495326285551936e-05,False,119860.625,669.109130859375,False,122462.56817626952,890.0173602521992,False,119817.00421464445,1716.598269140088,False,False,-0.5836888208460526,26.975328946676413,False,False
2MASS J10014264+0154262,150.42769767501,1.9073150891300004,2025052000143,-1,u,20250520,u_24,0.1995679808505007,150.4277417370171,1.907281417326336,745284184920555963,0,561.7148798655452,3691.748320322143,0.2919368,0.29706445,150.4277417370171,1.907281417326336,1.6493263e-05,1.6275424e-05,4644.7679849758015,739.923807461706,4880.624336894583,444.2074045706312,False,4811.891659298821,583.9951579560103,False,5117.818652846834,826.2809847407,False,5064.341568580007,1206.6718856769744,False,5343.906999132035,1682.0554541766348,False,-0.0739871865027071,26.97114823771241,4967.70639625439,364.4732423062186,1.0,0.3279143045351008,False,1806.2216796875,219.21206665039065,False,1921.056344985962,310.1579864683955,False,2005.9222774505613,631.3868313928659,False,False,-0.0277722920095307,10.124058503869191,False,False
2MASS J10014264+0154262,150.42769767501,1.9073150891300004,2025052000144,-1,u,20250520,u_24,0.2717642839139515,150.4277588628745,1.907270829165136,745284185054773677,0,543.9208412662385,3224.879253674723,0.3723777,0.40570065,150.4277588628745,1.907270829165136,2.234755e-05,2.0959153e-05,6133.203210921451,734.9712895650861,5566.5948159102845,443.2318956334966,False,5864.103312798334,583.7774827818723,False,5751.886954743003,821.026051092304,False,4793.264325517556,1202.8843748235197,False,5445.847689351886,1682.7607064537644,False,0.5972151594830559,26.68822720050196,5376.744333054524,354.2198571395116,1.0,0.4967472371952781,False,2168.62548828125,215.88888549804688,False,2127.1263465881348,303.6266460476164,False,2013.9488468170168,622.307889891587,False,False,0.2208583218539632,9.869670886891464,False,False
2MASS J10014264+0154262,150.42769767501,1.9073150891300004,2025052000145,-1,u,20250520,u_24,0.1400852825952782,150.42772421312222,1.9072866163797744,745284185190563961,0,2767.940689123405,888.8313801021027,0.3143901,0.28087282,150.42772421312222,1.9072866163797744,1.5896043e-05,1.7244487e-05,5470.145451793529,667.8192490929692,5842.231906413852,403.93557328269145,False,6078.113769247348,530.1457614266193,False,7116.937510852838,747.7453358098143,False,7678.675191101071,1091.627292793367,False,8284.96008214188,1522.510797447996,False,0.0335948332535087,24.41040428827025,5537.735934779047,318.44638327233054,1.0,0.266033460472765,False,2354.434326171875,205.35867309570312,False,2756.835855484009,289.6486233563126,False,3209.2841873168945,589.7638345658613,False,False,0.0130133840196077,9.455679171854898,False,False
2MASS J10014264+0154262,150.42769767501,1.9073150891300004,2025052000147,-1,u,20250520,u_24,0.1523052890583812,150.427730769355,1.9072887099356663,745284185457426825,0,1272.383797879608,3264.0552875334874,0.1945707,0.27359486,150.427730769355,1.9072887099356663,1.4598912e-05,1.16491e-05,6524.354417840285,803.2627348131654,5413.679293738883,485.0536369085936,False,5518.240616983863,638.7464460699713,False,3609.892464430375,900.3050956146056,False,2917.535877276916,1318.7175148667386,False,1032.4398207777465,1842.115436386361,False,-1.1439955901299004,30.127480923943924,6155.001594484584,356.37895122842855,0.0,0.0043961262330802,False,1918.5626220703125,222.0771331787109,False,1255.0748023986816,313.0149308077321,False,358.95507049560547,640.4602602706603,False,False,-0.3977403907110045,10.474617330008355,False,False
2MASS J10014264+0154262,150.42769767501,1.9073150891300004,2025052000148,-1,u,20250520,u_24,0.1145890367341152,150.42770913877442,1.90728539241447,745284185589547240,0,451.0500971849162,1823.229585910131,0.28662336,0.25997916,150.42770913877442,1.90728539241447,1.475068e-05,1.5672531e-05,5814.66044025228,662.2823464865106,5246.753876488232,399.7544205177353,False,5751.346975325047,526.7690684714489,False,5474.305998199451,742.0764872439341,False,7448.815682763933,1087.8074185367443,False,6662.273633329965,1515.580770117354,False,0.307629093099704,24.60457510613821,5324.750495155231,300.7976077946777,1.0,0.1517058835338361,False,2253.593505859375,206.4078826904297,False,2145.0384578704834,290.7734065913059,False,2610.5287437438965,593.8614025193266,False,False,0.1205406193361722,9.640995563563358,False,False
2MASS J10014264+0154262,150.42769767501,1.9073150891300004,2025052000149,-1,u,20250520,u_24,0.3044046472030419,150.42778218746187,1.9073111625998933,745284185727434792,0,2679.330180325016,562.1397156984917,0.56315345,0.8049585,150.42778218746187,1.9073111625998933,4.2391883e-05,3.4496683e-05,5211.708032028162,911.4183904501296,5281.610333970064,547.2820753885253,False,5161.197829438,720.911457414596,False,5702.604046835787,1019.639097131856,False,4525.895426250911,1486.307177286906,False,76.51098031396698,2072.767150480237,False,-1.4533242562546849,33.03942096340607,5456.47600443484,424.9725729184727,0.0,0.0154864661510073,False,1478.4471435546875,206.50816345214844,False,1633.535264968872,292.0799706635973,False,21.91689682006836,593.752995748893,False,False,-0.4163109352373819,9.464283130059268,False,False
2MASS J10014264+0154262,150.42769767501,1.9073150891300004,2025052000150,-1,u,20250520,u_24,0.2506106741802348,150.42772522223112,1.9072511507941567,745284185857982613,0,3992.9800993789145,1300.223330231942,0.3729355,0.3382414,150.42772522223112,1.9072511507941567,1.9251675e-05,2.0343816e-05,5113.94872320648,707.999097497503,4626.280090620992,426.2096729321988,False,5195.92720619422,562.6735122682213,False,5295.773621202987,793.4529426348951,False,4716.946343297352,1160.0767097381065,False,4502.853403644836,1616.5306750880768,False,-0.1480052735468711,26.06991841055541,5077.492272695267,327.83535203574047,1.0,0.1424129335340833,False,1898.94580078125,205.6392364501953,False,1935.4364833831787,289.98176335839526,False,1645.6494140625,590.7904432596932,False,False,-0.0540912105851402,9.527724336364292,False,False
2MASS J10014264+0154262,150.42769767501,1.9073150891300004,2025052000151,-1,u,20250520,u_24,0.1491041205268927,150.42771768669587,1.907278820533052,745284185992200398,0,3489.3253532875347,1656.976167997149,0.23340082,0.33758405,150.42771768669587,1.907278820533052,1.7603115e-05,1.4539536e-05,5116.283420645351,670.5748527227063,4375.078314867355,402.7719661040512,False,4785.839161574054,532.0458966721955,False,4837.878518048418,752.9806732337732,False,4760.417748553635,1099.7938148078692,False,5617.365229265452,1535.7799634553508,False,0.3060401443990445,23.80429630132824,5413.1211629524205,320.0051150989769,0.0,0.2101364781926837,False,1847.2801513671875,205.36373901367188,False,1867.3667583465576,290.64208074438613,False,2168.23987197876,592.7938126582183,False,False,0.1181280576265674,9.18819095045482,False,False
2MASS J10014264+0154262,150.42769767501,1.9073150891300004,2025052000153,-1,u,20250520,u_24,0.2474296890145748,150.42773332438426,1.9072563149241784,745284186259063048,0,2848.608126341999,1995.9795358558383,0.4465999,0.34241945,150.42773332438426,1.9072563149241784,2.090223e-05,2.3309176e-05,4790.394378181074,733.6409124661559,4161.294051521449,436.4423780063416,False,4844.5074151420185,576.561144266108,False,5039.992163171715,813.984014730107,False,6619.0299928938575,1186.4157192353578,False,9343.35563563398,1657.9505440311725,False,0.7897476426655672,26.72674288047685,4812.4648486535125,377.1500074924791,0.0,0.2701621272439174,False,1807.9017333984373,215.1644744873047,False,1880.8538799285889,303.7673358883772,False,3486.808338165283,618.7237226790309,False,False,0.294722664198988,9.974042898702416,False,False
2MASS J10014264+0154262,150.42769767501,1.9073150891300004,2025052000154,-1,u,20250520,u_24,0.1405737040221364,150.4276955367624,1.907276099402159,745284186393280778,0,2231.959284060956,2420.340388735342,0.3858498,0.34563398,150.4276955367624,1.907276099402159,1.9979982e-05,2.076853e-05,7345.635955677608,736.5113270898805,5981.050163811862,440.05402984399393,False,7301.496293497415,580.243424154067,False,7371.097299851577,815.7893038710272,False,8114.678267776904,1189.3969454515657,False,5952.887919501731,1654.007794559845,False,-0.2568019828418938,26.375038014813768,5567.226004311119,361.0996366617122,1.0,0.9943986561491605,False,2703.320068359375,214.8304443359375,False,2729.0892791748047,302.03940508351815,False,2204.0087032318115,612.3830355482796,False,False,-0.0950788613601338,9.765144937851458,False,False
2MASS J10014264+0154262,150.42769767501,1.9073150891300004,2025052000157,-1,u,20250520,u_24,0.1912827973108737,150.4277346260223,1.907276887443764,745284186797506808,0,804.1647828493761,2026.0935232716715,0.27032456,0.24597158,150.4277346260223,1.907276887443764,1.4207759e-05,1.4540068e-05,5864.229579004539,687.1592531019172,5131.8773513492815,414.7962323217787,False,5671.387908293845,546.4617208926728,False,5637.093922698211,770.314401837056,False,4811.299315050742,1125.1465662438843,False,2643.9786837971787,1572.619391211801,False,-0.7117526901580843,24.969645780188767,5441.026075759589,324.0743976233609,0.0,0.0312376820733056,False,2139.060546875,206.1073455810547,False,2126.125986099243,290.5371969442597,False,997.2215938568116,593.14018885436,False,False,-0.2684496499389196,9.41772719861684,False,False
2MASS J10014264+0154262,150.42769767501,1.9073150891300004,2025052000158,-1,u,20250520,u_24,0.1747182086878735,150.42773632487385,1.9072857075217275,745284186930151460,0,3404.148062441269,345.8362171126436,0.2414626,0.26756793,150.42773632487385,1.9072857075217275,1.4338832e-05,1.4015395e-05,5581.798685489488,708.1160950364496,6084.342948132387,428.73022930006846,False,6501.688151227445,563.264805776364,False,7934.981811537647,796.3170279366939,False,7995.355295881275,1161.022916876271,False,7740.049244775264,1619.5554728547827,False,0.0149023918627339,25.24979539079201,6007.042866299333,314.7531864136477,0.0,0.0295200805652393,False,2482.1259765625,215.0355682373047,False,3029.309314727783,304.00707241665566,False,2954.890613555908,618.2918368513107,False,False,0.005689232257075,9.639523087637006,False,False
2MASS J10014264+0154262,150.42769767501,1.9073150891300004,2025052000159,-1,u,20250520,u_24,0.1681763834940529,150.42771766522446,1.90727286133035,745284187068039604,0,2209.949309221507,3257.467112448382,0.27918074,0.28369638,150.42771766522446,1.90727286133035,1.5681493e-05,1.563659e-05,5623.121717056246,724.4777621383608,5478.441931228055,440.5369376662664,False,5374.247572536857,578.7673299750672,False,4642.859791584495,814.1705907982648,False,5388.061470267729,1187.989251213833,False,5385.051164376668,1657.1809596204612,False,0.4725042733529209,26.5008702703728,5103.56740193899,300.2560238761648,1.0,0.1636796353350417,False,2021.51904296875,217.702880859375,False,1746.4080982208252,306.24963426217795,False,2025.582805633545,623.3473285892273,False,False,0.1777321147890774,9.968281733160818,False,False
2MASS J10014264+0154262,150.42769767501,1.9073150891300004,2025052000160,-1,u,20250520,u_24,0.1964669889032311,150.42770075812692,1.907260602028312,745284187198587223,0,3519.582092823962,2606.492165093959,0.22663732,0.31336355,150.42770075812692,1.907260602028312,1.5561442e-05,1.4855733e-05,6747.448699634876,698.15388921316,5540.812966497291,423.44103357341504,False,6047.029771096796,557.7754600799626,False,5050.515866312689,786.0150805928635,False,5100.25108114657,1152.6868218743757,False,4900.855045731382,1607.9600467977384,False,-0.1976124261375354,25.54240374356944,5330.792929909399,298.23131699537294,1.0,0.5118450444268425,False,2292.994140625,211.5048065185547,False,1915.1225852966309,298.0517778921768,False,1858.3721809387207,609.7279334210335,False,False,-0.0749333395734006,9.685512448016237,False,False
2MASS J10014264+0154262,150.42769767501,1.9073150891300004,2025052000162,-1,u,20250520,u_24,0.1464218431519626,150.4277084897999,1.9072758789121227,745284187470692838,0,349.6233674161653,3693.039494304182,0.2788599,0.21367978,150.4277084897999,1.9072758789121227,1.3687336e-05,1.395317e-05,5501.267258585158,744.0033570288923,4511.297357314242,448.3611816470661,False,4049.2932900500496,591.3753532012585,False,2244.3345423997425,837.1381799096174,False,1788.2625146794678,1230.017864160521,False,-870.237958986645,1719.8115926662226,False,-1.3610131038089774,26.761558328654587,5012.791019236706,317.5530769510492,0.0,0.0574164489403923,False,1487.45947265625,217.2346649169922,False,824.4294586181641,307.5127007195326,False,-319.6715087890625,631.7522247601348,False,False,-0.4999518900358351,9.830538463789075,False,False
2MASS J10014264+0154262,150.42769767501,1.9073150891300004,2025052000163,-1,u,20250520,u_24,0.1345081685440894,150.4277156875619,1.9072823487947377,745284187601240151,0,2785.544275038607,810.8060019704666,0.35671565,0.5402921,150.4277156875619,1.9072823487947377,2.5699777e-05,2.523216e-05,4581.019505787825,717.1784806919471,4427.158097180331,430.7480495386818,False,4700.66158454037,569.1465069487627,False,4948.92091371109,806.2827720451257,False,3606.806697489456,1176.7491423349998,False,3082.8455516095146,1645.6517663560594,False,-0.2809539671503618,27.048074644651894,4877.32085680136,323.21710235986365,0.0,1.5609649773318246e-05,False,1778.1396484375,215.29351806640625,False,1872.0497817993164,304.99608173042265,False,1166.1613597869873,622.507832281025,False,False,-0.1062776758954268,10.231592526832651,False,False
2MASS J10014264+0154262,150.42769767501,1.9073150891300004,2025052000164,-1,u,20250520,u_24,0.2874435697062026,150.42770825958183,1.9072359475821727,745284187739128343,0,561.9714731285185,3877.746016826674,0.3733725,0.21921474,150.42770825958183,1.9072359475821727,1.7019454e-05,1.704692e-05,5899.2555748106215,729.9716254401048,4824.769491790829,439.8980817601022,False,5352.276069380758,581.3267078940744,False,4891.858427192,819.262010783025,False,3708.957372976093,1199.050633625856,False,2299.858009476731,1674.3942247229932,False,-1.2117845177556374,27.395644357469703,4674.847801005128,305.7357975493325,1.0,0.0676229671824847,False,1995.1634521484373,216.7006683349609,False,1823.533954620361,305.3956112239637,False,857.3161373138428,624.162527932204,False,False,-0.4517158962588954,10.212251322903825,False,False
2MASS J10014264+0154262,150.42769767501,1.9073150891300004,2025052000165,-1,u,20250520,u_24,0.2380103195220734,150.42773961850534,1.907263964282899,745284187869675830,0,1187.7326013597444,2395.042586100079,0.33757895,0.48025885,150.42773961850534,1.907263964282899,2.2980328e-05,2.3198892e-05,5997.474197199224,717.2805565140986,6077.950587260994,435.0139572717513,False,6066.058905628031,571.6577285262151,False,5535.378268257453,804.4425594835667,False,5645.936079080409,1179.3519870365103,False,4421.721980377804,1646.5465571319207,False,-0.5592874656169461,26.29678706019299,5602.834270303957,307.75040026102806,1.0,0.1918638833155609,False,2276.18896484375,214.5051727294922,False,2077.059772491455,301.8538568836372,False,1659.1785430908203,617.8395498217018,False,False,-0.2098634347634842,9.86743740020773,False,False
2MASS J10014264+0154262,150.42769767501,1.9073150891300004,2025052000166,-1,u,20250520,u_24,0.2110562974475445,150.4277077143372,1.9072573273841336,745284188007563828,0,519.0,3994.0,,,150.4277077143372,1.9072573273841336,,,,,2419.9856544044374,411.7801531324413,True,,,True,,,True,,,True,,,True,0.9734919072255928,27.738613810834718,4187.848251843935,302.03032872259706,,,True,,,True,,,True,,,True,True,0.3625164697412628,10.329520234922478,True,False
2MASS J10014264+0154262,150.42769767501,1.9073150891300004,2025052000168,-1,u,20250520,u_24,0.1706238240144462,150.42771278659902,1.907270164449832,745284188272329029,0,3179.4015895603607,2649.361357096793,0.20576549,0.19706507,150.42771278659902,1.907270164449832,1.1088118e-05,1.1326865e-05,4527.109970141375,748.840125368734,4307.46457020657,452.2344528872875,False,4403.043116361116,597.0519576482724,False,4821.263145132528,847.9528781947516,False,5928.313037668715,1240.307251132248,False,4115.101040694772,1729.2153388376846,False,-0.2145260155548048,27.687060452936475,4781.300965655159,298.3065471439938,0.0,0.3074701112850638,False,1569.2283935546875,212.78712463378903,False,1718.280475616455,302.2072911153596,False,1466.6068954467771,616.2859950635636,False,False,-0.0764562839536692,9.867566646206262,False,False
2MASS J10014264+0154262,150.42769767501,1.9073150891300004,2025052000169,-1,u,20250520,u_24,0.1431328120087558,150.42772837770602,1.9072898072027555,745284188410216702,0,381.2165651971935,2505.490215013372,0.36159152,0.35712954,150.42772837770602,1.9072898072027555,1.9937852e-05,2.0051604e-05,6865.015293089833,872.738592720631,5152.667335738836,526.918900791926,False,5971.236338499936,696.7059958529771,False,5316.505561645237,984.356767483469,False,4920.179616835597,1436.1786466318356,False,949.1321152038367,2005.0291749787848,False,-1.9113095988661248,32.19545504949095,4615.67277638045,343.9583811769234,1.0,0.1403606188941681,False,1866.9404296875,217.8290252685547,False,1662.2351913452148,307.7646474319676,False,296.75146293640137,626.8835827742889,False,False,-0.5975816332651434,10.06608904366043,False,False
2MASS J10014264+0154262,150.42769767501,1.9073150891300004,2025052000170,-1,u,20250520,u_24,0.1855182259569092,150.42770901065245,1.9072648170780997,745284188544434356,0,476.570308303514,2054.2349544900558,0.29287446,0.29412818,150.42770901065245,1.9072648170780997,1.6345708e-05,1.6315815e-05,6918.699963652922,1046.3004589112968,5061.496291319754,631.1804890787805,False,5535.17512242253,835.6936198205966,False,5334.894394305503,1184.5908885222698,False,3903.5110359330974,1732.162682004399,False,476.4761462722899,2419.874017774664,False,-1.2744141882319493,38.65242514727348,4943.9904260338735,381.40543582965887,1.0,0.4311481218998136,False,1417.8642578125,214.06732177734372,False,1366.561294555664,303.4391945725806,False,122.0518741607666,619.8634735715802,False,False,-0.3264479058347087,9.901022258913931,False,False
2MASS J10014264+0154262,150.42769767501,1.9073150891300004,2025052000171,-1,u,20250520,u_24,0.2597942384878611,150.4277188046343,1.9072460831135305,745284188680224783,0,2269.4471564958603,135.79135655420092,0.3164508,0.31999165,150.4277188046343,1.9072460831135305,1.7745e-05,1.76686e-05,8254.370569521281,1042.8453464094946,5868.245029230731,627.0549170386132,False,7866.902577579885,832.709692905282,False,7656.688017204307,1178.1353595815713,False,8114.975144934958,1722.5835245649168,False,11461.623061443308,2413.8899375842325,False,1.071745388455677,38.20548433085239,5216.317447671109,393.7615811930658,1.0,0.6238109934497703,False,1960.0255126953125,207.4682159423828,False,1907.650909423828,293.53043836710674,False,2855.644060134888,601.4166078511536,False,False,0.2670235564469011,9.518832002161178,False,False
2MASS J10014264+0154262,150.42769767501,1.9073150891300004,2025052000172,-1,u,20250520,u_24,0.1923655323574348,150.42772758027306,1.9072707952111951,745284188810772611,0,2809.6984308905107,1728.5971653617792,0.3517945,0.36239752,150.42772758027306,1.9072707952111951,1.9974541e-05,1.9760373e-05,5952.140352886152,1038.167500970263,6006.808376462531,625.2366747847699,False,6223.297614217603,826.1509363772658,False,7435.874473770772,1172.59018062188,False,6895.379004308626,1716.675256464549,False,8120.4358911909085,2403.884145694501,False,0.3198954479681291,38.64372043010965,5220.3790737584295,401.9270174469952,1.0,0.7232854996639821,False,1535.738525390625,203.87130737304688,False,1834.96911239624,289.3629754684597,False,2003.9000244140625,593.212428839128,False,False,0.0789413899183273,9.536206350369966,False,False
2MASS J10014264+0154262,150.42769767501,1.9073150891300004,2025052000173,-1,u,20250520,u_24,0.2274717853455967,150.4277558588644,1.907290372001152,745284188947087503,0,1208.267456019795,2249.240262214759,0.4353386,0.45291653,150.4277558588644,1.907290372001152,2.487795e-05,2.455199e-05,5178.634479887794,1562.243970094414,5007.518928624,938.6277408398918,False,4162.161726117299,1244.1505451183052,False,3470.2339679640672,1769.2155376940134,False,-1529.7299127555657,2588.243442066205,False,-5696.886103039772,3621.764843764296,False,-3.6799868947983176,57.75377789983281,5461.570159867355,571.1999684567,0.0,0.0044160287410166,False,751.4306640625,224.6171417236328,False,626.5110263824463,319.41161680886563,False,-1028.5075855255127,653.8681917501548,False,False,-0.664379516717911,10.426783612724629,False,False
2MASS J10014264+0154262,150.42769767501,1.9073150891300004,2025052000174,-1,u,20250520,u_24,0.2339786535182011,150.42774972000845,1.9072761205812832,745284189077635355,0,1768.0291448723904,3843.7918302251,0.3342564,0.3056067,150.42774972000845,1.9072761205812832,1.757522e-05,1.8053337e-05,5582.669495048649,1245.6637829348126,6525.130173297368,750.1688943330536,False,6530.303318748096,991.7816709009356,False,7778.723180746448,1405.3704141372891,False,13381.016034651546,2067.527761660978,False,17691.85705943417,2885.144944928972,False,2.8816434126436508,46.25030197079098,5258.404917310172,452.696762849984,1.0,0.4532829625908608,False,1424.762939453125,216.38409423828125,False,1697.1396217346191,306.61970578275657,False,3859.958877563477,629.4726893747664,False,False,0.6287087350547426,10.090758877511297,False,False
2MASS J10014264+0154262,150.42769767501,1.9073150891300004,2025052000177,-1,r,20250520,r_57,0.1581130570113298,150.42771860370877,1.907276469614828,745284189480289390,0,3188.967315158464,2367.799910446628,0.007650702,0.009171586,150.42771860370877,1.907276469614828,4.8734245e-07,4.5101035e-07,182293.6384100892,666.9444666310189,176072.43206212434,460.2998238713224,False,182581.39483917505,558.6775029617522,False,186291.15140729627,735.6151216227825,False,187713.3197401201,1032.3138699656408,False,188255.4887179905,1412.4184291357806,False,0.8373797768353773,22.07649413719084,180790.53591978963,426.1187064590184,0.0,0.0002686940549843,False,368202.25,1126.6553955078125,False,375683.5200195313,1483.4761403488685,False,379644.8952636719,2848.349603240493,False,False,1.6886995425074327,44.52049903871905,False,False
2MASS J10014264+0154262,150.42769767501,1.9073150891300004,2025052000178,-1,r,20250520,r_57,0.1592260698643341,150.42771863016785,1.9072761325740328,745284189618177011,0,400.4750708405949,2269.9519165331426,0.009506699,0.010704882,150.42771863016785,1.9072761325740328,5.7587806e-07,5.4946327e-07,183510.2096847287,685.9763303876044,175096.1789813035,468.4104011248981,False,183427.21462136705,570.471496206179,False,187568.45767111803,753.3562063254003,False,189776.55248653475,1055.327331938852,False,188060.8129764154,1445.991987501458,False,0.1761731035914873,22.87019504926468,181692.28368499543,443.6429380634244,0.0,0.0004723720427971,False,360879.28125,1122.35986328125,False,369026.8662109375,1482.171807630271,False,369995.5383300781,2844.880734955011,False,False,0.3466073621131668,44.99539268729934,False,False
2MASS J10014264+0154262,150.42769767501,1.9073150891300004,2025052000179,-1,r,20250520,r_57,0.1580460224544413,150.42771917556084,1.907276806036244,745284189752394445,0,495.7482355175783,1816.4699291025809,0.010857411,0.0116137015,150.42771917556084,1.907276806036244,6.3266566e-07,6.172547e-07,182713.48858057844,738.5252977015577,172384.8590881384,495.66838796186266,False,182120.05916955275,608.3726829525887,False,187603.17803413208,809.2839551278474,False,189916.7660316697,1139.6360902084468,False,190243.25938982,1563.1638971100297,False,0.4657321375973861,24.61664941505826,182398.16715536977,474.30038217394286,0.0,4.157380598523997e-05,False,335820.21875,1121.80859375,False,345930.81384277344,1492.2788630816276,False,350798.99092566967,2882.395515701401,False,False,0.8587866105471099,45.39186199012054,False,False
2MASS J10014264+0154262,150.42769767501,1.9073150891300004,2025052000180,-1,r,20250520,r_57,0.1574683729201365,150.42771797706584,1.9072763389433545,745284189882942435,0,1682.3698066564682,3543.561180498525,0.015391169,0.013295619,150.42771797706584,1.9072763389433545,7.859947e-07,8.128326e-07,181743.2677293308,959.7913682987067,171177.8511669808,622.9541964677522,False,182129.4343229665,780.096490257546,False,189410.97213753135,1057.9179779377234,False,192956.5486129785,1506.9532680015493,False,195628.96502470068,2077.1045142024386,False,1.1777977193232037,32.40028804824542,179804.04797927992,565.2568081305662,0.0,0.0013888366058195,False,266412.0625,1141.095703125,False,277063.22119140625,1547.4824896146847,False,286158.66650390625,3038.3100881731166,False,False,1.722838050747315,47.39391848777455,False,False
2MASS J10014264+0154262,150.42769767501,1.9073150891300004,2025052000181,-1,r,20250520,r_57,0.1511099404557138,150.4277185836804,1.9072786856822983,745284190020830300,0,2207.313632257474,3907.073498129612,0.013500471,0.012005588,150.4277185836804,1.9072786856822983,7.0370396e-07,7.1689186e-07,183089.73797912884,1001.9157546097358,173697.77505924378,652.0459799013306,False,182066.50222570775,816.8791197106993,False,186001.7401965111,1108.2991796401202,False,187050.07435931533,1579.7083325251874,False,189087.24061406785,2182.8342507596585,False,1.130742439398802,34.405481703373056,183163.0327262819,574.680648824442,0.0,1.028231267907742e-06,False,255907.8125,1148.1834716796875,False,261439.07788085935,1557.795724035172,False,265775.9748535156,3068.1335189791207,False,False,1.5893413704885404,48.35942610576368,False,False
2MASS J10014264+0154262,150.42769767501,1.9073150891300004,2025052000182,-1,r,20250520,r_57,0.1648077727250871,150.4277201978938,1.907275225810396,745284190151378229,0,3443.4683216521867,3946.43353378193,0.011480779,0.0110806385,150.4277201978938,1.907275225810396,6.2587696e-07,6.2870066e-07,182016.9523000826,807.2989295259144,172582.436242382,537.9858254599127,False,181891.89303062565,665.2309792867181,False,186652.1252846569,891.0885341000808,False,189374.47624448023,1263.754512477914,False,189467.40731453124,1735.033301251932,False,0.6132513729647514,27.19757429930358,182781.485138039,501.0657118796925,0.0,0.0002845317619363,False,310468.84375,1135.473876953125,False,318594.0206298828,1520.9871218084102,False,323399.3879394531,2961.50517723588,False,False,1.046750580909117,46.42317645288215,False,False
2MASS J10014264+0154262,150.42769767501,1.9073150891300004,2025052000184,-1,r,20250520,r_57,0.1582861280559639,150.42771692787926,1.907275554903168,745284190421385954,0,3423.6282078926447,1926.387505482116,0.010185954,0.011180158,150.42771692787926,1.907275554903168,5.9602513e-07,5.930297e-07,182946.93647621883,751.2669639829454,172703.0892060736,503.766705556295,False,182999.15181336243,620.1122790460169,False,188463.90883434375,827.4296617604944,False,190820.87363638324,1166.2672605225405,False,190592.85508687003,1600.5872905126682,False,0.467927734887374,24.3002507803193,180529.57947572455,472.1773458655908,0.0,0.0004269347865976,False,334536.625,1133.61328125,False,344526.6241455078,1512.6055160766884,False,348418.5028076172,2925.9975517925,False,False,0.8554081460047867,44.42274077309706,False,False
2MASS J10014264+0154262,150.42769767501,1.9073150891300004,2025052000186,-1,r,20250520,r_57,0.1508509854021827,150.42771774807957,1.9072783007631549,745284190691917883,0,28.346890509089917,216.07160350816488,0.013732822,0.011516742,150.42771774807957,1.9072783007631549,7.052289e-07,7.0408356e-07,181930.19762533667,1136.6279865286529,173116.32243302336,730.7414574746834,False,181233.1181946858,923.042434597195,False,185357.3197578949,1262.555123829588,False,186342.82461222127,1811.5220521136368,False,,,True,-0.6063763581689645,39.08541505573059,180381.89764304744,618.0652433172597,0.0,0.0007174234290269,False,229510.8125,1168.9266357421875,False,234733.63745117188,1598.8802443099144,True,,,False,False,-0.7679056235993784,49.49716396041956,False,False
2MASS J10014264+0154262,150.42769767501,1.9073150891300004,2025052000187,-1,r,20250520,r_57,0.1491906545220697,150.42771757831173,1.907278733604972,745284190822465580,0,3047.0068695141485,205.33486182849805,0.017063845,0.017408904,150.42771757831173,1.907278733604972,9.579679e-07,9.587835e-07,183098.25700058808,1373.0584113015293,173230.377552511,869.6181876269703,False,182752.2649504008,1109.891702936137,False,187567.03615801616,1528.0576806995566,False,187230.17192400977,2200.8852295513266,False,188601.7883265137,3051.352716989148,False,-0.2376359301707237,47.505007363076544,180688.79271330065,722.7120775625867,0.0,0.0008699549261648,False,195419.015625,1186.8194580078125,False,200567.50366210935,1633.9689571648892,False,201673.9755859375,3262.8451660531978,False,False,-0.2541067250996728,50.797629121971845,False,False
2MASS J10014264+0154262,150.42769767501,1.9073150891300004,2025052000188,-1,r,20250520,r_57,0.1526402586275743,150.42771681035427,1.9072772472180968,745284190955111324,0,1894.7437784467943,3730.133065344132,0.014445061,0.014779906,150.42771681035427,1.9072772472180968,8.1177546e-07,8.1314175e-07,182399.2096615916,1216.4955258963282,175414.98754680596,779.0689472663558,False,183254.9620445782,986.8555127953364,False,188107.5444697721,1352.724506113079,False,191894.04342857667,1941.4652772650995,False,192787.97689309463,2689.817883214918,False,0.8004432314832265,42.567154779826616,184396.1655063025,657.2839083644008,0.0,5.396548627867315e-05,False,216919.125,1168.14208984375,False,222663.1328125,1601.2216692977008,False,228203.36645507807,3183.940751871143,False,False,0.9474856421256236,50.38679370839304,False,False
2MASS J10014264+0154262,150.42769767501,1.9073150891300004,2025052000189,-1,r,20250520,r_57,0.1579113086964936,150.4277190352393,1.9072767704837463,745284191090901082,0,2339.630127714838,469.6417553324473,0.01626805,0.0145602105,150.4277190352393,1.9072767704837463,8.636635e-07,8.529417e-07,183453.63988434515,1379.7561338368523,176182.21728220824,878.7040478397553,False,183388.15946999603,1119.6744355242092,False,187528.01859560556,1544.3433203722834,False,188025.44250187103,2221.9009435908465,False,187869.24407431835,3082.5539475544083,False,0.0210020674948527,48.50269484180952,180662.6602600207,705.4900306762781,0.0,0.0005867658841309,False,192043.28125,1172.5181884765625,False,196378.52368164065,1617.2295936550722,False,196735.853515625,3228.037057732416,False,False,0.0219932735374083,50.79181062620624,False,False
2MASS J10014264+0154262,150.42769767501,1.9073150891300004,2025052000190,-1,r,20250520,r_57,0.1533545137417888,150.4277179883228,1.9072776397433056,745284191228789229,0,2059.483995986442,3205.4353729530794,0.023632433,0.022187717,150.4277179883228,1.9072776397433056,1.2805983e-06,1.2682922e-06,180731.2151488863,2193.028581155322,174039.4633976837,1353.8882522595468,False,179865.13002608766,1756.0223795792576,False,183982.8466360632,2454.8486142147567,False,183715.6332683722,3574.2019922420877,False,184928.00788961808,4967.781735361995,False,-0.5905667552073323,77.48209466805932,180587.51048540583,1030.4180682322549,0.0,6.0265697015227104e-05,False,123483.9296875,1205.572998046875,False,126310.89135742188,1685.342532080483,False,126959.77880859376,3410.5621830274367,False,False,-0.4054454783160033,53.194265773711344,False,False
2MASS J10014264+0154262,150.42769767501,1.9073150891300004,2025052000191,-1,r,20250520,r_57,0.1571679519368589,150.42771692597017,1.9072758996996813,745284191358812433,0,3791.1806387649954,2192.2144677854862,0.028580377,0.02834722,150.42771692597017,1.9072758996996813,1.5834065e-06,1.5810105e-06,173130.6853487545,3204.3459918845456,170718.9392035514,1946.0596309876823,False,177349.54430469158,2550.527444269311,False,186996.85801761676,3594.1995945581903,False,185434.16424497025,5243.287566511124,False,177491.93394359027,7310.498762559937,False,-2.5261355308057087,114.65583522834342,179425.2981325837,1397.0540642178073,0.0,0.0006969534947258,False,86912.4453125,1249.9190673828125,False,91640.23657226562,1761.3841463701167,False,86982.22520256042,3582.6047729589877,False,False,-1.237965493702745,56.1885797232285,False,False
2MASS J10014264+0154262,150.42769767501,1.9073150891300004,2025052000192,-1,r,20250520,r_57,0.1598886016100909,150.4277192888708,1.90727628297682,745284191493554710,0,86.83393201674211,3874.019619120153,0.020565905,0.019727422,150.4277192888708,1.90727628297682,1.1253468e-06,1.1151593e-06,187764.76978448275,2723.171638337405,174287.99511761748,1659.4342146911094,False,186334.24647541004,2168.5221613606523,False,190965.67692921756,3033.490581193616,False,193278.54651936068,4428.243746132743,False,186611.8811822654,6171.103213114022,False,-2.0992189152178957,96.33549373294822,185184.75170073903,1278.2413398254223,0.0,0.0001006324449698,False,106957.6484375,1244.7525634765625,False,109616.13403320312,1741.2527501464508,False,107117.01342773438,3542.272558184201,False,False,-1.204971834079121,55.297499335965725,False,False
2MASS J10014264+0154262,150.42769767501,1.9073150891300004,2025052000193,-1,r,20250520,r_57,0.16444712826854,150.4277172534031,1.9072738126063515,745284191626199374,0,4002.10986474317,2929.7628501486392,0.026041165,0.021151612,150.4277172534031,1.9072738126063515,1.3520253e-06,1.284927e-06,183867.9457690476,3375.071261331213,179248.43232104814,2055.357624565989,False,183750.713020101,2693.4090239278303,False,186806.01703545067,3794.0544832176056,False,191535.3347244063,5539.435922876843,False,198303.48391075863,7730.177476306679,False,4.529520064293441,123.01888489819434,183136.9168789728,1355.9875819485806,0.0,0.0041907433531169,False,87969.7734375,1289.4566650390625,False,89432.48559570312,1816.385405055124,False,94936.8427734375,3700.785428505927,False,False,2.168486028094572,58.89470171386058,False,False
2MASS J10014264+0154262,150.42769767501,1.9073150891300004,2025052000194,-1,r,20250520,r_57,0.1542551699724811,150.42771783369082,1.907277272661959,745284191765660311,0,2034.4046492732384,2271.650046598559,0.014034607,0.011524285,150.42771783369082,1.907277272661959,7.3381295e-07,6.936349e-07,181799.3518786657,1130.7144628365947,175116.2030057789,731.2051412054328,False,181526.73159203725,923.124782778351,False,184150.51574520144,1264.3385396026638,False,186445.36099065343,1812.381908828062,False,187018.75114787376,2508.694061202621,False,1.0486332583574045,39.39730096422476,181091.1568702412,598.6188138070388,0.0,4.042441004825648e-05,False,232903.078125,1184.390869140625,False,236269.455078125,1622.1761670193848,False,239949.46875,3218.713650621513,False,False,1.345421203553478,50.54766636247571,False,False
2MASS J10014264+0154262,150.42769767501,1.9073150891300004,2025052000195,-1,r,20250520,r_57,0.1530498327205211,150.42771702837777,1.9072772303284684,745284191896207623,0,3576.22790059408,965.0724093034092,0.012208454,0.011518075,150.42771702837777,1.9072772303284684,6.6600876e-07,6.5372353e-07,182324.90220947075,1089.9897308691966,177277.5822477919,708.470175285404,False,183292.84198885452,891.3330691126479,False,186931.3667241792,1213.7200904210692,False,189823.0898413801,1739.906084129511,False,192069.25135413825,2406.780329316808,False,1.7866742685347003,38.22083530210863,180784.1900688356,579.7885258685985,0.0,0.0020671607168292,False,242376.890625,1178.65234375,False,247188.28588867188,1604.9601196278063,False,253982.3564453125,3182.600729562003,False,False,2.3626048298900253,50.54123836531832,False,False
2MASS J10014264+0154262,150.42769767501,1.9073150891300004,2025052000196,-1,r,20250520,r_57,0.1561711305509115,150.4277170304657,1.907276260259665,745284192032522851,0,94.69946435190889,2543.6798844937234,0.014161627,0.012602912,150.4277170304657,1.907276260259665,7.602499e-07,7.300512e-07,182802.61033729417,1354.3774140986116,176985.34944287714,863.236999676268,False,182137.8831615558,1098.9803937921567,False,184769.1984676148,1514.6833245890523,False,185195.06273079265,2182.074843358599,False,183951.54822184207,3028.184740566757,False,0.8265207306425882,47.34694472768094,180830.294545622,673.1059348293172,0.0,0.001989903402658,False,198896.625,1200.0989990234375,False,201770.05102539065,1654.0512933123334,False,200877.16772460935,3306.8119290756986,False,False,0.9025699704192206,51.70339825485014,False,False
2MASS J10014264+0154262,150.42769767501,1.9073150891300004,2025052000197,-1,r,20250520,r_57,0.1547791188396209,150.4277186603558,1.907277557752576,745284192168313329,0,140.8352833707771,2263.49766518561,0.0150444005,0.017228529,150.4277186603558,1.907277557752576,8.7545226e-07,9.223644e-07,184255.3774944771,1634.7873827833175,176241.47779042862,1028.3207065856718,False,182734.2695144358,1321.2049397415449,False,186368.03244431247,1832.2815434622328,False,185655.6503581704,2648.77191921518,False,181931.2910630758,3684.210159791565,False,-1.186535413855967,58.457273701847214,178494.05930893213,760.7727247508648,0.0,0.0004006737431653,False,168882.203125,1221.0517578125,False,172240.5107421875,1693.3864930066218,False,168140.09399414062,3404.930723801399,False,False,-1.0965907780204258,54.02595363027499,False,False
2MASS J10014264+0154262,150.42769767501,1.9073150891300004,2025052000198,-1,r,20250520,r_57,0.1552005608987109,150.4277179540701,1.9072770392075769,745284192297288687,0,3309.1165446068503,3258.2311517242933,0.012478497,0.0110327825,150.4277179540701,1.9072770392075769,6.7121397e-07,6.380952e-07,183524.0070645576,930.7133310932356,175286.77053869085,610.9890116890475,False,183031.2325582871,762.1926421193148,False,186980.2034185791,1030.4472833409409,False,188809.9841780334,1467.6053651814243,False,188619.65424214824,2025.32283506701,False,0.1438994943562959,31.23636862340451,182043.60172575156,534.2095725035726,0.0,0.0013505689345183,False,280325.1875,1167.3515625,False,286373.3137207031,1578.2023858656255,False,288884.2478005886,3101.9241664527885,False,False,0.2203921821033348,47.84069237137706,False,False
2MASS J10014264+0154262,150.42769767501,1.9073150891300004,2025052000199,-1,r,20250520,r_57,0.1615718137097386,150.42771886898703,1.9072755211834005,745284192436749024,0,296.6756190635373,2490.753980593349,0.013803206,0.013072231,150.42771886898703,1.9072755211834005,7.566068e-07,7.381644e-07,182104.39592637183,1026.6483621256702,173141.73603869948,667.2212842588742,False,180906.5676305747,838.1220027213005,False,183423.01921761504,1139.426285340326,False,185361.76169681892,1629.2145022947936,False,183957.08056982147,2252.2438037279494,False,-0.2735824346904313,35.95633904509344,180911.1013710912,576.4809006724598,0.0,1.546365059390542e-05,False,252611.78125,1170.3250732421875,False,256125.66870117188,1591.0561308678791,False,256871.41381835935,3144.956684109,False,False,-0.3820212115625894,50.20820953254811,False,False
2MASS J10014264+0154262,150.42769767501,1.9073150891300004,2025052000200,-1,r,20250520,r_57,0.1641436485651757,150.42771881934505,1.907274686678067,745284192567296046,0,1358.778491405728,204.40499169138047,0.01413502,0.013821242,150.42771881934505,1.907274686678067,7.8133553e-07,7.7295664e-07,185257.9362176784,1370.528684811033,176265.28780134747,873.4235924183976,False,183279.44925351383,1113.0654622095235,False,185228.6315200751,1531.109733365445,False,183265.80895538372,2206.852716378063,False,179537.39258007423,3063.967862515107,False,-2.510974739573613,47.70024882525417,183515.53394826973,696.202600609601,0.0,0.0008143842711605,False,196116.859375,1191.0277099609375,False,198202.56787109372,1638.352982230864,False,192112.69848632807,3278.5768228233264,False,False,-2.6868505001560856,51.04130893625287,False,False
2MASS J10014264+0154262,150.42769767501,1.9073150891300004,2025052000201,-1,r,20250520,r_57,0.15950490760421,150.4277199156459,1.9072767615277249,745284192705184390,0,219.66624615451488,2589.1536863305278,0.014142537,0.014454661,150.4277199156459,1.9072767615277249,7.905978e-07,7.994834e-07,183608.90741200256,1226.8486793177096,175340.73959064536,785.7069998116332,False,183224.55125324085,995.1921933798131,False,187525.15867367163,1362.5293874926251,False,187303.368663462,1956.405455315842,False,187180.3268529224,2709.290238919649,False,0.18851106048166,41.91814388893869,182934.29298160924,661.5066696308404,0.0,0.0005994480119774,False,214658.578125,1165.927490234375,False,219696.9982910156,1596.2850991974842,False,219293.00708007807,3174.096410314699,False,False,0.2208520415361818,49.109625884154426,False,False
2MASS J10014264+0154262,150.42769767501,1.9073150891300004,2025052000202,-1,r,20250520,r_57,0.1461029396204818,150.4277170840938,1.907279441156957,745284192837828910,0,481.47268005293387,2984.189898646659,0.0419481,0.04021632,150.4277170840938,1.907279441156957,2.3105952e-06,2.2582292e-06,196442.92647675105,5578.088686092187,184908.31894430396,3351.298189682413,False,192857.16019735977,4426.734714793613,False,193956.92848515665,6277.932264396425,False,190482.9398734602,9169.629188753785,False,216545.69612333344,12830.435450731522,False,5.748388660166711,205.01426387860303,193550.3748046833,2232.5255992067764,0.0,0.0003746231429178,False,55705.57421875,1278.6343994140625,False,56023.2353515625,1813.3411346342527,False,62547.8583984375,3705.990348132226,False,False,1.6603858048072688,59.2170769325072,False,False
2MASS J10014264+0154262,150.42769767501,1.9073150891300004,2025052000203,-1,r,20250520,r_57,0.1495860314070413,150.4277168738177,1.907278233251088,745284192969949355,0,3157.514712275971,1970.1225286515091,0.040398695,0.04052802,150.4277168738177,1.907278233251088,2.251068e-06,2.2483655e-06,179991.65167939046,5136.929806160825,177541.59697155448,3092.244590321511,False,183452.59497998707,4083.567820854964,False,193170.35678442213,5781.833042409021,False,195742.01609779455,8448.624885022218,False,197522.37961647692,11820.541219948636,False,0.4107287456391848,188.26183069100347,183734.2699993869,2024.1506542075076,0.0,1.8603890905910525e-05,False,58762.6640625,1308.029052734375,False,61875.411376953125,1852.0093039491087,False,63269.4306640625,3786.299631360083,False,False,0.1315626813752096,60.30313560783117,False,False
2MASS J10014264+0154262,150.42769767501,1.9073150891300004,2025052000204,-1,r,20250520,r_57,0.1575346186553948,150.42771898614345,1.9072768629256809,745284193107837212,0,373.7543789277381,1955.3643739262368,0.026547065,0.022346579,150.42771898614345,1.9072768629256809,1.3301527e-06,1.3976996e-06,178763.87582742565,2814.981592366295,174206.3702926728,1722.3802659721484,False,181051.80322380524,2250.4926699576786,False,187870.93624361305,3163.914563456355,False,192283.3272045833,4607.014096569165,False,194387.48682386288,6425.396507014059,False,2.5101568455026397,100.59417725755542,179733.3668379863,1192.82397359795,0.0,0.0001308959619477,False,99692.0390625,1239.182373046875,False,103446.8388671875,1742.137270296083,False,107035.02856445312,3537.9977893811656,False,False,1.3821605189179815,55.38988549163312,False,False
2MASS J10014264+0154262,150.42769767501,1.9073150891300004,2025052000205,-1,r,20250520,r_57,0.1537682568581056,150.42771537619183,1.907276211756304,745284193242054774,0,516.2434308535635,1494.9755932755395,0.04672581,0.043671153,150.42771537619183,1.907276211756304,2.4927867e-06,2.5365312e-06,188104.8850491821,7104.35695977899,179887.4107974739,4257.8959187088485,False,188919.5585162496,5642.816341917443,False,187676.57477453776,7988.327142459776,False,208440.26038334775,11725.433812192136,False,210008.61487409013,16380.191770718038,False,5.750624162019161,259.89418550565614,185444.86468550915,2618.956781628762,0.0,7.597279320004091e-05,False,43580.03125,1301.6868896484375,False,43293.29931640625,1842.750159050771,False,48444.8623046875,3778.588489489216,False,False,1.3265560361038222,59.9524835595865,False,False
2MASS J10014264+0154262,150.42769767501,1.9073150891300004,2025052000206,-1,r,20250520,r_57,0.135614639261727,150.4277122929661,1.9072803668576528,745284193376272645,0,2110.6741711211694,3961.425639987804,0.039651178,0.041943435,150.4277122929661,1.9072803668576528,2.2834122e-06,2.2551062e-06,169417.91937190777,8033.328651165842,160909.2929410458,4806.279950921587,False,163617.85015629497,6380.6565021721535,False,164703.25635586452,9086.377946378036,False,149304.8156065184,13317.468299328544,False,139212.30665085968,18634.099336182848,False,-8.687864125882868,300.7206399895227,163615.34994626307,2726.776273441405,0.0,0.0006882346116244,False,34936.4453125,1362.427490234375,False,35168.206298828125,1940.165733195395,False,29725.260009765625,3978.8396668479145,False,False,-1.855073206416041,64.21127146761836,False,False
2MASS J10014264+0154262,150.42769767501,1.9073150891300004,2025052000207,-1,r,20250520,r_57,0.1582159994357715,150.42771812239596,1.9072761806172909,745284193508393271,0,2472.7693465390016,988.6965324731194,0.011742108,0.012277502,150.42771812239596,1.9072761806172909,6.707219e-07,6.6504913e-07,182950.19598934927,1088.024943492548,175549.09749893454,706.3788446239429,False,182704.3259079391,889.5701367308025,False,186268.3582986618,1212.9150269407849,False,187188.8980974572,1736.7712663994544,False,187538.6612356552,2401.5299212145383,False,0.761165266264575,37.34857308105752,178693.1857213635,575.3727564799431,0.0,0.0009497586858383,False,240529.078125,1171.1134033203125,False,245221.10400390625,1596.7948860774588,False,246893.44970703125,3161.5988027037542,False,False,1.0020692114736232,49.16915791582031,False,False
2MASS J10014264+0154262,150.42769767501,1.9073150891300004,2025052000208,-1,r,20250520,r_57,0.1513157736070481,150.4277183932184,1.907278511353392,745284193644708053,0,1180.0844505088842,1777.5089147533963,0.03058609,0.031643346,150.4277183932184,1.907278511353392,1.7349291e-06,1.7257428e-06,181949.72319466143,3882.5960817180257,175160.8371225095,2356.7179074886035,False,180898.41332563187,3098.5836984446523,False,181091.89995816624,4377.741698108703,False,179696.40760356758,6382.33109920946,False,187937.3503543661,8918.399937732642,False,0.8752525089998147,139.89358328150237,181554.6811154282,1539.172650838457,0.0,0.0019600003569484,False,74166.1328125,1270.38134765625,False,74245.4599609375,1794.820453268977,False,77052.0107421875,3656.434692250281,False,False,0.3588428037237864,57.35465494988025,False,False
2MASS J10014264+0154262,150.42769767501,1.9073150891300004,2025052000209,-1,r,20250520,r_57,0.1638865789090702,150.42771969040857,1.907275235670753,745284193775256050,0,1602.3708438961876,3024.654637568765,0.01870262,0.018826047,150.42771969040857,1.907275235670753,1.0436396e-06,1.042852e-06,179932.8367968409,2162.203282829228,176974.65700471873,1340.5016735384297,False,183224.9246175945,1738.1552517905152,False,190057.14173874003,2431.80175644955,False,191908.17552502616,3530.9846536140585,False,191185.644780888,4915.416117210627,False,1.2979505331603602,78.4529914834362,182124.55828402383,948.2656445560424,0.0,0.0002141993373757,False,128666.484375,1220.5889892578125,False,133464.28881835938,1707.6900610129526,False,134256.76025390625,3451.764613147901,False,False,0.9114629592177425,55.09223498900669,False,False
2MASS J10014264+0154262,150.42769767501,1.9073150891300004,2025052000210,-1,r,20250520,r_57,0.1607364203707887,150.42771797052228,1.9072753137335088,745284193908949518,0,3970.072702630296,2988.0814560937333,0.017058253,0.017723706,150.42771797052228,1.9072753137335088,9.68628e-07,9.653916e-07,182505.1737093861,1847.822107128391,175160.18230043605,1158.9213469604774,False,179686.27883980362,1494.055999475249,False,179833.6447975682,2071.078517285428,False,178606.94220784178,3009.0724613642874,False,174645.78980693527,4189.846106863963,False,-1.5073773900461414,65.26359072166913,180445.30948480303,856.7122882498128,0.0,0.0002972345571281,False,144811.53125,1204.079345703125,False,144930.29541015625,1669.109368637255,False,140749.3349609375,3376.651986753808,False,False,-1.214815229263105,52.59678461984298,False,False
2MASS J10014264+0154262,150.42769767501,1.9073150891300004,2025052000211,-1,r,20250520,r_57,0.162881368691033,150.4277182009903,1.9072747624020352,745284194047361569,0,2103.1632003260484,3667.255704566385,0.020755865,0.02167347,150.4277182009903,1.9072747624020352,1.1810748e-06,1.1785258e-06,182987.59335710076,2404.984162852048,176132.4809771622,1484.2963708333807,False,182645.24841363757,1929.6422719002687,False,186258.0704115532,2703.102248287993,False,191535.39097093145,3928.013629829212,False,195174.8428977041,5472.883995628436,False,3.1548689236442264,85.59457990430138,181058.36109053108,1056.7828561519143,0.0,0.0005408223976044,False,114431.8828125,1208.9698486328125,False,116695.40747070312,1693.5621506329908,False,122281.99169921876,3428.9006994358697,False,False,1.9766054364669587,53.627176299774135,False,False
2MASS J10014264+0154262,150.42769767501,1.9073150891300004,2025052000212,-1,r,20250520,r_57,0.1598903182964913,150.42771913513542,1.907276197298683,745284194177909170,0,3334.3137281630925,3540.6501649672846,0.027027529,0.027779192,150.42771913513542,1.907276197298683,1.5240478e-06,1.5235037e-06,177243.66616063323,3297.239100714294,175697.55861845435,2012.133660700324,False,181368.6014094662,2636.3184188510195,False,189072.5694526024,3710.920456676231,False,194402.1406764507,5419.122013500639,False,202231.7528272697,7563.521262038518,False,4.252997199579029,120.47363238948786,179895.35629219998,1369.5031448225602,0.0,1.4150936957779692e-06,False,84122.90625,1222.7847900390625,False,87696.18286132812,1721.2097973529858,False,93799.71313476562,3508.1341814501043,False,False,1.9726373910441688,55.87842660934196,False,False
2MASS J10014264+0154262,150.42769767501,1.9073150891300004,2025052000213,-1,r,20250520,r_57,0.1517053054675973,150.42771557626747,1.9072769353606176,745284194312126972,0,2784.558907351586,3763.800799307746,0.02440197,0.024845408,150.42771557626747,1.9072769353606176,1.3688485e-06,1.3691105e-06,178697.1103616059,2955.665127016848,173916.2542100291,1811.2879002897944,False,178468.29084454416,2366.9902675937537,False,183366.1897231928,3331.9134928872154,False,178142.4921708237,4848.461249916502,False,182762.24223166573,6770.455683418628,False,0.7460576037544567,107.47644968650545,182517.2873444133,1271.7958935042836,0.0,0.0040145655091961,False,92080.78125,1221.24951171875,False,94607.85400390624,1719.102009833868,False,94296.2470703125,3493.219136001763,False,False,0.38492869902056,55.45251431656369,False,False
2MASS J10014264+0154262,150.42769767501,1.9073150891300004,2025052300085,-1,u,20250523,u_24,0.1750612976649183,150.4277350923114,1.9072840054966769,745297371277034022,0,1946.215119654578,3856.737110922968,0.19633815,0.22654858,150.4277350923114,1.9072840054966769,1.24204e-05,1.1122225e-05,6905.775280078078,716.1668193619774,6302.463639948222,434.3677993779795,False,7574.647793531458,573.3188093068328,False,7744.108250130099,807.8950371528293,False,10349.28738000031,1179.8353997366266,False,11023.771345483889,1641.9128381094092,False,1.0638706454988616,26.358424298456605,5726.104398234051,280.98846572545847,0.0,0.0297469872555353,False,3115.7109375,235.82557678222656,False,3185.415802001953,332.3147784849656,False,4534.453071594238,675.3747405242846,False,False,0.4376062751190442,10.842118751989988,False,False
2MASS J10014264+0154262,150.42769767501,1.9073150891300004,2025052300086,-1,u,20250523,u_24,0.1430020571911666,150.4277284135662,1.907289908023069,745297371411251545,0,2609.881833177044,2526.4918037253124,0.21350834,0.23466742,150.4277284135662,1.907289908023069,1.295741e-05,1.1977189e-05,5380.790488207466,715.9480525725766,4665.856506093867,433.0693086714891,False,5187.944548463645,572.2915912719187,False,5394.954055108682,808.8976074469713,False,4885.095417680554,1179.471766249808,False,5685.520932268316,1647.2046776109248,False,-0.1275285207042295,25.87679386629865,4978.913577575203,277.9019913700809,0.0,0.0710237895403131,False,2141.240234375,236.2041015625,False,2226.680061340332,333.85940932388263,False,2346.606842041016,679.8570988958844,False,False,-0.0526353350563641,10.68022829572369,False,False
2MASS J10014264+0154262,150.42769767501,1.9073150891300004,2025052300087,-1,u,20250523,u_24,0.0822709363409274,150.42770771181975,1.907294555368044,745297371545469215,0,2173.3870932909786,2018.8239126396184,0.23204915,0.25134194,150.42770771181975,1.907294555368044,1.3919666e-05,1.2967802e-05,5850.265532591955,712.2859155124266,5465.137974552164,432.7677101488952,False,5275.195942329201,569.0325639270492,False,5032.026003344003,803.5857681367285,False,4677.888445369745,1177.0395281615788,False,3396.1537080396683,1647.4994848090964,False,-0.8679502995302635,26.633669709659745,4945.085568125215,287.255559722845,0.0,0.0135082588738559,False,2176.926513671875,234.8238983154297,False,2076.577049255371,331.61747616408354,False,1401.4980926513672,679.8771740331044,False,False,-0.3581789264803319,10.99097405692529,False,False
2MASS J10014264+0154262,150.42769767501,1.9073150891300004,2025052300088,-1,u,20250523,u_24,0.1727161524764258,150.4277384097119,1.9072897063259675,745297371680211268,0,694.1061660657494,2292.323144072068,0.52750593,0.6127781,150.4277384097119,1.9072897063259675,3.393003e-05,2.9509334e-05,6275.725660795144,717.4500566798444,5324.434681138304,432.0057638110841,False,6133.524769229446,571.4365989148745,False,6062.504602207541,808.2859300827946,False,8075.311294917642,1183.5402553853603,False,10640.071927459465,1653.99067637674,False,1.0755347305896934,26.33719403671767,5164.511445625574,303.052008972705,1.0,0.2419904024812585,False,2555.735107421875,238.10787963867188,False,2526.14221572876,336.79895428338887,False,4433.536407470703,689.1896907584422,False,False,0.4481569690579299,10.974259330997642,False,False
2MASS J10014264+0154262,150.42769767501,1.9073150891300004,2025052300089,-1,u,20250523,u_24,0.1591358358462388,150.42773746225052,1.9072957821898984,745297371834351834,0,3030.0632897328,1667.8335451085177,0.32105514,0.34429377,150.42773746225052,1.9072957821898984,1.9123525e-05,1.7877333e-05,6325.460927692418,712.4620602502665,6101.584729703803,431.0644383793442,False,7015.134049086437,568.4144852137799,False,8266.567118242665,802.2555109574638,False,9184.123665239167,1173.0657000930128,False,14064.61549929015,1641.4335673366106,False,2.4713217379684465,26.25012559158972,5341.426763731772,302.6627167519759,1.0,0.8848171555256679,False,2865.640380859375,232.1939239501953,False,3376.843318939209,327.71658700749543,False,5745.311470031738,670.5158134035095,False,False,1.0095201769295077,10.723019598989096,False,False
2MASS J10014264+0154262,150.42769767501,1.9073150891300004,2025052300090,-1,u,20250523,u_24,0.1728747031200726,150.4277345850843,1.9072843458698787,745297371948122294,0,2419.9242763017887,1284.789595180997,0.28811514,0.2370072,150.4277345850843,1.9072843458698787,1.3201372e-05,1.600612e-05,5317.03210612014,724.1402132029164,5285.787781737282,439.3503190278632,False,5400.410876130918,578.6141827889584,False,5867.351891853774,816.5419445692373,False,7885.333799459463,1194.8257643244,False,6369.905589485389,1664.3412109804617,False,-0.3721550704449592,26.656277813395462,5578.761398197084,309.9745508957153,0.0,0.0005428599976613,False,2218.453857421875,237.6909637451172,False,2410.270206451416,335.43014933970915,False,2616.7160148620605,683.7006043160727,False,False,-0.1528788957960233,10.95022650980283,False,False
2MASS J10014264+0154262,150.42769767501,1.9073150891300004,2025052300091,-1,u,20250523,u_24,0.2215697137535698,150.42775284988463,1.9072877549718212,745297372102787146,0,363.2184474817243,419.9043510720374,0.24152178,0.26644877,150.42775284988463,1.9072877549718212,1.4816111e-05,1.3433014e-05,4549.5763614756,732.1948980329934,4651.61777962132,442.03466384787066,False,4854.351826334548,584.2610511891537,False,4928.524762909475,826.2388343272764,False,5119.887973198319,1210.4489391053608,False,5325.650447243541,1689.7103363265603,False,0.2959738961029401,27.286454210073927,4772.642253027559,307.5776578788861,0.0,0.0687697163225874,False,1996.3349609375,240.27528381347656,False,2026.8383178710935,339.7877883724107,False,2190.1548461914062,694.8873791896641,False,False,0.1217182143885386,11.22145745680789,False,False
2MASS J10014264+0154262,150.42769767501,1.9073150891300004,2025052300092,-1,u,20250523,u_24,0.1831843900116425,150.42770998642067,1.9072657146955607,745297372233334966,0,2959.813461859683,1380.1454906808042,0.23833533,0.2636116,150.42770998642067,1.9072657146955607,1.4656269e-05,1.3255337e-05,5293.433178185088,734.4538071843449,5091.004147672858,443.1194967144772,False,5128.373378093647,584.3276803032007,False,4873.493190913921,829.0268317217195,False,5267.805923946764,1214.8511746781023,False,4701.570396760589,1696.1785141526962,False,0.2396961699774468,26.63850425125566,5487.837245601062,312.6133395105596,0.0,0.0006747283373224,False,2125.771728515625,242.2107696533203,False,2020.1208610534668,343.6414767658773,False,1948.856819152832,703.0861573581001,False,False,0.0993569118325276,11.04197667610397,False,False
2MASS J10014264+0154262,150.42769767501,1.9073150891300004,2025052300093,-1,u,20250523,u_24,0.1580936297420156,150.42773596163096,1.9072935420505843,745297372350775501,0,3991.281947963895,1739.0106942035272,0.30327296,0.30691582,150.42773596163096,1.9072935420505843,1.7067163e-05,1.6867572e-05,6105.420489728949,730.8850767830788,6010.435917258398,440.5099502320038,False,6798.76681649752,582.262632725371,False,7144.954225507125,820.6145638384533,False,8956.730802302507,1200.8742207547575,False,9829.418955424477,1674.088118021749,False,-0.1129785578848036,26.657069093969916,5995.277611296221,332.14953767139826,1.0,0.2338824138330807,False,2782.964599609375,238.33973693847656,False,2924.670783996582,335.90522262724176,False,4023.512752532959,685.2607384292262,False,False,-0.0462459348282667,10.911637598431009,False,False
2MASS J10014264+0154262,150.42769767501,1.9073150891300004,2025052300094,-1,u,20250523,u_24,0.2098952528919889,150.42774894118983,1.9072872669410248,745297372484993440,0,1362.1953108811474,3367.23715658797,0.28310457,0.52990466,150.42774894118983,1.9072872669410248,2.9286857e-05,1.6081134e-05,6628.400742497951,726.2832443435153,5914.049718498155,440.2716179103911,False,6205.322249313546,578.8633735883298,False,6054.034991530496,817.1459867900801,False,6735.096162476259,1194.6986199101186,False,8501.44768496329,1668.5480264841915,False,1.0258573801447854,27.35452446179205,5834.882427213496,324.65743145966456,0.0,0.1750800618635827,False,2533.532958984375,236.340576171875,False,2471.7648124694824,333.6275227388068,False,3471.003929138184,681.2412391981213,False,False,0.4188410173382522,11.168411005401222,False,False
2MASS J10014264+0154262,150.42769767501,1.9073150891300004,2025052300095,-1,u,20250523,u_24,0.1875542373486954,150.42774491902614,1.907293072804331,745297372619211214,0,801.7953784526205,3686.469692525428,0.31046814,0.28499088,150.42774491902614,1.907293072804331,1.58977e-05,1.7221468e-05,5270.810770264036,733.786214977053,5635.657819412239,443.13459675189887,False,5906.315056005986,584.5068714163059,False,6156.5738342171935,828.563798392083,False,7570.355585080214,1212.0150776003452,False,9736.72020460111,1693.4037362321037,False,1.155341602678156,26.127022498952417,5543.175642581657,316.40632797502315,1.0,0.4012316019166687,False,2407.95068359375,238.2981109619141,False,2509.978900909424,337.7978901938936,False,3969.571865081787,690.3852309933687,False,False,0.4710222153022825,10.651748355795466,False,False
2MASS J10014264+0154262,150.42769767501,1.9073150891300004,2025052300096,-1,u,20250523,u_24,0.1546162291942025,150.42772966811015,1.907286415311083,745297372773875815,0,2076.852273576915,693.5715936593897,0.3695473,0.37883472,150.42772966811015,1.907286415311083,2.103667e-05,2.0580437e-05,6001.766170211815,726.7786257009556,6044.360903445875,440.2300316198452,False,6097.903171940538,579.3958738285127,False,6800.838013473122,818.8319131223424,False,7053.177018855254,1197.3324984506532,False,5776.984775618442,1668.932685558053,False,0.4177845790258515,26.78010211944824,5317.494746861733,317.9591982083512,1.0,0.6209383905420169,False,2498.08984375,237.35748291015625,False,2786.0567626953125,335.44574720729133,False,2366.6212120056152,683.7012123903955,False,False,0.1711511948143518,10.9708368980041,False,False
2MASS J10014264+0154262,150.42769767501,1.9073150891300004,2025052300097,-1,u,20250523,u_24,0.2268926031412669,150.42772877978786,1.907260263895985,745297372908093445,0,2412.742169887274,68.20165946141096,0.39100924,0.29872224,150.42772877978786,1.907260263895985,1.709157e-05,2.1371558e-05,5603.610763266911,728.254420963281,5380.8684568424815,440.9790089907629,False,5873.644724618099,581.3701866979507,False,6709.644508954522,821.8881860918516,False,7281.585744745767,1198.849013008283,False,6494.133484665947,1668.4205509183746,False,-0.1647903406243674,26.66404696543901,5087.924104204275,317.95942808730973,1.0,0.1951567039577346,False,2411.591064453125,238.69798278808597,False,2754.8344345092773,337.44945404193965,False,2666.350284576416,685.0172730878477,False,False,-0.0676593378711291,10.947679067904826,False,False
2MASS J10014264+0154262,150.42769767501,1.9073150891300004,2025052300098,-1,u,20250523,u_24,0.2080558577490575,150.42772724499923,1.907265423758612,745297373016621365,0,4027.4031446173535,3143.2612983307977,0.3366387,0.40830183,150.42772724499923,1.907265423758612,2.2308064e-05,1.9192883e-05,6440.450902898336,737.2793811706358,5368.138409976651,444.42039020475846,False,5885.870018224095,586.6568836317666,False,5390.188166028174,828.9489270790764,False,4071.9787925068663,1210.737905450787,False,3574.3877080875754,1692.8572351469795,False,-0.4110140833883929,27.12037230249013,5532.502056942086,362.73792754835534,0.0,0.0300977923588615,False,2439.003173828125,243.1005096435547,False,2233.6011505126958,343.5021598892382,False,1481.1647109985352,701.490885217878,False,False,-0.1703171580018709,11.238215236892335,False,False
2MASS J10014264+0154262,150.42769767501,1.9073150891300004,2025052300099,-1,u,20250523,u_24,0.2068074159012255,150.42774612682152,1.9072841840608048,745297373150839158,0,2880.932082145572,3384.972496999956,0.35187864,0.384002,150.42774612682152,1.9072841840608048,2.110648e-05,1.9834786e-05,4655.766162557815,735.6798287785891,4828.501836032026,445.0089708265927,False,4983.2876670637015,587.9566466708991,False,5239.274180806396,828.5680225199881,False,6030.185571286247,1216.781233959755,False,4391.804726482791,1702.253964162344,False,-0.2671817483349645,27.70550441024834,5137.116911321583,353.70878553271456,0.0,0.0006035377050226,False,2073.392333984375,244.6306304931641,False,2179.9004287719727,344.74160450981964,False,1827.294521331787,708.2553839137217,False,False,-0.111166086686036,11.527406060270067,False,False
2MASS J10014264+0154262,150.42769767501,1.9073150891300004,2025052300100,-1,u,20250523,u_24,0.2407993575820283,150.42772919669474,1.907256084184333,745297373285056826,0,1512.2099179225663,2896.0167031276314,0.43966445,0.43584546,150.42772919669474,1.907256084184333,2.4276087e-05,2.441313e-05,6785.8287282140445,746.5513526521448,5911.922453699313,450.6037084791772,False,7006.466527385586,596.0477145038809,False,6819.635798318655,838.9298586415316,False,9002.721417596864,1231.7155658266267,False,6749.691230808719,1716.1339531338922,False,-0.3179447289930543,27.594886482468542,5310.267203519263,354.2432267491761,1.0,0.9904055099863072,False,2910.45947265625,247.595947265625,False,2832.850700378418,348.4882635824861,False,2803.795993804932,712.8754987586168,False,False,-0.1320730277754217,11.46281059730446,False,False
2MASS J10014264+0154262,150.42769767501,1.9073150891300004,2025052300101,-1,u,20250523,u_24,0.3523058320672487,150.42776405653012,1.9072431482582783,745297373419274574,0,2235.07723282816,3324.804079791561,0.60076594,0.40955323,150.42776405653012,1.9072431482582783,2.5562926e-05,3.1328906e-05,6265.487232821947,756.4468578791643,5332.627709855467,455.1263233947517,False,5809.390850557715,601.479777112372,False,6031.552363853985,849.2885240804546,False,5513.170373138253,1242.7004662909114,False,3285.714942639941,1733.5836344681152,False,-0.5173236619844703,27.786184387482677,5089.371239460405,383.98912744146793,1.0,0.8671507643765998,False,2405.009765625,249.00454711914065,False,2496.981647491455,351.5940391668857,False,1360.241844177246,717.6803347674975,False,False,-0.2141650460550601,11.50310704175418,False,False
2MASS J10014264+0154262,150.42769767501,1.9073150891300004,2025052300102,-1,u,20250523,u_24,0.2311359061367749,150.42775492385255,1.9072859616882816,745297373558734882,0,2557.283820334619,187.15419819507864,0.3550257,0.3682582,150.42775492385255,1.9072859616882816,2.0282925e-05,1.9949197e-05,5840.59119456264,733.650986382679,5575.469451295071,442.784934385341,False,5382.888946125127,582.8403191456985,False,5199.694887736218,824.1372514720138,False,5471.394341634972,1205.4557447572283,False,4197.472603467135,1683.126931976552,False,-0.4027306395614363,26.84562284853657,5637.851961477659,356.4702298767901,0.0,0.0004668042100891,False,2185.017822265625,236.5860595703125,False,2110.6558418273926,334.5331104695427,False,1703.834602355957,683.2134900630625,False,False,-0.1634760876216146,10.89715298995696,False,False
2MASS J10014264+0154262,150.42769767501,1.9073150891300004,2025052300104,-1,u,20250523,u_24,0.3225775756936486,150.42776517877743,1.907256120292062,745297373823500503,0,754.1659236281312,2038.8958357202748,0.43588787,0.39465183,150.42776517877743,1.907256120292062,2.282426e-05,2.3407763e-05,6560.526634636259,722.928352817501,5652.685028843869,437.239720485697,False,6945.8355117344,578.2255320416399,False,7003.691695866466,814.4681227612602,False,7868.979072008016,1190.7012100250915,False,9026.16417529527,1661.719974016362,False,0.4778169665196626,26.347622901436825,5867.678175711011,360.597668203653,0.0,0.000864951227721,False,2862.2734375,238.2779693603516,False,2886.115093231201,335.62995690462697,False,3719.545318603516,684.7695909519974,False,False,0.1969011228304414,10.857455671768152,False,False
2MASS J10014264+0154262,150.42769767501,1.9073150891300004,2025052300105,-1,u,20250523,u_24,0.2636606223515749,150.4277476916774,1.907261562834815,745297373956145159,0,3393.6336056471964,98.21251487031034,0.49720904,0.4308154,150.4277476916774,1.907261562834815,2.5563833e-05,2.6175025e-05,5603.271173582034,747.5282309593257,5171.088829050646,449.86674078284426,False,5224.468757588407,593.5245293860073,False,4868.643781316859,840.4458496126794,False,4558.70312330568,1230.4293766674373,False,5852.679311278189,1722.9346203592593,False,-0.2431439829844345,27.236248632635245,5743.680570037556,395.9155804949326,0.0,0.4558811625709532,False,2158.32568359375,245.19607543945312,False,2011.327735900879,347.20388752523246,False,2417.851203918457,711.7764915089189,False,False,-0.1004473234765451,11.251803327023165,False,False
2MASS J10014264+0154262,150.42769767501,1.9073150891300004,2025052300111,-1,u,20250523,u_24,0.5135344875454403,150.42779828811746,1.9072139120508944,745297374765121768,0,198.0,2348.0,,,150.42779828811746,1.9072139120508944,,,6518.604017488341,765.4553445648095,5971.792208715975,464.8257172138455,True,6757.392957865828,613.1134818123795,True,7098.428894295389,861.3986234457786,True,8328.163273644645,1262.3310306583471,True,7870.179374471181,1760.873496412384,True,0.1044865056559816,28.81928997710829,1731.8163698112917,221.1183389164305,,,True,2718.933349609375,246.6949462890625,True,2856.1540184021,346.5960110944963,True,3166.6788215637207,708.512543771168,True,True,0.042041634485901,11.595851997864347,True,False
2MASS J10014264+0154262,150.42769767501,1.9073150891300004,2025052300112,-1,u,20250523,u_24,0.19069442829207,150.42770939803648,1.9072634304884968,745297374894096820,0,1338.7791988613294,3970.0219072895065,0.29586148,0.3465599,150.42770939803648,1.9072634304884968,1.7136654e-05,1.8665376e-05,4963.32054744924,780.542473383282,5179.0636319076775,471.5551448564802,False,5444.996838317854,623.5514984336219,False,5513.697350526935,881.0639594155722,False,6696.77642779894,1294.5519992281515,False,,,True,0.0569977155156943,29.47047510924626,5622.802887078748,348.46758127944383,0.0,7.826588149906222e-05,False,2228.3017578125,255.18121337890625,False,2256.416645050049,360.565199174199,True,,,False,False,0.0233256535212526,12.060449884446657,False,False
2MASS J10014264+0154262,150.42769767501,1.9073150891300004,2025052300113,-1,u,20250523,u_24,0.2955372003781952,150.4277696619018,1.907275554362216,745297375033557246,0,105.24220224749676,2043.561487517047,0.5181455,0.37964025,150.4277696619018,1.907275554362216,2.7562188e-05,2.2735e-05,7497.304879771839,767.2176064719952,6007.465369801189,465.798159648674,False,6015.683104852988,614.194577178552,False,3821.5064369562433,865.8068653063694,False,3765.657441353776,1265.9021752343715,False,4213.467149219733,1768.640696604257,False,-0.1092842036157759,28.842661190055196,5229.506881174601,306.2581054955666,1.0,0.7109962853279731,False,2429.51806640625,248.0511016845703,False,1543.3690185546875,349.6682562257064,False,1701.667854309082,714.290372429182,False,False,-0.0441359596956088,11.648513597390693,False,False
2MASS J10014264+0154262,150.42769767501,1.9073150891300004,2025052300114,-1,u,20250523,u_24,0.1744131212690109,150.42771418150326,1.907269536360112,745297375166202159,0,786.2072811523661,2314.0297937545115,0.2960952,0.22672065,150.42771418150326,1.907269536360112,1.595222e-05,1.3254721e-05,4329.309832363391,741.0221535153814,4382.697420844702,448.498732612139,False,4595.969725658628,592.2129097379092,False,4629.898614912393,835.7452378855168,False,6961.231919594874,1228.276749109166,False,7816.258945901959,1715.406445626137,False,1.1113102372161707,27.518230619235435,4547.148442997471,287.02263699601747,1.0,0.1119153349595614,False,1883.111328125,242.6479949951172,False,1897.0130462646484,342.4307423311421,False,3202.563690185547,702.8552194464902,False,False,0.4553382684571869,11.27507248790948,False,False
2MASS J10014264+0154262,150.42769767501,1.9073150891300004,2025052300115,-1,u,20250523,u_24,0.2656417357880354,150.42775726775955,1.9072715287200763,745297375303565755,0,876.3782190964657,2940.8247934336546,0.21784925,0.28170666,150.42775726775955,1.9072715287200763,1.5598926e-05,1.2204528e-05,4580.327529263224,744.435884959727,5344.58564737795,451.6257602494729,False,4963.191444930806,594.1291156570879,False,5130.8522986385215,841.3295986887347,False,5827.270481469607,1230.8081787433098,False,9812.707265420851,1723.2959949407482,False,1.0454418990555066,27.81471613145098,4970.430500916424,292.33782295538134,1.0,0.1200990805053929,False,1983.7301025390625,237.46652221679688,False,2050.742202758789,336.2696904993597,False,3922.025375366211,688.7814380484018,False,False,0.4178510115160236,11.117219695382396,False,False
2MASS J10014264+0154262,150.42769767501,1.9073150891300004,2025052300116,-1,u,20250523,u_24,0.173773931462683,150.4277270872782,1.907276801776435,745297375437783303,0,1789.3317863039629,1760.6130792786753,0.20975518,0.2210763,150.4277270872782,1.907276801776435,1.2290288e-05,1.1672939e-05,5281.222182611284,745.0693342433865,4860.481103225332,448.543218255334,False,5706.1383335744185,593.4005937541582,False,6140.293998966189,841.0640740386217,False,7710.503213276525,1233.983013173949,False,10210.32105315001,1723.6683797981937,False,1.0991301934165525,27.45240346634297,5312.933457110672,295.53412111226174,0.0,0.0694583340075212,False,2284.2265625,237.54443359375,False,2458.023593902588,336.68670234989327,False,4087.29778316617,690.0023917944545,False,False,0.4399932558023231,10.989482822966664,False,False
2MASS J10014264+0154262,150.42769767501,1.9073150891300004,2025052300117,-1,u,20250523,u_24,0.1833122087998465,150.42769277613243,1.9072644050112917,745297375572000952,0,1466.226972854511,1158.8821996201416,0.23402663,0.25851545,150.42769277613243,1.9072644050112917,1.43758e-05,1.30192975e-05,5616.328152126502,746.226293696295,4948.679007001324,450.3346458619912,False,4777.408566486567,594.3509792075656,False,4668.678569915022,842.3278277769306,False,3616.53124663184,1233.3887783849298,False,4471.508123771635,1725.080009098186,False,-0.2134721134496535,28.57596184405811,4825.795428642453,289.45250953451045,1.0,0.1968045407057008,False,1913.9803466796875,238.11572265625,False,1870.4196853637693,337.4630587670444,False,1791.4269943237305,691.1213868174883,False,False,-0.0855236524196412,11.448430377228371,False,False
2MASS J10014264+0154262,150.42769767501,1.9073150891300004,2025052300119,-1,u,20250523,u_24,0.1888969822586328,150.42773579857155,1.907279013512752,745297375860883611,0,1572.9038971455936,884.5078553891792,0.21679564,0.16408855,150.42773579857155,1.907279013512752,9.139364e-06,1.2046746e-05,6362.398168870164,741.1148376397149,6207.857999742138,449.84221267107,False,6779.378517113057,592.9838803059932,False,7630.824962797494,838.6066389420312,False,7496.647311969033,1223.9152493378965,False,7365.768184058749,1709.7427948048662,False,0.3585977281866524,27.38770231286315,5504.529523057242,266.5404841121258,1.0,0.4349216788938388,False,2720.821044921875,237.9868621826172,False,3062.538711547852,336.56456648423307,False,2956.1613998413086,686.1844586145927,False,False,0.1439188331273327,10.991720942678098,False,False
2MASS J10014264+0154262,150.42769767501,1.9073150891300004,2025052300120,-1,u,20250523,u_24,0.1484788468914109,150.42772094709605,1.9072810290695408,745297375974654033,0,1876.1947563344245,451.1460630166558,0.25706533,0.18711686,150.42772094709605,1.9072810290695408,1.04672745e-05,1.42546905e-05,5391.350688709666,737.4087845228971,4955.920570773137,446.1086797088957,False,5117.086287004418,589.1894204585019,False,4488.0456169773,833.4361491218584,False,4860.497488026322,1222.2849612058574,False,2343.0895781575723,1709.610767690819,False,-0.9558953269065856,26.46360577210182,4711.127097456214,254.14050198121305,1.0,0.1221190898820814,False,2058.578857421875,237.0280303955078,False,1805.5188636779783,335.28729815454085,False,942.613510131836,687.7680741337209,False,False,-0.3845520281484691,10.646179540092882,False,False
2MASS J10014264+0154262,150.42769767501,1.9073150891300004,2025052300121,-1,u,20250523,u_24,0.2326352189437875,150.42773082136142,1.9072596058318931,745297376105202071,0,3450.6066887103234,3365.510855541715,0.6586279,0.42107826,150.42773082136142,1.9072596058318931,2.388328e-05,3.6320856e-05,7181.194634929163,726.7142148836664,6352.874120402306,440.8369913806836,False,7380.242511505235,581.3345256344624,False,7961.620044162278,819.7297762375077,False,8553.850677804425,1197.4018796649357,False,10805.746792150663,1679.9193116217252,False,0.6487351224205212,26.672390914590583,5641.534309647916,297.4428024793298,1.0,0.3667544100018105,False,2978.53515625,234.61631774902344,False,3213.168830871582,330.82841835374705,False,4361.008010208607,677.9856788619376,False,False,0.2618180047893267,10.764504542567945,False,False
2MASS J10014264+0154262,150.42769767501,1.9073150891300004,2025052300122,-1,u,20250523,u_24,0.4179465517713137,150.42761807663075,1.907230534657216,745297376239419970,0,1635.0,3995.0,,,150.42761807663075,1.907230534657216,,,,,,,True,,,True,,,True,,,True,,,True,0.6541787951769954,28.13096650176048,1529.07098291512,259.9675402958524,,,True,,,True,,,True,,,True,True,0.2636049105056912,11.335526253382811,True,False
2MASS J10014264+0154262,150.42769767501,1.9073150891300004,2025052300123,-1,u,20250523,u_24,0.1578346786753738,150.42772300578645,1.9072792943227448,745297376377307309,0,3317.908707319462,1200.8197096993176,0.22840697,0.18680263,150.42772300578645,1.9072792943227448,1.0576231e-05,1.25498345e-05,5562.809093816383,742.2515290299762,5224.603082472946,448.96660075824127,False,6000.992861827294,593.6341077492333,False,6645.899624947751,838.388990020423,False,7449.456185836727,1225.8659061159624,False,5771.32444601602,1709.0927629756343,False,-0.6186415179560231,27.481416926435084,5116.261341038643,281.15693245933795,0.0,2.385566312923526e-05,False,2388.248291015625,236.25184631347656,False,2644.9053993225098,333.6582993389696,False,2296.8458824157715,680.1770914156441,False,False,-0.2462041835457035,10.936931357932238,False,False
2MASS J10014264+0154262,150.42769767501,1.9073150891300004,2025052300124,-1,u,20250523,u_24,0.1018913530252768,150.42770728776512,1.907288466474172,745297376511525188,0,431.3525288628869,2297.5111150860957,0.2010201,0.20506585,150.42770728776512,1.907288466474172,1.1382066e-05,1.1205216e-05,4852.344018644134,753.5639909866303,5316.805478173964,455.7093770050005,False,5812.512268009193,601.9519919716703,False,7122.440916817778,853.5209904576104,False,9019.411774242017,1249.4201104039043,False,10063.577590540834,1744.257714718402,False,1.1544370931553052,27.9652171026404,5054.0484208877215,274.95745177865393,0.0,0.0457854255420097,False,2323.596435546875,240.6349334716797,False,2847.250476837158,341.20157337250805,False,4022.992458343506,697.2804222541396,False,False,0.4614950973062652,11.179310388147464,False,False
2MASS J10014264+0154262,150.42769767501,1.9073150891300004,2025052300125,-1,u,20250523,u_24,0.1967089594956665,150.42770616053505,1.907261109913866,745297376642072902,0,4072.626977452898,2509.250818417813,0.18950364,0.16001333,150.42770616053505,1.907261109913866,9.140298e-06,1.03313405e-05,6339.892789790598,727.9963169275741,6114.113194453474,443.7453227757994,False,6416.217902462302,584.4727007130383,False,6079.441261243311,824.3859774060803,False,,,True,,,True,-0.3861100124294706,27.03954673015333,5390.867090690784,267.65437599791176,1.0,0.1602477196091537,False,2599.93994140625,236.83639526367188,False,2463.473403930664,334.05256217541495,True,,,False,False,-0.1564570995487855,10.956797074218358,False,False
2MASS J10014264+0154262,150.42769767501,1.9073150891300004,2025052300126,-1,u,20250523,u_24,0.9749312167013848,150.4275151016992,1.907114978530039,745297376779960842,0,824.0,3993.0,,,150.4275151016992,1.907114978530039,,,,,1075.8898737246984,433.6769177186512,True,,,True,,,True,,,True,,,True,0.3982805895112737,27.98503462026169,1689.9817943748687,269.5317507161976,,,True,,,True,,,True,,,True,True,0.1573512567537921,11.056226398580025,True,False
2MASS J10014264+0154262,150.42769767501,1.9073150891300004,2025052300127,-1,u,20250523,u_24,0.1406326072123746,150.42771426893654,1.907279719784228,745297376914178487,0,1274.2703567815272,3458.694880287154,0.23990257,0.2596593,150.42771426893654,1.907279719784228,1.4206854e-05,1.3591361e-05,4673.657501751033,749.4379970509631,4535.819621071732,452.1073908233786,False,4560.41976638467,598.2195402237926,False,3719.3124010993606,846.3839405423331,False,2867.553781110149,1239.6080253389284,False,2946.8473175036147,1731.934891481242,False,-0.2009022535869943,27.749338608740302,5146.091539182788,304.61570129320546,0.0,0.0032528392413385,False,1808.604248046875,237.2462310791016,False,1475.0318069458008,335.66506347222884,False,1168.6820182800293,686.8632631501847,False,False,-0.0796752684825065,11.005033365173247,False,False
2MASS J10014264+0154262,150.42769767501,1.9073150891300004,2025052300128,-1,u,20250523,u_24,0.1502468455495477,150.42771208135565,1.90727591621928,745297377043153132,0,3976.541057541041,1870.2271563141112,0.23829503,0.2198467,150.42771208135565,1.90727591621928,1.249958e-05,1.29962e-05,4732.909073230242,744.9303820673441,5256.353646890546,450.7456529183792,False,5857.399834724375,594.9674600789184,False,7241.05867363432,843.7614897998407,False,8415.977056000016,1229.2192642746402,False,11423.903999198104,1717.5202685455145,False,1.2994537691189505,27.27619243013424,5264.600784882155,290.14801712265097,1.0,0.1738724983825679,False,2370.36376953125,240.77053833007807,False,2930.300750732422,341.45213268360845,False,4623.008316040039,695.0435232133068,False,False,0.5258610000021156,11.038088594168016,False,False
2MASS J10014264+0154262,150.42769767501,1.9073150891300004,2025052300129,-1,u,20250523,u_24,0.2758768993528506,150.42772426680915,1.907243212880298,745297377177370864,0,2806.28252370186,1875.9588875225284,0.25132465,0.22344296,150.42772426680915,1.907243212880298,1.291942e-05,1.3523488e-05,4791.314748483273,759.0077207809547,5741.226282926134,458.5061372681967,False,5602.047493059927,603.958139597208,False,6596.697432016305,856.0738310943893,False,8722.06851331248,1253.416835825337,False,11459.313111369644,1750.0673428638331,False,1.3477966506525083,27.577969192086307,5518.835421249417,302.5048265667496,0.0,0.0018214363539886,False,2263.690673828125,244.04905700683597,False,2665.611541748047,345.9246552189044,False,4630.510585784912,707.1719987236546,False,False,0.5446213571160506,11.143781222951748,False,False
2MASS J10014264+0154262,150.42769767501,1.9073150891300004,2025052300130,-1,u,20250523,u_24,0.1780914889001795,150.4277146997204,1.907268637572977,745297377311588508,0,1553.5483717040247,1134.487562636577,0.21706836,0.20551856,150.4277146997204,1.907268637572977,1.1661127e-05,1.1848967e-05,6650.516329966832,751.1575424531237,5988.513200935603,455.6514848937073,False,6368.293403576487,601.1498716312449,False,5903.90310977217,849.8840803467857,False,5555.292278151514,1245.9824995248396,False,6700.851502210422,1738.0114771124458,False,0.1476493290216855,28.007245599434352,5505.504278330431,278.28957448285024,1.0,0.0781975306004147,False,2585.9677734375,244.1084442138672,False,2397.393180847168,345.1117440192167,False,2721.0093727111816,705.7529207359033,False,False,0.0599558441207055,11.372879663837647,False,False
2MASS J10014264+0154262,150.42769767501,1.9073150891300004,2025052300131,-1,u,20250523,u_24,0.1131111418059283,150.4277086000616,1.907285627682621,745297377445806323,0,2173.597715483458,1701.279586314227,0.21186991,0.1765953,150.4277086000616,1.907285627682621,1.06605185e-05,1.10304745e-05,4884.542392986923,742.5668272718199,5661.573871318765,451.7134120448641,False,5723.010817400705,594.5131380319284,False,7239.127164703113,842.2530894493524,False,7092.450894204606,1228.2951642463172,False,8255.422335989613,1715.8975753258983,False,0.508991839943369,27.32937458903605,5123.824060892226,263.6822949640374,1.0,0.1476514430986506,False,2326.654296875,241.6956024169922,False,2943.021926879883,342.4127320649748,False,3356.1903800964355,697.5874402492623,False,False,0.2069274529200379,11.1105865159568,False,False
2MASS J10014264+0154262,150.42769767501,1.9073150891300004,2025052300132,-1,u,20250523,u_24,0.2000800442417164,150.42771951483118,1.9072639770833368,745297377583694332,0,2186.69642335478,3653.7382487433,0.24607001,0.16912153,150.42771951483118,1.9072639770833368,1.1575914e-05,1.1909542e-05,7012.39800509096,772.3852757552872,5647.329566850718,467.3619319677954,False,6226.722267726706,618.3003448019917,False,5763.610258345127,875.1391673652221,False,5099.196016701583,1280.613551713029,False,6919.476949233489,1788.7769168791046,False,0.0838028328654759,28.64195779740885,5339.104216870449,271.8309843525268,1.0,0.400924397871067,False,2470.05029296875,245.2707672119141,False,2286.3404846191406,347.1549980545511,False,2744.856014251709,709.5818245328705,False,False,0.0332433667298528,11.361848691304663,False,False
2MASS J10014264+0154262,150.42769767501,1.9073150891300004,2025052300133,-1,u,20250523,u_24,0.1367069974148827,150.42772395950635,1.907287667827484,745297377713717657,0,3788.451317771592,3027.532398544382,0.19637178,0.15731971,150.42772395950635,1.907287667827484,9.920028e-06,9.86796e-06,7857.579028864016,725.2627685933793,6253.545592363434,440.8575123848941,False,7729.581291977422,582.8349618920082,False,7481.09994092867,822.9075241013663,False,7475.790801950449,1202.9834349443056,False,8996.443311245272,1678.997282898339,False,-0.0632434025197132,27.157954247289094,5570.98967698245,256.517456546099,0.0,0.04588273840191,False,3161.88525390625,238.4161834716797,False,3060.2407417297363,336.6209717575751,False,3680.111557006836,686.815566019721,False,False,-0.0258705322164716,11.109312628601156,False,False
2MASS J10014264+0154262,150.42769767501,1.9073150891300004,2025052300134,-1,g,20250523,g_6,0.1520035947575288,150.4277169870326,1.9072775357109235,745297377853703753,0,541.4891564269274,2492.375262347522,0.014184044,0.0127193015,150.4277169870326,1.9072775357109235,7.0761774e-07,7.8788446e-07,56179.60872290232,369.850606946221,54805.16913509939,252.88923392096467,False,56364.871165779936,309.13168686616507,False,57128.22704405824,411.66968906888246,False,57633.31948530163,580.3480209729163,False,57360.36166517646,796.7495642423758,False,0.3727202350646176,12.378114168085236,54386.0725270332,216.22861981651707,0.0,0.0016648075405639,False,124079.484375,680.5107421875,False,125759.90698242188,906.23400171089,False,126270.91931152344,1753.934198065189,False,False,0.820492154535853,27.24870991000066,False,False
2MASS J10014264+0154262,150.42769767501,1.9073150891300004,2025052300135,-1,g,20250523,g_6,0.1453916627342574,150.42771482145562,1.9072785186453096,745297377987920817,0,1531.7856786526145,1382.1566256986052,0.01331967,0.012542362,150.42771482145562,1.9072785186453096,6.973265e-07,7.4046966e-07,55355.55078121285,369.476923343797,54387.77720569866,252.5590477106589,False,55468.09475203655,308.3310215974005,False,56093.558932814216,409.8033169292767,False,57180.2697142973,578.3173636572592,False,55584.1513748308,793.3663195670767,False,0.2165053236824742,11.862740224339555,54761.38786164434,217.54325850375807,0.0,0.0011958595772435,False,122414.3203125,680.4656372070312,False,123794.6773071289,904.4081057401662,False,122670.44940185548,1750.9056188570016,False,False,0.4778125544262506,26.180262511233327,False,False
2MASS J10014264+0154262,150.42769767501,1.9073150891300004,2025052300136,-1,g,20250523,g_6,0.1422613556007877,150.42771549396167,1.9072798126026076,745297378122138100,0,1262.848437313674,767.9811377333274,0.012325348,0.011901734,150.42771549396167,1.9072798126026076,6.617224e-07,6.8524037e-07,56408.13867816062,369.5294152090386,55358.20976385263,253.9006778928644,False,56565.73182727887,309.73738465373475,False,57062.516492909366,410.1735448216776,False,57298.237236566565,578.7031701071896,False,57557.078767254345,794.6245777759717,False,0.3335682212964947,11.978223885111673,56667.47866621737,221.9286908175806,0.0,0.001213411203097,False,124884.796875,683.8325805664062,False,125981.58905029295,905.5737135155543,False,127073.47467041016,1754.357731823386,False,False,0.7364458695198633,26.44530546131901,False,False
2MASS J10014264+0154262,150.42769767501,1.9073150891300004,2025052300137,-1,g,20250523,g_6,0.1441253403131112,150.42771534292928,1.907279158962142,745297378256356360,0,3863.362157543885,1750.2618132232556,0.012757593,0.011175163,150.42771534292928,1.907279158962142,6.2192356e-07,7.087366e-07,55210.331616104726,369.3663477798601,54379.86525301911,252.68486305016737,False,55394.54667250808,308.62945629285923,False,56375.951329182055,410.6817773659923,False,56760.78469849648,578.8870983340238,False,57113.408658846674,795.3235410162472,False,0.7327456707514877,12.656759722289044,55168.39735410691,217.30158905569365,0.0,0.0002235036229404,False,122458.59375,682.2752685546875,False,124628.14727783205,907.8784096260022,False,126258.41583251952,1758.191162478745,False,False,1.6198526715475503,27.979811915174952,False,False
2MASS J10014264+0154262,150.42769767501,1.9073150891300004,2025052300138,-1,g,20250523,g_6,0.1459074638255625,150.4277148490804,1.907278373372424,745297378411020617,0,1105.9345890715194,509.2207884620165,0.012220417,0.012040113,150.4277148490804,1.907278373372424,6.694768e-07,6.7911793e-07,55581.6738224583,368.2315030935301,54418.20048031854,252.19301256349905,False,55399.25153630975,307.7650741318782,False,55450.116403287895,408.603562277138,False,55543.80177516811,576.4754693107691,False,54921.82230557157,791.6435983175479,False,0.1468305712780891,12.649924333833171,55432.80310093384,217.9913604327184,0.0,0.0005563054666084,False,122230.4140625,679.0390014648438,False,122342.64001464844,901.524501135416,False,121177.0357055664,1746.646789061058,False,False,0.323960360955262,27.910223447158124,False,False
2MASS J10014264+0154262,150.42769767501,1.9073150891300004,2025052300139,-1,g,20250523,g_6,0.1412509708193144,150.4277144614972,1.907279620558488,745297378524790854,0,1735.2650407083886,119.10227056723512,0.013008842,0.0106290355,150.4277144614972,1.907279620558488,5.958856e-07,7.1917356e-07,56326.81987956769,372.0064036576887,54980.51378890899,254.16768249656752,False,56379.7838005149,310.53637912207523,False,56982.85403722482,412.8868586740656,False,57525.90020928152,581.5926182324052,False,57633.5767770386,799.0754116427343,False,0.5354933464885345,12.29821859252779,55802.12387970188,220.3973679995492,0.0,0.0002790351484166,False,124377.2421875,685.0621948242188,False,125707.6519165039,910.8535960166512,False,127143.1859741211,1762.8091010710286,False,False,1.1813309870370776,27.13062039701676,False,False
2MASS J10014264+0154262,150.42769767501,1.9073150891300004,2025052300140,-1,g,20250523,g_6,0.1431671193987146,150.42771481653438,1.907279199874035,745297378655340152,0,3122.1227967933373,2854.1803266992574,0.012765326,0.011383097,150.42771481653438,1.907279199874035,6.3727487e-07,7.056717e-07,55899.80659687824,369.34415056858273,54558.31647192912,252.80128641294863,False,55740.7501270757,308.936155061647,False,56033.8580667797,410.3579313869321,False,55800.40481491869,578.8661263205541,False,53667.73530508368,794.4728008452178,False,-0.4898896317443478,12.632613918820084,55341.79871945178,217.19829603796708,0.0,0.0006196421766808,False,122335.640625,678.030029296875,False,122978.9320678711,900.622978831875,False,117785.94232177734,1743.649642836924,False,False,-1.075173222433529,27.725118750715733,False,False
2MASS J10014264+0154262,150.42769767501,1.9073150891300004,2025052300141,-1,g,20250523,g_6,0.1451794068265866,150.42771374027657,1.9072780957593007,745297378789558329,0,1268.3999360828604,3356.4625521436283,0.012998373,0.011429108,150.42771374027657,1.9072780957593007,6.428618e-07,7.1573385e-07,56027.10385809071,368.824875172099,54277.92191663678,252.1841700222496,False,55762.87360815477,308.4415356307311,False,56302.70595004833,410.4993481587027,False,56294.74244777913,579.2076081460574,False,54998.69855039224,794.3068321213882,False,-0.1657624771583833,12.168345841058835,55641.96461571858,219.6440801590155,0.0,0.0002820368487006,False,122422.3828125,677.1557006835938,False,123607.5362548828,901.2144656981454,False,120744.705078125,1743.8293398554022,False,False,-0.3639166370304172,26.714510862853853,False,False
2MASS J10014264+0154262,150.42769767501,1.9073150891300004,2025052300142,-1,g,20250523,g_6,0.1423174080953525,150.42771509003356,1.907279594335637,745297378927444579,0,3128.228199978465,980.0332324936268,0.013146912,0.0128242485,150.42771509003356,1.907279594335637,7.1504707e-07,7.2905925e-07,55956.21595390359,371.3113119734846,54161.521627655726,253.3532440146673,False,55590.18813056509,310.00070719731764,False,55831.15983597046,411.8571307756292,False,55426.45401171881,581.4639186548753,False,54299.00087957872,798.4974757876336,False,-0.4432531375554311,12.38965122246799,55718.92355203283,222.22867695284103,0.0,0.0041919460192973,False,122427.4609375,682.72119140625,False,122958.15808105467,907.0417727573828,False,119583.85162353516,1758.548078593975,False,False,-0.976185870356043,27.28599402299828,False,False
2MASS J10014264+0154262,150.42769767501,1.9073150891300004,2025052300143,-1,g,20250523,g_6,0.143822511813742,150.4277151952763,1.9072791803769813,745297379061662868,0,161.2368260876856,1873.5300614083824,0.01664775,0.010413348,150.4277151952763,1.9072791803769813,6.426038e-07,8.826101e-07,56248.44851575884,373.5303711942276,54787.76604619769,255.28257303016525,False,56120.00303925359,312.11125475029775,False,56850.7531411506,415.5757109500773,False,56971.987370153714,585.4278073346723,False,57248.250912219926,804.6087241787332,False,0.2659463429792966,12.83184145286378,55536.88038451697,220.4346552323077,0.0,9.814208052405517e-05,False,122778.84375,682.834228515625,False,124377.57232666016,909.1928460044028,False,125247.2144165039,1760.3158138948925,False,False,0.5818350449428853,28.07338865723072,False,False
2MASS J10014264+0154262,150.42769767501,1.9073150891300004,2025052300144,-1,g,20250523,g_6,0.145887913577952,150.42771537475815,1.9072786296374709,745297379192210582,0,3780.938012506405,2046.2038175726195,0.013454073,0.011194619,150.42771537475815,1.9072786296374709,6.477712e-07,7.2607963e-07,55994.78437337532,371.2023807800962,54760.98932505954,253.698608088158,False,56067.26138670174,310.0857277104628,False,56964.58744084839,411.986144710432,False,57658.19485969127,581.2292207885628,False,57388.729706053775,797.8172658944308,False,0.6415350786879145,12.11471209076578,55966.71879851526,220.4164820049265,0.0,0.0040237200179912,False,122880.4609375,679.6029663085938,False,124847.09594726562,902.9341920718266,False,125776.67224121094,1748.5454247682635,False,False,1.4060277642782102,26.551348666219862,False,False
2MASS J10014264+0154262,150.42769767501,1.9073150891300004,2025052300145,-1,g,20250523,g_6,0.1405745612770652,150.4277156831208,1.9072804358230369,745297379330099505,0,427.2313411478331,3597.2587851446638,0.013763245,0.010264884,150.4277156831208,1.9072804358230369,6.2147e-07,7.245975e-07,55854.742870266,372.6387576079388,54459.192347982666,254.5445797464185,False,55607.23327617798,311.3022229283679,False,55915.04591203818,414.70349494794914,False,55891.9104419245,584.4245672652706,False,54485.3070095901,802.147658619096,False,-0.1009576758134453,12.580381791756658,55234.110180989584,217.9382431378402,0.0,0.0005777245779008,False,122202.2109375,684.1163940429688,False,122878.6586303711,911.3505740242962,False,119736.67071533205,1762.7961616926168,False,False,-0.2218641437210227,27.64659161794926,False,False
2MASS J10014264+0154262,150.42769767501,1.9073150891300004,2025052300146,-1,g,20250523,g_6,0.1342325034640383,150.42771325385158,1.9072812088336608,745297379464316772,0,910.9608681260524,3090.073849664592,0.0142265,0.011585766,150.42771325385158,1.9072812088336608,6.881486e-07,7.529484e-07,56261.75200386439,373.54529648544747,54802.51377985901,255.9320549799977,False,56172.18772480904,312.92049457407614,False,56780.72143267587,414.6250820444793,False,56836.39942207487,585.6654332379774,False,57020.8075553782,805.6621270714694,False,0.32963710160584,12.700951076028796,55540.76408462859,220.9857728542551,0.0,0.0003556225380629,False,123280.78125,686.7648315429688,False,124616.3267211914,909.975311816334,False,125143.24237060548,1768.1820928089048,False,False,0.7234526740179895,27.8747051644441,False,False
2MASS J10014264+0154262,150.42769767501,1.9073150891300004,2025052300147,-1,g,20250523,g_6,0.1392434155121181,150.42771516539938,1.9072805859557531,745297379593290537,0,4024.099528770049,1404.5481917020284,0.013237554,0.011335566,150.42771516539938,1.9072805859557531,6.6599563e-07,7.037078e-07,55892.70405685256,373.39270938005313,54541.62807814462,254.6029858468529,False,55873.44389699445,311.49253546937086,False,56529.73364027079,414.4793990999509,False,56493.31671814896,583.9911270353592,False,55563.08091721552,802.7215187837216,False,0.0512409334390113,12.578191590705854,56321.764576901325,223.70327041122613,0.0,2.1327855001418428e-05,False,122780.859375,684.4990844726562,False,124223.0439453125,910.810812173027,False,122098.84246826172,1763.965688185765,False,False,0.1126010033392163,27.640343339805074,False,False
2MASS J10014264+0154262,150.42769767501,1.9073150891300004,2025052300148,-1,g,20250523,g_6,0.1457677630538225,150.427714934815,1.9072784564414431,745297379727508255,0,2844.335760987072,1342.10991869324,0.013627018,0.012121764,150.427714934815,1.9072784564414431,7.0611424e-07,7.277147e-07,56058.11482106432,374.3097626272984,54523.68455024588,254.9460076647072,False,55802.993688760325,312.0361933671663,False,56126.9730036282,415.73212055622514,False,56218.24671832977,586.0184843263424,False,56202.68983146717,805.2683663885599,False,-0.1254397942920015,12.576995949396975,55556.86269089094,220.6674252361597,0.0,0.0006405349727218,False,122123.3828125,682.8829956054688,False,122832.40301513672,909.8188027207284,False,122998.10729980467,1762.3086231496284,False,False,-0.2745216879166985,27.52442457704262,False,False
2MASS J10014264+0154262,150.42769767501,1.9073150891300004,2025052300149,-1,g,20250523,g_6,0.1407872886166057,150.42771352848968,1.9072793351314,745297379861725481,0,1647.3112288553605,522.2972808454867,0.015576906,0.0123401275,150.42771352848968,1.9072793351314,7.6710495e-07,7.950902e-07,56397.46068012333,377.5813862274044,54542.38577445129,256.7324813784472,False,56108.39853919389,314.549808662377,False,56883.83646993852,419.15940931594406,False,56781.76462131565,591.0657928373113,False,57227.48113122184,812.3884407772423,False,0.1125323236048051,12.643942063969048,56395.695994590336,228.2715744278269,0.0,0.0002265650656374,False,122148.3046875,684.7767333984375,False,123836.4375,912.5124326261345,False,124584.55389404295,1768.5742842819573,False,False,0.2449835124285402,27.525934225371635,False,False
2MASS J10014264+0154262,150.42769767501,1.9073150891300004,2025052300150,-1,g,20250523,g_6,0.1367440873297225,150.42771375122794,1.907280670220016,745297379995943570,0,2222.8899250593654,1128.3605257394347,0.015579162,0.012442314,150.42771375122794,1.907280670220016,7.794253e-07,7.880605e-07,55452.5383712785,377.061684089286,54259.08699179695,255.8066578396161,False,55866.508041867375,313.4733783495207,False,57174.28163179743,418.0128754940072,False,57653.89424238821,589.3835690884922,False,57064.85531951024,809.3136738349742,False,0.1609339004697037,12.775565070696242,55655.41075358589,225.03868050988368,0.0,0.0005387946486465,False,121667.40625,682.6897583007812,False,124515.50659179688,910.3583546397016,False,124277.19537353516,1762.5425141010562,False,False,0.3504856654575689,27.82292862057597,False,False
2MASS J10014264+0154262,150.42769767501,1.9073150891300004,2025052300151,-1,g,20250523,g_6,0.1382501912896471,150.42771416267655,1.9072804014462972,745297380133832509,0,2094.559355171942,3373.380699647014,0.014887232,0.012311619,150.42771416267655,1.9072804014462972,7.638757e-07,7.5515095e-07,56429.4253832208,378.94148474056414,54669.910791760914,257.5533066868845,False,56301.769660801765,315.39182755725614,False,56941.24340592691,420.4034033552221,False,57919.96916006501,593.1907906275112,False,58140.45680060301,813.8632073501108,False,0.6697231026198031,12.894007260865616,56102.82227708888,227.38067387159904,0.0,0.005060435926278,False,123355.140625,691.0120849609375,False,124756.20446777344,921.0886487679458,False,127383.63763427734,1783.1448460150727,False,False,1.467339090781621,28.25030347121063,False,False
2MASS J10014264+0154262,150.42769767501,1.9073150891300004,2025052300152,-1,g,20250523,g_6,0.1419665938117368,150.42771460640873,1.907279469226508,745297380263855396,0,3757.415403567362,2282.999257562165,0.013488917,0.011562794,150.42771460640873,1.907279469226508,7.069322e-07,6.895604e-07,55611.01946806396,374.5553251875708,54257.92036470093,255.2634159454462,False,55166.625262891925,312.2758422862043,False,55776.11962894043,416.1054573470296,False,54666.62558189877,585.765931823301,False,53774.17720733317,805.9825108737822,False,-0.4686693698275465,12.85918780646207,55473.72035757095,220.21608832674215,0.0,0.0004018177482006,False,119529.984375,676.6106567382812,False,120850.58087158205,901.579144601012,False,116512.9556274414,1746.3289891700038,False,False,-1.0154698096098669,27.862108843107197,False,False
2MASS J10014264+0154262,150.42769767501,1.9073150891300004,2025052300153,-1,g,20250523,g_6,0.15043460327167,150.42771955744533,1.9072794818920704,745297380398598142,0,13.073931695695354,3588.144706413055,0.039776497,0.031206021,150.42771955744533,1.9072794818920704,2.0498787e-06,1.9227405e-06,,,60068.19103508188,263.9115585561755,True,62057.99353441063,320.6059054387965,True,,,True,,,True,,,True,0.3210964426880262,12.312953272635848,56797.31640437863,229.60088287553245,,,True,135344.296875,699.2198486328125,True,,,True,,,True,True,0.7002896772770656,26.853720338469785,True,False
2MASS J10014264+0154262,150.42769767501,1.9073150891300004,2025052300155,-1,g,20250523,g_6,0.1440146475389084,150.4277143950661,1.9072787425357065,745297380670702626,0,2022.6614208252456,1855.07797442044,0.014886767,0.013221305,150.4277143950661,1.9072787425357065,8.0377845e-07,7.6115737e-07,55891.90060347749,379.3660088250229,54350.73779492247,257.68515823114365,False,55722.49025970667,315.4942128376511,False,56138.00649590266,420.2595870407809,False,56236.53179566049,592.7763523784807,False,56305.71864522091,814.6031459038805,False,-0.2483813924911537,12.693801734530211,56034.94720187896,228.0270967013324,0.0,0.0020653665022071,False,121628.0546875,688.643798828125,False,122535.02117919922,917.3200228006348,False,122901.09423828124,1778.0719331966247,False,False,-0.5421535442596079,27.707347686076847,False,False
2MASS J10014264+0154262,150.42769767501,1.9073150891300004,2025052300156,-1,g,20250523,g_6,0.1357003731400899,150.42771468462848,1.9072814458196772,745297380801249304,0,3761.2482350261535,63.03142170899192,0.01808513,0.013598824,150.42771468462848,1.9072814458196772,9.548181e-07,8.1907604e-07,55783.431349175095,377.5561994610676,53945.94606914908,256.1296281057472,False,55535.50103829429,314.007168302209,False,56164.00655998769,417.7505861736921,False,56385.54220544776,590.5031969595536,False,55679.21447411896,810.8308348924172,False,-0.3753501817582035,12.985171694844055,55482.14876796273,227.21564972280055,0.0,5.54637759918597e-05,False,120468.96875,681.1520385742188,False,121832.3383178711,906.1948009859605,False,120780.71545410156,1758.8741018620894,False,False,-0.8142188054692423,28.167752408335865,False,False
2MASS J10014264+0154262,150.42769767501,1.9073150891300004,2025052300157,-1,g,20250523,g_6,0.1438851444614109,150.42771386818643,1.907278544360536,745297380937565012,0,753.2372254383026,1571.882898394659,0.015724704,0.014283198,150.42771386818643,1.907278544360536,8.599515e-07,8.095274e-07,56188.01424895706,378.2862648116294,54532.30610516186,256.7389454965518,False,56223.59051225912,314.6191547458522,False,57133.54284591269,419.08069747715126,False,58140.32723178501,591.6340412853957,False,58770.10680533194,813.1677952993246,False,0.4492443389594482,12.546811252569835,56133.67458571144,227.99989290767996,0.0,0.0001096316534836,False,121911.9140625,682.2015991210938,False,123885.0009765625,908.7098406663844,False,127433.62963867188,1763.22503553572,False,False,0.974114899907488,27.20576471984982,False,False
2MASS J10014264+0154262,150.42769767501,1.9073150891300004,2025052300158,-1,g,20250523,g_6,0.1522303278684986,150.42771565873915,1.9072768129411464,745297381073355338,0,191.2375923990168,1029.351381215227,0.015267704,0.012843767,150.42771565873915,1.9072768129411464,8.3092186e-07,7.349815e-07,56217.149252264375,379.291000622416,54606.00465095107,257.95481497184386,False,56217.81433180328,316.0764990872601,False,57134.73753780083,421.2868708297784,False,56916.59532940286,593.6516624818522,False,56494.4707941813,816.0847489402656,False,-0.1719461487111814,12.97107204848039,55508.01968204987,225.44043335508928,0.0,7.52248572322145e-06,False,122498.328125,688.7290649414062,False,124496.29907226562,917.9819235424428,False,123101.1611328125,1778.2444682652651,False,False,-0.3746697731849853,28.263899242857654,False,False
2MASS J10014264+0154262,150.42769767501,1.9073150891300004,2025052300160,-1,g,20250523,g_6,0.145726201460501,150.4277173169653,1.907279688410919,745297381341790613,0,373.5240950499266,844.512810303274,0.017114801,0.015016252,150.4277173169653,1.907279688410919,9.4301237e-07,8.4456406e-07,56056.80203212381,378.5019254854104,53751.56420337708,256.9206499838055,False,55607.977191190366,315.2982771481004,False,56135.744700480886,420.6434194424736,False,55547.45211309583,594.470937089481,False,54082.87467121236,815.3768901130676,False,-0.5940933514698359,12.381227953127013,55394.52490309168,229.4384692054433,0.0,0.0003126947103132,False,120976.046875,685.9364624023438,False,122124.21356201172,915.1165102296656,False,117658.16186523438,1773.865511057239,False,False,-1.29245962118771,26.93556012796031,False,False
2MASS J10014264+0154262,150.42769767501,1.9073150891300004,2025052300161,-1,g,20250523,g_6,0.1413122564569315,150.42771422881813,1.907279492715093,745297381470766113,0,2310.718161480991,1724.7751530894036,0.012940701,0.011853515,150.42771422881813,1.907279492715093,7.1626135e-07,6.6231354e-07,56028.02306844133,375.5881504808625,54889.9198924343,256.3902759227319,False,56133.28621109957,313.6100286652719,False,56665.96797288232,417.5673054588628,False,57174.51019544433,589.0498844142585,False,57557.31183604728,809.1889281576183,False,0.4028785281847881,12.749257831831786,56021.65985098364,221.44000809980005,0.0,0.0013430517243414,False,121755.46875,680.2333984375,False,122910.87799072266,905.7211227509632,False,124844.24047851562,1755.164963701329,False,False,0.8738605444188209,27.653678740482217,False,False
2MASS J10014264+0154262,150.42769767501,1.9073150891300004,2025052300162,-1,g,20250523,g_6,0.1440243048132762,150.427715792262,1.907279414644366,745297381610225946,0,377.9468159978412,490.4304536203938,0.012669235,0.011550367,150.427715792262,1.907279414644366,7.0253236e-07,6.442511e-07,55890.57294962741,377.2900751503232,54696.67491259429,257.268729510245,False,55801.60698572418,314.7803341368168,False,56286.09232531222,419.36137115432894,False,56606.87740141476,591.7108552957782,False,55979.3096989116,813.0833084797174,False,0.0961105961862499,12.875652423542569,55110.93156866103,217.83269157951807,0.0,0.0008405697823671,False,122161.8984375,689.1228637695312,False,123222.54260253906,918.0735824448948,False,122550.92846679688,1780.0168474921684,False,False,0.2104070747115934,28.18761373814484,False,False
2MASS J10014264+0154262,150.42769767501,1.9073150891300004,2025052300163,-1,g,20250523,g_6,0.1397545225069569,150.42771399901818,1.9072798631631889,745297381742871173,0,2070.2305166274546,1048.38101106544,0.012521944,0.013569625,150.42771399901818,1.9072798631631889,6.9722086e-07,7.534444e-07,56535.15673560082,376.3083101356999,55124.26593221948,256.8116836098513,False,56317.46675159667,314.17951856626934,False,56982.87424128139,418.3266880622281,False,56244.733307803646,589.7570238267482,False,57370.6789840778,811.2470645601047,False,-0.0886832030463552,12.672574570265636,56113.24253496941,222.33394061708643,0.0,0.0006398629579499,False,122283.21875,682.1841430664062,False,123728.03106689452,908.320932312286,False,124570.0791015625,1761.4766426454394,False,False,-0.1925595759731269,27.51620940509626,False,False
2MASS J10014264+0154262,150.42769767501,1.9073150891300004,2025052300164,-1,g,20250523,g_6,0.1339750186201771,150.42771667081865,1.9072830807521628,745297381880235076,0,183.83167066216717,1967.602862391504,0.019314136,0.014419773,150.42771667081865,1.9072830807521628,8.017182e-07,1.0736943e-06,56676.112929069146,378.9338534174704,54360.52440033176,257.41529754002744,False,56223.35618440317,315.671129209899,False,56258.56648013356,419.8418420010464,False,56772.2119093817,592.5106733730004,False,57024.20631198451,815.1695994453673,False,0.276628204591853,12.994786917409764,54942.88325856268,226.49448604187637,0.0,0.0009521267929047,False,121820.7265625,683.9735107421875,False,121897.01770019533,909.683122902826,False,123555.95104980467,1766.2508895839387,False,False,0.5993781082817649,28.15617016194551,False,False
2MASS J10014264+0154262,150.42769767501,1.9073150891300004,2025052300165,-1,r,20250523,r_57,0.152030723165524,150.42772012270305,1.9072793107001045,745297382014452873,0,153.92760962468512,1895.155155139404,0.0077847857,0.0076735667,150.42772012270305,1.9072793107001045,4.2649606e-07,4.3258095e-07,182056.39806124647,638.7610230455252,177720.86435032377,446.5133288375129,False,182778.4033194654,538.1377024798688,False,185766.34866904013,705.0218619675423,False,187018.1806590858,985.0857079917948,False,184316.4104279685,1346.1617200942226,False,0.3140378157322572,20.568062779339503,181947.24382168343,410.39570033659095,0.0,0.0013939581964224,False,376592.4375,1108.7666015625,False,382748.7316894531,1452.6109029691347,False,379761.31213378906,2773.6007877988,False,False,0.6470363256597712,42.37796564611737,False,False
2MASS J10014264+0154262,150.42769767501,1.9073150891300004,2025052300166,-1,r,20250523,r_57,0.1577872965998874,150.42771863672388,1.90727659049303,745297382148669988,0,1249.905614886144,890.6267810671582,0.0074489415,0.0063638617,150.42771863672388,1.90727659049303,3.5409388e-07,4.137313e-07,183134.45814799756,636.1027077324766,179036.51667545384,445.36576353202224,False,183164.65611540168,536.0336707916049,False,185233.66059673173,702.8157259234142,False,187278.843840084,980.8269100230948,False,186465.17692307333,1340.6756974346663,False,1.573476569012968,21.132115215809115,180433.53981238217,402.023472472804,0.0,0.0021998074040865,False,379350.5625,1110.1741943359375,False,383635.65783691406,1455.5949090686738,False,386186.2394886017,2776.66057818212,False,False,3.258812230453276,43.76652113976217,False,False
2MASS J10014264+0154262,150.42769767501,1.9073150891300004,2025052300167,-1,r,20250523,r_57,0.1480568183553855,150.42771779326478,1.9072792125975888,745297382282887328,0,1035.778966813836,249.82067201661604,0.007249961,0.006775303,150.42771779326478,1.9072792125975888,3.7704896e-07,4.025831e-07,182504.45484256253,636.555171003913,178297.91100206587,445.4299525638266,False,182367.0475765237,536.0538952096468,False,184393.24125382188,702.4504596597451,False,185024.52448869543,981.134377186988,False,183841.602884981,1340.2297663038523,False,1.260194034636027,21.18613719736466,180931.82578181117,405.9608358983519,0.0,1.631248409639241e-05,False,376580.1875,1106.928466796875,False,380764.1911621094,1450.5302867127243,False,379625.0814208984,2767.517396343246,False,False,2.602247018614933,43.74847114217008,False,False
2MASS J10014264+0154262,150.42769767501,1.9073150891300004,2025052300168,-1,r,20250523,r_57,0.1557116769156611,150.42771746708655,1.9072766242016903,745297382417105769,0,3519.768978516889,1482.7219779451195,0.0063679353,0.0066094096,150.42771746708655,1.9072766242016903,3.6694703e-07,3.5443534e-07,181957.7615707388,633.5086945048248,178067.99908017824,444.4682173653443,False,181599.84180829368,534.499341041699,False,183573.8833000846,700.6186255992817,False,184208.5318615803,977.9391478583084,False,183045.3983197484,1335.9276871548036,False,1.3311800946179917,21.447794607705543,178918.39639139952,400.77402371582025,0.0,6.911991570235365e-05,False,376088.0,1106.9326171875,False,380176.1826171875,1450.9608325680208,False,379081.7055664063,2766.667454132826,False,False,2.756835327825858,44.41775993911894,False,False
2MASS J10014264+0154262,150.42769767501,1.9073150891300004,2025052300170,-1,r,20250523,r_57,0.1646109303411839,150.42771742594215,1.9072738443478088,745297382683970007,0,1545.4845686490326,3877.742898028807,0.0062780436,0.005993858,150.42771742594215,1.9072738443478088,3.3446074e-07,3.4775718e-07,181885.39821260312,635.4693597400574,178023.3431388282,445.2549516101178,False,181536.14036390232,535.8582769607875,False,183513.15125867893,703.3567063201034,False,183544.3515140771,982.6236542945148,False,184014.8471505284,1343.5367904457346,False,1.316649629853015,20.834814727403767,177317.7499121415,394.5723692966952,0.0,0.0007345077577749,False,376227.65625,1110.548583984375,False,380324.9460449219,1457.6835477281695,False,381364.6942138672,2784.4356321654936,False,False,2.7287128797001245,43.179465518992494,False,False
2MASS J10014264+0154262,150.42769767501,1.9073150891300004,2025052300171,-1,r,20250523,r_57,0.159247095950245,150.42771745199423,1.907275515574268,745297382816089209,0,2676.775789133622,2097.8421616934747,0.007609405,0.0076410593,150.42771745199423,1.907275515574268,4.244764e-07,4.2312175e-07,182326.88845338547,638.4424933057618,177793.0458933825,445.850956515585,False,182225.79285424305,537.1105747614951,False,184362.99512494105,704.283891628206,False,186637.9275478124,984.3827997435692,False,185847.9628311536,1345.0052484095092,False,1.1313092156790785,20.58010620972076,180190.21099423195,406.22807330112704,0.0,0.0034641056487101,False,374838.28125,1104.8359375,False,379234.50427246094,1448.7112900704333,False,382289.0814208984,2766.6745068812065,False,False,2.327101972367998,42.33325874874666,False,False
2MASS J10014264+0154262,150.42769767501,1.9073150891300004,2025052300172,-1,r,20250523,r_57,0.1579950380356215,150.42771665601967,1.9072755134563677,745297382950307230,0,781.0201305133784,2423.193932073224,0.007986215,0.006115649,150.42771665601967,1.9072755134563677,3.5668555e-07,4.3046234e-07,181774.5930140884,639.4791965202907,178221.24160561754,447.920398496745,False,181845.35667467807,539.5888885814062,False,184360.20650933927,707.0491309450729,False,184983.0749356232,989.8241595683696,False,185694.4987673165,1353.529827190126,False,1.2508288120656237,20.998763800351707,179084.64650564498,400.4184026217701,0.0,0.0006653300098576,False,374862.25,1112.3270263671875,False,380046.447631836,1457.5353087556855,False,382797.0034179688,2790.212770570322,False,False,2.5785013784794617,43.28757131533904,False,False
2MASS J10014264+0154262,150.42769767501,1.9073150891300004,2025052300173,-1,r,20250523,r_57,0.1500457282250645,150.42771821274243,1.9072788146406443,745297383088193910,0,2845.36588540753,653.5440348814672,0.0072470233,0.006459831,150.42771821274243,1.9072788146406443,3.675351e-07,3.9517244e-07,182228.2572442137,643.3471407573035,178074.79387310374,449.0957120090748,False,182169.55268813352,541.6246895336373,False,184603.5364530268,712.5147226399223,False,185176.728401496,996.455457185116,False,184861.1177325916,1361.2196491429663,False,1.3262838255259126,20.882451169700914,181860.30076128017,406.9035306847855,0.0,0.0006719145366318,False,376368.28125,1119.014404296875,False,381396.9716796875,1472.0788274888068,False,381929.1430664063,2812.3245196124294,False,False,2.7401459601617524,43.14383023425709,False,False
2MASS J10014264+0154262,150.42769767501,1.9073150891300004,2025052300174,-1,r,20250523,r_57,0.164244156751053,150.42771903354057,1.9072747677830924,745297383218741987,0,4056.510754542877,1247.390920547415,0.007761899,0.0056434684,150.42771903354057,1.9072747677830924,3.437231e-07,4.078166e-07,181340.84405518937,639.109653546576,177088.31569360447,446.9882706546888,False,180247.22222162437,538.6709880319719,False,181505.2331192991,707.9068791398798,False,180762.3951587584,990.6572831552844,False,177246.94798320232,1355.3143976392575,False,-0.5737511382634406,20.947775350485596,179936.60823982168,401.8301441452463,0.0,2.4302306261714257e-05,False,372345.0625,1112.7576904296875,False,374943.7940673828,1462.3561345840037,False,366147.2565917969,2799.735928666072,False,False,-1.1852243868339474,43.2727929228347,False,False
2MASS J10014264+0154262,150.42769767501,1.9073150891300004,2025052300175,-1,r,20250523,r_57,0.1555178525707726,150.42771875275955,1.9072773742912088,745297383352959752,0,3414.4037536236297,1356.1663625804645,0.007444457,0.006816968,150.42771875275955,1.9072773742912088,3.8864746e-07,4.0459125e-07,182271.9929654385,642.2461091705812,177941.70219023866,448.1848931897152,False,182578.9512111354,540.413335448967,False,186025.0552801132,709.2614295038152,False,187040.3550527578,990.4717189773228,False,186066.6243288497,1354.9612133871208,False,1.8879581957198293,20.48607749956825,180922.16969720705,408.0726167672993,0.0,3.0399792382840296e-05,False,374725.4375,1109.1455078125,False,381798.2290039063,1455.6897041507534,False,381883.54541015625,2780.925348261355,False,False,3.874849516769903,42.045670121126335,False,False
2MASS J10014264+0154262,150.42769767501,1.9073150891300004,2025052300177,-1,r,20250523,r_57,0.1577335452090388,150.4277189459471,1.9072767773618435,745297383625066001,0,431.05255590100415,2532.619499155728,0.00675277,0.0064231493,150.4277189459471,1.9072767773618435,3.638985e-07,3.6865995e-07,181767.8773476921,638.7410629311115,178385.24451839016,447.2722920773974,False,181931.91388812076,538.3591524420711,False,184033.199751825,706.2344723344571,False,185186.1626846826,986.4743609133036,False,183665.19455497724,1348.0437949757504,False,1.180983918814094,20.828949142135173,182504.62563729176,405.2287214854404,0.0,8.834524583922754e-05,False,375590.15625,1111.41796875,False,379928.1652832031,1457.988926430762,False,379168.4353027344,2782.975063397301,False,False,2.438087552186662,43.00041754976924,False,False
2MASS J10014264+0154262,150.42769767501,1.9073150891300004,2025052300179,-1,r,20250523,r_57,0.1556022540938909,150.42771812549452,1.9072770042829257,745297383888257384,0,2973.705166361675,587.2180562776213,0.0069717523,0.0060006464,150.42771812549452,1.9072770042829257,3.5989606e-07,3.631544e-07,183007.819819242,641.9156732248913,179658.92095719185,449.5939442951951,False,183422.62414805303,541.3540306558787,False,185887.8415945028,710.5943071192156,False,188335.36320886985,992.088790515345,False,188147.00223210445,1356.528167183572,False,2.102240584345758,21.25350429673602,182876.651131508,410.1924702693177,0.0,0.0001119489224498,False,376346.96875,1110.75146484375,False,381405.1076660156,1457.9990594805913,False,386040.4587402344,2783.327662630377,False,False,4.313382142342187,43.60798976976474,False,False
2MASS J10014264+0154262,150.42769767501,1.9073150891300004,2025052300180,-1,r,20250523,r_57,0.1575315560284354,150.42771729815607,1.9072759715092973,745297384020904158,0,1865.0340035053655,3878.1599244990575,0.0072498377,0.0060515404,150.42771729815607,1.9072759715092973,3.7249407e-07,3.697119e-07,182532.97400068035,641.6427026855308,178846.92481370005,449.04575398647233,False,183041.52729038696,541.0874242911634,False,185567.1416250296,708.8233460651848,False,187789.17926213477,992.2832359646462,False,187393.60308739447,1356.4419573505352,False,2.4626506566021558,21.26196870941829,181446.1921691995,404.0739170211082,0.0,6.608221069892561e-05,False,376519.8125,1113.02685546875,False,381715.0479736328,1458.0627538836231,False,385472.1130371094,2790.226234500935,False,False,5.065718021494799,43.73626351549505,False,False
2MASS J10014264+0154262,150.42769767501,1.9073150891300004,2025052300181,-1,r,20250523,r_57,0.1514968560530331,150.427717921753,1.9072781912042007,745297384156692653,0,2382.201974649494,313.0555564821299,0.0067613553,0.0066760755,150.427717921753,1.9072781912042007,3.7380408e-07,3.7307987e-07,183449.14462697893,643.0847502617836,177990.3204866546,449.0826144443354,False,182953.69837309027,541.6817002474405,False,184901.98777179467,709.9474256992644,False,185702.891133198,992.7671478039108,False,185515.63460020247,1357.549550468999,False,1.1051205924866994,21.62942430865741,181436.9289092073,409.2841935541211,0.0,4.829469047229473e-06,False,375963.25,1113.1363525390625,False,379966.9144287109,1458.9163480626746,False,381227.9365234375,2789.7153518566665,False,False,2.270982949718477,44.44768666074649,False,False
2MASS J10014264+0154262,150.42769767501,1.9073150891300004,2025052300182,-1,r,20250523,r_57,0.1640586960958868,150.4277178183699,1.907274205283058,745297384294581801,0,2008.0148745345768,2962.4543111241637,0.008032725,0.0070342245,150.4277178183699,1.907274205283058,4.2674912e-07,4.1246045e-07,182112.39865454167,648.4910616238312,176958.13603501892,450.25536433750295,False,182496.7606138096,544.2165680556021,False,185966.955711771,715.3737357658121,False,188635.4132010764,999.1681292257072,False,189079.49796236935,1367.1220735890968,False,2.1590624245392256,21.328894975995432,179456.87361898704,409.712849244528,0.0,0.0006878523510632,False,374098.0,1115.583251953125,False,381211.5128173828,1466.43635154074,False,387591.8771972656,2802.4477353206967,False,False,4.425837106251388,43.72185525865252,False,False
2MASS J10014264+0154262,150.42769767501,1.9073150891300004,2025052300183,-1,r,20250523,r_57,0.1498601060067594,150.42771758022462,1.907278522811292,745297384424604301,0,3807.173432214738,1209.0560638624927,0.008045915,0.006631696,150.42771758022462,1.907278522811292,4.233195e-07,3.956619e-07,183525.66467161343,645.481245405902,178852.714429263,450.7969671076671,False,183312.0695883192,543.6401373653929,False,185488.58748066425,712.7758755081438,False,187051.43351868904,996.7555680998596,False,184778.49951393352,1362.837969302945,False,0.795670394329071,21.16107521635556,182061.61691382708,411.430001157256,0.0,0.000180456121187,False,375357.21875,1113.1795654296875,False,379813.94494628906,1459.5087536990052,False,378359.94006347656,2790.602227738133,False,False,1.6292469280817434,43.33027474300528,False,False
2MASS J10014264+0154262,150.42769767501,1.9073150891300004,2025052300185,-1,r,20250523,r_57,0.1567501215473853,150.42771735677982,1.9072762440954032,745297384695661741,0,336.9933169617676,1941.4787317917187,0.0067910426,0.006189376,150.42771735677982,1.9072762440954032,3.6999737e-07,3.5199977e-07,182930.43982209856,645.9657137275306,178961.1037723816,451.50116243302887,False,182817.1992264912,544.3501082996934,False,184837.8274345325,714.6040671794573,False,186272.557111781,998.245814169334,False,186457.75290751675,1366.3037412084182,False,1.4411252269703252,21.50788062645621,182379.7364252136,407.57735257555,0.0,0.0001363975422987,False,375011.03125,1116.6197509765625,False,379155.9250087738,1465.8599371518003,False,382478.8613886237,2802.684742787896,False,False,2.9561652832072247,44.11889323245072,False,False
2MASS J10014264+0154262,150.42769767501,1.9073150891300004,2025052300187,-1,i,20250523,i_39,0.1694273707306176,150.4277195628037,1.9072734190440968,745297384967242092,0,1089.997665220353,603.163847028237,0.0051925876,0.0049243746,150.4277195628037,1.9072734190440968,2.7394503e-07,2.8833446e-07,442798.8511903178,1030.5327130021565,434642.2963351621,738.2206426075958,False,443300.46123448526,877.40618381631,False,449869.5112426968,1134.2481423568277,False,452243.8018158038,1572.602330616995,False,449827.0539226058,2140.550107199053,False,2.069047155093243,34.10558575088609,435515.5155584393,679.8170701210958,0.0,0.0021365563494918,False,751546.5,1487.5047607421875,False,762683.2954101562,1922.9400735247025,False,762611.3156738281,3628.967442668944,False,False,3.507745386537663,57.82067884646349,False,False
2MASS J10014264+0154262,150.42769767501,1.9073150891300004,2025052300189,-1,i,20250523,i_39,0.1561725920574864,150.4277195723181,1.907277632833976,745297385235678040,0,3317.521505144699,1325.287916346561,0.0038606524,0.0041801967,150.4277195723181,1.907277632833976,2.3137692e-07,2.1557283e-07,445727.89872148354,1033.6389449045032,436796.813307432,741.1722060634372,False,445073.9903605167,879.3036177203469,False,449961.9133039893,1138.1233560504354,False,450143.68871915486,1573.340357928406,False,448602.384202486,2140.132997306961,False,5.714577186198508,32.817746215350034,436245.4973744222,693.594127707344,0.0,0.0007285942014029,False,752084.75,1485.8447265625,False,760344.3481445312,1923.1975766793469,False,758047.0197753906,3616.390589219979,False,False,9.6564761085151,55.45533325356174,False,False
2MASS J10014264+0154262,150.42769767501,1.9073150891300004,2025052300190,-1,i,20250523,i_39,0.1663181936873427,150.4277188314088,1.9072740124184095,745297385369897447,0,125.07350031026569,3871.818286827792,0.003963244,0.004282728,150.4277188314088,1.9072740124184095,2.3658235e-07,2.2174396e-07,445842.807806756,1029.6976176898615,437498.3443449421,740.0040035055162,False,446071.7867388764,878.0104336591235,False,450619.14759887534,1133.796326694668,False,454389.20947639947,1569.3991101911154,False,455821.7095286322,2134.694140507826,False,5.670617309646847,33.897036477683635,451773.805756745,710.4455767950883,0.0,0.0004051541271934,False,756482.6875,1488.997314453125,False,764194.4501953125,1922.7786149983367,False,773017.3530273438,3620.1777570550016,False,False,9.616666979875156,57.4851896381745,False,False
2MASS J10014264+0154262,150.42769767501,1.9073150891300004,2025052300191,-1,i,20250523,i_39,0.1666695063991763,150.42771917820076,1.9072740824833188,745297385502542209,0,1453.3840808478951,3610.885154825612,0.0036589424,0.0037977882,150.42771917820076,1.9072740824833188,2.1023457e-07,2.0421912e-07,443912.0002516942,1038.1181358015815,438073.97429744055,746.108699725143,False,444331.42942224623,884.2869467723285,False,448433.3014946996,1143.8623894682698,False,452044.0550853433,1581.60614573446,False,450871.8122680577,2151.419742705459,False,8.220378766414884,33.50277357674801,437504.5925638587,701.2097514011919,0.0,0.0003645568067798,False,750811.0,1494.227783203125,False,757742.1564941406,1932.8465366849484,False,761862.6408691406,3635.371034951945,False,False,13.890421413619038,56.61145997400913,False,False
2MASS J10014264+0154262,150.42769767501,1.9073150891300004,2025052300192,-1,i,20250523,i_39,0.1645130974955624,150.42771919132113,1.9072747669781152,745297385634661415,0,2455.195301369949,1658.0139879287606,0.004076563,0.0038985237,150.42771919132113,1.9072747669781152,2.1811188e-07,2.2512991e-07,443406.4853440159,1034.4601395366683,437462.8526173628,742.8690612766806,False,444497.5628369534,881.5366636800107,False,450155.2973327014,1138.437619169922,False,454350.2511502016,1579.7226959443472,False,453323.31753121706,2148.44702320281,False,7.995799824163603,34.30004083715801,437157.9379790771,685.7042780027093,0.0,0.0017423646166224,False,753753.75,1494.85986328125,False,763347.8151855469,1930.4979291982345,False,768719.9641113281,3643.214577105497,False,False,13.55882372728189,58.16406335538097,False,False
2MASS J10014264+0154262,150.42769767501,1.9073150891300004,2025052300193,-1,i,20250523,i_39,0.1609836345846997,150.42771831080805,1.9072754116033956,745297385768879290,0,547.8169696952292,1878.527609553407,0.005274275,0.0036570572,150.42771831080805,1.9072754116033956,2.2256039e-07,2.7866537e-07,444670.88597720064,1031.043517043341,437415.95174281887,740.2145160107268,False,444635.1993581973,877.900083952018,False,449290.6636692028,1136.3921699128557,False,451444.72847258736,1570.0439758110024,False,451211.8639010644,2137.8545571277355,False,3.898036073067461,32.71774914470326,440196.2619342797,685.2056029523195,0.0,0.0014498686881497,False,755666.0625,1492.008056640625,False,763578.1135253906,1931.3203222178647,False,766843.2302246094,3633.324886815697,False,False,6.624787185246819,55.60444316088276,False,False
2MASS J10014264+0154262,150.42769767501,1.9073150891300004,2025052300194,-1,i,20250523,i_39,0.1604635386973617,150.42771882288287,1.907275845869395,745297385906766125,0,2707.513026655741,468.9565870133573,0.0039708926,0.003775835,150.42771882288287,1.907275845869395,2.1239288e-07,2.1826892e-07,442101.9844209726,1032.937027524748,435436.6020303775,740.9412149934861,False,441854.1829248139,878.9911355943113,False,446596.0112454383,1137.5006264457334,False,447066.0875251676,1570.896804884051,False,447442.76739469095,2140.8878431359108,False,5.090641118508989,33.97186145236275,437871.7918806855,691.1809964331646,0.0,0.0006468867356034,False,747954.0,1487.9228515625,False,755980.787109375,1925.5179116350344,False,757414.1437988281,3624.013730559959,False,False,8.617244182117814,57.50627841190813,False,False
2MASS J10014264+0154262,150.42769767501,1.9073150891300004,2025052300195,-1,i,20250523,i_39,0.1619917660079365,150.4277188246012,1.9072753652777583,745297386037314080,0,3890.2257672877854,889.7962052844414,0.0038860596,0.0041718646,150.4277188246012,1.9072753652777583,2.2759365e-07,2.2038827e-07,444054.2545228168,1033.6496540661776,436544.2475802751,742.508797551653,False,444315.7290197794,880.6508965731878,False,448884.4028263236,1138.77938554525,False,450949.5669557256,1575.1512710050524,False,451144.2110355626,2140.83521675113,False,5.125075578416559,33.13648284496823,444333.9836244056,701.5721213052808,0.0,0.0005352559509747,False,754860.4375,1496.1624755859375,False,762622.2854003906,1934.704195786868,False,766461.5368652344,3637.124915422981,False,False,8.707134455669625,56.2964988719777,False,False
2MASS J10014264+0154262,150.42769767501,1.9073150891300004,2025052300196,-1,i,20250523,i_39,0.1709109162151269,150.42772011067038,1.9072732430009844,745297386171531846,0,3242.6095206832947,961.9918593923512,0.0045651807,0.003891351,150.42772011067038,1.9072732430009844,2.2895182e-07,2.422844e-07,444485.33097842,1034.4452843130252,436312.8857864615,741.5476886547517,False,444211.02711464575,880.3272493367145,False,448359.21719205054,1139.2929888072822,False,450625.7961333448,1573.848156196758,False,449244.3550050355,2142.470732160956,False,4.641984987721364,33.07782127904741,439837.55040641176,687.5532720797315,0.0,6.187432045923202e-05,False,753853.0625,1493.96875,False,760892.7927246094,1933.449320868584,False,762394.9252929688,3635.902812334536,False,False,7.877730145068251,56.1350694826446,False,False
2MASS J10014264+0154262,150.42769767501,1.9073150891300004,2025052300197,-1,i,20250523,i_39,0.1708363562531215,150.4277203302408,1.9072733849005412,745297386305750567,0,3891.879499047997,2636.936192833969,0.0041712993,0.003511429,150.4277203302408,1.9072733849005412,2.09542e-07,2.1886589e-07,443516.9490079695,1035.139244517625,437102.499113024,744.133848108534,False,443169.5296071039,882.9642774057655,False,446110.0625243648,1140.1093729026968,False,447863.66253788193,1581.997887679109,False,445908.3238537422,2152.905429004245,False,4.122652846246353,32.549798363209895,441433.1748183032,688.8522367069638,0.0,2.391954902125626e-05,False,753843.6875,1501.94677734375,False,758845.6157226562,1939.3577319818169,False,758502.4526367188,3662.151973485576,False,False,7.012747078193762,55.36811171846026,False,False
2MASS J10014264+0154262,150.42769767501,1.9073150891300004,2025052300198,-1,i,20250523,i_39,0.162950379125657,150.42771626754345,1.9072738152909492,745297386443638117,0,201.26123457673904,2205.532061047602,0.0047118585,0.003597309,150.42771626754345,1.9072738152909492,2.2832074e-07,2.3755176e-07,446003.8763101701,1045.6031748256469,439396.9076304722,748.9232767035766,False,445980.0275128857,889.9167150700049,False,450247.3214537665,1154.622507347481,False,451535.341010526,1599.367572915514,False,451364.3301672351,2177.2973032477826,False,3.596270212150112,33.45853853204361,444205.68770128384,692.0821081515552,0.0,0.0006747981868006,False,754652.3125,1505.8470458984375,False,761873.0915527344,1953.7613603316552,False,763763.2058105469,3684.251185101509,False,False,6.0853254956479725,56.61590635994912,False,False
2MASS J10014264+0154262,150.42769767501,1.9073150891300004,2025052300200,-1,i,20250523,i_39,0.1634706924871508,150.42771980819057,1.9072754331194648,745297386706829413,0,3088.2275714729835,170.66899118151838,0.0043979757,0.0036122643,150.42771980819057,1.9072754331194648,2.2475676e-07,2.2255509e-07,445278.8204847416,1050.370906172909,437066.0255450591,751.5016879193532,False,444526.3131394492,893.6122793253984,False,448587.5686350814,1159.202125943002,False,452205.6943467564,1605.787543627761,False,449054.51388329983,2186.93529521265,False,6.1903507417339,33.40223956830875,441115.5520100012,695.2772089656645,0.0,0.0004089937331485,False,754574.4375,1516.8887939453125,False,761468.3366699219,1967.7221938892235,False,762260.966796875,3712.278489386764,False,False,10.507995344262634,56.69962697031639,False,False
2MASS J10014264+0154262,150.42769767501,1.9073150891300004,2025052300201,-1,i,20250523,i_39,0.1682978754736279,150.42771940352273,1.9072736898299865,745297386839476159,0,2030.9890280652603,3397.6629830505667,0.005194679,0.0033904642,150.42771940352273,1.9072736898299865,2.5112237e-07,2.3618824e-07,447278.35832453135,1053.0543264123403,439581.0783466516,753.8773341703608,False,446897.7982691688,896.5986145412903,False,450798.83325984166,1162.2051291228647,False,452841.41864062793,1611.4123249620702,False,450860.3372025947,2192.714652372259,False,4.291902673207652,33.937782294450464,438002.7465460943,694.164848712755,0.0,0.0007346189733231,False,755211.0625,1515.158935546875,False,761803.408203125,1964.0064771121995,False,761907.3435058594,3705.4609997876464,False,False,7.252871664468337,57.3513423533325,False,False
2MASS J10014264+0154262,150.42769767501,1.9073150891300004,2025052400146,-1,i,20250524,i_39,0.1630868038066852,150.4277184998383,1.9072748514841185,745301777510827640,0,2851.4432048491467,2721.2343204625777,0.0037641274,0.0040876726,150.4277184998383,1.9072748514841185,2.2518398e-07,2.1124345e-07,445393.8003106962,1092.3161844925182,439677.96231187065,770.547523717541,False,445335.47183744,923.9171101451616,False,449734.88663559855,1210.5523714276112,False,451537.5746998832,1686.5600821093944,False,450010.1398449683,2306.3024410437806,False,5.606228209134064,35.79997853505273,439766.7565939941,678.9436466264345,0.0,2.287685625768088e-05,False,774042.125,1605.8697509765625,False,781688.7927246094,2104.073421633154,False,782167.2131347656,4008.607791767942,False,False,9.744242420952038,62.2243077693613,False,False
2MASS J10014264+0154262,150.42769767501,1.9073150891300004,2025052400147,-1,i,20250524,i_39,0.1697620473908145,150.4277193672057,1.9072732122874616,745301777645045145,0,2404.1828461027294,2226.676851583328,0.0035081194,0.0040408988,150.4277193672057,1.9072732122874616,2.2224721e-07,1.9752777e-07,445117.5698396315,1085.984457564184,438688.1719360348,767.0392428474797,False,444486.764328093,919.5664572235062,False,447770.2544646185,1202.771027693849,False,448350.8290867049,1677.0984642395786,False,446162.7332112266,2291.32475299776,False,3.2861363894797093,34.58968648226181,437400.1032323224,671.7019838646187,0.0,4.122595674838081e-07,False,773503.6875,1600.2457275390625,False,779217.6748046875,2093.0833037193224,False,776420.2380371094,3987.403648302011,False,False,5.7185923606361,60.19358098084856,False,False
2MASS J10014264+0154262,150.42769767501,1.9073150891300004,2025052400148,-1,i,20250524,i_39,0.1647933226678986,150.42772107779226,1.907275740030985,745301777779787376,0,955.4910822161532,2347.4118536616465,0.0033601625,0.004383746,150.42772107779226,1.907275740030985,2.408624e-07,1.9020574e-07,445788.42548429786,1085.7046224181645,438159.0260771472,767.0794485324967,False,444925.9579233808,920.1892136474746,False,448526.2587935517,1204.0867817745163,False,449026.32277251023,1682.2974528031264,False,449640.3625699222,2294.934502675222,False,3.3265681626304664,36.42566068883117,438259.1814586726,679.6057291673418,0.0,8.977615636684977e-05,False,772303.9375,1597.2674560546875,False,778553.3515625,2090.057786235751,False,780487.2165527344,3983.554839086047,False,False,5.774267930674589,63.227781330905714,False,False
2MASS J10014264+0154262,150.42769767501,1.9073150891300004,2025052400149,-1,i,20250524,i_39,0.1687595820396651,150.4277197572416,1.9072737317804267,745301777933927422,0,3478.2089255215164,1812.9360708500708,0.0033178183,0.0044080885,150.4277197572416,1.9072737317804267,2.431845e-07,1.8657138e-07,446224.1728657853,1084.724143279734,439348.126373574,767.0317553106054,False,446085.8810076305,919.140584325321,False,449594.48240455193,1200.3615473479083,False,449476.72436395095,1673.2069042088403,False,449563.3849947618,2285.13872591111,False,3.581985986017888,34.974080319659514,433358.12007058825,671.298166934555,0.0,0.0005926999475023,False,776408.375,1599.7557373046875,False,782515.0634765625,2089.218238164622,False,782460.9387207031,3977.262945033374,False,False,6.234413679255968,60.872065277586856,False,False
2MASS J10014264+0154262,150.42769767501,1.9073150891300004,2025052400150,-1,i,20250524,i_39,0.1660027845789604,150.42771933848255,1.907274376481862,745301778047697898,0,2644.678467064782,1463.7247142005278,0.0029592053,0.003606492,150.42771933848255,1.907274376481862,1.9981758e-07,1.6512266e-07,443903.68078311376,1082.7012212042205,439254.8010954525,767.1574869152852,False,444944.9508520137,918.0566951020052,False,449508.9769798776,1199.8181265045905,False,451840.5610842772,1671.4196351835596,False,452453.3028254497,2282.36496021302,False,10.127553702787,36.672194139976575,439004.5557088211,683.8097704466176,0.0,1.8686263354439347e-06,False,773169.25,1595.283203125,False,781100.0393066406,2084.8927024109435,False,786216.3176269531,3966.006134320861,False,False,17.598386240195516,63.72431642333753,False,False
2MASS J10014264+0154262,150.42769767501,1.9073150891300004,2025052400151,-1,i,20250524,i_39,0.1676365977417687,150.42771898960044,1.9072736819094709,745301778202362336,0,760.1607377137127,702.8780168907685,0.0035788126,0.0037693365,150.42771898960044,1.9072736819094709,2.093587e-07,1.9891287e-07,445221.4874394215,1089.8262248826422,438882.22538881976,771.2380762592254,False,445489.5940405231,924.0776861982852,False,449257.59120222105,1206.7409838549424,False,451006.3407163989,1682.5224304733997,False,447692.3877026178,2297.3867989978785,False,6.945658157889126,34.89790873785229,442949.6999854301,692.583607219986,0.0,3.137270798136971e-05,False,773760.6875,1605.0093994140625,False,780305.2355957031,2095.9608165776635,False,777586.6694335938,3990.278589726889,False,False,12.063754806581212,60.61337956831514,False,False
2MASS J10014264+0154262,150.42769767501,1.9073150891300004,2025052400152,-1,i,20250524,i_39,0.1667085444753588,150.42771945480874,1.9072742162769751,745301778332910555,0,3406.4981802225197,1751.344861236253,0.003782494,0.0041757044,150.42771945480874,1.9072742162769751,2.3194109e-07,2.1016264e-07,445648.94983478176,1085.4365756415473,437668.4639701451,765.9992497726249,False,445180.8094122776,917.6822806415832,False,449189.19895286433,1199.893383974343,False,449927.3802195544,1671.5749023600297,False,448184.1176549953,2281.87820818247,False,4.98803915992873,35.52414700994653,441453.875991725,693.6599133920276,0.0,0.00028069543249,False,774734.25,1597.0137939453125,False,781709.9250488281,2088.1369575219774,False,779960.8134765625,3971.081333315971,False,False,8.680528665734169,61.82156285437054,False,False
2MASS J10014264+0154262,150.42769767501,1.9073150891300004,2025052400153,-1,i,20250524,i_39,0.1728711671884412,150.42771858443285,1.9072718551327632,745301778450878008,745301778450875744,14.400829533520367,1847.3903233527096,0.008423906,0.007915356,150.42771858443285,1.9072718551327632,4.398207e-07,4.6810732e-07,,,442554.0318841959,776.0844515733855,True,447789.57412214304,928.3746682991268,True,,,True,,,True,,,True,6.890823823665095,35.78773464678204,443347.88483301614,685.338377112626,,,True,775933.1875,1608.6947021484375,True,,,True,,,True,True,11.940472049800224,62.01325940274637,True,False
2MASS J10014264+0154262,150.42769767501,1.9073150891300004,2025052400154,-1,i,20250524,i_39,0.1662034195345094,150.42771895514872,1.907274112232398,745301778584570366,0,1691.547508206394,3610.925645659385,0.0032013822,0.0035794626,150.42771895514872,1.907274112232398,1.9874373e-07,1.7801807e-07,442091.2833611295,1068.00895859941,437843.57782331714,758.8627343309121,False,442714.0077543028,906.4238232288112,False,446613.6375444823,1182.4371460786112,False,448148.8695940529,1642.892192306763,False,447675.0303872855,2243.2419339997946,False,8.595345249112068,36.29645545269967,438011.5980884454,677.5462320674036,0.0,9.575300282671506e-07,False,770488.4375,1577.5174560546875,False,777275.2561035156,2057.884171647184,False,779122.4777832031,3904.082415258028,False,False,14.95912488596209,63.1694474507332,False,False
2MASS J10014264+0154262,150.42769767501,1.9073150891300004,2025052400155,-1,i,20250524,i_39,0.1659593167723609,150.42771902906566,1.9072742271437044,745301778718788170,0,1142.0770971538284,3960.3754498008816,0.0035783947,0.0036819892,150.42771902906566,1.9072742271437044,2.0446498e-07,1.989322e-07,445789.115779636,1060.3791136478396,438447.3712306329,754.7228398126042,False,445583.6509179093,900.4150166371176,False,449792.151555956,1171.5015057751452,False,450662.6217162654,1627.1769712255198,False,446468.841420659,2219.1019514484724,False,7.162597099010532,33.87632451185645,445114.7632956,693.7154892649169,0.0,7.262871699609263e-06,False,772888.125,1561.81689453125,False,780187.9892578125,2032.0305746586728,False,774423.5341796875,3849.148286535384,False,False,12.423898925781224,58.76025495981212,False,False
2MASS J10014264+0154262,150.42769767501,1.9073150891300004,2025052400156,-1,i,20250524,i_39,0.1676949453743766,150.4277203081541,1.907274368320065,745301778873451074,0,2474.344089157771,905.8696849502868,0.0042785495,0.003969181,150.4277203081541,1.907274368320065,2.2113612e-07,2.3716503e-07,443655.60151588224,1073.638141149134,435206.1100226303,758.5263888006892,False,443057.4482506364,907.6647739005164,False,448495.7012675098,1184.3457410758658,False,447544.01140218135,1647.4065840106518,False,446164.7743399605,2248.519520310232,False,3.9862759467983295,33.41792134394302,434611.4204445294,685.9827487355105,0.0,0.0002491129195861,False,767268.6875,1571.8565673828125,False,776686.4306640625,2051.0012999204537,False,772649.8271684647,3893.893733145436,False,False,6.903268923226778,57.87178333144875,False,False
2MASS J10014264+0154262,150.42769767501,1.9073150891300004,2025052400157,-1,i,20250524,i_39,0.1680785117685281,150.42771859346038,1.9072733432691928,745301779007668382,0,2778.666143078682,265.6533906500374,0.004205652,0.004013467,150.42771859346038,1.9072733432691928,2.2360314e-07,2.3310801e-07,444868.9922326303,1076.279115157193,436358.0344578797,760.52044864183,False,445052.5678547978,910.9582548523688,False,450796.323834814,1190.0139361209606,False,452306.7546090167,1656.5488206434595,False,452007.1860602002,2261.743154160243,False,5.703217237429306,36.09507417369268,442003.2176128866,695.124948337716,0.0,0.0001428566400364,False,768863.8125,1573.7530517578125,False,778786.6091308594,2055.844001225056,False,780878.4702148438,3907.341716475108,False,False,9.852762719293548,62.35711991377619,False,False
2MASS J10014264+0154262,150.42769767501,1.9073150891300004,2025052400159,-1,i,20250524,i_39,0.1651683217187326,150.42771999422288,1.907274996897036,745301779250415632,0,2977.710186032496,3777.049045462376,0.004186293,0.004419924,150.42771999422288,1.907274996897036,2.441784e-07,2.3406653e-07,446407.21485902753,1094.0865402187237,437272.42861866567,769.0396540246173,False,446137.0807714026,922.3902112895724,False,451940.3226091094,1206.031594103022,False,455679.0359659324,1678.698466355169,False,455106.7403182323,2292.2209034203106,False,6.045346238159221,36.47581367424195,440796.7693004856,702.137226311089,0.0,0.0002516752587846,False,769582.0625,1591.114013671875,False,779592.5974121094,2080.3926004651894,False,785054.63671875,3954.058442104039,False,False,10.428162614156342,62.92041869788507,False,False
2MASS J10014264+0154262,150.42769767501,1.9073150891300004,2025052400160,-1,i,20250524,i_39,0.1657921520283395,150.42772021136608,1.9072749196309715,745301779384633246,0,1585.5527377472158,3361.426192165444,0.004492101,0.004284296,150.42772021136608,1.9072749196309715,2.3973996e-07,2.4794048e-07,445000.2186554874,1091.9175080261996,435770.46854143066,769.1405684449404,False,444840.9698112958,922.8659973079328,False,450696.0706251574,1207.6885230963617,False,453653.2816120427,1685.1621044476597,False,452804.6994276313,2297.88803577227,False,5.819825938844629,35.8492226144207,437348.9903935538,699.2022964103276,0.0,0.0002716230387064,False,767001.75,1591.219970703125,False,777097.2062988281,2082.315419514454,False,780732.9370236397,3962.054451704505,False,False,10.034634808216522,61.81178971231987,False,False
2MASS J10014264+0154262,150.42769767501,1.9073150891300004,2025052400161,-1,i,20250524,i_39,0.1683106126360301,150.4277200312869,1.907274021032074,745301779518851142,0,2330.351461617322,3756.6441013179783,0.0041871215,0.0044482644,150.4277200312869,1.907274021032074,2.445361e-07,2.3540748e-07,446119.5321793039,1098.891304552941,436136.9920685889,772.3283648056604,False,445814.6906473041,927.3673298982424,False,451742.2090338537,1214.458846811469,False,453343.313708492,1692.467825705517,False,453870.35911212367,2311.486862336929,False,5.497672536530697,37.56033201802216,443733.1405615023,707.8957823913051,0.0,0.0001979992021198,False,767710.3125,1596.9627685546875,False,777917.7307128906,2091.3455755580544,False,781582.48828125,3980.47067234988,False,False,9.467206867755944,64.6803589834415,False,False
2MASS J10014264+0154262,150.42769767501,1.9073150891300004,2025052400162,-1,i,20250524,i_39,0.164686973642649,150.42771814195538,1.907274170923879,745301779658309839,0,2694.3763185415546,388.3392841033581,0.003522573,0.0037831427,150.42771814195538,1.907274170923879,2.0698762e-07,1.991474e-07,445882.2762291884,1068.9362886925412,436874.1730988078,757.0330418404731,False,444358.4131067766,905.061682441102,False,447544.48730006255,1180.5175855649547,False,448703.1562712242,1642.8491407220677,False,444899.020265989,2241.6480864182377,False,6.588527505216108,35.760734704814865,444899.058095669,696.7681389753088,0.0,0.0007824856525106,False,770703.9375,1569.7567138671875,False,776229.9270019531,2047.512828938556,False,771641.5771484375,3887.958359138197,False,False,11.42727118655215,62.02411889132161,False,False
2MASS J10014264+0154262,150.42769767501,1.9073150891300004,2025052400163,-1,i,20250524,i_39,0.1666647636805608,150.42771923053348,1.907274111426251,745301779788858275,0,112.43531414984032,1443.7345128165298,0.00400813,0.003975668,150.42771923053348,1.907274111426251,2.2134775e-07,2.2219842e-07,449161.9391818112,1076.2518136836804,440636.383937002,761.8310861441048,False,449237.38273265486,911.5861273871792,False,454354.2987067592,1190.7413770250978,False,456550.8805998023,1654.9509676781931,False,458033.9768920438,2258.811909579546,False,6.372102242492268,35.37947166349775,447574.9521853855,699.414129400509,0.0,0.0001912288636534,False,778197.0625,1579.1064453125,False,787060.9040527344,2062.6766102178603,False,793435.0725097656,3912.855119229695,False,False,11.038153630255971,61.28653130748159,False,False
2MASS J10014264+0154262,150.42769767501,1.9073150891300004,2025052400164,-1,i,20250524,i_39,0.1664622047660589,150.42771927370035,1.9072741977517804,745301779923076682,0,976.476372369926,2534.699670449047,0.0038403408,0.0038489208,150.42771927370035,1.9072741977517804,2.1365773e-07,2.1353462e-07,445057.53203759127,1075.3202906460097,437304.0313054321,760.3342799167444,False,444936.5634735715,909.891413208182,False,449320.2231078664,1188.8929417769718,False,453769.75936663954,1654.3200631016332,False,457229.03205267474,2258.0040538919,False,7.711744721179922,35.922819422821455,437907.5412969884,687.3674147873564,0.0,0.0005791698962784,False,774034.0625,1582.8929443359375,False,781660.09765625,2068.258060018631,False,795418.66015625,3928.137614339332,False,False,13.415739648136118,62.49314652234014,False,False
2MASS J10014264+0154262,150.42769767501,1.9073150891300004,2025052400165,-1,i,20250524,i_39,0.1646329115968395,150.4277190043032,1.9072746302264016,745301780055720198,0,3302.603084917862,469.6963729399518,0.0042955824,0.0040548025,150.4277190043032,1.9072746302264016,2.3030712e-07,2.3385725e-07,446038.0004809356,1082.333318948029,437898.0022739831,764.3952341124246,False,445931.9937927647,915.3859997290068,False,450665.2083648428,1195.6559835162054,False,452740.56138077,1664.8159301337328,False,447639.2920428887,2272.595405128441,False,5.294320557657042,36.14493401246415,439126.604745501,691.4314359459036,0.0,0.0008066347729464,False,770262.4375,1581.1546630859375,False,778438.1625976562,2065.2675858522243,False,773211.4694824219,3925.474961590287,False,False,9.144928631298038,62.43347721907506,False,False
2MASS J10014264+0154262,150.42769767501,1.9073150891300004,2025052400166,-1,i,20250524,i_39,0.1670432603935736,150.42771895387114,1.9072738489108043,745301780193609442,0,2139.8325201264643,3189.121169166727,0.0048640454,0.0042420854,150.42771895387114,1.9072738489108043,2.508948e-07,2.5623942e-07,445171.1601864605,1084.059581981215,435975.70039039606,764.4638496489255,False,445413.95241797547,916.4294541893236,False,452047.6887199589,1196.5396707586417,False,455627.5050123318,1667.4804532192018,False,454711.7669179289,2275.6453035643653,False,4.812617501329338,36.18091353004895,440263.2841970588,695.3099068222247,0.0,5.461721591548674e-05,False,766629.0625,1577.322509765625,False,778046.7897949219,2059.4372517027978,False,782632.0969238281,3916.751633359189,False,False,8.283288889327364,62.27317233634013,False,False
2MASS J10014264+0154262,150.42769767501,1.9073150891300004,2025052400167,-1,i,20250524,i_39,0.165605826162822,150.42771937175976,1.9072745191731248,745301780324156645,0,3438.8810881543027,2257.430489877317,0.004900231,0.004090998,150.42771937175976,1.9072745191731248,2.496389e-07,2.5197303e-07,445319.8172369651,1102.4107552660405,436758.9892644991,773.2663093813621,False,445895.5556149762,928.5264040366671,False,453092.286365337,1215.5728831570875,False,454975.4071704858,1693.6273229977344,False,454398.0797475701,2314.9257511710007,False,4.703616832971877,36.71179883130842,441800.9810257383,703.3303243345941,0.0,0.000155852633021,False,768409.625,1600.125,False,780811.7158203125,2094.7907902303714,False,783061.9831542969,3989.300198130091,False,False,8.105719828902044,63.26526294736109,False,False
2MASS J10014264+0154262,150.42769767501,1.9073150891300004,2025052400168,-1,i,20250524,i_39,0.1710774344028588,150.42772083674384,1.907273587055242,745301780456802777,745301780456801904,3775.357764351688,3509.791493456927,0.0052925576,0.005242046,150.42772083674384,1.907273587055242,2.9271777e-07,2.9260198e-07,444068.4569323257,1091.7401032573955,431447.943259337,764.6826491420026,False,443109.8323132224,919.024633323111,False,449105.2398402827,1202.4097987922717,False,451095.85433547193,1674.9569632805371,False,450635.8938947722,2288.8090399065363,False,1.7272878851762563,36.60448917680984,444167.76483737904,714.1372263261453,0.0,2.2474116589954465e-07,False,759170.5,1574.5450439453125,False,769442.3021540195,2060.0627239270343,False,772064.738667801,3921.367066398349,False,False,2.959325006596275,62.713680275458174,False,False
2MASS J10014264+0154262,150.42769767501,1.9073150891300004,2025052400169,-1,i,20250524,i_39,0.1656375132569434,150.42771935911028,1.9072745024397504,745301780596262559,0,133.45842059822107,2945.2656081392674,0.004334969,0.004394847,150.42771935911028,1.9072745024397504,2.422634e-07,2.4282554e-07,444341.2744461764,1066.7371229233647,435006.1677511821,754.1524486582268,False,444078.7594937631,902.24455714974,False,449908.6088378478,1177.6570459065158,False,451821.0813190914,1637.1960364105353,False,451901.1261352816,2233.82040384997,False,4.010517970477459,34.83697755062072,443235.4338975115,694.106082502775,0.0,1.0582313750839845e-05,False,767294.625,1558.9293212890625,False,777367.6401367188,2034.7965357486069,False,780810.3803710938,3859.6720794377097,False,False,6.929511525660983,60.1925335413669,False,False
2MASS J10014264+0154262,150.42769767501,1.9073150891300004,2025052400170,-1,i,20250524,i_39,0.166708255268751,150.42771947166017,1.907274225342094,745301780725237873,0,2995.280950872594,3817.448550255976,0.0042893365,0.0038001884,150.42771947166017,1.907274225342094,2.2857635e-07,2.2165786e-07,445430.4869546285,1068.8419458511985,436564.6163099865,757.2345196183787,False,445212.6401404305,905.5855818691584,False,450402.8155181614,1181.847541502326,False,452308.8872925586,1641.7161909746508,False,452101.8291201017,2240.043123543061,False,5.30346039120288,36.46917256048617,437689.7822808516,684.1796651272082,0.0,1.4861577332880849e-05,False,770815.375,1567.87841796875,False,779801.3439941406,2046.18237166087,False,782742.9177246094,3878.280903582133,False,False,9.182104104127069,63.14061279635724,False,False
2MASS J10014264+0154262,150.42769767501,1.9073150891300004,2025052400171,-1,i,20250524,i_39,0.1671620831662084,150.42772041640328,1.90727459826566,745301780864697883,0,245.34674515498276,2713.697315924177,0.004578111,0.00405712,150.42772041640328,1.90727459826566,2.455344e-07,2.3503614e-07,446318.9420288834,1080.9067675895608,437920.9651496039,763.0170299647914,False,446392.6908198237,914.0066599011908,False,451021.4423323081,1193.1780369112614,False,455235.81934505695,1662.139239460569,False,450943.2537678054,2268.874515489479,False,5.734769911831751,36.12425190035253,442958.8288469066,696.8676455790469,0.0,0.0003902239533259,False,771000.125,1578.6531982421875,False,778994.8078613281,2060.832165321341,False,778859.7622070312,3918.752638711482,False,False,9.90497472247627,62.393052806379934,False,False
2MASS J10014264+0154262,150.42769767501,1.9073150891300004,2025052400172,-1,i,20250524,i_39,0.1661910836238882,150.42771912414804,1.9072742042118835,745301780995244178,0,1260.5425333079677,240.57507287079497,0.0044839075,0.003939628,150.42771912414804,1.9072742042118835,2.4127678e-07,2.2747003e-07,446510.1433835107,1078.940229704682,439423.37483806687,764.7998453604424,False,447044.7349882283,915.353590678266,False,451657.9773377889,1194.7702544946144,False,454825.6814426274,1666.5014194731698,False,454035.3929587735,2270.574735679927,False,4.975285221525289,35.66983411489386,441616.4392847464,690.3776930957445,0.0,0.0002002238791529,False,775369.8125,1587.620849609375,False,783371.1791992188,2072.2507518905472,False,787494.6508789062,3938.163161943381,False,False,8.62930634771857,61.866990985364446,False,False
2MASS J10014264+0154262,150.42769767501,1.9073150891300004,2025052400173,-1,z,20250524,z_20,0.1677539289870471,150.42772103028133,1.907274758764785,745301781134706096,0,1110.1183730411587,3180.989162469996,0.0056334767,0.0061268467,150.42772103028133,1.907274758764785,3.3940833e-07,3.140873e-07,662984.6845012918,1883.901036202603,640659.194643309,1263.3981680615432,False,662140.6947599639,1560.4936982995896,False,673205.2488713685,2086.600264044352,False,677922.247286438,2963.659786038016,False,678113.4308364167,4082.012636379436,False,3.300609234211996,63.98044406352722,654361.2525850121,1083.319118753756,0.0,0.0004943923875687,False,790999.4375,1864.1802978515625,False,804217.2568359375,2492.672098555678,False,810080.6166992188,4876.410292852549,False,False,3.94293851492611,76.43163404055176,False,False
2MASS J10014264+0154262,150.42769767501,1.9073150891300004,2025052400174,-1,z,20250524,z_20,0.1698931169177999,150.4277199624802,1.9072734843943095,745301781268923258,0,1962.655494425681,1962.212537097413,0.0056424504,0.005408775,150.4277199624802,1.9072734843943095,3.0075933e-07,3.132325e-07,660648.5417522077,1861.7162457831157,641424.7092150874,1249.063091735226,False,660614.6111640765,1539.91551408409,False,674105.2664233864,2063.7868611821177,False,680020.4460943476,2921.5230934882693,False,675807.6364322696,4022.381722913431,False,3.7057183525641215,63.18211497847589,653372.6733843957,1071.70017572634,0.0,5.312713918126377e-06,False,792421.0,1847.1607666015625,False,808603.322265625,2475.5553702378143,False,810645.3505859375,4824.930743866224,False,False,4.445086428655874,75.78826427277397,False,False
2MASS J10014264+0154262,150.42769767501,1.9073150891300004,2025052400175,-1,z,20250524,z_20,0.1700325950255864,150.4277207255726,1.907273857423804,745301781403140733,0,1626.9350197613776,1380.0932609709296,0.0055530295,0.006270316,150.4277207255726,1.907273857423804,3.4807374e-07,3.0888148e-07,661887.7414923487,1845.80994340399,642230.4265332777,1242.0553996713206,False,662852.6844872759,1529.0629422311924,False,678700.2040272293,2040.380400197717,False,685236.356585402,2893.268509467651,False,684458.858237775,3981.421846175697,False,4.0404039917681205,62.646715862679216,653261.0633291332,1077.9018799102994,0.0,0.0016111824673967,False,792714.5,1828.6270751953125,False,811666.7631835938,2440.118546104465,False,818553.6157226562,4761.436291868604,False,False,4.831973838364914,74.92005569855864,False,False
2MASS J10014264+0154262,150.42769767501,1.9073150891300004,2025052400176,-1,z,20250524,z_20,0.1702364948150314,150.42771935642156,1.9072730583788835,745301781537883053,0,108.18503004878282,2040.7141682122424,0.0055099665,0.0058381096,150.42771935642156,1.9072730583788835,3.2433414e-07,3.0617912e-07,661003.2465770078,1831.645321279892,640479.2951486299,1233.890419356697,False,661069.3697495869,1516.8849676526677,False,675416.2773886295,2028.2651010372908,False,679505.4444361551,2864.786232083924,False,673662.7224301554,3938.862313151772,False,1.2072514007991246,61.64850196288878,656483.4947522102,1077.6610014328646,0.0,1.2474717761223886e-05,False,788917.9375,1810.245361328125,False,806039.48828125,2420.524673257361,False,803946.8017578125,4700.6248880738085,False,False,1.4407297157380152,73.57111257015295,False,False
2MASS J10014264+0154262,150.42769767501,1.9073150891300004,2025052400177,-1,z,20250524,z_20,0.1693141896420497,150.42771985153377,1.9072736074570305,745301781692023337,0,1942.2851508410176,1098.019057345305,0.0049795336,0.0055732196,150.42771985153377,1.9072736074570305,3.0957983e-07,2.7664376e-07,662090.032549247,1796.893625633203,646623.0595153079,1218.3927209732126,False,662742.1956496736,1492.7781124975018,False,674661.9124775667,1989.298541541188,False,678039.0459686334,2807.6921017465856,False,676990.6979462538,3857.8156685971258,False,4.308478502084874,59.62510897623844,654638.727788258,1051.298827111949,0.0,0.0018848753035191,False,797895.25,1797.200439453125,False,812245.7553710938,2394.9763083542443,False,815049.4501953125,4644.540241370607,False,False,5.187106772597617,71.78446090374032,False,False
2MASS J10014264+0154262,150.42769767501,1.9073150891300004,2025052400178,-1,z,20250524,z_20,0.1611919873327188,150.42771965977096,1.9072760755972205,745301781805793616,0,2026.86395312464,667.0268227043005,0.0058946405,0.0058996193,150.42771965977096,1.9072760755972205,3.2778084e-07,3.275148e-07,659367.5213636614,1800.430796971384,638363.5303739808,1219.0420401481522,False,657985.3485498405,1496.4895052004176,False,668491.8198385162,1992.927858835584,False,671154.532973332,2819.5457238533986,False,667076.1836176565,3876.8454890711455,False,0.1224312174306855,60.743242737651954,649445.1873278565,1062.4628547253317,0.0,0.0003738049003917,False,788373.3125,1793.0374755859375,False,800961.771484375,2387.851250953394,False,799265.609375,4645.090543438124,False,False,0.1466924828219424,72.7802702516359,False,False
2MASS J10014264+0154262,150.42769767501,1.9073150891300004,2025052400179,-1,z,20250524,z_20,0.1754765926262802,150.4277206949133,1.9072721170501985,745301781936342542,0,3738.944123798881,3714.349611562409,0.0048145754,0.0059728413,150.4277206949133,1.9072721170501985,3.309647e-07,2.6850643e-07,660032.6836722847,1840.744753071356,642418.1654146662,1240.57866810135,False,658502.17970154,1525.0303680230238,False,668983.1167555035,2040.270704220719,False,673736.0764518753,2885.207258757762,False,671875.3367906853,3966.0617708294258,False,3.510589949426534,60.653960828020026,660593.0604529704,1077.6064373184688,0.0,0.0002199088023366,False,791678.875,1833.455322265625,False,804279.49609375,2452.898814313733,False,807756.6440429688,4768.165417969997,False,False,4.220578135379869,72.9207297299834,False,False
2MASS J10014264+0154262,150.42769767501,1.9073150891300004,2025052400180,-1,z,20250524,z_20,0.1695745373094643,150.4277192471121,1.907273208940116,745301782091006034,0,1955.2609102471613,187.3688059789479,0.005724902,0.0058006323,150.4277192471121,1.907273208940116,3.2207188e-07,3.1813983e-07,663399.6043718006,1844.8116888257168,643823.450242966,1242.326757286074,False,663582.4824776064,1526.8885600021138,False,677569.5046032199,2041.397001430622,False,684222.3637452999,2884.192666259585,False,686890.1423363785,3966.560163267705,False,5.800799677552063,61.37602861185686,653535.5073750943,1076.6903452521192,0.0,0.0003658452571837,False,792498.9375,1823.5224609375,False,809203.2666015625,2437.986229849052,False,820334.6567382812,4737.1574716419145,False,False,6.927741015624972,73.29976114085804,False,False
2MASS J10014264+0154262,150.42769767501,1.9073150891300004,2025052400181,-1,z,20250524,z_20,0.1637917708940407,150.42771982674796,1.9072753413495007,745301782208447060,0,3498.90566308287,1367.75109577261,0.0053755436,0.005781004,150.42771982674796,1.9072753413495007,3.2007915e-07,2.9985827e-07,662054.4420115591,1800.81828867493,639787.5639808296,1216.452765177493,False,661178.5802627596,1492.2177850784294,False,673319.1717874097,1988.5194588163936,False,681380.3011942045,2806.528142697586,False,678207.4449101163,3856.74216939876,False,2.790921799886545,59.71734803681341,658343.539753922,1079.2152695001648,0.0,5.213807558990258e-05,False,787136.8125,1776.49365234375,False,801590.2548828125,2367.3435817974,False,807409.771484375,4591.473209323299,False,False,3.322608074548348,71.09383816694402,False,False
2MASS J10014264+0154262,150.42769767501,1.9073150891300004,2025052400182,-1,z,20250524,z_20,0.169814382011537,150.4277204544081,1.907273776357872,745301782342665322,0,653.4252719113775,2595.560325053179,0.0061501316,0.0059384042,150.4277204544081,1.907273776357872,3.3081076e-07,3.4081395e-07,666215.8392180674,1795.1981146945209,639049.8104999987,1212.918473381293,False,664415.3154058862,1488.1082147910847,False,679635.5952304725,1985.1029022635728,False,684091.8052366249,2800.852572618993,False,686674.4343166541,3841.10566307172,False,3.2859903399360464,59.34212717069105,657204.781740759,1092.1305300153622,0.0,0.0008928341459397,False,786012.6875,1760.4530029296875,False,804018.4931640625,2348.404726671684,False,812345.5390625,4544.082165472198,False,False,3.8873729101418135,70.20257326685402,False,False
2MASS J10014264+0154262,150.42769767501,1.9073150891300004,2025052400183,-1,z,20250524,z_20,0.1661434220088686,150.42771954000688,1.9072744398775427,745301782476883048,0,48.84703917270813,2837.7834605080534,0.0067092353,0.006857049,150.42771954000688,1.9072744398775427,3.8006883e-07,3.7365396e-07,663794.7591038207,1834.49571163728,633882.5191488626,1226.3258715919717,False,664334.423333273,1509.5747040197234,False,686060.4240808105,2015.4152158679256,False,691934.7877792706,2845.3530787703626,False,693393.9810506488,3909.534533998367,False,2.2688075553133795,60.826301548591886,666308.2307491194,1135.1043077265415,0.0,6.0339915562757085e-05,False,779582.875,1771.455078125,False,805077.8930664062,2365.0485856531573,False,813683.6723632812,4587.758913099789,False,False,2.662399319785993,71.37842232974236,False,False
2MASS J10014264+0154262,150.42769767501,1.9073150891300004,2025052400184,-1,z,20250524,z_20,0.1646089062681781,150.4277186310767,1.9072744433728688,745301782631546883,0,1119.7331797540571,20.011901862487843,0.0056586103,0.004968732,150.4277186310767,1.9072744433728688,2.8179852e-07,3.0922016e-07,,,645889.1284176226,1234.2497368755553,False,663573.5635270172,1515.8339311690204,False,673398.8067097565,2021.1136887372047,False,,,True,,,True,6.09343891058045,60.28759345519428,648500.3924733738,1050.1201338661474,0.0,0.0003008269188685,False,793626.125,1812.91943359375,False,805376.9995117188,2417.228040929417,True,,,False,False,7.287680788282777,72.10324794301901,False,False
2MASS J10014264+0154262,150.42769767501,1.9073150891300004,2025052400185,-1,z,20250524,z_20,0.1640282001499414,150.4277193715716,1.9072750166572308,745301782745319032,0,1543.0112345948864,3702.837621010116,0.005439054,0.005257628,150.4277193715716,1.9072750166572308,2.9393604e-07,3.0040025e-07,660361.2232991947,1839.100111077866,641280.0436645957,1240.4040191487943,False,661103.8341052461,1526.7559059695986,False,672534.8807717528,2037.1101502639567,False,681176.7183550696,2887.98881323961,False,687273.1605159737,3974.036226812974,False,6.663536126751087,61.04713537248923,656814.4471602619,1072.569833356401,0.0,0.0001534199170734,False,793049.9375,1831.4727783203125,False,806762.4443359375,2443.685838751705,False,824442.2568359375,4767.192411706746,False,False,7.993474907010838,73.23119969078763,False,False
2MASS J10014264+0154262,150.42769767501,1.9073150891300004,2025052400186,-1,z,20250524,z_20,0.1689991733334633,150.427720449658,1.907274032470743,745301782874293182,0,3973.6573882605862,2196.7808919387853,0.005044443,0.0052487087,150.427720449658,1.907274032470743,2.8918882e-07,2.8274235e-07,659797.9284016837,1844.7522220204228,643059.5479949504,1245.093795729312,False,659811.2247607657,1530.6411116718057,False,668838.1858949352,2046.5691999521196,False,672702.327712558,2893.230775207294,False,671405.4996889693,3984.294348701551,False,3.886271053575249,62.03970333997161,663362.554492362,1073.9317508801544,0.0,3.3687366669865604e-05,False,794687.6875,1843.52978515625,False,805559.9106445312,2464.9222137867823,False,808652.0263671875,4798.750829734641,False,False,4.680689931705367,74.72165754425298,False,False
2MASS J10014264+0154262,150.42769767501,1.9073150891300004,2025052400187,-1,z,20250524,z_20,0.1678867176003866,150.42771986743173,1.907274066163383,745301783008510873,0,2795.737573283473,2265.470137842048,0.006259748,0.0061121,150.42771986743173,1.907274066163383,3.4176355e-07,3.456478e-07,664746.1785451474,1879.271102977172,638932.3476428186,1255.9975367282811,False,662967.6019749,1549.2815403571929,False,676841.6634510149,2076.9446550652324,False,681404.3583232235,2939.068207901165,False,683390.836291805,4043.1416431335138,False,2.6675816765919147,64.16040850037709,653440.9730909172,1098.9104025530664,0.0,0.0005709313014882,False,790673.9375,1847.717041015625,False,807220.5361328125,2477.023015149057,False,815031.2651367188,4821.965226239859,False,False,3.1814334539889546,76.51952021408471,False,False
2MASS J10014264+0154262,150.42769767501,1.9073150891300004,2025052400188,-1,z,20250524,z_20,0.1697006020450206,150.4277212454341,1.9072742584904037,745301783142728438,0,1511.2897080858295,1580.8327057970505,0.005016733,0.0048920037,150.4277212454341,1.9072742584904037,2.7392562e-07,2.7657006e-07,660475.7916490207,1835.2793530182705,643209.2434991972,1239.1698413765157,False,660379.8048724264,1521.8714999336237,False,671559.7587196212,2033.882455117416,False,679380.5715445394,2874.380538504792,False,679660.1214012585,3951.701117636522,False,8.445956261551142,61.71150800217019,655508.6027365145,1062.4579292870765,0.0,1.6926349211132672e-09,False,799323.8125,1842.073486328125,False,812856.0302734375,2461.811621443171,False,822660.7104492188,4783.139611333116,False,False,10.22298669550546,74.69561832065432,False,False
2MASS J10014264+0154262,150.42769767501,1.9073150891300004,2025052400189,-1,z,20250524,z_20,0.1690788156356378,150.42772020592076,1.9072738731469407,745301783276946378,0,2166.478589789441,2111.966652271124,0.0051983995,0.005128954,150.42772020592076,1.9072738731469407,2.8633994e-07,2.8741246e-07,665576.670926501,1847.1806019060352,647098.554268667,1246.1428928629036,False,665498.4600351279,1531.2859685663805,False,677116.5411796852,2046.09239513402,False,683672.815214238,2888.501955219037,False,688435.7248970263,3976.700312608173,False,6.43343462950801,62.8529710510486,652325.6963546589,1060.5120487798747,0.0,0.0019111419005763,False,803873.8125,1849.6822509765625,False,817907.6108398438,2471.531030014436,False,831580.3627929688,4803.565197277142,False,False,7.77112184875551,75.92182476739553,False,False
2MASS J10014264+0154262,150.42769767501,1.9073150891300004,2025052400190,-1,z,20250524,z_20,0.1651942227404428,150.42771922530673,1.9072745707145051,745301783414834888,0,2279.804295368404,3865.542162232705,0.004617234,0.0043689213,150.42771922530673,1.9072745707145051,2.485397e-07,2.509508e-07,662070.6272965781,1827.493791116979,646029.4585412372,1237.3662924531625,False,658823.8790063491,1518.8372090192947,False,664909.3334563916,2031.834781587641,False,663213.1089653944,2868.473361677835,False,655110.9419746211,3948.253683977769,False,2.356570185784212,61.19850072575178,647601.3372526882,1030.0517778354078,0.0,0.0001009576048683,False,794772.875,1832.2508544921875,False,802114.0693359375,2451.10601231235,False,790293.76953125,4762.979958129466,False,False,2.8428509065576124,73.82687531127965,False,False
2MASS J10014264+0154262,150.42769767501,1.9073150891300004,2025052400191,-1,z,20250524,z_20,0.1703009955083182,150.42771935633982,1.9072730381799168,745301783544858167,0,3858.535504313372,3568.312821938048,0.0042965654,0.004292277,150.42771935633982,1.9072730381799168,2.3852638e-07,2.3857322e-07,663545.7857857851,1809.870643854016,649086.710618311,1230.027201834169,False,661404.0980779969,1507.9307891657352,False,666316.1867825643,2015.615594999144,False,670084.638945246,2848.6539534576445,False,666394.5601502927,3915.376703473255,False,5.440387908043856,61.308061707461306,655810.4945712297,1031.2273935519584,0.0,0.0004372553441838,False,804347.625,1833.8267822265625,False,810321.3208007812,2451.2330985879903,False,810416.6323242188,4761.573086061607,False,False,6.616171725621441,74.55804094811437,False,False
2MASS J10014264+0154262,150.42769767501,1.9073150891300004,2025052400192,-1,z,20250524,z_20,0.1675451354556849,150.42771979035666,1.9072741323946236,745301783681171711,0,260.93526055801175,582.9837322233906,0.005465972,0.0053307395,150.42771979035666,1.9072741323946236,3.000172e-07,2.9976746e-07,659201.3821671656,1827.2091120129307,640387.290291413,1237.047962620603,False,658444.1835997894,1520.27012828914,False,670991.9183120178,2021.2881243800173,False,674935.2478720924,2864.4681340755687,False,671055.3573970427,3948.2091974462815,False,3.141406276969546,63.09491562188087,665399.4229470443,1090.2858134290357,0.0,0.0005235497038242,False,792703.0,1830.2579345703125,False,807809.2568359375,2433.4350579278557,False,807885.6313476562,4753.26132935448,False,False,3.781948784722147,75.96016510430881,False,False
2MASS J10014264+0154262,150.42769767501,1.9073150891300004,2025052400193,-1,z,20250524,z_20,0.1685231241571733,150.42771973729592,1.9072737955943344,745301783812244765,0,3784.996562929064,3313.741069724843,0.0046796063,0.005191299,150.42771973729592,1.9072737955943344,2.727459e-07,2.7639516e-07,665238.8225711375,1864.2239944298003,645745.6985306063,1255.1147310120734,False,662075.445728724,1544.529449681051,False,668692.2785892615,2062.7047821596616,False,671531.4596463944,2924.556320894564,False,669912.6721116051,4024.130177254394,False,2.670094115395926,62.03784025903718,656266.402633554,1061.8433730652555,0.0,0.0005289473952818,False,794827.1875,1854.220703125,False,802770.7514648438,2476.2945842859776,False,804235.8442382812,4831.002405474377,False,False,3.205470629959009,74.47695335898109,False,False
2MASS J10014264+0154262,150.42769767501,1.9073150891300004,2025052400194,-1,z,20250524,z_20,0.1672693055589648,150.42771998728614,1.9072743265387828,745301783951705261,0,2022.764234269673,2358.3306095359035,0.004247105,0.004111676,150.42771998728614,1.9072743265387828,2.3314337e-07,2.313513e-07,657054.8022221964,1814.4238947249,645609.6027757534,1232.3230298058495,False,658730.8993443729,1511.4953644616128,False,667199.09244085,2018.589423900204,False,672264.5698403965,2853.900726480829,False,668838.2645504802,3924.7208160323216,False,9.931429337477166,61.259955401187966,648102.9671286788,1027.148838811126,0.0,8.332275583722293e-06,False,796599.0625,1827.8416748046875,False,806839.5942382812,2441.0672768679096,False,808821.8345842361,4746.139775342678,False,False,12.010013963810408,74.08127217039285,False,False
2MASS J10014264+0154262,150.42769767501,1.9073150891300004,2025052400195,-1,z,20250524,z_20,0.1692789263447729,150.42771967151782,1.9072735229063968,745301784082252196,0,3559.876187824685,869.7968192718846,0.0043494697,0.004245256,150.42771967151782,1.9072735229063968,2.3973885e-07,2.3778796e-07,660573.233730871,1829.793703297952,647635.4738709652,1241.4305067947114,False,660685.253070958,1522.462103648125,False,668759.7648187856,2033.2099399882864,False,673855.663028024,2873.7761248487272,False,672594.1444061131,3949.9494891353806,False,9.132740175215028,62.81971269620926,655245.7067629494,1046.5845632927442,0.0,0.0005138633057583,False,799654.6875,1842.6988525390625,False,809427.6030273438,2460.878083211293,False,814068.5112304688,4780.78723521335,False,False,11.053733160963892,76.03329647730435,False,False
2MASS J10014264+0154262,150.42769767501,1.9073150891300004,2025052400196,-1,z,20250524,z_20,0.16631828081192,150.42771946378528,1.9072743439335136,745301784218567777,0,219.92063532606664,2248.769667888217,0.0042291773,0.0037946196,150.42771946378528,1.9072743439335136,2.2836126e-07,2.179728e-07,661618.5115354453,1829.6410131727512,650712.2810025046,1243.1768780052837,False,662771.9637536027,1524.8693770671423,False,669270.6651978499,2033.75131141457,False,677686.6860122711,2879.2951692813917,False,677031.6404948503,3959.181871938015,False,10.742661600178891,62.64294977343463,658741.1506062797,1031.7338699159156,0.0,2.1882476785806126e-05,False,802605.125,1846.58984375,False,810474.9375,2462.8368651448286,False,819873.3413085938,4794.499216937149,False,False,13.009173181697385,75.85950414759517,False,False
2MASS J10014264+0154262,150.42769767501,1.9073150891300004,2025052400197,-1,z,20250524,z_20,0.1680770077608907,150.42772027497722,1.9072742286112612,745301784354358100,0,96.8206016359344,1738.9321512886418,0.0043820594,0.0038419047,150.42772027497722,1.9072742286112612,2.3676972e-07,2.2085695e-07,665987.5351309318,1819.844234707691,652723.3728926778,1238.5928571467168,False,666590.8272962415,1518.385995204105,False,675378.5728936194,2023.5243638548995,False,682943.9603010083,2861.7140836546064,False,688593.0404685049,3934.20671758212,False,11.33631227355893,61.46167919087108,664838.9497777509,1046.1421152176265,0.0,0.000123315143317,False,805902.1875,1835.7147216796875,False,816526.4912109375,2446.4223696337745,False,832502.6611328125,4756.419785487951,False,False,13.705497413609177,74.30660561030122,False,False
2MASS J10014264+0154262,150.42769767501,1.9073150891300004,2025052400198,-1,z,20250524,z_20,0.1706874362644427,150.42772024659678,1.9072733866461944,745301784483333295,0,3650.413994515237,2400.5567156192947,0.0046401587,0.0036101895,150.42772024659678,1.9072733866461944,2.4767203e-07,2.129456e-07,661991.0088285595,1815.3004020200635,650126.755956319,1237.6767777147743,False,660252.6274774239,1516.4633960528972,False,665046.8656347003,2025.2124845775988,False,665018.2789855739,2864.9065338155465,False,662946.0567299628,3934.5734334123167,False,4.226358391497442,60.79629485327549,655979.5136996674,1032.12455749733,0.0,0.0001022048988849,False,801273.9375,1840.360107421875,False,807092.162109375,2457.7713351805446,False,804542.6479492188,4774.946764571537,False,False,5.129053166482274,73.7815868277794,False,False
2MASS J10014264+0154262,150.42769767501,1.9073150891300004,2025052400199,-1,z,20250524,z_20,0.1634193642130128,150.42771893722343,1.9072749760571657,745301784622793523,0,256.83826939844954,1529.967605150871,0.0041988543,0.0034767438,150.42771893722343,1.9072749760571657,2.2765327e-07,1.9979089e-07,662172.7652994075,1784.574728830603,650213.3857183858,1222.3928729780082,False,659801.8828855932,1494.1157022225957,False,665207.7567590026,1986.3992267161248,False,662370.8333334562,2808.51271183316,False,650593.8594728268,3858.832672852797,False,4.378123689389817,60.621070388301575,649289.1810957524,1009.0479951787704,0.0,0.0001685041859146,False,800814.6875,1813.43798828125,False,807375.904296875,2410.932307491978,False,789638.7260742188,4683.5420770710825,False,False,5.313815927322823,73.57700060904637,False,False
2MASS J10014264+0154262,150.42769767501,1.9073150891300004,2025052400200,-1,z,20250524,z_20,0.1692037011404537,150.42772019370946,1.9072738269617129,745301784751768955,0,1822.1407513916763,2702.8179364119987,0.0042646583,0.0041759205,150.42772019370946,1.9072738269617129,2.3633343e-07,2.3257842e-07,660812.4988569875,1787.4660072668262,648588.8652473079,1220.1211165646102,False,659266.3821110375,1491.5282493928216,False,665290.1180248911,1986.7822662025571,False,668792.5254353514,2803.656235350654,False,664432.9884492159,3852.2310979387807,False,6.506495414797002,60.61387925445177,654605.4726147393,1025.9300649995478,0.0,1.1776414311270855e-05,False,804482.0,1820.06494140625,False,811832.5751953125,2424.407818219321,False,810786.6469726562,4700.756268215154,False,False,7.939671407975905,73.9652075906503,False,False
2MASS J10014264+0154262,150.42769767501,1.9073150891300004,2025052400201,-1,z,20250524,z_20,0.1622744893155295,150.42771964153837,1.9072757206885107,745301784891228748,0,222.28458395416052,1185.2211809405403,0.0043227277,0.0039057764,150.42771964153837,1.9072757206885107,2.3829229e-07,2.1907951e-07,660038.4593285661,1790.7860147046194,648721.4014480565,1222.062760787329,False,658549.2716388438,1494.7721385670052,False,663605.0661614159,1992.4905700650995,False,662515.4639594457,2812.1209716583826,False,652398.4389104485,3864.11771092836,False,3.992223191146686,61.083327012472544,654997.2668043806,1028.3211869561474,0.0,2.8457925968838893e-05,False,799396.9375,1814.467529296875,False,805534.0434570312,2418.6358231691656,False,791930.5913085938,4690.558470391362,False,False,4.846062595858922,74.14756442530913,False,False
2MASS J10014264+0154262,150.42769767501,1.9073150891300004,2025052400202,-1,z,20250524,z_20,0.1657214727109165,150.427719704766,1.9072746622468697,745301785023873843,0,1475.3698644294166,1569.7472077406553,0.0042577204,0.0038963796,150.427719704766,1.9072746622468697,2.3538895e-07,2.1774085e-07,659995.4089093871,1794.019911949387,649967.1619806342,1224.8627226288052,False,659463.5975612096,1497.3179621880984,False,666169.6078653217,1996.211501504249,False,667658.7088021854,2816.8404231987515,False,667753.7901126639,3871.703004502839,False,6.849191012527187,62.16817454419889,653623.8210876156,1027.2820596213885,0.0,1.1480647747363903e-05,False,798658.4375,1813.361083984375,False,806779.904296875,2417.5574885510414,False,808698.4643554688,4688.914268316814,False,False,8.29486906090564,75.29018633828181,False,False
2MASS J10014264+0154262,150.42769767501,1.9073150891300004,2025052400203,-1,z,20250524,z_20,0.1683177525013594,150.4277204258177,1.9072742357617256,745301785161237846,0,594.2306872557567,2571.715417020496,0.003964231,0.0055857436,150.4277204258177,1.9072742357617256,3.0974167e-07,2.2105594e-07,664376.9301455988,1791.169811389686,650297.9685270801,1220.2462707640277,False,664416.7499509964,1493.8684380655534,False,672635.543210265,1991.8374875800955,False,676903.9407603008,2811.680900368108,False,677792.504041471,3863.156969169427,False,6.54600157460533,62.00689265650463,650863.3064314942,1025.5465678919843,0.0,0.0013015955374933,False,802516.0,1804.3695068359373,False,812443.072265625,2405.841594602669,False,818671.9091796875,4666.115474208964,False,False,7.906590253833039,74.89504662668062,False,False
2MASS J10014264+0154262,150.42769767501,1.9073150891300004,2025052400204,-1,z,20250524,z_20,0.1692707832888018,150.4277199820914,1.9072736911355537,745301785295455020,0,1573.0528242437074,1453.072250447677,0.0041942056,0.004687988,150.4277199820914,1.9072736911355537,2.604242e-07,2.3307786e-07,661658.5098491834,1773.128445101602,647271.4142344663,1212.9501498265474,False,660208.7717334729,1483.0905241601763,False,667283.8372869105,1966.8943566097223,False,665250.1358800516,2781.5189273224023,False,663211.8711065209,3827.124634147001,False,2.8607809578792973,59.51587688366587,655416.4070794025,1030.4380387183123,0.0,1.1190182158671293e-07,False,796140.8125,1788.44775390625,False,804672.5810546875,2371.8631714955386,False,799762.2275390625,4615.100929011297,False,False,3.449794328255329,71.76975012676792,False,False
2MASS J10014264+0154262,150.42769767501,1.9073150891300004,2025052400205,-1,z,20250524,z_20,0.1691550093505093,150.4277212649693,1.9072744448727088,745301785429672382,0,1293.2204737824466,839.9383789905554,0.004565404,0.004734578,150.4277212649693,1.9072744448727088,2.6304411e-07,2.53654e-07,661881.5011388769,1772.2804806304914,648282.510181282,1208.461001025135,False,663356.8576103566,1477.5879393196117,False,675158.2797540766,1965.9271932904687,False,678525.075159018,2773.1052616995325,False,677053.5904143358,3808.1277479967,False,7.005459269754042,57.73454056822755,647426.1603820933,1022.6440508458188,0.0,0.0004590847348792,False,799440.125,1780.705322265625,False,813662.5307617188,2369.224140994988,False,815946.6518554688,4589.339942668771,False,False,8.442582857241186,69.57839931729802,False,False
2MASS J10014264+0154262,150.42769767501,1.9073150891300004,2025052400206,-1,z,20250524,z_20,0.1689322057282646,150.42771951347785,1.9072735485144252,745301785563890503,0,3902.6443458739054,1788.1317851858666,0.003825161,0.004545202,150.42771951347785,1.9072735485144252,2.5232228e-07,2.1277965e-07,661562.5533550187,1751.7706508466415,648498.9043632061,1197.1641886330242,False,660460.8096863689,1461.2558187495142,False,667130.9644699636,1943.3345745407285,False,670177.0847534246,2737.840203007009,False,669564.5216403966,3759.692294949868,False,6.907454982124647,59.47764522105646,657176.0523694261,1021.5982124341498,0.0,0.000120236546691,False,800118.6875,1770.2459716796875,False,808199.28125,2354.262790994773,False,811147.4267578125,4554.69881077069,False,False,8.368072311341828,72.05450305592073,False,False
2MASS J10014264+0154262,150.42769767501,1.9073150891300004,2025052400207,-1,z,20250524,z_20,0.1698752435585965,150.42772018574567,1.907273610284323,745301785718554939,0,1162.9143579980127,568.6526696117922,0.004741648,0.004375126,150.42772018574567,1.907273610284323,2.4338914e-07,2.631312e-07,661952.8862575077,1733.442609018451,649724.4327687878,1188.8886191945887,False,663011.308202929,1448.3749405789265,False,674343.049594356,1924.1249212322205,False,677527.7211337906,2706.5260654469084,False,679956.1298001743,3712.399170290104,False,7.770937495217288,60.26013006166615,654513.7648851449,1023.600795312602,0.0,0.0002342752473369,False,800020.3125,1747.6766357421875,False,813693.7192382812,2321.738712037308,False,820466.7231445312,4479.553678187339,False,False,9.376774975667358,72.71267848190197,False,False
2MASS J10014264+0154262,150.42769767501,1.9073150891300004,2025052400208,-1,r,20250524,r_57,0.1573676476120384,150.42771821573425,1.9072764964756248,745301785832326537,0,501.2882323447948,2356.380731696297,0.0075211073,0.0072736824,150.42771821573425,1.9072764964756248,4.0428992e-07,4.1790733e-07,183220.5240552521,637.4611918363141,177966.45856384528,445.4232587355612,False,182914.87171870025,536.8927044027175,False,185358.78047294865,703.6912290385095,False,187032.36096492305,983.365926880042,False,187909.62206924692,1344.350009819574,False,1.4819737173740777,20.698502429482897,179693.42870133065,405.9236174353015,0.0,0.0002289083642696,False,378998.9375,1112.439697265625,False,384062.70739746094,1458.0456232329327,False,389348.0417480469,2785.4882468675937,False,False,3.0706440597759164,42.88722045892119,False,False
2MASS J10014264+0154262,150.42769767501,1.9073150891300004,2025052400209,-1,r,20250524,r_57,0.1555536323938346,150.42771850736696,1.9072772269997809,745301785966543601,0,1514.0658684174489,1268.1654181606282,0.008299941,0.007852859,150.42771850736696,1.9072772269997809,4.3647825e-07,4.6129546e-07,182207.00702175903,637.8183421632743,177224.6949538198,444.32214186421487,False,182606.1321979106,535.9501695039463,False,186025.2201535485,702.531587483116,False,187109.4927199404,981.389443515332,False,185858.4095508728,1341.483928924563,False,-0.0588710506800732,21.359949537214668,180793.21996152948,409.6777912483985,0.0,0.0006857174374242,False,378741.84375,1111.6097412109375,False,385833.34533691406,1457.1148599083808,False,385487.36486816406,2782.360540067868,False,False,-0.1221039513279049,44.30249177702154,False,False
2MASS J10014264+0154262,150.42769767501,1.9073150891300004,2025052400210,-1,r,20250524,r_57,0.1592535134931471,150.42771872122577,1.9072761729722727,745301786100760966,0,1242.2867759942803,659.7022931245351,0.0077379933,0.007850492,150.42771872122577,1.9072761729722727,4.362859e-07,4.3007879e-07,181335.18798904543,641.058433916975,176971.15089465136,446.4337677795979,False,182107.91369310612,538.9807758648724,False,186021.87065454057,708.5699704988947,False,187594.83953987696,990.4772531643674,False,188749.12306631668,1354.072242896105,False,1.4080555640203598,21.144640507577236,182206.84941161703,413.3664261887604,0.0,2.38026083509979e-06,False,376577.65625,1114.548583984375,False,384671.2569580078,1465.239007840583,False,390310.8928222656,2800.06146510644,False,False,2.911692597072632,43.724619117931695,False,False
2MASS J10014264+0154262,150.42769767501,1.9073150891300004,2025052400211,-1,r,20250524,r_57,0.1547892088092739,150.4277193999702,1.9072779772566997,745301786234979158,0,3813.584961711079,1697.0008476091064,0.007972613,0.0079434365,150.4277193999702,1.9072779772566997,4.414589e-07,4.43109e-07,181608.2060659708,641.9072228786322,177054.6266008926,446.13959428895714,False,182241.90830400452,538.5449814831373,False,185936.241934348,707.28981885623,False,188410.92995643453,986.6549032102452,False,188782.79196586265,1350.1832580018536,False,1.6246462451134278,20.73371881570591,181224.69462841025,415.3535110419011,0.0,0.0020735792029167,False,377861.5625,1116.6226806640625,False,385521.41796875,1466.4993281761217,False,391423.4733886719,2799.478782228656,False,False,3.368552131622012,42.989427958959375,False,False
2MASS J10014264+0154262,150.42769767501,1.9073150891300004,2025052400212,-1,r,20250524,r_57,0.1548395613362085,150.42771622265806,1.9072762779071235,745301786389643477,0,990.0820924218364,411.01059076841074,0.008893497,0.008749331,150.42771622265806,1.9072762779071235,4.8635593e-07,4.9406435e-07,181826.83496897668,642.4523712481628,176625.0155460641,447.1712883517554,False,182536.01059307583,540.184157030292,False,186861.49309360783,706.6861692108288,False,187864.42984618616,989.5941418072616,False,188053.29382412817,1354.4006060933,False,0.4830161207498497,20.88537355043318,183783.8755651343,422.6539879626826,0.0,0.0003520821316519,False,376284.9375,1113.551025390625,False,385201.6104736328,1456.783021331672,False,387658.4224853516,2792.0000319822466,False,False,0.9957032051775544,43.05370461179024,False,False
2MASS J10014264+0154262,150.42769767501,1.9073150891300004,2025052400213,-1,r,20250524,r_57,0.1613279705007713,150.42771914403693,1.9072757467157104,745301786503413775,0,1696.1234785563645,36.6144019794915,0.009565629,0.008851725,150.42771914403693,1.9072757467157104,4.937133e-07,5.301006e-07,182725.74425746195,654.8449549295178,175010.9116707327,450.4242170365077,False,182455.94633925744,545.8440727281951,False,187126.3275792333,718.5451940156648,False,188114.37137340684,1004.289868796925,False,186740.1446733203,1374.429362906905,False,-0.1669338689067031,21.458474439563823,183214.91832066677,432.1909707159614,0.0,1.921547122618605e-05,False,372369.53125,1113.998779296875,False,381901.1892089844,1466.4599452409514,False,381113.03869628906,2805.0366560827283,False,False,-0.3406909325879468,43.794034827141424,False,False
2MASS J10014264+0154262,150.42769767501,1.9073150891300004,2025052400214,-1,r,20250524,r_57,0.1533502968360652,150.4277182284983,1.9072777722110896,745301786633962671,0,3022.167057314175,2720.0303273972745,0.010259696,0.009318225,150.4277182284983,1.9072777722110896,5.212904e-07,5.6694995e-07,181974.39418421732,653.8264716140276,174403.4505472124,449.8844898504647,False,182186.24207518407,545.6848656270045,False,186724.6811526557,716.9023835883385,False,188506.7955602377,1004.319607929287,False,187972.31410755348,1373.5938828126586,False,0.0255647452909438,20.97710345658212,181561.5701231949,427.8270834460113,0.0,1.755362198330168e-05,False,372575.34375,1115.93896484375,False,381856.5632324219,1466.0829981354657,False,384408.0032958984,2809.033257575119,False,False,0.052280532581181,42.898692251361645,False,False
2MASS J10014264+0154262,150.42769767501,1.9073150891300004,2025052400215,-1,r,20250524,r_57,0.1617697070287468,150.427719492255,1.9072757981405128,745301786768180652,0,1161.680340337305,3192.128093654595,0.011001262,0.010584272,150.427719492255,1.9072757981405128,5.903674e-07,6.09192e-07,182704.28357105117,662.4687482012625,173612.60193631024,452.6457652401948,False,183152.9793706356,550.5691731659674,False,188965.386460756,725.8803287217959,False,191093.02908526323,1014.5506706440966,False,191960.0317011725,1388.036272410697,False,0.3818266770775967,21.720279984394853,181993.44076856112,436.0636117085767,0.0,8.707976425470498e-05,False,372291.9375,1119.132568359375,False,384106.7182617188,1475.484564333006,False,390193.8825683594,2821.4376580264684,False,False,0.7761325744570224,44.150442685778565,False,False
2MASS J10014264+0154262,150.42769767501,1.9073150891300004,2025052400216,-1,r,20250524,r_57,0.1634406742425136,150.42772027443846,1.9072757062836097,745301786906067452,0,3071.030262210417,932.8249176399554,0.008066748,0.007835304,150.42772027443846,1.9072757062836097,4.3708977e-07,4.4678154e-07,181581.5463017283,646.2125689072566,176857.6100558246,449.0262543014034,False,182373.34441930245,542.627399566378,False,185841.67250843171,712.3038889385313,False,188963.64955396863,997.500927880422,False,189482.22722258983,1364.1867846577309,False,1.9433600558093425,21.49601914616688,182158.3752175488,414.38828517550655,0.0,7.295073078950054e-08,False,376671.5,1120.7354736328125,False,383834.93908691406,1471.1830566940712,False,391354.0927734375,2817.573390965453,False,False,4.013790225718495,44.397594405021046,False,False
2MASS J10014264+0154262,150.42769767501,1.9073150891300004,2025052400217,-1,r,20250524,r_57,0.1617934031899103,150.42771865178742,1.9072753361350565,745301787040285569,0,89.06008453378966,1762.5431185923533,0.009412718,0.00795763,150.42771865178742,1.9072753361350565,4.5645433e-07,5.108436e-07,182940.90078313815,653.4170630268595,176748.62566134345,451.8494910231586,False,183117.57221918716,547.1285378815467,False,186888.8192354834,720.4857329325598,False,189107.7355805158,1006.7918595508434,False,189791.2875773682,1378.0908637068137,False,1.258748383813289,21.779739995520544,181226.8579652341,416.3924998733067,0.0,9.185546090417773e-08,False,377170.125,1126.92919921875,False,384937.8214111328,1483.9957228442142,False,390916.0808105469,2838.4752868146347,False,False,2.592663716063948,44.860070811474245,False,False
2MASS J10014264+0154262,150.42769767501,1.9073150891300004,2025052400218,-1,r,20250524,r_57,0.160530159853816,150.42771946494753,1.9072761771104456,745301787170833286,0,3702.5517636076142,1913.6115199629448,0.009021614,0.008446052,150.42771946494753,1.9072761771104456,4.7602296e-07,4.9504894e-07,183084.89580037404,656.301650886224,176547.9336936232,452.2237640542266,False,183230.1097570685,548.5327856810618,False,187459.13053092375,724.1975863418037,False,188746.3783395349,1013.800131774168,False,189768.1023839093,1386.180704020194,False,0.9146639057173478,21.43588677592879,182376.44580547168,421.8403845173864,0.0,1.547461712059217e-05,False,378670.78125,1133.6201171875,False,387410.6472167969,1496.656123619639,False,392182.4621582031,2864.7373013143792,False,False,1.8902815493500131,44.300273590347295,False,False
2MASS J10014264+0154262,150.42769767501,1.9073150891300004,2025052400219,-1,r,20250524,r_57,0.1559469294580939,150.4277198106344,1.907277845912222,745301787308721843,0,325.3921222385035,3481.3351243004945,0.0086455215,0.008866384,150.4277198106344,1.907277845912222,4.896405e-07,4.836204e-07,181832.9661481068,655.6498513801332,175249.8661688601,452.0470457987908,False,181614.3753221707,548.1834285431593,False,185495.7166642886,722.4001583649732,False,187571.5236399228,1012.6014307834376,False,188305.03038382027,1385.2581046643595,False,0.9868131161246304,21.62343625228167,181157.81802941585,421.77462077269325,0.0,1.8114728422058413e-05,False,373862.15625,1128.462646484375,False,381852.0889892578,1487.0963843174388,False,387635.1999511719,2851.622186040596,False,False,2.031403509527686,44.51291087763119,False,False
2MASS J10014264+0154262,150.42769767501,1.9073150891300004,2025052400220,-1,r,20250524,r_57,0.1593742938452574,150.42771857126863,1.907276054281701,745301787442939372,0,813.4439895009448,2980.6279171130905,0.008863296,0.008347111,150.42771857126863,1.907276054281701,4.72569e-07,4.8427944e-07,182428.81288420825,651.8772331992301,176311.10240182118,450.5424592075904,False,182490.7623954861,545.6480525032407,False,186286.42818994084,719.2061719733932,False,188847.5708279879,1006.934931377314,False,189912.5115089593,1375.795172342211,False,1.6404887201898568,21.353126974369072,180137.49639245195,418.19335723701903,0.0,0.0014511022937137,False,376108.90625,1124.5670166015625,False,383931.6787109375,1482.2659687450189,False,391404.9459228516,2835.47950976426,False,False,3.381006305014652,44.00826171103755,False,False
2MASS J10014264+0154262,150.42769767501,1.9073150891300004,2025052400221,-1,r,20250524,r_57,0.1585944672756829,150.42771913980312,1.9072766114795097,745301787571913266,0,4036.480164640151,1275.5522836999735,0.008977562,0.009137404,150.42771913980312,1.9072766114795097,5.048141e-07,5.0202647e-07,182437.76962046255,658.7044853252428,175193.999438771,453.0491095101043,False,182702.22066347965,550.3229086563317,False,187420.18655979677,725.784681059759,False,189085.842961464,1018.3491472419846,False,189115.1427067501,1391.346870066953,False,0.7555192184621821,21.829969453509936,181011.8303300153,424.66810664578105,0.0,0.0007078108579012,False,375218.375,1130.2066650390625,False,384907.7344970703,1490.555219516123,False,388388.6921386719,2857.4305761145715,False,False,1.55162149865054,44.83254573972968,False,False
2MASS J10014264+0154262,150.42769767501,1.9073150891300004,2025052400222,-1,r,20250524,r_57,0.1566907215209642,150.4277192185176,1.90727726275732,745301787706130973,0,2864.5866638361013,1190.1145637688114,0.009745818,0.009922248,150.4277192185176,1.90727726275732,5.476465e-07,5.454538e-07,182694.9340870618,670.7802094034745,174982.19738450728,457.7435491240905,False,182859.55687343143,557.0491146228923,False,188043.7820240137,736.2483948378415,False,191757.62558079485,1031.187136962098,False,191433.6168745212,1412.2152444975186,False,0.6669284505858675,22.17958865697184,181337.20981087687,432.29780826050927,0.0,0.0019172316331058,False,373631.21875,1138.2010498046875,False,384223.98400878906,1504.3533396310138,False,391150.3276367188,2885.5352816159075,False,False,1.3627140635800814,45.31886045755872,False,False
2MASS J10014264+0154262,150.42769767501,1.9073150891300004,2025052400223,-1,r,20250524,r_57,0.1598490530995531,150.42771798089393,1.907275595951616,745301787840348333,0,1685.8350707814325,344.5832789049076,0.007679049,0.007009641,150.42771798089393,1.907275595951616,4.063693e-07,4.1075052e-07,182073.4513664876,650.9474718375567,177038.5143436149,451.74173465445807,False,181977.0362835082,546.5945677358444,False,184578.44616482413,718.929264232124,False,185176.87314936216,1006.7102312299436,False,185248.5459405891,1379.2140283140432,False,0.8799084624605831,21.130941244172323,177477.61756768025,402.35977351216496,0.0,7.818866587516737e-08,False,377895.0,1135.062744140625,False,383297.10900878906,1492.934382576378,False,384688.6436767578,2864.087117111541,False,False,1.8272251005533944,43.88068519275127,False,False
2MASS J10014264+0154262,150.42769767501,1.9073150891300004,2025052500521,-1,g,20250525,g_6,0.1517719636440194,150.42771879891768,1.9072785974066628,745306225909432339,0,2642.444540077486,41.746068909351074,0.01597097,0.018211026,150.42771879891768,1.9072785974066628,9.89904e-07,9.127095e-07,55854.82740376568,366.3474877019051,53805.48561233574,248.8684632928065,False,55890.95920510557,304.66689390552,False,57069.643380973794,405.5197574675264,False,57162.31542693556,570.0385037455253,False,57536.51107667001,783.9583037292588,False,0.0988327090200007,12.212314767485664,56289.89854844389,230.2496495235788,0.0,1.749310643162083e-05,False,124654.3046875,679.5023803710938,False,127283.13873291016,904.4357821567048,False,128324.39958825707,1748.472000574213,False,False,0.2204278258682094,27.23727822203401,False,False
2MASS J10014264+0154262,150.42769767501,1.9073150891300004,2025052500522,-1,g,20250525,g_6,0.1486478978345662,150.4277174253481,1.9072788219306007,745306226023204184,0,3159.803769329595,2897.3772379907664,0.017096998,0.020110676,150.4277174253481,1.9072788219306007,1.0943156e-06,9.775106e-07,56171.530630875386,367.7317417077738,53064.13132242198,248.6515878205768,False,55835.70991586208,305.1742655050065,False,56547.37785840368,405.0376499172974,False,57023.15575500737,570.9137847481074,False,57494.97106198512,784.5143517082811,False,0.1438999719157639,12.493786424793736,55547.11783867531,232.07327448483025,0.0,7.60930517033076e-05,False,124355.8671875,679.6763305664062,False,125940.8758544922,902.0895100098572,False,128051.33123779295,1747.2503291304554,False,False,0.3204903425210695,27.82584205792044,False,False
2MASS J10014264+0154262,150.42769767501,1.9073150891300004,2025052500523,-1,g,20250525,g_6,0.1510887556849816,150.4277189934034,1.9072789306622835,745306226157421754,0,2696.8177555644857,2429.6381059510377,0.017645821,0.019277787,150.4277189934034,1.9072789306622835,1.0615393e-06,9.91796e-07,56210.9897610918,367.2839331726981,53564.8645663048,248.9804741162025,False,56275.4765311967,305.2373318446295,False,57668.826660082224,405.4527386684833,False,57593.72244131828,569.8203848886324,False,56314.841659507976,782.1585121276138,False,-0.3243475059555548,12.40998383588113,55349.621574859295,230.03564758454112,0.0,0.0029145359921988,False,125408.984375,680.2164306640625,False,128514.04248046876,903.5448352052456,False,125496.70892333984,1743.027525885249,False,False,-0.7228031429267652,27.655447184090225,False,False
2MASS J10014264+0154262,150.42769767501,1.9073150891300004,2025052500524,-1,g,20250525,g_6,0.1509663859831126,150.4277184230712,1.9072786398772292,745306226292163874,0,1250.023449221554,2401.8201256869097,0.016330266,0.018014943,150.4277184230712,1.9072786398772292,9.940475e-07,9.1609274e-07,55965.9668434994,363.5621558380856,53777.96406934434,247.41651186625128,False,56153.48954911904,302.88230036433305,False,57643.04250640955,401.61632755706734,False,57805.70480765619,566.156857235197,False,57475.47293955425,776.5518575635023,False,0.099945600888031,11.929521521345269,56107.772627561215,229.21545910943456,0.0,1.0735726492683284e-05,False,125854.0546875,678.835205078125,False,129192.5164794922,900.1229248192473,False,128816.95104980467,1740.447490159763,False,False,0.224003160283289,26.737049932218323,False,False
2MASS J10014264+0154262,150.42769767501,1.9073150891300004,2025052500525,-1,g,20250525,g_6,0.1516236084544011,150.42771776193703,1.9072780639986129,745306226446304047,0,3984.172190223725,1961.025339395149,0.01747555,0.019056644,150.42771776193703,1.9072780639986129,1.054526e-06,9.765783e-07,56025.75117438435,367.2335802225791,53718.24771212804,249.29436583879323,False,56226.6593557922,305.43662780997334,False,57606.66067090113,404.9515826886318,False,58176.00310889352,571.0142519463975,False,57818.26784243766,783.8403154654526,False,-0.1520578263665576,12.321759475268282,56044.779186492655,233.0943245173112,0.0,0.0007550898746797,False,124436.4765625,675.9686279296875,False,127490.5883178711,896.2073988660362,False,127958.90087890624,1734.734522052153,False,False,-0.336522574230753,27.269561302774303,False,False
2MASS J10014264+0154262,150.42769767501,1.9073150891300004,2025052500526,-1,g,20250525,g_6,0.1480884834732625,150.42771930427614,1.9072800914436967,745306226560074559,0,2882.3909812127235,1667.8632406364327,0.01837643,0.017894892,150.42771930427614,1.9072800914436967,9.957319e-07,1.0207332e-06,55688.64246722173,364.2047401889821,53233.518086830925,247.40880117953665,False,55363.003004075785,302.8273603095125,False,56229.45372927237,402.1978823951145,False,56274.81951685193,566.2142821546873,False,54734.804634746266,776.6033788168403,False,-0.3600576475655185,12.048170968816615,54939.72164130119,228.0764946424271,0.0,0.0015632927377483,False,123823.4375,677.2957153320312,False,125761.31842041016,899.5452134292184,False,122418.42553710938,1736.930706814016,False,False,-0.8052954717149972,26.946622545687237,False,False
2MASS J10014264+0154262,150.42769767501,1.9073150891300004,2025052500527,-1,g,20250525,g_6,0.1495777378276064,150.4277184156227,1.9072790800509032,745306226714739262,0,1183.5630442340728,1010.0274151222444,0.017001588,0.018415676,150.4277184156227,1.9072790800509032,1.022259e-06,9.4674454e-07,55732.0536850963,363.21903137372544,53339.20087942905,247.15026243543588,False,55442.80730965837,302.2694776011827,False,56173.245787552965,401.3244238926004,False,56167.4497732889,563.9567006663862,False,55154.913722088015,774.3320936665883,False,-0.3780257738732264,12.322166877116466,55064.49062004172,227.38327843703863,0.0,0.0007959707889493,False,123638.609375,674.0671997070312,False,125267.50231933594,894.961782890461,False,122996.6007080078,1726.7766172203076,False,False,-0.8430053104733725,27.478687517830053,False,False
2MASS J10014264+0154262,150.42769767501,1.9073150891300004,2025052500528,-1,g,20250525,g_6,0.1560336347966127,150.42772080914105,1.907278428627936,745306226845287381,0,3881.4190870265215,2150.2993256103846,0.016851632,0.017877582,150.42772080914105,1.907278428627936,9.93171e-07,9.3701846e-07,56014.06238910513,364.977252519844,53911.39862215253,248.09667372107157,False,56057.60710854596,303.4798863676924,False,57144.2972638025,403.3528284508012,False,57355.36918512175,567.7483700448337,False,56293.85159447794,778.6323050989911,False,-0.3237695395070583,12.016793901013312,55846.56728641559,229.5808237055197,0.0,0.000201244134737,False,124574.484375,674.4107055664062,False,126989.390625,896.3541830845679,False,125099.48065185548,1730.3221262656648,False,False,-0.7194995562747479,26.704420350314297,False,False
2MASS J10014264+0154262,150.42769767501,1.9073150891300004,2025052500529,-1,g,20250525,g_6,0.1520446654526074,150.4277184772405,1.9072783262347712,745306226963252203,0,242.218456009072,1977.4669551698212,0.018014291,0.019450154,150.4277184772405,1.9072783262347712,1.0811372e-06,1.0015582e-06,56052.59974015938,364.733084938232,53170.00209506983,246.99080747802356,False,55818.536079794896,302.83354785581446,False,56717.09750685513,402.7598936059178,False,56796.5112200211,566.194978060418,False,55798.826185235535,777.8532907577362,False,-0.283235895103989,11.988114696856416,55524.45797416811,231.85386792749944,0.0,5.363698619842428e-05,False,124430.296875,675.074462890625,False,126433.3638305664,897.8295858401866,False,124386.35971355438,1733.9852079928726,False,False,-0.6313875101106954,26.723822863590865,False,False
2MASS J10014264+0154262,150.42769767501,1.9073150891300004,2025052500530,-1,g,20250525,g_6,0.1488487107193974,150.42771648495005,1.907278263306828,745306227096946797,0,2026.1993380591173,3878.304836378346,0.014743183,0.016032757,150.42771648495005,1.907278263306828,8.9117356e-07,8.195436e-07,56036.36964040289,363.09335260454304,53633.79294343348,247.71597607599392,False,55424.82668139265,302.76312205379656,False,55501.00554576385,401.9568122801893,False,54970.20829774337,565.8378257158279,False,53539.58885105141,776.9056992776297,False,-0.5828691246772771,11.89824199091382,54923.4581297783,221.24284799049045,0.0,2.601882465413929e-05,False,124006.0234375,677.3941040039062,False,124176.4639892578,899.3274109996275,False,119788.04278564452,1738.2280130014892,False,False,-1.3040957755487452,26.620808102330944,False,False
2MASS J10014264+0154262,150.42769767501,1.9073150891300004,2025052500531,-1,g,20250525,g_6,0.1460695844172734,150.4277102311996,1.907276503666407,745306227251609605,0,1499.826260680005,13.846850189701795,0.05478396,0.05888272,150.4277102311996,1.907276503666407,3.2720357e-06,3.046815e-06,,,54305.52306353223,251.06907977707203,True,55767.16883392897,305.9248405808313,True,,,True,,,True,,,True,-0.187436399191141,12.212283313210897,54616.793048717744,221.14212967404157,,,True,125070.15625,686.1038208007812,True,,,True,,,True,True,-0.4203673993848286,27.388734520503093,True,False
2MASS J10014264+0154262,150.42769767501,1.9073150891300004,2025052500532,-1,g,20250525,g_6,0.1508447583801675,150.42771732559777,1.9072780755796657,745306227385827971,0,2898.6515805876734,1118.7025350142494,0.014326371,0.015137278,150.42771732559777,1.9072780755796657,8.405957e-07,7.9728864e-07,55908.18192287265,364.8869240920399,53986.31228359243,248.8700223970762,False,55725.68492698842,304.298442413616,False,56475.79285956322,404.3617144068346,False,56258.59849542951,569.6212303564165,False,56619.060653886525,782.4251504951842,False,-0.166793142606291,12.146537430753684,55472.42750962516,221.59164172521696,0.0,3.1195605567635454e-06,False,124707.6640625,680.98486328125,False,126386.3192138672,904.9149401403208,False,126706.93603515624,1750.9773625904477,False,False,-0.373263840961786,27.182551662158183,False,False
2MASS J10014264+0154262,150.42769767501,1.9073150891300004,2025052500533,-1,g,20250525,g_6,0.1472988593488389,150.42771895601263,1.9072801353279876,745306227520045305,0,3166.182629030984,458.8214298667143,0.015647152,0.014978349,150.42771895601263,1.9072801353279876,8.3381894e-07,8.6856204e-07,56347.900863299255,364.55063377792027,54273.64102719015,249.00852777581932,False,55878.51177445002,304.0758254860411,False,56194.74457126538,403.8411140240268,False,55736.71295918018,568.4640016327621,False,53579.0376205686,779.2566428945289,False,-0.8908799533398178,12.115310715787077,56133.556036521855,225.9566860108826,0.0,3.48782248638102e-08,False,124883.734375,679.5836791992188,False,125590.4878540039,902.5506373013465,False,119744.60467529295,1741.572502753943,False,False,-1.9910411340585,27.076691866957585,False,False
2MASS J10014264+0154262,150.42769767501,1.9073150891300004,2025052500536,-1,g,20250525,g_6,0.1524188136251155,150.42772066204577,1.9072795260154276,745306227897010253,0,1683.893406885919,3867.6820833940274,0.01623647,0.013913852,150.42772066204577,1.9072795260154276,7.884241e-07,8.894188e-07,55814.42276551424,362.7048957424926,53547.27979461871,246.98600120230788,False,55705.98162324274,302.18775358783284,False,56540.66257379048,401.2377449850207,False,56925.96378209455,564.1923685695681,False,56250.22424433915,774.2881225735797,False,-0.1213860772191721,11.902409415516985,56002.07124227245,226.3162283600845,0.0,0.0002141770930038,False,124821.1171875,677.1160278320312,False,126691.39764404295,899.0586311816633,False,126040.60870361328,1734.95746180911,False,False,-0.2719913612146704,26.669883505795134,False,False
2MASS J10014264+0154262,150.42769767501,1.9073150891300004,2025052500538,-1,g,20250525,g_6,0.1550399738438182,150.4277190699338,1.9072777059594697,745306228170686806,0,2854.3077013700977,600.9137790735298,0.015305987,0.014268466,150.4277190699338,1.9072777059594697,8.0399764e-07,8.4068375e-07,55689.98446137828,368.4560762820431,53969.86872092045,251.1063984521319,False,55634.29614994147,307.1045244859423,False,56260.09044282289,408.29678372653024,False,57178.78903152472,575.1014042091418,False,57043.28325800407,789.8790080944267,False,0.3640052850414704,12.159830390412324,55409.06062100802,223.2708353622492,0.0,0.0002904892728978,False,123142.625,679.75439453125,False,124527.7769165039,903.73638576526,False,126261.3194580078,1748.341962069494,False,False,0.8057002499514333,26.914934446092097,False,False
2MASS J10014264+0154262,150.42769767501,1.9073150891300004,2025052500539,-1,g,20250525,g_6,0.1405752964595901,150.42771785013483,1.9072816493979108,745306228301235153,0,340.65989231813126,2034.242075496443,0.018093102,0.016837483,150.42771785013483,1.9072816493979108,9.5204723e-07,9.900945e-07,56186.271621524,379.265305311908,53551.00784177325,256.6718762939505,False,55472.82273146418,315.0316504190971,False,55813.88283742254,419.71318432798506,False,55780.10162193479,592.0186801105522,False,55507.32699220033,814.229666897709,False,-0.1353518869088984,12.59498762513834,54917.03233544668,232.4240912425919,0.0,0.0002016142450014,False,118303.328125,671.8477783203125,False,119030.6851196289,895.0953659651933,False,118376.91314697266,1736.4553435185655,False,False,-0.2886562806950685,26.860521610015557,False,False
2MASS J10014264+0154262,150.42769767501,1.9073150891300004,2025052500540,-1,u,20250525,u_24,0.171044226450947,150.42772772921683,1.9072782765989311,745306228439122734,0,2084.5427068345416,3932.192759640821,0.29773048,0.37264037,150.42772772921683,1.9072782765989311,2.02556e-05,1.7128677e-05,4343.16969099111,740.2098751622275,4316.525900242493,445.1534940405738,False,4414.35633877536,587.9300266269358,False,4597.88810638321,832.7916728657389,False,4950.057927729721,1213.8337605503853,False,4798.982450383886,1692.2230257579813,False,-0.2668629868682039,27.196822765639816,4966.17006813118,343.6382974607688,0.0,0.061414425674267,False,1686.7242431640625,224.64788818359372,False,1756.851676940918,318.20945033120927,False,1833.689765930176,646.5979144715535,False,False,-0.1019682678536655,10.391897883931884,False,False
2MASS J10014264+0154262,150.42769767501,1.9073150891300004,2025052500541,-1,u,20250525,u_24,0.3240906669057774,150.42773932870563,1.907235267920364,745306228573339963,0,2725.7578595509967,2592.233869932194,0.4477782,0.6707054,150.42773932870563,1.907235267920364,3.634003e-05,2.6288675e-05,6148.568013292903,707.09024322528,5709.017488517574,423.7435671273551,False,6105.063987536208,558.2305620056225,False,6184.918941884484,789.9157952897117,False,6152.8695541523975,1152.7146849436976,False,5186.745197958142,1608.2620149985623,False,-0.2618431459227953,25.29085266930864,5283.845733463216,340.5910074623933,1.0,0.9773981728461562,False,2434.797607421875,222.63131713867188,False,2466.645046234131,315.0311106259689,False,2068.5573196411133,641.400731297865,False,False,-0.1044272535904944,10.086398389043358,False,False
2MASS J10014264+0154262,150.42769767501,1.9073150891300004,2025052500542,-1,u,20250525,u_24,0.2858038020120563,150.42774317909925,1.9072500165945625,745306228707557640,0,2292.86659827478,2081.2807391865595,0.33582014,0.3125055,150.42774317909925,1.9072500165945625,1.7465338e-05,1.8596646e-05,5099.429765333659,707.4646570543107,5195.363056990795,422.0938246720964,False,5670.5331206463625,556.8173675376011,False,6250.223705873535,788.3952334260574,False,5292.727464774142,1149.3313303609327,False,5419.88589249086,1602.8742500759545,False,0.1211826535691814,25.001443012355093,5539.7620918604325,353.47748743105035,0.0,0.0193760024436824,False,2270.49267578125,222.9507751464844,False,2502.6019325256348,315.67501062592714,False,2170.133029937744,641.7940196390188,False,False,0.0485217741447916,10.010627226006584,False,False
2MASS J10014264+0154262,150.42769767501,1.9073150891300004,2025052500543,-1,u,20250525,u_24,0.1070519315006982,150.42770468938446,1.9072861906652407,745306228842299731,0,836.3373558316787,2295.1692288902955,0.26377103,0.31957877,150.42770468938446,1.9072861906652407,1.7661328e-05,1.4806186e-05,4596.592571696228,687.8811047611074,4567.349634196426,413.7760228949791,False,4822.564823578367,545.3518931396667,False,5228.264309559922,771.2309910799524,False,5902.528598554604,1128.0749342332358,False,6896.616915455727,1575.8175025101425,False,0.2576229217505893,25.198706357520397,4565.686683478843,316.7679140507025,0.0,0.0429298671695086,False,1985.065673828125,224.47792053222656,False,2152.059825897217,317.45434701057894,False,2838.7876586914062,648.6385039671445,False,False,0.1060428293795216,10.372299563631865,False,False
2MASS J10014264+0154262,150.42769767501,1.9073150891300004,2025052500544,-1,u,20250525,u_24,0.2305440276785933,150.42772313143462,1.9072563199981496,745306228996440286,0,3236.9043254149888,1699.064562766046,0.3017836,0.2875905,150.42772313143462,1.9072563199981496,1.6008275e-05,1.676517e-05,5578.7818646343785,670.5966348075789,5381.415514091776,406.1894033325323,False,6089.872674172685,535.635385330117,False,6849.79645311507,754.7187046274195,False,6564.945034860959,1105.1801521866405,False,7019.965225110053,1544.9439010850083,False,0.271631282594921,25.11440032969701,5240.326917954748,294.83192695113496,1.0,0.2098381523707575,False,2478.580078125,218.00376892089844,False,2787.8692932128906,307.1707482179757,False,2857.1280364990234,628.792649687086,False,False,0.1105540167515532,10.221568768627728,False,False
2MASS J10014264+0154262,150.42769767501,1.9073150891300004,2025052500545,-1,u,20250525,u_24,0.1921378297821119,150.4277282741024,1.9072713482742636,745306229110210753,0,2561.3997264932927,1332.4594585611685,0.2840229,0.31205964,150.4277282741024,1.9072713482742636,1.733984e-05,1.5812268e-05,5232.463242338778,681.9810321380518,5839.364073897572,416.32283360686125,False,5228.573318404556,545.1525369633376,False,4788.805046757484,769.7766363056878,False,4007.3967378755306,1125.332046291894,False,2696.073896219544,1570.7548210469,False,-0.6810207352351472,24.53339081841565,5504.745796036351,294.4471834912329,1.0,0.3184011546282935,False,2139.79736328125,223.10406494140625,False,1959.8218841552732,315.0316379583706,False,1103.3701667785645,642.8325318890377,False,False,-0.2787082220816384,10.040307707038712,False,False
2MASS J10014264+0154262,150.42769767501,1.9073150891300004,2025052500546,-1,u,20250525,u_24,0.183254443076984,150.4277102288685,1.9072657556358417,745306229264876204,745306229264875602,565.3726272219677,497.52710004280544,0.31342432,0.36626935,150.4277102288685,1.9072657556358417,2.0362168e-05,1.743623e-05,5539.498211223163,689.9776693338654,5503.326089093124,415.68338759736696,False,6462.963078256502,548.9395899454424,False,7738.282295557672,776.9920608511385,False,9866.744138601933,1135.6172510774766,False,12836.367690914729,1581.8176387786823,False,1.3928145208840212,25.11452184732652,4908.074055366201,304.82511514035804,1.0,0.9399158768581802,False,2625.243408203125,222.9782257080078,False,3143.275668025017,315.61270910523024,False,5214.108336657286,642.5313403311937,False,False,0.5657586304495444,10.201471388825196,False,False
2MASS J10014264+0154262,150.42769767501,1.9073150891300004,2025052500547,-1,u,20250525,u_24,0.3141685233605696,150.4277502228323,1.907245392147388,745306229395423441,0,3170.3443573794257,1496.1569218149907,0.4832639,0.569722,150.4277502228323,1.907245392147388,3.1674997e-05,2.6871805e-05,5519.755621465996,697.5496268284817,5860.540959312411,423.492118043614,False,6139.005632378612,555.8878432934625,False,7373.919122292654,783.8915320932423,False,8447.734521240205,1142.122063638575,False,8682.805498015618,1589.9303225628632,False,0.3338327228892749,24.92400062291736,4957.874276807396,301.58499196037417,1.0,0.8180113798631573,False,2527.431640625,228.8592987060547,False,3035.8461322784424,322.7285296141392,False,3574.7152974307537,654.5750964032774,False,False,0.1374390963344721,10.261223324682156,False,False
2MASS J10014264+0154262,150.42769767501,1.9073150891300004,2025052500549,-1,u,20250525,u_24,0.1622043216385841,150.42774152046846,1.9073046097895885,745306229647081913,0,1527.9218842559328,3470.3403513125786,0.33341804,0.34441715,150.42774152046846,1.9073046097895885,1.914461e-05,1.8550452e-05,6057.278815116713,690.476511700429,5769.398820512477,415.88557144586974,False,6159.8461930489975,548.6164879191475,False,6225.387987670467,775.9372126877066,False,6154.651798921555,1134.2084513867494,False,4165.36229388932,1583.5039108368242,False,-0.391302263323072,25.34220781347588,5598.692086651363,311.7016960813848,1.0,0.57051296568011,False,2497.790771484375,222.4615936279297,False,2524.3676834106445,314.63915629739586,False,1689.036247253418,642.1039310301127,False,False,-0.1586713615174747,10.276154764540848,False,False
2MASS J10014264+0154262,150.42769767501,1.9073150891300004,2025052500550,-1,u,20250525,u_24,0.1370820004948175,150.42772571121964,1.907289305392188,745306229781299675,0,961.7349821498568,3792.277033518929,0.2298775,0.24572463,150.42772571121964,1.907289305392188,1.3641028e-05,1.2810744e-05,4314.06167282014,699.4947963314556,5053.912785910124,423.2272988222605,False,4659.302944916571,556.428796778767,False,5377.462873485129,789.5160135769761,False,5674.039519973701,1154.5274422332525,False,2856.342423994064,1609.7927770704384,False,-0.521538582138583,25.3588957119989,5258.18837929061,310.9532899340253,0.0,0.0045510087609067,False,1892.8612060546875,226.051513671875,False,2184.6166648864746,320.7441652381252,False,1160.400993347168,653.9850131076283,False,False,-0.2118772188161649,10.302156886793457,False,False
2MASS J10014264+0154262,150.42769767501,1.9073150891300004,2025052500551,-1,u,20250525,u_24,0.145142582389345,150.42770760126004,1.9072760113849705,745306229935964283,0,2249.601212298059,767.1525470622945,0.2906251,0.21647437,150.42770760126004,1.9072760113849705,1.2269462e-05,1.5987182e-05,6165.5100812800165,676.0786896879185,5073.960355890678,409.578549050936,False,5764.198562346511,539.970793700131,False,5480.242485210127,761.7356739496735,False,5633.006713439859,1113.691880493809,False,7681.319630231791,1557.9384612525473,False,0.3594198136490443,24.48051195667512,5102.295965740301,287.14679645620646,0.0,0.0652315142222571,False,2356.537353515625,220.7525177001953,False,2240.4495582580566,311.4151169069141,False,3140.300674438477,636.9211849159028,False,False,0.1469391117076307,10.008198058258154,False,False
2MASS J10014264+0154262,150.42769767501,1.9073150891300004,2025052500552,-1,u,20250525,u_24,0.1458877875519055,150.42771551337205,1.9072786972196507,745306230070181903,0,2576.097402288907,139.64335569983012,0.22411488,0.23614985,150.42771551337205,1.9072786972196507,1.3084729e-05,1.2514012e-05,6030.29345859088,672.792015409284,5464.645888582478,407.40658410816735,False,5490.929982149463,535.7574753606112,False,4896.112602425416,757.0880996236725,False,4323.810384873878,1109.2181092888663,False,3837.2516060397834,1551.1588859262158,False,-0.1197355017555571,25.14063254971767,5627.575817548561,298.2075806938665,0.0,0.0369254527895152,False,2245.80078125,219.12582397460935,False,2002.519344329834,309.6504692533594,False,1569.443187713623,634.4269275297329,False,False,-0.0489720474054792,10.282566414946912,False,False
2MASS J10014264+0154262,150.42769767501,1.9073150891300004,2025052500554,-1,u,20250525,u_24,0.1314894658412652,150.4277161135551,1.907283554047243,745306230312927628,0,2940.32747515072,3530.0585277899777,0.31324273,0.35816655,150.4277161135551,1.907283554047243,1.9605717e-05,1.7772045e-05,5987.985377109513,762.9394017021749,4791.266384629249,458.40555602145287,False,5017.472534305207,605.0970599516163,False,4354.166420002073,855.1858512567843,False,3571.1863307462195,1248.051412924022,False,3772.877050856058,1743.2099022627017,False,-0.0311119302255984,28.02869220138139,5279.3101717441605,358.2641140970714,0.0,0.0042346476429452,False,1928.6480712890625,232.591064453125,False,1673.6822395324707,328.7217879805466,False,1450.2425270080566,670.0661324729127,False,False,-0.0119590020300907,10.7738473475141,False,False
2MASS J10014264+0154262,150.42769767501,1.9073150891300004,2025052500555,-1,u,20250525,u_24,0.2716941692190492,150.42776368633994,1.9072784402137284,745306230447145267,0,1562.0301331470453,3067.497519821545,0.47763953,0.38106456,150.42776368633994,1.9072784402137284,2.2196178e-05,2.5726296e-05,5222.710298600195,795.4427330535243,5580.987806701578,476.87388215482576,False,6405.204829335221,629.8566077095713,False,8100.972160383836,892.5685792553921,False,9679.773252166407,1301.3937477791872,False,10000.827717476115,1815.884430286779,False,-0.1775867749177251,29.1620359399063,5355.802277344477,373.4684283490682,1.0,0.7848392831423399,False,2358.943603515625,231.96701049804688,False,2983.470001220703,328.7200014417123,False,3683.159118652344,668.7637750365576,False,False,-0.0654026214497523,10.739952894382991,False,False
2MASS J10014264+0154262,150.42769767501,1.9073150891300004,2025052500556,-1,u,20250525,u_24,0.213427165245106,150.4277253609318,1.9072626573799671,745306230581363015,0,2288.50387367926,3491.3966878441147,0.42084798,0.3172393,150.4277253609318,1.9072626573799671,1.9009763e-05,2.2307291e-05,5146.225765708537,834.0556250218343,5354.419035419092,500.8470350662509,False,5380.853013952995,660.8385333781985,False,5747.357922913408,935.0864569895764,False,7112.697201800744,1371.2053371239033,False,6074.548744453885,1909.3660461926795,False,0.138249024233576,29.130002933321105,6077.666002548572,400.92611021406674,0.0,0.0236222548770844,False,1885.49755859375,231.5635528564453,False,2013.924057006836,327.6624035549855,False,2128.5745582580566,669.0584205185924,False,False,0.0484436569804902,10.207405641853036,False,False
2MASS J10014264+0154262,150.42769767501,1.9073150891300004,2025052500557,-1,u,20250525,u_24,0.083529537335655,150.42772088761967,1.9073147222993423,745306230720823318,0,2621.858927923431,277.5149085028208,0.38190794,0.37901992,150.42772088761967,1.9073147222993423,2.1120813e-05,2.1199929e-05,5529.733447322457,769.838497245032,4298.362614367175,459.4778081518316,False,4824.223432069984,608.3418900048056,False,4193.774888636194,860.9712090239736,False,3993.5955358539577,1258.6409910835714,False,1891.7192609930648,1759.177079194685,False,-1.3874158378115882,28.054217204086516,4495.628927267955,366.9251702216532,1.0,0.1785568774960133,False,1759.46533203125,221.87124633789065,False,1529.5314636230469,314.00887945704443,False,689.937873840332,641.5977881892886,False,False,-0.5060109885277736,10.231786168885062,False,False
2MASS J10014264+0154262,150.42769767501,1.9073150891300004,2025052500558,-1,r,20250525,r_57,0.160067321115486,150.42772070327763,1.907277046291554,745306230855042154,0,1501.739738703023,3467.236945253805,0.015720928,0.016314978,150.42772070327763,1.907277046291554,9.046119e-07,8.759497e-07,180865.41129229427,851.090214858163,169374.6216973874,562.1143347509121,False,182241.84130899268,695.9130937276074,False,190489.6437866484,932.3177043437784,False,195345.3222822288,1315.414645857091,False,197669.1432425576,1806.1027920259348,False,0.6849592989035616,28.337770659674337,182017.10080881589,549.625086924527,0.0,0.0010961810776486,False,275103.71875,1050.5177001953125,False,287554.2137451172,1407.3829899828845,False,298392.0487060547,2726.4078927333294,False,False,1.03398236632865,42.77736678671479,False,False
2MASS J10014264+0154262,150.42769767501,1.9073150891300004,2025052500559,-1,r,20250525,r_57,0.1559951358864833,150.4277187254602,1.9072772073391049,745306230989259328,0,2278.3913882672314,2200.9781781833094,0.018186243,0.018845128,150.4277187254602,1.9072772073391049,1.0458626e-06,1.0120909e-06,181811.50424436043,1101.3816137912163,171490.06266482512,711.2043820760139,False,182286.32205068364,893.7246461683746,False,188460.2446016924,1214.898657988374,False,189816.3825441032,1729.7208932901406,False,190724.42580119715,2391.1113121197977,False,0.3993984537575837,37.46337544186965,181740.9580061242,652.8857710860698,0.0,0.000460216063971,False,216294.921875,1060.464111328125,False,223620.6942138672,1441.5585731252745,False,226307.2967529297,2837.2136133482363,False,False,0.4739129978631789,44.45280245502985,False,False
2MASS J10014264+0154262,150.42769767501,1.9073150891300004,2025052500560,-1,r,20250525,r_57,0.1639074321479759,150.427719437307,1.907275090460277,745306231123476956,0,1903.768030515446,1644.4229248146128,0.020293288,0.017486352,150.427719437307,1.907275090460277,9.75716e-07,1.1244396e-06,182634.48959208184,947.5020720837088,169094.67557492337,615.6592639660357,False,182818.049363328,768.7835012141584,False,191382.9667478169,1036.252118755516,False,193563.94335213845,1469.6194558422285,False,192109.82471617637,2025.6112341860835,False,-0.3292946895349614,31.76868708269052,180947.4368462194,597.7298457869329,0.0,0.0030655944167548,False,253069.8125,1064.205078125,False,264925.9833984375,1434.4542582609488,False,265932.15215697885,2803.995869218556,False,False,-0.4558332485664007,43.97648761370258,False,False
2MASS J10014264+0154262,150.42769767501,1.9073150891300004,2025052500561,-1,r,20250525,r_57,0.1620263701456265,150.4277198954717,1.907275942516809,745306231258219432,0,410.75560255477234,2139.722896900762,0.011342764,0.01198167,150.4277198954717,1.907275942516809,6.655535e-07,6.306984e-07,181895.1594156249,650.3734715393665,171620.80755522952,447.5097899810207,False,181901.2103908769,542.4626134612996,False,187622.115685818,712.2441193762004,False,189514.87169510752,992.4654262491376,False,190097.4157900133,1354.874046928958,False,0.4105242709397381,20.985837979668137,181157.70898172885,441.1169380259878,0.0,2.812165806986844e-05,False,357755.625,1066.892578125,False,369007.260131836,1400.8116797709167,False,373875.5759277344,2664.709104539632,False,False,0.8074018133915691,41.27406060922759,False,False
2MASS J10014264+0154262,150.42769767501,1.9073150891300004,2025052500562,-1,r,20250525,r_57,0.1609973239636631,150.42771946669694,1.9072760294438147,745306231412359731,0,2450.595679926292,1341.5508298289417,0.011647376,0.01152012,150.42771946669694,1.9072760294438147,6.4010027e-07,6.4720007e-07,181647.0738784449,628.2398341691276,171351.85039877702,434.45050756518,False,181819.4105880214,524.7948605163579,False,188266.617648914,686.7809345577331,False,189733.55559673425,954.7864170966836,False,189878.26208866443,1300.523972576986,False,0.0353124584175055,20.013915915884677,180024.19095878623,431.8928268433078,0.0,0.0011371480405772,False,367183.96875,1059.822265625,False,380204.0916748047,1386.9528473180312,False,383458.8046875,2626.4057955140825,False,False,0.0713134455013641,40.41806676447052,False,False
2MASS J10014264+0154262,150.42769767501,1.9073150891300004,2025052500563,-1,r,20250525,r_57,0.1680352949493405,150.427719809777,1.9072739881842304,745306231526130040,0,2243.1740069577,918.9675596472908,0.012058812,0.0121692475,150.427719809777,1.9072739881842304,6.7630543e-07,6.702744e-07,183365.9370269709,738.1784313351841,173270.9924922883,501.559029341722,False,183233.242291034,612.5894329062111,False,188156.5751667335,808.675495616271,False,191946.49092479923,1136.1933724379242,False,192032.217569118,1555.9033496337136,False,0.6026606905794437,23.66435801760609,182758.14327479407,483.6163365844688,0.0,0.0012680485945557,False,314434.53125,1051.2244873046875,False,322883.1394042969,1387.7148994263353,False,329533.8747558594,2669.983537350311,False,False,1.03418642477638,40.60885037868617,False,False
2MASS J10014264+0154262,150.42769767501,1.9073150891300004,2025052500565,-1,r,20250525,r_57,0.1586212296761074,150.42771875614352,1.907276391717824,745306231811342660,0,2418.454697378992,705.3907325332455,0.011501326,0.010642615,150.42771875614352,1.907276391717824,5.919484e-07,6.384762e-07,182588.27630483016,633.3251180144044,172889.2245174894,438.7455057318884,False,182538.6104258061,529.6100301602054,False,188109.80956045727,693.399562157949,False,188846.435143733,964.3124684194928,False,187951.47423176543,1313.7150686166658,False,-0.0188132301101659,20.136495857665416,181209.99422183915,432.9570526248798,0.0,0.0031314568537018,False,364284.0625,1056.9188232421875,False,375402.2530517578,1383.7861965169686,False,375086.2703857422,2621.7218431037686,False,False,-0.0375447138404955,40.18549554219543,False,False
2MASS J10014264+0154262,150.42769767501,1.9073150891300004,2025052500566,-1,r,20250525,r_57,0.1586797209672257,150.4277196403077,1.9072768673586635,745306231928783355,0,3752.1380264585305,1531.7844362923574,0.013698128,0.013642972,150.4277196403077,1.9072768673586635,7.5832645e-07,7.613067e-07,181126.0655366672,854.1451947622995,171155.06875575456,568.1091311182871,False,180576.08147092853,701.948982028228,False,185456.2436432377,939.1587912407006,False,187595.28580369888,1328.2238543487342,False,188180.76228082343,1827.114590344602,False,0.3129054556167326,28.384427683396154,179965.22434357734,530.4593788355544,0.0,6.740326596066382e-05,False,272094.0625,1057.70458984375,False,279447.54553222656,1415.1349877553505,False,283552.8807373047,2753.11673334723,False,False,0.4714894459091311,42.76997361555943,False,False
2MASS J10014264+0154262,150.42769767501,1.9073150891300004,2025052500567,-1,r,20250525,r_57,0.1614853295467034,150.42771893937729,1.907275586202985,745306232063001910,0,987.0627030396151,2940.459283660872,0.01145534,0.010898812,150.42771893937729,1.907275586202985,6.0713523e-07,6.3526335e-07,182585.56179710195,619.6440678676398,172899.91606605446,430.6481319936619,False,182552.3274491922,518.8531415651698,False,187858.53215755688,677.0438565976813,False,188677.84681801312,938.8864304364682,False,190114.5890776129,1280.7481491816584,False,0.4346269069077726,20.04991466467672,181483.93674085248,426.35921948688406,0.0,4.1590597724905365e-05,False,373002.25,1060.1529541015625,False,383844.2169189453,1383.3780450150591,False,388453.9324951172,2616.904139231275,False,False,0.8880566818971942,40.96723052908688,False,False
2MASS J10014264+0154262,150.42769767501,1.9073150891300004,2025052500568,-1,r,20250525,r_57,0.1663702385798805,150.42771712208753,1.9072731610993523,745306232197219815,0,392.53981728875993,3214.924359068901,0.010614098,0.010165462,150.42771712208753,1.9072731610993523,5.667496e-07,5.8814845e-07,181943.38102589996,614.3024312300602,173748.19992175527,428.92897112655015,False,182184.4405924013,515.5126079968577,False,187007.73069126776,671.8455925358359,False,190189.47408335775,931.4814451044034,False,190080.43473643763,1269.9048707880172,False,0.5588957889329289,19.63559045355837,181145.39959557095,421.91843609906766,0.0,0.0020159105809783,False,374089.9375,1058.5321044921875,False,383993.88037109375,1379.5397395306654,False,390303.2427978516,2607.5697364676544,False,False,1.147613320166557,40.31890309437116,False,False
2MASS J10014264+0154262,150.42769767501,1.9073150891300004,2025052500569,-1,r,20250525,r_57,0.1529230833430024,150.42771928245838,1.907278509494706,745306232351883422,0,1556.8044475512213,332.7564412323196,0.009587337,0.009477265,150.42771928245838,1.907278509494706,5.272848e-07,5.32182e-07,182138.86096271424,610.5089601167709,174961.2289281837,427.60129636508407,False,182503.6651785184,512.9101007073087,False,186945.08309148156,667.9033642705256,False,189833.05999542377,926.9979840348508,False,188188.30181310943,1261.895554917103,False,0.197531851916756,19.56852232103541,181833.38524621737,416.64623358372575,0.0,0.0005712170120958,False,377178.4375,1060.0260009765625,False,386357.4699707031,1380.3489759514282,False,388926.81724619865,2607.9464937115754,False,False,0.4082370356209867,40.44206271699999,False,False
2MASS J10014264+0154262,150.42769767501,1.9073150891300004,2025052500570,-1,r,20250525,r_57,0.1608843606632521,150.4277222452535,1.9072777504514429,745306232465655672,0,1940.999791788676,3987.8535268503488,0.009724116,0.010454699,150.4277222452535,1.9072777504514429,5.756163e-07,5.46191e-07,,,174844.94431076627,431.4097688627705,False,180944.6081635908,516.7885031074102,False,,,True,,,True,,,True,-0.8360672196436921,19.05941747127928,181408.5562455096,418.9856958701764,0.0,0.0003549884598496,False,373501.5625,1066.7425537109375,True,,,True,,,False,False,-1.7257900970977056,39.34199685810268,False,False
2MASS J10014264+0154262,150.42769767501,1.9073150891300004,2025052500571,-1,r,20250525,r_57,0.1643762489417285,150.42771872471042,1.907274564534426,745306232594629879,0,4019.096461484626,2602.6250863520145,0.008932858,0.008498272,150.42771872471042,1.907274564534426,4.7645537e-07,4.924803e-07,182066.0043737638,610.2480919024943,176003.39435643036,428.8442233700365,False,182035.36284992503,513.8030765772023,False,186137.8302659813,669.6299675312,False,186984.39752929303,929.0993514979816,False,188232.10884386773,1267.0370444737175,False,0.8363075476971301,19.34518589275948,181446.72792949495,412.2346147417679,0.0,0.0005277832062381,False,377570.875,1065.7109375,False,386080.0579833984,1388.921189864736,False,390423.9315185547,2628.0403875908364,False,False,1.734637532013136,40.12505400167011,False,False
2MASS J10014264+0154262,150.42769767501,1.9073150891300004,2025052500572,-1,r,20250525,r_57,0.1637940222032734,150.4277189029302,1.907274840236013,745306232728847308,0,2847.7921632549287,2750.1401616513776,0.011757143,0.010695872,150.4277189029302,1.907274840236013,6.072626e-07,6.4148577e-07,181829.45092527603,862.2620938195156,175622.29901475797,578.007173476521,False,182050.4387511476,712.7306820058853,False,185600.73017991445,953.4262524883457,False,187596.5324389469,1350.28581715013,False,188948.42583639376,1857.933362095653,False,0.8425468181081415,28.95577829675126,181201.52714451772,512.3048087557332,0.0,0.000151895320668,False,271480.65625,1062.8515625,False,276774.9881591797,1421.7861076694744,False,281767.2014160156,2770.6220972088545,False,False,1.2564384061387257,43.17997664909217,False,False
2MASS J10014264+0154262,150.42769767501,1.9073150891300004,2025052500573,-1,r,20250525,r_57,0.1606564726353624,150.42771945985925,1.9072761340643412,745306232863065130,0,1520.762277641897,2147.6647560082806,0.009775774,0.009123721,150.42771945985925,1.9072761340643412,5.1644423e-07,5.343046e-07,182715.95928390484,649.6389118120431,176017.53206607615,452.4688761107571,False,182942.97082628653,545.3758273915898,False,186674.37439532363,714.1019791748572,False,188309.83257786295,994.5929383645948,False,188348.73791430885,1358.5273930887531,False,0.5441807452279972,21.64705604694933,181855.5327447994,431.2238985006621,0.0,0.0002633667851044,False,355148.5625,1058.7421875,False,362392.3642578125,1386.2915324752926,False,365642.81872558594,2637.319425792429,False,False,1.0564221655251065,42.0235923944356,False,False
2MASS J10014264+0154262,150.42769767501,1.9073150891300004,2025052500574,-1,r,20250525,r_57,0.1573876196969181,150.42771942477887,1.907277157565665,745306232997282867,0,2204.4915133796694,2647.796964776227,0.012180216,0.0113556795,150.42771942477887,1.907277157565665,6.452029e-07,6.6341386e-07,180544.1368563271,689.1244805853898,171988.30387124172,471.7480295425018,False,180860.99551568236,573.238320782966,False,186911.7984577003,756.0329300553036,False,189731.94422409803,1055.9869755963184,False,188119.8928852826,1445.2553353129542,False,0.047976462029032,22.562062912824985,180158.6793170517,455.5245534566688,0.0,0.0013430593262971,False,332875.90625,1055.049072265625,False,344012.4506835937,1391.4838079345875,False,346235.9567871094,2660.00238544099,False,False,0.0883010083575372,41.52563197809509,False,False
2MASS J10014264+0154262,150.42769767501,1.9073150891300004,2025052500576,-1,r,20250525,r_57,0.1630316529770228,150.42772082659832,1.9072761600773656,745306233266765830,0,3993.104642857192,17.18582236597624,0.016087072,0.014671667,150.42772082659832,1.9072761600773656,8.4767527e-07,8.6294034e-07,,,172420.67372738192,587.2879428250453,False,182290.93594453423,727.3643184661092,False,187741.0867969388,973.3303470795332,False,,,True,,,True,1.8671514437422951,29.36198781438584,180967.41817505303,552.7252094356644,0.0,0.0163129771836637,False,264157.5625,1054.022705078125,False,272055.369140625,1410.4517630544194,True,,,False,False,2.7056867728595875,42.548419047905085,False,False
2MASS J10014264+0154262,150.42769767501,1.9073150891300004,2025052500577,-1,r,20250525,r_57,0.1641506708708176,150.4277203217172,1.9072755060724929,745306233401508288,0,470.3281853002404,1223.0243045911632,0.013743752,0.011324519,150.4277203217172,1.9072755060724929,6.939459e-07,7.054742e-07,183018.85611952608,741.1948989283769,173176.56527754554,503.3777675474505,False,182862.97297384377,615.1589584857392,False,188280.2480447849,814.456870179181,False,190908.9571619656,1142.3906457260944,False,192344.8401697743,1564.011922642954,False,1.1747395687198905,24.625555016893404,181598.0266384801,482.2930665679915,0.0,0.0001428678528554,False,312373.4375,1050.8377685546875,False,321627.4313964844,1391.2859891529424,False,328570.72119140625,2671.704241825081,False,False,2.006734503331017,42.06630323172455,False,False
2MASS J10014264+0154262,150.42769767501,1.9073150891300004,2025052500578,-1,r,20250525,r_57,0.1601809056246445,150.42771794295265,1.907275472927328,745306233532580991,0,3626.121353485593,3751.3306733395984,0.013085409,0.012639929,150.42771794295265,1.907275472927328,7.1500716e-07,7.149224e-07,183194.2065823493,881.9445331892158,173799.62106503922,586.38505902804,False,182159.6009959193,725.1914982685204,False,186415.70261479684,972.1909821803972,False,187042.14418855167,1374.8430008251903,False,188861.0369397225,1892.2966934771136,False,0.5966736018223868,29.45453011153075,182317.5008653035,540.0357299488752,0.0,0.0004443745808797,False,266026.71875,1059.072998046875,False,272242.3491210937,1419.7921799004407,False,275813.5266113281,2763.518790746957,False,False,0.8713848712322851,43.01553118832935,False,False
2MASS J10014264+0154262,150.42769767501,1.9073150891300004,2025052500579,-1,r,20250525,r_57,0.1639544618843058,150.4277198342043,1.9072752937744275,745306233672041509,0,2051.52357687655,2630.64334983364,0.013130339,0.011003361,150.4277198342043,1.9072752937744275,6.802442e-07,6.662953e-07,181613.4431136232,658.6440358397327,171872.53108578004,452.2764656415905,False,182205.3024761112,548.0690832912953,False,188452.10145322085,719.6814110362842,False,193566.04919750057,1004.0797208526676,False,193910.1309353066,1369.7976821370555,False,0.7271947069979726,21.07191966936772,181397.5948038976,446.9051784270638,0.0,3.7018520526954646e-05,False,352071.75,1059.023193359375,False,364142.3177490234,1390.6263450221725,False,374688.7615966797,2646.83332780157,False,False,1.4051441401771538,40.71685913106942,False,False
2MASS J10014264+0154262,150.42769767501,1.9073150891300004,2025052500580,-1,i,20250525,i_39,0.2566815787156828,150.42772875599414,1.9072509112908789,745306233807831170,0,814.0,2806.0,,,150.42772875599414,1.9072509112908789,,,415525.0988582487,17803.467753458703,398619.3194098466,10626.608585560252,True,425897.0578235936,14085.337499203635,True,443519.9719465255,19907.362112171664,True,462237.3746142825,29268.838369511985,True,498332.5155916858,40966.62864212708,True,26.46937176133408,655.4772399157849,272451.28967841394,6467.964716527581,,,True,36866.0625,1219.240478515625,True,38391.51904296875,1723.2005771249922,True,43136.14599609375,3546.111118148423,True,True,2.291214498347773,56.738745784132426,True,False
2MASS J10014264+0154262,150.42769767501,1.9073150891300004,2025052500581,-1,i,20250525,i_39,0.1558677183511915,150.42772178001871,1.9072791143225905,745306233942048972,0,1743.8311643709965,1645.0319373775726,0.029882094,0.02695104,150.42772178001871,1.9072791143225905,1.498591e-06,1.6596678e-06,440332.7346788213,5443.36566100429,412362.3547858391,3327.900761650313,False,439838.56268064544,4330.331856739389,False,458210.0069929111,6047.483893044793,False,467958.2947756976,8801.564242497263,False,460777.4756663146,12255.8493633359,False,-2.1889421399816094,195.74343831803316,440510.91454997,2759.0078169936405,0.0,0.0009653813981046,False,126157.3828125,1242.05419921875,False,131426.80102539062,1734.5790143944826,False,132163.21923828125,3515.30313849568,False,False,-0.6278467486457721,56.14441746630811,False,False
2MASS J10014264+0154262,150.42769767501,1.9073150891300004,2025052500582,-1,i,20250525,i_39,0.1792593920217621,150.42771921126555,1.90727018731104,745306234076266637,0,1452.4539013404303,1039.6852303407804,0.024767786,0.026814317,150.42771921126555,1.90727018731104,1.4899309e-06,1.3762132e-06,452048.0068991276,4946.764990880356,423361.16283362673,3044.121242839202,False,447952.7388784057,3947.669751480036,False,458455.6689656795,5517.339950832365,False,456067.1106742767,8002.532469464849,False,459318.5973940479,11136.194820511657,False,0.5218091529662057,175.08937899132502,444053.8835188349,2450.340475902254,0.0,0.0005051958547844,False,141452.015625,1246.5731201171875,False,144768.572265625,1742.2348145200697,False,145041.06298828125,3516.525443505879,False,False,0.1647739818344526,55.28874683267703,False,False
2MASS J10014264+0154262,150.42769767501,1.9073150891300004,2025052500584,-1,i,20250525,i_39,0.1668732477099692,150.4277150344839,1.907272104875669,745306234365149235,0,1522.8479861222067,771.9468132149765,0.046024512,0.043605283,150.4277150344839,1.907272104875669,2.4239366e-06,2.5569043e-06,434373.52281970513,11294.196660811453,403667.7002878074,6687.30391590587,False,442269.7503799837,8825.966016303531,False,482201.2937225665,12466.784844570271,False,486858.9974437182,18237.26284904071,False,477799.3663252823,25458.859194809927,False,-3.401757798848052,408.8120258226809,446206.3767223419,5856.760231963307,0.0,0.0020115156181303,False,61532.18359375,1227.9405517578125,False,67087.78637695312,1734.4810338505029,False,66475.35424804688,3542.044638405759,False,False,-0.4732803571583866,56.87727140877627,False,False
2MASS J10014264+0154262,150.42769767501,1.9073150891300004,2025052500585,-1,i,20250525,i_39,0.1646580723328087,150.4277187680565,1.90727449882074,745306234478919708,0,1912.0522274681337,347.8974016128161,0.03099518,0.030668283,150.4277187680565,1.90727449882074,1.7045e-06,1.7220846e-06,445425.7426724633,8045.853198183251,411198.1534796399,4814.307248774878,False,451652.0856445123,6321.740286948274,False,482717.4120722925,8866.176859677054,False,482383.6270522501,12971.031871474412,False,462578.0311651539,18088.92150885054,False,-8.392320059010792,291.01237211673725,458752.4087473984,4310.941297568786,0.0,0.0006336657509719,False,88456.1015625,1238.1134033203125,False,94540.24853515624,1736.4415347524032,False,90595.94897460938,3542.7169031216795,False,False,-1.6436366377574023,56.99479923173233,False,False
2MASS J10014264+0154262,150.42769767501,1.9073150891300004,2025052500586,-1,i,20250525,i_39,0.1763044377549395,150.42771967358544,1.9072713284395084,745306234609467755,0,3451.4377426946085,3255.4416906216707,0.029058872,0.027932212,150.42771967358544,1.9072713284395084,1.5539641e-06,1.6127226e-06,434357.478102249,4233.040834957097,397681.1604614615,2567.408844744252,False,437761.05294629984,3326.249349268304,False,467445.3742963097,4636.665522414845,False,485750.56886378303,6721.875828264215,False,490705.9805355288,9326.721524955106,False,1.2281185725761876,147.73736244490047,446938.5510668622,2477.810703524445,0.0,0.0001888126894694,False,167768.578125,1274.7596435546875,False,179144.86743164062,1776.966627572902,False,188059.3170127869,3574.394748638124,False,False,0.4706670575266697,56.61921513232285,False,False
2MASS J10014264+0154262,150.42769767501,1.9073150891300004,2025052500587,-1,i,20250525,i_39,0.1445900397881864,150.4277127885249,1.907277873897237,745306234743685381,0,1605.9793322965631,3873.247189481652,0.025726506,0.028313324,150.4277127885249,1.907277873897237,1.5652811e-06,1.4377026e-06,437378.9703625069,9797.412098180615,391960.5946102426,5734.768675542029,False,440106.3805922441,7559.929854718779,False,472846.79569456313,10654.89561778702,False,480736.7099487864,15579.6109861798,False,490924.513739139,21732.757156489806,False,3.202482972331237,341.34134897712846,450133.541436574,5435.96053124296,0.0,0.0074196939481494,False,71615.421875,1230.17431640625,False,76943.03979492188,1733.7963691302896,False,79884.69995117188,3536.419013454246,False,False,0.5211175734429859,55.544081586554135,False,False
2MASS J10014264+0154262,150.42769767501,1.9073150891300004,2025052500588,-1,i,20250525,i_39,0.1824952436223209,150.42772003929483,1.9072695898383296,745306234881572935,0,3323.982377416299,1175.1615156301164,0.037434954,0.04044349,150.42772003929483,1.9072695898383296,2.2337097e-06,2.0938924e-06,475799.8913794234,10232.341363599244,432096.7033733309,6066.787390733902,False,478288.5756047702,7992.406226192415,False,507841.16588524624,11247.254197870663,False,513628.8438881167,16465.358296582897,False,523143.0315079541,22975.517024517438,False,0.8660853212778495,362.2503695748993,481833.1121049252,5588.549545919224,0.0,0.0037393856275875,False,73853.078125,1234.116455078125,False,78416.32690429688,1736.7011995148976,False,80779.10522460938,3547.675483631247,False,False,0.1337332107804809,55.93548792420359,False,False
2MASS J10014264+0154262,150.42769767501,1.9073150891300004,2025052500589,-1,i,20250525,i_39,0.1415033219554659,150.42770804789737,1.9072771744674968,745306235015790733,0,390.83866368731685,2220.153881291636,0.021586502,0.023334064,150.42770804789737,1.9072771744674968,1.2856447e-06,1.2108889e-06,433848.193084966,9880.873657648635,384433.4814663748,5847.757518085246,False,423787.2693656849,7713.263551568677,False,438894.7352713716,10898.525843506744,False,438539.98560158926,15914.4118129595,False,446495.81002924,22219.653898588826,False,5.590165662239893,346.279458972876,434086.3976118235,5254.115417783775,0.0,0.0054397003527856,False,68812.53125,1252.4425048828125,False,71265.60864257812,1769.6500211244102,False,72499.83447265625,3607.920149534898,False,False,0.9077041174486672,56.227187115530576,False,False
2MASS J10014264+0154262,150.42769767501,1.9073150891300004,2025052500590,-1,i,20250525,i_39,0.1661244925195149,150.42772111249585,1.907275330889732,745306235146338893,0,4029.114083915026,2450.5454195103466,0.014338179,0.01284913,150.42772111249585,1.907275330889732,7.268043e-07,7.851049e-07,448176.265155756,1788.8987744159058,412677.3816991704,1163.7618856721303,False,447025.0979788261,1451.030454109252,False,467080.98045892885,1951.9628182678032,False,477351.6385534796,2764.1159987278425,False,480387.4634170666,3808.827626178173,False,0.9981703626483156,60.12287845632268,446950.1150838749,1138.7992826761893,0.0,0.0003721254335394,False,418239.46875,1357.5931396484375,False,437003.8774414063,1826.2685827334644,False,449453.505859375,3563.5628740660486,False,False,0.9338944146169632,56.25133993367925,False,False
2MASS J10014264+0154262,150.42769767501,1.9073150891300004,2025052500591,-1,i,20250525,i_39,0.1451780115039992,150.4277105749637,1.9072768783901624,745306235284226382,0,748.9146294911616,3942.193698569476,0.019189978,0.019100122,150.4277105749637,1.9072768783901624,1.0620827e-06,1.0654686e-06,465012.47760473617,7686.290591217426,427393.456347747,4600.60516744236,False,467402.98404893937,6031.713422951105,False,492149.4516486301,8478.114320732664,False,507416.3259627668,12367.007465749815,False,514685.2132160564,17239.066051448932,False,4.719158675007389,270.41047716132925,474422.86096549255,4057.313674440824,0.0,9.162654621253097e-06,False,98279.2890625,1268.2685546875,False,103482.6474609375,1782.665229935639,False,108221.16796875,3624.8017523578415,False,False,0.992281982316771,56.85832217041264,False,False
2MASS J10014264+0154262,150.42769767501,1.9073150891300004,2025052500592,-1,i,20250525,i_39,0.1817509486224372,150.42772535578538,1.907272857655267,745306235418444063,0,1206.0551933685103,3389.8690973137645,0.03575068,0.033983562,150.42772535578538,1.907272857655267,1.911473e-06,1.9642105e-06,439165.0977315724,7363.429745291345,403901.8825391409,4409.939953435441,False,442151.7408948835,5784.356605574752,False,462434.3942382641,8124.178647918567,False,454299.0342335009,11850.637379342132,False,453343.0988821573,16523.791564504765,False,-5.440493942634253,262.6221430810654,435248.0557577432,3868.063857233187,0.0,0.0566435306977541,False,95904.4765625,1254.6500244140625,False,100303.86499023438,1762.166760108046,False,98331.9267578125,3584.0763119338885,False,False,-1.1800648409837071,56.96379056415248,False,False
2MASS J10014264+0154262,150.42769767501,1.9073150891300004,2025052500593,-1,i,20250525,i_39,0.1541139968278733,150.4277210059432,1.9072791876121575,745306235547418758,0,4011.541123312276,1768.780381109904,0.030254407,0.026564704,150.4277210059432,1.9072791876121575,1.5348245e-06,1.6281551e-06,449118.8407374732,7002.5585606298055,414790.1483102255,4210.311505035253,False,449946.9254845992,5512.89707985905,False,468085.5997496319,7758.356716903889,False,474967.5107969129,11280.569546206068,False,477612.40397236,15741.003184346711,False,-4.213261663926837,254.01478452431024,454241.4771373048,3622.3007229926848,0.0,0.0001006175833898,False,102478.875,1255.604736328125,False,106610.09765625,1767.025449369845,False,108779.90063476562,3585.134615523632,False,False,-0.9596027685594866,57.85382203330495,False,False
2MASS J10014264+0154262,150.42769767501,1.9073150891300004,2025052500594,-1,i,20250525,i_39,0.1646785876907668,150.42772080931675,1.907275618697973,745306235681636582,0,2853.556336464921,1777.758281471586,0.02386431,0.024264686,150.42772080931675,1.907275618697973,1.3411881e-06,1.3331597e-06,449942.0847684864,4636.1717587286175,424846.041696178,2860.1175147729323,False,448829.58409505984,3703.076795165556,False,465018.0046031626,5168.999309177948,False,468178.756314892,7487.510423370124,False,463118.512456398,10424.542599423434,False,0.0948520081815499,166.4113695640309,446991.9050608698,2340.6439365108704,0.0,0.005415648297159,False,156515.671875,1291.33544921875,False,162160.89135742188,1802.5313581514029,False,161498.50122070312,3635.242298539644,False,False,0.0330767541073763,58.030905800177415,False,False
2MASS J10014264+0154262,150.42769767501,1.9073150891300004,2025052500595,-1,i,20250525,i_39,0.1679868760974538,150.42772006762902,1.907274143268208,745306235815854262,0,1630.050732570252,1033.1342651626878,0.017333858,0.017393315,150.42772006762902,1.907274143268208,9.651367e-07,9.643135e-07,446540.6034970938,2913.3044444358893,422814.8681395949,1850.917534487368,False,446705.83690093615,2356.7032766945326,False,457577.6102223566,3234.772912571056,False,464871.6995079718,4658.246648745595,False,462791.800051174,6456.383717013668,False,-0.5229345720908111,100.60468251600544,436217.7249805111,1574.0977890482004,0.0,0.0147927525056004,False,248564.703125,1311.3624267578125,False,254614.185546875,1799.9549194794306,False,257515.56591796875,3592.585924137996,False,False,-0.2909813705755922,55.980403605340406,False,False
2MASS J10014264+0154262,150.42769767501,1.9073150891300004,2025052500596,-1,i,20250525,i_39,0.1568551074772792,150.42771781779334,1.9072764479882505,745306235953742505,0,2232.7522066637,3642.5803607185458,0.01601641,0.017368779,150.42771781779334,1.9072764479882505,9.3002984e-07,9.2653374e-07,442271.3295752361,2791.9382979824254,418778.5475876437,1773.305939124957,False,442361.84358111134,2254.0947631322515,False,455452.5154140111,3097.2202887823687,False,459786.0131797119,4447.475214497507,False,461689.2239107071,6170.406628971943,False,0.3384712829387422,96.67492761577772,438374.1579516531,1526.6558360542251,0.0,0.0047408488899179,False,255617.359375,1302.5213623046875,False,263181.76171875,1789.7187180793942,False,266785.62353515625,3565.549496763043,False,False,0.1955845352046184,55.86329398318285,False,False
2MASS J10014264+0154262,150.42769767501,1.9073150891300004,2025052500598,-1,i,20250525,i_39,0.1674883328894309,150.4277193817203,1.9072739324391748,745306236216935036,0,4028.89060190092,2912.0486390802253,0.012805334,0.011470828,150.4277193817203,1.9072739324391748,6.849211e-07,6.65956e-07,444129.728572754,2099.5856401154274,419350.8249509431,1366.7757317236117,False,442870.18119601626,1713.8860361988,False,455770.318559093,2316.8028499056163,False,460166.718402836,3313.880519951261,False,457607.9175077616,4573.248574904497,False,-0.5835807819818933,72.11197116180686,445291.3356741534,1229.7685447419117,0.0,6.329928920356664e-05,False,347025.09375,1342.97021484375,False,357133.4089355469,1815.4049658920587,False,358573.318359375,3583.5151763036847,False,False,-0.4572833850114868,56.505641191153714,False,False
2MASS J10014264+0154262,150.42769767501,1.9073150891300004,2025052500599,-1,i,20250525,i_39,0.1593513878419741,150.42771789945485,1.9072757095552504,745306236356395516,0,2034.2893960059569,2097.262531737968,0.01261556,0.012373814,150.42771789945485,1.9072757095552504,6.9681766e-07,6.91993e-07,441198.1531434588,2267.304607681256,421050.8379198227,1469.4241364791635,False,439809.5361366362,1847.3156033826772,False,449984.8513751276,2516.261107219598,False,450643.6944366428,3598.34430811773,False,449990.4814580567,4975.134513081299,False,-1.1385653961750355,76.95346372358676,435105.0825971446,1257.7356716587967,0.0,0.00135601607919,False,314225.6875,1319.8304443359375,False,321495.5285644531,1797.7642851744574,False,321499.5510253906,3554.527435922335,False,False,-0.8134577924787486,54.980060815548335,False,False
2MASS J10014264+0154262,150.42769767501,1.9073150891300004,2025052500600,-1,i,20250525,i_39,0.1851036398676123,150.4277101775809,1.907265212918672,745306236486942748,0,3668.745318178368,431.3078821103052,0.032857116,0.030485814,150.4277101775809,1.907265212918672,1.790941e-06,1.7309443e-06,480982.6862323198,11545.52155449464,445547.80120528745,6863.78096681425,False,485799.905775372,9052.395423147544,False,515004.657665789,12795.653662762898,False,529517.087899266,18714.35390459817,False,499122.3485359824,26116.542619868284,False,-6.004957125301858,410.8927312666548,483320.3873188758,5815.154732168227,0.0,0.0113392846087341,False,67545.8984375,1258.6502685546875,False,71606.5439453125,1779.115048132691,False,69398.25854492188,3631.2591138211255,False,False,-0.8349326940683487,57.130761790797095,False,False
2MASS J10014264+0154262,150.42769767501,1.9073150891300004,2025052500601,-1,i,20250525,i_39,0.1731282372884927,150.42772092839454,1.9072729863939764,745306236623257953,0,511.981096089701,1880.1148941584452,0.018403223,0.015801337,150.42772092839454,1.9072729863939764,9.915185e-07,9.1312694e-07,443767.25171353,2638.316966018875,414835.0212110387,1673.1288744628357,False,445605.3220777226,2124.312315016188,False,464783.5067365711,2898.587489409615,False,473915.8693921907,4170.09025519396,False,476272.2429062664,5774.951131341513,False,0.9740124052137236,90.90295464681644,444602.198338879,1525.3253919933916,0.0,0.0006002571102399,False,273582.71875,1304.2374267578125,False,285357.30859375,1779.6094584101563,False,292410.9040527344,3545.5744195201246,False,False,0.5980021977119001,55.81054857856085,False,False
2MASS J10014264+0154262,150.42769767501,1.9073150891300004,2025052500602,-1,i,20250525,i_39,0.1617903487071532,150.42772002109814,1.907276089545495,745306236759048434,0,144.42924178528298,1358.1258016000177,0.018333124,0.017566083,150.42772002109814,1.907276089545495,1.0110808e-06,9.840454e-07,445282.8776383232,3206.685170044437,419408.3959700167,2009.9481996719535,False,447676.6056325435,2571.295103747972,False,464410.0385930672,3545.287247628119,False,473614.3416370772,5105.713088334221,False,481524.0917903847,7088.137730292867,False,1.4860324425514213,110.90289588293588,446796.2329700529,1740.78941100636,0.0,0.0001355159747805,False,224358.265625,1288.634033203125,False,232744.41748046875,1776.7613674974054,False,241321.32153320312,3552.3015222844765,False,False,0.7447422029172989,55.58025829365936,False,False
2MASS J10014264+0154262,150.42769767501,1.9073150891300004,2025052500603,-1,i,20250525,i_39,0.174688716009577,150.42771978748044,1.907271889346516,745306236888023392,0,3932.910626971664,1991.415207082732,0.017762728,0.015713962,150.42771978748044,1.907271889346516,9.711564e-07,8.908371e-07,449096.7816949073,3086.858392261121,424751.6171292292,1938.4860325807665,False,448851.7726687312,2481.881434960934,False,461622.45262574346,3418.1547821083086,False,468099.07182978885,4915.35001793308,False,461751.0345728356,6817.316797178678,False,-3.7234346143713712,106.54822780551304,449394.8923424661,1673.3741983220025,0.0,0.0008328584666518,False,233897.0,1293.310302734375,False,240551.81103515625,1781.2030557821683,False,240618.81518554688,3552.508966220652,False,False,-1.9402846084789251,55.52236251814676,False,False
2MASS J10014264+0154262,150.42769767501,1.9073150891300004,2025052500604,-1,i,20250525,i_39,0.171219332786079,150.42772028853628,1.9072732413517373,745306237027483823,0,318.50855309639,1167.2936029458915,0.021633023,0.020627325,150.42772028853628,1.9072732413517373,1.1962205e-06,1.1523776e-06,448815.1496497154,3808.862708100505,424194.40952864906,2361.6335410729007,False,451788.18738647125,3038.074059906155,False,475653.6995428289,4220.80898228417,False,475187.3138196299,6094.455258504947,False,484983.61084533343,8464.637758033517,False,1.8981312685946732,133.7644882750139,450675.7256727861,2036.2414510821056,0.0,9.1672595115444e-05,False,188833.96875,1269.82421875,False,198809.0400390625,1764.1720915083745,False,202708.66430664065,3537.9657691520147,False,False,0.7933621787029875,55.90956094913627,False,False
2MASS J10014264+0154262,150.42769767501,1.9073150891300004,2025052500605,-1,i,20250525,i_39,0.1557559265005685,150.4277166941074,1.9072762229344549,745306237156458715,0,2083.695065379506,2167.2913561507626,0.029517965,0.029922748,150.4277166941074,1.9072762229344549,1.6417771e-06,1.6608086e-06,450468.43550234806,5438.041461754543,415564.7291769639,3304.768704330712,False,445467.7399959376,4299.75211062394,False,458767.609899644,6015.743913072721,False,462626.5332958136,8741.6287008608,False,483693.1124276499,12175.743021021708,False,4.409177861921354,190.32920817912185,442908.2932189828,2819.502818846542,0.0,0.0138252934363155,False,129983.015625,1254.62451171875,False,133863.7841796875,1755.3336972416027,False,141136.79565429688,3552.7596125409264,False,False,1.2865538477034364,55.53615272088228,False,False
2MASS J10014264+0154262,150.42769767501,1.9073150891300004,2025052500606,-1,i,20250525,i_39,0.1499053939915881,150.42771842617637,1.9072789811261883,745306237295919194,0,303.65501763512805,818.8081595832156,0.0238238,0.022810781,150.42771842617637,1.9072789811261883,1.3209435e-06,1.270876e-06,457915.6368344459,5567.116919798199,430645.0971464575,3403.870143709911,False,453274.94422022445,4425.167802439892,False,465941.7073856386,6188.380225731895,False,453443.33475653065,8984.305170640762,False,473304.6608611906,12523.41022513174,False,3.07927164747073,196.91241805331356,453364.1762924076,2765.0993059824686,0.0,0.0004250235329046,False,128491.1015625,1254.41455078125,False,132081.78393554688,1754.2372509907752,False,134168.98071289062,3550.045718751325,False,False,0.8728896468662001,55.819307529853205,False,False
2MASS J10014264+0154262,150.42769767501,1.9073150891300004,2025052500607,-1,i,20250525,i_39,0.1701464400296206,150.4277167956687,1.9072718619729143,745306237428564108,0,1812.0689841684416,1287.2407045458233,0.02760735,0.028665297,150.4277167956687,1.9072718619729143,1.536114e-06,1.5908388e-06,436054.1826333301,5691.508194709172,417045.7413851251,3468.44222820383,False,439574.9347206944,4513.3904980142015,False,457147.6796909603,6312.34240655649,False,467817.7233030391,9186.836828721842,False,467657.63861949753,12797.159562476048,False,0.7324229963569773,199.2113354871244,440972.7570974368,2826.2653689463023,0.0,2.391618173169796e-06,False,121811.328125,1250.7130126953125,False,126680.94018554688,1749.2235143274777,False,129593.3720703125,3546.241788156634,False,False,0.2029629327983046,55.20377855179639,False,False
2MASS J10014264+0154262,150.42769767501,1.9073150891300004,2025052500608,-1,i,20250525,i_39,0.1879465945515022,150.42772024872204,1.907268008313496,745306237565927661,0,332.33797633108173,2183.10861423048,0.028601084,0.028195277,150.42772024872204,1.907268008313496,1.5668855e-06,1.5892306e-06,430015.1033542196,6941.491638618178,416459.92508770665,4217.501958814157,False,431125.0419102399,5511.951346084929,False,445306.800075126,7755.914681765115,False,463676.7546688818,11289.830713253938,False,471156.0995522481,15744.33529555933,False,7.294705779988498,250.89376856981343,441980.2201669394,3256.775800511776,0.0,7.585856418346193e-05,False,96990.6484375,1240.0294189453125,False,100181.13330078124,1744.856181114489,False,105996.47705078124,3542.019463234172,False,False,1.6410975354782773,56.443831689045496,False,False
2MASS J10014264+0154262,150.42769767501,1.9073150891300004,2025052500609,-1,i,20250525,i_39,0.162056068402803,150.42771840866394,1.907275126725937,745306237700145274,0,1381.9001492466236,1129.6836718609868,0.03545174,0.032681596,150.42771840866394,1.907275126725937,1.8162441e-06,1.9702375e-06,461330.8487567147,7099.503498084242,429589.0575303551,4303.983498780849,False,457427.8965505803,5630.389525117485,False,469522.9019666832,7910.700127723636,False,470643.92725363607,11514.891072086728,False,463407.3939605192,16056.311568311332,False,3.293804218944313,254.2039067249765,448332.1003758023,3408.938704384138,0.0,0.0038358151999894,False,100622.75,1238.5455322265625,False,103283.35009765624,1740.1570985928836,False,101938.09057617188,3531.9888381176816,False,False,0.7245549319817898,55.91853131017394,False,False
2MASS J10014264+0154262,150.42769767501,1.9073150891300004,2025052500610,-1,i,20250525,i_39,0.167158688032119,150.42771866573435,1.9072736657288425,745306237834363021,0,1159.080606022364,510.94763183036633,0.0130374925,0.013915896,150.42771866573435,1.9072736657288425,7.7298483e-07,7.248642e-07,449334.5456398226,2433.600543357241,426852.0103936952,1574.8630941025715,False,449040.68029760895,1986.3355660441016,False,458083.7107974854,2698.3525652030576,False,467216.9398371196,3875.380977139936,False,465761.9954813137,5364.361426546016,False,2.7019049543143807,84.76788392570052,443980.5495758649,1351.9197106346098,0.0,8.589078332421618e-05,False,293838.625,1299.7978515625,False,299756.1103515625,1765.720217150471,False,304780.54736328125,3510.2756938071407,False,False,1.768044793024631,55.469536613874745,False,False
2MASS J10014264+0154262,150.42769767501,1.9073150891300004,2025052500611,-1,i,20250525,i_39,0.1688476500537842,150.42772142214253,1.9072746353576189,745306237968580838,0,3710.928652306083,1617.2521926216673,0.019986214,0.020854454,150.42772142214253,1.9072746353576189,1.1580144e-06,1.1115004e-06,436481.96821601706,3877.2104948865344,415632.4259857072,2404.2301549852764,False,438279.3905676561,3095.371885296748,False,453195.9520645162,4291.321915059407,False,464605.1838577901,6216.790395709613,False,477766.2489053565,8639.307818478961,False,4.882337941671317,139.37355571573565,438497.4189913724,2013.442285458334,0.0,0.0034420091825363,False,180313.125,1273.47119140625,False,186449.96801757807,1765.498632922598,False,196558.46752929688,3554.309474988657,False,False,2.0086493467753543,57.33986565262989,False,False
2MASS J10014264+0154262,150.42769767501,1.9073150891300004,2025052500612,-1,i,20250525,i_39,0.166009949931051,150.42772033589893,1.9072749202065584,745306238123245631,0,802.8233646638924,232.6831438636833,0.013696324,0.0136378845,150.42772033589893,1.9072749202065584,7.579102e-07,7.6092135e-07,444618.0053973654,1870.353436850002,411597.2480999972,1216.5062477284878,False,441798.1817968903,1518.3537212392573,False,457897.8480603332,2047.1094595352145,False,462938.5367295383,2906.807434827232,False,465206.9607946563,4005.918680051716,False,1.2225399172597011,60.44677940638428,443754.1239485258,1168.1377806869916,0.0,0.0004139252438414,False,389253.125,1337.76904296875,False,403437.9851074219,1803.637468810316,False,409877.7919921875,3529.476645566813,False,False,1.0771377131863284,53.257570423723145,False,False
2MASS J10014264+0154262,150.42769767501,1.9073150891300004,2025052500614,-1,i,20250525,i_39,0.1782749791345037,150.42772140187242,1.907271615322196,745306238367564417,0,2897.525316452285,2449.7952384073774,0.012153851,0.012574634,150.42772140187242,1.907271615322196,6.966852e-07,6.7732e-07,443709.0114808807,1765.094555820835,417170.76257753145,1159.0230116463483,False,444526.3311380309,1439.5420774054114,False,461997.5305620974,1935.9910337771223,False,471460.853799317,2740.802070768713,False,472010.1903673471,3772.931394002069,False,0.930252062235268,58.84469214885337,441348.1962212384,1092.4823385858635,0.0,0.0002748729940493,False,414740.09375,1343.0831298828125,False,431040.6059570313,1806.266685692827,False,440382.3505859375,3520.1197554591004,False,False,0.8679189521009189,54.90170419382244,False,False
2MASS J10014264+0154262,150.42769767501,1.9073150891300004,2025052800086,-1,i,20250528,i_39,0.1661948335485364,150.4277193158592,1.9072743040711804,745319361643807893,0,2724.6511771260634,2713.22135386584,0.0063500605,0.008527417,150.4277193158592,1.9072743040711804,4.6331658e-07,3.6634012e-07,443256.3363908264,1034.3658408609026,426218.34098154766,730.3978698861686,False,444156.6323483391,872.4485902943342,False,455258.4285829628,1130.9414588628506,False,459671.17202450894,1563.5514399681754,False,462276.2088232749,2129.204469083614,False,0.8145828878351768,32.709013767398446,442384.74118404713,711.3611780982674,0.0,0.0003190157242221,False,749949.375,1473.111572265625,False,768694.5305175781,1909.5714855173087,False,780543.9086914062,3595.118128471722,False,False,1.3754065190646036,55.22849968947129,False,False
2MASS J10014264+0154262,150.42769767501,1.9073150891300004,2025052800087,-1,i,20250528,i_39,0.1628195499652324,150.42772054818343,1.9072760642910955,745319361778025434,0,2270.356179196144,2216.8027271966084,0.006016937,0.009655346,150.42772054818343,1.9072760642910955,5.249422e-07,3.52008e-07,445389.0541883109,1037.0211536570316,425847.1613454412,730.9819257855731,False,446108.8441267437,873.6780607760693,False,457830.2827124568,1131.524092512823,False,463550.1407034888,1564.4278231916132,False,466306.7062196365,2128.572761163573,False,1.456137103077925,32.530701755742164,442940.4470344183,718.1793502423244,0.0,0.0011820475055925,False,749462.8125,1467.779052734375,False,769154.828125,1900.9603596767872,False,783395.21875,3576.00202102092,False,False,2.4463101842211623,54.65157562204812,False,False
2MASS J10014264+0154262,150.42769767501,1.9073150891300004,2025052800088,-1,i,20250528,i_39,0.1714033727820665,150.42772160341633,1.9072739190834864,745319361912767783,0,795.1090083700221,2416.769874559031,0.0057010055,0.006554753,150.42772160341633,1.9072739190834864,3.622169e-07,3.18956e-07,444413.2454302676,1023.475321386461,431292.9403842625,729.0150981480323,False,444689.1762217295,866.8103321595397,False,453265.5563260052,1120.439011777597,False,457885.59756408,1548.6359535155864,False,458778.5967498128,2104.6174558535868,False,1.496857629412886,32.18758846908431,442900.6977294233,698.6036760948767,0.0,0.0017075804990767,False,754107.25,1469.9434814453125,False,768651.1398925781,1900.0489041429344,False,778000.1953125,3569.026112622059,False,False,2.5383824273591866,54.58395464172487,False,False
2MASS J10014264+0154262,150.42769767501,1.9073150891300004,2025052800089,-1,i,20250528,i_39,0.1681811466362582,150.42771976029545,1.907273915629158,745319362066907952,0,3218.8595472842685,1844.1087479463065,0.0056674983,0.007520387,150.42771976029545,1.907273915629158,4.155587e-07,3.177234e-07,446842.2819664158,1021.4683094438144,429505.91550567385,727.567415609802,False,446545.0599952172,866.4329785566925,False,455271.7606977633,1118.911572173177,False,458993.6002276169,1545.641723010129,False,460843.5776033815,2100.296364006794,False,1.869727124668624,32.81332327393617,442504.3196293789,705.7209573102527,0.0,0.0008669978741344,False,754010.125,1463.008544921875,False,768745.5263671875,1889.3292748715664,False,778153.7736816406,3546.43879383364,False,False,3.157112930557062,55.40667717544791,False,False
2MASS J10014264+0154262,150.42769767501,1.9073150891300004,2025052800090,-1,i,20250528,i_39,0.1678091322490558,150.4277197009867,1.9072740011035336,745319362180678296,0,2483.4777703299837,1473.1183835441482,0.005449551,0.0088195335,150.4277197009867,1.9072740011035336,4.881974e-07,3.055806e-07,445657.9503089141,1023.710465582338,428432.2200511821,726.4369723997963,False,445552.218273973,865.5134223213382,False,455502.3825037646,1119.589804632253,False,460216.11730138375,1544.2465000049178,False,459591.06360625854,2101.791747344344,False,0.2608988828381043,32.177811734301166,442889.975334751,703.2468529729822,0.0,0.0013307617710818,False,752246.8125,1461.287109375,False,769046.1437988281,1890.2562422531375,False,775949.2568359375,3548.554081053593,False,False,0.4404878821164193,54.32731634492488,False,False
2MASS J10014264+0154262,150.42769767501,1.9073150891300004,2025052800091,-1,i,20250528,i_39,0.1651516324914198,150.4277194301933,1.9072746936661296,745319362335342929,0,509.4944160142402,661.4612955203148,0.0060606813,0.008420256,150.4277194301933,1.9072746936661296,4.6743543e-07,3.3714724e-07,444763.60346483206,1025.1939798022577,425968.7501355919,726.5658289163626,False,444806.252972011,866.8123579793946,False,455731.0929087098,1121.9160849643488,False,461073.7723876842,1553.2208856328944,False,464021.2896844525,2108.242232570546,False,1.143289344410482,33.033667350382174,447593.0879030056,724.2851822342011,0.0,0.0004194578480509,False,752844.0625,1467.098388671875,False,771334.5869140625,1898.8668831546368,False,785365.9216308594,3568.244907749423,False,False,1.9350415802565364,55.9101859768599,False,False
2MASS J10014264+0154262,150.42769767501,1.9073150891300004,2025052800092,-1,i,20250528,i_39,0.1713285257358796,150.4277207901302,1.907273481308148,745319362465890998,0,3124.7656955335165,1664.3664710712935,0.006800647,0.008261973,150.4277207901302,1.907273481308148,4.58889e-07,3.777368e-07,444361.6647661292,1027.9915442808544,426539.8827670016,728.2941628060563,False,444546.63541999983,868.4957008982216,False,455445.832092338,1124.1766491479789,False,459160.2114284645,1552.868522105052,False,459275.9393531822,2111.9582400977665,False,0.6085309844968279,32.616719729866034,439229.9642471382,710.6129694830344,0.0,0.0009564485159326,False,754591.0625,1474.218994140625,False,773091.7905273438,1908.221960372752,False,779593.1662597656,3584.921547871659,False,False,1.0329445902155932,55.36491165425439,False,False
2MASS J10014264+0154262,150.42769767501,1.9073150891300004,2025052800093,-1,i,20250528,i_39,0.1707006729304518,150.4277207333087,1.907273649272088,745319362583331597,0,4053.317413054311,1881.3286751206635,0.0057979086,0.007581124,150.4277207333087,1.907273649272088,4.2093984e-07,3.2241772e-07,445551.77148602944,1028.4666913585943,429717.6499594111,730.012022494207,False,445932.6693211094,869.8414608985023,False,455920.5981637267,1126.6362550686235,False,459268.6680268334,1556.283053087626,False,461846.0858014737,2118.383918223869,False,1.7738835860223003,32.862391729746456,443105.9719065268,707.6731028419823,0.0,5.812289602324938e-05,False,752233.75,1467.31591796875,False,769082.1616210938,1900.497257414347,False,779077.7329101562,3573.4539951316383,False,False,2.992324164113078,55.43482652318419,False,False
2MASS J10014264+0154262,150.42769767501,1.9073150891300004,2025052800094,-1,i,20250528,i_39,0.1646207401004165,150.4277203110675,1.907275349666632,745319362717550369,0,1459.3776399365722,3576.8236426720987,0.005368514,0.0076897377,150.4277203110675,1.907275349666632,4.2595448e-07,2.999773e-07,443506.870036663,1021.8885759342568,429637.0378452128,727.3981623711625,False,443961.5360807392,865.742488368724,False,452609.502934639,1119.9727917141606,False,457220.16731935606,1546.9495993639628,False,457822.71584950166,2104.408107031484,False,1.2264001176769748,32.13507110681828,443078.9935394162,701.5504895125049,0.0,0.0008964858879128,False,753563.9375,1469.4793701171875,False,768242.6774902344,1901.0005106917756,False,777091.3928222656,3571.944707735156,False,False,2.0816463286113462,54.54488451605987,False,False
2MASS J10014264+0154262,150.42769767501,1.9073150891300004,2025052800095,-1,i,20250528,i_39,0.1700364042587654,150.42771933899556,1.907273111933367,745319362851768070,0,902.8726545697184,3907.958415843709,0.0064743333,0.008139586,150.42771933899556,1.907273111933367,4.500884e-07,3.6227945e-07,444982.1535813421,1030.7573336091964,426641.1680099501,730.2275781898503,False,444981.81272759417,871.4779662055374,False,454912.60275715456,1126.5075738536227,False,459156.1370569598,1559.181253107916,False,459556.6688710789,2119.75520609216,False,-0.1393630320700639,33.32794938806483,443473.66977510153,717.8687139758085,0.0,6.460933249530232e-05,False,750552.875,1469.9259033203125,False,767303.1843261719,1900.0855182877008,False,775136.3520507812,3575.4008786930976,False,False,-0.2350642686894184,56.21440588265049,False,False
2MASS J10014264+0154262,150.42769767501,1.9073150891300004,2025052800096,-1,i,20250528,i_39,0.1673287804565192,150.42771993052924,1.9072742767412068,745319363006431661,0,2204.7855106510583,880.1589873251536,0.006402801,0.007924443,150.42771993052924,1.9072742767412068,4.3675112e-07,3.5996518e-07,445918.7811201938,1035.4571506802693,427356.56860810233,730.9831309125454,False,446379.5185062011,872.5213792930862,False,457574.41685821215,1129.3734772307776,False,462602.3135451571,1561.6479988195235,False,461804.5980369056,2121.988073758489,False,0.9132561604182337,32.32572634761872,448347.8102291745,723.9019889554215,0.0,0.0009062513879211,False,751396.0625,1468.725830078125,False,770240.5708007812,1901.0880846930047,False,777361.2861328125,3571.968285260691,False,False,1.5372951816618712,54.41428759172735,False,False
2MASS J10014264+0154262,150.42769767501,1.9073150891300004,2025052800097,-1,i,20250528,i_39,0.1637642967179541,150.42771964294909,1.90727524829886,745319363140649074,0,2524.337156951656,242.52086473525577,0.0064304187,0.006733375,150.42771964294909,1.90727524829886,3.7289965e-07,3.5839813e-07,443852.8995863141,1024.4953064563122,426822.16609969246,726.4717346042388,False,443398.9065904908,865.4264990749173,False,453558.9708740327,1121.2177555639496,False,457377.1764515607,1548.9464556610428,False,456589.0269411711,2104.4404109263664,False,0.7794432740088375,32.59741989534756,442051.2989858831,709.9518209531462,0.0,0.0002084160389693,False,750305.3125,1464.44677734375,False,767497.8452148438,1897.288482143044,False,772625.2082519531,3561.066111550034,False,False,1.3189487402623334,55.16030138491323,False,False
2MASS J10014264+0154262,150.42769767501,1.9073150891300004,2025052800098,-1,i,20250528,i_39,0.1679093593858902,150.42772010631336,1.9072741889776383,745319363249178020,0,3990.126805535901,3380.1243053309418,0.0062361397,0.008083061,150.42772010631336,1.9072741889776383,4.4051802e-07,3.5723588e-07,443278.9678072298,1033.3630346744758,424332.5432966765,731.0472506823146,False,443900.7908964188,872.6365870772844,False,455590.6108831096,1127.2846846799284,False,462281.3527046376,1559.608071804062,False,463053.9752851554,2120.402552088405,False,1.295070576505129,32.61307046445494,438964.4434026788,716.2965317605136,0.0,0.0013620800718571,False,746117.0,1466.744384765625,False,765765.474609375,1894.76181238793,False,778310.0412597656,3564.013453910942,False,False,2.176779571351903,54.81667704756513,False,False
2MASS J10014264+0154262,150.42769767501,1.9073150891300004,2025052800099,-1,i,20250528,i_39,0.1743464710552014,150.42772232625882,1.9072733948517608,745319363383395818,0,2845.822614450928,3647.7784300806256,0.007404364,0.007863669,150.42772232625882,1.9072733948517608,4.337078e-07,4.146593e-07,446054.9698542257,1048.9973657698908,425533.0478205829,736.921211194941,False,446080.3871088732,880.5579175211946,False,459834.9292713542,1140.9016074693168,False,466523.2756250419,1577.7653627957086,False,470490.85051042633,2144.0341385681472,False,1.6898510118893977,33.4792784160402,440217.3863773325,725.2787508046528,0.0,0.0012134382929653,False,742924.5,1466.5250244140625,False,765831.9997558594,1900.1143757335085,False,783578.9018554688,3570.7812681527043,False,False,2.8143620620021035,55.758058180502125,False,False
2MASS J10014264+0154262,150.42769767501,1.9073150891300004,2025052800100,-1,i,20250528,i_39,0.1668853776097348,150.42771945836233,1.9072741625223584,745319363517613497,0,1460.4307838591812,3191.3229345224663,0.006608915,0.0077920435,150.42771945836233,1.9072741625223584,4.2285646e-07,3.7859252e-07,447126.53836752864,1044.8467679994994,425934.27773176186,735.1983279765038,False,447104.5106780191,878.385496579594,False,460142.0150445136,1139.0850857547807,False,466284.171068765,1573.296290225566,False,469684.46229410905,2138.291079839689,False,1.543079698705388,32.669838653920046,444193.4902234389,726.7532164409542,0.0,0.000359682565481,False,746715.1875,1467.0032958984375,False,768489.296875,1902.4011457588972,False,784426.2648925781,3571.1883608392527,False,False,2.577117919921904,54.56233187865261,False,False
2MASS J10014264+0154262,150.42769767501,1.9073150891300004,2025052800101,-1,i,20250528,i_39,0.1704475806621859,150.4277206126823,1.9072736627879483,745319363651831423,0,2193.4062443950056,3597.692957690364,0.006429529,0.0070831906,150.4277206126823,1.9072736627879483,3.863434e-07,3.6486517e-07,446489.8694277878,1031.5786683205897,427612.30811022327,730.5964607423159,False,445836.0085911271,870.7142355110975,False,456411.3293533442,1126.36844278004,False,461847.4455263334,1556.2396334997195,False,462618.3521156716,2114.8286926806472,False,1.5436644391459144,33.08348378690477,443831.99368053576,718.2911724694537,0.0,0.0001931199790352,False,749921.8125,1464.5914306640625,False,767710.1103515625,1894.6165134164107,False,778150.6796875,3557.263513447037,False,False,2.596532383632009,55.64832280750809,False,False
2MASS J10014264+0154262,150.42769767501,1.9073150891300004,2025052800102,-1,i,20250528,i_39,0.1666022702216806,150.4277195320838,1.907274290985429,745319363791290517,0,2543.4246488674003,338.20140087788656,0.0062105064,0.00673063,150.4277195320838,1.907274290985429,3.6694252e-07,3.5248254e-07,446650.1347953607,1022.9002505361094,428808.36262995866,726.7199696459311,False,445422.2308059196,865.0491701737237,False,454334.7583965184,1118.158286789028,False,458316.9454318978,1542.1877737949965,False,459993.3464547862,2098.499414846061,False,1.82427343275772,32.006150652475995,441240.5898718053,703.0498024253543,0.0,0.0009134842571665,False,749100.625,1454.8193359375,False,764089.5041503906,1880.492291476033,False,773605.984375,3529.206928848301,False,False,3.0680201259311333,53.827190920025565,False,False
2MASS J10014264+0154262,150.42769767501,1.9073150891300004,2025052800104,-1,i,20250528,i_39,0.1649684511711361,150.42771988098173,1.9072749975818064,745319364056056912,0,777.3944892297447,2332.583447890604,0.0069619142,0.0070594,150.42771988098173,1.9072749975818064,3.9020205e-07,3.8862188e-07,445999.1414396551,1027.7298523415698,426958.1081897541,727.6938051797115,False,445667.1194433861,867.0126773519999,False,457494.0411298416,1123.465884972643,False,464221.6335873487,1549.7148399982284,False,465637.0006040413,2103.641063541941,False,2.092430477394028,31.916406476842667,443118.70979844034,718.008171104678,0.0,0.0005102586170709,False,749368.0625,1457.840576171875,False,769254.46875,1889.054446193543,False,782946.4677734375,3537.172385413363,False,False,3.5183223180544703,53.66591933770039,False,False
2MASS J10014264+0154262,150.42769767501,1.9073150891300004,2025052800105,-1,i,20250528,i_39,0.1662305569026384,150.42772040903748,1.907274891102496,745319364188700808,0,3261.159464128039,317.5092032814621,0.0066502662,0.0069994894,150.42772040903748,1.907274891102496,3.8139225e-07,3.7715273e-07,445029.99857017206,1032.0120327004904,426299.31767162326,730.1839411272956,False,444972.7847832033,870.2074981080101,False,457041.18036964553,1125.2307250602405,False,462894.1647022491,1552.8173074404915,False,464174.2895818772,2111.8436601699723,False,1.4484960116764145,32.34876905631466,440107.6248102425,716.5639237039546,0.0,0.0004708202598801,False,746659.5,1460.19873046875,False,766910.13671875,1888.124935477697,False,778879.4165039062,3543.65072495149,False,False,2.430560575423154,54.280883135293976,False,False
2MASS J10014264+0154262,150.42769767501,1.9073150891300004,2025052800106,-1,i,20250528,i_39,0.1714652824215696,150.42771966600586,1.9072728342274607,745319364326589843,0,2032.1036234027176,3102.372252449441,0.006639079,0.0072951554,150.42771966600586,1.9072728342274607,3.8943222e-07,3.855743e-07,444329.06550475664,1038.8558980318544,426837.4858294604,732.7935530665613,False,445519.813763144,874.2729115390292,False,457447.85560648405,1132.26911268788,False,464051.4861685371,1563.7789634208525,False,469311.9337202264,2126.585376251005,False,3.1040103038236397,33.02577391043738,444711.4080357662,720.7468536633586,0.0,0.0003670095805318,False,743337.25,1458.69970703125,False,763238.8515625,1889.1590957003032,False,783033.7314453125,3548.147751545428,False,False,5.1789536894594645,55.102572768531545,False,False
2MASS J10014264+0154262,150.42769767501,1.9073150891300004,2025052800107,-1,i,20250528,i_39,0.1676985255546072,150.42772017111542,1.9072742914019256,745319364457137050,0,3359.6401816558123,2098.2262448759225,0.007615757,0.007586068,150.42772017111542,1.9072742914019256,4.2223468e-07,4.2229337e-07,444976.814817161,1049.444987539582,421091.4104309818,735.866641573551,False,442435.7500605911,880.341949627372,False,453819.281884825,1140.8212502986105,False,457718.9760919885,1576.7965948304725,False,453153.6508858077,2145.2299551071123,False,-1.833622032412066,33.061617298950395,441508.1667398303,735.5246428103649,0.0,0.0001781592761923,False,735892.1875,1464.25048828125,False,754826.1279296875,1897.499117812604,False,753719.0007324219,3568.106700550541,False,False,-3.049817127786621,54.99055144861261,False,False
2MASS J10014264+0154262,150.42769767501,1.9073150891300004,2025052800108,-1,i,20250528,i_39,0.1687455448270959,150.4277205072686,1.9072741450823072,745319364589782312,0,3777.514171603462,3358.044599018931,0.0070114112,0.008717059,150.4277205072686,1.9072741450823072,4.350673e-07,4.4381804e-07,446131.0128966111,1051.2484187835648,421711.8176729867,737.3412671812416,False,441546.4894816191,882.0203933344224,False,449875.7959623225,1143.1983055649662,False,447783.5762122427,1578.6635733892658,False,433004.6075279079,2149.010490206169,False,-8.11761279878238,33.03072707996763,437529.4748602548,727.2640277331495,0.0,0.0017592094416093,False,733567.0,1465.35205078125,False,747404.9638671875,1899.262187324639,False,719375.8720703125,3570.2767790540743,False,False,-13.486264775778007,54.875878189672,False,False
2MASS J10014264+0154262,150.42769767501,1.9073150891300004,2025052800109,-1,i,20250528,i_39,0.1646777100267586,150.42772111267126,1.9072757981573325,745319364729242806,0,48.02112807378013,2809.509030013458,0.0075856764,0.007188565,150.42772111267126,1.9072757981573325,4.1281325e-07,4.0825557e-07,445535.0330566028,1033.3495397716774,426430.3153938183,730.1138392348455,False,445324.87118812255,870.9984478881635,False,456540.34940653207,1127.3271309167344,False,460609.697392086,1554.0674727549142,False,458488.3106942498,2113.4101804499755,False,0.1295727438892955,32.773087898929546,446776.340116374,723.9141307844118,0.0,0.000400735695383,False,746863.25,1460.7689208984375,False,765672.9528808594,1890.6628829494937,False,768939.9177246094,3544.442491484303,False,False,0.2173090408231347,54.96440132666686,False,False
2MASS J10014264+0154262,150.42769767501,1.9073150891300004,2025052800110,-1,i,20250528,i_39,0.1679587017834312,150.4277196760136,1.9072739406277115,745319364858218028,0,2994.111857919636,3645.1156332319815,0.0069297985,0.0071792454,150.4277196760136,1.9072739406277115,3.8986116e-07,3.9407297e-07,444206.28446568665,1027.1174285078932,426434.1682886645,729.2848656005499,False,444054.6481335909,868.9758961957899,False,453753.3983754146,1121.2990433539894,False,460954.1767317675,1551.7717174483278,False,459266.69233444927,2108.0977836093675,False,0.1953140244506567,32.54699574228174,444056.72297197353,716.6744078032734,0.0,0.0006557169291586,False,747527.8125,1462.84619140625,False,763854.8244628906,1887.6105104626283,False,773135.9807128906,3548.801327361675,False,False,0.3287943636258189,54.79006836869147,False,False
2MASS J10014264+0154262,150.42769767501,1.9073150891300004,2025052800111,-1,i,20250528,i_39,0.164448220913246,150.4277204916751,1.90727550826999,745319364997678279,0,171.6007421388532,2574.574230052341,0.0067405296,0.0065726265,150.4277204916751,1.90727550826999,3.7172245e-07,3.6796766e-07,443220.2900923164,1024.0921449740422,427784.31035071705,727.8085208675702,False,442730.3651513206,866.276917008439,False,452254.695186689,1122.7507760506523,False,454589.6293260561,1550.879529200863,False,454351.5704350041,2106.4506925279074,False,0.3713364093141575,32.63156697426257,443518.86853675626,711.4566874744628,0.0,6.234617291323019e-07,False,747271.375,1462.1629638671875,False,763347.2075195312,1895.0575389490773,False,766886.4606933594,3555.4152804428136,False,False,0.6267676468970238,55.07784837149664,False,False
2MASS J10014264+0154262,150.42769767501,1.9073150891300004,2025052800112,-1,i,20250528,i_39,0.1761811289662684,150.42772027999962,1.9072716768504872,745319365128224771,0,1249.393759595479,19.932165604639277,0.008204934,0.0066544022,150.42772027999962,1.9072716768504872,4.358147e-07,3.929819e-07,,,424087.55654727377,731.7316884986716,False,441905.0798577192,873.9085449711306,False,452213.6727081608,1132.291821731792,False,,,True,,,True,0.9442469589343228,32.4774329276566,443257.1167932018,725.5864150126955,0.0,0.0027670410742859,False,744494.6875,1472.3077392578125,False,761861.9750976562,1907.616102196502,True,,,False,False,1.590809602915123,54.71599531298202,False,False
2MASS J10014264+0154262,150.42769767501,1.9073150891300004,2025052800113,-1,i,20250528,i_39,0.1647762199148829,150.42772059656562,1.9072754635765543,745319365266113504,0,81.72613680034904,2230.799488202076,0.006718432,0.007755311,150.42772059656562,1.9072754635765543,3.857502e-07,4.1971253e-07,443424.8691732396,1046.2322676422446,424600.7660017181,735.6886425620837,False,443658.585431265,879.5076934261498,False,455402.5581679431,1140.7070045307607,False,462607.206080884,1577.2721399302395,False,462086.7706411648,2145.5395326396115,False,0.5848509348618858,32.8033241045063,441123.8393347956,722.4027472895135,0.0,0.0001244183746921,False,741774.1875,1470.4913330078125,False,761409.501953125,1907.203059394994,False,772585.1591796875,3587.231028169623,False,False,0.9778404864949978,54.845459738520326,False,False
2MASS J10014264+0154262,150.42769767501,1.9073150891300004,2025052800114,-1,i,20250528,i_39,0.1709905313984209,150.4277205736982,1.9072734690500843,745319365398758582,0,648.3417590324595,2449.1074024250056,0.006945685,0.0067414837,150.4277205736982,1.9072734690500843,3.839788e-07,3.764511e-07,443468.2688027648,1040.7813900479232,425654.3264667659,734.3473448221921,False,443116.4421106037,876.7641474747819,False,453856.59470706346,1137.2233525929066,False,457723.1673351765,1571.322884885887,False,455210.74121342937,2136.776979881392,False,0.1716174709181177,33.10659677914613,437365.5261764611,711.95215908171,0.0,0.0010038094992563,False,744434.5625,1472.961669921875,False,762477.9931640625,1910.532511318936,False,764752.9560546875,3589.780213529139,False,False,0.2883169405128879,55.61900337472896,False,False
2MASS J10014264+0154262,150.42769767501,1.9073150891300004,2025052800115,-1,i,20250528,i_39,0.1694770604706366,150.4277203249023,1.9072738121274757,745319365536122623,0,1371.1926763502754,3480.268444190227,0.007037323,0.007268734,150.4277203249023,1.9072738121274757,4.0307114e-07,3.9171724e-07,444209.6340952309,1039.3262488578982,427678.5139692605,733.065315319953,False,446905.05278484646,875.2631050798323,False,461122.0902226472,1134.2343106019066,False,470174.240633104,1567.8063550534248,False,475770.1518184184,2131.7094430137813,False,3.675328481336377,32.40638202933692,447506.1730050353,723.4676036732709,0.0,0.0003374831774234,False,747525.4375,1464.02783203125,False,771305.8737792969,1897.201640430749,False,795807.2719726562,3565.650072833077,False,False,6.1476179645922855,54.20523834608482,False,False
2MASS J10014264+0154262,150.42769767501,1.9073150891300004,2025052800116,-1,i,20250528,i_39,0.1689857016149348,150.42772058844102,1.9072741139639344,745319365670339492,0,2160.5420559750733,2220.801490297936,0.0077187717,0.008049105,150.42772058844102,1.9072741139639344,4.4652495e-07,4.2950745e-07,445012.2082981711,1047.089367672189,419571.4664120986,733.5577038169171,False,439798.4161355734,877.9936427463944,False,448661.23073966126,1140.214947930767,False,445632.3357820932,1574.6705973113826,False,426892.2815856028,2142.3526342573173,False,-9.303393277368206,33.31736653107938,438022.5474407133,725.4233109209414,0.0,0.0029529100459486,False,730238.25,1457.8145751953125,False,744954.0061035156,1893.2050176918692,False,708808.9934082031,3557.1475046892824,False,False,-15.447289887085182,55.319925078502486,False,False
2MASS J10014264+0154262,150.42769767501,1.9073150891300004,2025052800117,-1,i,20250528,i_39,0.168850669664922,150.42772046647696,1.9072740889781397,745319365804557043,0,1772.6019015142062,1673.0959394103172,0.008195664,0.008573298,150.42772046647696,1.9072740889781397,4.7589648e-07,4.5575308e-07,443956.1713198645,1051.2176585988348,417583.3310392466,734.2961388468333,False,438996.32023793214,879.8341148055122,False,447994.7808665988,1142.059436757217,False,445275.4855097216,1579.3007716558143,False,428666.7763240791,2147.1892130903207,False,-9.914608728489007,33.34901796477095,435713.9693417145,729.8301470129467,0.0,0.00452045249853,False,726992.5625,1457.03466796875,False,741894.3137207031,1891.2885556886624,False,709886.4929199219,3555.817022226628,False,False,-16.418923060226337,55.22708712894694,False,False
2MASS J10014264+0154262,150.42769767501,1.9073150891300004,2025052800118,-1,z,20250528,z_20,0.1751096189883902,150.427721080177,1.9072724416634,745319365939299127,0,145.15649024162138,2163.4969264650067,0.008090846,0.0079499595,150.427721080177,1.9072724416634,4.4165532e-07,4.4946154e-07,659216.2742331413,1791.7716119667862,629650.5668994902,1205.5726408643598,False,660183.9321784071,1479.059142895902,False,680938.0942355695,1968.507200241699,False,693881.1296011544,2771.990913003215,False,697879.0183628981,3807.634778683188,False,1.8903057858077368,58.60198285415264,658315.2274343433,1127.9145246757948,0.0,9.406332509709348e-05,False,766088.6875,1716.325439453125,False,790172.1708984375,2284.2893076651394,False,809830.7080078125,4418.444296963706,False,False,2.193543053440691,68.00273975390108,False,False
2MASS J10014264+0154262,150.42769767501,1.9073150891300004,2025052800119,-1,z,20250528,z_20,0.1660332435675505,150.42771933701724,1.9072743661206009,745319366072992052,0,2009.0955650574444,847.9635780191983,0.008528957,0.008790801,150.42771933701724,1.9072743661206009,4.8832266e-07,4.738297e-07,659695.7246758959,1801.1089862021995,625051.3990116221,1209.6499005633343,False,660130.5879699163,1487.0321393897425,False,680850.4485933381,1974.3337573002489,False,694792.4299337976,2789.328718843344,False,696818.9249573912,3829.069043941333,False,2.053192299018232,60.582972647669536,655866.86609449,1143.901335775237,0.0,0.0013981137949031,False,762777.3125,1718.257568359375,False,786718.9990234375,2281.331943733748,False,805170.4868164062,4424.4685035676885,False,False,2.3724525607987665,70.00329616835803,False,False
2MASS J10014264+0154262,150.42769767501,1.9073150891300004,2025052800120,-1,z,20250528,z_20,0.1774624389672144,150.4277224120795,1.907272442157343,745319366203540745,0,3789.803933556967,3950.948607521627,0.008007325,0.008864311,150.4277224120795,1.907272442157343,4.9193e-07,4.4535685e-07,662001.099594633,1806.0958762398257,626332.4413984849,1211.020089771133,False,662967.2239667568,1488.4711264714058,False,684763.8972900886,1978.881985879213,False,693051.28425342,2789.298504423413,False,696380.8594919555,3828.5901816747655,False,0.980005967314284,58.82940264746301,662100.2743178391,1149.7123528220316,0.0,1.0313270451645096e-05,False,767538.1875,1723.250244140625,False,792772.8876953125,2291.014454123742,False,806222.2133789062,4432.48031349178,False,False,1.1345839985738224,68.1086657792386,False,False
2MASS J10014264+0154262,150.42769767501,1.9073150891300004,2025052800121,-1,z,20250528,z_20,0.1698933631673913,150.42772161225966,1.9072744100890728,745319366358204595,0,2023.0123179403197,454.6123454905656,0.007916023,0.008742905,150.42772161225966,1.9072744100890728,4.8460373e-07,4.407689e-07,661239.0906278415,1785.657022198678,628260.2993743904,1201.6725611515842,False,661676.8237926959,1473.0940563442305,False,680987.6404901003,1958.433105332181,False,691621.2032733912,2749.783256543233,False,693012.8501757844,3774.847479139376,False,-0.0934426329270005,58.664927512461794,654979.630837863,1132.1785242020387,0.0,0.0009518922729045,False,770441.375,1715.237060546875,False,792926.4487304688,2280.354759698176,False,806928.328125,4395.346153388316,False,False,-0.1088024667136502,68.30810116320009,False,False
2MASS J10014264+0154262,150.42769767501,1.9073150891300004,2025052800122,-1,z,20250528,z_20,0.1760657715905279,150.42772066813757,1.907271917242194,745319366475645468,0,3498.78257608757,1498.844184373953,0.007871399,0.008562044,150.42772066813757,1.907271917242194,4.7410026e-07,4.389449e-07,662813.46794753,1771.8844323212816,627301.7802668887,1192.027488248814,False,662483.8525968012,1461.2787623337667,False,683131.8839561677,1940.622054436663,False,694259.9574529253,2731.321007262371,False,697906.6959140518,3744.6719908269615,False,1.4944945378936572,58.92189744233678,657427.2207737501,1127.2870114066986,0.0,0.0005170779176725,False,767319.375,1692.5205078125,False,791234.8779296875,2247.718032801372,False,808347.7470703125,4337.2519349994245,False,False,1.7309925521390916,68.24606115612704,False,False
2MASS J10014264+0154262,150.42769767501,1.9073150891300004,2025052800123,-1,z,20250528,z_20,0.1686138043066356,150.42772046715996,1.907274164643027,745319366609863667,0,680.9191148215615,2785.6668173343,0.0077759363,0.00888679,150.42772046715996,1.907274164643027,4.8986135e-07,4.362665e-07,659223.2290521045,1767.1360704721687,626053.0517012023,1190.116852051042,False,659552.8711233602,1458.1840364135564,False,681182.9345507819,1937.4581545563003,False,689823.3130802552,2722.704299602876,False,694169.805637558,3734.4430777698494,False,0.5435333403808176,57.18118232872893,656619.2405801576,1126.1156290395452,0.0,1.2238522417717943e-09,False,763511.625,1688.0230712890625,False,788551.0200195312,2242.840397973349,False,803584.8823242188,4323.066167419905,False,False,0.6292050904865476,66.19408291691508,False,False
2MASS J10014264+0154262,150.42769767501,1.9073150891300004,2025052800124,-1,z,20250528,z_20,0.1706787980052543,150.4277204448273,1.9072734971652636,745319366744081432,0,80.03287050407869,3033.311512933103,0.008404209,0.009875541,150.4277204448273,1.9072734971652636,5.4143504e-07,4.7512242e-07,659376.1257743933,1795.134672040088,621799.3990776181,1200.0143408049466,False,661367.0799838312,1474.6165293244098,False,687101.4503132947,1961.1259613980644,False,702152.3206921266,2758.678638396332,False,706795.6133025415,3782.848929306168,False,2.52571802272473,58.61492756085475,662185.86082675,1165.607194252986,0.0,4.286045013424111e-05,False,759080.0,1692.4820556640625,False,788616.4653320312,2250.870265291155,False,811220.3198242188,4341.741601846778,False,False,2.8988773325953257,67.27492274635348,False,False
2MASS J10014264+0154262,150.42769767501,1.9073150891300004,2025052800125,-1,z,20250528,z_20,0.1702355123521186,150.42772056780055,1.9072737052951096,745319366898745414,0,1183.1209923579097,193.360604638322,0.009988093,0.010848532,150.42772056780055,1.9072737052951096,5.967062e-07,5.6116636e-07,662621.6813185719,1831.234873030975,611884.5576281033,1210.4020801757092,False,661586.8563928073,1493.3944142144398,False,690209.6681639882,1989.3713336278067,False,703368.78951604,2800.4545817644066,False,705424.3424191073,3840.065559009018,False,0.7267399519414913,60.5321326330169,656143.1078540973,1198.831906806621,0.0,0.0011670967198691,False,750046.0625,1693.0726318359375,False,782495.9624023438,2255.365446305037,False,799744.9545898438,4353.511597827882,False,False,0.8239106235984783,68.62574021447215,False,False
2MASS J10014264+0154262,150.42769767501,1.9073150891300004,2025052800126,-1,z,20250528,z_20,0.1844494556607692,150.42772236713188,1.9072701881491576,745319367012516955,0,1590.5601391017742,3859.8547177042938,0.011199708,0.011609176,150.42772236713188,1.9072701881491576,6.411846e-07,6.2598144e-07,659670.7187044487,1861.8618841377167,600318.6237046908,1215.041555441841,False,661279.8608370145,1505.5761442911623,False,700548.0572364727,2006.9217081584568,False,719430.7460858856,2828.4704450161325,False,726306.9500093248,3881.2506102180537,False,2.210787916314075,59.65321057644138,664065.3284425044,1252.5204639801968,0.0,0.0008736432353064,False,738974.875,1682.4691162109375,False,782856.765625,2242.718712987863,False,811642.119140625,4337.266041792359,False,False,2.4705375452411755,66.66197844476528,False,False
2MASS J10014264+0154262,150.42769767501,1.9073150891300004,2025052800127,-1,z,20250528,z_20,0.1747842171940227,150.42772097383548,1.9072724865210613,745319367141491377,0,3900.274316798773,2388.361950660241,0.009859496,0.011921595,150.42772097383548,1.9072724865210613,6.4108394e-07,5.724202e-07,663161.6999497401,1859.957147117622,607210.0779377742,1221.4069230676175,False,663183.1497851347,1509.921958872285,False,698535.5782080439,2012.721942243864,False,713695.0998308633,2832.676866517915,False,716842.8927891387,3887.155752208376,False,0.1708791048530882,59.27678000877196,652111.697621488,1219.8547036703148,0.0,0.00773414532794,False,746111.1875,1698.7308349609375,False,785884.2763671875,2264.4036702702974,False,806480.8374023438,4373.226906047449,False,False,0.1922467600121954,66.68907184666901,False,False
2MASS J10014264+0154262,150.42769767501,1.9073150891300004,2025052800128,-1,z,20250528,z_20,0.174977957617457,150.42772132530823,1.9072726188125804,745319367275709175,0,2726.1151341854315,2482.9054603485333,0.009184373,0.011673033,150.42772132530823,1.9072726188125804,6.17681e-07,5.4701604e-07,659186.4506557311,1841.0936382727523,611325.0394357173,1218.9286233651612,False,659903.2115482503,1503.3599315691183,False,689983.072555009,1997.379131676576,False,704839.7479564802,2818.323637648448,False,709045.1822310655,3866.130476300882,False,0.3608622108751598,60.02177978692204,658888.583080789,1211.5325912312856,0.0,0.0003830241821246,False,748495.5,1705.1866455078125,False,782613.5952148438,2265.5281345672192,False,804234.8012695312,4385.160146644447,False,False,0.4093081170591621,68.07972940016104,False,False
2MASS J10014264+0154262,150.42769767501,1.9073150891300004,2025052800129,-1,z,20250528,z_20,0.1695820000809456,150.42772049421117,1.907273872063499,745319367409926743,0,1423.895821728897,1825.5130016609085,0.0090466095,0.010345034,150.42772049421117,1.907273872063499,5.547588e-07,5.244785e-07,663000.0908125811,1831.5284047751272,616902.4351750149,1215.388958341341,False,663025.9638936055,1497.9409116572915,False,691411.699242168,1994.392589467294,False,703455.3045847915,2804.636692422011,False,711932.2570276511,3851.603728138101,False,2.005488551784049,59.42450300430556,657570.1404554598,1186.889256370834,0.0,0.0003542312241021,False,759948.125,1716.9122314453125,False,792483.3310546875,2285.935983530768,False,816003.6157226562,4414.63711956724,False,False,2.2986539707844944,68.11126878347336,False,False
2MASS J10014264+0154262,150.42769767501,1.9073150891300004,2025052800130,-1,z,20250528,z_20,0.1626840161123451,150.4277202422034,1.907275930192016,745319367544144641,0,2084.209284457111,2340.4833206126773,0.008542701,0.011012164,150.4277202422034,1.907275930192016,5.6895936e-07,5.251054e-07,663732.6267502714,1828.237924051528,619851.9318973959,1215.0195750604696,False,664492.7823892623,1495.9449945874085,False,692761.7988801037,1993.4351809914356,False,705156.1679956068,2802.482912302338,False,710120.0933434874,3847.9407469527896,False,1.1991299542947442,60.17541538153345,657110.8019246984,1182.289921081731,0.0,0.000709655690245,False,761534.1875,1714.4102783203125,False,793931.5634765625,2284.5530924080645,False,813824.833984375,4409.887523145786,False,False,1.3742488701943747,68.96333154331577,False,False
2MASS J10014264+0154262,150.42769767501,1.9073150891300004,2025052800131,-1,z,20250528,z_20,0.1278647215730136,150.4277134907473,1.9072832824276609,745319367682032862,0,2228.331352476728,3992.552738911514,0.061536513,0.12706017,150.4277134907473,1.9072832824276609,5.905605e-06,5.161674e-06,,,493050.4407718659,1166.4891944258236,True,,,True,,,True,,,True,,,True,-0.7793267806744455,58.73675718626578,564772.1760971909,1153.2165991481831,,,True,,,True,,,True,,,True,True,-0.8889058237962687,66.99557467869144,True,False
2MASS J10014264+0154262,150.42769767501,1.9073150891300004,2025052800132,-1,z,20250528,z_20,0.1709670843745457,150.42772057431552,1.9072734768223571,745319367812056299,0,3797.9222584870377,3842.087396896106,0.0070812446,0.009864753,150.42772057431552,1.9072734768223571,4.85461e-07,4.6830763e-07,658769.8319971253,1764.8768260613622,622803.3384939159,1189.0361889535752,False,659470.2945863683,1458.3823413348166,False,681488.5101637266,1931.1386940152177,False,693339.1464347506,2723.242144716705,False,694830.5296797786,3735.737878210697,False,1.51364453109406,58.11431597709824,661703.163197186,1142.9481203162002,0.0,7.004343815375513e-05,False,769761.0,1702.2841796875,False,795461.5717773438,2254.1049452063908,False,811034.9287109375,4360.507741554893,False,False,1.7667884929226336,67.83343290527617,False,False
2MASS J10014264+0154262,150.42769767501,1.9073150891300004,2025052800133,-1,z,20250528,z_20,0.1711805366223522,150.42772075071278,1.907273506459763,745319367948370239,0,228.3201454768445,839.169356127504,0.0073189507,0.0085393265,150.42772075071278,1.907273506459763,4.4185694e-07,4.4164528e-07,663392.1465905586,1765.3447871513592,632864.444575436,1193.451062354986,False,664494.3592017804,1459.756672721361,False,684513.4434677275,1935.3392555286343,False,694794.3882701708,2721.2848451821296,False,694809.6883450644,3730.771252416833,False,0.339817826156822,57.96886294125203,664811.8250066054,1130.3210525418783,0.0,0.0003070717459469,False,774904.5625,1702.3050537109375,False,798249.9521484375,2256.908878648723,False,810256.9873046875,4350.663967432964,False,False,0.3962808416072521,67.60077907971052,False,False
2MASS J10014264+0154262,150.42769767501,1.9073150891300004,2025052800134,-1,z,20250528,z_20,0.1694966819772492,150.4277207302203,1.9072740306404303,745319368079443148,0,3628.345268137236,3487.614206339667,0.0066384957,0.009141831,150.4277207302203,1.9072740306404303,4.3792375e-07,4.4954595e-07,661153.5220546453,1738.325673017736,631558.0490491078,1179.323888532366,False,660967.595087279,1440.6691899940051,False,676201.5707677028,1911.6553973478976,False,687110.6264107719,2686.4232213522723,False,686944.0784606439,3680.693776260868,False,1.1527963477536622,57.0738123691435,666418.804050678,1116.1476287748255,0.0,0.0008316475667012,False,774995.625,1689.2088623046875,False,792857.7177734375,2241.4481140435123,False,805453.4887695312,4315.675374660741,False,False,1.3516731117613932,66.92000518167066,False,False
2MASS J10014264+0154262,150.42769767501,1.9073150891300004,2025052800135,-1,z,20250528,z_20,0.1674164098485712,150.42772006952674,1.907274324990136,745319368218903453,0,1934.9411422207208,2474.188683249615,0.006556974,0.009300115,150.42772006952674,1.907274324990136,4.3186532e-07,4.61671e-07,661815.9169534661,1734.1885560405285,632494.5244215816,1179.4704174234855,False,662012.3365523134,1440.3499624226251,False,679019.8946759092,1906.049824355332,False,685587.0745158297,2679.864764696963,False,687476.1619851104,3673.3677782924456,False,1.6564296086390322,57.63070220545646,655501.4166866272,1096.6924587366232,0.0,0.0009362178928037,False,773770.25,1683.5032958984375,False,793648.9467773438,2227.820491661392,False,803532.7626953125,4293.489029152984,False,False,1.936060525788622,67.3596553886391,False,False
2MASS J10014264+0154262,150.42769767501,1.9073150891300004,2025052800136,-1,z,20250528,z_20,0.1749102055150675,150.4277213293996,1.907272642629612,745319368349450607,0,3448.9646660242875,1040.523886636675,0.007426417,0.0087794615,150.4277213293996,1.907272642629612,4.4040388e-07,4.6265015e-07,661486.4616919365,1743.788648854444,630597.6043949828,1182.1720242278154,False,661345.1568432037,1443.790418950027,False,680454.0492401073,1912.2712812960224,False,690835.4310954484,2681.477603341844,False,690909.7075019884,3678.272979632169,False,0.2428545953928618,56.82415072893294,658278.3444449493,1117.8775081081435,0.0,0.0001987394480401,False,773481.875,1688.597412109375,False,795830.8432617188,2236.51320473218,False,808059.34765625,4301.955569808849,False,False,0.2840326656257231,66.45917067102408,False,False
2MASS J10014264+0154262,150.42769767501,1.9073150891300004,2025052800137,-1,z,20250528,z_20,0.1825892359071022,150.42772281338335,1.9072710300479827,745319368485765937,0,54.02862628025455,2395.1082086169663,0.007449177,0.009854843,150.42772281338335,1.9072710300479827,4.5876044e-07,5.1034726e-07,660334.7396398218,1747.197417885837,628663.0445164093,1185.1402281415542,False,662751.9564952729,1448.9831033054409,False,684388.5295166805,1914.1373655988475,False,698824.5728195006,2695.191978216586,False,700913.5770399353,3693.064565980777,False,2.1151674898809723,58.33901052925661,657288.1763699162,1128.8952306840406,0.0,0.0058164548472688,False,769352.1875,1682.0445556640625,False,794468.8916015625,2222.0164798705714,False,813651.9077148438,4287.0749374186325,False,False,2.455381261904154,67.7225392205828,False,False
2MASS J10014264+0154262,150.42769767501,1.9073150891300004,2025052800138,-1,z,20250528,z_20,0.2740343359864238,150.42772785496993,1.907245199702088,745319368621556391,0,13.0,1885.0,0.12193366,0.24719916,150.42772785496993,1.907245199702088,9.057204e-06,1.23448735e-05,,,687095.4047352195,1210.1885742727557,True,720948.1065884613,1468.5975963464784,True,,,True,,,True,,,True,4.734811501659848,58.00430433914659,658452.6182830271,1107.2294736573206,,,True,840725.3125,1712.588134765625,True,,,True,,,True,True,5.521445778113208,67.64104995383674,True,False
2MASS J10014264+0154262,150.42769767501,1.9073150891300004,2025052800139,-1,z,20250528,z_20,0.1695542611742581,150.42772048314797,1.9072738747523272,745319368750531525,0,3485.672315208101,2562.0750671910246,0.007283423,0.008028114,150.42772048314797,1.9072738747523272,4.1374324e-07,4.3741605e-07,658082.6902562268,1743.396684668082,631850.8579551504,1182.150134712356,False,661179.9924920484,1443.55335881998,False,682536.9725280333,1913.9488896828025,False,694635.3265151869,2686.312259001,False,704530.0769919585,3681.6028039824646,False,3.803453322188911,58.61678380530431,656253.9396100364,1108.2303466699043,0.0,0.0009944118780964,False,773402.5,1688.568603515625,False,798384.4140625,2238.804671892284,False,824110.4223632812,4306.483627665565,False,False,4.449015913090543,68.56584841007128,False,False
2MASS J10014264+0154262,150.42769767501,1.9073150891300004,2025052800140,-1,z,20250528,z_20,0.1666527073894156,150.42771960557891,1.9072743144940685,745319368889991832,0,162.20275495067057,1669.068181687134,0.0073304693,0.0072103064,150.42771960557891,1.9072743144940685,4.0611806e-07,4.0173043e-07,662854.6686132358,1725.4166132444718,637190.5359702809,1178.2313425030818,False,664127.8834817486,1436.4793397625974,False,679431.5181120525,1899.08446606913,False,687690.3134780563,2669.618035338033,False,687353.7266240331,3657.274161220698,False,0.8433041927664435,57.61658580370823,657755.9153478269,1088.2700028700756,0.0,0.0001367252599827,False,779832.3125,1686.742919921875,False,797802.1479492188,2229.9431595062924,False,807104.564453125,4294.444846433878,False,False,0.9902247370465576,67.6545533822557,False,False
2MASS J10014264+0154262,150.42769767501,1.9073150891300004,2025052800141,-1,z,20250528,z_20,0.1730681840513417,150.42772076475345,1.907272915543044,745319369018967258,0,1663.7012493161276,2891.475726176772,0.0066812653,0.0073996102,150.42772076475345,1.907272915543044,3.7664947e-07,4.0603248e-07,664243.908601334,1718.38313079343,640502.7737686547,1174.0891150925736,False,666959.6610320652,1429.8279321546174,False,685193.5421774569,1894.301634104624,False,698625.9523426134,2656.9888579007948,False,710151.5228714014,3639.712898339216,False,7.22200780526736,56.03264907503048,661002.207233703,1082.1156958553645,0.0,0.0014181545915512,False,790432.9375,1694.5299072265625,False,812042.4306640625,2244.990953185071,False,841620.8461914062,4313.527677879444,False,False,8.559007654723755,66.40589227802442,False,False
2MASS J10014264+0154262,150.42769767501,1.9073150891300004,2025052800142,-1,z,20250528,z_20,0.1701356658264467,150.4277204117198,1.907273651061784,745319369158427105,0,118.51110687196294,1306.9788864824984,0.007750377,0.00801484,150.4277204117198,1.907273651061784,4.3199572e-07,4.4389012e-07,663040.4794322582,1737.846453080586,631215.3171226417,1178.8478269644263,False,663561.6167108023,1439.416299078242,False,683437.0571588045,1906.5944909727968,False,694147.543125327,2671.9211746257,False,702636.6086285443,3662.763485001778,False,3.337193385364361,57.3946188241686,665432.8512513535,1125.5311659948209,0.0,3.203241331362072e-05,False,772194.0625,1675.0648193359375,False,795323.3344726562,2218.72529761777,False,817666.0668945312,4262.398764835213,False,False,3.883529204667276,66.79075877710007,False,False
2MASS J10014264+0154262,150.42769767501,1.9073150891300004,2025052800143,-1,z,20250528,z_20,0.1704906320441748,150.4277208364806,1.9072737736500345,745319369291072163,0,1282.2720211997373,1657.1408268416633,0.009203466,0.0069980146,150.4277208364806,1.9072737736500345,5.0352463e-07,3.987112e-07,661426.6547908013,1731.1735755802126,630489.0813623023,1175.9610415671598,False,661422.9302473596,1435.67809283237,False,678950.8810610988,1900.8937363474088,False,687806.9515687855,2667.0931463263246,False,686477.4394400324,3654.754596048376,False,0.3573867857203346,56.91544070173314,655793.052019214,1110.0124962616023,0.0,0.0008455652837305,False,772165.4375,1676.0546875,False,792628.10546875,2219.161714001624,False,801414.8408203125,4266.67273321992,False,False,0.4172243070696936,66.44483304127861,False,False
2MASS J10014264+0154262,150.42769767501,1.9073150891300004,2025052800144,-1,z,20250528,z_20,0.1710732203977168,150.42772108152573,1.9072737258066288,745319369428435892,0,491.9241858802312,2555.19160658792,0.0075526703,0.010316039,150.42772108152573,1.9072737258066288,5.7237816e-07,4.204417e-07,662964.5309051699,1716.4258486013005,631414.1514136608,1168.0951545303155,False,665729.7728884179,1426.2165767256963,False,686550.789558917,1885.1103635023403,False,698017.8240247585,2647.8793606116133,False,705001.7382282441,3626.265148761305,False,4.058837065291139,55.885102531209306,664148.9704594439,1121.6903362273736,0.0,0.0002911844124039,False,775628.3125,1661.6561279296875,False,799886.4584960938,2196.304010523276,False,821383.2861328125,4224.888284338027,False,False,4.728869087535725,65.11060423526608,False,False
2MASS J10014264+0154262,150.42769767501,1.9073150891300004,2025052800145,-1,z,20250528,z_20,0.1709001556551053,150.42772046565918,1.907273438467794,745319369562653266,0,1482.342740452286,1449.8134589232077,0.008158371,0.008907187,150.42772046565918,1.907273438467794,4.9475483e-07,4.531618e-07,662478.2339555274,1718.669596420453,629012.238283358,1167.5671712388744,False,660517.6993546289,1425.181806175278,False,676791.7302641338,1884.8966058977255,False,677882.3130347756,2644.7602200948395,False,667619.0475526652,3623.9725144192594,False,-6.245600338885466,56.83780433900402,647793.9174755238,1099.9937286088962,0.0,0.0017630367878446,False,768909.8125,1659.056640625,False,787854.4404296875,2194.2114454143884,False,777176.5043945312,4218.672761214235,False,False,-7.270514310539354,66.16498773600804,False,False
2MASS J10014264+0154262,150.42769767501,1.9073150891300004,2025052800147,-1,z,20250528,z_20,0.1707675937377864,150.4277201179597,1.9072732920825448,745319369831088808,0,3805.21533542592,1811.918796240048,0.007019898,0.0074114287,150.4277201179597,1.9072732920825448,4.115272e-07,3.9012443e-07,660024.6006619203,1697.6302794235394,633469.8575259765,1159.831892576052,False,661753.3110474178,1411.7627979471547,False,679968.6483458384,1864.158233711904,False,689068.0438119116,2615.414572725464,False,691547.5186344507,3580.3804958264323,False,2.094775810017373,55.15489462826593,655858.3059306017,1087.5911031982782,0.0,0.0009390667404042,False,774217.375,1651.68994140625,False,795528.3837890625,2180.9693585131904,False,809075.0671386719,4188.861230769591,False,False,2.4507800743424437,64.52839301991472,False,False
2MASS J10014264+0154262,150.42769767501,1.9073150891300004,2025052800148,-1,z,20250528,z_20,0.1685094909166581,150.42771985317526,1.9072738619463532,745319369985753324,0,1019.3144216135132,550.3969392196707,0.00676602,0.0071609966,150.42771985317526,1.9072738619463532,3.9731216e-07,3.7625358e-07,661741.9488629984,1692.6322990606704,636355.2366274773,1159.7698243082716,False,662263.7836474463,1410.4171728604306,False,677360.0427477272,1862.362519956281,False,685263.0448665739,2613.5107309134787,False,684549.1282153542,3578.408028114456,False,1.8800143220538752,55.65808815649975,661148.6381254515,1085.1946410713651,0.0,0.0001145055922626,False,776987.8125,1654.743896484375,False,794699.1982421875,2184.979786291833,False,803133.6497844458,4198.296048568488,False,False,2.20568941202881,65.29974495430444,False,False
2MASS J10014264+0154262,150.42769767501,1.9073150891300004,2025052800149,-1,z,20250528,z_20,0.1793478670383166,150.42772088071752,1.907270998205084,745319370099523659,0,1673.8953311534133,164.40481537108118,0.0065428126,0.0070254332,150.42772088071752,1.907270998205084,3.8936668e-07,3.6449552e-07,665339.6746209188,1706.975940999085,639789.421536067,1168.153387717433,False,664623.6612760868,1421.276081526759,False,678355.6706560792,1878.9874005097645,False,682601.971795355,2632.917056873695,False,677941.0646575743,3608.3279459261535,False,-1.560534696748053,56.16229432243517,666245.3295039801,1093.6940906432692,0.0,9.833752910359816e-05,False,776017.375,1659.4879150390625,False,792050.9267578125,2193.9135711810754,False,791566.8310546875,4213.098846587068,False,False,-1.8220868583608711,65.57533045151256,False,False
2MASS J10014264+0154262,150.42769767501,1.9073150891300004,2025052800150,-1,z,20250528,z_20,0.1700035076701009,150.4277214249254,1.9072742651587171,745319370230072396,0,3028.032047714262,2886.11681085255,0.006872218,0.0069441097,150.4277214249254,1.9072742651587171,3.8546762e-07,3.819628e-07,662476.2424200432,1708.441884053998,636233.830863032,1171.4585805865452,False,661339.2725956066,1426.1633665573472,False,676667.47812895,1880.7675941966295,False,680742.9717084646,2643.616649156985,False,680781.8508252851,3621.703684970087,False,0.9261797462677412,55.43549604505854,651885.4166901129,1079.9705017053009,0.0,0.0017437454699043,False,776778.4375,1675.1053466796875,False,794782.2368164062,2209.062388487584,False,799614.7881660461,4253.8851782650745,False,False,1.0878477749043658,65.11196262534503,False,False
2MASS J10014264+0154262,150.42769767501,1.9073150891300004,2025052800151,-1,z,20250528,z_20,0.168889616079291,150.4277203683945,1.9072740223097089,745319370364290422,0,1171.486168327389,3374.961191370261,0.0068259905,0.0071896533,150.4277203683945,1.9072740223097089,3.9764336e-07,3.8092412e-07,663404.1814813159,1712.8479407569669,636011.147553324,1170.1592507318394,False,662526.0373931587,1424.5350554688105,False,677162.3979962349,1882.3043201484377,False,684009.3009567967,2636.6116289816664,False,688276.1956359086,3615.444558219553,False,2.6847034400577274,55.55245665570305,662845.2787474807,1099.3036760366288,0.0,5.24804557983094e-05,False,778860.1875,1674.6717529296875,False,796066.5732421875,2212.821554140494,False,809131.8627929688,4250.287034137647,False,False,3.156115392736486,65.30701340764134,False,False
2MASS J10014264+0154262,150.42769767501,1.9073150891300004,2025052800152,-1,z,20250528,z_20,0.1740394850018554,150.42772062324926,1.907272531720066,745319370502177239,0,3044.807153111032,1037.3398883571451,0.0065883617,0.0070701195,150.42772062324926,1.907272531720066,3.8967843e-07,3.6934057e-07,658697.4088356097,1685.8063631535597,634687.1186048783,1156.1540367453456,False,658842.9620814128,1405.538109045567,False,673941.1109749895,1856.8831523032989,False,679496.7440244256,2602.2205327582824,False,678348.5113100982,3566.277380534711,False,0.9557903209543124,55.8427098106696,655415.7424423723,1069.1005222436002,0.0,0.0001776637152853,False,774826.0,1652.9697265625,False,792582.0344238281,2183.7697724222926,False,797765.3156738281,4194.086598300394,False,False,1.1240481174514454,65.6732878121194,False,False
2MASS J10014264+0154262,150.42769767501,1.9073150891300004,2025052800153,-1,z,20250528,z_20,0.168617206230626,150.42771844340555,1.907273101508624,745319370636395266,0,60.74989993500604,1908.535683745262,0.008555848,0.007308857,150.42771844340555,1.907273101508624,4.1740176e-07,4.6530178e-07,659920.9586696955,1687.116342740151,632530.9260579817,1155.1898090788238,False,661184.3293274337,1405.6367003100186,False,678058.4571435509,1857.6464302135048,False,685282.1345584797,2604.156284040013,False,681309.4323376908,3565.5785591239974,False,1.0748565470965918,55.94643570587443,658665.3216926912,1094.962749420576,0.0,2.3337427210168293e-05,False,774288.4375,1646.0889892578125,False,794049.1025390625,2175.420813951507,False,797856.1989746094,4175.516764191814,False,False,1.2587246240918035,65.51679518850682,False,False
2MASS J10014264+0154262,150.42769767501,1.9073150891300004,2025052800154,-1,z,20250528,z_20,0.1742824535803399,150.42772193750642,1.9072731882348368,745319370766943051,0,3682.1714630205415,2064.480829027942,0.0066677136,0.0071449783,150.42772193750642,1.9072731882348368,3.9189973e-07,3.7565601e-07,663060.5626192567,1684.9826760626988,637841.8089547764,1157.9085632489791,False,663026.6754702592,1405.4930724191097,False,675970.9118467629,1852.744912315518,False,685186.946573694,2595.0137345805674,False,689898.1459934867,3554.5167556740844,False,4.320283252373957,53.92138046096237,653103.0227460259,1073.8828562329595,0.0,0.0012694819277483,False,777772.125,1648.7320556640625,False,792956.5310058594,2173.3866838955223,False,809294.0554199219,4169.672432029845,False,False,5.067964849856979,63.25318153196596,False,False
2MASS J10014264+0154262,150.42769767501,1.9073150891300004,2025052800155,-1,z,20250528,z_20,0.1575791024378483,150.42771933373996,1.9072770443582092,745319370904831545,0,319.64592472299125,3624.8327847830014,0.00687465,0.0070174565,150.42771933373996,1.9072770443582092,3.878937e-07,3.8383843e-07,661888.9573378868,1672.4950229827043,635239.8065734283,1149.305641729699,False,659506.3492462515,1395.4302975857497,False,671149.9860996942,1839.9906649321804,False,675824.7388589028,2577.6844190381057,False,666800.5336377452,3527.811250919737,False,-2.520330864378089,55.01874581707845,652788.7171093692,1065.5619659528268,0.0,0.000499108004522,False,774018.0,1637.72216796875,False,787683.3491210938,2159.4726057105827,False,782578.6909179688,4140.35348095614,False,False,-2.9579418867062377,64.5717810730925,False,False
2MASS J10014264+0154262,150.42769767501,1.9073150891300004,2025052800156,-1,z,20250528,z_20,0.1769567269621165,150.42772109182349,1.9072718636800807,745319371039048992,0,805.1341625471883,3116.7567544594863,0.006741398,0.007062763,150.42772109182349,1.9072718636800807,3.873015e-07,3.796658e-07,661271.5008213939,1678.8029163836532,634669.7074352151,1151.6315779533422,False,660684.2916819036,1398.8662028997642,False,676713.3458466774,1845.0631452117343,False,684139.2381152835,2584.9345251312798,False,690496.7744023356,3540.180846243654,False,2.6456466408664814,54.4122364202291,656634.4854895729,1079.8067784852249,0.0,0.0011719252262296,False,773530.75,1637.7958984375,False,792297.6049804688,2160.204346435627,False,808435.2761230469,4144.852207942232,False,False,3.0975294192853955,63.70597663245453,False,False
2MASS J10014264+0154262,150.42769767501,1.9073150891300004,2025052800157,-1,z,20250528,z_20,0.1690244215821656,150.42772000716494,1.9072737824097927,745319371168023136,0,3956.895576838551,1413.4293550641871,0.0065381336,0.007249072,150.42772000716494,1.9072737824097927,3.902228e-07,3.765639e-07,661448.0327772659,1696.7997489551806,636102.5824645945,1162.5559789647182,False,661857.258556469,1412.0450796552188,False,678706.0338577374,1863.99417989934,False,688223.169273601,2607.469232538683,False,692717.657320773,3573.7646395331053,False,2.276833147937919,55.80118198049991,664715.3358126072,1095.9852974811504,0.0,0.0001315699037826,False,773275.125,1649.75048828125,False,792960.2438964844,2177.781256950523,False,809330.6013183594,4175.376582532052,False,False,2.6601180455674096,65.19482171311313,False,False
2MASS J10014264+0154262,150.42769767501,1.9073150891300004,2025052800158,-1,z,20250528,z_20,0.1779099429392558,150.42772177296223,1.9072719357768824,745319371302240887,0,2781.9558059821225,1335.804461510704,0.00677215,0.0073788096,150.42772177296223,1.9072719357768824,3.9749102e-07,3.892969e-07,661556.0410134977,1697.1377588545988,634095.8816915131,1164.037439694483,False,658548.628132625,1414.5214358938135,False,670893.120031921,1864.615573747496,False,672397.7566129124,2616.0088866556266,False,654724.6938123357,3579.1558411850174,False,-6.939053710456644,55.60569024456057,649939.5830276338,1076.414594363294,0.0,0.0017545458147995,False,773453.5625,1661.330078125,False,787951.9470214844,2189.9575773127863,False,768962.4201660156,4203.65439672547,False,False,-8.149794234558284,65.30788673401565,False,False
2MASS J10014264+0154262,150.42769767501,1.9073150891300004,2025052800160,-1,r,20250528,r_57,0.1572009568287824,150.4277202651692,1.9072777119847877,745319371575919429,0,185.89404191034973,2104.6351703409205,0.012884219,0.0130886175,150.4277202651692,1.9072777119847877,7.2730217e-07,7.1598794e-07,180116.45158141982,658.7043482492996,170209.74877398807,449.5434058322608,False,180828.4198588374,546.888965812284,False,187663.002780556,720.5500570465816,False,189704.31875496355,1006.0527740971412,False,188057.6502078144,1375.178618218626,False,-0.2733426379018654,21.24407332417876,181179.7489730916,445.9531068987208,0.0,7.595179352570813e-05,False,361770.75,1094.1224365234375,False,375444.2211914063,1441.554014317982,False,376233.7646484375,2751.223510581389,False,False,-0.5468574640973586,42.50152904915481,False,False
2MASS J10014264+0154262,150.42769767501,1.9073150891300004,2025052800161,-1,r,20250528,r_57,0.1625435243387895,150.42772072582954,1.907276257967284,745319371710136759,0,1257.8735744230971,1074.387073238738,0.012761392,0.012773732,150.42772072582954,1.907276257967284,7.098332e-07,7.0903053e-07,182086.7201233592,661.5269524970793,170921.99835745394,451.1704192277002,False,181851.93033663445,549.1251006558857,False,187318.47798129657,722.7792268509925,False,190284.44195328053,1010.6548823245764,False,187764.8878158319,1381.1889367270535,False,0.0832593367113972,21.583868761118985,180663.68958228896,443.76982265249177,0.0,3.800588913582814e-07,False,363832.46875,1098.6385498046875,False,374769.4300537109,1446.0696126767311,False,375662.5654296875,2763.3546684346493,False,False,0.1665775555206889,43.183001918082674,False,False
2MASS J10014264+0154262,150.42769767501,1.9073150891300004,2025052800162,-1,r,20250528,r_57,0.1580176069187614,150.42771932047347,1.907276896764225,745319371844354225,0,1034.4492194300929,433.8825341420269,0.012076414,0.011560706,150.42771932047347,1.907276896764225,6.4279436e-07,6.706412e-07,182364.79238688876,658.2217368063205,172419.7323683829,450.4403002590379,False,181804.3767036021,547.1824488778503,False,186833.7438672108,719.650176416475,False,188199.8873886504,1005.117711548442,False,189174.04346409664,1376.1078781701822,False,0.544748296285056,21.178291508435443,180471.0285866969,434.165454517225,0.0,1.4133482169942369e-05,False,365669.96875,1100.568603515625,False,375785.7237548828,1447.4594192535217,False,380492.8562011719,2767.817441642203,False,False,1.0956727010149336,42.59669285461455,False,False
2MASS J10014264+0154262,150.42769767501,1.9073150891300004,2025052800163,-1,r,20250528,r_57,0.1624758748008025,150.42771988522057,1.907275793235544,745319371978572438,0,3549.479675000065,1612.3419711435,0.012006266,0.011245232,150.42771988522057,1.907275793235544,6.259999e-07,6.661737e-07,181945.18096733384,657.5335079837739,172924.39318206374,450.6680076842391,False,181714.3685058572,546.8809847866065,False,187287.80691030316,720.6699138121274,False,189345.1083506177,1007.1035489260736,False,188766.8822494208,1376.0786784208656,False,-0.5690701714797286,21.3036395883924,180657.75034832247,435.5352662478929,0.0,5.9646850612216085e-05,False,365371.71875,1099.6094970703125,False,376578.1895751953,1449.0455940607917,False,379552.1552734375,2766.8710845705864,False,False,-1.1442251284394374,42.83506844309112,False,False
2MASS J10014264+0154262,150.42769767501,1.9073150891300004,2025052800164,-1,r,20250528,r_57,0.1492590661999826,150.42771550728395,1.9072776543270016,745319372133236788,0,552.4543252930245,140.79342373835763,0.012806309,0.011239711,150.42771550728395,1.9072776543270016,6.28732e-07,7.080277e-07,181732.80964794868,659.1401673454355,172013.48638804912,450.5689947999275,False,182040.9201629643,547.5446697869472,False,188597.3877158375,721.7455277703873,False,190689.3776268905,1006.7696293466688,False,190863.41071276888,1377.075968239314,False,0.1343392748022125,21.37354356180596,182735.9843874736,445.7757937549517,0.0,1.8088707411156868e-05,False,365184.28125,1098.4052734375,False,378336.9223632813,1447.86195086402,False,382882.69140625,2762.491516950882,False,False,0.2694921090729195,42.876525433931725,False,False
2MASS J10014264+0154262,150.42769767501,1.9073150891300004,2025052800166,-1,r,20250528,r_57,0.1550591540570675,150.42771954733817,1.907277976769828,745319372377555880,0,2691.0197990605484,2309.0187714755803,0.010916637,0.011325855,150.42771954733817,1.907277976769828,6.271543e-07,6.0876397e-07,182347.32294419385,656.454844725507,173421.61204804984,452.2442265010073,False,183107.58062095515,549.3165086069484,False,188168.79531037816,717.9877700326938,False,190538.5114524421,1006.6692084297136,False,193077.6525285338,1380.6328451814593,False,0.8515685866837636,21.28875695890305,181385.6798263856,436.850108141618,0.0,2.969299175092921e-06,False,367342.34375,1102.0145263671875,False,377495.9291992188,1440.3953639342774,False,387343.8618164063,2769.7646568606747,False,False,1.708379300493523,42.70856427837377,False,False
2MASS J10014264+0154262,150.42769767501,1.9073150891300004,2025052800167,-1,r,20250528,r_57,0.1652940941805249,150.42772049674264,1.9072752402268516,745319372511773717,0,795.9766730708411,2677.312540129271,0.012443227,0.012045609,150.42772049674264,1.9072752402268516,6.721278e-07,6.885316e-07,183247.43370211,665.3665981251285,173118.2912744779,453.97164175882176,False,182926.85952695363,551.866648171003,False,188105.3199192757,726.0856661601762,False,191875.2594518375,1015.5825241488832,False,191812.3769963028,1387.6721487988589,False,0.762495008926359,21.446683191553404,181886.63819036627,443.5360851168258,0.0,0.0015664486901749,False,365743.9375,1103.402099609375,False,376097.7504882813,1451.7355799496672,False,383509.6398925781,2774.511501335852,False,False,1.524532414813214,42.88049539077133,False,False
2MASS J10014264+0154262,150.42769767501,1.9073150891300004,2025052800168,-1,r,20250528,r_57,0.1651998261324063,150.4277199084501,1.9072749393179544,745319372649660748,0,2814.223501416467,778.5054299279697,0.010602807,0.010987611,150.4277199084501,1.9072749393179544,6.0705696e-07,5.9293274e-07,182499.710704353,659.7476848047785,173969.55325885117,452.55894803091167,False,182190.29233928112,549.1359867617014,False,187229.35959624403,723.4568671666947,False,189580.88138350105,1010.8248521784906,False,187342.99554244205,1382.7523474878587,False,-0.397836712009952,21.618742305334106,181196.01108583683,432.1789090176075,0.0,0.0010968289828739,False,366620.84375,1105.0242919921875,False,376760.9399414063,1455.80954754415,False,376989.6091308594,2782.507376349338,False,False,-0.8005653273786819,43.50331427118826,False,False
2MASS J10014264+0154262,150.42769767501,1.9073150891300004,2025052800169,-1,r,20250528,r_57,0.1709685098138261,150.42772153229498,1.907274017491132,745319372780208727,0,4043.523510388381,1433.3286913842928,0.011908031,0.011503878,150.42772153229498,1.907274017491132,6.439955e-07,6.570837e-07,182090.92105242648,661.2481726924136,172334.51288476356,452.4187873357447,False,181561.97619768095,549.6757642265263,False,186819.70556279665,724.9505216570288,False,188346.9193976196,1013.6036733675616,False,186883.4739773586,1385.3672997887625,False,-0.6526529175930675,21.49091191064252,182596.4408727729,442.807562276396,0.0,0.0001186079006576,False,363210.25,1099.61279296875,False,373728.2077636719,1450.2456170778505,False,373855.77490234375,2771.393073791231,False,False,-1.3056160454219337,42.992038593442814,False,False
2MASS J10014264+0154262,150.42769767501,1.9073150891300004,2025052800170,-1,r,20250528,r_57,0.1649157497117858,150.42771995870882,1.9072750574356825,745319372914426495,0,3407.8543556027585,1561.7345592253555,0.011187369,0.011925446,150.42771995870882,1.9072750574356825,6.5254073e-07,6.323356e-07,182885.63536712047,660.1317071913405,172961.80837472,451.5769742061326,False,181988.19466093823,548.5245144252432,False,186195.3038408316,721.9679518238404,False,188329.09405059804,1009.1096266256958,False,187539.0176289373,1380.3279724714614,False,0.0028841519678836,21.70413997979757,181595.5078659008,439.38744355015945,0.0,6.300939729009247e-05,False,365062.78125,1100.323486328125,False,373502.1142578125,1448.2457444958004,False,376197.5632324219,2768.8959144104474,False,False,0.0057855210933044,43.53784442131666,False,False
2MASS J10014264+0154262,150.42769767501,1.9073150891300004,2025052800172,-1,r,20250528,r_57,0.1624897490797248,150.4277192658119,1.9072754455191003,745319373186532398,0,455.7064807696413,2705.587062416818,0.011772238,0.012198915,150.4277192658119,1.9072754455191003,6.6961775e-07,6.626572e-07,182269.89939021095,667.6001340493895,172779.61961416918,455.4543283092788,False,182347.1273493544,554.2727903690399,False,187930.7421987505,731.7954322431541,False,190527.586163788,1023.4235545111236,False,191887.29576114207,1400.5091928709585,False,0.5718871083316655,21.36534390151492,182813.65565542443,443.8942452121491,0.0,0.0003787514101114,False,365060.25,1109.6580810546875,False,376238.6867675781,1465.0596767105571,False,384159.7352294922,2803.8293967595127,False,False,1.144922071294007,42.77357093254273,False,False
2MASS J10014264+0154262,150.42769767501,1.9073150891300004,2025052800173,-1,r,20250528,r_57,0.1593168607093118,150.42771927958955,1.9072764596568743,745319373315506491,0,4039.432916401339,946.9451401179105,0.013762297,0.013714178,150.42771927958955,1.9072764596568743,7.6324625e-07,7.637941e-07,182185.96625504745,679.162850290668,170159.1043862455,459.1823848948744,False,182553.7821282196,561.2707616160253,False,189481.9812301593,741.1551261868714,False,192043.0010686189,1036.6406656443628,False,191894.8555584564,1418.4851671731628,False,-0.4293736784723438,22.022329861252658,182360.89943627213,460.3820520861756,0.0,0.0007327677680216,False,360590.375,1108.6531982421875,False,374275.3388671875,1463.9707913429395,False,379041.3823242188,2801.870727628386,False,False,-0.8481227500766098,43.4997297260337,False,False
2MASS J10014264+0154262,150.42769767501,1.9073150891300004,2025052800174,-1,r,20250528,r_57,0.1592461102375897,150.42772049183813,1.9072771852123112,745319373449724160,0,2873.9245067131505,781.9967474366912,0.014533992,0.013977206,150.42772049183813,1.9072771852123112,7.907092e-07,7.9391805e-07,181706.74014837595,687.6829548987406,168702.9737952484,462.9329757751024,False,182137.52755171736,567.06900810886,False,189574.87296094172,746.3756971288635,False,195053.249892702,1048.391996876864,False,197276.88413401565,1437.1926468391712,False,1.06736487137556,21.98734206747033,180809.6035096296,464.3188704313816,0.0,0.0040903886264768,False,356381.5,1109.5621337890625,False,370933.8679199219,1460.4046408327454,False,386004.0971679688,2812.099615901944,False,False,2.088471821382987,43.02178717559018,False,False
2MASS J10014264+0154262,150.42769767501,1.9073150891300004,2025052800176,-1,r,20250528,r_57,0.1610856415114216,150.42771982149335,1.9072762010582696,745319373718159557,0,2274.11676033831,505.8949916248475,0.014032358,0.012669442,150.42771982149335,1.9072762010582696,7.4693423e-07,7.3880165e-07,181509.000265138,680.18446610913,169904.7549919825,460.2268576042433,False,181891.49324136515,562.2660714262871,False,188780.8827067715,740.9039611515749,False,193010.7078402403,1039.4873969930095,False,193238.53551807872,1421.7622792929444,False,0.2328055861714511,22.3209991171044,181789.6646119093,457.4130558587398,0.0,0.0009039039589726,False,357464.15625,1104.999267578125,False,371003.6008300781,1456.069245546773,False,379764.0495605469,2794.13316422183,False,False,0.4575236089828247,43.866576571917285,False,False
2MASS J10014264+0154262,150.42769767501,1.9073150891300004,2025052800177,-1,r,20250528,r_57,0.1617613168730589,150.42771891827977,1.907275487858616,745319373856048264,0,1950.4233565058528,3074.786765636001,0.013605657,0.011564545,150.42771891827977,1.907275487858616,7.1384795e-07,6.8930996e-07,182675.49392208445,678.8600036808187,171832.06064341692,460.1971050987338,False,182436.059011621,561.0982042397613,False,189042.45577884035,740.9941805342837,False,190212.12276924745,1035.744482892508,False,190472.18801341412,1418.5798798520857,False,-0.4012508435293834,21.87419142184851,180710.67384426531,450.9681762070063,0.0,0.0044476867952278,False,360221.59375,1107.893310546875,False,373265.98193359375,1463.0994887613322,False,376089.0007324219,2800.9983769132577,False,False,-0.7922732991095766,43.19078223164714,False,False
2MASS J10014264+0154262,150.42769767501,1.9073150891300004,2025052800178,-1,r,20250528,r_57,0.1609717074773002,150.42771962275515,1.9072761249881387,745319373986071075,0,3714.218199479393,1460.2327459524106,0.012347767,0.012780107,150.42771962275515,1.9072761249881387,6.9439983e-07,7.018296e-07,182553.21827169525,676.9781869851598,172067.10935700085,458.6476460091531,False,182897.959586097,559.1220128626313,False,189618.7601607205,738.2463929740301,False,192464.38607246423,1032.5927941329967,False,193413.057090043,1412.3448492079272,False,0.1050790822935422,22.062023292730828,181147.02088868752,449.0456781646165,0.0,0.0007909599738554,False,361244.71875,1104.3309326171875,False,374519.08068847656,1458.1223935008718,False,382013.2579345703,2789.545159414189,False,False,0.2075433953202189,43.57505910658788,False,False
2MASS J10014264+0154262,150.42769767501,1.9073150891300004,2025052800179,-1,r,20250528,r_57,0.3208079959006235,150.42776321973878,1.9072546752794184,745319374120289308,0,4085.310760372256,2807.35404011987,0.039785337,0.0855042,150.42776321973878,1.9072546752794184,3.1715756e-06,4.170833e-06,,,133803.09837932815,439.77354399344,True,,,True,,,True,,,True,,,True,-1.327352901913028,21.474881796959444,145419.40179946262,423.3335680603734,,,True,,,True,,,True,,,True,True,-2.6422555565495647,42.74833442747775,True,False
2MASS J10014264+0154262,150.42769767501,1.9073150891300004,2025052800180,-1,r,20250528,r_57,0.1606187431293687,150.42772085588717,1.907276959640593,745319374257128238,0,181.1213374609344,2071.47726283507,0.0115821995,0.012137341,150.42772085588717,1.907276959640593,6.515193e-07,6.669954e-07,181532.09589385547,667.1855131093699,172286.8994889706,455.2830023146586,False,181792.19159845135,553.7806397538927,False,187702.129643981,729.9648049373604,False,190038.84510806075,1019.6654163522982,False,188716.5343718384,1396.5624898275548,False,-0.2630302182964165,21.18204866654745,182856.74857517597,444.7253600995337,0.0,9.088775877297284e-05,False,361796.34375,1102.114501953125,False,373558.0919189453,1452.7499513063174,False,375576.9240722656,2779.3889176168013,False,False,-0.523473370548323,42.155758689674734,False,False
2MASS J10014264+0154262,150.42769767501,1.9073150891300004,2025052800181,-1,r,20250528,r_57,0.1621677625180021,150.42771845034034,1.907275113387459,745319374392918655,0,1977.272222153533,1535.230040013308,0.0125031555,0.011560398,150.42771845034034,1.907275113387459,6.8455444e-07,6.535398e-07,183569.64819699875,675.5020551569955,172342.9381968396,458.8481464894909,False,183547.8843373908,559.2441726453981,False,190108.5841648312,738.0140232229502,False,193091.6864524352,1031.7794250251666,False,193751.2711392829,1410.2481832693832,False,0.4590423079708096,22.070576492451387,182303.7332470195,450.99558222491714,0.0,0.000532388699787,False,362450.96875,1104.3363037109375,False,375406.3455810547,1457.352116227862,False,382599.5389404297,2784.809108800985,False,False,0.9064682484458484,43.5826425318834,False,False
2MASS J10014264+0154262,150.42769767501,1.9073150891300004,2025052800182,-1,r,20250528,r_57,0.1635870839819264,150.42772018486988,1.907275608262013,745319374521894180,0,3864.795237450802,3775.37246032528,0.013065319,0.0121282535,150.42772018486988,1.907275608262013,7.178131e-07,6.827851e-07,183046.987338525,686.3335718967144,171170.7784587687,463.4098532387101,False,182819.302640696,565.9970785925018,False,189265.64993941077,747.4361017121921,False,192119.0802905082,1046.3065545711484,False,193516.4255107313,1433.1260207223754,False,0.596519566841442,22.326441388825096,183734.7671456622,460.25802529200473,0.0,0.0045418537624172,False,357376.09375,1106.4139404296875,False,369977.4459228516,1461.0918568188995,False,378286.8834228516,2801.48196464696,False,False,1.1660794542150377,43.64384009580238,False,False
2MASS J10014264+0154262,150.42769767501,1.9073150891300004,2025052800183,-1,r,20250528,r_57,0.1594788922611832,150.4277185054957,1.907275986262425,745319374659781075,0,1062.1284783657231,1162.6360453686298,0.012460012,0.012007315,150.4277185054957,1.907275986262425,6.892664e-07,6.7057374e-07,182454.8463487169,671.8496347160659,172849.04559665808,457.679025038313,False,182314.8253121473,557.0997979393642,False,188071.89069731403,734.963531770631,False,189813.98504779369,1027.832300536588,False,189210.12978894968,1405.805779328928,False,-0.1097635769472119,21.48094386151855,181758.0139893235,446.0876024281708,0.0,0.0018899445144613,False,361842.96875,1105.684326171875,False,373269.1027832031,1458.6931468877694,False,375528.1829833984,2790.123819098952,False,False,-0.2178494177596207,42.63355152328405,False,False
2MASS J10014264+0154262,150.42769767501,1.9073150891300004,2025052800184,-1,r,20250528,r_57,0.1593998586733694,150.4277189849626,1.907276270228938,745319374795571416,0,216.8358595216553,553.6915367112186,0.012384703,0.012156582,150.4277189849626,1.907276270228938,6.87149e-07,6.7688956e-07,181718.5448391634,682.4242246812868,171329.12835801646,462.0051501878236,False,181985.89249001187,563.5919185666362,False,188935.2476488741,744.2011677898934,False,191573.4082447634,1042.1047469108803,False,192356.16257663048,1425.692145743675,False,0.057242952493754,21.92373773201191,182599.1493762427,457.8628483821211,0.0,0.0001174836813068,False,357981.0,1108.6309814453125,False,371650.9448242188,1463.9040125663337,False,378380.16174316406,2804.4519992310816,False,False,0.1126015269441351,43.125768979450434,False,False
2MASS J10014264+0154262,150.42769767501,1.9073150891300004,2025052800185,-1,r,20250528,r_57,0.1678908038603095,150.4277202345987,1.907274265406482,745319374928216465,0,223.3508466883174,1161.435938944399,0.013895857,0.012093322,150.4277202345987,1.907274265406482,7.659922e-07,6.7915124e-07,183285.200983918,678.8388077659421,172098.8972014056,460.6382638287,False,183559.49730950213,562.2454748369962,False,190389.70536915064,743.328046012448,False,193276.6164939516,1040.3799151101532,False,194911.4288412046,1423.0474079331525,False,0.4542025508557948,21.9080727221398,183477.1565536903,455.1729923507376,0.0,0.0008379340545752,False,361853.34375,1108.3621826171875,False,375317.826171875,1465.3327280540243,False,384231.5614013672,2805.272788512509,False,False,0.8953756911298797,43.18768293561934,False,False
2MASS J10014264+0154262,150.42769767501,1.9073150891300004,2025052800186,-1,r,20250528,r_57,0.1565409479357616,150.4277194305899,1.9072774322287545,745319375064006791,0,418.66604339105936,390.754578292195,0.012201347,0.011399792,150.4277194305899,1.9072774322287545,6.7637313e-07,6.3552227e-07,182125.98185786695,684.2842808387546,172158.04878651322,463.3779005043812,False,182974.26077535705,565.3875349735623,False,190022.38134657076,746.7386891074809,False,194757.54548999728,1045.8348683192478,False,195086.03584455463,1431.4842317206662,False,0.9789556732383632,22.24822840273752,181551.84802047865,453.030045344318,0.0,0.0015059278403145,False,358983.3125,1109.252685546875,False,372811.2556152344,1465.051570924638,False,382745.8084716797,2808.4767175286306,False,False,1.920645826798748,43.649542265821,False,False
2MASS J10014264+0154262,150.42769767501,1.9073150891300004,2025052800187,-1,r,20250528,r_57,0.1595944087569603,150.4277183030353,1.907275842949797,745319375192981892,0,2627.870462986765,1095.8660792008577,0.013332583,0.012955057,150.4277183030353,1.907275842949797,7.403734e-07,7.2041536e-07,181537.27326509112,688.8218763859666,168894.30258932753,464.009457726189,False,181353.0817688623,567.8567077411983,False,189108.40523804852,749.6656612634243,False,192006.004631773,1050.8233925310064,False,191117.1018403448,1438.2523531720633,False,-0.7342213785107152,21.98161746386709,181046.6298583411,463.6490808243564,0.0,0.0017137811383517,False,351653.9375,1101.1064453125,False,366691.95068359375,1453.644344063678,False,370586.9276123047,2788.8530935261733,False,False,-1.4236970016260375,42.62360616313953,False,False
2MASS J10014264+0154262,150.42769767501,1.9073150891300004,2025052800188,-1,r,20250528,r_57,0.1614588036660182,150.42772006113265,1.9072762187128989,745319375332442129,0,444.7549173203066,44.394928152746665,0.012704139,0.012197533,150.42772006113265,1.9072762187128989,7.0581376e-07,6.781077e-07,182709.52328268677,684.1364684453919,171536.85696093028,462.7327625817407,False,183211.92022272505,564.9304165538167,False,191359.3476007949,745.9500313648829,False,195508.99658054885,1044.5425797071905,False,199274.9704779443,1430.624115698095,False,2.03541525047278,22.781440537275667,182785.5791761676,457.92577689305136,0.0,0.0010500511995551,False,358707.96875,1106.069091796875,False,374659.6989746094,1460.48477748942,False,390157.5825195313,2800.998264539645,False,False,3.98511008002252,44.603452932488,False,False
2MASS J10014264+0154262,150.42769767501,1.9073150891300004,2025052800189,-1,r,20250528,r_57,0.1574606954259645,150.42771798566258,1.9072763458512136,745319375465087238,0,2410.8069960478515,753.5955532886238,0.012779004,0.013161516,150.42771798566258,1.9072763458512136,7.102204e-07,7.3128433e-07,183592.42850541804,682.9339875961331,171911.3292890564,462.1255131225992,False,183242.8216790229,564.3130001538407,False,189733.9385180612,745.0301347061985,False,191932.7968248192,1043.0613824956283,False,192429.54928681487,1429.2088165945938,False,-0.1414247595617833,22.101254420762515,182877.57245696045,456.90216302053807,0.0,0.0002044829996957,False,359629.84375,1107.512939453125,False,372369.2204589844,1462.185904355696,False,377659.5891113281,2804.9455836166912,False,False,-0.2775582896921077,43.37561821625079,False,False
2MASS J10014264+0154262,150.42769767501,1.9073150891300004,2025052800191,-1,r,20250528,r_57,0.159597618061723,150.42771761858327,1.9072754901368945,745319375736668452,0,1123.617652104539,801.2114245277862,0.013876607,0.013899852,150.42771761858327,1.9072754901368945,7.725241e-07,7.711986e-07,181876.55183000249,696.9678442117404,169438.69890772653,467.25934482729866,False,182576.57874978395,572.6046830210765,False,191147.309247972,758.0658429538757,False,195140.10827201785,1062.1500422270583,False,195879.667381324,1454.9152097822157,False,0.0003202285337211,22.482846631034068,181278.58107270932,464.88539845114855,0.0,0.0015320161329054,False,353490.0,1108.630859375,False,370083.9549560547,1467.7057520779215,False,379246.3638916016,2816.8891159404743,False,False,0.0006200005781694,43.52946862092319,False,False
2MASS J10014264+0154262,150.42769767501,1.9073150891300004,2025052800192,-1,r,20250528,r_57,0.1592075813198259,150.4277171434057,1.907275375245584,745319375870885945,0,938.4046216648824,140.99283339029037,0.011852565,0.011310926,150.4277171434057,1.907275375245584,6.295186e-07,6.5797764e-07,181459.7287919979,674.1979640958843,172332.4651744815,459.6251327776884,False,181447.6608125902,559.7317699728578,False,186034.2229773175,738.8395423431173,False,188362.1370295768,1033.3456516667366,False,188910.27486731217,1415.2401847717315,False,0.4268057454764765,22.09952137666265,181304.46706931465,443.4299206044477,0.0,7.570694883374252e-05,False,360768.78125,1112.903564453125,False,369888.1517333984,1469.019991973018,False,375606.5486006737,2813.893959004926,False,False,0.8486093892667144,43.94003955499708,False,False
2MASS J10014264+0154262,150.42769767501,1.9073150891300004,2025052800193,-1,r,20250528,r_57,0.1650102664656437,150.42772069640483,1.90727544624512,745319376005104224,0,3375.793175054473,1459.8216088386523,0.011285514,0.012051585,150.42772069640483,1.90727544624512,6.67847e-07,6.2937255e-07,183396.02352837747,674.5116838216777,172684.99660491417,459.44381334601775,False,182702.3443006244,559.7991917550894,False,187115.9025710089,738.6726393814021,False,189115.6668787397,1034.0812955200925,False,190307.1884197968,1414.7068861296982,False,0.5906831184166962,21.12006453044399,181533.5960089073,444.443772703667,0.0,0.0002631883214038,False,363664.46875,1114.266357421875,False,372449.5466308594,1470.3095026453907,False,378801.7216796875,2815.93884386499,False,False,1.1757400447207458,42.03896275568143,False,False
2MASS J10014264+0154262,150.42769767501,1.9073150891300004,2025052900093,-1,r,20250529,r_57,0.154706566892743,150.4277176490176,1.9072770332550544,745323760626697571,0,1271.332770044986,2899.405038064632,0.010056898,0.009934431,150.4277176490176,1.9072770332550544,5.581028e-07,5.529158e-07,182577.16904270812,629.6214566078752,175117.95906660435,438.2036949881698,False,182581.23377294416,528.0294354789769,False,186855.1951744845,691.3237471956872,False,189113.65752077723,962.92817044996,False,190097.6040024181,1314.0203803966156,False,0.5909122484314601,20.382619690547354,180869.8997045205,422.1752352408586,0.0,0.0006655470358415,False,372877.34375,1078.3704833984375,False,381605.8605957031,1411.8590240560825,False,388227.6845703125,2683.564016688448,False,False,1.2067931902490725,41.62649650143828,False,False
2MASS J10014264+0154262,150.42769767501,1.9073150891300004,2025052900094,-1,r,20250529,r_57,0.162652914478948,150.42771972687385,1.9072756479114144,745323760760915104,0,1752.5280900557768,2419.946555411604,0.009379728,0.010103165,150.42771972687385,1.9072756479114144,5.2491066e-07,5.5809625e-07,183038.95160693687,628.9612336605823,175265.1076640033,438.1085996217352,False,182525.0275706708,527.7441095228187,False,185763.82385817036,689.851033264373,False,188134.35064101676,960.0734953337318,False,189146.0129331119,1311.0136469861257,False,0.6402178026061669,20.51073808678813,179760.8410463194,416.6487441994984,0.0,0.0021727605131655,False,373320.125,1079.39990234375,False,379944.4649658203,1410.958690965935,False,386862.08752441406,2681.42832291899,False,False,1.3094433858042844,41.95080208075744,False,False
2MASS J10014264+0154262,150.42769767501,1.9073150891300004,2025052900095,-1,r,20250529,r_57,0.1660822197069368,150.42771969439897,1.907274542552744,745323760896704976,0,1639.2657777051872,945.5277302837968,0.009343412,0.010274459,150.42771969439897,1.907274542552744,5.2242183e-07,5.681455e-07,182109.8060960736,628.6473892254983,175124.91604494664,438.4723333453903,False,182178.2795145581,528.3365672168082,False,185220.0284907168,691.616653646616,False,187001.29280665325,963.5182813531862,False,186927.7219151391,1315.0308762902494,False,0.3698303442139078,20.42293988398716,180674.5989010473,417.7099227658062,0.0,0.0003442145114234,False,373071.875,1081.948486328125,False,379300.888671875,1416.3198952405833,False,382797.970703125,2692.972158963066,False,False,0.7573531834608878,41.82290279518482,False,False
2MASS J10014264+0154262,150.42769767501,1.9073150891300004,2025052900096,-1,r,20250529,r_57,0.1598832633487045,150.42771875723767,1.907275993614642,745323761025680824,0,2139.5644033317453,3518.848179634588,0.00980534,0.011775448,150.42771875723767,1.907275993614642,5.492798e-07,6.5073453e-07,183808.85366781623,635.3450413756004,175582.52827536484,441.0938350528955,False,183486.3642455212,532.2107469838603,False,187307.56442800025,695.9020256888681,False,189241.07644297808,970.157390207317,False,189742.1361561521,1325.2079389280616,False,0.0603172988383968,20.42391869601317,181806.56639964777,422.9150690723209,0.0,0.0013231366753538,False,373203.375,1082.4937744140625,False,380975.5318603516,1415.4347966092075,False,385927.346069336,2695.415964114721,False,False,0.1226827922060304,41.54137240344697,False,False
2MASS J10014264+0154262,150.42769767501,1.9073150891300004,2025052900097,-1,r,20250529,r_57,0.1634462081221852,150.42771773947925,1.907274356101531,745323761163568014,0,2479.688691406337,2596.40458063604,0.01368188,0.0149937095,150.42771773947925,1.907274356101531,7.619224e-07,8.3172444e-07,183319.78766092085,665.7031740741464,168126.89025763003,448.7293413151658,False,182527.15671550325,547.5891902815075,False,189919.50735861692,719.973558076077,False,193349.09965353203,1005.7794703108692,False,191749.96500363824,1372.9617210221338,False,-0.4883368251672346,21.11465237631441,182519.3760539584,460.6815872833175,0.0,2.704292700950184e-05,False,359124.25,1077.387939453125,False,373668.7836914063,1416.556137270621,False,377270.2298583984,2701.317750263864,False,False,-0.9608082393948154,41.54331791007719,False,False
2MASS J10014264+0154262,150.42769767501,1.9073150891300004,2025052900098,-1,r,20250529,r_57,0.159988058788789,150.4277190676409,1.9072761292006704,745323761294115141,0,3220.707446472602,748.2204418769119,0.0101129105,0.010111732,150.4277190676409,1.9072761292006704,5.6197814e-07,5.619227e-07,183139.949489627,634.0236317401285,174846.58002069357,440.7917933202446,False,183472.12652712545,532.2778876692298,False,187792.1232877012,696.986489797962,False,188784.6597220677,970.3764132572412,False,189978.7919434952,1324.6425882340054,False,0.3467659616183675,20.296443024152516,181735.3763664151,425.1698765378294,0.0,0.0002453066383188,False,373737.625,1084.2642822265625,False,382537.5738525391,1419.7801065747435,False,386991.87634277344,2698.332353101257,False,False,0.7063715310833834,41.344396859503846,False,False
2MASS J10014264+0154262,150.42769767501,1.9073150891300004,2025052900099,-1,r,20250529,r_57,0.1603962085483015,150.42771839544565,1.9072756398864992,745323761407886887,0,2160.488443497478,3408.038219825984,0.009553795,0.0104276305,150.42771839544565,1.9072756398864992,5.309069e-07,5.7921784e-07,181788.1023779736,630.7840111190771,175150.855261514,439.1531685160781,False,181841.9217329298,529.2380278160009,False,185635.24294433845,693.0723695000529,False,186498.13260071128,963.57270602832,False,187021.6303065089,1317.410910105373,False,0.2604771574611466,19.962875037396728,179989.55447822143,413.8792574365492,0.0,0.0012530008503174,False,371872.34375,1082.30810546875,False,379629.802734375,1417.3543920905315,False,382465.0076904297,2694.14598214724,False,False,0.5326838284335687,40.82469574341691,False,False
2MASS J10014264+0154262,150.42769767501,1.9073150891300004,2025052900101,-1,r,20250529,r_57,0.1592781730587124,150.42771824198607,1.9072759101302772,745323761700438825,0,374.8133924114542,1657.8058308412203,0.008261546,0.010357979,150.42771824198607,1.9072759101302772,4.597273e-07,5.7512904e-07,182697.4595458456,631.3319271791627,175739.2317556012,439.9689853411839,False,182464.91746915085,530.0439527445909,False,186005.532428158,693.8341953156256,False,187373.80454767268,967.1077032446024,False,187997.0039638829,1319.6693456528342,False,0.4976332124407178,19.981344950701946,181826.69683947327,418.0711266163386,0.0,8.136127422553319e-05,False,373300.25,1084.4031982421875,False,380543.9024658203,1419.4974144202936,False,384618.2025146485,2699.877343450575,False,False,1.0180949038810732,40.87931624825559,False,False
2MASS J10014264+0154262,150.42769767501,1.9073150891300004,2025052900102,-1,r,20250529,r_57,0.1590962847538216,150.42772220529105,1.907278319719227,745323761834656267,0,23.949270278466475,1122.0188928133543,0.009070215,0.010785711,150.42772220529105,1.907278319719227,5.055989e-07,5.9808076e-07,181835.95300461093,632.9344765995816,173856.40552321268,440.9114212884461,False,181822.4266373847,532.5519876970723,False,185702.6724955402,694.9386985924889,False,,,True,,,True,0.0949465140951807,20.42536568780013,178452.52086796018,419.8832397625653,0.0,0.0011218378117117,False,370051.9375,1083.8701171875,False,377949.1618652344,1414.3657447205328,True,,,False,False,0.1932387667989054,41.57048328251911,False,False
2MASS J10014264+0154262,150.42769767501,1.9073150891300004,2025052900103,-1,r,20250529,r_57,0.1629323794871091,150.42771931016935,1.907275329666388,745323761965204611,0,3102.081087499472,2461.976440610664,0.009798818,0.0107094925,150.42771931016935,1.907275329666388,5.4610246e-07,5.937369e-07,182137.5288803948,633.7301043482257,174959.85454949687,441.6925985076701,False,182253.86331774847,532.9649112669838,False,186373.417131447,695.0359767222744,False,187800.61258910023,971.274981142729,False,188341.2473947536,1328.1365957561177,False,0.332123103668249,20.16010289754026,181847.2108587541,422.70374519317033,0.0,0.0001961331276442,False,371081.9375,1085.15478515625,False,379469.64453125,1415.1430986384464,False,383476.2880859375,2704.181366836569,False,False,0.6762264599179292,41.04741544148148,False,False
2MASS J10014264+0154262,150.42769767501,1.9073150891300004,2025052900104,-1,r,20250529,r_57,0.1657872938770795,150.42771929539978,1.907274421383011,745323762099422306,0,3744.631401063909,2758.7004073033304,0.0105043305,0.011624869,150.42771929539978,1.907274421383011,5.870413e-07,6.4317805e-07,182011.07371763137,645.7538372650305,173591.41787009104,444.9680019399146,False,182396.0453589036,538.6826298827359,False,187659.59072625055,706.6282226409533,False,190819.409239126,986.7848780565585,False,191279.4924880516,1348.227332728273,False,0.1440003561806391,20.73697913559753,183042.16233733305,433.99513884854986,0.0,0.000266085047251,False,368660.6875,1088.7906494140625,False,379299.4173583984,1428.2439394621465,False,386615.99853515625,2725.050394661057,False,False,0.2910549414892116,41.91378694510361,False,False
2MASS J10014264+0154262,150.42769767501,1.9073150891300004,2025052900106,-1,r,20250529,r_57,0.1590328628029636,150.4277182999412,1.907276017601914,745323762351604743,0,179.4920921226395,2903.176811547646,0.011456314,0.012635459,150.4277182999412,1.907276017601914,6.436698e-07,6.9577777e-07,183630.0140814546,655.1433092469356,172915.48873833424,448.2871449987271,False,183421.51509242333,543.8304056003011,False,188837.45339103625,713.7744283408117,False,191780.50780314603,995.7418304154615,False,191773.0940685621,1361.0576973024893,False,0.2281780063958201,20.654445805287068,183633.42212663387,443.8515768189645,0.0,2.951062942901928e-07,False,364742.15625,1081.431884765625,False,375511.9997558594,1419.3734248567052,False,381349.6568603516,2706.5261076086063,False,False,0.4537425068138888,41.07231965330311,False,False
2MASS J10014264+0154262,150.42769767501,1.9073150891300004,2025052900107,-1,r,20250529,r_57,0.1568363231857779,150.42771970156574,1.9072774947989448,745323762485821970,0,572.2856665182858,1503.336452657387,0.014694612,0.012204761,150.42771970156574,1.9072774947989448,7.99261e-07,6.9855247e-07,182363.31213652127,660.6452383536543,169999.9081444002,448.8810896805334,False,181992.56877441495,546.3371019092407,False,188564.8042068977,718.4832909068641,False,191905.85890312016,1003.474872125507,False,192648.93387339893,1371.541457649623,False,0.0592364239589237,21.480159407225145,181326.6410553964,449.98303419505424,0.0,0.0005869293250626,False,359013.1875,1077.74853515625,False,371978.10803222656,1417.3379614949731,False,380034.7908935547,2705.6130578031084,False,False,0.1168545371100027,42.37349111960079,False,False
2MASS J10014264+0154262,150.42769767501,1.9073150891300004,2025052900108,-1,r,20250529,r_57,0.1568158967008185,150.4277184548196,1.9072767988057973,745323762620039909,0,175.91527637574035,2252.9115874338404,0.013805579,0.013847151,150.4277184548196,1.9072767988057973,7.6763604e-07,7.691559e-07,182320.74685733664,674.4987703182557,168196.6174278147,454.35005207621424,False,182765.5863027908,555.1358479448852,False,190885.42345853063,728.7744693455451,False,195913.8585716224,1020.583612871448,False,195584.8968795976,1394.063138386601,False,0.1558562680822736,21.562056722227872,182252.84277185847,463.4171614167896,0.0,3.720781173166543e-05,False,355126.78125,1078.669189453125,False,370904.2133789063,1416.0616163651823,False,380035.630859375,2708.765721213608,False,False,0.3028400255286451,41.89663905440487,False,False
2MASS J10014264+0154262,150.42769767501,1.9073150891300004,2025052900109,-1,r,20250529,r_57,0.1615463334887631,150.42771881800783,1.90727550197248,745323762774180816,0,3594.706121935237,2630.7520496751763,0.0128400605,0.013481295,150.42771881800783,1.90727550197248,7.216203e-07,7.4148534e-07,182150.76727684124,672.356320818916,168919.31308421103,453.2406128273622,False,182387.28123865815,553.1588018078722,False,190810.36852633025,728.7124264067589,False,194476.6130969609,1018.4158040305778,False,195640.35153031687,1391.38852614001,False,0.2638685914077372,21.518919699699293,181057.05504033272,457.5802832057016,0.0,0.0018616100832383,False,356510.8125,1081.254638671875,False,372975.3470458984,1424.4077627165982,False,382416.4722900391,2719.734899212986,False,False,0.5157816119475317,42.06284283728869,False,False
2MASS J10014264+0154262,150.42769767501,1.9073150891300004,2025052900110,-1,r,20250529,r_57,0.1618338125009017,150.42771905008374,1.9072755358775852,745323762887950362,0,2429.090695094842,84.59726218801698,0.011728596,0.010816642,150.42771905008374,1.9072755358775852,6.387689e-07,6.148165e-07,182420.6623724713,650.7656043621815,173029.85747323325,446.5618469044441,False,182731.7275322581,541.3684833024244,False,188559.09205727428,711.2396792814704,False,191118.92920556728,991.8861727081318,False,190018.5062453012,1354.191327381964,False,-0.0776206262882824,21.071245292823395,182788.8842389546,437.9062911333762,0.0,6.536603740980862e-05,False,365383.59375,1082.5003662109375,False,377035.77600097656,1422.1685174381366,False,379953.9665527344,2707.790817205275,False,False,-0.1552073291559707,42.13328158089264,False,False
2MASS J10014264+0154262,150.42769767501,1.9073150891300004,2025052900111,-1,r,20250529,r_57,0.157018085704004,150.42771774953775,1.9072763615305732,745323763022168526,0,1347.3205435643324,965.060243491124,0.009780889,0.009948674,150.42771774953775,1.9072763615305732,5.4639617e-07,5.499942e-07,183049.8383534565,644.4917123373323,174904.7342668542,445.3506132752511,False,183155.9988765946,538.4574346318063,False,187953.54069998895,706.6051037125461,False,189314.3833778144,984.2233584014552,False,189841.24127185976,1345.2373443030515,False,0.1298133512260796,20.863392489518795,181586.6686404204,428.7978393654728,0.0,0.0010650335909326,False,369467.53125,1086.1917724609375,False,379145.2701416016,1425.384070620721,False,382953.19384765625,2713.6513332540862,False,False,0.2618632132988674,42.08623339602417,False,False
2MASS J10014264+0154262,150.42769767501,1.9073150891300004,2025052900112,-1,r,20250529,r_57,0.1612229062714155,150.42771945510555,1.9072759512690352,745323763174736110,0,3291.0482515691683,639.7550573516374,0.010819047,0.012005778,150.42771945510555,1.9072759512690352,6.4444504e-07,6.2567943e-07,183791.18889072828,652.4488132210633,173757.68307307796,448.1612023353103,False,183498.4127681004,543.2734128723258,False,188293.3928436201,712.2328638271807,False,189848.41557413948,994.7909897918064,False,189612.38237986917,1358.9296954271774,False,-0.1479596510286743,20.493969740821903,181847.70061698937,438.2356005661892,0.0,0.0026730662402416,False,368303.90625,1090.4166259765625,False,377928.0216064453,1429.5390458700288,False,380575.39599609375,2727.539206442442,False,False,-0.2969732360034937,41.13392043152409,False,False
2MASS J10014264+0154262,150.42769767501,1.9073150891300004,2025052900113,-1,r,20250529,r_57,0.1594128636423621,150.42771928414138,1.907276431650209,745323763312624944,0,2141.3820598838747,3317.453250773985,0.012103572,0.010729198,150.42771928414138,1.907276431650209,6.2897266e-07,6.422568e-07,183809.355818482,651.433207247192,172945.23776856746,447.9337099020424,False,182803.57452560728,543.4181570024404,False,187150.79670258585,714.461676902122,False,189210.9816028892,997.8622563367808,False,191727.25371451405,1362.2494691714787,False,1.0797292853302507,20.981815600737832,181889.46026227783,438.7603308276604,0.0,0.0002119367643927,False,368049.875,1094.0977783203125,False,376802.4094238281,1438.4703994903618,False,386016.4766845703,2742.702095123124,False,False,2.173886531108126,42.2440022256942,False,False
2MASS J10014264+0154262,150.42769767501,1.9073150891300004,2025052900114,-1,r,20250529,r_57,0.1631925796151637,150.42771960049078,1.9072754062617203,745323763443172394,0,3434.844400937085,2425.912333306348,0.008850155,0.010027039,150.42771960049078,1.9072754062617203,5.280082e-07,5.2316966e-07,182734.27254547804,640.337301489492,175344.66074476094,445.205618151109,False,182173.96449222413,537.6646780950907,False,185426.7496033141,704.2200025484955,False,185776.59327640568,983.1165247718192,False,184832.85213151108,1344.1559578560757,False,-0.5554417815630783,20.773369099952955,182039.67489036568,427.6966381057591,0.0,0.0005508678810852,False,371143.9375,1095.386962890625,False,377770.85302734375,1434.7109661944298,False,376560.90270996094,2738.455718429961,False,False,-1.1316043455272942,42.32168973424552,False,False
2MASS J10014264+0154262,150.42769767501,1.9073150891300004,2025052900115,-1,r,20250529,r_57,0.1557448431583624,150.4277178431396,1.9072768094061945,745323763575817748,0,3744.149677919559,3668.507408866963,0.010338816,0.008715617,150.4277178431396,1.9072768094061945,5.3253524e-07,5.302974e-07,182080.3056296722,643.3520441856358,175050.05098820844,446.2724033417961,False,182740.28415472156,539.8748072003541,False,186703.6449475452,708.8462421182292,False,189097.801676585,989.1064319177495,False,189622.059759186,1353.9154657437848,False,0.5841842255696847,21.633502674761782,182383.5852336828,426.9229840480375,0.0,0.0001040883798844,False,372379.21875,1100.1304931640625,False,380455.5616455078,1444.4522239572073,False,386402.5646972656,2758.942757035144,False,False,1.1904220600835285,44.083694310298505,False,False
2MASS J10014264+0154262,150.42769767501,1.9073150891300004,2025052900116,-1,r,20250529,r_57,0.158011271706206,150.42771935842998,1.907276920300725,745323763715278183,0,136.60996477220465,3108.86338159478,0.009274286,0.009417433,150.42771935842998,1.907276920300725,5.18921e-07,5.20011e-07,181658.7246326742,643.8073332143523,174938.8209508917,446.5686556464437,False,181670.7170792088,539.6055154766289,False,185392.76849925995,708.0880765497673,False,186448.66849808904,988.4774722162676,False,186191.55997075987,1350.8723746026649,False,0.2527003585796542,20.72023572612856,181277.4573062884,424.4272561539944,0.0,0.0001364530104281,False,369451.90625,1097.360595703125,False,377021.1998291016,1439.9926079454367,False,378645.65002441406,2747.181174387162,False,False,0.5139002624545506,42.13739401727521,False,False
2MASS J10014264+0154262,150.42769767501,1.9073150891300004,2025052900117,-1,r,20250529,r_57,0.4353785433873109,150.4276632361348,1.907199152101411,745323763844253410,0,2961.0,3993.0,0.047996867,3.135842,150.4276632361348,1.907199152101411,0.000107887354,0.00013687376,,,110402.21940606472,412.4420566450432,True,,,True,,,True,,,True,,,True,0.1034458103409743,20.61449091128444,129636.46549261248,385.1122336403328,,,True,,,True,,,True,,,True,True,0.2112571451730492,42.09893551763056,True,False
2MASS J10014264+0154262,150.42769767501,1.9073150891300004,2025052900118,-1,r,20250529,r_57,0.1536627625280709,150.42771759600612,1.907277332991941,745323763983713516,0,239.67133761506065,2873.8339314443515,0.008438291,0.010537335,150.42771759600612,1.907277332991941,5.102792e-07,5.500612e-07,182053.6798571617,645.3720789101592,176098.0525512967,447.8750970448905,False,182854.04169830307,541.1385829268497,False,187532.2378007436,710.4463172171087,False,189853.49159147555,991.7137089379878,False,189537.5033322945,1354.890290892157,False,0.2273095237822399,21.4653739569439,180610.31471321205,424.36036742376,0.0,0.0011475214882435,False,371425.40625,1099.197021484375,False,380928.072265625,1443.1062586331109,False,385001.30224609375,2752.144125690771,False,False,0.461726366183439,43.601908758574886,False,False
2MASS J10014264+0154262,150.42769767501,1.9073150891300004,2025052900119,-1,r,20250529,r_57,0.1698592714759174,150.42772091508246,1.907274019126836,745323764114260163,0,1224.4759845082283,447.8991641924329,0.008151033,0.010912258,150.42772091508246,1.907274019126836,5.0110845e-07,5.672662e-07,183690.3671156579,646.3045941210353,175757.2643298645,447.4680703839572,False,183382.59758050845,541.3205377128517,False,186546.7215107333,710.4599689679949,False,188007.6433489436,990.2853095633826,False,188926.21036156407,1355.0586935727854,False,0.3148764191295035,20.79863775479816,182903.58036784147,432.5313056129236,0.0,1.558969011694611e-05,False,372787.0,1100.4166259765625,False,379219.1494140625,1444.2495849989125,False,384056.26330566406,2754.6139702768046,False,False,0.6400925562552214,42.28024837140843,False,False
2MASS J10014264+0154262,150.42769767501,1.9073150891300004,2025052900120,-1,r,20250529,r_57,0.163746083053433,150.42772004523343,1.9072754783390424,745323764254246394,0,2434.7249873660908,3945.9963177389945,0.012233983,0.008591959,150.42772004523343,1.9072754783390424,5.3213853e-07,6.380475e-07,181496.2701527401,644.4537476074773,172512.15234346894,444.7667950327353,False,181121.26308373743,539.3953976071446,False,184096.2789235232,708.0172653496198,False,185619.67956845168,988.9231766542148,False,182967.49391862025,1352.1726529238322,False,-0.6783610348597443,21.15601024828264,181760.90014562407,438.597019801719,0.0,4.850602872530363e-05,False,368315.3125,1096.8760986328125,False,374365.0930175781,1439.7735301905311,False,372069.67615294456,2749.6820899782697,False,False,-1.379466730124762,43.021357035517816,False,False
2MASS J10014264+0154262,150.42769767501,1.9073150891300004,2025052900121,-1,r,20250529,r_57,0.1563631949603503,150.42771797777658,1.9072766861898447,745323764387939689,0,2657.1337889373144,3513.7021777602054,0.01024213,0.008499019,150.42771797777658,1.9072766861898447,4.928162e-07,5.516587e-07,181826.98238804995,648.4811186868825,173514.27449573032,447.6948792221369,False,182133.4128585334,542.7199276605664,False,186587.5307356297,713.5430310874543,False,188696.05027797207,996.3139208046842,False,187221.01417550351,1361.7252315274925,False,0.4004714667444082,21.200705513226165,180290.4431001638,437.1400120468173,0.0,0.0016527612610365,False,369606.53125,1101.35107421875,False,378645.3508300781,1448.0053960372954,False,379930.8898925781,2763.372911325197,False,False,0.8126837759470747,43.022963781404485,False,False
2MASS J10014264+0154262,150.42769767501,1.9073150891300004,2025052900122,-1,r,20250529,r_57,0.1612102087195496,150.4277187484273,1.907275570699396,745323764519011108,0,218.15346867705856,1899.8187221956875,0.0093348855,0.011398414,150.4277187484273,1.907275570699396,5.3246384e-07,6.220356e-07,182431.6796059234,651.6627770344634,174724.8009578846,450.098003122204,False,182860.6934500601,545.4901267389952,False,187369.2768582545,717.5794919584189,False,188202.60222557237,1001.490651795388,False,187902.77242007424,1369.5644986162995,False,-0.0527797175902934,20.922589898027045,180826.07515811975,432.4552250003308,0.0,0.00163342221949,False,369456.5,1102.1224365234375,False,378565.75915527344,1449.8162648778282,False,379643.6474609375,2767.1037259914037,False,False,-0.1066375138581858,42.27254468315531,False,False
2MASS J10014264+0154262,150.42769767501,1.9073150891300004,2025052900123,-1,r,20250529,r_57,0.1555148329449331,150.42771874814594,1.90727737267672,745323764653229212,0,1546.0317322433175,2563.400570523149,0.0073390366,0.013124148,150.42771874814594,1.90727737267672,4.4147313e-07,7.09552e-07,181773.9924612273,644.564954092679,175172.41745609668,447.0281023391628,False,181725.19578444908,540.5270351976798,False,185011.9460698759,710.0275284851806,False,186475.04686941436,990.3254352549624,False,185723.00159206087,1354.5202234940757,False,-0.1642818536226337,21.15877479422591,180216.42957308065,421.0089134524937,0.0,9.656397585988683e-07,False,369777.90625,1099.874755859375,False,376465.8486328125,1444.777603511488,False,377912.7180175781,2756.2036736558184,False,False,-0.3342838597873994,43.05427988920436,False,False
2MASS J10014264+0154262,150.42769767501,1.9073150891300004,2025052900124,-1,r,20250529,r_57,0.1547984470053695,150.42771839146954,1.907277402705289,745323764787446672,0,2060.496090049756,2119.762347575891,0.0074191815,0.013833019,150.42771839146954,1.907277402705289,4.3825963e-07,7.542833e-07,183874.77748770083,648.8402748410587,175477.09566431053,448.630631299996,False,183300.8426131552,543.1588492909204,False,185925.0914390298,713.689141757523,False,187214.8619447376,996.538239838082,False,185447.634700952,1362.7938907149737,False,-0.3044229508943384,21.786546634964782,180627.41676306305,427.86240722896616,0.0,0.0001408162089477,False,371870.375,1101.929931640625,False,377194.3024902344,1447.8921372931588,False,376225.6652832031,2764.7591138324387,False,False,-0.6175960529903185,44.19931273418975,False,False
2MASS J10014264+0154262,150.42769767501,1.9073150891300004,2025052900125,-1,r,20250529,r_57,0.1606364863609367,150.42771948769175,1.907276155987655,745323764923236631,0,1771.0864947260893,636.2015654749388,0.008180606,0.010288842,150.42771948769175,1.907276155987655,4.586972e-07,5.686649e-07,183163.5261889136,646.468455974598,175871.0547044485,448.6983968312395,False,183219.0062030759,542.7075013472283,False,186413.69531347384,711.7970891597375,False,187747.05527897144,994.7214183393518,False,187043.50847731772,1359.5082644821275,False,0.0332360026052404,20.859276994681267,180678.8857121552,423.808790087591,0.0,0.0002525249809746,False,372727.09375,1104.043701171875,False,379226.13122558594,1448.0269589944137,False,380507.3761959076,2765.68231020687,False,False,0.0676128471365473,42.43455879973689,False,False
2MASS J10014264+0154262,150.42769767501,1.9073150891300004,2025052900126,-1,r,20250529,r_57,0.1591183395662505,150.42771892185323,1.907276324830231,745323765052212528,0,2402.4560843400877,2954.8064705904767,0.0073019834,0.011172794,150.42771892185323,1.907276324830231,4.0997548e-07,6.1822544e-07,182360.0872331164,649.6042854084741,175705.98475033653,449.7250736896128,False,182457.7456591067,543.9477578247028,False,186679.38197177177,715.5368268807698,False,188734.84967223523,998.5009362985804,False,188972.2343599465,1366.424652814591,False,0.4509586109766495,21.43165474405283,181121.92856831392,425.9842361131784,0.0,0.0017775981376499,False,369297.8125,1100.960205078125,False,377842.4815673828,1448.2596174566438,False,382483.2567138672,2765.6684752276733,False,False,0.9127484720372736,43.37806096772263,False,False
2MASS J10014264+0154262,150.42769767501,1.9073150891300004,2025121400911,-1,i,20251214,i_39,0.1751313792774695,150.42772169501413,1.9072727775710796,746199081678799382,0,3238.163046647958,1099.12124192203,0.007895517,0.0064100283,150.42772169501413,1.9072727775710796,4.3841078e-07,3.571567e-07,446174.5046335125,1015.9821079715656,427129.3526134681,725.4962294503673,False,446681.02760909847,862.1317248154351,False,457749.9096681367,1109.1171979226626,False,461755.1401871874,1527.809426079598,False,460482.92555327975,2072.685479799028,False,0.3845617479321092,31.79874182355421,442212.2372790967,724.1494548869082,0.0,0.0002139669088245,False,735269.9375,1419.1324462890625,False,753490.1342773438,1825.6887631019688,False,757988.8801269531,3411.793268557321,False,False,0.6330170186103807,52.34307585959153,False,False
2MASS J10014264+0154262,150.42769767501,1.9073150891300004,2025121400912,-1,i,20251214,i_39,0.1772535682676174,150.42772224687425,1.9072724137911743,746199081830842879,0,1348.0535530232762,1061.6869404678462,0.0075073917,0.006970176,150.42772224687425,1.9072724137911743,4.1743905e-07,3.8759615e-07,447008.7564133468,1022.6644316296616,426909.84807688,727.3067864452028,False,447182.978310348,864.6843477623445,False,458354.441833794,1114.2637486151164,False,464768.7322638371,1532.1610919500577,False,465507.9749995226,2079.7745534184173,False,1.0157723546467614,32.64955986689114,446552.8350537496,733.1843695371193,0.0,0.0003334758886948,False,732172.5,1415.747314453125,False,750463.5324707031,1824.3835612112848,False,762176.0092773438,3405.2139908508434,False,False,1.6631236437994716,53.45711046955604,False,False
2MASS J10014264+0154262,150.42769767501,1.9073150891300004,2025121400913,-1,i,20251214,i_39,0.1849130315827926,150.42772650789917,1.9072725694759785,746199081945139051,0,1814.4200714463184,3678.1239484490425,0.0077843876,0.0070547885,150.42772650789917,1.9072725694759785,4.3289165e-07,3.9229005e-07,443701.2510197841,1017.6854467478488,424824.7835921361,723.5415879989831,False,444707.3566282855,860.5060294943122,False,457729.1795204341,1109.5960861078513,False,461466.2880824099,1526.8196255287132,False,465150.5546320237,2073.8213610939065,False,1.255974614859546,31.550777052419544,441739.88916763465,726.4442328620187,0.0,0.0020957947459189,False,730519.875,1413.551513671875,False,751910.7971191406,1822.731245711171,False,764101.875,3406.6621541072373,False,False,2.063186958738093,51.82839763038092,False,False
2MASS J10014264+0154262,150.42769767501,1.9073150891300004,2025121400914,-1,i,20251214,i_39,0.1795835828131512,150.42772274639825,1.9072719548279828,746199082077783242,0,248.8048109716016,2644.078279715455,0.008328083,0.007002623,150.42772274639825,1.9072719548279828,4.6286868e-07,3.89803e-07,444725.9893076035,1017.2854792320616,423233.7515342399,723.0170502595207,False,444574.3305309353,860.1103496293802,False,456156.7091996062,1106.7807445584008,False,461118.60121886944,1525.1095997879163,False,461566.8624094185,2068.652679451902,False,0.8874512036808788,31.387465550774483,443101.0203460892,731.1568049514298,0.0,0.0022600069448744,False,729869.0625,1412.065185546875,False,748884.1501464844,1817.030289308801,False,757766.1372070312,3396.160075158931,False,False,1.456951365751398,51.529605923121856,False,False
2MASS J10014264+0154262,150.42769767501,1.9073150891300004,2025121400915,-1,i,20251214,i_39,0.1698179897215219,150.4277234448986,1.907275569333296,746199082217243770,0,2502.418511216442,2279.067801169548,0.008504965,0.006236021,150.4277234448986,1.907275569333296,4.7117047e-07,3.4897576e-07,444720.21040772944,1007.4274078711404,425503.6752395528,718.7902087408869,False,445336.27859988186,853.8507350740588,False,455599.17788316513,1098.8672569477894,False,460241.5247525538,1511.1866448248288,False,461101.8893749029,2050.367078557901,False,0.9056806344739056,31.84349953040552,440823.5813173881,718.931736763535,0.0,0.0022282441269564,False,737033.875,1413.12744140625,False,754019.0270996094,1818.6310691892163,False,763126.0434570312,3393.368260571709,False,False,1.4989061965429966,52.701158608149576,False,False
2MASS J10014264+0154262,150.42769767501,1.9073150891300004,2025121401027,-1,i,20251214,i_39,0.1848614202033182,150.4277236773749,1.9072708004295436,746199097249630073,0,1531.3932600362432,3202.030555326603,0.006856165,0.006689595,150.4277236773749,1.9072708004295436,3.7825163e-07,3.7479265e-07,443708.7346544159,881.6994569828746,422910.6921707436,654.2448653234151,False,444285.2369671846,758.7863545942641,False,456786.1793250941,949.671903428124,False,461882.54533462,1275.033325013787,False,464368.613990396,1709.4106321650695,False,1.698435081032351,25.41670700222029,442907.6807068544,698.1238957032265,0.0,3.943926870308978e-06,False,745896.75,1273.9029541015625,False,766884.1956787109,1594.3748011273028,False,779614.1108398438,2869.87666673594,False,False,2.851450153230252,42.67132367051538,False,False
2MASS J10014264+0154262,150.42769767501,1.9073150891300004,2025121401028,-1,i,20251214,i_39,0.1832722313316612,150.42772277519987,1.9072707901473631,746199097379129417,0,883.6961902205452,3278.593347968016,0.0063425857,0.005738054,150.42772277519987,1.9072707901473631,3.409582e-07,3.313915e-07,443946.6897033785,869.8744178982967,426585.17059491406,651.5378091381386,False,443185.7724915877,752.6559107321098,False,452846.0643391598,940.2358316091788,False,456026.5524146559,1264.5794628593003,False,454536.0986732673,1693.6485700192327,False,0.7767983114622705,25.33834650015595,444586.6579202242,692.1799076400785,0.0,0.0001887372304139,False,751152.625,1275.6715087890625,False,767525.7895507812,1593.5994719814666,False,770390.2175292969,2870.553722979884,False,False,1.3165903035877071,42.94579534841222,False,False
2MASS J10014264+0154262,150.42769767501,1.9073150891300004,2025121401029,-1,i,20251214,i_39,0.1768817716180417,150.42772233534424,1.9072725841378535,746199097534316891,0,1336.4767259655594,689.7287328088603,0.0072737173,0.006673735,150.42772233534424,1.9072725841378535,3.9115116e-07,3.849846e-07,444715.4736654018,884.9324688659796,423457.33945299394,655.7176670908093,False,444832.8408119521,760.6462208962109,False,458446.4954721486,952.6903002616152,False,463203.5352575193,1281.19127331515,False,463501.44347656606,1715.9771952323222,False,1.1307961397064483,25.65662920960172,442631.9859218349,698.0044450418293,0.0,0.0016429098311955,False,746213.0,1275.994140625,False,769050.0865478516,1598.1506350374198,False,777529.8289794922,2878.574541503348,False,False,1.8969255468156423,43.03933634359965,False,False
2MASS J10014264+0154262,150.42769767501,1.9073150891300004,2025121401031,-1,i,20251214,i_39,0.1678361666396876,150.4277215936472,1.9072750633278224,746199097803277939,0,1832.3932243077056,2699.026949475485,0.0064090206,0.0057169045,150.4277215936472,1.9072750633278224,3.3690992e-07,3.3820317e-07,444181.0752693089,879.6149126194222,427391.76210874255,656.6927672776544,False,444743.74873890623,759.3711726440326,False,456629.8881648304,949.9427562027918,False,461979.9779584225,1275.098206659252,False,463864.6349087264,1709.3997653843835,False,2.570541058555009,26.225200973873303,445428.98334051966,695.8271029210493,0.0,0.0002042945357613,False,754476.8125,1288.2203369140625,False,774640.8206787109,1611.5117633235193,False,786914.0649414062,2899.8777159487354,False,False,4.360743978433122,44.48922799712175,False,False
2MASS J10014264+0154262,150.42769767501,1.9073150891300004,2025121401032,-1,i,20251214,i_39,0.1832657367181545,150.42772160291244,1.907270148863754,746199097938018541,0,713.2631801575808,438.60299966894297,0.006673812,0.0055614556,150.42772160291244,1.907270148863754,3.3714667e-07,3.4564295e-07,444068.8450257201,876.5798093354113,428346.0600173068,656.329781361516,False,444830.83174718,758.0046788544279,False,455856.526299065,947.5851086124196,False,459675.1048575135,1272.74015496176,False,461371.7119866973,1705.1040885056698,False,1.8355021425436504,25.910975176267915,444532.0089859642,690.708977131135,0.0,0.0003204729677548,False,751930.6875,1281.311767578125,False,770568.240234375,1601.7736886292523,False,779890.9693930149,2882.2644430766964,False,False,3.1026859863324203,43.79925128292343,False,False
2MASS J10014264+0154262,150.42769767501,1.9073150891300004,2025121401033,-1,i,20251214,i_39,0.1840627686865453,150.42772795694358,1.907273880531679,746199098051265355,0,2171.504909935297,1440.1162544172794,0.0064840205,0.0057960595,150.42772795694358,1.907273880531679,3.3743024e-07,3.4632194e-07,444814.0123356172,864.6926570548767,427183.12486649177,648.8474108651365,False,444826.4775032259,748.5109946981487,False,455354.7333374437,932.1099635944404,False,460955.1487264781,1250.2969373349197,False,466858.41844612686,1674.4648966673517,False,3.7814963157586985,25.49640856534189,441739.09351812326,685.8510620330213,0.0,0.0002030018575904,False,751767.375,1265.00146484375,False,769560.37890625,1575.2881089180585,False,789001.8815917969,2829.885682531414,False,False,6.390819123057871,43.08953964853764,False,False
2MASS J10014264+0154262,150.42769767501,1.9073150891300004,2025121600089,-1,i,20251216,i_39,0.185618258680966,150.42772420186645,1.90727086692224,746207767464247446,0,3480.081932222681,314.0478497206429,0.005650776,0.0059130075,150.42772420186645,1.90727086692224,3.262136e-07,3.1687915e-07,441913.9941727951,987.726237196009,429251.80124992447,718.4583201998187,False,442867.2000606255,845.4878194141879,False,452191.0308146421,1078.0715186776342,False,456076.7792294708,1479.1013953441386,False,457850.628384646,2003.8365310439108,False,2.8642613658320344,30.374423142854678,444635.40723096987,716.2224563260992,0.0,0.0004377710518165,False,710209.375,1355.8768310546875,False,725161.6496582031,1728.8625108848212,False,734237.7321777344,3213.4768393776853,False,False,4.593307596917866,48.710313324895736,False,False
2MASS J10014264+0154262,150.42769767501,1.9073150891300004,2025121600090,-1,i,20251216,i_39,0.1786946389763438,150.42772291346358,1.9072723387205857,746207767598466263,0,2447.389165993819,2438.2192496301727,0.0060801446,0.0069587184,150.42772291346358,1.9072723387205857,3.8031982e-07,3.4536816e-07,444822.1227880229,1001.8230684662184,427670.1756001863,721.6753801970502,False,444909.256442957,850.9259672627943,False,456037.914105904,1088.7645198885616,False,462144.2736464975,1494.5517581186296,False,463634.57882027456,2022.120384571994,False,2.334527664937735,30.485475200272795,439511.7632699188,725.3577096637829,0.0,0.0004800971936778,False,703797.0625,1346.0704345703125,False,721401.363735199,1722.304626741426,False,733418.4441473186,3198.7700100045167,False,False,3.6929636529574426,48.22463813498892,False,False
2MASS J10014264+0154262,150.42769767501,1.9073150891300004,2025121600091,-1,i,20251216,i_39,0.1724959471344435,150.42772325561825,1.9072745643672704,746207767710664506,0,2793.7017821648665,3225.9772027983167,0.005669893,0.0058576907,150.42772325561825,1.9072745643672704,3.2471638e-07,3.1645615e-07,445960.5983785711,995.1547865208346,431690.62240612734,721.8847058514551,False,445476.26184082456,848.4658211919727,False,452986.05515389465,1082.4759443238152,False,459319.8538774451,1481.8443949344255,False,463532.9818981376,2004.5436471475412,False,4.375449917084122,31.14975726741421,444343.7520536043,721.8220557742738,0.0,0.0037955628654424,False,708578.5625,1349.577392578125,False,720523.7075195312,1721.7960063691714,False,737299.7443847656,3188.4452161265426,False,False,6.959630126478015,49.547085035599416,False,False
2MASS J10014264+0154262,150.42769767501,1.9073150891300004,2025121800192,-1,r,20251218,r_57,0.1678472184520037,150.42772207234862,1.9072753493792145,746216577359678949,0,1651.8678512028398,3910.530043823085,0.006183335,0.00512983,150.42772207234862,1.9072753493792145,2.8749653e-07,3.4198598e-07,181908.2882474888,506.73008865399567,178550.66372770566,382.4769126067574,False,181637.5157542726,440.80413852332856,False,183192.49053916076,552.0576730905344,False,183259.89452810813,744.2952155686351,False,182380.291506469,1000.7854956369264,False,1.1781402635319986,15.313896561046304,182442.1796147064,389.566807914916,0.0,0.0005397924232284,False,376752.625,914.316162109375,False,379977.95446777344,1145.0782985252222,False,378293.29083251953,2075.8297699536165,False,False,2.4436991172261795,31.764091819874785,False,False
2MASS J10014264+0154262,150.42769767501,1.9073150891300004,2025121800193,-1,r,20251218,r_57,0.1653472238896685,150.4277206522513,1.9072753125501725,746216577493896381,0,1591.3690628489817,3523.1152938906907,0.005854887,0.005232427,150.4277206522513,1.9072753125501725,2.9162112e-07,3.249656e-07,181287.26123328175,508.2924152041341,178362.0096610843,383.2719613248567,False,181647.19609670507,441.8260559402733,False,184015.4093803963,553.8462554028149,False,184751.60335821813,747.2726342226288,False,185739.08894819085,1003.3850390457562,False,2.4165554748447637,15.0453623152521,181259.6996167364,387.38672195911016,0.0,9.415409056912072e-05,False,375702.5625,913.8328857421876,False,380600.759765625,1145.5252921993297,False,384165.8620323539,2075.310483421721,False,False,4.998183863180756,31.11846093441395,False,False
2MASS J10014264+0154262,150.42769767501,1.9073150891300004,2025121800199,-1,r,20251218,r_57,0.1694201182955362,150.4277214517769,1.9072744684104157,746216578295005354,0,2619.497466818116,212.06449093525137,0.006106825,0.0061868727,150.4277214517769,1.9072744684104157,3.439162e-07,3.3972398e-07,179566.81306598557,499.5673190225473,176097.88356723826,377.2084011107563,False,179242.7574155021,434.6670383606743,False,180561.6278367281,544.5291126639015,False,179876.7526390115,732.9353934969628,False,178557.60547316616,985.0648559135188,False,0.0351907228356937,14.739782844366976,175820.50877310376,372.6237464775698,0.0,2.3827546685728507e-05,False,376971.6875,914.1633911132812,False,379745.4498291016,1145.2181469064774,False,375530.7205810547,2071.7242157230253,False,False,0.0740108351544971,30.99975079798682,False,False
2MASS J10014264+0154262,150.42769767501,1.9073150891300004,2025121800200,-1,r,20251218,r_57,0.1713136154705759,150.42772079714408,1.9072734899390007,746216578431322077,0,1131.0217333632395,2303.159534640517,0.006270337,0.0060084737,150.42772079714408,1.9072734899390007,3.3487532e-07,3.4792902e-07,178618.22594478558,501.6335965103675,176046.07911646858,379.2556219200047,False,178835.86091541062,436.9437356996722,False,180767.3200200114,546.6463846798346,False,181298.55533521535,738.8430246584121,False,180915.162611562,992.5609148506708,False,0.9023997619106852,15.097606649075551,174731.1089995079,371.266122719284,0.0,0.0002973529021025,False,375009.75,916.2489013671876,False,379059.9219970703,1146.2898045608008,False,379369.9404296875,2081.3500079493647,False,False,1.8922866330162549,31.658917099105576,False,False
2MASS J10014264+0154262,150.42769767501,1.9073150891300004,2025121800201,-1,r,20251218,r_57,0.1676267735180061,150.4277206269197,1.9072745686948955,746216578563442281,0,1586.8979655902342,1943.7911459942277,0.006542143,0.0058403765,150.4277206269197,1.9072745686948955,3.2791885e-07,3.6085254e-07,180670.1888314323,501.5292192526895,177664.52664784592,379.04610623147215,False,180650.4344749239,436.443400493804,False,182471.4202064692,546.2268292449837,False,183153.83269061157,736.9802558346717,False,183331.6570924884,989.1382012466172,False,1.1330816876161272,14.989332694138795,176484.18538152758,369.1359222996575,0.0,0.0012263573601875,False,377800.4375,912.7490234375,False,381608.7272949219,1142.342866004223,False,383407.7701416016,2068.618579662525,False,False,2.3696525200664977,31.34770456621719,False,False
2MASS J10014264+0154262,150.42769767501,1.9073150891300004,2025121800210,-1,r,20251218,r_57,0.1627718125668272,150.42772015288534,1.907275850805885,746216579775072839,0,3061.825622237299,3062.3516957868023,0.0052677365,0.0051810127,150.42772015288534,1.907275850805885,2.8846185e-07,2.9253601e-07,182021.5163385852,502.95886414144127,178995.12058774114,381.0541508281953,False,181826.940631178,438.2530999956534,False,183425.27786612537,547.9202709492575,False,184089.94168087284,738.5737298651497,False,182749.02520269752,990.6073331492064,False,2.055054473995015,14.756473135519869,179867.74150920913,379.78493193411606,0.0,7.662073757375154e-05,False,379500.375,914.7006225585938,False,382836.3469848633,1143.592624797703,False,381424.9052124024,2067.5475982980483,False,False,4.289210063257299,30.79899529281837,False,False
2MASS J10014264+0154262,150.42769767501,1.9073150891300004,2025121800211,-1,r,20251218,r_57,0.1688650793505899,150.42772045636818,1.9072740787883773,746216579909290178,0,3191.129623142564,2685.900208061202,0.0053913565,0.005491252,150.42772045636818,1.9072740787883773,3.0470332e-07,3.0044794e-07,181665.2452201518,503.4660263638157,178681.1457160374,381.7603789479087,False,181588.88879256183,439.2946010390255,False,183205.0255428788,548.4937217697682,False,183893.65733802828,740.6695599176431,False,183162.1722670937,994.0533916667496,False,1.665904880870246,15.292349005971188,180797.1824224526,383.0101997419583,0.0,0.000398119088783,False,377557.78125,913.3768920898438,False,380918.0364379883,1140.4225996311682,False,380828.936340332,2066.825759534625,False,False,3.4637325817518816,31.79569740850589,False,False
2MASS J10014264+0154262,150.42769767501,1.9073150891300004,2025121800217,-1,r,20251218,r_57,0.1682141278086847,150.4277211860388,1.9072747013024511,746216580672652026,0,1627.755318187783,1022.128397191655,0.006970304,0.0066225575,150.4277211860388,1.9072747013024511,3.7921396e-07,3.76011e-07,183372.14319260436,534.5203432382572,178417.91294067082,398.38593185354927,False,183055.18188082945,461.8579145182435,False,185208.5864485555,581.0396922861214,False,186694.69917074943,787.0376627619628,False,185155.16734665705,1058.7929106601853,False,1.2653235462572654,15.968762944892378,181118.47089029063,401.60361287629496,0.0,6.122617993931101e-06,False,375686.4375,947.8767700195312,False,380105.8966064453,1192.4750220028031,False,379996.2639160156,2172.9739227766595,False,False,2.596839327322213,32.77289176088001,False,False
2MASS J10014264+0154262,150.42769767501,1.9073150891300004,2025121900221,-1,u,20251219,u_24,0.2410955584018281,150.42775203960483,1.9072759371441277,746220979319472539,0,907.5699322529514,2966.787329980144,0.23706529,0.2182478,150.42775203960483,1.9072759371441277,1.2979084e-05,1.2369665e-05,5655.361268631631,695.9569510959869,4837.3137002556,418.9985440729191,False,5158.133432489452,551.5682315373061,False,4922.0449673452285,778.9042133233337,False,3633.1052200702343,1135.3676378683483,False,2834.5927059255146,1587.0847442327722,False,-0.6699832686597176,24.436632943723428,5531.363691669878,339.0378083660136,0.0,0.6796560620324035,False,2012.915283203125,215.2445526123047,False,1920.783878326416,303.96037940281644,False,1106.1743659973145,619.3455790194321,False,False,-0.2614549581988327,9.53617671319255,False,False
2MASS J10014264+0154262,150.42769767501,1.9073150891300004,2025121900222,-1,u,20251219,u_24,0.3117813863568974,150.42775893812046,1.9072538390061868,746220979457360012,0,290.5185772167208,964.9256139987984,0.3559803,0.34137338,150.42775893812046,1.9072538390061868,1.9603012e-05,1.9199617e-05,4772.623913992915,694.7523276686356,4371.706369174994,414.74463741597935,False,5273.6492836807965,549.5918954766678,False,5259.226707217415,777.352637483941,False,6972.850804995821,1134.426246043469,False,7181.234119289113,1584.792454859934,False,0.1679831389483016,25.590007185670064,4844.4940423355965,325.6780551470238,0.0,0.1297859925843654,False,2074.804931640625,216.2252197265625,False,2069.1306762695312,305.83283019340627,False,2825.303535461426,623.5028201714726,False,False,0.0660893863763247,10.067843016001548,False,False
2MASS J10014264+0154262,150.42769767501,1.9073150891300004,2025121900223,-1,u,20251219,u_24,0.1758999278613653,150.42770594480243,1.9072669321729747,746220979593150531,0,1154.8764899283267,471.3191529333572,0.27449858,0.24632089,150.42770594480243,1.9072669321729747,1.4810551e-05,1.4199966e-05,6615.388224406405,669.4746538025163,6027.752589270057,402.6804836797357,False,7154.845293784796,530.8990706086103,False,7832.1680601574,748.5394972055518,False,8812.647035923603,1091.997604526113,False,9018.64707437691,1523.1517568802694,False,0.5744773454601301,23.94575291094413,5907.423838855499,322.78682287745943,1.0,0.3718395988979008,False,2778.290283203125,206.15284729003903,False,3041.3007583618164,290.6645673368336,False,3502.0211486816406,591.453421034865,False,False,0.2230746803426566,9.298349566586738,False,False
2MASS J10014264+0154262,150.42769767501,1.9073150891300004,2025121900228,-1,u,20251219,u_24,0.2229729677286301,150.4277340312991,1.907264930697281,746220980238549570,0,2053.953488546219,3917.305363884409,0.26120275,0.28125378,150.4277340312991,1.907264930697281,1.5161031e-05,1.5041925e-05,5117.720398477391,658.9137858771393,4592.401194771555,396.3893468318693,False,4629.103682781009,521.889661035185,False,4960.214682389292,738.3034317174154,False,1061.560668465161,1074.8763023934437,False,-3477.942138596755,1500.7107372624414,False,-2.946791787035735,23.44820492938977,4878.52218432427,282.4225949692342,0.0,0.0236010559807687,False,1808.41357421875,203.8823089599609,False,1937.7659645080569,288.4268833244068,False,-1358.6988334655762,586.270227287457,False,False,-1.151198727281532,9.160315903725134,False,False
2MASS J10014264+0154262,150.42769767501,1.9073150891300004,2025121900229,-1,u,20251219,u_24,0.2421953536698728,150.4277392889462,1.907262208847444,746220980393214158,0,2060.8536102730486,1221.0659673041291,0.19227667,0.22576599,150.4277392889462,1.907262208847444,1.186367e-05,1.1466465e-05,5237.800429539032,641.213101275489,5562.329105518731,391.7874581258551,False,5511.557486472524,513.4100110100505,False,6149.204799156212,722.9994158174918,False,6436.230798431825,1057.0648773813048,False,7082.560799002144,1475.99224629354,False,0.3904921011171657,23.41061352231105,5390.327704424905,266.51320939235865,0.0,0.0647213247032673,False,2246.2001953125,209.2369842529297,False,2506.0693016052246,294.6538130112942,False,2886.4526023864746,601.5312513824784,False,False,0.1591425719409011,9.54084662915412,False,False
2MASS J10014264+0154262,150.42769767501,1.9073150891300004,2025121900230,-1,u,20251219,u_24,0.2171173031472453,150.42774872444045,1.9072829304267755,746220980506460436,0,1607.6215785063955,1772.6668751540608,0.25726897,0.28667152,150.42774872444045,1.9072829304267755,1.5408466e-05,1.4899884e-05,4604.289282889829,646.4206491147633,4519.90739319513,388.0231832231097,False,4603.570025911246,510.6532787379613,False,4748.334546918523,721.9572432423599,False,4370.433220605732,1056.5431627010137,False,5438.927025437946,1476.4510757506732,False,-0.2785322460478077,22.924929778060065,5149.228414084596,295.48852518834724,0.0,0.0031770950137155,False,1825.577880859375,202.5031280517578,False,1882.985263824463,286.29719256384647,False,2156.844539642334,585.4969970893245,False,False,-0.1104539096025389,9.091041189233716,False,False
2MASS J10014264+0154262,150.42769767501,1.9073150891300004,2025121900231,-1,u,20251219,u_24,0.216094813551091,150.42774022563452,1.9072727262797151,746220980661649633,0,1260.6188741702797,1620.0070366669463,0.26103404,0.31309593,150.42774022563452,1.9072727262797151,1.6611324e-05,1.5441557e-05,5870.486397484492,691.5005183169817,5359.051798072207,410.1350082254231,False,5743.995240584174,539.750317671578,False,6498.758286950251,763.5584764933003,False,7791.410425992944,1113.6065159053455,False,6888.185298307908,1553.799921480998,False,0.2910840957361765,25.237250015476945,5904.841556492666,327.4635039059688,0.0,0.0809448957600054,False,2221.881103515625,208.78517150878903,False,2513.83708190918,295.3582096243351,False,2664.4744834899902,601.0378733934292,False,False,0.1125965856100479,9.762224125447707,False,False
2MASS J10014264+0154262,150.42769767501,1.9073150891300004,2025121900232,-1,u,20251219,u_24,0.1664867325265345,150.42771712777875,1.9072731280697988,746220980774895846,0,1199.1592978065496,1715.0517670019617,0.28388664,0.3738888,150.42771712777875,1.9072731280697988,1.9661835e-05,1.7202077e-05,5691.576974863207,663.9683351318722,4985.280206512628,396.916674728925,False,5441.782298425579,522.7780779936631,False,5619.651803514982,737.2959078847986,False,6397.848324075289,1078.608900990813,False,7899.2205367553215,1505.1800335832008,False,0.3119136443009982,23.680070966450423,5028.395519660094,317.6838505854826,1.0,0.5516457372755175,False,2138.43505859375,205.43397521972656,False,2208.331714630127,289.73217440813863,False,3104.124568939209,591.4844763710743,False,False,0.1225714362774075,9.305461183056932,False,False
2MASS J10014264+0154262,150.42769767501,1.9073150891300004,2025121900234,-1,g,20251219,g_6,0.1636776486644789,150.42772274377717,1.9072771495538623,746220981064303563,0,3412.0553483895637,1860.7341110779591,0.017163675,0.016918695,150.42772274377717,1.9072771495538623,9.491621e-07,9.4626796e-07,56046.7346103798,350.4127806099174,53546.823898044255,240.00770810568875,False,56279.20227716178,291.27237576762224,False,58034.92344284191,382.9159783925333,False,59368.24874401004,535.8430211194839,False,60335.87700718795,732.781971864613,False,0.4792586558124676,11.358671563737207,55851.08626790455,229.0847185240608,0.0,0.0002044812801297,False,120388.078125,623.067138671875,False,124143.7798461914,819.1039825867964,False,129065.80017089844,1567.51001627519,False,False,1.0251927206410922,24.29758390812026,False,False
2MASS J10014264+0154262,150.42769767501,1.9073150891300004,2025121900235,-1,i,20251219,i_39,0.1734714780031618,150.42772266039898,1.9072738779334253,746220981197996478,0,794.9723229913229,968.4338076049196,0.007677474,0.008583716,150.42772266039898,1.9072738779334253,4.7707334e-07,4.268991e-07,441714.74193967966,912.6982212489436,414474.4646654688,666.2189348752928,False,441978.7882376944,777.3195978448331,False,459925.112560987,976.400217632108,False,468771.40923090745,1312.5595519765263,False,471618.7867345958,1759.227478610901,False,1.4798068003798834,26.281028755174848,442518.1000718801,720.5793980356353,0.0,0.0001433934689422,False,709711.375,1248.1878662109375,False,738528.8450927734,1567.863344232055,False,757306.0665283203,2824.895189565668,False,False,2.376212947276432,42.20099595417403,False,False
2MASS J10014264+0154262,150.42769767501,1.9073150891300004,2025121900236,-1,i,20251219,i_39,0.1763645509319686,150.42772284214024,1.907273049241065,746220981328019517,0,2889.2955391809624,105.58210097524793,0.0060023083,0.006893971,150.42772284214024,1.907273049241065,3.8287996e-07,3.3398607e-07,441582.9529844668,879.1730591970259,423463.2837812833,657.8596197373296,False,440920.4943121888,759.8722145787947,False,451584.77057966543,949.6639020439236,False,454694.6029582892,1274.721652502634,False,452690.0214280861,1706.0013143191734,False,0.2733766096710046,26.10492580333156,438766.1849989972,691.7318571631415,0.0,6.383838564105737e-06,False,731182.125,1260.1024169921875,False,748866.7830810547,1574.8355517369578,False,750699.6297607422,2829.076176653019,False,False,0.453342706821453,43.290015701408166,False,False
2MASS J10014264+0154262,150.42769767501,1.9073150891300004,2025122000268,-1,u,20251220,u_24,0.2206296196634121,150.42772518518024,1.907260316843893,746225383673168180,0,888.2327009690867,2814.30143895087,0.29506916,0.42212215,150.42772518518024,1.907260316843893,2.2465532e-05,1.7784927e-05,6495.416723728812,755.9675682306529,5623.686119940462,454.7221393398884,False,6254.206536878475,600.0422625267032,False,6208.019682983061,848.5401620041329,False,7250.481319121012,1243.2937147892612,False,7893.831937567901,1735.1094154669534,False,0.7279615474674591,27.524464448180023,5229.034839910554,341.98877722466017,1.0,0.7575021563670343,False,2360.8857421875,226.508544921875,False,2343.4507751464844,320.3134335804802,False,2979.824085235596,654.9823796122603,False,False,0.2747964954695048,10.39014546351839,False,False
2MASS J10014264+0154262,150.42769767501,1.9073150891300004,2025122200354,-1,g,20251222,g_6,0.1723377996988043,150.42772411388955,1.9072751710751572,746234191288992861,0,2031.209173844744,1824.4289972995105,0.015081397,0.019332787,150.42772411388955,1.9072751710751572,8.442952e-07,1.0709764e-06,55228.42343310276,323.721751798958,53405.380472115954,227.3804624530368,False,55095.82593600399,273.4188625985501,False,55714.19514005827,357.5169755758924,False,56662.67599777934,497.6615388017184,False,56402.65610749082,680.0003442256229,False,-0.0344155462005598,10.671222066241308,54559.64069290391,212.96679921855912,0.0,0.001130149419765,False,123975.71875,615.2426147460938,False,125367.1629333496,804.4788014219242,False,126916.3264465332,1530.125558396038,False,False,-0.077441294397586,24.01220787832116,False,False
2MASS J10014264+0154262,150.42769767501,1.9073150891300004,2025122200355,-1,g,20251222,g_6,0.1830184843848601,150.4277278685025,1.9072741756520688,746234191444183172,0,2712.7483899173817,3730.553359569642,0.015841417,0.020005438,150.4277278685025,1.9072741756520688,8.912414e-07,1.1040416e-06,55504.55969822444,328.2077412122474,53499.69703291953,229.75293109624533,False,55673.87521135333,276.8514579029766,False,56614.126667238444,362.5809421137257,False,56972.76174678224,504.4111519571001,False,55741.88116557804,688.9136934981855,False,-0.6375180772724822,10.79340525783041,55093.122721749976,218.61897336180016,0.0,0.0002695940667004,False,123767.5546875,615.4633178710938,False,125857.81018066406,806.0469369402635,False,123918.7374572754,1531.511196433054,False,False,-1.4172545595856283,23.99461812998525,False,False
2MASS J10014264+0154262,150.42769767501,1.9073150891300004,2025122300327,-1,g,20251223,g_6,0.1689750815520601,150.42772552458536,1.9072772950652208,746238585736266034,0,714.4545438643707,768.7490311385885,0.029174939,0.014976183,150.42772552458536,1.9072772950652208,1.4265919e-06,1.1362947e-06,55582.851299195216,358.1637550769559,52689.23108583992,243.917601532178,False,55712.89498381523,298.318175928121,False,56969.10968838983,395.2081906999703,False,57427.59902333999,554.1996637433417,False,57762.58245398188,760.0886390985298,False,0.3408848862690471,11.856622864422947,54788.93505333868,236.0084970872132,0.0,0.0102403297135942,False,120645.0859375,646.0016479492188,False,123365.39208984376,855.8149086320675,False,125083.64044189452,1645.9557380889823,False,False,0.7381789514020294,25.675263955003278,False,False
2MASS J10014264+0154262,150.42769767501,1.9073150891300004,2025122300328,-1,g,20251223,g_6,0.1841312922468998,150.42773090916918,1.9072761945389685,746238585870484620,0,1541.3674557124032,2844.5277713070964,0.031042537,0.014671529,150.42773090916918,1.9072761945389685,1.4664637e-06,1.2225503e-06,55385.64056822485,359.1705307290237,52342.72053169444,244.3237549284387,False,55599.246830054646,299.30539173988814,False,57052.49107579811,397.0891834238968,False,57880.235620441206,557.9301295616358,False,58270.10767653424,764.002644665958,False,0.2391579828332874,11.91421522669022,55041.91642317778,236.0654391774545,0.0,0.0009148624475528,False,119711.375,644.4378662109375,False,122840.37182617188,854.9772677784882,False,125462.03607177734,1644.982842594171,False,False,0.5149337913642938,25.65263323067251,False,False
2MASS J10014264+0154262,150.42769767501,1.9073150891300004,2025123000162,-1,y,20251230,y_10,0.1731921916038523,150.42771826595217,1.907271604039801,746269349915918566,0,2182.463012553683,1277.029410809165,0.022895956,0.019010434,150.42771826595217,1.907271604039801,1.2209184e-06,1.1154292e-06,791974.6156959996,4048.2603671306506,698020.5963876894,2504.542173931633,False,793796.0795589754,3161.6344025800536,False,868714.3300540576,4286.004495096232,False,913881.6334882784,6084.041479967549,False,934792.5467473132,8385.790038645975,False,7.696490551496216,130.45802160987904,793243.3974128905,2607.268920832587,0.0,0.0019574308723873,False,294664.875,1173.629638671875,False,322475.2629394531,1591.0068231864316,False,347004.1437988281,3112.8873487089045,False,False,2.857012631701742,48.42729464194373,False,False
2MASS J10014264+0154262,150.42769767501,1.9073150891300004,2025123000163,-1,y,20251230,y_10,0.1992049334928426,150.42772088971455,1.9072648536454957,746269350050136270,0,2181.8552780489345,1277.7415986283756,0.024567747,0.02156269,150.42772088971455,1.9072648536454957,1.3251355e-06,1.2432838e-06,794794.6533672356,4210.563357121911,680945.7390576584,2546.834359566035,False,788971.7826059543,3227.7842678529623,False,871892.7141617815,4385.414041196302,False,917713.955638964,6234.308965816384,False,951936.6728432978,8592.46551418982,False,6.50376616928603,133.378998439403,795533.7245782688,2737.32693667632,0.0,0.0004739610323325,False,285148.875,1166.5804443359375,False,315118.0207519531,1584.9690797888516,False,344047.3757324219,3105.474655576146,False,False,2.3505803975770414,48.20561671800339,False,False
2MASS J10014264+0154262,150.42769767501,1.9073150891300004,2025123000164,-1,y,20251230,y_10,0.1922019452673845,150.42772328128393,1.907268233221104,746269350184354079,0,2183.396246865382,1271.0478184849655,0.017547628,0.013998443,150.42772328128393,1.907268233221104,9.2887194e-07,8.327281e-07,792533.6847035558,3761.894178126392,725437.5294967752,2405.080039652515,False,794476.3637257688,3007.5312650355613,False,843843.6645590191,4055.069952834779,False,872383.6649050543,5749.331824673657,False,891645.9967692835,7916.65643293732,False,5.211393607008477,125.36618307466358,785543.6347762997,2335.2542393945546,0.0,0.0015081545095594,False,308719.59375,1168.6739501953125,False,327902.86181640625,1575.7291288014942,False,346478.0104980469,3076.2739704089468,False,False,2.025056239158725,48.71510201675108,False,False
2MASS J10014264+0154262,150.42769767501,1.9073150891300004,2025123000165,-1,y,20251230,y_10,0.1980997133969503,150.42772489596382,1.907267257257428,746269350318571813,0,2187.5638635760038,1265.7647122054816,0.015745185,0.012486298,150.42772489596382,1.907267257257428,8.3240064e-07,7.4412844e-07,796443.7766367103,3668.239440395664,740635.2174911025,2374.3225235429686,False,797286.5900680826,2955.8563914190327,False,836087.1867699471,3980.547062556696,False,866705.897731816,5635.154550217634,False,877244.9272522206,7763.21422968394,False,6.491311850963303,121.79548516446096,789040.0380793925,2259.127868588831,0.0,0.0033783782806102,False,314219.09375,1164.934326171875,False,329510.8200683594,1568.7757780034694,False,345731.5217285156,3059.56499234496,False,False,2.558294786927432,48.000891333128365,False,False
2MASS J10014264+0154262,150.42769767501,1.9073150891300004,2025123000166,-1,y,20251230,y_10,0.1808203270375856,150.42772029185107,1.9072702351011164,746269350452789554,0,2186.057978692236,1261.4395028724214,0.01617064,0.012974972,150.42772029185107,1.9072702351011164,8.5678926e-07,7.702673e-07,794417.6698420709,3694.8527663160257,734314.8329584,2381.320290233188,False,796156.8117697561,2968.188288118182,False,843399.4512427686,3995.506321965762,False,872080.3946569966,5658.107960479603,False,891084.9674391976,7787.380294768119,False,4.910758753235887,121.02557220375454,790997.2223874378,2293.287055544122,0.0,0.0002569559328267,False,311023.0,1159.5389404296875,False,329478.5947265625,1560.8663323678716,False,348107.20166015625,3042.182577117871,False,False,1.918414685559945,47.27929973977804,False,False
2MASS J10014264+0154262,150.42769767501,1.9073150891300004,2025123000167,-1,y,20251230,y_10,0.1717473467962666,150.42772196365252,1.907274019310445,746269350561317845,0,112.72961176815656,3425.854428048225,0.014741573,0.01225988,150.42772196365252,1.907274019310445,7.807094e-07,7.2541445e-07,796599.1366283492,3615.6677632601295,737669.2234612561,2348.91184320921,False,792673.0785814559,2918.9413113229657,False,829657.2107065292,3920.0705436559897,False,849826.2417626716,5550.422909799491,False,846533.4501329944,7633.770725877376,False,1.0872825279854574,118.2007605952404,786389.0946105265,2237.1956729790163,0.0,0.0016328355908962,False,314220.15625,1157.0850830078125,False,328880.87841796875,1553.938454605949,False,335570.7165527344,3026.070513905278,False,False,0.4310050322926131,46.855459667649896,False,False
2MASS J10014264+0154262,150.42769767501,1.9073150891300004,2025123000172,-1,y,20251230,y_10,0.1796414407975647,150.42772091510437,1.907270924141196,746269351249708070,746269351249707494,2679.5876026587503,2444.073607323652,0.017400509,0.016339341,150.42772091510437,1.907270924141196,9.3160173e-07,9.444848e-07,795773.7815724867,4028.197146193929,724870.4969511847,2536.6622517727446,False,793708.5014248558,3193.574829118932,False,844965.1854108587,4334.94084246122,False,869790.0327029543,6173.657687256185,False,868734.2710479833,8514.737435264395,False,-0.043845765218907,132.6835085358617,793210.2918281679,2464.870766331098,0.0,0.0011744766007403,False,313764.78125,1262.4676513671875,False,334027.31114554405,1713.6666203332932,False,343423.58438950777,3366.002410180628,False,False,-0.0173328834300658,52.45176529733644,False,False
2MASS J10014264+0154262,150.42769767501,1.9073150891300004,2025123100242,-1,i,20251231,i_39,0.1722364573166911,150.42772445213186,1.9072754308812243,746273758675732055,0,3324.061068832693,3233.644642549698,0.006419786,0.0063448735,150.42772445213186,1.9072754308812243,3.568035e-07,3.5285677e-07,442989.1045394121,1190.4905393064746,432722.9749688625,816.6513121462724,False,443616.1728308991,994.8604250641029,False,450591.0989800628,1319.6038744067089,False,453127.1716652802,1855.520080854244,False,452152.85814418126,2543.876908748476,False,0.4926503559351894,39.4932920276789,444261.3541710318,730.904416231219,0.0,1.4007325509268752e-05,False,747417.875,1676.1707763671875,False,759169.4404296875,2223.3083103279755,False,761800.7392578125,4286.000353109583,False,False,0.8300321419783587,66.5394866370981,False,False
2MASS J10014264+0154262,150.42769767501,1.9073150891300004,2025123100243,-1,i,20251231,i_39,0.1757476765546405,150.427723614553,1.9072737229531336,746273758809425597,0,2867.5687997405403,3206.1760360211697,0.005964986,0.0059730546,150.427723614553,1.9072737229531336,3.316336e-07,3.3205941e-07,439700.1637919008,1186.0815952170078,431685.2277799458,814.8804164073961,False,440361.340349352,991.9067259954154,False,447735.9382082296,1315.157686267011,False,451156.2145334036,1849.322613349398,False,453519.6408072481,2539.004889404271,False,2.752031875435629,39.8309876003544,437859.1349178596,716.429641748557,0.0,3.2104848476488534e-05,False,745124.0,1678.379638671875,False,757602.3657226562,2225.3442026600064,False,767388.8188476562,4296.184305624076,False,False,4.656641742268499,67.39698080939894,False,False
2MASS J10014264+0154262,150.42769767501,1.9073150891300004,2025123100246,-1,i,20251231,i_39,0.1767589633646215,150.42772238869844,1.9072726545699843,746273759210505784,0,3489.52957723261,2947.602983983147,0.005738566,0.005690454,150.42772238869844,1.9072726545699843,3.1904494e-07,3.1639306e-07,441261.2588594184,1174.9705996900686,433253.6666337165,811.4458189471828,False,441369.1690441376,986.2835544181006,False,446651.8074256517,1307.0767549332577,False,448808.2532943891,1839.4137707908476,False,445201.6969428277,2519.235822578602,False,0.2635404485226087,38.740037248596245,435264.3782399372,699.8657450272514,0.0,1.7593191787623752e-05,False,747425.875,1670.1978759765625,False,756371.6303710938,2213.4373122705697,False,753915.9760742188,4266.138577599332,False,False,0.4462861571448034,65.60337302393015,False,False
2MASS J10014264+0154262,150.42769767501,1.9073150891300004,2026010100266,-1,i,20260101,i_39,0.1767043862706503,150.42772038782255,1.907271569102354,746278159965487532,0,2381.811660319294,1002.7981116112248,0.0049022604,0.0047361488,150.42772038782255,1.907271569102354,2.7104304e-07,2.647424e-07,444690.7554099968,1322.4973941944138,436053.658205686,886.8285053899816,False,444670.5802767054,1093.9070513377624,False,451655.4896669387,1469.16081228599,False,454962.0636389792,2084.4820888647546,False,454165.087259413,2868.605378385042,False,5.388670297147529,45.929177319611846,436858.256483107,727.7955263314931,0.0,2.2998726183387497e-05,False,755852.0,1859.425537109375,False,767724.9638671875,2497.2826796793674,False,771990.783203125,4876.061535516603,False,False,9.1596732549858,78.07051348839116,False,False
2MASS J10014264+0154262,150.42769767501,1.9073150891300004,2026010100267,-1,i,20260101,i_39,0.1748939572840671,150.42772126680217,1.907272613006692,746278160077684836,0,2160.856281196946,244.9632115452126,0.005414652,0.0046772053,150.42772126680217,1.907272613006692,2.9345574e-07,2.6867846e-07,441864.9179839426,1319.7970255068503,434382.6354491532,887.4885433379736,False,442573.3644311424,1096.0784962212886,False,447673.6723134712,1469.7511330827035,False,451733.34598274727,2090.442739840435,False,450471.8113789269,2880.053482725514,False,3.754779449537462,44.3998428971945,437345.05122876586,716.7900684555682,0.0,0.0013417958303183,False,750781.3125,1859.38720703125,False,759433.4731445312,2493.285347532197,False,764180.2353515625,4885.721798034859,False,False,6.369606645657862,75.3198791526819,False,False
2MASS J10014264+0154262,150.42769767501,1.9073150891300004,2026010200211,-1,y,20260102,y_10,0.1761066046884352,150.42772038685538,1.907271755964403,746282550608003552,0,1843.9628500138188,2010.6399348178363,0.008605289,0.010121961,150.42772038685538,1.907271755964403,5.3541186e-07,5.0864975e-07,784228.2513461721,4703.87246170121,760055.4885916957,2938.142123988016,False,785151.2650510718,3779.557520662469,False,807908.2983869775,5238.017632463246,False,820397.8253203734,7564.371166690262,False,828383.9757971562,10505.229293337983,False,12.079157733494752,170.22624522264198,785083.0529001738,2174.7682587956183,0.0,0.0040187351580464,False,380580.875,1832.0384521484373,False,391611.732421875,2538.987609857089,False,401536.76416015625,5092.126236686554,False,False,5.855045548678346,82.51257590546402,False,False
2MASS J10014264+0154262,150.42769767501,1.9073150891300004,2026010200212,-1,y,20260102,y_10,0.1811584073540297,150.42771983378952,1.9072699026949125,746282550741697051,0,3558.475223988032,2498.3566720988897,0.009275754,0.01117073,150.42771983378952,1.9072699026949125,5.922429e-07,5.484228e-07,797218.992047626,4688.816202936104,768039.0168306539,2937.4477748632835,False,795903.0595478293,3768.1637806096383,False,815978.9934443382,5224.866225588529,False,832112.4510924213,7554.764624103047,False,841879.9645317345,10489.26676706196,False,10.20221264312643,161.61236018348734,779214.9431486627,2169.4729291088106,0.0,0.0073643122727621,False,385507.8125,1825.167724609375,False,395231.8979492188,2530.743819952261,False,407777.4291992188,5080.636690096804,False,False,4.941597637463485,78.27941694644818,False,False
2MASS J10014264+0154262,150.42769767501,1.9073150891300004,2026010200213,-1,y,20260102,y_10,0.1680644527987801,150.42772073767568,1.9072744916949909,746282550896361973,0,2475.1683163022085,2209.2605630231174,0.009672272,0.011019785,150.42772073767568,1.9072744916949909,5.896115e-07,5.6264633e-07,795315.313444459,4733.2746995676725,760551.9505992195,2958.9531218677635,False,790980.1006163887,3795.930475738447,False,811908.3076671397,5260.097060538601,False,821730.0494450891,7599.132442742884,False,827445.2287026927,10558.041658885655,False,5.399595287558998,166.36446342071156,785490.8914011038,2223.829074300851,0.0,0.0003718403616352,False,382822.03125,1837.171142578125,False,392950.95703125,2545.804932030953,False,400470.58447265625,5109.927482027708,False,False,2.613319898061206,80.51780539725696,False,False
2MASS J10014264+0154262,150.42769767501,1.9073150891300004,2026010200214,-1,y,20260102,y_10,0.170647450010474,150.42772072952818,1.9072736640875243,746282551010656928,0,1509.8501310199,2315.005193719767,0.0066918125,0.008509447,150.42772072952818,1.9072736640875243,4.477616e-07,4.0194536e-07,797110.0559916258,4627.535557936424,774858.1683302942,2922.4927404742007,False,794761.9598053393,3741.7755800529303,False,811380.724723148,5164.636741228297,False,816942.8618240092,7476.951483102867,False,814549.2197463705,10388.707483305068,False,9.367641057503944,168.3988518265811,780346.8136559444,2022.81095536234,0.0,0.0005424695569443,False,387566.0625,1824.6787109375,False,395670.2114257813,2518.5376594155846,False,397215.32958984375,5066.058338719422,False,False,4.568134791528491,82.1197833222094,False,False
