simbad_id,target_ra,target_dec,visit,detector,band,day_obs,physical_filter,sep_arcsec,src_ra,src_dec,sourceId,parentSourceId,x,y,xErr,yErr,ra,dec,raErr,decErr,calibFlux,calibFluxErr,ap09Flux,ap09FluxErr,ap09Flux_flag,ap12Flux,ap12FluxErr,ap12Flux_flag,ap17Flux,ap17FluxErr,ap17Flux_flag,ap25Flux,ap25FluxErr,ap25Flux_flag,ap35Flux,ap35FluxErr,ap35Flux_flag,sky,skyErr,psfFlux,psfFluxErr,extendedness,sizeExtendedness,apFlux_12_0_flag,apFlux_12_0_instFlux,apFlux_12_0_instFluxErr,apFlux_17_0_flag,apFlux_17_0_instFlux,apFlux_17_0_instFluxErr,apFlux_35_0_flag,apFlux_35_0_instFlux,apFlux_35_0_instFluxErr,extendedness_flag,sizeExtendedness_flag,localBackground_instFlux,localBackground_instFluxErr,localBackground_flag,sky_source
2MASS J03320626-2745426,53.02604603951001,-27.76189579819,2025071100809,-1,g,20250711,g_6,0.2659773908709741,53.026101367980615,-27.761951129849027,745512972727615546,0,3233.354391289576,1131.1341325320798,0.023123339,0.02106877,53.026101367980615,-27.761951129849027,1.2737587e-06,1.1843267e-06,272672.67514078226,1941.2216959732416,234379.57753485072,1128.1288606808516,False,272639.91362478206,1479.6626174913747,False,297369.14696826454,2077.8658601020657,False,307182.4289493459,3020.515674521915,False,304363.5200875332,4206.993315275072,False,0.3391740701204062,65.05247172579563,271674.6214730396,1169.1043674420025,0.0,0.0118179178089824,False,468467.46875,2542.45166015625,False,510958.8310546875,3570.323020361962,False,522977.013671875,7228.727016717851,False,False,0.5827907439613381,111.77734895872688,False,False
2MASS J03320626-2745426,53.02604603951001,-27.76189579819,2025071100811,-1,g,20250711,g_6,0.2734901438171195,53.026105638170165,-27.76195047939431,745512972996051008,0,3226.0464277241963,1143.486755888602,0.023128046,0.021752706,53.026105638170165,-27.76195047939431,1.2782259e-06,1.2176114e-06,269864.3896669985,1790.5246833674378,241416.8491845174,1069.909129800733,False,268058.7388246447,1398.584793932891,False,282732.5927767698,1960.074151635768,False,285954.99230082415,2846.860772446152,False,291035.9870257434,3970.809651521407,False,0.9449216332996212,62.76859611987752,269913.59251630056,1022.4731141022572,0.0,0.0004443595241702,False,485652.84375,2533.87255859375,False,512238.0576171875,3551.145505931413,False,527281.65234375,7194.076222647744,False,False,1.7119526874781568,113.7204007505057,False,False
2MASS J03320626-2745426,53.02604603951001,-27.76189579819,2025071100819,-1,i,20250711,i_39,0.2652191300927427,53.02610191044295,-27.761950417597884,745512974069793593,745512974069792953,3100.4422394633084,1083.5209156543608,0.016406616,0.020139541,53.02610191044295,-27.761950417597884,9.3539666e-07,1.0991844e-06,453624.25200624194,1939.0626693262288,406702.4729328064,1190.3610363065577,False,452405.1199015735,1530.8239057573824,False,476068.3521952741,2115.5034168735683,False,488473.0300991165,3056.622871216917,False,491073.2184316788,4233.0515076739375,False,1.256825027906105,67.04573572489247,413867.36546735215,1115.344977422763,1.0,0.0089930683108625,False,679082.5,2297.842529296875,False,714602.1840999126,3175.4754442248486,False,737125.2317572869,6354.02004531998,False,False,1.8865566379945808,100.63897119534111,False,False
2MASS J03320626-2745426,53.02604603951001,-27.76189579819,2025071100820,-1,i,20250711,i_39,0.2793037091952849,53.02611162037232,-27.76194729219297,745512974204011330,745512974204010678,3111.5338879536357,1077.7339040220247,0.015067496,0.020738056,53.02611162037232,-27.76194729219297,8.750297e-07,1.123318e-06,453648.5717909465,1930.1261903593647,397949.97149724,1172.5846871979634,False,453229.0101694045,1510.867756419806,False,484764.276602855,2089.310583671592,False,502668.2284358057,3008.782184877935,False,512773.999800138,4173.09373425678,False,1.837826929140262,66.12265910712475,451656.6981359126,1207.3258031554317,0.0,0.0003223155178025,False,687623.3125,2292.236083984375,False,735467.5234375,3169.829450786006,False,777962.9026276469,6331.272872074308,False,False,2.788287184760705,100.3190017990131,False,False
2MASS J03320626-2745426,53.02604603951001,-27.76189579819,2025071200713,-1,r,20250712,r_57,0.2741392004644558,53.02610608956152,-27.761950343308374,745517357889224809,0,2602.3350165796837,700.8071830615268,0.012087925,0.012684097,53.02610608956152,-27.761950343308374,6.7489754e-07,7.0201287e-07,396436.2856170363,1403.47783107282,367258.73540291766,889.245552751518,False,396300.18145573855,1127.080212260786,False,412633.61665720725,1540.2453699879443,False,418988.2820257738,2204.930367365229,False,424433.3573117263,3052.7423754246342,False,-0.088689439478628,48.394058686391965,393600.0912820282,842.2589100230393,0.0,0.0004043534474943,False,739051.4375,2101.866943359375,False,769511.2993164062,2872.369501853092,False,791516.3745117188,5692.991692780036,False,False,-0.1653949728132283,90.2490089892424,False,False
2MASS J03320626-2745426,53.02604603951001,-27.76189579819,2025071200714,-1,r,20250712,r_57,0.2778254347488182,53.02610693279455,-27.76195104590432,745517358023443264,745517358023442559,2513.7163968064115,767.6285347011251,0.011569828,0.008869297,53.02610693279455,-27.76195104590432,6.320252e-07,5.071715e-07,395342.9546353819,1389.4976669247103,371735.08364013646,885.3254712545018,False,395403.0266494044,1119.5258080948488,False,410297.53546314256,1528.7807560918518,False,417744.22098837694,2192.0360656703897,False,419789.7202875773,3033.093313384544,False,1.1910588584412365,46.76536285297096,401017.4626907655,813.6835457588778,0.0,0.0028458348531076,False,741038.9375,2098.143310546875,False,768953.2685546875,2865.142628686196,False,786742.9112300575,5684.428531908463,False,False,2.232205955625773,87.64463715422035,False,False
2MASS J03320626-2745426,53.02604603951001,-27.76189579819,2025071200735,-1,z,20250712,z_20,0.2816175491193685,53.02610929120634,-27.761950449300105,745517360842015971,745517360842014876,2546.439833641259,575.6064037918622,0.009695797,0.010583678,53.02610929120634,-27.761950449300105,5.427757e-07,5.8428657e-07,458363.683022144,2112.530857637937,441420.5865289872,1337.7117486405657,False,459356.1672821998,1705.30597739906,False,472002.3932322403,2354.3357129296182,False,481104.6347675639,3393.2031678930653,False,473050.3154895464,4700.589974661459,False,-1.381350644812411,73.64303401153838,462818.67108237685,1091.0402275048068,0.0,0.0018464630733849,False,539150.5625,2001.5333251953125,False,553993.5543222427,2763.305500936136,False,555223.5103231072,5517.125728201348,False,False,-1.6213039689152964,86.43550699763539,False,False
2MASS J03320626-2745426,53.02604603951001,-27.76189579819,2025071200736,-1,z,20250712,z_20,0.2779689354790963,53.02610849378284,-27.76194972124512,745517360976233683,745517360976232596,2543.4208652154325,571.995554023814,0.010859783,0.010721951,53.02610849378284,-27.76194972124512,6.029131e-07,5.9615655e-07,460344.960473346,2125.628091221655,439776.9354948421,1343.9379559827423,False,459428.2174053861,1714.419720732532,False,470269.805223882,2360.927849530892,False,478139.2993131988,3398.297541323097,False,477798.06583353935,4720.000562835433,False,-0.6142455283259495,73.7945538771565,457657.6187299152,1105.930342490537,0.0,0.0003282654258094,False,536093.9375,2000.5084228515625,False,548744.6831054688,2754.9006766635434,False,557529.1998588145,5507.636646749419,False,False,-0.7167459276482951,86.10880101679392,False,False
2MASS J03320626-2745426,53.02604603951001,-27.76189579819,2025071200737,-1,z,20250712,z_20,0.2892034654922571,53.026111473444274,-27.76195148455508,745517361110451437,745517361110450332,2540.8980394962136,567.4785152653452,0.010218013,0.0099040875,53.026111473444274,-27.76195148455508,5.6651237e-07,5.5152327e-07,457707.54249872937,2127.590936433617,438778.3342591158,1343.6162812109849,False,458166.0301621469,1713.622138438836,False,470168.46525297145,2362.6857769579974,False,473709.72583390085,3397.6628955900906,False,475215.84354654624,4719.978778287077,False,1.934505551952464,76.04780970757942,455195.58260728896,1090.6756455991358,0.0,0.000109566440092,False,532981.875,1993.4466552734373,False,546944.2378513217,2748.4986064838654,False,552815.8236294985,5490.723828480589,False,False,2.250399044016072,88.46597420861691,False,False
2MASS J03320626-2745426,53.02604603951001,-27.76189579819,2025071200738,-1,z,20250712,z_20,0.2785989433879368,53.02610994463601,-27.761948629991178,745517361244669072,745517361244668041,2538.983577104052,562.1010733433376,0.013045569,0.011013443,53.02610994463601,-27.761948629991178,7.167892e-07,6.211753e-07,460958.0419713142,2135.9693373361424,436419.2252626467,1347.3525797735765,False,461252.1466127392,1719.8565755016816,False,477085.8200112116,2360.881659582406,False,485502.6735756384,3411.43995227702,False,488053.7542444785,4733.37483870143,False,2.064602799033449,73.32138066332173,464006.3446126723,1163.249586617849,0.0,0.0005776749691799,False,531651.0625,1982.350830078125,False,549901.3608398438,2721.2127942844427,False,562543.2833357453,5455.809324003434,False,False,2.3797141754403097,84.51210518994111,False,False
2MASS J03320626-2745426,53.02604603951001,-27.76189579819,2025071200739,-1,z,20250712,z_20,0.2865668077211936,53.02611229366332,-27.76194964292506,745517361378886901,745517361378885789,2535.178444959495,559.2594455035991,0.010009751,0.008924382,53.02611229366332,-27.76194964292506,5.518079e-07,5.006072e-07,462269.3304658728,2082.1760762819317,445253.5785338791,1324.3898406113738,False,461724.8193720382,1685.2613125038304,False,474194.25228241103,2319.580241683504,False,476382.5348683589,3339.8351357294405,False,478399.0120087928,4632.217332953215,False,0.6173692320295978,74.8366465976667,457211.0353084058,1048.3192150797547,0.0,0.0014945779373845,False,542830.0625,1981.2894287109373,False,557489.83984375,2727.030981958676,False,562433.1954731345,5445.89919983161,False,False,0.7258145214372218,87.98223497093207,False,False
2MASS J03320626-2745426,53.02604603951001,-27.76189579819,2025071700590,-1,g,20250717,g_6,0.27244801516055,53.02610443786057,-27.761951088674437,745539331613000272,0,2971.2589072459346,3900.186601855079,0.010468198,0.013155204,53.02610443786057,-27.761951088674437,6.905467e-07,6.305094e-07,270750.87517281726,794.7839423602368,246159.7728163325,538.8297682247318,False,270891.15450566803,655.9708150329532,False,284616.7291999666,858.2389995087277,False,289907.0202006934,1191.8759216726005,False,289050.876285101,1623.3873107414963,False,-0.0060576215924115,25.29281187921511,270453.02408841375,564.6007101367953,0.0,0.0022158271827286,False,510762.3125,1236.8258056640625,False,536641.7336425781,1618.2002578367396,False,545002.26953125,3060.87903988808,False,False,-0.0114215793366752,47.68932048973594,False,False
2MASS J03320626-2745426,53.02604603951001,-27.76189579819,2025071700591,-1,g,20250717,g_6,0.3658313838764646,53.02610851582716,-27.76198106360456,745539331747218011,0,2970.0,3900.0,,,53.02610851582716,-27.76198106360456,,,267579.2394313088,788.1219586064398,242917.5432144573,535.749507856061,True,269095.1589342632,653.2544021436844,True,283228.0427563578,851.9449880886772,True,287186.17073057755,1185.7089504268945,True,289868.7292861493,1617.7732344902718,True,6.862794787990578,27.065721992473133,510.57325856282887,11.670559497962524,,,True,508973.34375,1235.581787109375,True,535704.6352539062,1611.390152821276,True,548264.9965820312,3059.896937012212,True,True,12.9804624674312,51.19278651490796,True,False
2MASS J03320626-2745426,53.02604603951001,-27.76189579819,2025071700592,-1,g,20250717,g_6,0.2664648323760387,53.02610935326188,-27.76194416946877,745539331881435767,0,2970.0,3899.0,0.21363273,0.18355976,53.02610935326188,-27.76194416946877,1.0741155e-05,1.1404309e-05,268441.9110906475,783.4590874838251,246485.00555529995,535.3510325166952,True,270453.7315386394,650.818873314979,True,283532.0010326648,847.7717614523328,True,289258.0011130747,1179.8479020891002,True,291845.15899780794,1609.2061844750403,True,1.6455164534280555,24.52286818943845,69684.7059328502,221.04369056462107,,,True,514113.3125,1237.160400390625,True,538974.1728515625,1611.5538360096511,True,554776.8950195312,3058.986530854176,True,True,3.1280097702193665,46.61622868040132,True,False
2MASS J03320626-2745426,53.02604603951001,-27.76189579819,2025071700593,-1,g,20250717,g_6,0.2772030061616914,53.02610150586063,-27.761955128784383,745539332015653546,0,2966.2604378138567,3892.373338758098,0.009300346,0.0132999895,53.02610150586063,-27.761955128784383,6.813416e-07,5.925142e-07,269447.1085215034,776.8801588126756,250383.72936304088,533.5616951901111,False,270261.9491502747,645.8290827878577,False,281834.7546060145,843.0789815054682,False,286739.0614939968,1169.9134025147443,False,287302.4968342165,1593.56992840663,False,0.6967372816684972,24.44162183380145,269680.7093354343,548.2640489954593,0.0,0.0033621358728157,False,517597.8125,1236.873046875,False,539761.7124023438,1614.6403071685047,False,550233.373046875,3051.9587074776155,False,False,1.3343709464564262,46.80988217136527,False,False
2MASS J03320626-2745426,53.02604603951001,-27.76189579819,2025071700594,-1,g,20250717,g_6,0.2804244952398642,53.02610956177766,-27.76194972540986,745539332149871260,0,2965.550584559321,3890.637479645085,0.00962455,0.012899779,53.02610956177766,-27.76194972540986,6.684936e-07,5.9549353e-07,270504.2401682904,775.2541613171071,249221.88798341423,532.0970534680484,False,270437.194064129,644.7693478232643,False,281578.35424540227,842.7661421722498,False,285612.53437613806,1169.8336882666126,False,289175.7831492971,1591.9503411254957,False,0.9419056426295416,24.527887992344976,269833.9194835714,550.6061846193807,0.0,0.0002375243877182,False,518952.4375,1237.27294921875,False,540331.642578125,1617.2166895765458,False,554910.6440429688,3054.8553528851053,False,False,1.8074593283263172,47.06751711577074,False,False
2MASS J03320626-2745426,53.02604603951001,-27.76189579819,2025071700595,-1,g,20250717,g_6,0.2611858468835186,53.026100118266434,-27.761950330317656,745539332284089066,0,2956.580854196145,3887.545186906583,0.009295468,0.010953495,53.026100118266434,-27.761950330317656,5.83443e-07,5.461015e-07,270004.1701070824,765.7800073337579,251704.60814166185,529.4375885718928,False,270187.4318372037,639.5855238012489,False,280128.0388481157,833.9962500578764,False,284895.5938364803,1158.9270827385933,False,286996.07491210994,1576.2951681765012,False,1.2965557925687012,24.8164207124685,269113.113101686,540.8329580035138,0.0,0.0013291067760067,False,522705.125,1237.3433837890625,False,541936.2424316406,1613.45074851112,False,555223.158203125,3049.503662387383,False,False,2.5083193286075653,48.00989521370213,False,False
2MASS J03320626-2745426,53.02604603951001,-27.76189579819,2025071700602,-1,i,20250717,i_39,0.2728801431833389,53.026107085829146,-27.76194897298557,745539333223614769,745539333223614098,2865.4216261824304,3761.0321389995024,0.0052962997,0.006086764,53.026107085829146,-27.76194897298557,3.253121e-07,3.0876419e-07,451003.0661432006,1083.4471149739634,431196.236303424,759.2746690128406,False,449380.1115916048,909.628904640058,False,459729.2233915877,1183.3515960735149,False,463048.9199479937,1638.4910522407554,False,465488.8198191904,2233.570125096846,False,2.3574917504672683,32.85646169076946,451377.2828792861,759.0096491450228,0.0,4.119256703738472e-05,False,733295.125,1484.32568359375,False,750182.7286906242,1930.9843363746425,False,759581.1953191757,3644.723123767536,False,False,3.846937510702377,53.6149299025645,False,False
2MASS J03320626-2745426,53.02604603951001,-27.76189579819,2025071700603,-1,i,20250717,i_39,0.2785827341747562,53.026108814435815,-27.76194967408441,745539333357832600,745539333357831923,2865.539094269572,3760.967659317661,0.004804981,0.0055585285,53.026108814435815,-27.76194967408441,2.9661467e-07,2.8077827e-07,452432.77082593966,1079.6178099188164,435520.7476785247,760.0953258103167,False,452034.21065126057,908.8722791630717,False,462570.5845582665,1180.8959262753613,False,466854.3165295515,1634.6223087414498,False,469971.0260048653,2228.896420817422,False,4.885845604900191,33.14240448607128,449263.78468874993,753.0123141650549,0.0,6.339440578684297e-05,False,739511.875,1486.8826904296875,False,756749.0075888038,1931.903692336873,False,768855.8663199544,3646.395189790453,False,False,7.993069460461142,54.21979378107637,False,False
2MASS J03320626-2745426,53.02604603951001,-27.76189579819,2025071700604,-1,i,20250717,i_39,0.2760098386775985,53.02610762265342,-27.761949729279127,745539333492050233,745539333492049578,2864.148124696672,3760.29135082934,0.0053486857,0.0058596903,53.02610762265342,-27.761949729279127,3.1723602e-07,3.0640805e-07,450962.8478013628,1081.443720231515,431452.6819380188,758.8539803406524,False,450560.3649674184,909.1875767239412,False,462048.54483815207,1182.4390425859665,False,466063.8394001523,1638.5135582548928,False,467334.8430386118,2231.531218921316,False,3.001344229432425,33.48025038026959,450526.03080709936,752.1749566593061,0.0,0.0008555506238804,False,736446.625,1486.07861328125,False,755224.2005504072,1932.711596244461,False,763864.7219348252,3647.466050138653,False,False,4.905735169112294,54.72389343098898,False,False
2MASS J03320626-2745426,53.02604603951001,-27.76189579819,2025071700605,-1,i,20250717,i_39,0.27718396387337,53.026106692847314,-27.76195100395071,745539333626267908,745539333626267275,2860.5225742280877,3762.896901541223,0.005416732,0.0063609015,53.026106692847314,-27.76195100395071,3.3816056e-07,3.1841324e-07,455165.6587901862,1085.5587876416234,435850.7795727133,762.6224589925773,False,454055.6565430416,912.9879516027868,False,464498.7831134447,1187.1834223595022,False,469199.56292544905,1642.8165078168092,False,471251.6071604461,2240.507651108886,False,2.932527377302712,34.0024847729962,453766.4792443869,755.3741863041641,0.0,0.0013876135762905,False,739119.0,1486.17626953125,False,756118.4870812893,1932.516006146824,False,767110.8411790133,3647.133893646296,False,False,4.773614580835288,55.349784064522126,False,False
2MASS J03320626-2745426,53.02604603951001,-27.76189579819,2025071700606,-1,i,20250717,i_39,0.2852190211369912,53.026111618750896,-27.761949737629596,745539333760485736,745539333760485080,2854.4062397777966,3759.521511436688,0.004885169,0.005729186,53.026111618750896,-27.761949737629596,3.0468004e-07,2.8695686e-07,454574.7412317984,1076.5953950186572,436009.44566584594,759.5110184734154,False,453916.5431351376,908.1848090884946,False,463699.7044148693,1179.0530387273957,False,467305.1513275863,1635.8159043372605,False,468967.0010747828,2224.5546808615886,False,3.921503419103423,33.035566586228015,454303.10844737536,757.7673524119375,0.0,1.3302039600704418e-05,False,739443.375,1479.459716796875,False,755380.4319419861,1920.7120151182296,False,763961.0128400326,3623.864884339808,False,False,6.388244198521274,53.815907838118,False,False
2MASS J03320626-2745426,53.02604603951001,-27.76189579819,2025071700607,-1,i,20250717,i_39,0.2761199740283909,53.02610888546607,-27.761948620686525,745539333894703454,745539333894702798,2844.632583582154,3755.570960082011,0.005162112,0.0057647387,53.02610888546607,-27.761948620686525,3.1047978e-07,2.9775e-07,452399.02343788085,1073.3479825718866,433369.7173608122,755.7931509510188,False,451885.79423109547,903.666860733808,False,463942.3093660425,1175.3181737245748,False,469361.615024943,1626.6573017627802,False,471391.4522088754,2213.18340291357,False,4.739355084784947,34.431418754933226,447796.5974741588,751.8560507112742,0.0,1.4440261966175427e-05,False,737369.625,1474.568359375,False,757042.9764471054,1917.8383832348816,False,769198.197378397,3611.3864093457823,False,False,7.733494892345617,56.1838470243197,False,False
2MASS J03320626-2745426,53.02604603951001,-27.76189579819,2025071900574,-1,i,20250719,i_39,0.2681750632141866,53.02610794794256,-27.761946277182027,745548125560112715,745548125560111346,2867.5891288083512,644.7869576181896,0.0077232886,0.008457509,53.02610794794256,-27.761946277182027,4.6928423e-07,4.3064614e-07,450975.9271694912,1061.7488809889928,428943.6263617406,749.5065233240545,False,450548.0176485762,895.2343173982423,False,461323.0019097373,1157.5754721807375,False,465973.6745436908,1598.7173731114788,False,467829.9847561749,2175.8657924248664,False,1.2793609707697573,33.356051109479665,452201.70771828527,755.3310878089804,0.0,0.001725448865096,False,717531.75,1425.728271484375,False,734691.7263183594,1843.5263762691327,False,745054.5880026519,3465.2306272525107,False,False,2.037478981772241,53.12203092266789,False,False
2MASS J03320626-2745426,53.02604603951001,-27.76189579819,2025071900575,-1,g,20250719,g_6,0.2736876867279627,53.026106846838914,-27.76194950497826,745548125694330257,745548125694329026,2857.238508333193,627.8338393914207,0.009143158,0.010276347,53.026106846838914,-27.76194950497826,5.706838e-07,5.10524e-07,271321.64798220125,533.3365239893776,252576.87729670343,422.2682771100026,False,271314.4810589705,473.9658844297298,False,280579.17292679544,561.4693400611972,False,283912.69214601524,715.6754722383452,False,286296.87011204666,928.1826263553456,False,0.3941578627006142,13.235901854330557,272036.3425383559,483.4214820964351,0.0,0.002424547094486,False,511410.9375,893.396240234375,False,528874.3059692383,1058.3348166948472,False,539651.809869647,1749.5665740466936,False,False,0.74296307849084,24.94885252553081,False,False
2MASS J03320626-2745426,53.02604603951001,-27.76189579819,2025071900576,-1,g,20250719,g_6,0.2605946457335044,53.026100889300864,-27.761949502805088,745548125828546750,0,2857.2107369019755,627.2745736670371,0.008750433,0.011243661,53.026100889300864,-27.761949502805088,6.2304474e-07,4.912284e-07,270422.27162964694,535.0084939014031,250945.17131313504,421.11390044147225,False,270370.7682074043,473.3050942234679,False,280504.8317562581,561.4263270125654,False,285479.910428381,715.9458490240308,False,287808.50187984976,928.4030618813446,False,0.6968088616677058,13.571319781067732,272740.7298107117,485.6423046779721,0.0,0.0017030816841325,False,510120.8125,893.0062255859375,False,529241.2106323242,1059.2685592210312,False,543021.3768920898,1751.6602382514127,False,False,1.3147009383738393,25.605625635182857,False,False
2MASS J03320626-2745426,53.02604603951001,-27.76189579819,2025071900577,-1,g,20250719,g_6,0.2782648135940611,53.02610856516555,-27.76194977419398,745548125962764485,0,2856.174978963093,627.5038887874417,0.009566379,0.010458999,53.02610856516555,-27.76194977419398,5.808592e-07,5.33604e-07,271078.72598982026,534.0997622685662,252327.70361214143,421.66806295997696,False,271497.32705209666,473.6049962696412,False,281610.7117850506,561.5313024372541,False,285661.8861529055,715.6425557556693,False,287672.3432259788,928.7390834460556,False,0.6283130034822404,13.238593807584024,271965.5135559294,483.36988812313,0.0,0.0001398223015878,False,513049.03125,894.9722900390625,False,532160.3142089844,1061.126803199439,False,543614.991027832,1755.040066949094,False,False,1.187324314601763,25.016996674850983,False,False
2MASS J03320626-2745426,53.02604603951001,-27.76189579819,2025071900578,-1,g,20250719,g_6,0.2890412881191385,53.026113096114514,-27.76194988508749,745548126096982232,0,2853.7033402467737,624.5550432557588,0.008038505,0.0095367115,53.026113096114514,-27.76194988508749,5.288682e-07,4.4979316e-07,270997.55161382776,526.028215188851,255746.79133982933,420.5090595556181,False,270826.5712448199,469.1877169262608,False,278374.65058457886,554.8698658533058,False,282657.2445594248,707.4098908001806,False,283888.7796472316,916.9815996364229,False,0.7904170694324513,13.184013243930488,270719.03555360454,477.6486070095841,0.0,0.0002479988673905,False,518978.09375,899.092529296875,False,533442.2868652344,1063.283059473341,False,544008.8726196289,1757.1885963616978,False,False,1.5146561952028592,25.26419040000555,False,False
2MASS J03320626-2745426,53.02604603951001,-27.76189579819,2025071900579,-1,g,20250719,g_6,0.2826939547452846,53.02611007370548,-27.76195016382685,745548126231199930,0,2851.086750345996,613.4002604647735,0.009046322,0.0106792,53.02611007370548,-27.76195016382685,5.91943e-07,5.060113e-07,271335.8920691222,536.6055623176666,252077.80655000775,422.78648778097227,False,271987.5598000851,475.4304433674978,False,283083.8165326278,564.342368152567,False,286364.2011427692,718.7854091184728,False,289309.725839067,932.217464945048,False,0.7305709093278157,13.211568219348925,273032.8072077542,487.5862138891221,0.0,0.0004857118282911,False,512541.875,895.916015625,False,533452.0086669922,1063.4644309741936,False,545184.3071289062,1756.6997834087415,False,False,1.3767106994252185,24.896292873882352,False,False
2MASS J03320626-2745426,53.02604603951001,-27.76189579819,2025071900580,-1,g,20250719,g_6,0.2648221401200648,53.02610266288163,-27.7619496569288,745548126365418771,745548126365417645,2852.037814127937,609.4360990978586,0.010430507,0.01060075,53.02610266288163,-27.7619496569288,5.899157e-07,5.8049477e-07,272304.22489665647,539.5075528535356,249761.7281414557,421.6291442545443,False,271773.8276967731,475.8118582975964,False,282991.6214902515,565.2413543634722,False,287930.6563157753,720.3157150487712,False,289736.5868937939,934.6637745300786,False,0.3537615374086634,13.436231777573203,273194.8675696305,486.40123984640553,0.0,0.0043817602141245,False,511422.90625,895.380859375,False,532532.5059204102,1063.6689287968743,False,545225.1549457759,1758.8465673379596,False,False,0.6657070517580045,25.284247430926108,False,False
2MASS J03320626-2745426,53.02604603951001,-27.76189579819,2025071900586,-1,i,20250719,i_39,0.2877693029514426,53.02610927393022,-27.76195288345238,745548127170725672,745548127170724079,2841.444207508126,552.2692778916137,0.006426602,0.006708727,53.02610927393022,-27.76195288345238,3.7269234e-07,3.577949e-07,452002.0230172561,1050.7580701334978,436045.1427107384,747.6512541476305,False,451516.81609625625,889.8735763568841,False,460736.9072777901,1152.3383029276358,False,464973.6958830751,1590.4519867804818,False,467454.9895237604,2163.7134273223337,False,2.014912602128606,33.436763637879025,445766.1898266212,725.8588055991921,0.0,0.0006307011062834,False,734087.8125,1446.7796630859375,False,749078.0771484375,1873.501659073921,False,760000.5104318261,3517.8217070021983,False,False,3.2758974455559278,54.36236215569309,False,False
2MASS J03320626-2745426,53.02604603951001,-27.76189579819,2025071900587,-1,i,20250719,i_39,0.3060414954556292,53.02611716368665,-27.76195294605194,745548127304943284,745548127304941785,2840.0323478338446,550.8347421413978,0.007323984,0.0071328734,53.02611716368665,-27.76195294605194,3.9711816e-07,4.068336e-07,450230.92371690215,1054.6322081254546,432304.8971632968,747.8526082800427,False,450326.9236926674,891.1800818137723,False,461732.7296812022,1150.505212400015,False,465855.4635659684,1591.372759152502,False,469735.9468140977,2164.537570524089,False,1.2099393011095807,33.116383022626124,446537.956736131,738.0189881417647,0.0,0.0010309871008024,False,727098.125,1438.89990234375,False,745513.9462890625,1857.606415977208,False,758435.9455414712,3494.86367840224,False,False,1.9535687317709252,53.46973217831915,False,False
2MASS J03320626-2745426,53.02604603951001,-27.76189579819,2025071900588,-1,i,20250719,i_39,0.2564080122704393,53.02610415224339,-27.761945078549605,745548127439161051,745548127439159515,2840.364261505562,550.8508428143656,0.006971594,0.00729208,53.02610415224339,-27.761945078549605,4.0514703e-07,3.8820482e-07,452244.3761151418,1054.813647502362,432937.5585224709,746.5058908411261,False,451260.0039972939,889.5319503718066,False,461822.2377662559,1150.2121886169566,False,466406.2751301787,1588.3555835644138,False,466355.93373907,2159.6345632647563,False,1.7993060875027878,32.793810603420404,450131.8933535573,741.9470096153318,0.0,0.0025738008457425,False,730766.0,1440.499267578125,False,747870.3771972656,1862.64227447886,False,755212.1997428536,3497.2909127310936,False,False,2.913778532759015,53.10597346793186,False,False
2MASS J03320626-2745426,53.02604603951001,-27.76189579819,2025071900589,-1,i,20250719,i_39,0.2733421935772762,53.02610857023157,-27.761947792372293,745548127573378763,745548127573377235,2837.561258251482,550.252546428993,0.0070872013,0.0075335316,53.02610857023157,-27.761947792372293,4.1824575e-07,3.9487026e-07,450598.7279299122,1056.5119718664128,433311.9052483373,747.3340499687529,False,453813.3523114487,891.5222094363844,False,469661.73725337314,1154.9551025340668,False,477407.6051028929,1594.5876213576566,False,487241.0364175472,2169.265846570712,False,4.332846890449129,33.68901271109331,453229.1897391154,749.9151102159321,0.0,0.0003634222477526,False,733689.6875,1441.3428955078125,False,759312.1081189513,1867.2404501514104,False,787732.9345325828,3507.098178069048,False,False,7.005005614857424,54.4657425399469,False,False
2MASS J03320626-2745426,53.02604603951001,-27.76189579819,2025071900590,-1,i,20250719,i_39,0.2655889301692469,53.02610256264904,-27.76195002942028,745548127707596536,745548127707594981,2838.3603731975068,548.2206544918059,0.007237408,0.0066032344,53.02610256264904,-27.76195002942028,3.6851708e-07,4.013179e-07,453346.9329157142,1049.7628192231402,436398.7096794269,746.2319824037427,False,453408.7484960126,887.5383620689942,False,463800.7085263413,1146.421451428624,False,468789.5152633808,1581.6585398818142,False,470680.3841557618,2151.204378384425,False,1.230204270314013,32.6739351834307,451987.8489254822,738.2711461085105,0.0,4.337903153484035e-05,False,734905.0,1438.5615234375,False,751748.7495117188,1858.1707114316127,False,762899.6327604651,3486.7674233032785,False,False,1.9939696185263849,52.95936264050783,False,False
2MASS J03320626-2745426,53.02604603951001,-27.76189579819,2025072100524,-1,g,20250721,g_6,0.2423685227245262,53.02608828953411,-27.76195178781812,745556914942247311,0,1087.6861131372368,1316.2208783452295,0.011938057,0.008586363,53.02608828953411,-27.76195178781812,5.426137e-07,6.1266354e-07,270191.0024020276,541.9388608562429,250033.29929571663,426.0489411548614,False,270720.8119841196,480.7239146505428,False,280250.5016773169,571.9140865827676,False,284273.6420164925,731.0145155870067,False,287088.08594929083,949.9222432101448,False,0.6248776913121498,13.910201412839523,271217.4283751191,484.2827079739558,0.0,0.0001591611827514,False,504717.75,896.236572265625,False,522484.4060058594,1066.2467686093237,False,535232.0411946476,1770.9854434689755,False,False,1.164989348520288,25.933453389416627,False,False
2MASS J03320626-2745426,53.02604603951001,-27.76189579819,2025072100525,-1,g,20250721,g_6,0.2814711832292502,53.02610949182085,-27.76195020849121,745556915076465009,0,1086.7291448092883,1316.031249990711,0.011805136,0.009600866,53.02610949182085,-27.76195020849121,5.749778e-07,6.213502e-07,270658.47576333804,547.6593227888671,249132.79080605175,428.80100381213657,False,270717.22418207175,484.81217840373705,False,280534.8407766232,576.325122948987,False,283836.6326797033,738.0796257574981,False,287027.2727561823,960.0716716723744,False,0.3753676897724162,13.843477263103765,270587.02260156506,486.8725928391531,0.0,0.0008074904888052,False,498424.0625,892.5994873046875,False,516499.5150756836,1061.0861941604878,False,528452.8894224167,1767.611293784096,False,False,0.6910985787213076,25.487562520078125,False,False
2MASS J03320626-2745426,53.02604603951001,-27.76189579819,2025072100526,-1,g,20250721,g_6,0.2661847462595457,53.0260954779724,-27.761955407741368,745556915210682752,0,1087.348767321326,1315.4544666875563,0.011763508,0.009729003,53.0260954779724,-27.761955407741368,5.790054e-07,6.215984e-07,270377.9025160937,542.0905317233503,247032.31045695243,423.8739464119173,False,270565.9107402082,480.3489079979588,False,280868.0252320053,571.6995814637017,False,284563.1925890073,731.432816892087,False,286677.9404617652,949.9108890819992,False,0.3021853395784325,13.896860242896006,270769.44503281545,485.60788318445833,0.0,3.646873918849991e-06,False,504186.40625,895.1068115234375,False,523383.8952026367,1065.3343454991937,False,534210.389465332,1770.1127097413848,False,False,0.5631076729757599,25.8961227039124,False,False
2MASS J03320626-2745426,53.02604603951001,-27.76189579819,2025072100527,-1,g,20250721,g_6,0.2774469397712283,53.026107530899125,-27.761950376356587,745556915344900530,0,1076.5912063624196,1313.5921266402706,0.0106710745,0.0087428745,53.026107530899125,-27.761950376356587,5.2206747e-07,5.626147e-07,271082.3299191483,533.2332584492349,254442.3684699188,425.128148502068,False,270697.3895039098,476.0269530632695,False,277879.3727132643,564.8873989141201,False,280266.4741388903,720.968933519829,False,282498.45863313484,935.909675778212,False,0.3818555435958047,13.738702991451609,269577.9232271168,478.1225872694086,0.0,0.0009201863852735,False,511473.5625,899.4368286132812,False,525043.6768798828,1067.3356357941184,False,533771.2835083008,1768.3696799801908,False,False,0.7215031352952866,25.958814660330024,False,False
2MASS J03320626-2745426,53.02604603951001,-27.76189579819,2025072100528,-1,g,20250721,g_6,0.2314015010243594,53.02607922006341,-27.761952978679588,745556915479118287,0,1069.0390948987813,1313.2816671870598,0.0098652635,0.008247016,53.02607922006341,-27.761952978679588,4.8856725e-07,5.2259213e-07,270839.90518521675,529.3101396817902,257080.8471900056,424.87017978582367,False,271119.3359521937,473.7426952917625,False,277578.1186105001,559.8319137304823,False,280459.4113860533,714.4574399633582,False,281793.25236888224,927.2955114760092,False,0.4199688493090436,13.629650132216993,268141.50907189515,473.2616328514396,0.0,0.0026697083587551,False,516193.6875,901.9754638671876,False,528490.7921142578,1065.8837700151178,False,536516.1342773438,1765.5107032107892,False,False,0.7995935376523371,25.94997268038648,False,False
2MASS J03320626-2745426,53.02604603951001,-27.76189579819,2025072100529,-1,g,20250721,g_6,0.2791605002441933,53.02610897409322,-27.76194975892381,745556915613337199,745556915613336033,1061.9375519177654,1313.3233295577554,0.009776356,0.00863021,53.02610897409322,-27.76194975892381,5.006428e-07,5.2493243e-07,269621.3286218689,531.6189023326651,255035.0321348104,424.4022143642242,False,270020.0413632384,474.1193074479588,False,277747.1019110899,561.7263242300878,False,281403.4401252797,716.6542403482557,False,283622.8529911322,930.8608017854071,False,0.7753738356253302,13.416379865718504,267671.17088015727,478.3292102765719,0.0,0.006331594968173,False,511890.71875,898.8120727539062,False,526539.3002319336,1064.8931479279536,False,537678.2602453232,1764.6801418015257,False,False,1.4699155959474313,25.43411332659944,False,False
2MASS J03320626-2745426,53.02604603951001,-27.76189579819,2025072100530,-1,i,20250721,i_39,0.2832650531999524,53.02610875938209,-27.761951574636612,745556915747555490,745556915747553919,1066.483072583048,1313.81263370919,0.006100605,0.0064809676,53.02610875938209,-27.761951574636612,3.53975e-07,3.457841e-07,450205.8694283925,978.391162083704,436221.3645626095,714.0854683694913,False,450993.9461361526,837.3896879909353,False,460537.1655047025,1066.8797003164632,False,463602.5780331321,1454.6606606906862,False,464615.8324247311,1968.4020481079704,False,1.3148928255515044,30.32642795668487,448192.1701650738,721.5452094821358,0.0,0.0058470353301343,False,724124.0625,1344.528076171875,False,739446.8286650181,1713.001403701127,False,745995.6102728844,3160.502042036177,False,False,2.111215777390971,48.69266295312662,False,False
2MASS J03320626-2745426,53.02604603951001,-27.76189579819,2025072100531,-1,i,20250721,i_39,0.2834255642556755,53.02611094946467,-27.76194964201588,745556915881773093,745556915881771623,1066.775981261265,1314.0034872021065,0.006922746,0.006678279,53.02611094946467,-27.76194964201588,3.7569185e-07,3.8063047e-07,451918.5449262451,983.1449436057854,434029.2189886495,714.9082548955558,False,451547.8152147218,840.1288002037633,False,461149.9468324762,1067.695037793604,False,464900.8206507007,1460.893148149369,False,467614.746585959,1974.7197954184471,False,1.2065318171382446,30.551171602579995,454818.92457025824,732.7403935135357,0.0,0.0022142218808136,False,723132.0625,1345.42578125,False,738509.4134851694,1709.8621425807578,False,748862.4787018895,3162.418575409294,False,False,1.932202553087685,48.92622882531183,False,False
2MASS J03320626-2745426,53.02604603951001,-27.76189579819,2025072100532,-1,i,20250721,i_39,0.2662804168584705,53.0261046915923,-27.761948499270623,745556916015990641,745556916015989271,1067.268353164067,1315.8939308155154,0.008297426,0.0077543366,53.0261046915923,-27.761948499270623,4.4063066e-07,4.5209325e-07,450953.95059866825,1000.9644055627772,427920.0390949802,718.2241637583136,False,451933.3112980108,848.4929267733551,False,467362.8656944216,1084.3350236857837,False,472850.1273177908,1480.935649352834,False,475106.34770125145,2002.9602854535824,False,0.3175738095906169,30.21257507075236,448151.3737381035,740.1196478045784,0.0,0.001641355514892,False,715344.375,1343.040283203125,False,739767.1043503284,1716.343850780294,False,752023.9045419097,3170.3933693942804,False,False,0.502672922439583,47.822090319154256,False,False
2MASS J03320626-2745426,53.02604603951001,-27.76189579819,2025072100533,-1,i,20250721,i_39,0.2879040988154485,53.026111403053264,-27.76195102789137,745556916150208449,745556916150207021,1068.609866528742,1318.9218713239682,0.0070769717,0.0071913265,53.026111403053264,-27.76195102789137,3.9807907e-07,3.9537665e-07,452056.1234568129,991.0251974878016,432638.34128238354,717.0601582084415,False,451146.6192358992,843.9302114998212,False,461495.713076429,1076.5937933414486,False,465174.9150688722,1470.5187123522317,False,464746.9157936314,1987.998424480324,False,0.310269949498155,30.64355538114041,446654.3105033101,727.2850764035003,0.0,0.0011973536124205,False,718918.8125,1344.833984375,False,735410.4760458469,1715.592001475684,False,740591.3877428174,3167.948967455188,False,False,0.4944266323561072,48.83163811068726,False,False
2MASS J03320626-2745426,53.02604603951001,-27.76189579819,2025072100534,-1,i,20250721,i_39,0.2650631661364594,53.026104588789146,-27.761948113891663,745556916284426218,745556916284424760,1057.6130472899576,1271.6042006018956,0.006907526,0.006633235,53.026104588789146,-27.761948113891663,3.7390623e-07,3.791056e-07,449813.4370876775,981.8077788382668,433000.0771090886,713.6445780358498,False,449382.4773077561,838.4255940348481,False,459059.72299618,1071.2390873973898,False,464830.22286326863,1461.8007625045227,False,466327.1912906075,1975.553847475491,False,1.812150939706936,30.79232922363391,452749.620501872,727.7466954065866,0.0,0.0005397666029591,False,720602.1875,1344.4478759765625,False,736120.0253423452,1717.773319375351,False,747773.6919070184,3167.8770221384198,False,False,2.9058541380079315,49.37669116451729,False,False
2MASS J03320626-2745426,53.02604603951001,-27.76189579819,2025072100535,-1,i,20250721,i_39,0.2768309803692318,53.02610849342691,-27.7619492679606,745556916418644020,745556916418642508,1055.8135549701733,1271.9040894742343,0.0069009564,0.006317022,53.02610849342691,-27.7619492679606,3.6222107e-07,3.734526e-07,453091.981941962,978.287549383587,435468.0828813757,713.1256158006604,False,452420.2294147542,836.9717419388288,False,461814.3026954759,1064.2689327098828,False,465436.15686408326,1452.785457012022,False,466407.8231779036,1962.584413841367,False,1.2483463897311535,29.86075454214476,453084.0997100935,722.2425826918621,0.0,0.0038969275274753,False,726611.3125,1344.2218017578125,False,741698.701331079,1709.2733608522483,False,749076.1432086229,3152.0165194160822,False,False,2.004911694312512,47.9579838376709,False,False
2MASS J03320626-2745426,53.02604603951001,-27.76189579819,2025072200465,-1,r,20250722,r_57,0.2639264442298701,53.02610311817368,-27.761948936547004,745561305069912292,0,3808.256700024189,1776.7726843542769,0.01882383,0.016885484,53.02610311817368,-27.761948936547004,9.396504e-07,1.0463599e-06,396698.6190871118,1759.9483695204249,358318.3791042371,1164.1031982871932,False,397644.50903133233,1436.5566588108074,False,419482.99261237,1907.375402113558,False,428763.4968175632,2670.7276065020565,False,435958.38163178327,3656.493804684222,False,2.362594508559604,55.89677025812124,397419.07372406777,1221.1202622263631,0.0,0.0001354071408872,False,267643.65625,966.9070434570312,False,282342.54296875,1283.8022778349548,False,293431.6772460937,2461.0860925129664,False,False,1.5901978227926183,37.6225890831326,False,False
2MASS J03320626-2745426,53.02604603951001,-27.76189579819,2025072200466,-1,r,20250722,r_57,0.2916771551760242,53.02610969540188,-27.76195403539202,745561305204129986,0,3807.382912244855,1775.803488754038,0.02109884,0.02049349,53.02610969540188,-27.76195403539202,1.1401969e-06,1.1729437e-06,385856.14205889567,2217.368472894501,352199.9374427365,1439.8864964528043,False,388764.41878814856,1800.5827839695091,False,407697.9505393353,2421.214294785694,False,420203.5716010824,3432.367874464266,False,428054.3213312969,4726.702904349413,False,1.3924774442698542,72.99194363374946,386506.7257870222,1472.6364576752414,0.0,0.0002765637916597,False,200384.40625,928.0908813476562,False,210143.4899902344,1247.9886672165644,False,220635.96069335935,2436.3277842161456,False,False,0.7177374070300038,37.6229062620384,False,False
2MASS J03320626-2745426,53.02604603951001,-27.76189579819,2025072200467,-1,r,20250722,r_57,0.2799730192724665,53.02610945332502,-27.761949644291217,745561305338347696,0,3807.949926433644,1774.9784491338444,0.020007584,0.019712884,53.02610945332502,-27.761949644291217,1.0968151e-06,1.1123669e-06,390170.1528062909,2220.6963140577923,347761.8864878804,1429.5698735959134,False,391185.40057882207,1791.955049797377,False,412870.0282073675,2397.347758993371,False,418629.67867870897,3402.4832277457845,False,421537.5750583194,4692.49241506826,False,0.5725010416799933,72.83580035892928,391517.4112606796,1504.910351204079,0.0,0.0003011140531443,False,202726.46875,928.6561279296876,False,213964.2296142578,1242.3925965215672,False,218456.06689453125,2431.8198366691518,False,False,0.296690813010277,37.74615459446444,False,False
2MASS J03320626-2745426,53.02604603951001,-27.76189579819,2025072200468,-1,r,20250722,r_57,0.2771029808236456,53.02610599600865,-27.76195156576856,745561305472565505,0,3805.28327183914,1760.5232892176791,0.018049724,0.016372152,53.02610599600865,-27.76195156576856,9.1118613e-07,1.0034155e-06,394823.1729339007,1627.0614893653806,359472.02608883096,1090.9448303074878,False,392131.7975343648,1336.2933325280694,False,408045.6298582618,1763.6184828665746,False,413709.9500355768,2465.214061943372,False,415746.1700460462,3370.6655860021588,False,1.062606610209711,51.91296545993403,393511.337720228,1129.4694960330437,0.0,1.4579049977148095e-05,False,285361.8125,972.4462280273438,False,296942.61279296875,1283.418916787031,False,302546.4432373047,2452.8978445535454,False,False,0.7732791632062191,37.77805831876829,False,False
2MASS J03320626-2745426,53.02604603951001,-27.76189579819,2025072200469,-1,r,20250722,r_57,0.2733579449806805,53.02610581003777,-27.761950281137075,745561305606783168,0,3804.125793726868,1747.2753283605866,0.018131059,0.016974622,53.02610581003777,-27.761950281137075,9.4455487e-07,1.0079297e-06,397427.4950354684,2177.774117187492,367826.2226329405,1428.6913686965663,False,396563.4446432679,1775.6377812223702,False,409534.7336101056,2381.57683759975,False,416604.93037143553,3370.251944411993,False,419089.6978423122,4637.033923000249,False,1.40282101317236,72.46653310484895,397453.0200719845,1407.7508898550984,0.0,0.0006966246118955,False,207855.203125,930.6847534179688,False,214653.9888916016,1248.2823215901649,False,219662.1384277344,2430.4600965672857,False,False,0.7352761596653363,37.98268892843252,False,False
2MASS J03320626-2745426,53.02604603951001,-27.76189579819,2025072200470,-1,r,20250722,r_57,0.2733574548726705,53.02610709988621,-27.761949149221486,745561305741001556,745561305741001001,3802.7333429174314,1733.4579077790029,0.013317101,0.015042421,53.02610709988621,-27.761949149221486,8.3672757e-07,7.405927e-07,396758.6514085107,1567.0360807324937,373178.7611830082,1071.153509245044,False,398080.0197003135,1301.4904657369095,False,412803.8246378848,1711.3017473898794,False,420846.50580607424,2386.7689343758498,False,425891.6828374902,3261.062650241284,False,1.7241787281798964,50.68152321588933,395938.4094227053,1067.566276844746,0.0,0.0001914206681944,False,299079.46875,977.816162109375,False,310141.53552246094,1285.7093854286422,False,319974.50749719143,2450.052343066296,False,False,1.29538392417259,38.0772766497053,False,False
2MASS J03320626-2745426,53.02604603951001,-27.76189579819,2025072200474,-1,z,20250722,z_20,0.2792132985582854,53.02610994534561,-27.761948878984164,745561306277872530,745561306277871918,3794.996246270662,1701.9863177909672,0.014921438,0.016778702,53.02610994534561,-27.761948878984164,9.330606e-07,8.295426e-07,451562.94258364814,3359.887589448428,431233.3605258599,2096.242481103763,False,452288.46423809446,2706.1556474344893,False,465776.908290131,3738.10962747525,False,469691.4260617108,5436.051040551328,False,466492.0486184226,7584.818922663304,False,-2.646577894113475,122.26206198306214,453184.28948191775,1667.1029268633886,0.0,4.537706047136325e-06,False,278531.6875,1666.525146484375,False,286838.24267578125,2302.0308164494263,False,287278.6457773149,4670.940297958201,False,False,-1.6298355258505284,75.2923435682525,False,False
2MASS J03320626-2745426,53.02604603951001,-27.76189579819,2025072200478,-1,z,20250722,z_20,0.2764853946101739,53.0261090090524,-27.76194865291545,745561306814742916,0,3783.600865761284,1609.4225490497322,0.009022041,0.012192939,53.0261090090524,-27.76194865291545,6.7794315e-07,5.016627e-07,464664.5286690919,2729.9384250601893,448891.76950784144,1729.9102069937308,False,464360.0744873539,2211.2432387012545,False,473663.4420815452,3060.9219098835733,False,477691.6382039306,4416.102967423801,False,473985.7549691476,6125.0622223201935,False,2.368075329784083,95.48496385929135,460522.5939855708,1308.6004464481207,0.0,0.0007578034807347,False,348120.59375,1657.720703125,False,355095.125,2294.7062231123678,False,355336.7559238672,4591.825212242421,False,False,1.7752942923856228,71.58298944970784,False,False
2MASS J03320626-2745426,53.02604603951001,-27.76189579819,2025072200479,-1,z,20250722,z_20,0.2719715258004344,53.02610925412954,-27.76194657597507,745561306948960573,0,3783.782682810003,1609.596875014381,0.010326296,0.013386718,53.02610925412954,-27.76194657597507,7.4418574e-07,5.74102e-07,458807.2718821116,3379.022185307376,443932.2287897609,2117.045326108672,False,456770.1439718542,2726.968650885089,False,465700.5459920388,3786.5822626168433,False,464264.407948988,5487.415387503675,False,464337.6497864575,7638.957731746955,False,1.009003130998061,120.46947723802668,458826.8037796848,1518.733334982982,0.0,0.0006067072953829,False,272169.71875,1624.883544921875,False,277490.9619140625,2256.2618048513896,False,276678.87057697773,4551.726956831965,False,False,0.6012216472680262,71.78258949397014,False,False
2MASS J03320626-2745426,53.02604603951001,-27.76189579819,2025072200480,-1,z,20250722,z_20,0.2755284638165456,53.02611048384871,-27.76194684447944,745561307083178330,0,3786.7032789041264,1608.8417250690934,0.010337547,0.012472623,53.02611048384871,-27.76194684447944,6.935946e-07,5.7472806e-07,457042.7175132457,3260.178545353519,442575.11395461054,2042.319754780176,False,456020.5902684539,2626.6269423026424,False,463026.7120901814,3646.597690533047,False,465225.25776465447,5279.403268346367,False,471586.5087955672,7340.35744122962,False,2.743327765299303,116.9381985650782,456820.9905613818,1476.4417868236876,0.0,0.0002815649762069,False,282353.0625,1626.3216552734375,False,286691.0244140625,2257.854245180691,False,291990.9710956812,4544.909698388286,False,False,1.6985789951228942,72.40431505219033,False,False
2MASS J03320626-2745426,53.02604603951001,-27.76189579819,2025072200481,-1,z,20250722,z_20,0.2943630347183565,53.026111756012114,-27.761953281053103,745561307217396058,0,3790.814176627584,1605.4539706296146,0.009909076,0.011783938,53.026111756012114,-27.761953281053103,6.553103e-07,5.5087213e-07,457029.9934345192,3123.1990679831983,443492.84016012994,1964.0959355921848,False,456524.4617807487,2521.854118668528,False,462363.3021921767,3498.892445098159,False,466407.6330889184,5057.686933433944,False,471441.9318337404,7037.857961542857,False,1.3566753910108638,112.8737725680022,455531.3480731163,1418.4812186968047,0.0,5.756688483293804e-05,False,294067.8125,1624.43896484375,False,297828.87060546875,2253.793024560728,False,303676.8217728138,4533.3989056441205,False,False,0.873895262810144,72.70704237451362,False,False
2MASS J03320626-2745426,53.02604603951001,-27.76189579819,2025072200482,-1,z,20250722,z_20,0.2798276157254849,53.026110736752585,-27.761948375513068,745561307351613809,0,3794.5492610105225,1602.542166075123,0.0092101265,0.010913684,53.026110736752585,-27.761948375513068,6.0679184e-07,5.1195406e-07,458125.2439939368,2735.550740142267,443759.5997775873,1736.170020287436,False,458739.3470905941,2219.457426597396,False,467389.95345435856,3070.188776639497,False,473094.2065265421,4436.16457194131,False,480083.79645864817,6151.261222172176,False,5.4722588341590015,97.54057632093492,465635.8519708622,1321.963990460233,0.0,0.003696713201571,False,339339.4375,1641.78076171875,False,345738.478515625,2271.085179614892,False,355128.38930507004,4550.221244996552,False,False,4.047948462269579,72.1528783438654,False,False
2MASS J03320626-2745426,53.02604603951001,-27.76189579819,2025072300437,-1,g,20250723,g_6,0.2782420980862872,53.02610941010708,-27.761948987837552,745565699358326846,0,1701.9703198944903,782.2667533131763,0.024964819,0.0222892,53.02610941010708,-27.761948987837552,1.2912028e-06,1.3404142e-06,275087.82171461533,1360.795247337637,243341.4765067717,919.2495139361154,False,275257.10513687256,1119.7989151582058,False,291307.7796373085,1453.4708617432373,False,297166.91173620994,2008.4707693025716,False,303079.216232918,2730.01337640229,False,1.568143930009476,42.33590210886175,275301.3632623145,1007.7950551098838,0.0,0.0013561137478992,False,167138.828125,679.9529418945312,False,176884.9559326172,882.5618376855342,False,184032.68829345703,1657.6910386039292,False,False,0.9521924553511044,25.70677716955323,False,False
2MASS J03320626-2745426,53.02604603951001,-27.76189579819,2025072300438,-1,g,20250723,g_6,0.2731944114773228,53.02610938650802,-27.76194695193422,745565699492544575,0,1691.7529808571926,774.3163669442964,0.023580618,0.02094078,53.02610938650802,-27.76194695193422,1.2154312e-06,1.2642589e-06,269353.87392384326,1278.0827723223406,238761.3216907789,869.9776496465033,False,267956.1579891457,1055.0495421279206,False,281676.56473582634,1367.394352819401,False,288641.19378725195,1885.578375816888,False,289641.9260112416,2557.84897553545,False,0.0309340737346491,38.88572276134903,268876.3247176255,952.2254568831602,0.0,0.0021187322606944,False,173488.703125,683.09375,False,182372.0054931641,885.3219672626301,False,187529.19317626956,1656.0839836091047,False,False,0.02002832244973,25.176632112399567,False,False
2MASS J03320626-2745426,53.02604603951001,-27.76189579819,2025072300445,-1,i,20250723,i_39,0.2797862553795746,53.02611023030047,-27.76194884252847,745565700432068834,0,1665.672599977103,748.3293112290262,0.007907169,0.007245057,53.02611023030047,-27.76194884252847,4.1532445e-07,4.274593e-07,448418.4062255997,1634.9763994488133,436049.31732261024,1088.5896465307976,False,448083.0298250862,1348.2444835093654,False,455555.67194921937,1817.104706735949,False,462773.96565844514,2579.5286373106687,False,467934.5153940994,3556.839535234832,False,4.34449000573943,54.95753010274381,448668.0629905002,937.7975336408762,0.0,1.3948367319494004e-05,False,508843.6875,1531.0682373046875,False,517329.6298828125,2063.506533398648,False,531387.0610422492,4039.151729672024,False,False,4.933608656615056,62.40984463144868,False,False
2MASS J03320626-2745426,53.02604603951001,-27.76189579819,2025072300446,-1,i,20250723,i_39,0.2604753562216803,53.02610214820229,-27.76194842908502,745565700566287663,745565700566286553,1665.7268662494257,747.8896641369502,0.008710594,0.007900491,53.02610214820229,-27.76194842908502,4.545953e-07,4.6954315e-07,449364.90709744033,1556.3284577386808,431592.2124133181,1034.8918973077834,False,448311.5515610737,1280.3247386882915,False,458903.2137571572,1719.5148347504216,False,460593.34971622354,2436.3742116745693,False,464407.8534407145,3356.570897687425,False,0.9137414893668098,53.559991153547,444961.1339906122,917.5045932868846,0.0,0.0014372850169126,False,541188.5,1545.5703125,False,553974.4426250458,2075.747660094712,False,560619.4815115333,4051.953519684498,False,False,1.103041811651429,64.65604370770399,False,False
2MASS J03320626-2745426,53.02604603951001,-27.76189579819,2025072300447,-1,i,20250723,i_39,0.2753175296109287,53.02610686373842,-27.76195012914068,745565700700504291,0,1664.3441851909204,743.9372016327301,0.00747483,0.0074026487,53.02610686373842,-27.76195012914068,4.12799e-07,4.1397098e-07,447391.30008116784,1613.1979523081225,435737.6206290919,1075.371327516805,False,448674.2763882508,1331.2865096480232,False,458479.8631131021,1791.6188915353505,False,461552.6669525874,2542.111291884208,False,462986.2343703852,3501.235200118801,False,2.8541472412024333,53.83079191140381,445754.2787771654,921.5661647414254,0.0,0.0005173035314537,False,518336.0625,1537.98388671875,False,529664.078125,2069.7881082343383,False,534870.1147903204,4044.841799545392,False,False,3.2972860728925166,62.18863480479347,False,False
2MASS J03320626-2745426,53.02604603951001,-27.76189579819,2025072300448,-1,i,20250723,i_39,0.2631855400371661,53.02610462293764,-27.761947346891823,745565700834722828,745565700834721955,1664.382350476288,743.9896957306523,0.015904322,0.013145276,53.02610462293764,-27.761947346891823,7.848685e-07,8.359154e-07,450121.2875983918,1679.777510978538,400770.9920046036,1060.0588105680154,False,448565.8182723392,1331.4582517704512,False,481908.9532232943,1798.6232672143915,False,495840.55133431416,2547.06558541804,False,498763.6376570709,3509.4630192393865,False,0.0062020164922922,54.49927695329772,446354.1762717383,1082.770407655926,0.0,0.0037726620319692,False,516486.65625,1533.064697265625,False,554878.5344944,2070.966799732845,False,574285.3177372217,4040.85809975716,False,False,0.0071411120277705,62.75143618848317,False,False
2MASS J03320626-2745426,53.02604603951001,-27.76189579819,2025072300449,-1,i,20250723,i_39,0.2727549161110806,53.02610802618441,-27.761948063800013,745565700968940583,745565700968939676,1664.3271556137938,741.5266520209988,0.015135731,0.013628817,53.02610802618441,-27.761948063800013,7.8634207e-07,8.1412867e-07,450230.66369905614,1582.101160281997,399427.727108042,1002.189480053118,False,448035.2295577896,1255.162969149198,False,481465.54834478727,1692.497121081854,False,493159.4111843591,2395.5729546531898,False,499340.84648088703,3293.888065126772,False,0.794332946105897,50.75243150565812,445613.2427523444,1032.697275797614,0.0,0.0002468241033782,False,549827.375,1540.3319091796875,False,590852.9533729553,2077.0269565586973,False,612789.4610471725,4042.2487092812025,False,False,0.9748028052715628,62.28321870395234,False,False
2MASS J03320626-2745426,53.02604603951001,-27.76189579819,2025072300450,-1,i,20250723,i_39,0.2741273654401137,53.026108288154205,-27.76194837312456,745565701103158642,745565701103157469,1666.2432606739012,743.3669687323277,0.008684392,0.0074855,53.026108288154205,-27.76194837312456,4.3929515e-07,4.6149185e-07,448646.8999636861,1559.4432301903323,432595.6054482883,1038.661991161298,False,448483.3958178223,1283.557857401974,False,458149.2143363132,1723.5987156484478,False,464405.7839884672,2441.0961037964444,False,464029.2066488812,3361.8385686898087,False,2.1275072432290183,52.20550939740989,447329.67323302286,924.1142963552438,0.0,0.0010057212086767,False,533911.3125,1528.05224609375,False,545418.2933597565,2051.9128714165145,False,552418.3170894384,4002.207571919586,False,False,2.5327586153202293,62.14970788667612,False,False
2MASS J03320626-2745426,53.02604603951001,-27.76189579819,2025072800366,-1,z,20250728,z_20,0.2750396109573829,53.02610873914428,-27.76194832109033,745587680061425157,745587680061423933,1990.7879967994395,880.7250214503753,0.010929984,0.009387942,53.02610873914428,-27.76194832109033,5.648418e-07,5.679439e-07,457708.609363446,1455.588543552107,439300.9498632244,991.8129421085154,False,457797.53092729655,1211.094920873639,False,467597.3545610804,1606.093912624938,False,474539.4763465099,2256.3687878990627,False,477818.2160089706,3095.449024654475,False,0.6048418284623779,48.27366927519467,458698.3810264201,939.4873769020478,0.0,0.0001116064612893,False,523255.65625,1384.26318359375,False,534456.7064964771,1835.7410590385136,False,546138.996598661,3538.051434010963,False,False,0.6913250651187832,55.17607411517241,False,False
2MASS J03320626-2745426,53.02604603951001,-27.76189579819,2025072800368,-1,z,20250728,z_20,0.2786070764780842,53.02610885804098,-27.76194964399073,745587680329860477,745587680329859346,1986.142445920032,877.9538095782701,0.012548937,0.011329682,53.02610885804098,-27.76194964399073,6.6342045e-07,6.657862e-07,455785.7897366248,1505.2692009663465,429765.0208743375,1015.2229982971788,False,454721.299412376,1246.702030209904,False,465790.94336284464,1655.0840349362536,False,469054.1452096923,2331.9224269774745,False,467699.6094562772,3200.913362388898,False,-2.1685237771489643,48.933602355965405,456986.9027821407,998.45590586127,0.0,0.0007948001605172,False,503132.65625,1379.4306640625,False,515380.8165445328,1831.290568289973,False,517492.68648052216,3541.694757923215,False,False,-2.399393055808431,54.143259541732505,False,False
2MASS J03320626-2745426,53.02604603951001,-27.76189579819,2025072800369,-1,z,20250728,z_20,0.2666720112769015,53.02610832503145,-27.761945289886253,745587680464078182,745587680464077078,1984.914272950055,877.8626745990565,0.012930849,0.011643871,53.02610832503145,-27.761945289886253,6.8276944e-07,6.8521126e-07,460317.15911752655,1498.4140785892564,430281.4026950509,1007.504525239314,False,459708.5748175191,1238.6629670012703,False,472658.6080883259,1642.9847412143456,False,476972.6019430741,2315.305789664241,False,474669.61403479753,3177.4009427334963,False,-1.2022004708998886,48.96861270572774,455386.9766391678,993.9978942117664,0.0,0.0093293788489445,False,516244.5,1390.996337890625,False,530787.1555367708,1845.0424523243107,False,533045.4792144299,3568.164378121736,False,False,-1.3500496075058763,54.99087545190309,False,False
2MASS J03320626-2745426,53.02604603951001,-27.76189579819,2025072800370,-1,z,20250728,z_20,0.2824407841676697,53.02611039060352,-27.76194976785745,745587680598296026,745587680598294807,1977.095915502157,879.0084866587312,0.011710992,0.010933906,53.02611039060352,-27.76194976785745,6.291437e-07,6.3052346e-07,461011.68775433296,1482.1572194347375,434116.309446532,1002.6397357110496,False,458390.769905551,1229.455684920487,False,467789.9808923727,1624.4845794314706,False,468211.4061647543,2291.262640153843,False,466002.6131291936,3146.038080468883,False,-2.798685118414614,47.91912245716993,459681.38063657255,966.4875555900854,0.0,0.0053566190185809,False,517803.65625,1388.8077392578125,False,528421.1165794134,1835.0370687539728,False,526402.0847323537,3553.801969232872,False,False,-3.161427939105635,54.13000968088122,False,False
2MASS J03320626-2745426,53.02604603951001,-27.76189579819,2025072800371,-1,z,20250728,z_20,0.2741134924598336,53.02610930066066,-27.76194741242841,745587680732513788,745587680732512556,1966.90382226716,881.0486355096642,0.011497624,0.010281867,53.02610930066066,-27.76194741242841,6.050903e-07,6.074371e-07,460985.98825971,1466.0812239191291,439863.1636869142,998.9683302842526,False,459976.6775009378,1221.0068015232323,False,469519.6371063617,1612.9297933167356,False,473439.01768888097,2273.9718692542274,False,467964.04334155616,3119.595905715945,False,-2.517776369652509,48.29496432497969,462263.8684785982,952.3591038988474,0.0,0.0029280389164749,False,522313.78125,1386.48046875,False,533150.0248241425,1831.517771325107,False,531383.6133925915,3542.3707617940945,False,False,-2.8589912495561656,54.84000964779907,False,False
2MASS J03320626-2745426,53.02604603951001,-27.76189579819,2025072800396,-1,r,20250728,r_57,0.2818521364175568,53.02610912820871,-27.76195068961237,745587684087957942,745587684087955933,1947.6479563709556,821.1879672037494,0.0063017453,0.0057777166,53.02610912820871,-27.76195068961237,3.3554767e-07,3.3661107e-07,393920.0907074018,614.3356674551443,377183.2135821888,498.749172804588,False,393684.3522647271,551.1708156530105,False,403625.3593338983,647.0950422037155,False,408578.54151625134,819.8412956444422,False,410173.00999674015,1059.3986682834004,False,1.8552649304270692,15.179307182043331,393524.3088960263,568.0655226072817,0.0,0.0002888745847571,False,792081.5,1108.939697265625,False,812082.5179362297,1301.9364593049013,False,825256.2011894882,2131.479398265893,False,False,3.732739237758456,30.54032585381703,False,False
2MASS J03320626-2745426,53.02604603951001,-27.76189579819,2025072800397,-1,r,20250728,r_57,0.2807694911741738,53.02610937636247,-27.761950033807704,745587684222175511,745587684222173624,1944.9485519124585,819.113934002281,0.007356247,0.005981969,53.02610937636247,-27.761950033807704,3.7129854e-07,3.7414105e-07,395062.2743500439,616.3201154484016,377681.2675711465,500.2054913363504,False,395315.65354522766,553.321924407377,False,406131.4398149554,648.9738196564083,False,410729.7160668024,822.588900601369,False,413584.4808686904,1062.603728596783,False,1.245929363740205,15.219129182735651,392630.445236632,565.2323470239652,0.0,0.0011480017034007,False,791258.5,1107.521728515625,False,812907.2324581146,1298.9772767038946,False,827825.1392794847,2126.893344201213,False,False,2.493835472028022,30.46240446195712,False,False
2MASS J03320626-2745426,53.02604603951001,-27.76189579819,2025072800398,-1,r,20250728,r_57,0.2794179414248011,53.02610809229624,-27.761950653975685,745587684356393241,745587684356391357,1943.5648859099024,818.1286295315184,0.0070095975,0.006174409,53.02610809229624,-27.761950653975685,3.6634742e-07,3.6806753e-07,392201.9298856913,616.5462596024978,374781.72873168095,498.3748305280408,False,392372.1007758276,551.5060836822097,False,403789.80774061015,648.2127932157786,False,409622.9047634784,821.3259917687999,False,411581.7616004799,1061.8000927483704,False,1.4542034851470451,15.425136268083005,391270.0751012683,566.1691035150689,0.0,0.0001120489525784,False,786091.0625,1104.9052734375,False,808965.6689807177,1298.6506490587765,False,824576.3234501481,2127.2449326055284,False,False,2.9133986857632044,30.90322103485207,False,False
2MASS J03320626-2745426,53.02604603951001,-27.76189579819,2025072800399,-1,r,20250728,r_57,0.2902761663335682,53.02611094465798,-27.761952392382405,745587684490611151,745587684490609117,1943.201355976549,817.5736895155409,0.006405974,0.0056574875,53.02611094465798,-27.761952392382405,3.3520112e-07,3.3672436e-07,395551.5157156058,614.2408816070002,378847.69278738153,499.6114890203727,False,394986.790642917,551.6579377422903,False,404631.590135928,647.4176163737806,False,408690.96212647954,819.0537124959745,False,411521.04427897336,1058.9634270561753,False,1.6022286279839912,15.20249998291016,393466.9525189612,571.1364630357369,0.0,0.0004471177238137,False,794433.75,1109.545166015625,False,813832.2575216293,1302.1458362055912,False,827688.9611379802,2129.8846098112544,False,False,3.222549531883953,30.57666574403665,False,False
2MASS J03320626-2745426,53.02604603951001,-27.76189579819,2025072800400,-1,r,20250728,r_57,0.2753527785263554,53.02610676807291,-27.7619502266324,745587684624829023,745587684624826868,1944.1577032417968,825.890989856847,0.00623711,0.005435788,53.02610676807291,-27.7619502266324,3.243886e-07,3.2605155e-07,393313.4541660699,611.226243644409,378383.56042180257,498.8815050332154,False,392894.82257464016,549.8342908278746,False,402050.9175577842,644.3489681535702,False,406480.3845521798,816.1294156539243,False,408373.8984195992,1054.198925235284,False,1.9190598096434868,15.268944778378282,392396.1512367312,568.7508011651506,0.0,0.0001865291828404,False,792254.875,1108.71630859375,False,810717.7319010496,1299.3009372728643,False,823467.7406170666,2125.745084306241,False,False,3.8696984593575023,30.789145699363043,False,False
2MASS J03320626-2745426,53.02604603951001,-27.76189579819,2025072800401,-1,r,20250728,r_57,0.2801502565839141,53.02610859776896,-27.761950492384177,745587684759046770,745587684759044610,1941.139352868464,832.7526095245764,0.006064669,0.0051117325,53.02610859776896,-27.761950492384177,3.1079423e-07,3.1278017e-07,393362.8474242795,610.437535368824,379784.6601380098,499.1766359354045,False,393394.7185406198,549.4389589618572,False,401650.09592562745,643.8054908173498,False,406324.277531094,814.6605780481406,False,407896.5536459907,1052.2207416396047,False,2.194388443667202,15.216259731571649,392563.29955617926,568.9248854793152,0.0,0.0003668819974054,False,794975.125,1110.310546875,False,811657.6562066078,1301.0071727370237,False,824280.5468378663,2126.3359068867776,False,False,4.434437335036981,30.749136711883978,False,False
2MASS J03320626-2745426,53.02604603951001,-27.76189579819,2025081000328,-1,i,20250810,i_39,0.2621304836903688,53.02610249310055,-27.761948773222564,745644849563173992,745644849563173051,1248.8319339265183,860.3187568048513,0.01255098,0.01079943,53.02610249310055,-27.761948773222564,6.6450343e-07,6.368376e-07,448478.66162095225,1615.1072847631078,419709.4859072965,1030.6908221302988,False,449365.3217472712,1303.6532899254014,False,467841.4151979442,1778.5609992888735,False,474970.2195101584,2547.2658766643326,False,477252.774698576,3523.65273229551,False,0.5322415464544445,55.78696429782958,447974.4853493808,967.8449906616756,0.0,0.0031959357687982,False,698271.375,2025.75439453125,False,726981.4835777283,2763.716233522102,False,741605.8495914936,5475.424380402656,False,False,0.8270532203726472,86.68768679312964,False,False
2MASS J03320626-2745426,53.02604603951001,-27.76189579819,2025081000329,-1,i,20250810,i_39,0.2773540635330387,53.02610521771457,-27.761952308090255,745644849697391640,745644849697390763,1249.404368148759,860.31056153135,0.016176421,0.011735074,53.02610521771457,-27.761952308090255,8.1882166e-07,7.5032403e-07,450424.1914577667,1617.913034347345,415432.7460764171,1029.602896094567,False,448822.4956400716,1303.9158915127082,False,467695.9572644187,1780.6161819668437,False,472193.5740245214,2552.446632528278,False,471351.2250925871,3529.3784556486994,False,-0.5202124603851819,54.66317187680999,446103.3201357644,982.4534006245284,0.0,0.0015538570165936,False,695917.0,2021.7730712890625,False,725181.0474147797,2760.915692825593,False,730848.6845004559,5472.440643192187,False,False,-0.8066099589718347,84.75740621856124,False,False
2MASS J03320626-2745426,53.02604603951001,-27.76189579819,2025081000330,-1,i,20250810,i_39,0.2694396888365697,53.02610495384934,-27.76194949971721,745644849831609393,745644849831608501,1250.2503254592195,861.2236313120966,0.011978235,0.013062526,53.02610495384934,-27.76194949971721,6.885115e-07,7.0467814e-07,447171.3415871994,1603.7914923146034,413352.37399599433,1021.9150382779496,False,446802.3608032668,1293.5851775509775,False,463192.68576126447,1766.923639152954,False,469140.6330372729,2528.145845920804,False,474542.9678109911,3495.3557446402906,False,0.3929122352909886,54.64593638155837,442243.6447220495,977.7263447349816,0.0,0.0013747235797003,False,697163.0625,2018.43115234375,False,722737.5225868821,2756.999522699281,False,740447.8081364036,5453.939211689537,False,False,0.6130762083636319,85.26617516625453,False,False
2MASS J03320626-2745426,53.02604603951001,-27.76189579819,2025081000331,-1,i,20250810,i_39,0.27912410359335,53.026108387263136,-27.761950275350152,745644849965827188,745644849965826239,1249.793340172713,861.571495503199,0.011764247,0.011930334,53.026108387263136,-27.761950275350152,6.5731206e-07,6.5957573e-07,449237.6154472432,1599.9891689278302,419205.8434948415,1022.712084133174,False,448753.9535753794,1292.2217885024645,False,466202.0747042601,1764.1786181972718,False,469660.1141811415,2521.2818253256683,False,471116.7025267836,3491.3636655965693,False,0.3114816204185557,53.40183958498167,444529.6844308302,949.5978582833428,0.0,0.0004426330434093,False,699350.125,2013.8328857421875,False,726541.7421329021,2749.342991473713,False,734200.8291551471,5441.034215969926,False,False,0.4854212613378764,83.2228504984382,False,False
2MASS J03320626-2745426,53.02604603951001,-27.76189579819,2025081000332,-1,i,20250810,i_39,0.2800619167559394,53.02611111587767,-27.761948104705095,745644850100044976,745644850100043974,1250.333194041423,840.3701198723406,0.01049841,0.011125909,53.02611111587767,-27.761948104705095,5.966544e-07,6.058319e-07,450568.8946585039,1590.5749909581698,423796.7162894981,1019.9228754371532,False,450805.4179821066,1287.1457679724376,False,465922.65562922775,1753.9705444143622,False,471280.8166620942,2511.959242342139,False,470659.33632799686,3474.458056161892,False,-0.2753849712034514,54.82869364171168,442268.7345016754,922.1604524229682,0.0,0.0188671652310539,False,704394.375,2011.1964111328125,False,728015.4246578217,2740.62142139162,False,735416.602876395,5428.924793958471,False,False,-0.4302956817678434,85.67116065883867,False,False
2MASS J03320626-2745426,53.02604603951001,-27.76189579819,2025081000333,-1,i,20250810,i_39,0.2868930864304463,53.02611420209198,-27.76194788298409,745644850234262793,745644850234261721,1243.3633889378038,825.0909754182235,0.00882394,0.009499168,53.02611420209198,-27.76194788298409,5.045624e-07,5.145746e-07,449593.62882806745,1578.0143689436875,426249.3811393569,1015.8086198451996,False,448942.7257646824,1279.365515866951,False,460959.7399033896,1744.608187600586,False,469403.1270859729,2493.5548658447765,False,470697.6871603399,3448.6169733725314,False,1.8696489756446968,53.85429293191935,446465.7647364801,893.9222332648018,0.0,0.0003819603736543,False,705836.875,2011.4444580078125,False,724730.2687888145,2742.908439240123,False,740040.4673203826,5421.985674032537,False,False,2.939500106763552,84.67081355122586,False,False
2MASS J03320626-2745426,53.02604603951001,-27.76189579819,2025081300305,-1,r,20250813,r_57,0.2714781130640818,53.026107470646906,-27.76194806446977,745658040616748182,0,1088.9844271569427,2556.878303976541,0.0035177225,0.0042752414,53.026107470646906,-27.76194806446977,2.2811085e-07,2.0662907e-07,397530.98530300666,924.8642422590892,391591.9308084537,658.3799307450818,False,396923.5964934466,786.2938881736852,False,399386.91695873305,1021.904157232031,False,402209.4374598418,1424.1007768486313,False,401482.7933810801,1943.4078810471185,False,4.395363771407796,29.61511340357973,396731.026627721,592.6168325187572,0.0,6.593946218058644e-05,False,803500.5625,1591.7108154296875,False,808487.1125488281,2068.661506675081,False,812729.8380989432,3934.08036051108,False,False,8.897624867652823,59.950480365735785,False,False
2MASS J03320626-2745426,53.02604603951001,-27.76189579819,2025081300306,-1,r,20250813,r_57,0.2914985875492299,53.02611109782508,-27.761952738422,745658040750965172,0,2170.7625672652885,959.4779574973924,0.0036154995,0.0043334123,53.02611109782508,-27.761952738422,2.3230716e-07,2.1080677e-07,395640.5073556684,923.20193715037,390969.0245754366,655.564927692309,False,395811.55829980737,782.6802612924022,False,400012.67035278754,1020.8527396029018,False,402073.70842062775,1418.592786716746,False,401167.0548119812,1936.6151831070315,False,4.727374668712233,29.447929878691745,392115.8250867894,585.446339587962,0.0,9.590095326350578e-05,False,803183.3125,1588.2197265625,False,811708.2355957031,2071.520822916196,False,814050.7198268771,3929.791753649394,False,False,9.592818517363469,59.75592518781398,False,False
2MASS J03320626-2745426,53.02604603951001,-27.76189579819,2025081300307,-1,r,20250813,r_57,0.2764770379576136,53.02610594975032,-27.761951364616493,745658040885183444,0,2876.6146446422745,2424.7944691285843,0.0043348325,0.005077514,53.02610594975032,-27.761951364616493,2.7393358e-07,2.50393e-07,396046.0500723746,926.700944538078,388334.728179553,654.3585205703135,False,396446.0653704572,783.3834557090089,False,401790.26839832886,1021.72923236173,False,406371.44172319217,1422.1297201308323,False,407133.2169367922,1942.0238208401197,False,3.801432668246936,29.81962762132564,392147.65347874205,598.410072204907,0.0,0.0005978868502946,False,802056.9375,1584.876708984375,False,812868.8876953125,2067.0781996449155,False,823678.2999112606,3928.942205138472,False,False,7.690744619088347,60.32860783976172,False,False
2MASS J03320626-2745426,53.02604603951001,-27.76189579819,2025081300308,-1,r,20250813,r_57,0.2804321780363932,53.02610928678076,-27.76194998098223,745658041023070856,0,1002.3444704127857,1543.560541716056,0.0038564743,0.004349535,53.02610928678076,-27.76194998098223,2.3652385e-07,2.2013545e-07,395880.4956419192,926.879345637661,388863.5932204828,656.3823165063901,False,395830.01305333705,784.6810467712606,False,400247.7402124308,1024.0966077600092,False,404305.7316349831,1425.9214466119613,False,405509.9640546364,1944.597181511024,False,5.135049538310644,30.931526102057024,398780.15917108976,606.8516809957786,0.0,0.0002423963926322,False,800497.5,1586.8812255859375,False,809431.5864257812,2071.0576440293926,False,820073.5208198726,3932.6102897024807,False,False,10.384746437203418,62.55364297639796,False,False
2MASS J03320626-2745426,53.02604603951001,-27.76189579819,2025081300309,-1,r,20250813,r_57,0.2801512635602669,53.026109427117134,-27.761949739903088,745658041158861170,0,603.7400105257768,910.052083879086,0.003857125,0.004570132,53.026109427117134,-27.761949739903088,2.4716712e-07,2.2229858e-07,396228.4322165409,923.9585468587672,389815.42819834605,654.1286024782692,False,396544.8286069458,782.1099953720554,False,401538.1011592692,1019.2909149385616,False,404256.69422073977,1418.4383394168842,False,405605.0217769003,1935.688035388452,False,4.526853709914929,30.7015129679552,396218.5766229591,596.3883618654356,0.0,6.520234545115411e-05,False,805008.375,1587.7274169921875,False,815145.0,2069.218065381126,False,823401.0783081055,3929.555922716441,False,False,9.189768434714388,62.3258034941428,False,False
2MASS J03320626-2745426,53.02604603951001,-27.76189579819,2025081300310,-1,r,20250813,r_57,0.2756512720660896,53.02610687827529,-27.761950246842293,745658041287836094,0,3354.442115100004,1093.0977395436587,0.0038325435,0.004182125,53.02610687827529,-27.761950246842293,2.2924038e-07,2.1650595e-07,398171.8562317424,927.7594401160012,391573.9854300486,657.5153174272433,False,398322.4538683467,785.5354200415394,False,402733.9480931604,1023.901084100116,False,405844.3557804956,1421.9299027714208,False,407165.1844808264,1941.630122577328,False,5.489813517358188,30.214388419156656,394622.29598756885,601.5100245942281,0.0,0.0001608586838877,False,805037.4375,1587.621826171875,False,813953.3747558594,2069.3754444228985,False,822909.2122986317,3924.1697857412105,False,False,11.095295691835716,61.06538457062983,False,False
2MASS J03320626-2745426,53.02604603951001,-27.76189579819,2025081300332,-1,z,20250813,z_20,0.2819241023660366,53.02611254316708,-27.76194746700232,745658044239578230,0,1294.6074172926585,2468.8267046190444,0.0046255984,0.0056349435,53.02611254316708,-27.76194746700232,2.915404e-07,2.815603e-07,462670.07677297655,1581.231163817132,454375.2820274986,1065.7970336394574,False,460440.0963228377,1314.5436374195658,False,463332.99681390496,1765.2519188408269,False,462549.0825862858,2502.844823202568,False,462491.5078091749,3453.403716753186,False,1.0942115364252591,54.208707991885085,462663.1515083491,859.9894280320945,0.0,0.0004936713257235,False,557494.0625,1591.6300048828125,False,560996.7436523438,2137.340929753604,False,559977.8812041283,4181.3301727646285,False,False,1.3248551539012172,65.63510233496856,False,False
2MASS J03320626-2745426,53.02604603951001,-27.76189579819,2025081300333,-1,z,20250813,z_20,0.2825984104288217,53.02611131796045,-27.761948953310316,745658044374320004,0,3992.934581508759,1707.326144579717,0.0044372324,0.0047925464,53.02611131796045,-27.761948953310316,2.568656e-07,2.566627e-07,462270.9222531563,1610.105714837111,454907.5301191743,1079.7950159599563,False,461643.5398699649,1334.503136943282,False,465916.6983155606,1795.7983044512157,False,468036.267348608,2548.085937881869,False,472030.1152276622,3515.532482908453,False,5.571355553552857,52.95729392185334,463586.1763444215,856.0424498050635,0.0,0.0019451493895833,False,558558.0625,1614.6602783203125,False,563728.30078125,2172.796833369738,False,571125.1297429204,4253.561119608155,False,False,6.740970672670221,64.07481299655012,False,False
2MASS J03320626-2745426,53.02604603951001,-27.76189579819,2025081300334,-1,z,20250813,z_20,0.283372907423016,53.02611161227056,-27.76194898779787,745658044509061182,0,657.3363688062107,122.70950921205107,0.0044982247,0.004569959,53.02611161227056,-27.76194898779787,2.521993e-07,2.5197033e-07,461419.1212975534,1602.460992510186,455946.3723239753,1077.5248064418852,False,461598.0071830452,1330.0682475725846,False,466231.361205862,1788.037041607667,False,470970.22039464,2540.0481015690702,False,469855.4289353058,3502.7318306945726,False,7.835136297717668,55.11285765952108,463080.5119862296,861.4818140031789,0.0,0.0009975782240944,False,558172.9375,1608.3433837890625,False,563775.67578125,2162.127808920965,False,568157.9662131071,4235.568795335466,False,False,9.474393249006605,66.64349753493516,False,False
2MASS J03320626-2745426,53.02604603951001,-27.76189579819,2025081300335,-1,z,20250813,z_20,0.2823931902487082,53.02611117678475,-27.7619490047408,745658044643279901,0,2199.2543073603765,1829.989184640751,0.0038170747,0.00424844,53.02611117678475,-27.7619490047408,2.2554308e-07,2.2348696e-07,461961.3721091164,1590.1902000626842,456051.0691553002,1072.8299905975305,False,461898.8630200523,1322.6946086255775,False,465892.0476736668,1771.6726591687232,False,469460.1913610826,2519.515669604278,False,472208.32788396097,3472.218526459856,False,7.976166042845143,53.07281355062031,463798.3047826722,853.176960354559,0.0,0.0001379672403138,False,559325.6875,1601.686279296875,False,564161.1416015625,2145.36580937953,False,571809.6942478418,4204.6022840677215,False,False,9.658552797379018,64.26728945091885,False,False
2MASS J03320626-2745426,53.02604603951001,-27.76189579819,2025081300336,-1,z,20250813,z_20,0.276975103071561,53.02610980178819,-27.761948103715252,745658044777497277,0,3138.0794250195945,1285.7798701622553,0.004242463,0.004398849,53.02610980178819,-27.761948103715252,2.4078622e-07,2.3969216e-07,459941.4574269635,1580.2620770630397,454382.42483014346,1066.2989527697098,False,460411.23374631815,1313.6920524629638,False,466389.5873763901,1762.1830276036812,False,467958.0923685493,2500.534986471992,False,468073.1992856935,3444.37997562581,False,7.08815252822357,55.37677030367186,463863.09670113,865.4942649343529,0.0,1.6732149100695537e-05,False,555657.375,1585.4580078125,False,562872.4819335938,2126.7291578018417,False,564904.385817498,4156.925364712839,False,False,8.554492025280256,66.83266733641537,False,False
2MASS J03320626-2745426,53.02604603951001,-27.76189579819,2025082600425,-1,g,20250826,g_6,0.2929054501215798,53.02610822005682,-27.76195573438578,745715231331190968,745715231331189613,578.1943373605886,2056.756222697092,0.009324054,0.009099144,53.02610822005682,-27.76195573438578,5.086711e-07,5.1549586e-07,270455.85768216354,454.1860837418604,251180.4380515413,376.00446454994494,False,270537.1860345696,412.39075836294967,False,280716.79965162947,469.9475011893056,False,284492.3318944306,571.9972994366569,False,285199.327963892,717.1760934396722,False,0.1838435690105094,9.765117746244227,269499.08171373094,436.7572966181047,0.0,0.0010289872038183,False,576639.9375,878.9955444335938,False,598337.4048461914,1001.6755984127628,False,607891.7470189333,1528.6341362503213,False,False,0.3918557211963121,20.81398483295705,False,False
2MASS J03320626-2745426,53.02604603951001,-27.76189579819,2025082600426,-1,g,20250826,g_6,0.2660378654050127,53.026105646985584,-27.76194755696688,745715231465408575,745715231465407431,3236.0499504082863,2337.7375248981944,0.009727474,0.008882749,53.026105646985584,-27.76194755696688,5.039637e-07,5.312993e-07,269097.87767415843,453.2370769298112,247765.7369224888,372.6681568759544,False,269543.99352782447,410.3739904997332,False,281081.8384220132,468.00537421912713,False,285651.52720530354,569.8717075590731,False,288103.4029796669,714.566212488318,False,0.5223934427574988,9.66791152538882,262155.1191205502,431.7878163577295,0.0,0.0123587592712588,False,575076.3125,875.539306640625,False,599692.4844617844,998.4967623043528,False,614673.1019147914,1524.5381547426464,False,False,1.1145345544646716,20.62663996637316,False,False
2MASS J03320626-2745426,53.02604603951001,-27.76189579819,2025082600427,-1,g,20250826,g_6,0.2803091455100872,53.02610978451754,-27.761949472739563,745715231601198876,745715231601197260,3148.054265993857,510.2632852399983,0.008398574,0.008625439,53.02610978451754,-27.761949472739563,4.7720766e-07,4.6922509e-07,270762.41478103417,454.73762399255,250225.8468294029,375.226340149099,False,270833.52013243927,412.1746256042172,False,281345.5858963152,469.3745012461607,False,285474.83195748564,571.1907428176427,False,286477.9474245016,715.7225070303944,False,0.486137044083348,9.793502576354616,270733.970198806,446.2790717707527,0.0,5.746152050889464e-05,False,574262.9375,873.9561157226562,False,596552.2381811142,995.240100787409,False,607434.6614721715,1517.5850800194553,False,False,1.0307826255271295,20.76569235285583,False,False
2MASS J03320626-2745426,53.02604603951001,-27.76189579819,2025082600428,-1,g,20250826,g_6,0.2744459030772329,53.02610700989257,-27.761949658557583,745715231733844339,745715231733843579,3026.6506176066914,3913.381967919086,0.008584604,0.010067979,53.02610700989257,-27.761949658557583,5.4564646e-07,4.9291856e-07,269927.83955460554,461.76887271552414,247448.42907573187,376.3825951628019,False,269735.2551361766,415.060256428757,False,282791.27533403016,475.1564067794751,False,288365.6831554084,579.2822322748675,False,290662.1333798779,726.5255184781718,False,0.3720889407012823,9.974036725874916,269860.76592161536,448.5369669010128,0.0,0.0004220227989215,False,565956.625,870.8765258789062,False,593350.6752266884,996.9698480544372,False,609865.2545064092,1524.3907594010834,False,False,0.7807144118880858,20.92745407029715,False,False
2MASS J03320626-2745426,53.02604603951001,-27.76189579819,2025082600429,-1,g,20250826,g_6,0.2844221002443535,53.02610994280659,-27.76195097388815,745715231868061708,745715231868060907,2682.490149605618,3371.1244368991324,0.009933966,0.010777566,53.02610994280659,-27.76195097388815,5.9189466e-07,5.6006706e-07,270893.1800907136,478.1251308338154,242337.2268764905,379.81595107481365,False,271166.209946429,423.811373192836,False,288945.72560854966,487.91563499961137,False,297335.81636363885,595.5894759530273,False,300908.6122289812,747.1607738417064,False,0.5021051825972412,10.215521484854902,272349.62766894,459.39601307075407,0.0,0.0001723492707357,False,553157.3125,864.5411987304688,False,589426.0979919434,995.308749701652,False,613829.4269096851,1524.148033581871,False,False,1.0242542883668362,20.838844233080163,False,False
2MASS J03320626-2745426,53.02604603951001,-27.76189579819,2025082600430,-1,g,20250826,g_6,0.2740921085097577,53.026106538187605,-27.76194993533513,745715231998609458,745715231998607841,2478.850882010753,1045.5108087408696,0.008533742,0.008375475,53.026106538187605,-27.76194993533513,4.670786e-07,4.7307273e-07,270880.247498795,453.590143129919,253216.8302800396,376.5964147328033,False,270757.48589354183,411.5150902454345,False,280724.6353312,468.3583216530084,False,285555.9727991288,569.9729482060542,False,287464.8141857258,714.9708489869147,False,0.6156811575454685,9.663716460294658,269431.1585487409,444.618838766501,0.0,0.0029208763710272,False,575058.375,874.0116577148438,False,596227.4767150879,994.7402727524384,False,610542.8567183465,1518.5174778600365,False,False,1.3076373670991492,20.524644280021175,False,False
2MASS J03320626-2745426,53.02604603951001,-27.76189579819,2025082600442,-1,i,20250826,i_39,0.2773367408389873,53.02610958019016,-27.761948461507128,745715233587726869,745715233587725036,3174.872335010917,1471.8615394841786,0.006315372,0.0070417565,53.02610958019016,-27.761948461507128,3.5296665e-07,3.8960377e-07,449611.7436292853,784.3972642447243,433120.3290238566,616.0467549747705,False,449973.413956968,693.7226057734733,False,459916.98050026974,837.7861236450102,False,465576.6213354016,1095.0099782664877,False,466785.760028706,1443.320949840774,False,1.0940228147273618,21.08540895127293,449171.5348510612,665.3892901750799,0.0,0.0001655040893547,False,756119.0,1165.706298828125,False,772827.8084716797,1407.785407706157,False,784369.856395334,2425.3041611410003,False,False,1.838356247260302,35.43115623349297,False,False
2MASS J03320626-2745426,53.02604603951001,-27.76189579819,2025082600443,-1,i,20250826,i_39,0.2864780785034815,53.0261119122581,-27.76194997191262,745715233722469249,745715233722468091,157.5086148631027,3868.578799105392,0.006672226,0.008046289,53.0261119122581,-27.76194997191262,3.741596e-07,4.4463272e-07,452261.7969180862,792.4487263094572,430473.5437162441,617.617119012585,False,451830.9446455212,698.3098682536236,False,463840.25093673536,845.4286275481124,False,468492.95429555065,1105.757145083289,False,471503.06834029534,1455.4908569135016,False,1.031069935851238,21.458524300180112,423321.3825845608,645.9573822084258,1.0,0.0113883698841702,False,751067.3125,1160.7830810546875,False,771030.0828857422,1405.3349261000387,False,783767.7931768894,2419.426157559839,False,False,1.7139218437703192,35.669969857855726,False,False
2MASS J03320626-2745426,53.02604603951001,-27.76189579819,2025082600444,-1,i,20250826,i_39,0.2969866117140984,53.02611401667073,-27.76195225463469,745715233877133282,745715233877131462,349.8580441482506,537.7090751439559,0.0069225268,0.007484738,53.02611401667073,-27.76195225463469,3.8587564e-07,4.1506638e-07,449697.8958868223,786.9930776086635,429270.2706655147,613.4615744071759,False,449941.9841843917,693.1970535818347,False,461422.9681248849,838.8953340330803,False,467110.21546472056,1094.9970586171687,False,470210.0107292388,1443.2191298511566,False,0.973087889446303,20.931459522076658,434680.42619686585,647.6761725729119,0.0,6.922759086902541e-05,False,751674.9375,1158.057861328125,False,770855.1166992188,1401.462010533205,False,785534.7863735445,2411.047840303552,False,False,1.6256446479593272,34.96818274596244,False,False
2MASS J03320626-2745426,53.02604603951001,-27.76189579819,2025082600445,-1,i,20250826,i_39,0.2575109803330667,53.02610569016943,-27.76194407318596,745715233990904363,745715233990902555,975.6112520179591,1514.5332833191346,0.005915024,0.007648753,53.02610569016943,-27.76194407318596,3.316209e-07,4.2287925e-07,450456.83002359024,783.5258321397272,432519.3908916469,614.3575213394927,False,449765.6598777118,691.8422882235402,False,460105.2361789301,836.6189073172521,False,465375.9738871013,1092.6482685829385,False,466761.4156969995,1437.8550481447926,False,0.9683169270158428,21.500161931431887,451246.77898572426,666.1836267272005,0.0,0.0009072070937391,False,756483.6875,1163.6446533203125,False,773874.3455810547,1407.1517959189096,False,785069.711692065,2418.401371965136,False,False,1.6286613784982589,36.16221341611302,False,False
2MASS J03320626-2745426,53.02604603951001,-27.76189579819,2025082600446,-1,i,20250826,i_39,0.278449361339787,53.02611081322871,-27.761947733253105,745715234145569215,745715234145567014,1245.640096147966,544.7802916241153,0.0056411377,0.006182123,53.02611081322871,-27.761947733253105,3.1425984e-07,3.4302053e-07,447634.896084965,776.5160022429905,433035.3963491794,611.7407154836139,False,447812.02148510335,687.0515946588033,False,457260.734599858,829.2061244511481,False,461878.6502514267,1080.8778625431537,False,464502.17742642807,1424.907989133824,False,1.222542669149444,21.384417918751534,444645.3309142488,657.6865720755433,0.0,0.0006416807829171,False,756220.9375,1160.2252197265625,False,772176.9957275391,1400.2818207819112,False,784405.6327904761,2406.244593033698,False,False,2.0645099261335917,36.11190363487826,False,False
2MASS J03320626-2745426,53.02604603951001,-27.76189579819,2025090600254,-1,z,20250906,z_20,0.266718966070804,53.02610627406489,-27.761947258119356,745763586866414759,745763586866414194,2658.1713035874272,2904.0512632733275,0.019395266,0.019982934,53.02610627406489,-27.761947258119356,1.0937229e-06,1.0949122e-06,464812.214318162,2198.543195925928,424041.503654848,1370.4223212412924,False,464434.0665217199,1756.1985243500344,False,485430.2224329581,2418.0287933225222,False,489053.24630062975,3483.892720049224,False,489565.2824486072,4833.663875410678,False,-1.9627201939032184,75.83044387534278,464135.2228829006,1343.547505566121,0.0,0.0034076416937148,False,514883.375,1946.9661865234373,False,538160.2454900742,2680.687993620411,False,542744.4778066874,5358.722258309272,False,False,-2.175921342691348,84.0675516391273,False,False
2MASS J03320626-2745426,53.02604603951001,-27.76189579819,2025090600256,-1,z,20250906,z_20,0.2799944264941489,53.026111064373225,-27.761948126976677,745763587134850057,745763587134849259,817.3803362114177,1187.9524628321508,0.017067581,0.019257989,53.026111064373225,-27.761948126976677,9.992596e-07,1.0230796e-06,458722.05650212726,2261.8128814761208,415177.39110525965,1387.6314848846723,False,459893.24759369646,1782.126099940009,False,488531.2727869941,2460.186071319163,False,499241.42650497815,3542.721913132267,False,502578.3169743666,4913.5727526485,False,-0.7304927511911037,76.03089670798705,460900.1037391242,1351.4288680976829,0.0,1.242068479212488e-05,False,501332.46875,1942.7066650390625,False,532550.9568347931,2681.8640264282603,False,547863.7264350057,5356.315995846705,False,False,-0.7963146584012492,82.88174994377509,False,False
2MASS J03320626-2745426,53.02604603951001,-27.76189579819,2025090600257,-1,z,20250906,z_20,0.2917757331435526,53.02610866839085,-27.761954938409858,745763587287417830,745763587287417045,4020.7951299760257,977.852357151074,0.015738841,0.016349792,53.02610866839085,-27.761954938409858,8.875773e-07,8.9611774e-07,458694.5313177832,2273.23799935988,415411.473532203,1394.768723935091,False,461721.2696176055,1792.3559289263662,False,489511.8086314081,2474.1602093954066,False,511406.1738661557,3566.4794817810503,False,518357.7640876356,4947.344534664681,False,4.601763430244035,77.11597781949051,460265.2007431204,1353.0031808432104,0.0,0.0015456157469838,False,505016.09375,1960.422119140625,False,535412.5047006607,2706.1580362008667,False,566963.2967121601,5411.248681268247,False,False,5.033263019977692,84.34701289885254,False,False
2MASS J03320626-2745426,53.02604603951001,-27.76189579819,2025090600258,-1,z,20250906,z_20,0.2643720187881702,53.02610648648568,-27.76194611592994,745763587420062970,745763587420062402,2931.915353854269,3061.1762930970835,0.016496342,0.016807372,53.02610648648568,-27.76194611592994,9.2285217e-07,9.2806647e-07,459413.7868121239,2208.131008146755,424775.8890768591,1372.639220390335,False,460321.4865175132,1757.4292109503033,False,483157.1169436241,2420.733932706356,False,494267.0758118063,3489.624164973586,False,493987.2984107176,4838.900285575595,False,-3.424435183897577,76.40624136580543,459632.7574874155,1280.807004362177,0.0,0.0001189546833402,False,510698.0,1949.7581787109373,False,536032.7087392807,2685.653427386201,False,548048.1200917363,5368.458284966167,False,False,-3.799197410437604,84.7679628171116,False,False
2MASS J03320626-2745426,53.02604603951001,-27.76189579819,2025090600259,-1,z,20250906,z_20,0.275839461081615,53.02610995733586,-27.76194748837634,745763587537503185,745763587537502581,3080.4405475856006,1977.3984340495824,0.021216724,0.020811487,53.02610995733586,-27.76194748837634,1.1729234e-06,1.163068e-06,463574.8423230651,2362.080244210161,407100.02208880585,1422.6601773140674,False,459941.5051962393,1832.5399598387376,False,492889.5290017073,2538.075147758783,False,509603.47175724735,3660.027836310852,False,509026.85780993215,5071.6400631995,False,-3.003857529388796,80.22621121258796,457056.8365586287,1416.3567571178887,0.0,0.001158225487706,False,483496.78125,1926.3909912109373,False,518132.1930980682,2668.059200242021,False,535095.9731627107,5331.37718277736,False,False,-3.157695990435557,84.3348870561684,False,False
2MASS J03320626-2745426,53.02604603951001,-27.76189579819,2025090600260,-1,z,20250906,z_20,0.2909674117460533,53.02611470119827,-27.761949099397548,745763587668050887,745763587668049963,662.8012982794256,254.7159366508708,0.017584644,0.015846789,53.02611470119827,-27.761949099397548,9.5218604e-07,9.07155e-07,461142.9661043084,2276.230889218467,414260.8513744684,1388.130759764727,False,460973.8915341111,1783.113263475785,False,493403.7311462335,2461.06552453372,False,504489.06241240446,3542.37093375242,False,506106.0345582097,4915.305850173291,False,-0.7693011166972157,77.39111965814693,459467.98399282,1342.1810780025144,0.0,0.0001277815241443,False,493396.71875,1908.5294189453125,False,528107.5272102356,2634.1657884193446,False,541703.2534306049,5261.026324196328,False,False,-0.823410292166253,82.83446243048832,False,False
2MASS J03320626-2745426,53.02604603951001,-27.76189579819,2025090600261,-1,z,20250906,z_20,0.290513315813509,53.02611305004282,-27.761950534432533,745763587827958776,745763587827958151,2704.577458351084,2045.352535255439,0.02196624,0.020409612,53.02611305004282,-27.761950534432533,1.2011674e-06,1.1554789e-06,465283.0340388741,2420.213598650901,407035.8797432034,1447.504752349549,False,464715.3617808187,1867.6794321191344,False,505705.8645722109,2590.6410304872966,False,527569.6720930213,3732.687675662935,False,534310.7909104011,5177.2178339982975,False,2.421731430453972,80.86233199556493,461926.2341055151,1455.2796860807684,0.0,0.0032910380738295,False,481909.34375,1936.7816162109373,False,524416.4522399902,2686.492036996155,False,554079.7309119701,5368.769474871911,False,False,2.511332958558963,83.8541536409476,False,False
2MASS J03320626-2745426,53.02604603951001,-27.76189579819,2025090600263,-1,z,20250906,z_20,0.2934527982098909,53.026112252563365,-27.76195247003893,745763588094821426,745763588094820786,3153.207602885675,2066.4295516452357,0.019063853,0.016066404,53.026112252563365,-27.76195247003893,1.0315712e-06,9.2491626e-07,462420.44010862,2260.1895501025588,416150.94900661806,1388.7512109423471,False,460934.0436126338,1783.0369183224134,False,486548.8003965384,2463.3767969134715,False,496228.8554448152,3543.1282437227133,False,496304.7780075051,4919.56973798917,False,-0.5676379998390566,76.99115508028909,458135.9470974504,1330.7937997288343,0.0,0.0032274074507506,False,499172.9375,1930.9569091796875,False,526912.6837052405,2667.737497206932,False,537478.0131048262,5327.695168925141,False,False,-0.6147290089391003,83.37830883943971,False,False
2MASS J03320626-2745426,53.02604603951001,-27.76189579819,2025090600264,-1,z,20250906,z_20,0.2916016898909531,53.02611340880044,-27.76195063606177,745763588225369257,745763588225368387,2051.1367577268907,1407.289733672265,0.015802464,0.013035403,53.02611340880044,-27.76195063606177,8.5602414e-07,7.5060626e-07,463348.7627099357,2157.652898576588,428736.2363602184,1346.118993813679,False,462790.6837389132,1720.3307625876678,False,482542.0483129832,2368.86482814524,False,495997.73362898215,3409.4041545316986,False,500286.6157670264,4727.239927421444,False,-0.4504608500413909,74.40608731945224,459334.7867722217,1218.8092544417527,0.0,1.0983545898124449e-05,False,517091.28125,1922.1822509765625,False,539160.1317539215,2646.8107335210107,False,558986.7217057943,5281.900947309358,False,False,-0.5033147517556248,83.13637326053163,False,False
2MASS J03320626-2745426,53.02604603951001,-27.76189579819,2025090600265,-1,z,20250906,z_20,0.2704630412595447,53.02610864500431,-27.76194654519253,745763588363781172,745763588363780344,3464.3640329743603,1121.3724338207892,0.01819507,0.014141062,53.02610864500431,-27.76194654519253,9.84896e-07,8.1882433e-07,455756.1612364011,2169.577861349914,420131.8698829677,1351.1421071653672,False,455666.7286309426,1729.6531036813965,False,475886.16501971486,2389.6121375336324,False,487557.2477236061,3436.2548516973857,False,487424.4414176882,4766.674657967239,False,-0.4913549224768968,73.97311816413232,455613.6400343768,1262.514701351688,0.0,0.0050445418104076,False,504584.625,1915.3392333984373,False,526974.7098731995,2646.1478720107225,False,539751.6727357507,5278.398868431394,False,False,-0.5441041088183436,81.9144689388997,False,False
2MASS J03320626-2745426,53.02604603951001,-27.76189579819,2025090600266,-1,z,20250906,z_20,0.2821577423281696,53.0261091175968,-27.761950820152705,745763588473357490,745763588473356643,3171.153741424202,1398.1569144661926,0.015020069,0.012415023,53.0261091175968,-27.761950820152705,8.2028964e-07,7.071338e-07,461909.2668200407,2089.7257272164466,433124.057418197,1319.302957349819,False,460691.7531831654,1681.594867352639,False,474708.0579910237,2313.0634690732263,False,477770.223920552,3325.296017745089,False,478099.6542403256,4611.305559415371,False,-0.3566814267551573,71.26146472388541,455910.4278558555,1165.7685763765885,0.0,0.0029728784494877,False,522343.21875,1906.632080078125,False,538235.2370414734,2622.6061336252737,False,542080.7091805339,5228.407437081104,False,False,-0.4044138477242431,80.7979361460688,False,False
2MASS J03320626-2745426,53.02604603951001,-27.76189579819,2025090600267,-1,z,20250906,z_20,0.2711903394311026,53.0261083439802,-27.761947131394265,745763588629595200,745763588629594357,2578.0627459622656,998.3901645876172,0.017374804,0.015384491,53.0261083439802,-27.761947131394265,9.565343e-07,8.654558e-07,462780.8427722833,2196.069888109568,425426.9210506263,1365.398934428142,False,461487.3832704507,1746.8529062213172,False,481383.15899039153,2406.913481101763,False,490446.85251437256,3465.041698594904,False,493137.3106940138,4803.924766150931,False,-0.8125408179118053,75.48346064470228,457159.647815523,1264.6884854611724,0.0,0.0005907425460001,False,510041.5625,1930.6434326171875,False,532030.619846344,2660.150541935873,False,545021.4536548257,5309.357054349086,False,False,-0.8980301594071799,83.42525409317373,False,False
2MASS J03320626-2745426,53.02604603951001,-27.76189579819,2025090600268,-1,z,20250906,z_20,0.2843520431732669,53.026111640841286,-27.7619493620935,745763588768007126,745763588768006182,567.5616452043245,206.251589091283,0.018490978,0.016642967,53.026111640841286,-27.7619493620935,1.0213652e-06,9.325026e-07,462159.61421566486,2215.291257758512,419670.5831936741,1368.7120795629169,False,461107.9078774041,1754.9949222883467,False,483759.8363639422,2422.805599115244,False,496312.0242683824,3485.5315219002205,False,502522.7343543266,4838.529961712572,False,0.2988740164575296,76.95514788336925,459480.8256083944,1308.515217418992,0.0,0.0005055980878251,False,504783.5,1921.2259521484373,False,529580.9921875,2652.2908613099507,False,550121.0895398259,5296.829759808647,False,False,0.3271830075111197,84.24424788202228,False,False
2MASS J03320626-2745426,53.02604603951001,-27.76189579819,2025090600269,-1,z,20250906,z_20,0.2845630652047702,53.02611228816444,-27.76194882199356,745763588896457862,745763588896457007,3869.9022384604314,1238.8534951635186,0.015842682,0.01306513,53.02611228816444,-27.76194882199356,8.7302004e-07,7.349434e-07,460479.2460737541,2151.357917992413,424566.2023025043,1344.5304557437423,False,459899.3935344464,1719.572747906953,False,480654.95200127806,2363.490090894269,False,489788.13840534055,3406.689830567403,False,483948.9958400225,4723.303111256164,False,-1.7211931412721435,75.21750898135005,456702.2874963523,1243.422144898501,0.0,0.0005166576149764,False,512207.28125,1915.1529541015625,False,535323.5286784172,2632.307958517879,False,538992.2294044495,5260.520625050531,False,False,-1.9169576472405585,83.77257356580772,False,False
2MASS J03320626-2745426,53.02604603951001,-27.76189579819,2025090600270,-1,z,20250906,z_20,0.2959540673023618,53.02611142302303,-27.761954201382725,745763589014947021,745763589014946215,1219.8213006475391,1692.7384150245623,0.015599279,0.01245659,53.02611142302303,-27.761954201382725,8.614121e-07,6.9912807e-07,462188.5048741227,2097.5614690528982,432663.4738031369,1319.913173397639,False,460304.5015165244,1682.0491259018609,False,476072.66298937256,2314.1509306124826,False,482092.06450444047,3327.73565438884,False,487000.5691836124,4613.6400040939,False,1.6876575469832082,72.19748799194427,461823.9392840472,1188.1772344132037,0.0,7.51375988270464e-05,False,518895.34375,1896.15234375,False,536670.5893554688,2608.7125775945497,False,548989.4774446487,5200.897032237939,False,False,1.9024746446949452,81.38729955071175,False,False
2MASS J03320626-2745426,53.02604603951001,-27.76189579819,2025090600271,-1,r,20250906,r_57,0.2760566466313018,53.026107559150354,-27.761949804463374,745763589169086783,0,682.863647674971,2378.1856940227526,0.016427789,0.0132585615,53.026107559150354,-27.761949804463374,9.104795e-07,7.405392e-07,396607.554548872,1907.488122419957,358357.9529183461,1154.602881756913,False,394992.2137998125,1496.844725242002,False,415298.6445834584,2083.4233425093407,False,426605.9541966672,3019.292865370904,False,431172.94263982313,4198.143832232803,False,0.9282988798259504,65.1421099123255,397883.6078735096,1086.9993764309636,0.0,0.0001622382691459,False,719469.625,2726.4697265625,False,756457.341796875,3794.9097693129097,False,785372.0263671875,7646.826603532487,False,False,1.69087598089918,118.65491964882844,False,False
2MASS J03320626-2745426,53.02604603951001,-27.76189579819,2025090600272,-1,r,20250906,r_57,0.2786285268531148,53.02610847179549,-27.761950003113387,745763589303304246,0,446.961513189902,368.857217799966,0.015121787,0.0113831675,53.02610847179549,-27.761950003113387,8.354736e-07,6.3957884e-07,395862.54821741785,1815.6672528561555,365323.5542990158,1118.0014237083733,False,394465.702158405,1445.3828448738268,False,407374.8998353719,2005.462980796176,False,415231.16260525055,2908.286559779812,False,414863.82073757664,4043.713727661056,False,0.4864781909330399,62.611949676208695,395483.91006041405,1006.616446563459,0.0,2.023462575007073e-05,False,742056.75,2719.009765625,False,766341.1357421875,3772.6152961641296,False,780429.0634765625,7606.909929709365,False,False,0.9151478147133996,117.78367455945116,False,False
2MASS J03320626-2745426,53.02604603951001,-27.76189579819,2025090600273,-1,r,20250906,r_57,0.2785889054662461,53.02610604737214,-27.76195209126801,745763589436997963,0,940.4126652023918,2136.1927508929552,0.013273483,0.010894038,53.02610604737214,-27.76195209126801,7.3284264e-07,6.1161296e-07,396088.8997552812,1781.310761580111,373185.00862725737,1105.011853149635,False,395270.0523583575,1425.008521696349,False,408156.99627016846,1979.0695144180268,False,414290.08876138687,2864.7012190331147,False,417341.19274771865,3987.751474242684,False,1.342429066954017,63.0232533966794,390344.1391971872,929.4930509985812,0.0,8.535430665534971e-05,False,748976.875,2700.17529296875,False,773395.681640625,3750.0369468231993,False,790798.3427734375,7556.184992095259,False,False,2.5436997350986554,119.41951862971696,False,False
2MASS J03320626-2745426,53.02604603951001,-27.76189579819,2025090600274,-1,r,20250906,r_57,0.2643878464488334,53.026103057960505,-27.761949163661917,745763589555486981,0,3727.7128899464697,1838.64486133638,0.012530661,0.010376853,53.026103057960505,-27.761949163661917,6.8982143e-07,5.8442214e-07,393383.85964214255,1775.9291177383288,374308.4136837999,1102.2322241995544,False,394232.48437815584,1421.4997128766956,False,407926.572561372,1975.7384881876217,False,414004.4355809245,2860.9204413005205,False,421354.9764734586,3979.668137124705,False,2.461977862735121,62.65572390263407,394599.705052589,923.9338575117438,0.0,0.0008430460677387,False,750599.0,2706.464599609375,False,776671.861328125,3761.7076021382063,False,802238.873046875,7577.089769173728,False,False,4.687483134998383,119.29337527772506,False,False
2MASS J03320626-2745426,53.02604603951001,-27.76189579819,2025090600275,-1,r,20250906,r_57,0.2842008045241441,53.02610957556773,-27.761951217452783,745763589708055137,0,689.025278606621,3741.6892459267415,0.0137412045,0.00976304,53.02610957556773,-27.761951217452783,7.493229e-07,5.62733e-07,395314.52764405607,1782.5244962175743,373050.9877906109,1105.2489208835964,False,395648.9623207723,1425.7337925389145,False,408070.5503280441,1980.1739757274772,False,413299.6526826762,2867.687576172661,False,413299.1206104642,3984.842964469464,False,-0.2409936781336571,63.06792615280837,394247.2437559673,938.7809737370816,0.0,1.6091847966581696e-05,False,755218.875,2721.45556640625,False,778929.33203125,3779.776783644728,False,788909.681640625,7606.309904178138,False,False,-0.4600112519305782,120.38471669007168,False,False
2MASS J03320626-2745426,53.02604603951001,-27.76189579819,2025090600276,-1,r,20250906,r_57,0.2768317865911959,53.02610720993013,-27.761950417743204,745763589840175582,0,179.025469939298,2877.362190056693,0.013090689,0.010492439,53.02610720993013,-27.761950417743204,7.156147e-07,5.981504e-07,395755.4630626855,1781.3486796378909,374746.6332227629,1106.5669359126075,False,395995.7849216164,1426.6275963486587,False,408047.41401767306,1982.922281223884,False,414003.89169997285,2866.8722837286305,False,415016.1953150969,3985.1905436058505,False,-0.0098402010567292,63.06288815812955,396836.4129146164,936.734016286958,0.0,0.0011994702831333,False,753622.875,2715.02685546875,False,776558.4306640625,3773.715901479353,False,789820.7763671875,7584.249300758427,False,False,-0.0187269685519966,120.01550746036423,False,False
2MASS J03320626-2745426,53.02604603951001,-27.76189579819,2025090600277,-1,r,20250906,r_57,0.2774964040818644,53.02610770647563,-27.76195024047376,745763589956567462,0,864.1404237984442,2768.470634281297,0.014171364,0.011927779,53.02610770647563,-27.76195024047376,7.740252e-07,6.784897e-07,395273.8562489572,1809.0881360242072,368961.9585282097,1113.3644963916706,False,395895.6546062986,1438.094011356288,False,411419.915406187,1999.379841581192,False,421066.3154997114,2890.832113167511,False,425511.708518023,4024.8202200683104,False,0.9614610771592962,63.964723057556505,396049.7994931604,978.9735938123496,0.0,0.0030717568995992,False,739776.25,2687.242919921875,False,768785.1044921875,3736.06960400064,False,795117.2294921875,7520.836297855487,False,False,1.7965998411606428,119.52539111060716,False,False
2MASS J03320626-2745426,53.02604603951001,-27.76189579819,2025090600278,-1,r,20250906,r_57,0.2714497135459091,53.02610698284237,-27.761948498448213,745763590092357751,0,3483.460334228743,1042.948736867002,0.017335698,0.014963701,53.02610698284237,-27.761948498448213,9.4585175e-07,8.514663e-07,396775.018157656,1945.0567470802584,354356.119963454,1164.0974390125996,False,395568.0284708515,1511.853849875385,False,422298.5836907575,2106.062386000096,False,433751.53510012425,3047.730357589698,False,441084.8061679649,4240.363087106444,False,1.2830072733500817,67.27657966456884,392474.84519645775,1099.3875161620635,0.0,0.0004469340987505,False,701340.0625,2680.509033203125,False,748733.1982421875,3734.0376853410135,False,782041.0732421875,7518.141756881318,False,False,2.2747652401478318,119.2810267531816,False,False
2MASS J03320626-2745426,53.02604603951001,-27.76189579819,2025090600279,-1,r,20250906,r_57,0.2751423808208295,53.02610880210364,-27.761948303739164,745763590221857114,0,3143.706356455884,2803.351273318202,0.014800359,0.01351944,53.02610880210364,-27.761948303739164,8.1158106e-07,7.633987e-07,396419.303265951,1858.790691911293,361140.4603518868,1128.9939387314128,False,396062.5117265104,1461.414169175555,False,417216.6912630887,2032.890062736458,False,430238.2245408574,2944.327237575422,False,433039.0716256048,4094.3300077378985,False,0.9001844982186846,64.96166691611843,395516.1974635352,1034.8694721465852,0.0,0.0015971717753536,False,724042.5625,2671.61376953125,False,762714.5546875,3716.329838661601,False,791639.4755859375,7484.851766456054,False,False,1.6456288376595851,118.7565356114707,False,False
2MASS J03320626-2745426,53.02604603951001,-27.76189579819,2025090600280,-1,r,20250906,r_57,0.2836539681642328,53.026109691022114,-27.761950896612856,745763590356074690,0,3005.0305143004834,1564.5435491775977,0.015768562,0.014356078,53.026109691022114,-27.761950896612856,8.62333e-07,8.1329074e-07,397549.2127509733,1848.504558358808,362481.3432171406,1123.4836474579852,False,397230.08844133967,1453.3267467305056,False,418006.386256633,2020.172268358744,False,430184.2381377522,2920.3926932760974,False,431985.3544078064,4062.597383722336,False,1.0593302081154947,64.13592184274991,397382.5215795419,1049.3461284110074,0.0,0.0019308825308809,False,728219.0625,2664.30029296875,False,766307.0537109375,3703.465568595641,False,791933.8916015625,7447.726001063282,False,False,1.9420091112904565,117.57669480719032,False,False
2MASS J03320626-2745426,53.02604603951001,-27.76189579819,2025090600281,-1,r,20250906,r_57,0.2784200171748206,53.02610931424596,-27.761949148793917,745763590512837262,745763590512836945,3968.895885704537,2623.2868562603685,0.012506019,0.010944169,53.02610931424596,-27.761949148793917,6.7714313e-07,6.2856986e-07,400355.2146756596,1776.7209111755742,377586.7154572786,1102.237246600076,False,401206.25140053657,1421.3741226626453,False,415603.1663576748,1974.92343933542,False,425812.3676422712,2856.8368824936315,False,428590.8337905615,3972.106717031568,False,2.9365868459585323,61.89376271669025,401520.7889909426,947.3604717929246,0.0,0.00159387684233,False,763512.875,2704.9365234375,False,790910.8277778625,3758.364850518025,False,815626.9214743376,7559.091137640056,False,False,5.588451968577633,117.786511430028,False,False
2MASS J03320626-2745426,53.02604603951001,-27.76189579819,2025090600282,-1,r,20250906,r_57,0.2712674886142067,53.026108897976485,-27.761946631562587,745763590649675778,0,1019.3691090531768,18.9630239728988,0.016568905,0.014139462,53.026108897976485,-27.761946631562587,8.891521e-07,8.216128e-07,,,368257.7397895761,1105.1552010194844,False,395557.22514765296,1427.900410745551,False,412300.9234518629,1983.069130441359,False,,,True,,,True,1.0014206652582145,61.911180949690205,351061.9842967763,918.048764891402,1.0,0.0133027876966674,False,743153.5625,2682.66943359375,False,774610.8037109375,3725.6932632722446,True,,,False,False,1.8814201527224408,116.31569784667708,False,False
2MASS J03320626-2745426,53.02604603951001,-27.76189579819,2025090600284,-1,r,20250906,r_57,0.282529018861386,53.026109666162505,-27.76195047147556,745763590893470171,0,136.27476909792628,2724.0060685818808,0.01120603,0.009723808,53.026109666162505,-27.76195047147556,5.9883405e-07,5.671473e-07,395838.1948371881,1722.088563109522,378155.0577512666,1075.1966724747588,False,396065.6892286218,1383.2442776107955,False,406236.10488172,1917.9150603679343,False,414498.958134179,2773.491305587838,False,417596.330331628,3855.257959086774,False,2.439161409266665,61.24646855739599,395562.47112402,881.9687534724976,0.0,1.8628634188555535e-06,False,763177.6875,2665.368896484375,False,782775.0283203125,3695.6242875866046,False,804665.009765625,7428.684013659801,False,False,4.70001218077956,118.01562092442194,False,False
2MASS J03320626-2745426,53.02604603951001,-27.76189579819,2025090600285,-1,r,20250906,r_57,0.2724952649565547,53.02610630790933,-27.761949512804478,745763591028211784,0,682.8363999718671,422.3828373644337,0.010753774,0.009732599,53.02610630790933,-27.761949512804478,5.789315e-07,5.610205e-07,396238.34669777023,1707.3943634343948,376966.80004569015,1066.3758171462125,False,396696.7516215913,1372.1310979209334,False,406627.3607684429,1903.2584072685768,False,413660.4386005758,2752.730242069902,False,417146.7490141947,3825.202336624503,False,2.228899154512703,60.52985063744817,396178.8938287157,875.2550623441044,0.0,0.0017531882616218,False,768903.4375,2659.5537109375,False,788151.58984375,3689.019196193321,False,808540.9521198273,7414.255886242374,False,False,4.320197265896599,117.32289219976136,False,False
2MASS J03320626-2745426,53.02604603951001,-27.76189579819,2025110300325,-1,y,20251103,y_10,0.2860266703147091,53.026110940339045,-27.761950701521048,746018683116061675,746018683116061165,384.7420910897188,2704.899343117528,0.018872429,0.017685225,53.026110940339045,-27.761950701521048,1.0247447e-06,1.0085231e-06,465778.4760286518,4383.460387173594,445797.7403265154,2680.8910685567275,False,464358.0063841161,3483.452982772418,False,476052.4538024804,4873.948415819199,False,483412.3489086574,7078.577022197966,False,498489.2706463724,9867.950343599585,False,5.932040871336628,158.29648737686986,462489.6361314304,2044.162811335432,0.0,5.951483567046001e-05,False,221867.09375,1664.3701171875,False,227454.62110185623,2328.7393675532235,False,238174.77942305803,4714.83948570644,False,False,2.8342887385061672,75.63298386652093,False,False
2MASS J03320626-2745426,53.02604603951001,-27.76189579819,2025110300326,-1,y,20251103,y_10,0.3047931238970049,53.02611404528482,-27.76195535293863,746018683251851377,0,746.7683069824919,606.5082492233585,0.017110065,0.015707364,53.02611404528482,-27.76195535293863,9.268832e-07,8.9889085e-07,469490.9645727572,4420.417970469572,446682.3629406605,2699.129295095082,False,469928.43185005727,3510.9598154680466,False,484545.53561359673,4917.713342344832,False,490548.63989194296,7142.124569027924,False,500231.9025701212,9954.446428388072,False,4.011011414551579,156.87739149317096,469808.7462464091,2049.5316656331643,0.0,0.0001363556439719,False,222614.125,1663.2091064453125,False,229538.52783203125,2329.615274387631,False,236969.46117800477,4715.612487609726,False,False,1.900093154398279,74.31583380057714,False,False
2MASS J03320626-2745426,53.02604603951001,-27.76189579819,2025110400326,-1,r,20251104,r_57,0.2842729371736136,53.02611102143571,-27.76194991801719,746023081297314818,746023081297314475,2102.532245684826,3421.580395588814,0.007104373,0.0072807567,53.02611102143571,-27.76194991801719,4.0131354e-07,3.984842e-07,397574.0986797426,1418.2999401286215,382726.0995321655,909.6306786918352,False,395183.7867341901,1153.462295353094,False,401666.4727982768,1583.874228237221,False,402575.0231584876,2282.459180401677,False,401848.844929178,3157.081231231113,False,0.1311197458459321,48.1336163962126,396693.5267851671,729.9781565540686,0.0,0.0021530359300223,False,809825.125,2363.71728515625,False,823109.6832951913,3245.733220652683,False,823483.4069616506,6469.606771688171,False,False,0.2686953972660627,98.63717395112582,False,False
2MASS J03320626-2745426,53.02604603951001,-27.76189579819,2025110400327,-1,r,20251104,r_57,0.2871037278145656,53.026110834642914,-27.761951230496432,746023081432580210,0,3530.2569432322107,361.5908777217005,0.004977493,0.0054024225,53.026110834642914,-27.761951230496432,2.909539e-07,2.8660915e-07,396005.58684978687,1390.8801309107137,387909.7771802946,899.0293385081209,False,394888.4291403715,1137.1470652424225,False,399082.7860597486,1559.8987997590589,False,402859.9339634192,2241.5004580333016,False,406544.0957159671,3108.657526787433,False,3.0917439744114046,49.42361839982874,403880.7774284633,678.6060238921151,0.0,0.0013790636491679,False,823689.5625,2371.951416015625,False,832438.484375,3253.760467772732,False,848001.8750263453,6484.284089498263,False,False,6.449004462320381,103.09169783865902,False,False
2MASS J03320626-2745426,53.02604603951001,-27.76189579819,2025110400329,-1,z,20251104,z_20,0.2824089560867938,53.026111750733854,-27.76194845574542,746023081721988397,746023081721987181,1520.229395584455,352.74379688417616,0.010581271,0.010991315,53.026111750733854,-27.76194845574542,5.953696e-07,6.03966e-07,459036.5747628139,2024.2457330493328,427700.2833015468,1273.4848152242043,False,458354.6293868,1616.347114627889,False,478860.1437247368,2217.29781111016,False,489386.56670328986,3176.448973235364,False,493635.18342029385,4396.557639661172,False,2.819413246798398,69.14693397430669,453948.1568259846,1121.4635294496682,0.0,0.0002231728213838,False,506349.78125,1785.5977783203125,False,529002.4655117989,2449.475121749619,False,545324.6266467571,4856.929234190828,False,False,3.114639166358193,76.38743594417092,False,False
2MASS J03320626-2745426,53.02604603951001,-27.76189579819,2025110400330,-1,z,20251104,z_20,0.2893245526110887,53.02611277086102,-27.76195031522731,746023081857253497,0,1046.1803790759675,281.8480416113488,0.0059088455,0.005632811,53.02611277086102,-27.76195031522731,3.2458647e-07,3.1703206e-07,463241.526242143,1861.0530807533337,451775.4738386932,1213.512910952957,False,462550.2983084116,1524.9158709069125,False,466614.0849336685,2080.1764623504814,False,472698.4950870663,2977.145830747319,False,475020.1258745015,4120.690091209112,False,5.850694643954216,63.5746446834154,456543.2969073857,925.0927065962964,0.0,0.0002587755431902,False,543666.4375,1792.3360595703125,False,548442.87890625,2444.9711324224068,False,558323.0635012984,4843.323872283985,False,False,6.876714436487211,74.72355053442244,False,False
2MASS J03320626-2745426,53.02604603951001,-27.76189579819,2025110500320,-1,i,20251105,i_39,0.2941757727786712,53.02611322987085,-27.761951855220765,746027478540093043,746027478540092643,2998.333807609584,3955.3277179042966,0.0072077275,0.0069206017,53.02611322987085,-27.761951855220765,4.001837e-07,3.8514773e-07,450463.9558987924,1399.4040076723547,432025.937867034,920.5628684637676,False,450022.32714028045,1146.038747011578,False,460729.9214931404,1548.6614984216465,False,466657.3916743577,2202.116745275216,False,468673.25502276537,3038.165132353853,False,2.43182327735965,47.23248125556312,448837.0959291453,809.8163240112199,0.0,0.0003046448202983,False,745655.3125,1898.905517578125,False,763397.0424804688,2566.023070233909,False,776558.5868930817,5034.025723985336,False,False,4.0293599594207326,78.26089606391648,False,False
2MASS J03320626-2745426,53.02604603951001,-27.76189579819,2025110500321,-1,i,20251105,i_39,0.2901196393148001,53.02611325633784,-27.761950174069604,746027478674310528,746027478674309123,2841.485429116934,15.294399853925372,0.007958997,0.008333548,53.02611325633784,-27.761950174069604,4.4280475e-07,4.6298467e-07,,,425424.2278642405,930.0415380410478,False,441368.30583293625,1158.315762751308,False,,,True,,,True,,,True,2.537559469185837,48.05798728650594,448032.2214315516,831.6448518188129,0.0,0.0114282010379602,False,724259.9375,1900.7293701171875,True,,,True,,,False,False,4.163988755573943,78.86038577875435,False,False
2MASS J03320626-2745426,53.02604603951001,-27.76189579819,2025110500322,-1,g,20251105,g_6,0.2848866991082636,53.02611113733774,-27.761950057794483,746027478828974304,0,577.4555940908608,3021.875248852159,0.017642623,0.017752264,53.02611113733774,-27.761950057794483,9.811488e-07,9.865478e-07,272492.227097655,1458.506277000312,243675.1291769248,876.7675823406483,False,270436.0568116867,1137.2395431397051,False,286952.91603024164,1584.2909348967378,False,295594.5987602855,2291.450140454674,False,301391.8043453706,3189.345868131696,False,1.0631657992673167,49.85846944726667,272070.3429778031,835.4915499457853,0.0,0.0004005180474579,False,567797.1875,2387.70458984375,False,602475.3525390625,3326.316570436105,False,632790.689453125,6696.228436546506,False,False,2.2321821941462545,104.68093293094238,False,False
2MASS J03320626-2745426,53.02604603951001,-27.76189579819,2025110500323,-1,g,20251105,g_6,0.281659795900523,53.02611279616411,-27.76194709899823,746027478938026144,0,1953.4196758826563,2171.600304703164,0.016557382,0.016200455,53.02611279616411,-27.76194709899823,9.1874796e-07,9.023216e-07,270748.878739002,1409.049445446895,247711.91516509568,857.0330662879572,False,269566.4542651975,1109.832616837916,False,283155.98791874107,1548.9510200845382,False,287324.6130839744,2241.9345367985543,False,286742.234974945,3113.934065992255,False,0.1325380124890726,50.204255843502914,270870.6468330073,787.253092087476,0.0,2.0435660075257545e-07,False,575281.5,2368.49267578125,False,604282.91015625,3305.6148202480804,False,611936.31640625,6645.443570744779,False,False,0.2828492396784708,107.14085210179984,False,False
2MASS J03320626-2745426,53.02604603951001,-27.76189579819,2025110800168,-1,z,20251108,z_20,0.2865540094015634,53.02611357642709,-27.761948374836585,746040652275384522,0,1694.974234184263,481.4999599269176,0.0063061346,0.0059532416,53.02611357642709,-27.761948374836585,3.3573937e-07,3.4598e-07,461465.4240029757,1561.6672510538203,452275.5980334172,1052.5013118597974,False,460919.7963683962,1297.5893907831287,False,465109.09064309305,1742.0522209548062,False,468413.9339939684,2464.7629283175065,False,468926.8310797401,3397.013953708811,False,1.693569513485938,54.11037126895445,455268.8364594147,888.7107641834127,0.0,8.199926251339917e-07,False,557990.625,1570.8648681640625,False,563062.1948242188,2108.9326499144063,False,567683.9606696367,4112.433343281042,False,False,2.050239366494174,65.50614688550657,False,False
2MASS J03320626-2745426,53.02604603951001,-27.76189579819,2025110800169,-1,z,20251108,z_20,0.3026930247875005,53.02611604553154,-27.761952650333686,746040652409603993,746040652409603467,3827.1715588047664,3781.4407497676057,0.0073133414,0.007914162,53.02611604553154,-27.761952650333686,4.3377705e-07,4.1324992e-07,459859.79378083866,1578.4541174167448,446854.14156246255,1056.8291386221497,False,461314.5615683444,1306.8913163545462,False,470545.5374591547,1755.6556743647277,False,473222.5121520521,2489.1212671556814,False,474814.3879725148,3432.5308519553555,False,1.3670403529121369,52.50725663075503,439892.3858581523,895.6327632046464,0.0,6.457407084725642e-05,False,554705.875,1571.46630859375,False,565805.6255502701,2111.0812408268644,False,570938.6880124807,4127.433184040743,False,False,1.6437922803572538,63.13714363186745,False,False
2MASS J03320626-2745426,53.02604603951001,-27.76189579819,2025110800174,-1,r,20251108,r_57,0.2833735425096944,53.02611014935432,-27.76195036663211,746040653059195480,0,1825.4695607418485,1005.5038334311432,0.004056656,0.0042859023,53.02611014935432,-27.76195036663211,2.2745866e-07,2.3638312e-07,394577.1673062658,665.6566735026222,388981.1666037259,525.042231296202,False,394920.6668272623,590.5745078111709,False,399528.66727202525,719.0659201013293,False,402222.0664787013,948.7167359301972,False,403787.3284861909,1255.2643552097622,False,3.2967821675648663,19.101273289620003,392433.9491637868,553.6303795033508,0.0,1.1497980828778507e-05,False,845219.625,1263.963134765625,False,855081.7890625,1538.963843601942,False,864196.2880917788,2686.5498736999007,False,False,7.055860129484377,40.88104878526612,False,False
2MASS J03320626-2745426,53.02604603951001,-27.76189579819,2025110800175,-1,r,20251108,r_57,0.2877210933965841,53.02610989144281,-27.76195232372506,746040653215958436,0,1242.2567689802806,2451.479382497991,0.0043959306,0.0041141543,53.02610989144281,-27.76195232372506,2.4282116e-07,2.3045514e-07,395067.1954717247,671.6620250199322,388639.85481978167,527.9669326308845,False,394628.866134498,594.4634543431141,False,398405.0137400855,724.4798173919322,False,400566.6636748216,955.4791003454918,False,401535.6457363869,1266.5043533861854,False,2.121350699817738,18.929413584843378,394808.33042249567,556.7851599071125,0.0,6.77843393499522e-05,False,845042.1875,1272.9598388671875,False,853128.2762451172,1551.3715853716149,False,859832.0841452479,2712.0408594209907,False,False,4.542574022493504,40.53467558142701,False,False
2MASS J03320626-2745426,53.02604603951001,-27.76189579819,2025110900380,-1,g,20251109,g_6,0.2839812846484796,53.02611117450488,-27.76194965514972,746045078778675736,0,1983.3263933720175,1783.1102014621963,0.0064387266,0.0068270243,53.02611117450488,-27.76194965514972,3.695164e-07,3.6838722e-07,271702.09027125704,626.8120230206762,263288.0659459054,457.1406478162085,False,271914.1495940783,536.0764862360916,False,276940.7552399261,682.7510009670175,False,279243.0466085209,931.6859326235412,False,281461.9773983509,1259.4966380237254,False,1.4842281183134385,19.54893534123446,271353.0183957277,459.870501823506,0.0,0.0001515251833388,False,626811.4375,1235.7535400390625,False,638398.6752929688,1573.864901880119,False,648820.9124755859,2903.3682115646006,False,False,3.421415037822757,45.063841955728,False,False
2MASS J03320626-2745426,53.02604603951001,-27.76189579819,2025110900381,-1,g,20251109,g_6,0.2887631924549029,53.0261126577339,-27.76195019377777,746045078913417750,0,2316.3822549039755,1921.926178179244,0.0072292723,0.007388644,53.0261126577339,-27.76195019377777,4.0613193e-07,4.0660962e-07,271965.9170884147,631.0843396857422,261210.21603834775,458.2429901038474,False,271924.5592337629,538.8166760578174,False,278232.77712962864,686.6119094121351,False,280746.6624258059,937.6156093735952,False,282034.04307487403,1266.3197808979307,False,1.0458505459055123,19.312623992407172,274495.9894740291,470.3773751528752,0.0,0.0005185595971162,False,623888.125,1236.2301025390625,False,638361.3386230469,1575.3230159603006,False,647082.7453613281,2905.3715338585976,False,False,2.3995395559482846,44.30977770233304,False,False
2MASS J03320626-2745426,53.02604603951001,-27.76189579819,2025110900382,-1,i,20251109,i_39,0.2868046330607906,53.02611277539601,-27.76194927352855,746045079045015685,746045079045014693,2582.1459952296573,2793.317496826384,0.0072751753,0.006359208,53.02611277539601,-27.76194927352855,4.0440733e-07,3.5344092e-07,451410.3608912108,991.1083197481844,432927.9326179224,709.5706590283299,False,451104.0410754896,840.1616411680341,False,462693.928879932,1079.5367341468184,False,466805.4888042541,1482.199497394318,False,468317.7068726807,2009.6562936654752,False,1.1916756352727609,30.26163672356873,449466.617356656,707.6709767135002,0.0,0.0002362640151911,False,769775.75,1433.673828125,False,789553.0380859375,1842.1497559614072,False,799149.6001381874,3429.3301319366437,False,False,2.033506513734173,51.6392494502492,False,False
2MASS J03320626-2745426,53.02604603951001,-27.76189579819,2025110900383,-1,i,20251109,i_39,0.2828294843455122,53.026110837029,-27.761949506037507,746045079203350843,746045079203349376,1388.545235490266,1734.122975916206,0.006145644,0.005971716,53.026110837029,-27.761949506037507,3.4153683e-07,3.319185e-07,449748.0648418797,974.6712343876196,435739.4140809648,704.1451637486721,False,449099.42899833823,830.6365620778453,False,456457.927013772,1064.9668811329077,False,459758.4735173387,1460.358134869222,False,461904.24771205545,1982.0208688768223,False,1.6790983580311285,30.253466392680544,446717.8052347998,687.2105027976265,0.0,0.0005467704473504,False,775691.5,1434.6883544921875,False,788401.2119140625,1839.4273163935893,False,797808.181505084,3423.3771889655523,False,False,2.900164729431269,52.25425643198668,False,False
2MASS J03320626-2745426,53.02604603951001,-27.76189579819,2025111100196,-1,g,20251111,g_6,0.2846516576551845,53.02611168831159,-27.76194943928946,746053850196084882,746053850196082765,2888.6988774088973,127.33842113824696,0.0059244875,0.005343464,53.02611168831159,-27.76194943928946,3.0400474e-07,3.2303132e-07,271851.1117653003,463.7633861821806,263867.724810733,384.27363193417966,False,272159.9596662148,420.8813548720885,False,276853.1334556913,489.9683191811112,False,279930.71746293944,616.5019414605524,False,281456.9575845349,792.5282556818607,False,1.3930207909974075,11.725556432795017,272748.34684698685,438.50232906872327,0.0,5.372840716766358e-05,False,627452.5625,970.3230590820312,False,638272.4638700485,1129.5999521422984,False,648886.3736107945,1827.1382957695555,False,False,3.21154686383356,27.032743683232177,False,False
2MASS J03320626-2745426,53.02604603951001,-27.76189579819,2025111100197,-1,g,20251111,g_6,0.2847756075487787,53.02611216435396,-27.761949030643585,746053850312477170,746053850312475952,1635.6017175644752,2525.210942375337,0.005746012,0.0057795155,53.02611216435396,-27.761949030643585,3.2086572e-07,3.1992082e-07,271474.22178292274,461.9303399585911,264359.3884414051,383.153958897921,False,271802.2428959761,419.3757206619763,False,275884.55283229525,488.34212888200415,False,278694.91050267464,615.5008107219958,False,280092.15788458724,792.7866193586069,False,1.0785274331120278,11.259811316227548,272171.1899544334,430.8494087139389,0.0,0.0001602147374984,False,627306.5,967.8989868164062,False,636728.2749301195,1127.0701389640892,False,646439.2249598652,1829.7133759378648,False,False,2.489189426882049,25.987102800128017,False,False
2MASS J03320626-2745426,53.02604603951001,-27.76189579819,2025111100215,-1,i,20251111,i_39,0.2859325118419347,53.026113108417896,-27.76194858245476,746053852724726666,746053852724725323,521.6331415286794,2739.0900738674763,0.005407229,0.004381746,53.026113108417896,-27.76194858245476,3.005258e-07,2.4375464e-07,449948.95269186137,837.4849420431699,440508.8294473873,643.1131248802701,False,450115.4232032429,732.9209020066819,False,456295.4973459084,905.541411989402,False,460076.474329124,1206.8670425495975,False,462301.1024627871,1611.2277422252396,False,2.582745248962289,24.602340879218684,448583.4501767405,661.7511291355173,0.0,1.0085612083488016e-05,False,775869.3125,1263.344482421875,False,786521.9798583984,1560.8925101045832,False,796873.9128804207,2777.292437004005,False,False,4.45190872690935,42.40734780427875,False,False
2MASS J03320626-2745426,53.02604603951001,-27.76189579819,2025111100216,-1,i,20251111,i_39,0.2812949142887616,53.02610932799678,-27.76195028750029,746053852879912962,0,161.3496271851076,20.993397495567187,0.0049212724,0.0042763874,53.02610932799678,-27.76195028750029,2.7357106e-07,2.3771666e-07,,,446248.755474736,647.718429740433,False,455065.9085874341,737.5867983133455,False,461201.9917929923,910.2340359307524,False,,,True,,,True,4.727072699057462,23.99579522881968,456535.735219702,665.2427611654986,0.0,0.0025688376310029,False,782364.8125,1268.0843505859375,False,792914.17578125,1564.905362967341,True,,,False,False,8.12694441856083,41.25438860770399,False,False
2MASS J03320626-2745426,53.02604603951001,-27.76189579819,2025111500098,-1,u,20251115,u_24,0.2936976020312178,53.02611521597867,-27.76194972985829,746071429185274415,746071429185273965,3617.236236016134,951.0407956777564,0.036914892,0.03333244,53.02611521597867,-27.76194972985829,1.9469985e-06,1.963521e-06,103934.81824912934,866.4811511821329,98052.929839496,655.2639103671468,False,105268.81536304751,751.9233719193309,False,110526.08664097592,921.7574181319276,False,114675.42203984,1218.505632016406,False,120041.34450836158,1613.448335327615,False,2.61575971116628,24.296049117515853,105153.15555452324,724.7033597785085,0.0,0.0024736448112255,False,33792.1953125,241.37387084960935,False,35479.82461868972,295.89206069087936,False,38534.30424966663,517.9307954210872,False,False,0.8396813695058245,7.79924077486475,False,False
2MASS J03320626-2745426,53.02604603951001,-27.76189579819,2025111500099,-1,u,20251115,u_24,0.28392021445848,53.02610851529741,-27.76195204419277,746071429343609050,0,2407.501714346904,2542.3878030362603,0.048523117,0.043983318,53.02610851529741,-27.76195204419277,2.5510835e-06,2.5987774e-06,102556.55599337597,925.3756206286696,93785.53959430625,679.1932095808264,False,103052.58856977396,790.9016002710598,False,107983.6686512004,979.2598496100156,False,110724.4240629768,1300.6556118979083,False,111873.06354618272,1728.1207849024574,False,0.0571761271324305,25.40326103989861,103864.0154528921,765.1290466516667,0.0,0.0057764058057048,False,32788.6015625,251.6439208984375,False,34357.54051208496,311.5745221021468,False,35595.04285240173,549.8422179824894,False,False,0.0181919278055086,8.082644174061254,False,False
2MASS J03320626-2745426,53.02604603951001,-27.76189579819,2025111700047,-1,u,20251117,u_24,0.2437522216313927,53.02609804619692,-27.76194546346817,746080218455212060,0,2210.326373137352,514.3595970970483,0.041447803,0.049628,53.02609804619692,-27.76194546346817,2.523905e-06,2.5602676e-06,103776.72857296233,1281.7235234424193,97445.64470556652,913.3433625823036,False,103440.45363809832,1085.9599949560245,False,105828.7504619296,1391.4712608977443,False,106418.81927453815,1909.184823878176,False,108570.228826157,2588.112337597243,False,0.2413307729069959,40.07705929651907,104763.3245514733,955.7100136309816,0.0,0.0007588643835381,False,22138.001953125,232.41375732421875,False,22649.137760162357,297.7983217208742,False,23235.860374450684,553.8996975505531,False,False,0.0516488562652291,8.577166725176367,False,False
2MASS J03320626-2745426,53.02604603951001,-27.76189579819,2025111700048,-1,u,20251117,u_24,0.3105039341655105,53.0261194429068,-27.761952545268574,746080218592051332,0,1341.6435029317825,2308.010505118217,0.04223391,0.04561393,53.0261194429068,-27.761952545268574,2.446183e-06,2.440935e-06,105789.6083258913,1307.3664136135658,98159.29942649808,929.7098496964178,False,104551.39288082568,1107.6135021367647,False,105564.3645895404,1420.3355411033908,False,106162.4193949317,1951.1451726658852,False,106026.04582464873,2644.931472784893,False,-0.7559899280114505,42.45114690951818,104609.4921134296,961.8739252605944,0.0,0.0028721547339536,False,21988.732421875,232.9477996826172,False,22201.77562713623,298.71795393678786,False,22298.874143600464,556.2689202577697,False,False,-0.158996066744176,8.928115491097312,False,False
2MASS J03320626-2745426,53.02604603951001,-27.76189579819,2025111700049,-1,u,20251117,u_24,0.2782329543834874,53.02611035965928,-27.76194808398297,746080218722074726,0,1421.7678078579563,988.5947700404928,0.04224497,0.04559271,53.02611035965928,-27.76194808398297,2.4559022e-06,2.431869e-06,105096.93324663214,1361.931126196782,99910.31635577716,967.5274632140088,False,105472.55946000542,1152.5197744106351,False,107674.48799929468,1484.2948809848783,False,110173.55516991689,2045.750609671659,False,106203.36848410794,2774.357148417515,False,-1.26658819432278,42.00311867982104,107602.7825485902,999.8322351081208,0.0,0.0015025141469932,False,20817.8671875,227.4810028076172,False,21252.47744178772,292.9658089045081,False,20962.112148284912,547.5945491618402,False,False,-0.2499954959438102,8.290453465945214,False,False
2MASS J03320626-2745426,53.02604603951001,-27.76189579819,2025112200246,-1,z,20251122,z_20,0.284560831344789,53.02611204576904,-27.761949057255592,746102235418593435,746102235418591748,1377.374081701574,994.2061099107104,0.0065641026,0.007530116,53.02611204576904,-27.761949057255592,4.080029e-07,3.7680178e-07,460261.0202899135,1310.2709795443748,447017.9524226008,925.755510619666,False,459281.7138517184,1107.1227511683317,False,464776.1433981191,1440.3727173111808,False,468112.4139861214,2000.035185323168,False,469679.50723130937,2730.466932977898,False,1.8754296216274189,41.820649846753525,459186.2976577161,876.7632372489448,0.0,0.0001861615228931,False,521950.875,1258.1900634765625,False,528195.0215072036,1636.9121117881527,False,533767.451164186,3103.0401643347464,False,False,2.131332692956697,47.52709311572768,False,False
2MASS J03320626-2745426,53.02604603951001,-27.76189579819,2025112200247,-1,z,20251122,z_20,0.2846477187348057,53.02611233786864,-27.761948808406487,746102235529742720,746102235529741752,1436.3293407488252,2949.405799968857,0.00645998,0.007051285,53.02611233786864,-27.761948808406487,3.841964e-07,3.6751948e-07,459127.9996051669,1309.840691102458,447459.1715838623,925.3748893670725,False,459386.9272073612,1106.8114182382046,False,467202.3154001302,1441.972445063386,False,469630.0675396231,2004.1987246497488,False,471577.5080470242,2734.0674212735585,False,1.908362129757368,42.15010225133569,458103.3188688928,867.2174567633033,0.0,0.0005697794490095,False,524051.90625,1262.6102294921875,False,532967.4169838428,1644.949744628545,False,537958.4777019918,3118.924721355177,False,False,2.1769901420447586,48.08330434591203,False,False
2MASS J03320626-2745426,53.02604603951001,-27.76189579819,2025112200248,-1,r,20251122,r_57,0.2835878435855279,53.026112770617736,-27.76194793775827,746102235667106478,746102235667105058,3250.908870669969,2397.270051912351,0.0049527804,0.005824235,53.026112770617736,-27.76194793775827,3.1499792e-07,2.8543474e-07,394110.1875120341,599.7543285047107,369986.2567023499,488.2789617214068,False,394157.787422416,541.0053883630856,False,404367.1565420628,630.2045018241693,False,408845.9241381833,790.5739350570368,False,409952.900068502,1015.0279822562914,False,1.383597319790216,14.21919933580235,392610.47760365024,587.443188562211,0.0,7.280982575474937e-05,False,797057.0,1094.0089111328125,False,817702.156285286,1274.3853493173435,False,828997.5210351944,2052.566723960767,False,False,2.7978793369320427,28.753744633873165,False,False
2MASS J03320626-2745426,53.02604603951001,-27.76189579819,2025112200249,-1,r,20251122,r_57,0.2977028439420502,53.026114743012975,-27.761951855826112,746102235825441246,746102235825439129,2225.0951101771207,710.9791253920874,0.0053156824,0.0058188895,53.026114743012975,-27.761951855826112,3.1700657e-07,3.0243322e-07,393763.1346956494,598.1223300820401,374327.2962858833,489.89744801523824,False,394184.6668799125,541.0212156317809,False,402816.21023526334,629.3624867361021,False,407007.43836303736,793.2798522065539,False,408953.2735945286,1020.8684767318972,False,1.8762395251253456,14.70548173141612,399598.9666790955,584.7570956533945,0.0,0.001029809008093,False,800968.5625,1099.3349609375,False,818507.5371339321,1278.8411337319062,False,830977.8213176131,2074.36672456521,False,False,3.812448838359201,29.88099120271138,False,False
2MASS J03320626-2745426,53.02604603951001,-27.76189579819,2025112200252,-1,u,20251122,u_24,0.2817113125212416,53.02611313739936,-27.761946771189475,746102236202401967,0,2797.3433098402115,1359.4734455489167,0.023690883,0.024418356,53.02611313739936,-27.761946771189475,1.3408016e-06,1.3348988e-06,104506.23850299414,843.6285893363148,101456.50929909358,652.9301511269277,False,104509.40624809897,741.4649960324335,False,105728.575668444,909.0546296409964,False,106610.309741816,1204.1187233691594,False,105977.69877269596,1597.5341119542347,False,-0.08658733048272,23.68858326433834,104588.44583869046,697.761653114304,0.0,0.0001029456721748,False,35040.14453125,248.6000213623047,False,35448.91034698486,304.7898438328548,False,35532.436891555786,535.6247651392312,False,False,-0.0290311913885245,7.942360512052609,False,False
2MASS J03320626-2745426,53.02604603951001,-27.76189579819,2025112200253,-1,u,20251122,u_24,0.2865840374255725,53.0261117807768,-27.761950139957406,746102236358640007,0,1860.0059142953564,3304.525530007727,0.024931693,0.02558219,53.0261117807768,-27.761950139957406,1.4045892e-06,1.4041605e-06,103917.70430129016,865.5327017342544,100236.34532368784,667.5190138717962,False,104054.96947648822,759.6835280556046,False,105909.2105222516,929.8913813113974,False,108265.67574334668,1231.1838216150811,False,113167.39759978448,1639.1775590210093,False,2.2950801548656368,24.126643937791137,104632.96287382652,722.0314872214703,0.0,0.0025706564264695,False,34303.1875,250.4403839111328,False,34914.46419906616,306.55180207386866,False,37307.2278842926,540.3779890166154,False,False,0.7566055256752934,7.953688275606992,False,False
2MASS J03320626-2745426,53.02604603951001,-27.76189579819,2025112200254,-1,u,20251122,u_24,0.2776269632874557,53.02610978006693,-27.761948390317727,746102236472410327,0,2786.419986626333,1852.077444509718,0.025328916,0.027226275,53.02610978006693,-27.761948390317727,1.4578096e-06,1.4665692e-06,104160.7467729292,868.634120044053,100910.4757045481,671.3087626188573,False,104040.83226549836,762.6342205059751,False,105806.80561087588,934.6606419159796,False,106308.52294789332,1234.610939704414,False,106837.86846283075,1639.942615830049,False,0.2560507335593557,24.71891508527476,105059.81789745492,724.0551915731959,0.0,0.0005361670112888,False,33956.64453125,248.90707397460935,False,34533.01947784424,305.0527228953712,False,34869.53576660156,535.2412821466438,False,False,0.0835693405378892,8.067711440512742,False,False
2MASS J03320626-2745426,53.02604603951001,-27.76189579819,2025112600270,-1,i,20251126,i_39,0.2849277229221491,53.02611115986259,-27.76195005325091,746119830804368379,746119830804366250,802.494232810243,1411.5563565267048,0.004054625,0.0045897877,53.02611115986259,-27.76195005325091,2.278473e-07,2.5299954e-07,450708.4617857698,834.2651208326721,444493.0979872564,646.0109566578376,False,451059.3233508964,734.0864757211056,False,455875.9199805659,905.1919775105002,False,458611.2028502086,1207.9151611054024,False,458240.98678164,1609.5404421805683,False,2.121427596949172,24.56326581184484,451670.1838349791,662.6773194935781,0.0,0.0001774238413002,False,773179.375,1258.327880859375,False,781435.7017822266,1551.626872995866,False,785489.7602539659,2758.9796035637632,False,False,3.6364264712047727,42.10490621781606,False,False
2MASS J03320626-2745426,53.02604603951001,-27.76189579819,2025112600271,-1,i,20251126,i_39,0.2904927176423076,53.02611390551208,-27.76194969424241,746119830940159227,746119830940158018,2153.028285901385,3226.2840238679155,0.004189232,0.0042120866,53.02611390551208,-27.76194969424241,2.3292819e-07,2.3404742e-07,450351.19562918943,835.1007282370872,444350.9437251849,645.3352402944747,False,450873.86133522016,733.296306280822,False,455648.1584685043,903.6954600789132,False,458243.2563367902,1203.6652067601765,False,457370.9481162537,1606.0270764884935,False,1.396950053369988,24.995570179522787,448379.16887821216,656.436800408557,0.0,0.000187010826853,False,773232.0,1257.5760498046875,False,781419.7430419922,1549.8042976330637,False,784374.2635834217,2754.277049305508,False,False,2.395717685803679,42.8664785840913,False,False
2MASS J03320626-2745426,53.02604603951001,-27.76189579819,2025112600272,-1,i,20251126,i_39,0.2831827995910876,53.02611237996279,-27.761948157783465,746119831072803700,746119831072801676,806.3948408099942,1411.7163125772074,0.004596406,0.0046061417,53.02611237996279,-27.761948157783465,2.5556773e-07,2.5602495e-07,451912.37969377707,839.8651513307034,443592.8243414357,647.1797718874617,False,451319.7574025071,736.535109922133,False,456353.6295646329,909.6025573078604,False,458224.6017932351,1212.2886642349033,False,459800.83868253184,1619.1676769851033,False,1.6592716276101716,24.57476382226504,452331.0236941712,665.0417818219037,0.0,0.0003524812004097,False,771979.875,1259.839111328125,False,780590.2846679688,1555.869994550125,False,786486.7162340283,2769.577091144773,False,False,2.8381746703173056,42.03499357717527,False,False
2MASS J03320626-2745426,53.02604603951001,-27.76189579819,2025112600273,-1,i,20251126,i_39,0.2852272727879758,53.0261122697116,-27.761949114604445,746119831208594577,746119831208593403,2157.082723538816,3225.99043623622,0.004515616,0.004476122,53.0261122697116,-27.761949114604445,2.5087493e-07,2.4892486e-07,448389.1063601132,832.1521071808796,440068.2657819876,642.8360566492399,False,448143.8655016892,731.9107719807056,False,453175.9760733502,900.3887800936352,False,455103.2264250671,1202.886216461412,False,456975.0297315417,1607.5273194714575,False,1.6930985536854686,24.062196475407816,448852.1241834317,663.88693507042,0.0,0.0006238192607178,False,768752.4375,1255.5302734375,False,777384.5924072266,1544.5398736402528,False,783901.5437363684,2757.575502697283,False,False,2.904365629587141,41.27663818708223,False,False
2MASS J03320626-2745426,53.02604603951001,-27.76189579819,2025112600274,-1,i,20251126,i_39,0.2848963857763198,53.026112632233,-27.76194862223851,746119831341239386,746119831341237183,821.0354598883698,1419.908107865063,0.003981696,0.0039731837,53.026112632233,-27.76194862223851,2.213069e-07,2.2090758e-07,452454.4753429383,839.526481528146,446903.4494412441,650.3966107974459,False,452867.03503700526,738.8818840924861,False,458241.3976229255,909.3382735216594,False,462175.38567098166,1213.9997196967988,False,461391.2909871957,1620.1599768623296,False,3.0494579338517047,24.155955750139896,453456.6721766424,664.8942568617703,0.0,4.918264064002198e-05,False,774536.9375,1263.7071533203125,False,783728.69140625,1555.2381318005437,False,789115.943228662,2770.954054177248,False,False,5.2154774500810746,41.31384830774896,False,False
2MASS J03320626-2745426,53.02604603951001,-27.76189579819,2025112600275,-1,i,20251126,i_39,0.2883286118586852,53.02611381213594,-27.76194888348232,746119831477029016,0,2163.410274690355,3231.344976482504,0.004267889,0.0038306632,53.02611381213594,-27.76194888348232,2.3591669e-07,2.1437927e-07,451344.1731396157,836.4561483331964,444990.8070945392,646.6343008648116,False,451434.9048232543,734.8622633059513,False,456792.75851418165,907.544512178885,False,458624.9427021804,1208.9258780822215,False,460145.9093976797,1613.5533214731358,False,3.162047204387734,24.583621250058368,452645.9797242279,667.6838951471689,0.0,2.593165491227012e-06,False,774626.625,1260.965576171875,False,783820.2785644531,1557.2746701579108,False,789574.0205198228,2768.7299992002977,False,False,5.425823142728732,42.18355150598458,False,False
2MASS J03320626-2745426,53.02604603951001,-27.76189579819,2025112800039,-1,i,20251128,i_39,0.2778023133939054,53.02611022435918,-27.761948037469374,746128595870550476,746128595870548814,424.4289039119438,1440.0107812318895,0.0058306293,0.004563317,53.02611022435918,-27.761948037469374,3.20798e-07,2.5779883e-07,450261.25946445967,959.7704291203476,439773.5773736043,701.8670924915505,False,450395.8448656594,822.0280496605541,False,458451.4827061813,1048.3180170004105,False,461177.4063232566,1430.970402824598,False,460749.5505452424,1936.76253825935,False,2.8013035355643905,30.12901562827089,448361.7286950457,692.7565243282161,0.0,9.289650614308088e-07,False,768734.625,1403.03564453125,False,782483.9697265625,1789.2668568466152,False,786406.3067965508,3305.6619871946955,False,False,4.781258636090621,51.4241367780076,False,False
2MASS J03320626-2745426,53.02604603951001,-27.76189579819,2025112800040,-1,i,20251128,i_39,0.278294167654255,53.02610942678971,-27.76194899329098,746128596005291891,0,182.3751910099645,3377.769028925435,0.0055504064,0.004418764,53.02610942678971,-27.76194899329098,3.0473228e-07,2.5033364e-07,449380.80002382136,948.3253603213516,439853.2914216869,697.0972115293873,False,449243.8526447794,814.8766882451183,False,455263.8287997797,1036.722438443869,False,458345.9341980121,1415.7071369809353,False,457641.0506362999,1915.3354941693824,False,2.097732592075425,28.96289093201009,449245.4227220334,684.0225826130732,0.0,7.528102763076916e-05,False,766611.0625,1390.5443115234375,False,776883.8359375,1769.1124438857266,False,780940.4402675629,3268.4195222369854,False,False,3.5796705993512905,49.42365367883213,False,False
2MASS J03320626-2745426,53.02604603951001,-27.76189579819,2025112800297,-1,i,20251128,i_39,0.2857962385195285,53.02611205741537,-27.76194955405639,746128630509734361,746128630509733226,617.8314074551823,2737.8180826957105,0.0057492857,0.0054448526,53.02611205741537,-27.76194955405639,3.1735738e-07,3.0392945e-07,447997.1476538428,962.3279584431364,433038.37786525016,701.8466764635806,False,448477.4988622051,822.1178515453037,False,458551.02220002457,1045.7638753278147,False,465055.6260700991,1425.6640761102915,False,466285.5741901228,1924.344753499544,False,3.814121731732209,29.565990274407763,445951.2017237773,709.4191469685182,0.0,7.027055212383004e-06,False,752175.75,1378.83642578125,False,769070.8227539062,1753.930195479636,False,782043.0286256075,3227.4650609992204,False,False,6.396953874910993,49.58737275686211,False,False
2MASS J03320626-2745426,53.02604603951001,-27.76189579819,2025112900038,-1,z,20251129,z_20,0.2828126548576019,53.02611147149924,-27.76194889337794,746132993803288657,0,721.7654700758123,209.6561041545513,0.0067515112,0.006386913,53.02611147149924,-27.76194889337794,3.7482502e-07,3.5556596e-07,458382.4345967779,1641.877949299751,447675.7340842804,1091.6676296186915,False,458351.2409938888,1354.8884982320578,False,466248.221632722,1828.628155240362,False,470032.5730332857,2599.2587060777123,False,474305.64862668735,3588.4024228560124,False,4.7117197471082095,55.971112239486985,459736.9630676634,909.7789159551888,0.0,1.9775735560223493e-07,False,546286.875,1614.82666015625,False,555698.9077148438,2179.4542506247767,False,565302.1687500477,4276.84485281142,False,False,5.615672930092171,66.70928593818572,False,False
2MASS J03320626-2745426,53.02604603951001,-27.76189579819,2025112900039,-1,z,20251129,z_20,0.2850084101396797,53.02611135634979,-27.761949900791343,746132993939603743,0,1442.429692234324,717.6139196265963,0.0067173718,0.006401375,53.02611135634979,-27.761949900791343,3.731563e-07,3.5604396e-07,461492.6211320401,1658.8079607732118,448030.7493442533,1101.5775539175677,False,459408.7853197318,1368.9276178946843,False,464113.9252148612,1850.9349956479084,False,465555.02486045856,2634.769158836214,False,466106.032770731,3633.6447446308366,False,1.5688020890018042,57.14907629981228,457543.1938531115,908.9543589879584,0.0,2.1091928589234143e-05,False,548758.6875,1635.1688232421875,False,554378.9248046875,2210.921278209041,False,556758.4751368761,4340.348257635394,False,False,1.8739166572723192,68.26393639881351,False,False
2MASS J03320626-2745426,53.02604603951001,-27.76189579819,2025112900047,-1,z,20251129,z_20,0.2885234830736954,53.0261126735146,-27.761950080377204,746132995010724440,0,1529.488121602062,1367.609106472469,0.0066450676,0.0059479508,53.0261126735146,-27.761950080377204,3.684589e-07,3.3160558e-07,461528.2383045092,1576.8857231312077,449738.5557523591,1059.7046832857516,False,461074.868337008,1307.9815197870548,False,467394.2476582295,1756.2674462566229,False,470825.0292721617,2492.479182312416,False,471297.616609766,3431.0002894309728,False,2.371808076220652,53.22453335708302,465458.2826870818,902.530284800612,0.0,3.529479057629015e-05,False,551390.4375,1564.1895751953125,False,558947.6599121094,2100.2859666830377,False,563615.622669816,4103.066292629085,False,False,2.836398994224621,63.65018080327192,False,False
2MASS J03320626-2745426,53.02604603951001,-27.76189579819,2025112900053,-1,z,20251129,z_20,0.2851138353378849,53.02611153141654,-27.761949777793458,746132995853779217,0,528.6227249480299,690.8943918920385,0.006342866,0.006624061,53.02611153141654,-27.761949777793458,3.525506e-07,3.6704193e-07,461974.3434695389,1549.2798510893049,448643.9660819266,1040.9426508061815,False,460528.3473165175,1282.734437349481,False,466760.3882496055,1719.1536100076917,False,470383.9424815298,2433.925855068967,False,470688.7943803,3351.880094318845,False,2.9226873780167697,51.86226977122447,461644.9049828269,892.1193410082503,0.0,0.0006063621058435,False,548841.0,1528.7164306640625,False,556268.1206054688,2048.8249897497462,False,560949.8527110815,3994.6492622346063,False,False,3.4831529320292267,61.80757421202876,False,False
2MASS J03320626-2745426,53.02604603951001,-27.76189579819,2025113000041,-1,z,20251130,z_20,0.2857126973706198,53.02611233730984,-27.76194924919597,746137392254026617,0,3457.225716259739,1574.3229502097413,0.0050803595,0.0040569385,53.02611233730984,-27.76194924919597,2.80172e-07,2.2830885e-07,458671.35760538187,1426.8673106481106,450761.03835652105,985.581190901484,False,457427.1154942818,1197.4966520735288,False,461297.1950900186,1586.770757885787,False,465142.1172808732,2231.294360112596,False,469084.27004308783,3062.5642920822324,False,6.599274885886933,48.19248731803572,453541.4356108726,842.264174337421,0.0,8.455248036476348e-05,False,545611.5625,1428.3543701171875,False,550227.7299804688,1892.674140237312,False,559516.0252925158,3652.976467855635,False,False,7.871506869384068,57.48320861552337,False,False
2MASS J03320626-2745426,53.02604603951001,-27.76189579819,2025121000243,-1,z,20251210,z_20,0.2855606878239769,53.02611334701513,-27.761948187854514,746181399826925532,746181399826924537,949.5665803146816,2470.605232973849,0.006619977,0.006118977,53.02611334701513,-27.761948187854514,3.567684e-07,3.517986e-07,460726.0014272193,1412.5215751654896,446824.4708705744,971.8627398166034,False,460183.1468570415,1180.8165214018618,False,467045.1478674279,1562.7589160903567,False,470195.8883906661,2193.630007260409,False,471051.76197248936,3003.8714472354086,False,1.280024615195206,47.29490187909349,461345.7513767559,891.2994792061065,0.0,0.0001026670069455,False,546558.25,1402.4525146484375,False,554708.2296099663,1856.084439823228,False,559466.8740945458,3567.6898048941016,False,False,1.5202816930958845,56.17202407672987,False,False
2MASS J03320626-2745426,53.02604603951001,-27.76189579819,2025121000245,-1,z,20251210,z_20,0.2853407198259603,53.02611170514429,-27.761949704983028,746181400121050220,0,2999.5997948465506,2453.5928297837586,0.006996446,0.0057202927,53.02611170514429,-27.761949704983028,3.746299e-07,3.3456334e-07,461134.9644376452,1417.3437708994236,450487.51147761976,976.7341207727628,False,461048.0582948929,1186.885194135632,False,468043.3321110025,1575.1181260183123,False,468874.32976339787,2209.27833298188,False,470310.8401908112,3028.5799810091507,False,0.9363898551769404,46.00319298505658,458308.9659835594,853.1347926055414,0.0,0.0007289675706878,False,547223.375,1408.72802734375,False,555526.1479492188,1869.526270495876,False,558217.4800174236,3594.6572788844164,False,False,1.1114121568167172,54.60173201718013,False,False
2MASS J03320626-2745426,53.02604603951001,-27.76189579819,2025121000246,-1,z,20251210,z_20,0.284089757162628,53.02611312035062,-27.76194779698689,746181400255793020,746181400255792002,646.8978830449596,2298.977861773607,0.00968557,0.0077173966,53.02611312035062,-27.76194779698689,5.207464e-07,4.5013272e-07,457068.7903642916,1465.188755591564,438488.68115067045,994.4867512173104,False,457278.24404442776,1216.2265105940278,False,468185.18312805815,1607.9822047823625,False,472438.141839238,2269.309429919375,False,472493.4045760515,3114.8891431892093,False,0.9966020914986768,48.45238075880901,456233.8907371313,922.0600130035476,0.0,0.0002573922057366,False,532527.6875,1416.3680419921875,False,545229.466173172,1872.590826714922,False,550246.6460517645,3627.47349965822,False,False,1.1606023554706677,56.42567652278508,False,False
2MASS J03320626-2745426,53.02604603951001,-27.76189579819,2025121400776,-1,i,20251214,i_39,0.2813004525978939,53.0261106756487,-27.761949036637944,746199063579331542,746199063579329206,3019.5005967305306,1023.2923358955632,0.0049390877,0.0052398075,53.0261106756487,-27.761949036637944,2.830701e-07,2.8274346e-07,449533.2348784453,783.0765861880533,437319.7979944488,617.4458682944039,False,449172.7598339865,693.6887882954009,False,455870.7045393477,840.6618240862813,False,459365.0773827636,1099.4879285732695,False,461968.7417297147,1451.6747827499794,False,3.4826249729394068,21.614734024650417,446111.97558063234,667.253173881033,0.0,0.0001115921259796,False,764040.0,1179.960205078125,False,775433.1612294912,1429.9604016776866,False,785805.8836017251,2469.289547794994,False,False,5.923922869472484,36.76652473381878,False,False
2MASS J03320626-2745426,53.02604603951001,-27.76189579819,2025121400777,-1,i,20251214,i_39,0.287152080513938,53.026113262264005,-27.76194893884952,746199063693626492,746199063693623976,924.6431295074788,982.5638707615587,0.0046105236,0.0050734733,53.026113262264005,-27.76194893884952,2.6901512e-07,2.698351e-07,449613.7520533318,784.5011645906972,439334.0533646753,620.6363356443482,False,449306.8867379643,696.2458320595578,False,454847.7697933471,842.9203895931291,False,458743.22365742805,1103.9302347982607,False,457956.33311305614,1456.7342558750947,False,3.2543069127951947,21.36691009098177,448121.6794636104,671.8587527250885,0.0,5.411091574814009e-07,False,765770.0625,1186.6370849609375,False,775213.5909409523,1436.6198660064174,False,780511.6284246445,2482.765154716926,False,False,5.546433588182952,36.41640170395471,False,False
2MASS J03320626-2745426,53.02604603951001,-27.76189579819,2025121400778,-1,i,20251214,i_39,0.2861774569194724,53.02611311255651,-27.76194868067128,746199063825747342,746199063825745231,2461.093678349854,1790.1462694563525,0.004476499,0.0046600774,53.02611311255651,-27.76194868067128,2.5316334e-07,2.547332e-07,450854.6494659834,782.1698248121666,441728.4718636261,621.4918912299113,False,450763.5087872246,696.1828464325928,False,456205.2010924954,840.3162244130887,False,458836.4542977056,1100.0855558494088,False,459887.3987707129,1452.3452432685365,False,3.0895180953860586,21.39028696050783,445542.85275360045,662.6439296034848,0.0,9.87805442622669e-05,False,767302.0,1185.0615234375,False,776564.9977977872,1430.4093101044868,False,782832.9356139898,2472.221881599698,False,False,5.259062385071887,36.41113276788998,False,False
2MASS J03320626-2745426,53.02604603951001,-27.76189579819,2025121400782,-1,i,20251214,i_39,0.284800309699027,53.02611105937487,-27.76195009598533,746199064384638058,746199064384635828,3323.5204202668224,1337.9110355818711,0.0043128366,0.0052830908,53.02611105937487,-27.76195009598533,2.521251e-07,2.828775e-07,448009.9090179039,778.3794838853823,438239.8579740329,615.850045108833,False,448130.1949246598,690.3483831276183,False,454395.3525332537,834.87333581329,False,459027.6998315332,1090.7397119426903,False,460088.36096285353,1440.5820165792836,False,3.971578004303362,21.780106992832337,447843.7426919805,667.9577203790825,0.0,0.0002733551080209,False,767963.1875,1183.0538330078125,False,778699.8226604462,1430.7270418091855,False,788455.9626161456,2468.733349899351,False,False,6.806115138263498,37.32468952046093,False,False
2MASS J03320626-2745426,53.02604603951001,-27.76189579819,2025121400783,-1,i,20251214,i_39,0.2852855226534799,53.026112764354906,-27.76194865372829,746199064494739057,746199064494737777,1480.4349339363405,3519.0090628962907,0.004415056,0.0051881815,53.026112764354906,-27.76194865372829,2.5434238e-07,2.8056144e-07,450360.92547160055,784.8210577504326,440093.13070750993,620.9397342178917,False,449950.5803411405,696.4670271821669,False,456084.3383175252,842.0604472173802,False,458520.5536142105,1100.9938543208998,False,458497.3402183381,1454.402439408533,False,2.7896645891047607,21.463257528659405,448684.1007407608,669.2189682700343,0.0,4.776895109759316e-05,False,764463.4375,1183.29345703125,False,774884.6568789482,1430.6558368577523,False,778984.3331731558,2471.021345267889,False,False,4.739624026359012,36.465950589210735,False,False
2MASS J03320626-2745426,53.02604603951001,-27.76189579819,2025121400784,-1,i,20251214,i_39,0.2891054698656011,53.02611284945409,-27.76195014992426,746199064630005189,746199064630003816,1224.9083203639495,3136.17041053872,0.004728489,0.0053783716,53.02611284945409,-27.76195014992426,2.6839166e-07,2.9390293e-07,449662.7382655553,786.0593529362679,438137.2635082951,619.7740639331365,False,449814.3232171916,696.3045030845398,False,457329.419275501,841.9481794270025,False,460620.5163231521,1102.950130595643,False,464348.298994528,1457.3324971442837,False,3.148888570976159,22.37095871280443,445033.3153771896,668.6572804995081,0.0,0.000968051205616,False,762223.75,1179.90869140625,False,774958.3038003445,1426.706233004177,False,786852.0042542815,2469.493263409994,False,False,5.335885344279443,37.9082549421967,False,False
2MASS J03320626-2745426,53.02604603951001,-27.76189579819,2025121400786,-1,i,20251214,i_39,0.2815858676132974,53.02611087510177,-27.761948963103304,746199064916790190,746199064916787222,3244.634994693912,23.8946824547588,0.0049315225,0.0048856237,53.02611087510177,-27.761948963103304,2.739384e-07,2.7157995e-07,452561.6545557215,783.1680010419907,440734.9542686274,619.4213488653202,False,452124.9006843048,694.718781471168,False,458654.2285820823,839.4709481558483,False,,,True,,,True,3.882102140457018,21.334865194016366,451273.5132501853,675.3311403143323,0.0,7.108789776832936e-07,False,770814.0625,1184.405029296875,False,781945.7160644531,1431.1886182764256,True,,,False,False,6.61847847220218,36.37316610564752,False,False
2MASS J03320626-2745426,53.02604603951001,-27.76189579819,2025121400787,-1,i,20251214,i_39,0.2868199361804752,53.02611377395995,-27.76194828767296,746199065033706905,746199065033705815,2448.354327923002,3586.1365111992927,0.0051628007,0.0050362074,53.02611377395995,-27.76194828767296,2.86531e-07,2.8034592e-07,449305.3280983191,783.3546568119827,437681.4535396856,617.4241827114021,False,449360.7561414216,693.458893340649,False,456491.9345466626,838.8747644623274,False,460082.4643896366,1097.312577415215,False,461293.855575716,1448.7697219076445,False,3.0799735606693166,21.21558083659872,443447.8848942756,664.8229689566533,0.0,0.0012535855760908,False,764478.3125,1179.7520751953125,False,776610.2825460434,1427.1419022919004,False,784779.5862399638,2464.730213015051,False,False,5.239827817683462,36.09316393344767,False,False
2MASS J03320626-2745426,53.02604603951001,-27.76189579819,2025121400788,-1,i,20251214,i_39,0.2893992516109189,53.02611215515697,-27.761950929765877,746199065167400610,746199065167399617,974.9856964376193,3929.2988469319207,0.0049680728,0.0044161407,53.02611215515697,-27.761950929765877,2.7347056e-07,2.4842797e-07,450059.74107920856,783.4855739168554,439859.2067756884,620.2757477892541,False,449648.8630512331,695.0905130379716,False,455308.3642375666,839.5386232569513,False,458585.206827943,1097.668533182865,False,459014.07824122027,1447.8414437412316,False,3.4285733768881204,21.656200953249574,445395.3119224105,667.3380234285551,0.0,0.0003827766419642,False,766864.25,1185.45849609375,False,776516.3796710968,1431.8109297579128,False,782836.3769481778,2469.255310330962,False,False,5.847341264015824,36.93407826980488,False,False
2MASS J03320626-2745426,53.02604603951001,-27.76189579819,2025121600059,-1,i,20251216,i_39,0.2928437590200311,53.02611321005403,-27.761951333245594,746207763436145258,746207763436143022,3820.896236183108,737.5882802204575,0.00448498,0.0059308894,53.02611321005403,-27.761951333245594,2.5689224e-07,3.2369022e-07,450765.6262480773,821.9116294988008,438984.73180807056,636.8594697492697,False,451088.3218138656,721.5316870109361,False,459266.0218870992,883.4246049120426,False,464696.45970780094,1166.835874301981,False,466209.23776858073,1549.8311700074134,False,3.101539764480511,24.31230701786344,450713.2657217769,680.4224594995566,0.0,0.0001804402788718,False,759702.3125,1215.170654296875,False,773474.8208007812,1487.823299375976,False,785168.267308414,2610.154745537953,False,False,5.223471363461316,40.945675093983546,False,False
2MASS J03320626-2745426,53.02604603951001,-27.76189579819,2025121600060,-1,i,20251216,i_39,0.282933425785659,53.0261115641268,-27.76194885356392,746207763569839302,746207763569838296,3591.6171370838706,3666.789774711782,0.0042731413,0.005649031,53.0261115641268,-27.76194885356392,2.4223203e-07,3.102379e-07,449354.8106096058,817.6503155003534,438771.3566795436,635.2198584905108,False,449346.99038418056,718.9309146507217,False,457248.185480157,879.6214554824526,False,460483.3071247424,1162.2863175453592,False,462308.3029954737,1545.1464605364165,False,3.682975546945574,23.15253606313296,446470.1859943882,675.0266097908026,0.0,0.0007402784676484,False,758766.6875,1213.9857177734375,False,772108.6342773438,1485.3275359866443,False,780653.1415014267,2609.1321109354453,False,False,6.219067259157893,39.095339396460666,False,False
2MASS J03320626-2745426,53.02604603951001,-27.76189579819,2025121600061,-1,i,20251216,i_39,0.2862784145846656,53.02611344439437,-27.76194839166424,746207763683609759,746207763683608001,1962.6642090778987,2184.630771556746,0.0044393116,0.0056989277,53.02611344439437,-27.76194839166424,2.495033e-07,3.1458754e-07,450569.5540072013,821.3870580219191,439831.8853700494,636.9440087500886,False,450514.49472329166,722.0258236254239,False,457385.25030393247,884.6422681073861,False,460036.89921029774,1172.3587943102823,False,462398.5295866357,1558.97470629069,False,2.5329737371871204,23.958080973917905,450747.5078687631,665.3005950936777,0.0,1.502353389581934e-06,False,759322.125,1216.9423828125,False,770902.4776611328,1491.0251606814545,False,779352.1367126107,2627.5824655297083,False,False,4.26921447193712,40.380278923569314,False,False
2MASS J03320626-2745426,53.02604603951001,-27.76189579819,2025121600086,-1,i,20251216,i_39,0.2871154968083482,53.02611291076301,-27.761949269829238,746207767035383006,746207767035381135,849.0216000596453,2028.8940525941744,0.004220169,0.004210553,53.02611291076301,-27.761949269829238,2.3436566e-07,2.3419166e-07,448936.3080807959,825.8770163118179,439393.46404169744,641.7225416921945,False,449955.1498059294,727.1509935600494,False,457325.1945431683,888.944005081345,False,461769.2778282838,1179.2223196882828,False,464686.128979067,1569.0126148087304,False,7.015825357479524,24.55774270595471,445728.0751826571,688.107057402878,0.0,0.0004090044719162,False,760658.5625,1229.263916015625,False,773117.7767968178,1502.7783754443385,False,785561.5899392664,2652.448539903449,False,False,11.860399049712347,41.51537608362363,False,False
2MASS J03320626-2745426,53.02604603951001,-27.76189579819,2025121600087,-1,i,20251216,i_39,0.286770475124917,53.026112864306285,-27.761949172356548,746207767171695519,0,92.44788873597444,1407.9744920001897,0.0041709035,0.0047318554,53.026112864306285,-27.761949172356548,2.4578404e-07,2.5007145e-07,449834.10713178274,826.7447388843178,439334.0425867388,640.1769560228678,False,450134.3404308046,725.6190451266126,False,458649.75245589175,889.6654929400029,False,463185.24876781774,1176.2750854172348,False,465964.15635164175,1564.6060880114446,False,5.630771022139192,24.492698016419453,446429.5035883853,687.1413435484098,0.0,0.0004005907058902,False,757575.0,1221.215087890625,False,771906.4177246094,1497.3048605200324,False,784216.5416889787,2633.228240242376,False,False,9.476573933494048,41.221151183512696,False,False
2MASS J03320626-2745426,53.02604603951001,-27.76189579819,2025121600088,-1,i,20251216,i_39,0.2872303814539155,53.026114561675314,-27.76194765647924,746207767303294446,746207767303293269,3888.615557157904,3740.937267277347,0.004681332,0.0048700557,53.026114561675314,-27.76194765647924,2.6532288e-07,2.6555296e-07,448898.5473917189,821.4251712958978,437476.47866016673,636.5900175493503,False,449130.0478310192,721.2342952464137,False,457752.06524638383,883.1428975678936,False,462297.5353232047,1167.6790252620344,False,465158.8072710646,1550.2325365839938,False,4.6791576441591465,24.07121994316236,468530.24933308025,716.9175305648653,0.0,0.0018417334387296,False,757838.625,1216.97314453125,False,772386.9676333666,1490.1692781489835,False,784884.7179371398,2615.781552867941,False,False,7.895366636751883,40.61652145496654,False,False
2MASS J03320626-2745426,53.02604603951001,-27.76189579819,2025121600092,-1,i,20251216,i_39,0.2866233075504123,53.02611216931023,-27.761949785641267,746207767866379329,746207767866377348,2396.101116007723,1728.4011001503786,0.005289012,0.0046100095,53.02611216931023,-27.761949785641267,2.8712097e-07,2.637745e-07,450966.66402876814,817.9349386045973,439684.7537054928,636.1464199246575,False,451242.6206708984,719.0381359261926,False,460225.1815558908,878.5273056302146,False,464849.41766018,1158.0016101156905,False,467365.2464192083,1535.5755236071248,False,4.758353182942985,23.28334469479165,447474.340709343,676.2818782275298,0.0,0.000490150454222,False,758462.25,1208.5810546875,False,773560.4101194143,1476.6552767645144,False,785561.6471774876,2581.041801743752,False,False,7.997984002627597,39.13535024347079,False,False
2MASS J03320626-2745426,53.02604603951001,-27.76189579819,2025121600093,-1,i,20251216,i_39,0.2854346368468696,53.02611222510166,-27.761949243453937,746207767978577027,746207767978575399,1163.0576150555414,2397.641497276495,0.004862323,0.004336866,53.02611222510166,-27.761949243453937,2.638059e-07,2.4810657e-07,450478.4299547545,813.8949262327166,438435.1533977495,633.6038465293614,False,450728.0191829,715.7625083032356,False,459499.6585259935,873.0127513642406,False,464994.7227633357,1149.6681498082746,False,467428.6178648133,1522.438026050706,False,5.177375007110731,22.487207003264658,448560.07943066186,691.2427248273654,0.0,0.0001033958473765,False,753530.75,1196.6175537109375,False,768195.2476385385,1459.509782612639,False,781450.9460265189,2545.2242123270053,False,False,8.655577434950409,37.59429464645568,False,False
2MASS J03320626-2745426,53.02604603951001,-27.76189579819,2025121600094,-1,i,20251216,i_39,0.2915091247539816,53.02611312198954,-27.761950872892367,746207768133241896,746207768133239295,1522.4442105346177,646.5172610213962,0.004299809,0.0044894083,53.02611312198954,-27.761950872892367,2.4197868e-07,2.466082e-07,451032.2290492457,805.5360908974827,440445.15515526966,631.6869816539245,False,450714.3692028395,712.1376181843768,False,457050.7667643367,867.1987207354804,False,460637.03015478095,1143.6363669216923,False,461872.46130828577,1513.3489565688767,False,4.174590637507838,23.11935841179166,449188.96142359136,678.2997680807152,0.0,0.0001602622372589,False,758729.5,1198.8076171875,False,769396.1485076547,1459.836421341513,False,777512.9562698603,2547.5613284170213,False,False,7.0274774525228265,38.918970520341176,False,False
2MASS J03320626-2745426,53.02604603951001,-27.76189579819,2025121600095,-1,i,20251216,i_39,0.2842488654402209,53.02611099932408,-27.76194992904585,746207768247012855,746207768247011821,1704.9549419167024,3726.594393381084,0.004076779,0.0046386733,53.02611099932408,-27.76194992904585,2.3722801e-07,2.4810362e-07,450546.74800236407,807.1652601634029,440341.2480431046,631.7144772237993,False,450422.68333715945,712.336786909309,False,456885.7203482507,867.4721062309318,False,460203.45655318286,1141.682307872726,False,463756.87088652136,1514.3283483079467,False,4.270372074338437,23.783980035398265,449320.6069227573,676.5212009343272,0.0,4.049019303031809e-05,False,758469.375,1199.508056640625,False,769352.520595789,1460.741322724206,False,780922.89093256,2549.986309251123,False,False,7.190904361751351,40.049982249579045,False,False
2MASS J03320626-2745426,53.02604603951001,-27.76189579819,2025122000261,-1,r,20251220,r_57,0.3114537313920449,53.02612340772292,-27.761948691763397,746225382738363840,746225382738363172,68.73540529503812,2943.7775259810846,0.012893516,0.011680392,53.02612340772292,-27.761948691763397,6.7353506e-07,6.939662e-07,387147.7646909046,775.6411720029654,341794.4114477869,554.4663698209068,False,388772.49458974914,654.7291215284982,False,416205.7751313793,817.7103487574608,False,425620.9238931299,1087.850189307488,False,432238.4858839072,1448.007247784701,False,1.373321131982446,21.607827690432767,378111.4140150151,620.0918730300475,0.0,6.832839966941506e-05,False,709204.625,1194.36669921875,False,759248.8274829388,1491.6795023298062,False,788495.9392905235,2641.4765742265254,False,False,2.5052330398012344,39.41732387840086,False,False
2MASS J03320626-2745426,53.02604603951001,-27.76189579819,2025122000262,-1,r,20251220,r_57,0.3069822286080599,53.02611052405848,-27.76195916546165,746225382850560754,0,502.5645816652956,2755.4211688068804,0.0118442755,0.013018138,53.02611052405848,-27.76195916546165,6.989624e-07,6.849466e-07,388544.1651181714,783.4194485044691,340376.33367982163,556.9939520226441,False,388762.7836271919,658.9818673225601,False,415998.53922244033,823.7806690660074,False,426809.5600678024,1098.0615090524657,False,432175.44651699264,1459.9303204646064,False,0.4584480245280253,21.84682050519105,372263.8645216186,619.6015660275447,1.0,0.0650545360430958,False,704714.875,1194.544189453125,False,754085.4498291016,1493.2769176407935,False,783409.5201416016,2646.4328804722645,False,False,0.8310341316237735,39.60198874444498,False,False
2MASS J03320626-2745426,53.02604603951001,-27.76189579819,2025122000265,-1,u,20251220,u_24,0.2847571754523168,53.02611281089507,-27.76194838719797,746225383248494683,0,1463.931981101819,2052.285040574349,0.044634372,0.046505425,53.02611281089507,-27.76194838719797,2.5150157e-06,2.5581528e-06,103750.44086239429,1247.657945356444,93333.49493005304,842.840850201233,False,105309.45284772733,1028.1723586125036,False,113036.34346879977,1342.3811919733892,False,115038.82495529194,1853.41321983113,False,119259.7797753321,2519.6869775963846,False,0.8577716201792698,39.25941261717259,104877.92947941078,916.65638609901,0.0,0.0064519879008474,False,29776.462890625,290.71783447265625,False,31961.256996154785,379.5610238870517,False,33720.946323394775,712.4466394567253,False,False,0.2425366776316938,11.100679106113148,False,False
2MASS J03320626-2745426,53.02604603951001,-27.76189579819,2025122000266,-1,u,20251220,u_24,0.277373040809612,53.026112287675744,-27.76194579639156,746225383380615259,0,376.0274507600185,2356.712781576876,0.025248896,0.02666542,53.026112287675744,-27.76194579639156,1.4321876e-06,1.4574404e-06,102498.51359186108,1335.6107405310909,86842.80166913982,854.7456520787516,False,103351.66985401016,1057.7821285173227,False,114285.3759626516,1388.7313191091662,False,120239.9756302191,1925.111731023568,False,121714.20886612873,2615.855370475932,False,0.6753515535646175,40.00899416457781,105076.58788379248,977.0818363138434,0.0,0.0121780433968748,False,27414.013671875,280.5765380859375,False,30314.177444458008,368.3607572320468,False,32284.674167633057,693.8552128975821,False,False,0.179136890085033,10.612379215304433,False,False
2MASS J03320626-2745426,53.02604603951001,-27.76189579819,2025122000270,-1,z,20251220,z_20,0.2747901077480343,53.02610468799397,-27.76195177146809,746225383922205747,746225383922205064,3824.250647264898,1696.412145198471,0.017135613,0.017347148,53.02610468799397,-27.76195177146809,9.5609e-07,9.612318e-07,460706.6161306958,2075.8548766748777,409777.1123723338,1279.8360204036412,False,455992.2301236464,1630.7554864766214,False,482601.1708407298,2233.693727894745,False,500668.64568637137,3202.7178908189544,False,505929.2953045637,4434.807453047009,False,-0.5712301975693005,69.28752439594841,461034.6276606377,1281.7988141380754,0.0,0.0108569408717309,False,470609.25,1683.030029296875,False,498071.1513371468,2305.29570587027,False,522147.0684966445,4576.967043510671,False,False,-0.5895412182408145,71.50856469964896,False,False
2MASS J03320626-2745426,53.02604603951001,-27.76189579819,2025122300330,-1,g,20251223,g_6,0.2973899146435405,53.02611540913351,-27.761951079936782,746238586114802428,0,1939.982809242672,2619.207734573529,0.012302819,0.008208924,53.02611540913351,-27.761951079936782,6.3615994e-07,5.2148465e-07,269725.28680885374,529.0749337391425,251300.74081637675,418.4422285435243,False,269836.1830252026,471.2742691955819,False,277396.2400583113,559.4136685073179,False,279905.22381847136,718.1071775827216,False,281103.61192544486,934.505630527717,False,0.037607059919299,13.768395434522684,269508.38771108416,467.8598184392079,0.0,0.0002705495481166,False,528172.4375,922.4636840820312,False,542970.3556518555,1094.9861414202207,False,550227.0979235172,1829.1843265778723,False,False,0.0736113751762102,26.95000683594945,False,False
2MASS J03320626-2745426,53.02604603951001,-27.76189579819,2025122300331,-1,g,20251223,g_6,0.2862178227473743,53.02611207436466,-27.761949710600536,746238586268943526,746238586268942490,3235.7373407821383,531.7597288041783,0.012770431,0.008956382,53.02611207436466,-27.761949710600536,6.7313e-07,5.4749273e-07,269691.8903019103,538.6342531406281,246723.5275475986,418.43366913352224,False,269220.0796273506,474.9857227255795,False,278569.9799404273,567.5471863601311,False,282592.4961310759,729.1832521679213,False,284863.8321379111,950.2368313387412,False,0.1839803016703249,13.715911858353213,268097.8641771316,471.5533474609632,0.0,0.0005418760363454,False,519736.46875,916.9724731445312,False,537786.698059082,1095.6648214951558,False,549937.1458283663,1834.4572807488807,False,False,0.3551788278275958,26.478929821334678,False,False
2MASS J03320626-2745426,53.02604603951001,-27.76189579819,2025122300332,-1,g,20251223,g_6,0.2957717100454599,53.02611577413775,-27.761950040711103,746238586383237983,0,1006.3947013068098,3543.635115512365,0.013634539,0.009447363,53.02611577413775,-27.761950040711103,7.260123e-07,5.693153e-07,269922.3623372908,555.4691221926636,238513.7854293381,421.0607794900744,False,270449.1945929513,485.3146529960774,False,284338.691472933,583.3219134900321,False,289635.3783545443,750.6019694461282,False,290755.7015045695,978.080243764846,False,-0.3722203620233261,14.321340190867213,270027.7040927872,487.1483934640469,0.0,0.0006339905458685,False,509775.0625,914.7792358398438,False,535955.6512451172,1099.5150691964784,False,548051.201002121,1843.6028923867784,False,False,-0.7016055588547835,26.99457878538409,False,False
2MASS J03320626-2745426,53.02604603951001,-27.76189579819,2025122300333,-1,g,20251223,g_6,0.3111924379873422,53.02612261796507,-27.76194946734395,746238586516407511,746238586516406936,4017.565470628127,2788.5217585512014,0.013985152,0.00947616,53.02612261796507,-27.76194946734395,7.5168685e-07,5.642334e-07,271984.35324659804,560.7055747078356,241227.83735898175,424.7926349139357,False,271941.7615026576,488.6788302560993,False,286252.5051050085,586.9250476797114,False,291518.5557090414,756.4812438017128,False,294880.76362202864,985.4237071289244,False,0.3543344743016003,14.188862198542465,263197.01911920693,479.74432633338967,0.0,0.0307488596457963,False,511144.90625,918.5264282226562,False,538043.5468139648,1103.1911642195162,False,554261.3221435547,1852.213891730708,False,False,0.6660112100739796,26.66955085601032,False,False
2MASS J03320626-2745426,53.02604603951001,-27.76189579819,2025122300334,-1,g,20251223,g_6,0.3018386691031414,53.02611618956492,-27.76195215869746,746238586651149704,746238586651149230,4044.477166439192,3682.931324829061,0.014697218,0.009631423,53.02611618956492,-27.76195215869746,7.9591155e-07,5.673729e-07,270840.1764427208,559.0765547860249,244119.14425350408,425.93574962163217,False,270778.9276608001,487.3743933379204,False,284449.0539710795,586.261780086673,False,289620.4965405724,754.3789270054084,False,291986.0000181217,985.1604870622108,False,-0.0106078574449769,14.419140799175675,258723.69903998144,469.4972704507144,0.0,0.0865582115185571,False,507579.71875,913.5916137695312,False,533204.6036987305,1098.957707015644,False,547332.7376264334,1846.700137512364,False,False,-0.0198846097256368,27.028925384586973,False,False
2MASS J03320626-2745426,53.02604603951001,-27.76189579819,2025122300335,-1,g,20251223,g_6,0.2973375531849957,53.0261158057259,-27.761950665856453,746238586783793957,0,1841.3480041438693,2851.6448781178547,0.01264524,0.009604449,53.0261158057259,-27.761950665856453,6.9344924e-07,5.467741e-07,271082.0113336744,560.467110991127,246564.05814080735,429.0457467926436,False,271796.9829315698,489.8855165918717,False,285071.8290101976,588.6192364657552,False,290991.6538747976,759.2964324821147,False,293155.13439020206,990.9437212784136,False,0.1184380150087879,14.330646417331344,271137.33774422563,491.10574941911017,0.0,0.0002890702883027,False,516227.84375,930.4464721679688,False,541440.9461669922,1117.9728190985522,False,556793.6821013093,1882.1133884401863,False,False,0.2249509926363318,27.21839889379928,False,False
2MASS J03320626-2745426,53.02604603951001,-27.76189579819,2025122300336,-1,g,20251223,g_6,0.3200679051976327,53.026118111072726,-27.76195774396931,746238586940555289,0,414.56025509110896,84.42967109555308,0.01189314,0.008361289,53.026118111072726,-27.76195774396931,6.5428384e-07,4.7458556e-07,268830.444769934,549.6458196098285,248774.3714882215,425.5782335032531,False,268841.96670227475,482.27428794307326,False,279992.4754587726,578.9125292997609,False,284798.2937968125,746.5013883415763,False,286483.0282363298,973.3416085251714,False,0.3670155951161697,14.27848283363739,268605.4443145448,485.795495198601,0.0,3.334244745445414e-05,False,513828.34375,921.754150390625,False,535139.9251098633,1106.4554755159904,False,547545.0939331055,1860.314119652726,False,False,0.701464201003282,27.28996992421061,False,False
2MASS J03320626-2745426,53.02604603951001,-27.76189579819,2025122400056,-1,g,20251224,g_6,0.28728593815563,53.02611246594911,-27.76194977224301,746242947401385950,0,2403.0536547405904,2724.2301962753336,0.0046243197,0.0044180243,53.02611246594911,-27.76194977224301,2.539054e-07,2.4886705e-07,271156.0802351925,448.5185236449693,266113.67585590377,381.15254641439344,False,270907.3095085261,411.5285429415992,False,274176.02580480446,471.67695527332063,False,275504.8367064741,584.3008262390074,False,276969.6991810772,743.6456634498393,False,2.796229322224227,10.9728616644174,269855.8009379833,436.1957144786166,0.0,0.0012309243164881,False,618690.3125,939.8370361328124,False,626155.3126525879,1077.2022482025902,False,632535.4234636426,1698.3165524168735,False,False,6.385948006818632,25.05950549837051,False,False
2MASS J03320626-2745426,53.02604603951001,-27.76189579819,2025122400057,-1,g,20251224,g_6,0.2856253450923058,53.02611210058726,-27.76194944232623,746242947517253264,0,2404.572284867458,2245.9230865429085,0.0046543707,0.0048365416,53.02611210058726,-27.76194944232623,2.6217216e-07,2.6569333e-07,272082.20285554306,451.1600033073835,267191.2968392068,383.3094943862738,False,272181.4258747079,414.03910801457727,False,275533.2508127664,474.7654348224072,False,277715.6927455919,587.7837578662333,False,278560.95557109755,748.0485139370588,False,3.042835121420434,10.781366656429936,267760.3655944208,431.9597436741793,0.0,0.0017135659191011,False,624995.4375,950.7355346679688,False,632692.0512084961,1090.1781034217188,False,639644.4053376317,1717.703207472106,False,False,6.98709716080317,24.75666717017331,False,False
2MASS J03320626-2745426,53.02604603951001,-27.76189579819,2025122400058,-1,g,20251224,g_6,0.2861544956236125,53.026112271271145,-27.76194949509675,746242947674015987,0,176.8056516231525,3079.51695123674,0.0047903964,0.004342177,53.026112271271145,-27.76194949509675,2.5724995e-07,2.5104026e-07,271390.2280835767,449.0427945409255,266368.5901620937,381.4088072424371,False,271347.44129271986,411.8825568838145,False,274895.1193951847,472.41346086919737,False,277099.8552150184,584.4732835051544,False,278624.3164412606,744.0431455133029,False,3.3123332684525475,11.233544100097191,271002.8006689654,437.5751438533134,0.0,0.0003822156961007,False,620380.4375,941.6852416992188,False,628491.4780273438,1080.0767758807126,False,637017.5245009959,1701.1025050885685,False,False,7.572972689326511,25.68320147148857,False,False
2MASS J03320626-2745426,53.02604603951001,-27.76189579819,2025122400059,-1,g,20251224,g_6,0.2937110893143139,53.02611683366904,-27.761948066104846,746242947787785926,0,2965.52180093926,2343.9077037368693,0.004594971,0.004552193,53.02611683366904,-27.761948066104846,2.545095e-07,2.5414914e-07,271830.39205785043,447.1594965082775,267190.9531632108,380.5283699034811,False,271695.5775234164,410.5078155645286,False,274812.2314426167,470.6029882237112,False,277107.1542152971,582.5186012533372,False,279254.41365774185,741.6407714283866,False,3.1383970346370877,10.81263775366676,271679.0717429607,434.6006157680668,0.0,0.0016415101246064,False,621970.125,939.741455078125,False,629104.8220214844,1077.31234375962,False,639273.9409037232,1697.7766348466027,False,False,7.184471730183478,24.752473766887952,False,False
2MASS J03320626-2745426,53.02604603951001,-27.76189579819,2025123000109,-1,y,20251230,y_10,0.2818345638818353,53.02611069485763,-27.761949235964384,746269342793991151,746269342793990481,2079.4607316539145,1637.3950479945097,0.019216357,0.019230977,53.02611069485763,-27.761949235964384,1.0678469e-06,1.0683425e-06,468965.4478949226,3454.6561495055817,444536.5211759186,2183.1418107796026,False,466489.1201912892,2778.4184306643774,False,481476.1246145356,3825.960799816511,False,485306.470328665,5506.479924225145,False,487683.7552715247,7628.27518287365,False,1.0060362954709463,120.39497272489632,468419.2658152601,1883.0354609796395,0.0,0.0007795170846423,False,196416.546875,1169.86083984375,False,202726.86694335935,1610.9314799687468,False,205340.60716825724,3211.90657012086,False,False,0.4235943918826906,50.69263950686994,False,False
2MASS J03320626-2745426,53.02604603951001,-27.76189579819,2025123000110,-1,y,20251230,y_10,0.2928951852244078,53.02611243414276,-27.761952079767287,746269342928208893,746269342928208215,2079.75877031244,1637.4932763280754,0.020940773,0.016773213,53.02611243414276,-27.761952079767287,1.1528748e-06,9.451228e-07,469287.2720834217,3470.934320075976,443478.81901820976,2188.7745884202686,False,469097.7733377829,2787.9914129922686,False,483828.9818199602,3838.467774199936,False,493833.9372166823,5519.634165324265,False,492699.9570751735,7656.715631843491,False,1.5554037414977635,120.14595175851323,460795.81047663226,1856.804211144936,0.0,0.000126409484785,False,197366.25,1173.0079345703125,False,203564.1975097656,1614.9809984158144,False,207296.53481656316,3221.4547530695227,False,False,0.6544141139513213,50.54970903514359,False,False
2MASS J03320626-2745426,53.02604603951001,-27.76189579819,2025123000111,-1,y,20251230,y_10,0.2947910928217569,53.02611325288654,-27.761952082572236,746269343062426625,746269343062425947,2076.553050837006,1642.0048425900532,0.019526998,0.01712242,53.02611325288654,-27.761952082572236,1.0787821e-06,9.585993e-07,472560.8866254829,3482.0621512052053,449807.6378182325,2200.7223551764746,False,470104.76170343097,2799.264842364224,False,484656.2090322492,3846.32418955346,False,489375.9896675477,5532.84590902957,False,495322.9865318685,7675.832300533683,False,3.057761628995992,120.54542350142157,468192.3609004379,1840.897757729805,0.0,0.0001769083920246,False,197728.921875,1177.3878173828125,False,203849.34912109372,1617.7873468593464,False,208335.86061108112,3228.5017487980685,False,False,1.2861131379765571,50.70213826282844,False,False
2MASS J03320626-2745426,53.02604603951001,-27.76189579819,2025123000112,-1,y,20251230,y_10,0.2836211849994105,53.02611267730835,-27.761948045087514,746269343196644364,746269343196643685,2078.378272341795,1649.1670363251058,0.020079376,0.016848184,53.02611267730835,-27.761948045087514,1.1073895e-06,9.46095e-07,466493.0410603876,3495.26646340973,443187.9237469907,2202.805033053847,False,465374.2074074192,2805.971826100702,False,480038.3367127359,3861.2899169512007,False,486822.3855719473,5556.6515625881,False,486143.7136240613,7706.625137577349,False,-1.0495443084993197,120.77725573290334,462446.4063285784,1865.4769206005549,0.0,0.0009346670737766,False,195542.28125,1179.0213623046875,False,201703.8975391388,1622.4479717829408,False,204269.27247855067,3238.192053091521,False,False,-0.4410005649007502,50.74853684026935,False,False
2MASS J03320626-2745426,53.02604603951001,-27.76189579819,2025123000113,-1,y,20251230,y_10,0.2908196997800011,53.02611447170427,-27.76194926802927,746269343330862119,746269343330861418,2081.7850349120563,1647.5750351743754,0.018459806,0.015875654,53.02611447170427,-27.76194926802927,1.0188791e-06,8.8992226e-07,468699.2619333209,3486.5578285886645,444963.39100412215,2201.9125420607293,False,464292.9790513902,2802.6584305107976,False,476869.4568902855,3858.341611575842,False,481106.2704206354,5547.2007374214645,False,475042.6425400256,7701.470705301799,False,-0.8960217633023723,120.9982780276389,469447.4441081973,1842.0758804898107,0.0,0.0006005286115843,False,195449.546875,1179.811767578125,False,200743.76196289065,1624.213920297052,False,199974.74314698577,3242.0239537064267,False,False,-0.3771908159916483,50.93563693656392,False,False
2MASS J03320626-2745426,53.02604603951001,-27.76189579819,2025123000168,-1,y,20251230,y_10,0.2823589001288172,53.026112368296346,-27.76194782497236,746269350695535380,746269350695535043,2076.4577777294835,2871.290945149486,0.026071219,0.026682284,53.026112368296346,-27.76194782497236,1.4553964e-06,1.4765734e-06,459822.1027651284,4641.674492956914,423652.27307981526,2786.500244961952,False,459828.2724630944,3620.4226692501634,False,482871.3455845771,5058.802153177955,False,501381.93321595486,7343.992755234188,False,515907.7887612642,10220.019322655258,False,3.8803419193111326,160.7287642811768,464905.7467888819,2447.225867006878,0.0,0.0075225465383874,False,179446.640625,1412.859375,False,188439.13262462616,1974.182768518565,False,201331.508107543,3988.332698094952,False,False,1.5142921033691623,62.723930930931466,False,False
2MASS J03320626-2745426,53.02604603951001,-27.76189579819,2025123000169,-1,y,20251230,y_10,0.2953154892950758,53.02611206400202,-27.76195338156176,746269350830277428,746269350830276881,2494.2280775781787,1626.6426824263326,0.024628025,0.02270165,53.02611206400202,-27.76195338156176,1.354255e-06,1.2770143e-06,463878.1319476442,4569.121064832164,433087.647711824,2759.5253929120067,False,463554.0945566275,3579.46545062866,False,485582.5020426994,4995.710303443968,False,509547.0534408608,7248.051417996098,False,534372.2474622617,10095.71676789661,False,8.09385366950535,161.0224805430611,463580.5201744092,2333.4018381835053,0.0,0.0016277090336378,False,181834.875,1404.0899658203125,False,190475.7925729752,1959.6296726313933,False,209614.1787156612,3960.1708151919465,False,False,3.174915047769056,63.16307625271268,False,False
2MASS J03320626-2745426,53.02604603951001,-27.76189579819,2025123100238,-1,i,20251231,i_39,0.2819257249176372,53.02611269601064,-27.761947313236032,746273758138335595,0,3645.145107043069,926.7440177666977,0.0048455396,0.005361664,53.02611269601064,-27.761947313236032,2.9735395e-07,2.7013246e-07,450980.30066017393,1273.2553250344647,443996.738326949,865.3776114151785,False,450980.66977444367,1060.7827832593375,False,456562.83222357865,1417.2328098548928,False,458946.0890336694,2003.1105261010052,False,459793.88532394456,2756.184271802997,False,3.480757658467784,42.047558746664194,451069.0038350294,723.4016986781379,0.0,0.0003179216392246,False,762530.625,1793.6009521484375,False,771969.1000976562,2396.2965437291523,False,777432.2542972863,4660.232813180783,False,False,5.885361592354848,71.09517857351632,False,False
2MASS J03320626-2745426,53.02604603951001,-27.76189579819,2025123100248,-1,i,20251231,i_39,0.2902308781094362,53.02611449024546,-27.76194900192173,746273759480513011,0,1820.713017990514,1269.167015905689,0.006433383,0.0059359847,53.02611449024546,-27.76194900192173,3.414463e-07,3.4666638e-07,450760.7625166298,1306.8763198694887,441544.0943243327,880.9507789967496,False,450444.9951170748,1084.583526349472,False,456372.9120072149,1453.5781774973343,False,457728.90200476506,2058.2473630057184,False,460162.50782514777,2833.8779114931176,False,1.2213462757530664,42.89556016701544,445791.0975149119,734.204939131224,0.0,0.0011730047012085,False,754058.4375,1815.6253662109373,False,763981.9482421875,2433.3334839758977,False,770325.845348835,4743.996654798798,False,False,2.0445703123006926,71.8084548077173,False,False
2MASS J03320626-2745426,53.02604603951001,-27.76189579819,2025123100249,-1,i,20251231,i_39,0.3036671285728323,53.02611903369417,-27.76195004895982,746273759617353475,746273759617352471,782.3679137307221,2136.3810573168653,0.006804421,0.006415242,53.02611903369417,-27.76195004895982,3.666673e-07,3.6853388e-07,448546.9430966821,1314.271204024413,437970.0994103583,884.2901356442832,False,448313.7912938125,1090.2540588651564,False,453825.2019296192,1464.1110426650075,False,457490.2408464336,2074.280457623357,False,460071.0772463596,2857.024279808204,False,1.7240987641579812,44.11092917910352,441253.9831468728,745.2000612633927,0.0,3.485012015913558e-05,False,748214.1875,1819.5816650390625,False,757412.4671669006,2443.5310166031377,False,767836.5331137776,4768.236315049029,False,False,2.877438037922841,73.61902238243391,False,False
2MASS J03320626-2745426,53.02604603951001,-27.76189579819,2025123100250,-1,i,20251231,i_39,0.2862160286843543,53.026113663610445,-27.761948144532248,746273759749473912,746273759749472864,2340.8886504507286,1658.9865256516025,0.007071207,0.006732042,53.026113663610445,-27.761948144532248,3.8404852e-07,3.835496e-07,450781.9969461875,1319.413741854329,439009.39586247416,888.0492580790499,False,450890.00050846016,1095.8800569071343,False,457427.8974370785,1464.8202132889387,False,461151.6445141244,2082.188684759872,False,462822.9085928519,2868.9077772275764,False,1.4889955018108243,43.92690775433797,446455.793494656,753.2468883926769,0.0,0.000287288516284,False,750285.1875,1823.5546875,False,761164.3092756271,2437.4745661733964,False,770141.6584118009,4773.889434518547,False,False,2.477702472893561,73.09478627512893,False,False
2MASS J03320626-2745426,53.02604603951001,-27.76189579819,2025123100251,-1,i,20251231,i_39,0.300377516173164,53.0261171854736,-27.761950556060015,746273759885789077,746273759885788553,1620.523870859948,3785.2111093177145,0.0066651017,0.006074577,53.0261171854736,-27.761950556060015,3.5642142e-07,3.5249954e-07,448944.58319342375,1319.514502217918,440179.6014743435,887.7821958585282,False,448989.1167059829,1094.6184970858724,False,455087.055054324,1470.3398818580667,False,457022.7683841865,2082.334927546678,False,457318.8242466559,2870.7964471025803,False,0.9777684724854396,44.6194266894435,448718.5712747121,744.7294179620167,0.0,0.0004374761473517,False,753279.9375,1836.468017578125,False,763510.5966563225,2466.8249030969064,False,767254.8899925351,4816.404869930865,False,False,1.640425895502531,74.85909501436687,False,False
2MASS J03320626-2745426,53.02604603951001,-27.76189579819,2025123100252,-1,i,20251231,i_39,0.2967158954981124,53.02611684414271,-27.76194934877878,746273760042025025,0,3397.4666269046043,139.71637466644293,0.0058590984,0.005871246,53.02611684414271,-27.76194934877878,3.2594988e-07,3.2595514e-07,449359.2379078101,1316.5304175218307,440880.24781104864,885.7946573651811,False,449616.8695176958,1092.2039633271331,False,455315.77227794216,1467.0858043136627,False,458133.7930084972,2079.3778175996963,False,460893.5359863363,2864.279279549268,False,2.655828781907115,44.541479999586095,449356.8648779857,738.1899518642518,0.0,0.0013239038606781,False,755998.375,1836.4622802734373,False,765580.6694335938,2466.799088825214,False,774959.2772785425,4816.079261457054,False,False,4.465584766767712,74.89328978226159,False,False
2MASS J03320626-2745426,53.02604603951001,-27.76189579819,2025123100253,-1,i,20251231,i_39,0.2906594058423346,53.02611406414293,-27.761949606922688,746273760172049776,0,1815.955288132841,3651.997496122349,0.0058858125,0.0056574075,53.02611406414293,-27.761949606922688,3.2298652e-07,3.187338e-07,449871.1236933557,1311.900374214704,440831.73042460834,888.3083990182967,False,449288.7098907622,1094.9992233942337,False,452433.7887462633,1460.954870291525,False,456219.65498306055,2076.6794685932778,False,456619.67705785896,2867.0549497849265,False,1.692936280034859,44.37614871647292,449611.02266838535,731.2003680151325,0.0,0.0008115608700073,False,755480.375,1841.24462890625,False,760768.8349609375,2456.600197085458,False,767807.4192870855,4820.961891376603,False,False,2.846677665242924,74.6186332648508,False,False
2MASS J03320626-2745426,53.02604603951001,-27.76189579819,2026010100044,-1,i,20260101,i_39,0.281178461276111,53.02611128412106,-27.761948401951013,746278130145035915,0,2051.250627379728,3625.572631110832,0.004434846,0.0048993886,53.02611128412106,-27.761948401951013,2.5790368e-07,2.6159728e-07,451071.38114592165,1111.2970433347891,443975.4706499219,779.0641673068806,False,450329.0118440039,937.3456718526612,False,453909.1607897426,1231.3325076310684,False,456682.1907241473,1719.1053707274275,False,459327.2157848048,2354.955002481322,False,2.319279787996509,36.84061109216717,447989.705152581,671.3555367547552,0.0,4.712820470986756e-05,False,779893.0625,1623.3228759765625,False,786093.2700195312,2132.457947579121,False,795476.4174334407,4078.380518755173,False,False,4.016597130281097,63.80165668516719,False,False
2MASS J03320626-2745426,53.02604603951001,-27.76189579819,2026010100045,-1,i,20260101,i_39,0.2814947485190757,53.02611030235561,-27.761949467985705,746278130276631688,0,2824.8608414078967,2683.208453902442,0.0045394595,0.005021848,53.02611030235561,-27.761949467985705,2.6603115e-07,2.660406e-07,449281.1582679048,1111.9734614471054,442762.25275340304,777.9338397385674,False,449116.6515417978,936.0364474341948,False,454826.0553567365,1228.400716792547,False,457743.4678010636,1717.8981912254112,False,457580.4863553559,2350.184670632497,False,1.0539266482289515,36.403457710661655,447801.1145779106,687.1759478675074,0.0,9.191985692580396e-05,False,779689.5625,1625.00732421875,False,789601.3806152344,2132.5667043577223,False,794383.2142276764,4080.041235053431,False,False,1.82967076469719,63.19827135884204,False,False
2MASS J03320626-2745426,53.02604603951001,-27.76189579819,2026010100046,-1,i,20260101,i_39,0.2811433185767486,53.02611204575173,-27.76194763789815,746278130412947656,746278130412946738,1216.3194136251946,2919.7131541274416,0.0054433355,0.004702715,53.02611204575173,-27.76194763789815,2.9322925e-07,2.7180798e-07,451782.1125982065,1115.192914837996,442259.96330782695,779.3725202191031,False,450464.1635527103,939.2554130146968,False,454526.09952360985,1234.311772274445,False,459114.2060714762,1726.6290136330592,False,458893.2623486804,2362.9064310239974,False,1.5226408931898698,36.9394334736185,451373.5393432029,696.039291806746,0.0,3.43966945599572e-05,False,782445.5,1631.4642333984375,False,789500.985827446,2143.970086757312,False,797086.643415153,4104.312070674735,False,False,2.64479088768398,64.16291423945896,False,False
2MASS J03320626-2745426,53.02604603951001,-27.76189579819,2026010100047,-1,i,20260101,i_39,0.2865276209253981,53.02611304205104,-27.76194889652048,746278130565514771,0,3966.625023051527,3442.0689698109136,0.004878652,0.004739293,53.02611304205104,-27.76194889652048,2.6889342e-07,2.6563458e-07,449941.99684265023,1117.4782261915827,442183.981936893,781.4087742482873,False,449799.6665244626,941.053856793076,False,455269.7673838944,1236.0179878610843,False,458090.2231534955,1727.1927314243574,False,460717.2410173306,2362.3040879607274,False,2.6391632997455914,36.725878499599474,454274.24385939527,698.4754314416023,0.0,3.143530413307616e-06,False,782423.8125,1636.95751953125,False,791939.0200195312,2150.045850085691,False,801414.8676156402,4109.21374190491,False,False,4.5908086743428544,63.884444590857925,False,False
2MASS J03320626-2745426,53.02604603951001,-27.76189579819,2026010100311,-1,i,20260101,i_39,0.2967835207509181,53.02611726391132,-27.761948940250587,746278166014198493,0,2331.981278821937,1845.618454456736,0.006580574,0.0042245714,53.02611726391132,-27.761948940250587,3.5284614e-07,2.5233422e-07,445778.5336716612,1401.6959316559742,438811.0512956076,934.957265729124,False,445576.8781017812,1158.0877561131913,False,450758.7366345416,1561.8617612287624,False,456037.4907019489,2217.595728260097,False,458062.5948099991,3061.570903995475,False,4.524485748770334,49.92937273624319,450975.35158034,763.4553696640086,0.0,8.104823249088788e-05,False,750884.75,1951.6058349609373,False,759617.2016601562,2632.0445152159045,False,771925.6404271722,5159.349633776983,False,False,7.624649117380659,84.14082149959951,False,False
2MASS J03320626-2745426,53.02604603951001,-27.76189579819,2026010100363,-1,i,20260101,i_39,0.2903877065443324,53.02611429737813,-27.76194926134573,746278172993520286,0,2174.253271110247,1938.1148717329863,0.0070634587,0.004981393,53.02611429737813,-27.76194926134573,3.808142e-07,2.9156237e-07,445375.65758117975,1547.5480700432895,435130.36014648137,1010.2155888301256,False,446262.30936970987,1266.782609948957,False,453929.8633300309,1724.5434578400957,False,459774.669536426,2465.521522935478,False,462463.90462641657,3412.418699904068,False,5.6150977479426665,54.70237127658501,446976.08073538897,803.6812381747584,0.0,0.0009626227065919,False,733766.0,2082.905029296875,False,746373.3618164062,2835.577480591476,False,760405.4438775778,5610.863313306204,False,False,9.23261437860644,89.94427564099166,False,False
2MASS J03320626-2745426,53.02604603951001,-27.76189579819,2026010200115,-1,g,20260102,g_6,0.28935050798759,53.026113264298175,-27.76194984917256,746282537743024290,0,3692.7785097821193,1542.3817885650897,0.010181385,0.008147138,53.026113264298175,-27.76194984917256,5.419008e-07,4.815973e-07,270958.93618904473,1224.442352970769,262098.7136506425,772.81636179421,False,271608.955598186,989.8017787973172,False,277481.35436996655,1369.102862622692,False,280242.3648232426,1975.936402974526,False,283013.9137239048,2745.497312787578,False,-0.1605373921343904,42.5548350809876,269735.49656057707,621.3054634135469,0.0,0.0011182807207226,False,621248.625,2263.96435546875,False,634680.5078125,3131.536178601586,False,647335.0791015625,6279.750337222935,False,False,-0.3671956762431657,97.335276456333,False,False
2MASS J03320626-2745426,53.02604603951001,-27.76189579819,2026010200116,-1,g,20260102,g_6,0.2908588326865561,53.02611400341384,-27.761949749971084,746282537877242015,0,3693.762306464914,1541.6874507409905,0.009366522,0.0081468895,53.02611400341384,-27.761949749971084,5.0584896e-07,4.6956345e-07,269770.4493965761,1221.4814157798585,262227.0051862289,772.6078151301139,False,270320.47271254467,989.1648469571902,False,276183.3064806543,1368.991664063318,False,277755.7821233941,1975.8141894620985,False,278599.7469673081,2743.5552287026158,False,-0.0579731624689636,43.35851951929604,266698.7746418415,603.0418655742991,0.0,0.001410044657658,False,619093.0625,2265.404052734375,False,632520.2353515625,3135.2906176040424,False,638054.4130859375,6283.342107357034,False,False,-0.1327712338454164,99.3005019757104,False,False
2MASS J03320626-2745426,53.02604603951001,-27.76189579819,2026010200117,-1,g,20260102,g_6,0.2934559838446098,53.02611315015704,-27.761951638470368,746282538013556897,0,2718.3582654832767,1523.6224841082471,0.009443002,0.007507893,53.02611315015704,-27.761951638470368,5.068907e-07,4.3902298e-07,270775.3435997464,1235.3038210553127,263320.09876416804,780.5662468901847,False,271497.23334572243,1000.194548923742,False,277661.40471013426,1387.5799577683526,False,278609.22015770804,2001.8808422723505,False,280178.7684124906,2781.407080441355,False,-0.1461024259818552,44.011646434815546,271527.255208373,611.4235626892167,0.0,5.817317780043574e-06,False,615691.6875,2268.205322265625,False,629670.57421875,3146.704057391589,False,635379.361328125,6307.575211275601,False,False,-0.3313258411221654,99.80803313969342,False,False
2MASS J03320626-2745426,53.02604603951001,-27.76189579819,2026010200118,-1,i,20260102,i_39,0.2865954056749334,53.02611133693363,-27.761950561974466,746282538146203715,746282538146202994,2927.897481846496,3373.259593920506,0.0053166277,0.003767059,53.02611133693363,-27.761950561974466,2.8068348e-07,2.2871005e-07,447593.3899589948,1160.1271311007708,441562.3083178305,803.5008396204889,False,447748.9029459439,973.347735194434,False,453269.4495967767,1286.5645673590168,False,455727.5346297028,1805.148798717876,False,459026.0872653973,2476.256862164565,False,1.84833534776953,38.41656626482039,451046.89648192807,705.225061405809,0.0,0.0001086196666894,False,780676.25,1697.08837890625,False,790301.6441192627,2243.2001401240022,False,800338.6766573191,4317.49783968714,False,False,3.222680164139605,66.9815173017124,False,False
2MASS J03320626-2745426,53.02604603951001,-27.76189579819,2026010200119,-1,i,20260102,i_39,0.2873230304745484,53.026113050321776,-27.761949219013907,746282538280420758,0,2927.770169612928,3373.178337054428,0.005458001,0.0043920493,53.026113050321776,-27.761949219013907,2.9266488e-07,2.567004e-07,449060.1084068616,1163.6432222783444,441275.2548593052,804.0429868179126,False,448939.8616709836,974.6493131354504,False,454787.5497215587,1287.3372725634513,False,456787.6825098688,1808.6255285307009,False,459734.1805976376,2479.2098552116404,False,1.6829727880722485,38.398550610556526,444231.4056458511,695.6738728304355,0.0,0.0003028385762572,False,782631.9375,1699.095458984375,False,792826.1479492188,2244.200949526461,False,801449.5553076863,4321.979352048232,False,False,2.9339080049302115,66.93977217722748,False,False
2MASS J03320626-2745426,53.02604603951001,-27.76189579819,2026010200120,-1,i,20260102,i_39,0.2878479147239524,53.02611300759018,-27.76194947837262,746282538414638544,0,2925.1228457902253,3371.159964863112,0.0053275563,0.004339411,53.02611300759018,-27.76194947837262,2.8613402e-07,2.5277083e-07,449415.2019717363,1169.9939629211767,441384.9090132348,810.1206512297074,False,448899.0294149217,982.9649987164134,False,454212.836708682,1299.079659177906,False,458094.4427569676,1825.814883412794,False,459077.53682831785,2503.994626302842,False,2.9851024299294595,38.756821705123066,445688.72596104606,701.7760974294474,0.0,0.0006556961025754,False,778783.875,1705.32177734375,False,788002.6684570312,2253.741319572164,False,796442.3169339299,4344.118633076471,False,False,5.178780717531007,67.23825584907033,False,False
2MASS J03320626-2745426,53.02604603951001,-27.76189579819,2026010200121,-1,i,20260102,i_39,0.2847367244541682,53.02611245076379,-27.76194873458422,746282538548856294,0,2921.373690648049,3369.482125126485,0.00477558,0.0040779267,53.02611245076379,-27.76194873458422,2.5826458e-07,2.3466079e-07,450356.5991429677,1166.8335017526804,443867.50934304815,808.5645202017631,False,450036.156953848,980.036575162031,False,454754.7652018758,1297.4346144775088,False,457731.7869043983,1822.9589061300803,False,459113.8780237718,2497.8521563865443,False,1.906292625001228,38.15887066858193,448702.295586768,696.9728431993044,0.0,0.0001145030438721,False,784156.5625,1707.645263671875,False,792378.4077148438,2260.68917271803,False,799973.8572651744,4352.332874414253,False,False,3.32158171925142,66.48916623698281,False,False
2MASS J03320626-2745426,53.02604603951001,-27.76189579819,2026010200122,-1,i,20260102,i_39,0.2864111264396344,53.02611281863267,-27.761949068134072,746282538683074069,0,2919.212185940333,3369.298155482031,0.0045050764,0.004248198,53.02611281863267,-27.761949068134072,2.4763955e-07,2.3887938e-07,451264.6846873266,1169.944334818566,443270.2767853824,810.6582246782674,False,450243.0831001995,982.8830531941168,False,454031.42198774335,1299.0436608019863,False,456523.1651942508,1824.0006678682944,False,456418.870751437,2501.8007865504737,False,2.2142394137024457,39.489883537741264,450435.6151929913,696.5131870495568,0.0,0.0001150230877214,False,782059.1875,1707.2393798828125,False,788639.4223632812,2256.4011931033638,False,792786.3516786098,4345.5554651599205,False,False,3.846069693924063,68.59278330572953,False,False
2MASS J03320626-2745426,53.02604603951001,-27.76189579819,2026010200123,-1,g,20260102,g_6,0.2912177569177575,53.02611324213806,-27.761950638762237,746282538816766119,0,278.40783759333493,1502.0317633359307,0.008161616,0.0083669545,53.02611324213806,-27.761950638762237,4.539462e-07,4.6508745e-07,271459.7304717156,1257.3284435985186,262566.8852690277,790.9484598498542,False,271066.18822201644,1014.2033437663392,False,277770.32881198445,1405.983194032849,False,278373.3332883145,2028.618099200835,False,281562.61363999,2820.628344444663,False,1.4307282158721857,43.93410590760376,270622.2840032544,593.292296539211,0.0,0.0003638854669162,False,615061.75,2301.2744140625,False,630273.755859375,3190.2410605491964,False,638878.6259765625,6400.136501763923,False,False,3.2463886624914378,99.68852346159684,False,False
2MASS J03320626-2745426,53.02604603951001,-27.76189579819,2026010200124,-1,g,20260102,g_6,0.2873204808713059,53.02611270066762,-27.761949559416472,746282538950983842,0,278.52414684187227,1501.7943289569814,0.007949925,0.007871049,53.02611270066762,-27.761949559416472,4.4204947e-07,4.37659e-07,270525.59767697216,1260.1246489761747,262175.7651148567,791.3078160635771,False,270663.0150102653,1014.7973439005244,False,277882.6742507555,1407.9669701497587,False,281335.3748941333,2033.2943684717663,False,282645.7949002113,2826.9133099998207,False,2.5244629425402287,44.838832591502594,270429.4358898899,596.3858449287654,0.0,0.0006219595408508,False,614084.3125,2302.387451171875,False,630464.3837890625,3194.416602705512,False,641271.0234375,6413.743364243912,False,False,5.727539429215139,101.73101664522272,False,False
2MASS J03320626-2745426,53.02604603951001,-27.76189579819,2026010200125,-1,g,20260102,g_6,0.2922655336015459,53.02611460437836,-27.761949741132952,746282539085201570,0,274.5253231474277,1500.0245414099086,0.008016593,0.008020406,53.02611460437836,-27.761949741132952,4.457987e-07,4.4588614e-07,271831.4334085286,1258.620080996248,263472.07424213894,792.2764667648538,False,272268.82132893614,1015.9133875116228,False,277933.9054376373,1407.8275680020893,False,282166.2905037857,2031.3065845350195,False,281445.8528781897,2823.864518312846,False,1.5792405143650967,44.356904264050925,272740.9921311463,590.8402915997938,0.0,1.6008917138043977e-05,False,618133.6875,2306.434814453125,False,630995.1650390625,3196.200144128669,False,638968.3623046875,6411.038102656304,False,False,3.585360078429764,100.70377013788575,False,False
2MASS J03320626-2745426,53.02604603951001,-27.76189579819,2026010200126,-1,g,20260102,g_6,0.2948317374311145,53.026114469023135,-27.761950939931765,746282539219419289,0,270.4704567694224,1496.519709052502,0.007991794,0.00933703,53.026114469023135,-27.761950939931765,4.4501817e-07,5.1861133e-07,272115.84580685734,1253.6318740100246,261533.481214148,790.2932551548247,False,271923.3753038256,1014.3222047435854,False,278754.8564912015,1407.0691216860498,False,282913.3275889,2037.0590516812297,False,282611.89083747484,2825.172387498936,False,1.6508261766264118,45.15107142595015,272974.18067363853,604.2385813426501,0.0,0.0003084216851029,False,618291.75,2306.33740234375,False,633824.98046875,3199.354335191614,False,642594.9970703125,6423.797798062345,False,False,3.753602295322029,102.66324083074504,False,False
2MASS J03320626-2745426,53.02604603951001,-27.76189579819,2026010200127,-1,g,20260102,g_6,0.2909396514643734,53.02611377522614,-27.76195000768508,746282539353637533,746282539353637044,268.9469229469515,1494.3760683033754,0.006733447,0.006278962,53.02611377522614,-27.76195000768508,3.7421313e-07,3.4926833e-07,270194.2450147219,1248.819449738319,265293.1880528052,790.095574160717,False,270501.70945998136,1011.7593169983056,False,274589.7793305555,1401.2105060470055,False,276276.7174230126,2025.8237012925963,False,277240.33434820775,2813.031361279508,False,2.53298053169508,44.36219166882076,268019.56855825585,551.5735294516855,0.0,1.1965521803602996e-05,False,617565.5625,2309.884521484375,False,626898.7795587778,3199.0162135217447,False,632950.0962165594,6422.256252749228,False,False,5.782889690348685,101.28054978425644,False,False
2MASS J03320626-2745426,53.02604603951001,-27.76189579819,2026010200128,-1,i,20260102,i_39,0.2853045698228955,53.02611273234317,-27.76194869328233,746282539488903973,0,1766.9107920858037,1650.8265390712372,0.0043546422,0.0043742736,53.02611273234317,-27.76194869328233,2.4205804e-07,2.428879e-07,446961.262414508,1186.4556377986182,441278.9310569872,818.6726746469478,False,448221.9449721154,994.561807920738,False,455286.0484868792,1316.3331632582754,False,459910.370746127,1852.5937159657817,False,463691.64786360046,2542.5419887967973,False,7.109184551298644,38.818544575557,448613.42864279816,711.5096206383829,0.0,6.960565450875311e-05,False,774711.3125,1719.0106201171875,False,786920.9799804688,2275.163463177907,False,801449.3023853302,4394.555115657417,False,False,12.287585996896984,67.09436241311303,False,False
2MASS J03320626-2745426,53.02604603951001,-27.76189579819,2026010200129,-1,i,20260102,i_39,0.2861386580429881,53.02611333272342,-27.76194844492803,746282539623121711,0,1766.651049474222,1650.6761814794836,0.004289252,0.0038241073,53.02611333272342,-27.76194844492803,2.36413e-07,2.1458521e-07,449421.2855441097,1180.9928382521523,442510.0329288784,815.1172641198631,False,449625.74755475327,989.5700996244922,False,452891.7651782737,1309.476694660642,False,459336.9335340156,1841.9302382811857,False,461579.331198102,2528.1432809219937,False,6.42646028563267,38.27387439416109,445325.6184473484,696.7714321048188,0.0,7.967349182458339e-05,False,781936.125,1720.9437255859375,False,787615.998046875,2277.2875841058494,False,802724.3892948627,4396.64892697943,False,False,11.176142559767603,66.56141289787367,False,False
2MASS J03320626-2745426,53.02604603951001,-27.76189579819,2026010200130,-1,i,20260102,i_39,0.2876334475681202,53.0261131964462,-27.761949204222137,746282539757339467,0,1768.3469528414723,1651.9166114101738,0.003781647,0.0037624794,53.0261131964462,-27.761949204222137,2.1006524e-07,2.0907966e-07,449980.14750345633,1183.891368500785,442368.20080416027,816.9568345336603,False,450113.693310282,991.8563613777428,False,454861.3850165247,1313.4960123072267,False,460505.6400709209,1844.7253451814463,False,461696.5113004884,2529.2339376577343,False,9.193807769150563,38.97333963529722,447624.0039000208,707.158700388771,0.0,1.90972821195734e-05,False,781572.4375,1722.2484130859375,False,789816.2768554688,2280.7399446917443,False,801684.7145186067,4391.733828680041,False,False,15.964026100152646,67.67287578446751,False,False
2MASS J03320626-2745426,53.02604603951001,-27.76189579819,2026010200131,-1,i,20260102,i_39,0.2841336083776455,53.02611233821503,-27.76194859481952,746282539891557170,0,1768.7138006622563,1651.433753463176,0.004391301,0.0037352622,53.02611233821503,-27.76194859481952,2.4135213e-07,2.1059944e-07,451598.199921036,1183.930573574596,443020.2136282604,817.1353784861465,False,450573.2074891359,992.2535588039736,False,454571.6246743983,1315.2851792313495,False,458411.0512874857,1848.4364853340976,False,456661.7143646675,2534.773493965422,False,6.029400571438421,41.252550181764654,451140.2845706595,703.6957627353008,0.0,4.263464502551884e-06,False,781438.375,1720.8857421875,False,788372.912109375,2281.126121208421,False,791997.7976197004,4396.109771274342,False,False,10.456913341618336,71.54514570070481,False,False
2MASS J03320626-2745426,53.02604603951001,-27.76189579819,2026010200132,-1,i,20260102,i_39,0.289421413295624,53.02611289017625,-27.76195024038457,746282540025774885,0,1768.6861980492336,1655.6068063842754,0.0042474875,0.0044486825,53.02611289017625,-27.76195024038457,2.3692965e-07,2.462537e-07,449091.5694653541,1186.4488416148156,442229.4704131905,817.7253822648635,False,449165.63367573806,993.3907448808164,False,455536.39090273326,1316.2738281541074,False,460051.5195217172,1852.8468246864036,False,460704.9927007185,2542.2536363776107,False,5.825767714463566,40.04723365078907,447868.005538198,700.074922454242,0.0,4.386496921249261e-08,False,778602.625,1721.9853515625,False,789645.9638671875,2281.684485593237,False,798605.4358876944,4406.849514512004,False,False,10.098631095174534,69.41956130820735,False,False
2MASS J03320626-2745426,53.02604603951001,-27.76189579819,2026010400131,-1,y,20260104,y_10,0.2856006277580765,53.02611185042621,-27.76194967244667,746291335963607592,0,3076.6216711239204,2029.0415181540743,0.007043568,0.0072497176,53.02611185042621,-27.76194967244667,3.9842445e-07,3.9597703e-07,471508.2264316927,3509.804349412075,457735.8473689533,2210.313507214568,False,468275.4555303126,2832.2768516765914,False,474938.6370523505,3924.290662733132,False,479970.955666359,5667.549619598405,False,483778.929690243,7879.61495836353,False,9.476606957112455,124.08625616424736,464546.3128621156,1511.0057755016628,0.0,7.681806368819988e-05,False,234495.625,1418.3031005859375,False,237832.30834960935,1965.1446189874057,False,242259.2111966908,3945.8297730515937,False,False,4.74554633398586,62.13796569840019,False,False
2MASS J03320626-2745426,53.02604603951001,-27.76189579819,2026010500062,-1,z,20260105,z_20,0.2875799340799828,53.02611276876583,-27.76194960028969,746295724769543985,0,1029.621475222788,3110.6667217121912,0.0039988146,0.0042580767,53.02611276876583,-27.76194960028969,2.2291921e-07,2.3592992e-07,459900.2550681169,1287.077430657081,455129.5943125204,916.1424009262928,False,459949.14325973095,1093.4264755630363,False,464023.9530602092,1425.1869022256674,False,463485.2589476313,1983.9010090638344,False,462443.2993499326,2708.4003429349195,False,2.4185104061113307,41.53352519434432,462094.57259222725,800.8107790951435,0.0,0.0001729884648751,False,560180.0625,1331.703125,False,565142.8442382812,1735.7599196833924,False,563217.7385886908,3298.6078909240496,False,False,2.9455458941626858,50.58440281967171,False,False
2MASS J03320626-2745426,53.02604603951001,-27.76189579819,2026010500063,-1,z,20260105,z_20,0.2891253282331244,53.02611303925011,-27.761949974852183,746295724899042345,0,1211.571301559008,1676.1625974918331,0.0047463286,0.0042551206,53.02611303925011,-27.761949974852183,2.6180035e-07,2.3853403e-07,462805.0532492336,1286.942313309584,456651.0387877026,914.7913719582016,False,462223.7004808303,1092.1550680911528,False,464812.1695678919,1421.4196703417124,False,467150.5075367955,1977.7909669363507,False,469035.1948424587,2702.6247035004585,False,3.849654222573837,42.58990642264747,465990.1501730613,809.1878359935844,0.0,0.0002953827962479,False,562884.625,1329.99951171875,False,566036.798828125,1730.9698253802558,False,571179.4948767424,3291.1897229914607,False,False,4.6880139880300415,51.86493786571044,False,False
2MASS J03320626-2745426,53.02604603951001,-27.76189579819,2026010500066,-1,r,20260105,r_57,0.2863747417309307,53.02611125243147,-27.761950551746786,746295725285442747,0,3704.869096330903,2529.878469213256,0.0042157876,0.0035883014,53.02611125243147,-27.761950551746786,2.0760815e-07,2.2721123e-07,395087.6838728876,825.3748981265591,390832.6318159693,603.9003182142003,False,395019.4050273818,709.4780241416466,False,398995.6162792286,908.1609109150472,False,400776.4227785858,1249.7958706967518,False,400645.3422235619,1695.5984061520578,False,2.2574024789368066,25.635195191513443,396305.81583311775,558.5661262688075,0.0,0.0006418901732723,False,837887.25,1504.8946533203125,False,846321.3083496094,1926.3267538751863,False,849820.5904536247,3596.5835286918364,False,False,4.788242630987794,54.37556466559287,False,False
2MASS J03320626-2745426,53.02604603951001,-27.76189579819,2026010500067,-1,r,20260105,r_57,0.2825001671218953,53.02611220371192,-27.761948047766005,746295725419660511,0,3704.8377997505145,2529.1029336101114,0.004029875,0.0032942044,53.02611220371192,-27.761948047766005,1.9280763e-07,2.1576389e-07,394487.0914581515,825.6639586922569,390485.9883799105,603.5871753080777,False,394846.492140786,709.3385992754447,False,397672.1483066677,908.612400101524,False,401046.17033248494,1250.530836777176,False,401376.1997823438,1696.6887285228322,False,2.7467295074827263,26.475246202039635,389488.1319199888,548.4274878896115,0.0,8.665603983804004e-05,False,838584.0,1506.509521484375,False,844585.1931152344,1929.731771949128,False,852451.9422557354,3603.4662813017294,False,False,5.833566875102464,56.22873269233702,False,False
2MASS J03320626-2745426,53.02604603951001,-27.76189579819,2026010500068,-1,r,20260105,r_57,0.2874420051953594,53.0261134424405,-27.76194888105227,746295725553878167,0,3704.972402297254,2528.566117925155,0.004246236,0.0031947314,53.0261134424405,-27.76194888105227,1.9188576e-07,2.2459523e-07,394599.8347997471,829.0981766484093,390564.4440880451,603.8683913258479,False,395324.7532312835,710.1215440840515,False,399851.3364133658,911.592136046149,False,402037.776626185,1251.754788931012,False,403495.2938109397,1698.878425243168,False,3.0915150911640943,25.934554819144463,397628.1443209342,554.7987194527484,0.0,0.0008202747231051,False,838801.1875,1506.7379150390625,False,848405.7045898438,1934.2187909589825,False,856137.4637759328,3604.685081984722,False,False,6.559585526701104,55.02801229058164,False,False
2MASS J03320626-2745426,53.02604603951001,-27.76189579819,2026010500069,-1,r,20260105,r_57,0.2881179270509056,53.02611193596466,-27.76195061653293,746295725688095957,0,3705.036393580911,2527.956808029982,0.004262011,0.0036198182,53.02611193596466,-27.76195061653293,2.0955763e-07,2.2962382e-07,396429.7173767208,826.2990596358512,390986.1491748871,604.8884615083313,False,396070.694450456,711.3450939241407,False,399749.15590462775,909.1191547994314,False,402002.6598131609,1252.0071023876408,False,402301.4957292777,1701.9138630640532,False,3.0222840072665185,26.59397554467517,394983.948656658,556.4399929550108,0.0,6.375922901047382e-05,False,839549.25,1507.8349609375,False,847346.4680175781,1927.0557384496683,False,852756.651137799,3607.539076534127,False,False,6.406321667166402,56.37112903298437,False,False
2MASS J03320626-2745426,53.02604603951001,-27.76189579819,2026010500070,-1,r,20260105,r_57,0.2847882364763142,53.026111914347695,-27.761949277997065,746295725822313648,0,3703.557109010488,2528.206494458721,0.0041674864,0.003808019,53.026111914347695,-27.761949277997065,2.162256e-07,2.2746399e-07,394122.1745100746,828.7474888913928,389523.578435228,603.8391946529365,False,394234.4300514525,710.1917637891244,False,397913.7322781904,912.2326505902968,False,401683.8821014885,1253.7069506537655,False,401053.7209085616,1702.1272671812194,False,3.2813551263560408,25.330582195241615,391915.9633701668,554.0338875144146,0.0,9.407134561878472e-06,False,835970.0625,1505.954345703125,False,843771.9851074219,1934.3799724163675,False,850430.2987692654,3609.343399415238,False,False,6.958079865593029,53.71323955179116,False,False
2MASS J03320626-2745426,53.02604603951001,-27.76189579819,2026010500071,-1,r,20260105,r_57,0.2937380604890692,53.02611548307426,-27.76194947748863,746295725954958798,0,3977.235979133124,3326.476987346182,0.0044962624,0.0035169704,53.02611548307426,-27.76194947748863,2.1099935e-07,2.3705617e-07,394546.4749114552,832.8029744582001,388945.637805184,605.7962375938657,False,394326.1684847471,712.8243415465613,False,398150.4495669557,915.7581519815462,False,398979.8568578396,1258.493714302072,False,400710.41966623446,1708.762740262786,False,2.067842525431969,26.03773517782548,391534.0433606929,555.5945737948625,0.0,0.0003697724970861,False,835863.375,1510.9921875,False,843969.8024902344,1941.1562325178693,False,849396.2373000383,3622.108562154806,False,False,4.383259267113404,55.19286048583734,False,False
