simbad_id,target_ra,target_dec,visit,detector,band,day_obs,physical_filter,sep_arcsec,src_ra,src_dec,sourceId,parentSourceId,x,y,xErr,yErr,ra,dec,raErr,decErr,calibFlux,calibFluxErr,ap09Flux,ap09FluxErr,ap09Flux_flag,ap12Flux,ap12FluxErr,ap12Flux_flag,ap17Flux,ap17FluxErr,ap17Flux_flag,ap25Flux,ap25FluxErr,ap25Flux_flag,ap35Flux,ap35FluxErr,ap35Flux_flag,sky,skyErr,psfFlux,psfFluxErr,extendedness,sizeExtendedness,apFlux_12_0_flag,apFlux_12_0_instFlux,apFlux_12_0_instFluxErr,apFlux_17_0_flag,apFlux_17_0_instFlux,apFlux_17_0_instFluxErr,apFlux_35_0_flag,apFlux_35_0_instFlux,apFlux_35_0_instFluxErr,extendedness_flag,sizeExtendedness_flag,localBackground_instFlux,localBackground_instFluxErr,localBackground_flag,sky_source
2MASS J03333895-2734322,53.4123523187278,-27.5754238859648,2025071100809,-1,g,20250711,g_6,0.7674586041551165,53.41234730579072,-27.57563702259664,745512972731809793,0,1679.1360932415316,14.020483625674109,0.047276605,0.03254449,53.41234730579072,-27.57563702259664,2.5515733e-06,1.918231e-06,,,154236.84064763528,1088.377598938683,False,170956.58255726763,1432.9779761214934,False,,,True,,,True,,,True,-0.372232129526672,64.61163208424183,162499.32891682992,1011.343971399182,0.0,0.232237343041182,False,299713.84375,2512.236328125,True,,,True,,,False,False,-0.6525816124706103,113.27437828515312,False,False
2MASS J03333895-2734322,53.4123523187278,-27.5754238859648,2025071100810,-1,g,20250711,g_6,0.6004311142866433,53.412339202749614,-27.57559026668991,745512972866027521,0,1677.8977250108717,17.291791017539275,0.03795158,0.033060305,53.412339202749614,-27.57559026668991,2.0821958e-06,1.8696485e-06,,,176555.8392188834,1078.9486696390672,False,195805.03597268544,1418.789362873076,False,207375.8513412495,1999.187807347892,False,,,True,,,True,-1.315015327971652,64.00776742557323,178771.63915826392,999.581663066761,1.0,0.0123094696054103,False,346471.125,2510.505126953125,False,366945.3349609375,3537.502726920327,True,,,False,False,-2.3268800917773125,113.25982030293824,False,False
2MASS J03333895-2734322,53.4123523187278,-27.5754238859648,2025071100811,-1,g,20250711,g_6,0.5798439693892642,53.41232650245366,-27.575583319862652,745512973000245249,0,1670.4981987427511,25.338390612366883,0.037620835,0.033652235,53.41232650245366,-27.575583319862652,2.0685275e-06,1.8959613e-06,198107.55474703384,1806.159866748514,176171.17932320663,1066.779262274348,False,197150.7418335433,1403.1727127964757,False,207643.62950488355,1981.1155013690527,False,215012.2928972378,2892.244977363717,False,,,True,-1.0398994196216762,64.18292053431114,183081.0132714802,967.8615286798566,1.0,0.19042058344139,False,350796.5,2496.709228515625,False,369466.82421875,3525.0609635685737,True,,,False,False,-1.8503256612816328,114.20268406712,False,False
2MASS J03333895-2734322,53.4123523187278,-27.5754238859648,2025071100812,-1,g,20250711,g_6,0.5949370536491778,53.4123304560363,-27.57558800608513,745512973134462977,0,1590.4845438663322,26.14304256577437,0.04615066,0.04611031,53.4123304560363,-27.57558800608513,2.5664128e-06,2.5616816e-06,196979.5488855272,1826.886643460965,174656.3921830392,1073.5794132889614,False,197335.95897380705,1412.996715107738,False,210725.2042470985,1992.193901628097,False,215110.62089536336,2904.922462245113,False,,,True,-0.1993906114352247,63.77245301267227,178162.0216222704,994.9499458308704,1.0,0.0449616060054323,False,348206.625,2493.28515625,False,371832.4453125,3515.3000924863263,True,,,False,False,-0.3518321355397854,112.52886066477708,False,False
2MASS J03333895-2734322,53.4123523187278,-27.5754238859648,2025071100813,-1,g,20250711,g_6,0.4933221523069118,53.41233650259385,-27.57556020087004,745512973268680705,0,1497.0,27.0,,,53.41233650259385,-27.57556020087004,,,193661.94093974584,1950.4667112213156,161025.79179386178,1114.547830365168,True,197995.3817668783,1472.3775679626142,True,221794.43809827647,2069.638114291432,True,230531.79352812396,3031.8383128101545,True,,,True,1.9898195724550427,65.69735930804764,64057.98514364436,733.6624741167014,,,True,334537.3125,2487.76123046875,True,374748.716796875,3496.90566731414,True,,,True,True,3.36204251931883,111.00369021302976,True,False
2MASS J03333895-2734322,53.4123523187278,-27.5754238859648,2025071100814,-1,g,20250711,g_6,0.5824477298413145,53.41232798898617,-27.575584233245387,745512973402898433,0,1512.7172489393097,27.327834359267623,0.04942584,0.049309526,53.41232798898617,-27.575584233245387,2.7483202e-06,2.7413666e-06,197461.0309160455,1868.009141449423,169010.11504692052,1082.1779294875505,False,197893.95796739325,1426.8499009805112,False,213580.58469644995,2013.187424675142,False,223166.6258817344,2939.8555643514846,False,,,True,-0.0977361414518041,64.16977152990204,174192.0384078999,1063.0684671887225,1.0,0.0145511207280669,False,344145.28125,2481.347412109375,False,371424.9345703125,3501.011145514339,True,,,False,False,-0.1699669471149948,111.5937257394442,False,False
2MASS J03333895-2734322,53.4123523187278,-27.5754238859648,2025071100816,-1,i,20250711,i_39,0.6367426691685861,53.41230904498454,-27.5755965495564,745512973671333890,0,1495.7922974994506,25.703219479181488,0.25085652,0.26522306,53.41230904498454,-27.5755965495564,1.40280035e-05,1.46435e-05,433663.7974673769,1944.3119962899632,376491.1908947563,1180.3061861726046,True,435578.87737343495,1525.8785867554636,True,467270.4802964388,2111.873249262688,True,479207.93357656384,3043.255937784908,True,,,True,-0.9959566858356744,66.3127296240593,374653.81483040494,1143.82064175045,,,True,660399.8125,2313.449951171875,True,708448.810546875,3201.9015849594166,True,,,True,True,-1.5100126354844092,100.53957270418088,True,False
2MASS J03333895-2734322,53.4123523187278,-27.5754238859648,2025071100817,-1,i,20250711,i_39,0.581744347271535,53.41233498877335,-27.5755847498366,745512973805551618,0,1496.905029563153,24.572053512253845,0.015261671,0.022437045,53.41233498877335,-27.5755847498366,9.0200206e-07,1.2078336e-06,438529.5472284242,1912.9656846287064,390744.8940947951,1174.9844082564334,False,437867.9703423284,1513.4887174516225,False,461876.7234915433,2094.8417031371305,False,468999.3047826479,3011.856050510363,False,,,True,-0.5164787616729544,66.8781552275358,393864.599161175,1097.0218880482614,1.0,0.0148971373685724,False,670380.0,2317.16552734375,False,707137.6279296875,3207.222441621264,True,,,False,False,-0.7907338643190195,102.39108758373918,False,False
2MASS J03333895-2734322,53.4123523187278,-27.5754238859648,2025071200713,-1,r,20250712,r_57,0.5671679432701165,53.41234289219268,-27.57558121088197,745517357872972719,745517357872972396,994.0675135642854,3531.4473489490283,0.012969874,0.012985628,53.41234289219268,-27.57558121088197,7.208958e-07,7.212257e-07,351049.36650576344,1403.1685670783063,327529.74554200313,884.4992273945988,False,352132.6540492971,1127.23689785189,False,365868.9483381722,1549.137061259804,False,373064.1279728982,2223.785296762961,False,376091.52904730727,3083.564543309086,False,0.3994880406503304,48.931485032447874,347420.4622103204,811.0597221342349,0.0,0.0191428700074488,False,656543.3125,2101.70751953125,False,682154.3203125,2888.330764046781,False,701214.0891919136,5749.235852714404,False,False,0.7448363521435428,91.23163926810956,False,False
2MASS J03333895-2734322,53.4123523187278,-27.5754238859648,2025071200714,-1,r,20250712,r_57,0.5697738596219434,53.4123412602131,-27.57558185264364,745517358007190330,745517358007190034,905.2086135723264,3598.0706470398645,0.01778086,0.015637578,53.4123412602131,-27.57558185264364,9.785509e-07,8.794672e-07,351221.3076901467,1411.030985605926,321542.0481921751,882.9864313087552,False,352453.3387652689,1127.4716166657902,False,369781.0335450508,1548.1304918422063,False,375617.4299974882,2226.193250076582,False,384139.09653596906,3084.2324574763447,False,1.2508649330305242,48.4973341607743,344046.914129629,848.9232309055915,0.0,0.039337250224725,False,655605.25,2097.231689453125,False,687836.8291015625,2879.707372591495,False,714544.5388643742,5737.040251698551,False,False,2.326757975988057,90.21082619955902,False,False
2MASS J03333895-2734322,53.4123523187278,-27.5754238859648,2025071200735,-1,z,20250712,z_20,0.5765008317798161,53.41234251504192,-27.57558378912796,745517360825762705,0,921.3774352980814,3314.468956685965,0.011325138,0.012551353,53.41234251504192,-27.57558378912796,6.347723e-07,6.919305e-07,474979.62550453725,2111.695351483239,452373.0898626584,1338.5912853083007,False,474997.4407742687,1706.4948358577358,False,487554.96848043415,2354.092158757211,False,491043.5931306088,3390.397779228856,False,485619.9133324008,4697.4860343023,False,-2.122839935489252,73.70830157636159,451932.4407373815,1094.8996538283377,1.0,0.1157182454885474,False,556857.3125,2000.587890625,False,571578.9731445312,2759.790517536357,False,569310.4354287982,5507.0390364713,False,False,-2.488684864106441,86.41100604215235,False,False
2MASS J03333895-2734322,53.4123523187278,-27.5754238859648,2025071200736,-1,z,20250712,z_20,0.5794360781516281,53.41234374522203,-27.57558466092157,745517360959980423,0,918.2710778844224,3310.892068344133,0.012678429,0.012375336,53.41234374522203,-27.57558466092157,7.0303025e-07,6.885601e-07,473263.2973594323,2125.495905709875,448605.4694601713,1341.5433202820202,False,472254.9653924807,1711.3042854324326,False,485863.8802342223,2357.669069060013,False,490263.00175318617,3393.8350207736976,False,490305.6542310626,4708.272362118,False,-0.5180441893986932,74.75951778618413,453531.4035085274,1122.1040308784975,1.0,0.1288145456348685,False,552726.0625,2002.9063720703125,False,568653.9033203125,2759.410142223844,False,573852.5447993875,5510.550517405934,False,False,-0.6063176588717832,87.4983577271969,False,False
2MASS J03333895-2734322,53.4123523187278,-27.5754238859648,2025071200737,-1,z,20250712,z_20,0.5768559806963353,53.41234467004049,-27.575583980242985,745517361094198191,0,915.9668628678876,3306.226935350309,0.011466433,0.011409768,53.41234467004049,-27.575583980242985,6.36688e-07,6.338639e-07,475512.6378307541,2122.079515361366,450435.3393571362,1342.7021567188028,False,472520.2888195323,1711.4040621004235,False,484343.1665888741,2352.477094972985,False,485273.893074486,3392.876205042592,False,482856.7892581432,4704.204412129298,False,-0.4188538109098467,73.60679262267705,447178.515325002,1084.054730498413,1.0,0.1422469912600283,False,551085.9375,1995.9581298828125,False,564874.59765625,2743.6219692687087,False,563141.0813096166,5486.369495638785,False,False,-0.4884963683514093,85.8453473398438,False,False
2MASS J03333895-2734322,53.4123523187278,-27.5754238859648,2025071200738,-1,z,20250712,z_20,0.5795581053664582,53.41234256061016,-27.57558464179557,745517361228415862,0,914.2635466908284,3300.902329979345,0.013327047,0.013215071,53.41234256061016,-27.57558464179557,7.398301e-07,7.3429334e-07,473483.4347504624,2141.8815535658537,444890.586828218,1344.4948704590472,False,473099.1030441158,1716.6460298550132,False,488790.7810750128,2364.865967565539,False,494264.9646747108,3402.1327483336386,False,484715.76077384455,4719.699220906796,False,-2.8260320095834803,74.33675394088831,452564.0105364537,1152.594579796481,1.0,0.1301448254507204,False,546011.875,1981.2109375,False,564121.9125976562,2729.332803139436,False,559418.8610361814,5447.086676896651,False,False,-3.261572525574641,85.79333619428407,False,False
2MASS J03333895-2734322,53.4123523187278,-27.5754238859648,2025071200739,-1,z,20250712,z_20,0.5845211532440722,53.412346783239215,-27.575586178796133,745517361362633698,0,910.596560980969,3298.056566058853,0.009893662,0.01050559,53.412346783239215,-27.575586178796133,5.523141e-07,5.8078405e-07,472318.3921561235,2070.9097123943134,454398.7113378169,1319.2104342110845,False,471472.8550962545,1677.7709785903814,False,481059.98056717793,2306.0173980321333,False,481954.8736961642,3319.207624224659,False,479455.7368632577,4602.551118248324,False,-0.7871123377175745,71.79042371357097,444398.42600876745,1029.3260126048256,1.0,0.1813666731453441,False,556093.1875,1978.898681640625,False,567401.0180664062,2719.90328062544,False,565508.8433946371,5428.620745208907,False,False,-0.9283839017891736,84.67542748925572,False,False
2MASS J03333895-2734322,53.4123523187278,-27.5754238859648,2025071700593,-1,g,20250717,g_6,0.5704848892870561,53.41233711816471,-27.57558178014301,745539332021420902,745539332021420519,656.417130765649,2986.897457502191,0.0134226065,0.01810962,53.41233711816471,-27.57558178014301,9.3759616e-07,8.322421e-07,198813.8975248867,747.7785562177809,182556.8080310602,496.2078979668109,False,199083.06324644183,612.5712972746916,False,207483.9546780417,815.2548989067417,False,211837.7922001653,1145.7152206857952,False,212638.4622959172,1572.4734719526134,False,0.6246073321824277,24.508150623592226,191381.5300990031,488.372500635556,0.0,0.061533128475042,False,380943.6875,1172.1497802734375,False,397018.7192382813,1559.9830662517422,False,406881.8241512776,3008.9141342979738,False,False,1.1951806270258605,46.89613028909182,False,False
2MASS J03333895-2734322,53.4123523187278,-27.5754238859648,2025071700594,-1,g,20250717,g_6,0.5714056074313194,53.41234639446196,-27.5755825228532,745539332155638245,0,655.7449394785414,2985.287806677808,0.013252712,0.016427225,53.41234639446196,-27.5755825228532,8.652587e-07,7.933699e-07,198087.70731998247,745.3800491029912,182722.80457657823,495.605540195059,False,198729.78126620303,611.5859499466319,False,207848.104109362,814.1271241919275,False,211583.2905876101,1145.3281408898088,False,210753.15324387053,1570.3055105537,False,0.2136067585701377,24.28821236288264,194757.9542224443,493.2161170133333,0.0,0.0118835605422318,False,380848.21875,1172.0509033203125,False,398322.6857910156,1560.20332286898,False,403889.9579995871,3009.3529655053912,False,False,0.4093586426557061,46.54623155165069,False,False
2MASS J03333895-2734322,53.4123523187278,-27.5754238859648,2025071700595,-1,g,20250717,g_6,0.5670850888765746,53.41234464198384,-27.57558126255833,745539332289855989,0,646.090645667701,2982.1059935437133,0.013544618,0.014532219,53.41234464198384,-27.57558126255833,7.925167e-07,7.6979643e-07,197500.53599158712,737.1506071415065,183157.72887582265,492.8289459219936,False,198159.57385967489,607.1289157400167,False,206330.5412598964,804.5098686875199,False,208610.95658927536,1134.4121717533612,False,208988.6146263957,1555.7514127682136,False,-0.0657792389496472,24.39554083427656,191363.1571033221,481.66763821286594,1.0,0.0909912591681675,False,382503.3125,1171.9283447265625,False,398275.5612792969,1552.9287014405434,False,403406.3851287365,3003.0346615086974,False,False,-0.1269722996567731,47.0902061282577,False,False
2MASS J03333895-2734322,53.4123523187278,-27.5754238859648,2025071700602,-1,i,20250717,i_39,0.5848022275678132,53.41233973907456,-27.575585947873154,745539333229380700,0,606.6946526728824,2766.293277222761,0.007038877,0.007063657,53.41233973907456,-27.575585947873154,3.921795e-07,3.914975e-07,439458.608211368,1095.0940742773626,420021.83968388295,764.8849157501616,False,439781.9044467795,919.3420178991216,False,452199.7752674791,1199.3303642714932,False,457624.7608157108,1665.870283983706,False,456598.9903700268,2270.731410697952,False,3.166141192012706,35.31444634588999,399610.5354472167,716.3629993803937,1.0,0.3550899807917346,False,718456.0,1501.896240234375,False,738742.6323242188,1959.303207977524,False,745929.4730144739,3709.612855619063,False,False,5.17241185516754,57.69195050396425,False,False
2MASS J03333895-2734322,53.4123523187278,-27.5754238859648,2025071700603,-1,i,20250717,i_39,0.57565823553309,53.41234158898856,-27.575583507935512,745539333363598487,0,606.9644864730054,2766.2048193264336,0.0068498845,0.0064627975,53.41234158898856,-27.575583507935512,3.6608003e-07,3.7405354e-07,438649.12497153936,1085.758520065628,421620.0231512687,761.9120639979253,False,439620.6854613035,913.7865832199936,False,450118.1517876709,1188.0460716552457,False,455125.7726756077,1651.799655783458,False,455672.0383981921,2249.54536383524,False,5.125635751658069,35.46898201363884,399374.4537787925,710.9501397771036,1.0,0.3752394748687275,False,721539.0625,1499.7763671875,False,738768.3063964844,1949.9119970877448,False,747883.7695007324,3692.1257496555454,False,False,8.41258506998389,58.21440363547912,False,False
2MASS J03333895-2734322,53.4123523187278,-27.5754238859648,2025071700604,-1,i,20250717,i_39,0.5756889353682693,53.412341129102174,-27.57558349166833,745539333497816158,0,605.728730852053,2765.3768796594986,0.007185753,0.006889169,53.412341129102174,-27.57558349166833,3.8814483e-07,3.9419848e-07,438229.44612320815,1088.671970313975,418853.6198752743,761.0068417016262,False,437944.3648135242,913.8497448740394,False,449054.085761769,1190.6655335261646,False,456260.5796821654,1653.9851196282168,False,460256.4640624921,2254.4017814819763,False,4.953427770299348,34.59315968427043,404375.99734394654,716.7968768572118,1.0,0.2946971836611528,False,716833.5,1495.8021240234375,False,735018.0476074219,1948.8981028226044,False,753354.2580734491,3690.0365646080704,False,False,8.107840289468719,56.62257063883721,False,False
2MASS J03333895-2734322,53.4123523187278,-27.5754238859648,2025071700605,-1,i,20250717,i_39,0.5692395746884987,53.412340796519096,-27.575581677879104,745539333632033906,0,602.0888673828819,2768.254801844618,0.0069732703,0.007064291,53.412340796519096,-27.575581677879104,3.911357e-07,3.8900512e-07,438676.38161066186,1090.005124079897,419056.4460112736,761.4095036216232,False,438798.5613922929,914.5488372652158,False,449844.21311027335,1191.1024880730574,False,456159.5562090215,1653.5852657027826,False,456157.29841917474,2254.0238047741345,False,3.465140912305623,35.86723397230383,402942.15721970494,714.4028591298284,1.0,0.294223313354459,False,718023.625,1496.5128173828125,False,736098.06640625,1949.048610184795,False,746428.4202343225,3688.349246189308,False,False,5.670148578188093,58.69098857982054,False,False
2MASS J03333895-2734322,53.4123523187278,-27.5754238859648,2025071700606,-1,i,20250717,i_39,0.5753488379194068,53.412342140041424,-27.575583450208526,745539333766251648,0,595.8522213979551,2764.825187089809,0.007188648,0.0067887,53.412342140041424,-27.575583450208526,3.8441033e-07,3.926723e-07,437945.4308307751,1082.9501656678412,419941.0622236176,758.6658543201213,False,438642.33061596105,909.950397846909,False,450385.71908004617,1185.4566941362896,False,454384.7337473132,1643.1486511215223,False,456762.8445924443,2239.014036772085,False,3.532995292604056,34.6902444359027,400617.2654544986,709.6576074782694,1.0,0.3049918979935347,False,719295.3125,1492.1566162109375,False,738552.3784179688,1943.9378822982935,False,749009.7286738157,3671.5843156548767,False,False,5.793483153999532,56.88582353003771,False,False
2MASS J03333895-2734322,53.4123523187278,-27.5754238859648,2025071700607,-1,i,20250717,i_39,0.580747976968633,53.412343415838826,-27.575585011709254,745539333900469382,0,586.1345504693055,2760.9312151051963,0.0070245992,0.006870967,53.412343415838826,-27.575585011709254,3.8462468e-07,3.876838e-07,436731.3107416364,1076.4820360392337,418569.22582023,755.6306013987322,False,437246.8168104623,905.917040600921,False,447504.9005829221,1176.622668254489,False,456068.743904748,1633.6789210676782,False,458815.0982057571,2225.122932545597,False,5.575054737445226,34.373411254602274,396316.800962736,706.5563905652803,1.0,0.4020395089602064,False,716689.75,1484.885498046875,False,733503.7397460938,1928.598159060321,False,752042.2456771135,3647.191327493761,False,False,9.1380529998185,56.341339883068606,False,False
2MASS J03333895-2734322,53.4123523187278,-27.5754238859648,2025071900574,-1,i,20250719,i_39,0.5947200941229672,53.41234001753253,-27.575588725753125,745548125565355759,745548125565354690,2948.0226840559244,1915.2860627013315,0.009303301,0.008644602,53.41234001753253,-27.575588725753125,4.819503e-07,5.1627336e-07,442288.263767767,1055.6163278880308,417755.2213895263,741.5146843187943,False,441286.26904282736,887.9395735455458,False,452111.8946510612,1149.5558879259254,False,455124.2863302836,1588.594523043177,False,456667.15706516977,2160.927672471069,False,0.4490452504592583,33.00853686829534,417865.3700804366,722.9942529180485,1.0,0.1445651603603821,False,704275.5,1417.1165771484375,False,721552.7719726562,1834.645907979525,False,728822.791321516,3448.7554310140954,False,False,0.7166585286593786,52.68032440168895,False,False
2MASS J03333895-2734322,53.4123523187278,-27.5754238859648,2025071900575,-1,g,20250719,g_6,0.5637788030719302,53.4123442405001,-27.57558032739909,745548125699573210,745548125699572285,2936.510880905242,1895.966133420412,0.011886123,0.012707925,53.4123442405001,-27.57558032739909,7.058051e-07,6.622544e-07,200029.7248565809,496.2696012707022,185987.90954367883,379.8333070110144,False,199987.4643304836,433.9253011960067,False,206936.1058306083,527.4771006690778,False,209348.4982602153,688.688427442469,False,210478.8388720172,908.58178433183,False,0.383416315259848,13.46106960859372,194153.5414970312,417.82986813428096,0.0,0.0813739740725746,False,376754.4375,817.4676513671875,False,389844.9155883789,993.7089758201284,False,396519.0358823538,1711.6683799390876,False,False,0.7223142643847601,25.35917801404432,False,False
2MASS J03333895-2734322,53.4123523187278,-27.5754238859648,2025071900576,-1,g,20250719,g_6,0.5614402610728494,53.41234040889675,-27.575579483875885,745548125833790889,745548125833790013,2935.918680181192,1895.2421542671657,0.012002712,0.014406784,53.41234040889675,-27.575579483875885,7.9826395e-07,6.71516e-07,199749.69109140604,500.6564881226215,183443.3529080212,379.6281319806446,False,199500.17720918352,435.6011660260813,False,207349.1780082821,530.1999597162534,False,210538.3753981712,694.467100093149,False,210760.0542347793,915.3753949429198,False,0.3178663976702808,13.580314472915331,193957.0428675695,420.2238018340967,0.0,0.0652224847216862,False,373760.96875,816.0930786132812,False,388465.9689331055,993.3226794428916,False,394856.2008644045,1714.9438119297588,False,False,0.5955185323055842,25.44254127656398,False,False
2MASS J03333895-2734322,53.4123523187278,-27.5754238859648,2025071900577,-1,g,20250719,g_6,0.5772831344701352,53.41233768340287,-27.575583716783303,745548125968008635,745548125968007742,2935.823389443693,1896.0867298920964,0.012677804,0.01274242,53.41233768340287,-27.575583716783303,7.091803e-07,7.05102e-07,198963.27367774432,496.9782674335261,184897.03197650544,379.255286413829,False,199832.95136445216,434.1166192757307,False,207713.4450876084,527.8070427963728,False,210642.2534775937,690.8931510222433,False,212890.4526161429,911.1173612287826,False,0.633123182834299,13.600479665266358,191817.96518673783,414.5760636677954,1.0,0.1241693602531857,False,376665.1875,818.2665405273438,False,391519.1323852539,994.8636467673244,False,401277.2753647268,1717.3653762228987,False,False,1.1933740694143593,25.635548032639317,False,False
2MASS J03333895-2734322,53.4123523187278,-27.5754238859648,2025071900578,-1,g,20250719,g_6,0.5586875790697127,53.4123324852939,-27.5755780779706,745548126102226498,745548126102225524,2932.821361454532,1892.3946228047864,0.011110664,0.012898045,53.4123324852939,-27.5755780779706,7.1495776e-07,6.2083024e-07,199357.90366244648,493.4045857446214,185753.7117363124,378.47202686765263,False,199330.52676385187,432.2700331303317,False,205556.86794874212,525.267603193045,False,207249.14980534508,686.5875889013735,False,209427.9561854117,906.8521682609008,False,0.6334547251516751,13.479458739793026,190037.4643216324,411.02208361036026,1.0,0.145092507407594,False,377999.71875,819.7337036132812,False,389807.01818847656,996.08930703666,False,397147.9422730804,1719.705807814141,False,False,1.2012495618990893,25.561722508165275,False,False
2MASS J03333895-2734322,53.4123523187278,-27.5754238859648,2025071900579,-1,g,20250719,g_6,0.5581033555235201,53.41232765093009,-27.57557736494543,745548126236444232,745548126236443270,2930.20120491947,1881.4722723855284,0.01106943,0.012036086,53.41232765093009,-27.57557736494543,6.683983e-07,6.171043e-07,199384.19598111653,491.0607808034303,187217.3853882859,378.2592176062077,False,199390.25919037496,430.72892238540607,False,205015.924121864,523.449702639625,False,207679.2161789221,684.1554156933539,False,208614.99707265277,902.3578932735874,False,0.2811750637643882,13.450816741123134,189480.8597267752,406.57886070027047,1.0,0.1407554603246654,False,380638.8125,822.267578125,False,391378.2860717773,999.2728532740832,False,398248.967015028,1722.613924774116,False,False,0.5367671560810876,25.677798565916,False,False
2MASS J03333895-2734322,53.4123523187278,-27.5754238859648,2025071900580,-1,g,20250719,g_6,0.5654713397769432,53.412352264817805,-27.57558096132969,745548126370661826,745548126370660919,2931.237622975727,1878.2119970553176,0.012991558,0.012837583,53.412352264817805,-27.57558096132969,7.140707e-07,7.223353e-07,199779.81620498252,499.0980145812852,184172.4369906482,378.9122047339366,False,199937.0281716952,434.5627407051738,False,208064.1282375596,529.5094911372483,False,211102.39334365423,692.7427397563296,False,213694.38376716265,913.33094701422,False,0.6498713148042102,13.753722267505069,195157.25815622325,420.529431290663,0.0,0.0594027572189066,False,377630.3125,820.7787475585938,False,392980.34228515625,1000.109066531494,False,403614.4663118124,1725.0504025733442,False,False,1.2274420098089778,25.977291377242896,False,False
2MASS J03333895-2734322,53.4123523187278,-27.5754238859648,2025071900586,-1,i,20250719,i_39,0.5907791279984309,53.41234249971485,-27.575587760311212,745548127175968697,745548127175967468,2989.616232697438,1770.5955624586122,0.008115997,0.0072557,53.41234249971485,-27.575587760311212,4.0516576e-07,4.4967928e-07,437101.499336981,1039.0635983957493,421405.0656120246,736.946582594298,False,436720.4212149267,879.0861297767234,False,446122.218315997,1141.3256773774308,False,447800.3476864097,1577.6363737919262,False,447542.206820417,2145.8164286738684,False,0.449847401667777,32.67697576490223,411408.7800410952,696.5232665291148,1.0,0.1962485849145983,False,711669.875,1432.5391845703125,False,726990.8342285156,1859.8789126779784,False,729304.8158798218,3496.774676391256,False,False,0.7330613100788049,53.2496721662146,False,False
2MASS J03333895-2734322,53.4123523187278,-27.5754238859648,2025071900587,-1,i,20250719,i_39,0.5726224816122115,53.41233814268405,-27.57558245065306,745548127310186311,745548127310185131,2988.1301455469934,1769.1422353191604,0.008731205,0.00808857,53.41233814268405,-27.57558245065306,4.5106702e-07,4.842057e-07,438760.31820190826,1043.0214585623112,418811.0902102341,737.3852491115041,False,439864.1513080593,881.76115017543,False,451417.7757856753,1140.6082982829578,False,456574.3243032294,1578.4466837572943,False,459519.394467462,2147.009832151748,False,1.362468315941781,33.07778636499177,418286.8697502565,715.6989845991617,1.0,0.1429030091977143,False,711976.1875,1427.2427978515625,False,730677.201171875,1846.219895909676,False,743790.7035213709,3475.2090395969685,False,False,2.205328609501534,53.54061283933239,False,False
2MASS J03333895-2734322,53.4123523187278,-27.5754238859648,2025071900588,-1,i,20250719,i_39,0.5881995902608074,53.41233242506368,-27.575586320387877,745548127444402881,0,2987.77435533315,1769.168684243759,0.008596778,0.008010194,53.41233242506368,-27.575586320387877,4.4653214e-07,4.76865e-07,438928.59157864336,1041.5860737982573,419380.7245324465,735.3770806228264,False,438852.5338218037,878.2555458601031,False,450698.3424829817,1137.3161989066052,False,455191.9931835317,1572.227780089166,False,455907.8951608235,2137.758652884697,False,1.433238433380432,32.23986582310108,411201.22858510487,705.7308201348994,1.0,0.2313388569220095,False,711611.1875,1424.114990234375,False,730819.4848632812,1844.188807157584,False,739266.9146528244,3466.4331553919774,False,False,2.324034669838829,52.27780959453987,False,False
2MASS J03333895-2734322,53.4123523187278,-27.5754238859648,2025071900589,-1,i,20250719,i_39,0.5733987291872659,53.41233818231392,-27.575582669728515,745548127578621795,745548127578620600,2985.76728809253,1768.9678486766372,0.008711807,0.007996261,53.41233818231392,-27.575582669728515,4.461145e-07,4.8317133e-07,439763.2052234247,1044.9414232981126,418305.6785344163,737.0618826282636,False,439231.35351223504,881.2201849753427,False,449497.7552749389,1140.1677335520214,False,455149.1530059644,1578.0054222357282,False,454673.6491889335,2144.78816492109,False,1.0508191533290254,32.76877540161299,415490.2436868385,713.4613873628484,1.0,0.1772248497934793,False,710138.625,1424.7354736328125,False,726737.0949707031,1843.3956048436892,False,735105.3550182581,3467.6416111330936,False,False,1.6989389821597782,52.97976321716993,False,False
2MASS J03333895-2734322,53.4123523187278,-27.5754238859648,2025071900590,-1,i,20250719,i_39,0.5862126216829296,53.41233753096827,-27.575586194373045,745548127712838346,0,2986.084839457196,1766.893100260842,0.008828666,0.0069872295,53.41233753096827,-27.575586194373045,3.9232924e-07,4.879007e-07,437566.9727537485,1035.4737361865534,418797.3483375824,734.3020103691154,False,438109.4685519883,876.8013531144268,False,448200.6946587802,1131.8309851715735,False,452385.9436530469,1567.9455425755798,False,452193.0367911119,2132.6770106118665,False,0.7511392995827121,32.35222573176511,416379.6991328847,705.6668443837376,1.0,0.1439293483596398,False,713043.5625,1427.0350341796875,False,729467.5029296875,1842.107636892708,False,735965.2256704569,3471.0311519507427,False,False,1.222514190068584,52.65475399750356,False,False
2MASS J03333895-2734322,53.4123523187278,-27.5754238859648,2025072100524,-1,g,20250721,g_6,0.5606670836645827,53.41233339568213,-27.575578720931325,745556914947491101,745556914947489873,3026.5893386522325,350.3550437295278,0.015422008,0.010768125,53.41233339568213,-27.575578720931325,6.885009e-07,7.8767994e-07,200350.09085332087,510.7539118630888,184094.76449769724,386.2839069279166,False,200745.19892204576,444.8910133673658,False,208483.19526049352,544.3317017611408,False,211149.31855207752,714.4488731405368,False,212577.98474823736,943.697861156862,False,0.3785011420331232,14.056639345144749,199995.1178027483,431.2182876827303,0.0,9.27030588623312e-05,False,369021.6875,817.824951171875,False,383246.1296386719,1000.6227009276856,False,390773.4136526287,1734.7611752820944,False,False,0.6957831664406557,25.839745107620374,False,False
2MASS J03333895-2734322,53.4123523187278,-27.5754238859648,2025072100525,-1,g,20250721,g_6,0.5684228323318775,53.41233818574395,-27.575581283441903,745556915081708774,745556915081707606,3026.0491220863946,349.71022600638935,0.01609579,0.011722939,53.41233818574395,-27.575581283441903,7.3500496e-07,8.2862044e-07,198277.5352800134,514.1773641518116,182712.239414833,387.8576018074787,False,199300.56161309977,447.01457491751296,False,207274.0624834452,546.9520812351474,False,210973.1409099441,718.5158220756367,False,212466.782026166,949.91470068969,False,0.4275097572752021,14.190401810862877,195690.73234608056,427.8640367966446,0.0,0.0077227308758103,False,362931.6875,814.0255737304688,False,377451.6472167969,996.0144628677332,False,386907.7292824984,1729.8202399029587,False,False,0.7785067757702007,25.841103676955257,False,False
2MASS J03333895-2734322,53.4123523187278,-27.5754238859648,2025072100526,-1,g,20250721,g_6,0.567959885381259,53.412338665155936,-27.575581187711148,745556915215926518,745556915215925336,3026.309369244688,349.5485496160212,0.015169517,0.012546805,53.412338665155936,-27.575581187711148,7.456039e-07,8.0180575e-07,199213.79090777104,511.5203032611176,181845.89844297507,385.27788923062,False,199606.2342614556,444.8987556728589,False,207767.93010305645,544.37894984249,False,210039.3111727011,714.7528746071505,False,211903.4919213744,944.653442552145,False,0.2964750731921547,14.097267373712764,192820.0648697596,423.8684089888412,0.0,0.0602598573437536,False,365771.71875,815.2620239257812,False,380727.7521972656,997.5561378227844,False,388306.030300051,1731.0456989675524,False,False,0.5432806118970349,25.83276888139222,False,False
2MASS J03333895-2734322,53.4123523187278,-27.5754238859648,2025072100527,-1,g,20250721,g_6,0.5671349276521411,53.41234707729927,-27.575581354920978,745556915350144377,745556915350143080,3015.708218177622,347.5789889077326,0.013644133,0.010436062,53.41234707729927,-27.575581354920978,6.4046566e-07,7.090803e-07,199798.5887493881,499.5523093365384,187084.72840539756,383.8101777776853,False,199825.33805819676,438.33000988644096,False,205298.5570415184,533.9657897846015,False,208232.56714237077,700.6430349421169,False,210193.32175275253,925.5733490253004,False,0.3747787006828261,13.72499373431356,193830.23547932936,417.449763588059,0.0,0.0510558639429914,False,373684.125,819.70068359375,False,383919.3387451172,998.5447334886064,False,393072.8119030893,1730.8719225241991,False,False,0.7008563187943225,25.666476154008755,False,False
2MASS J03333895-2734322,53.4123523187278,-27.5754238859648,2025072100528,-1,g,20250721,g_6,0.5785528951960882,53.412346221470585,-27.57558450419849,745556915484362173,745556915484360815,3008.558555761763,347.7829904656769,0.012630936,0.010264974,53.412346221470585,-27.57558450419849,6.144159e-07,6.6497046e-07,200647.6494722248,498.09349181447686,189809.64238800612,384.8733775403267,False,201079.8589495971,437.9507051300159,False,206822.058547546,532.8149545678474,False,208448.64010022537,697.2348427937728,False,209877.22441818845,921.1328863437224,False,0.6788918472683332,13.886224823621808,194420.3974698774,417.0746601826395,0.0,0.0782295806496774,False,377414.46875,822.0064086914062,False,388192.2225341797,1000.0607423873588,False,393926.580067724,1728.9095027399644,False,False,1.274238042606293,26.0635858416032,False,False
2MASS J03333895-2734322,53.4123523187278,-27.5754238859648,2025072100529,-1,g,20250721,g_6,0.5838508927303763,53.412339577801696,-27.575585673072315,745556915618579886,745556915618578531,3001.287273516924,347.5556611122414,0.013124223,0.011061751,53.412339577801696,-27.575585673072315,6.524579e-07,6.9670585e-07,199909.9085770224,498.6849452251399,187578.6826411929,383.22427447895774,False,200284.1311195598,437.3837754461621,False,206289.80454522048,532.4405651197554,False,209162.8336509009,697.72249209033,False,211084.8795570886,921.0265177258908,False,0.5099984653509199,13.6168553236282,193188.41279861177,416.0191757936227,1.0,0.0634668139858996,False,375810.625,820.701416015625,False,387079.59509277344,999.064780791647,False,396077.01354554296,1728.2025756774362,False,False,0.9569547070015084,25.550496093235058,False,False
2MASS J03333895-2734322,53.4123523187278,-27.5754238859648,2025072100530,-1,i,20250721,i_39,0.5781537603923967,53.41233863915686,-27.57558402582018,745556915752796310,0,3008.873103655292,349.4056849984316,0.007593751,0.0069966707,53.41233863915686,-27.57558402582018,3.994632e-07,4.1219485e-07,438588.6104166151,976.8017813644698,423032.0721172086,708.3451408636726,False,438314.4043735926,833.9040760964671,False,446765.7884186992,1065.0067798230348,False,450955.6530617547,1457.411552493758,False,451585.7785917181,1973.2639938918887,False,1.748155212764423,30.22743447673516,406830.00625911023,680.1812829570105,1.0,0.2001585342764831,False,704711.25,1340.730712890625,False,718299.1799316406,1712.29202503659,False,726048.6430246234,3172.565906664337,False,False,2.810641477643974,48.59893474145771,False,False
2MASS J03333895-2734322,53.4123523187278,-27.5754238859648,2025072100531,-1,i,20250721,i_39,0.5876611432498768,53.412338464295765,-27.575586662577457,745556915887014016,0,3009.4263661423934,349.4014216107819,0.008056575,0.0072166794,53.412338464295765,-27.575586662577457,4.1607987e-07,4.3407204e-07,439627.1321228772,979.806513529553,421338.7506974145,708.4114070751713,False,439764.31280947593,835.7612025202769,False,448852.9642166545,1069.808650980593,False,453060.93204774713,1464.50994277407,False,452778.55078515,1979.7158084726875,False,0.7503393684572679,30.62342420913653,410872.522683968,693.3578649912772,1.0,0.2349042874068915,False,705688.3125,1341.1431884765625,False,720272.8408203125,1716.7183412071736,False,726572.216373086,3176.843294048576,False,False,1.2040670588891755,49.14130574865406,False,False
2MASS J03333895-2734322,53.4123523187278,-27.5754238859648,2025072100532,-1,i,20250721,i_39,0.602668577088241,53.41234000970258,-27.57559093797319,745556916021233387,745556916021231746,3009.561794862125,351.9209730056143,0.009440189,0.0077713844,53.41234000970258,-27.57559093797319,4.6264694e-07,4.982164e-07,439346.2307064129,999.9406361471564,414925.45239208994,713.2571183379763,False,439240.0052209439,845.7623831947027,False,452467.9662239324,1083.928450092365,False,459791.3479374454,1483.6196713746194,False,462417.3175668583,2008.9753072931735,False,2.130609260082745,30.749258876966177,420966.5310024087,716.7075784578005,1.0,0.0763336196378796,False,694395.625,1337.06787109375,False,715307.7416992188,1713.5852031022605,False,731036.6961705685,3175.9940978410973,False,False,3.3682855186237943,48.61158041699161,False,False
2MASS J03333895-2734322,53.4123523187278,-27.5754238859648,2025072100533,-1,i,20250721,i_39,0.58173719604457,53.41234084228103,-27.575585159112297,745556916155451200,745556916155449483,3011.552311882882,354.67691534985875,0.008726733,0.0075847823,53.41234084228103,-27.575585159112297,4.4204373e-07,4.6661845e-07,438024.0372084671,988.1226647436898,416239.0199368935,708.8460115480754,False,437565.70690255176,838.4509825339129,False,448426.3009158783,1074.2339341503628,False,454624.0512037957,1471.448386905321,False,457193.8475296595,1990.960846040703,False,1.7864457037950043,30.556360098329797,419655.6934044414,709.9603044419015,1.0,0.1011078594048415,False,698118.5625,1337.7149658203125,False,715446.2053222656,1713.8972229027702,False,729434.4748372436,3176.4982993543035,False,False,2.8502025799645594,48.75144886943596,False,False
2MASS J03333895-2734322,53.4123523187278,-27.5754238859648,2025072100534,-1,i,20250721,i_39,0.5841053816731816,53.412335912175,-27.575585484401486,745556916289668999,745556916289667152,3048.8316094380257,213.9664635754396,0.008778638,0.0075262836,53.412335912175,-27.575585484401486,4.4181792e-07,4.66809e-07,437132.1205795143,980.5961144346916,418791.15053119085,707.8993974108602,False,438180.7169448611,835.7761625225291,False,448723.71100545465,1066.7418266706982,False,454525.3388740685,1462.269100594807,False,456768.3592043665,1978.6313204700643,False,1.5774732496080308,30.33488598607052,413300.7624321592,696.535640442359,1.0,0.1533557676473533,False,701566.6875,1338.1527099609375,False,718446.9680175781,1707.9494847995222,False,731327.172396183,3167.9664750300094,False,False,2.525676369475268,48.56887730095092,False,False
2MASS J03333895-2734322,53.4123523187278,-27.5754238859648,2025072100535,-1,i,20250721,i_39,0.5795218255421725,53.41234027497056,-27.575584509872268,745556916423884879,0,3046.9862806452084,214.16422320820251,0.008305437,0.0071124285,53.41234027497056,-27.575584509872268,4.1765247e-07,4.4156343e-07,437777.9853215521,973.3848739656446,420992.2568775212,706.352960273441,False,437565.5819058853,831.8869038032983,False,447172.46181687055,1059.7416187085578,False,450222.0220789983,1451.8847325356194,False,454831.2690472246,1965.3359347087855,False,1.9696172169589845,30.17923279275472,409951.6565252727,686.080910420755,1.0,0.1818842494992393,False,703124.4375,1336.7596435546875,False,718561.7395019531,1702.899543205073,False,730868.6821602583,3158.0996786165765,False,False,3.1649792740382225,48.495030137336784,False,False
2MASS J03333895-2734322,53.4123523187278,-27.5754238859648,2025072200465,-1,r,20250722,r_57,0.5659930116584753,53.412343749771566,-27.57558092266303,745561305075155740,745561305075155496,2634.5279454970155,3835.845824791886,0.025405042,0.019474966,53.412343749771566,-27.57558092266303,1.0845221e-06,1.4115268e-06,351907.3047552268,1639.7608355086616,313678.0348105878,1078.841174790084,False,351084.9515728833,1338.1639230971746,False,368454.3581209123,1780.1859234560409,False,376925.8469221584,2500.630785489692,False,375643.243966586,3432.893886475704,False,0.3921759694926116,53.64373849221881,346317.8639742223,1127.3861529010053,0.0,0.0317191141561123,False,251482.625,958.5286254882812,False,263924.3543701172,1275.1495813566282,False,269073.7630109489,2458.9865274762224,False,False,0.2809161766349526,38.425082335197104,False,False
2MASS J03333895-2734322,53.4123523187278,-27.5754238859648,2025072200466,-1,r,20250722,r_57,0.56694059399823,53.4123404201912,-27.57558101589681,745561305209373280,745561305209373095,2633.4407150063853,3834.726488124824,0.032077562,0.028443128,53.4123404201912,-27.57558101589681,1.5828957e-06,1.7827317e-06,350196.2744561762,2560.035927922665,316483.5997793225,1630.9366807376953,False,350293.624910554,2065.6945686985346,False,366044.0971239582,2816.667237374324,False,372320.59989234974,4019.580314521472,False,377365.1427979998,5556.113576227402,False,3.2907653727560704,87.72356141798949,346703.7281921956,1643.7522633129822,0.0,0.008190879290707,False,152728.515625,900.645751953125,False,159595.74377441406,1228.070897047002,False,164531.73569136858,2422.4733731817187,False,False,1.4347783542435857,38.24759678149767,False,False
2MASS J03333895-2734322,53.4123523187278,-27.5754238859648,2025072200467,-1,r,20250722,r_57,0.5740943356228038,53.412343413657766,-27.575583161138585,745561305343591073,745561305343590866,2633.5950222253264,3833.758202398762,0.02876888,0.026744107,53.412343413657766,-27.575583161138585,1.4883956e-06,1.5989733e-06,352494.35956668924,2143.360866368822,314606.9136368498,1372.20653718557,False,354295.1337509173,1726.3152709574492,False,375132.3485322134,2330.727956498409,False,382570.57359698793,3309.002373608132,False,385281.328162966,4559.502520459222,False,0.1102990692517667,71.42959812483323,349959.3777847732,1434.538070991975,0.0,0.0259714766648394,False,188863.21875,920.2425537109376,False,199970.86059570312,1242.4353087625773,False,205380.95172452927,2430.52257815674,False,False,0.0587968483322808,38.0767968022932,False,False
2MASS J03333895-2734322,53.4123523187278,-27.5754238859648,2025072200468,-1,r,20250722,r_57,0.5721788411392111,53.41234063549235,-27.575582486786185,745561305477808912,745561305477808678,2630.7909580314445,3818.922273035888,0.0237997,0.020686444,53.41234063549235,-27.575582486786185,1.1512183e-06,1.3226335e-06,353881.4154788925,1881.901312167512,321189.2249887854,1228.6998865849334,False,354722.3835469726,1530.703797502822,False,371451.7341811898,2049.217538045054,False,378084.85427191743,2897.3847771549204,False,378930.9369389207,3981.7148645429456,False,0.1635358920708044,61.725126206975,351704.90213514096,1256.0563118191294,0.0,0.0181794682458517,False,217057.578125,936.650390625,False,227294.40698242188,1253.93326299758,False,231870.99338406324,2436.4444573246337,False,False,0.1000689731345913,37.77011833867484,False,False
2MASS J03333895-2734322,53.4123523187278,-27.5754238859648,2025072200469,-1,r,20250722,r_57,0.5605050124111414,53.41234248275583,-27.575579337498198,745561305612026544,745561305612026331,2630.657707575816,3807.001692808988,0.024670254,0.02183317,53.41234248275583,-27.575579337498198,1.2151811e-06,1.3708833e-06,354397.88699427486,2154.5289540692133,325112.129287256,1398.3354622534164,False,354397.68701382424,1750.932832694238,False,368501.035914456,2359.660151974328,False,376915.1423415592,3353.104201621399,False,381244.9492780472,4619.451139802899,False,0.4247071577688633,71.80914448945667,343736.4449227747,1356.1647235034864,0.0,0.0334541543063388,False,185989.0625,918.895263671875,False,193390.5460205078,1238.357347030861,False,200078.5933355093,2424.3030308574885,False,False,0.2228877021632176,37.685673332287045,False,False
2MASS J03333895-2734322,53.4123523187278,-27.5754238859648,2025072200470,-1,r,20250722,r_57,0.5698317480577798,53.41234241335988,-27.57558192885752,745561305746244527,745561305746244260,2628.9565769417154,3792.744666003587,0.016565874,0.016720254,53.41234241335988,-27.57558192885752,9.3024585e-07,9.209685e-07,351030.6810662162,1575.466192141522,330562.58323940146,1063.021656563997,False,352209.58127417666,1302.2728440107342,False,362579.3646720613,1721.9715101409186,False,371071.98333819647,2421.7257420690107,False,377082.5131346336,3319.1232673218974,False,1.5226729290854084,50.80880868872007,337344.5619228989,1015.827529507082,1.0,0.1182814392438963,False,259359.671875,958.9661254882812,False,266995.7606201172,1268.0233292704904,False,277675.5718075335,2444.132037552838,False,False,1.1212640775751987,37.41453001418464,False,False
2MASS J03333895-2734322,53.4123523187278,-27.5754238859648,2025072200474,-1,z,20250722,z_20,0.5854130769480855,53.412340307909616,-27.575586151823288,745561306283115192,0,2622.2893755867294,3763.2401855393,0.018386269,0.019121874,53.412340307909616,-27.575586151823288,1.0632264e-06,1.0216913e-06,475194.005517084,3482.5644363522106,451295.5575554603,2159.912328005304,False,475872.8919366996,2788.812940740389,False,493745.4802717747,3879.826445494904,False,495049.71866559633,5622.514570164244,False,498440.1286451711,7814.543530973237,False,0.94480244799222,123.48539148116524,451924.44069728506,1708.857598110564,1.0,0.1549026899891064,False,284282.84375,1666.015625,False,294959.7919921875,2317.778788980613,False,297764.339199245,4668.348828511851,False,False,0.564417791490669,73.76923301720096,False,False
2MASS J03333895-2734322,53.4123523187278,-27.5754238859648,2025072200478,-1,z,20250722,z_20,0.5742941631468077,53.4123421143711,-27.575583155483876,745561306819986334,0,2694.332271397562,3630.320769446733,0.011580399,0.01216473,53.4123421143711,-27.575583155483876,6.762068e-07,6.43536e-07,468605.5461834271,2655.570042078542,453289.9118291247,1687.3878878866428,False,469602.0278809316,2153.571433033972,False,479528.8513680868,2974.6698273858306,False,485457.31901045225,4287.520201564068,False,485596.7958283021,5950.456504469598,False,3.208873303348701,94.26373145601356,428869.77741557895,1230.6737054217629,1.0,0.214875587629142,False,360590.875,1653.6517333984375,False,368213.33349609375,2284.144301363888,False,372872.69455599785,4569.14619231622,False,False,2.463980910474328,72.38180286373752,False,False
2MASS J03333895-2734322,53.4123523187278,-27.5754238859648,2025072200479,-1,z,20250722,z_20,0.5850054052650802,53.41233984990039,-27.57558601117164,745561306954203921,0,2694.651863794917,3630.581253335653,0.0143698165,0.013850455,53.41233984990039,-27.57558601117164,7.7028045e-07,7.98529e-07,472627.5538980078,3402.129895460216,456535.4798471583,2133.3490037060947,False,471052.7896483615,2745.837014137533,False,478948.40561395074,3823.824010970257,False,482904.0821390295,5532.962144134989,False,490827.8984154899,7694.106713136969,False,4.603838373835553,117.7432973153388,436706.4651768031,1506.2411485273435,1.0,0.2192938461910355,False,277754.03125,1619.0697021484375,False,282409.6435546875,2254.699594562156,False,289414.3298389912,4536.793334854872,False,False,2.714631344208445,69.42677381534197,False,False
2MASS J03333895-2734322,53.4123523187278,-27.5754238859648,2025072200480,-1,z,20250722,z_20,0.5645111270134551,53.412340776642246,-27.575580360498822,745561307088421613,0,2697.5121021315763,3629.593612581165,0.014056239,0.01463114,53.412340776642246,-27.575580360498822,8.135072e-07,7.811038e-07,470678.0182196383,3337.6028380243283,456991.7239491429,2097.1798660701497,False,474111.7384281046,2698.58779005244,False,483633.0263234826,3747.2349486381218,False,497321.3081999992,5434.724765031518,False,491759.2376331484,7542.052051144148,False,3.382157509546216,116.4300104896114,433394.9119952318,1492.5679919412014,1.0,0.2600678550898003,False,283938.03125,1616.1416015625,False,289640.18017578125,2244.159820794752,False,294506.8397704959,4516.815841950794,False,False,2.0255207091515226,69.72809419661783,False,False
2MASS J03333895-2734322,53.4123523187278,-27.5754238859648,2025072200481,-1,z,20250722,z_20,0.5846659171482893,53.41234169208287,-27.57558601977328,745561307222639387,0,2701.641124192589,3626.059133476585,0.0134397065,0.0127391,53.41234169208287,-27.57558601977328,7.08445e-07,7.4666934e-07,478777.92626975535,3120.336409681976,464021.4469958716,1968.5530305180264,False,479459.3790385928,2523.7926562234243,False,487479.2501737332,3496.110627663212,False,490087.0549932326,5051.042095508291,False,490621.67931578925,7014.14138510436,False,1.1120674622671864,111.1690608197976,435104.83136014,1396.6574028031748,1.0,0.2568129289955048,False,308197.375,1622.298583984375,False,313352.56298828125,2247.306373098762,False,315372.52224874496,4508.703046132349,False,False,0.7148390201082515,71.4596777616048,False,False
2MASS J03333895-2734322,53.4123523187278,-27.5754238859648,2025072200482,-1,z,20250722,z_20,0.5615618639266043,53.41233599598476,-27.57557920292246,745561307356857201,0,2705.7530433778697,3623.395432750419,0.012656941,0.01249071,53.41233599598476,-27.57557920292246,6.9442416e-07,7.033105e-07,475558.176330612,2832.7929020947704,460679.19475285313,1796.4399659354126,False,476187.9066917104,2296.036951753488,False,487888.2279575867,3170.545009355044,False,493881.3008477224,4577.035138738274,False,495719.2324782294,6358.617006517462,False,2.957195765215907,97.561758887743,438026.49232732,1319.7154598226186,1.0,0.2454658888884797,False,338383.25,1631.583740234375,False,346697.599609375,2253.016738687196,False,352262.3792335987,4518.488306683632,False,False,2.101408918323997,69.32823069260353,False,False
2MASS J03333895-2734322,53.4123523187278,-27.5754238859648,2025072300437,-1,g,20250723,g_6,0.6477851163397964,53.412366161313386,-27.57560340744018,745565699361997217,0,3728.999493274503,3885.642131574693,0.043626748,0.061006848,53.412366161313386,-27.57560340744018,3.1086329e-06,2.7783656e-06,199614.65912065704,1383.3201919764344,172452.49430412226,897.038002517081,False,200062.40739701688,1119.5749038093395,False,212346.4757529362,1490.04982092926,False,217263.25024990377,2089.837441574703,False,219679.29858558223,2865.78694716111,False,-0.880381466080567,44.95640061737621,144864.4029134731,806.0101881280382,1.0,0.119876977255545,False,114158.5703125,638.8460083007812,False,121168.04150390624,850.244478534738,False,125352.25872802734,1635.2604418025935,False,False,-0.5023586929949081,25.65278748591218,False,False
2MASS J03333895-2734322,53.4123523187278,-27.5754238859648,2025072300438,-1,g,20250723,g_6,0.5305648584155049,53.41232907784639,-27.57556981819585,745565699496214949,0,3719.0,3877.0,0.15457968,0.09989324,53.41232907784639,-27.57556981819585,6.707467e-06,7.723762e-06,194305.44464341167,1275.9773642370255,172327.43140199318,837.241572670444,True,197642.53487188448,1038.5346566564765,True,210937.50539338012,1371.8685222750564,True,219153.7292706472,1927.1413035656053,True,223855.0791976517,2639.917139725805,True,-1.302676409205988,39.982523261650165,130884.47203640077,692.3628789674499,,,True,122625.3125,644.3483276367188,True,130874.0425415039,851.1619543937699,True,138888.62060546875,1637.909898508561,True,True,-0.8082324074056694,24.806752315115272,True,False
2MASS J03333895-2734322,53.4123523187278,-27.5754238859648,2025072300446,-1,i,20250723,i_39,0.9598945351291172,53.4125197284667,-27.575202356848727,745565700569957943,745565700569957528,3703.744668821768,3850.966943810104,0.13750422,0.18025811,53.4125197284667,-27.575202356848727,9.305274e-06,8.491583e-06,18636.7615457482,1437.0427663901546,17878.427975067196,852.3652243772744,False,19890.84176372965,1135.8928844513075,False,20903.170052107045,1614.483216424111,False,23012.946711674795,2372.4702597452488,False,23909.940455947795,3315.7471654379115,False,-0.1087010170534543,52.92906723956669,13020.123349718886,531.9861828187607,,,False,24081.3046875,1375.19482421875,False,25306.903193876147,1954.6112079810744,False,28947.118881091475,4014.285504157212,True,True,-0.1316013843254534,64.07979160265486,False,False
2MASS J03333895-2734322,53.4123523187278,-27.5754238859648,2025072300450,-1,i,20250723,i_39,0.9665911249656924,53.41259286437344,-27.575260705061677,745565701106828878,745565701106828464,3703.931318130473,3848.0912524658224,0.10922755,0.11985626,53.41259286437344,-27.575260705061677,6.4732085e-06,6.2675663e-06,19110.5074246463,1399.0913045787534,20260.074575801817,834.1868848282116,False,22337.976112273784,1110.6565315704995,False,26126.311263255782,1575.4969200786406,False,30631.43186262172,2315.849020580545,False,33700.41893115377,3238.848390246656,False,1.221664995761257,50.40383203460495,14966.113330419885,509.0443836866257,0.0,0.5060316218264962,False,27421.302734375,1363.40234375,False,32071.727845057845,1934.023824961207,False,41369.43226824701,3975.894762054895,False,False,1.4996723749897702,61.87394642409271,False,False
2MASS J03333895-2734322,53.4123523187278,-27.5754238859648,2025072800366,-1,z,20250728,z_20,0.5810544580475998,53.41233908518278,-27.57558486316196,745587680065619674,745587680065618901,191.83894113705165,2999.423566955893,0.0131279975,0.0106707765,53.41233908518278,-27.57558486316196,6.619414e-07,6.677207e-07,473483.25573055673,1497.9793252736592,450824.59157101903,1020.7786813788148,False,473352.9277324072,1247.9237311042332,False,483335.5930051447,1651.7136418243506,False,488872.9570491176,2321.5737072726515,False,490647.1148976112,3186.459625739668,False,1.6341574660350728,49.191960154819945,444646.91198436246,941.8353621410356,1.0,0.1312358331320109,False,538128.75,1418.6954345703125,False,549477.4897460938,1877.741839880107,False,557789.5543940067,3622.5096220258574,False,False,1.857783195116838,55.92361740525205,False,False
2MASS J03333895-2734322,53.4123523187278,-27.5754238859648,2025072800368,-1,z,20250728,z_20,0.5796771496792819,53.41234153903603,-27.575584623640687,745587680334055008,745587680334054285,188.1039562256683,2996.9497212208994,0.014613327,0.012419329,53.41234153903603,-27.575584623640687,7.510635e-07,7.562771e-07,472838.483321432,1540.7591683182752,443078.76308368426,1042.7891621408123,False,471986.09948304336,1280.1885856850258,False,484246.6442160182,1692.9708844491574,False,486174.2481481315,2386.955695301287,False,485215.7396257632,3273.98160688498,False,-1.4687763365455384,52.07082063407562,446174.4519685584,987.1362062427228,1.0,0.0530683542974171,False,517603.875,1403.919677734375,False,531049.4096679688,1856.5976646618228,False,532112.1688040495,3590.414141981047,False,False,-1.6107345621766291,57.103500641539085,False,False
2MASS J03333895-2734322,53.4123523187278,-27.5754238859648,2025072800369,-1,z,20250728,z_20,0.5825656869931889,53.4123420157466,-27.57558545186121,745587680468272740,745587680468271997,186.1314984481845,2996.715708391116,0.01475665,0.012412629,53.4123420157466,-27.57558545186121,7.550428e-07,7.605292e-07,471390.1197203104,1532.3190456378848,438618.1827209404,1028.9966680609173,False,471259.86427588575,1264.7508774451371,False,485979.0213936602,1679.1840209546797,False,492467.334210625,2359.0351689702884,False,496349.61334265926,3235.617964346317,False,0.0393775169674349,50.53600470430724,450194.477460762,991.1046375208338,0.0,0.0157999475959148,False,525581.4375,1410.5372314453125,False,541997.2546386719,1872.7415985583016,False,553563.2525889874,3608.5838617192408,False,False,0.0439165172801755,56.36123084406633,False,False
2MASS J03333895-2734322,53.4123523187278,-27.5754238859648,2025072800370,-1,z,20250728,z_20,0.5770370181302564,53.41234442875535,-27.5755840213786,745587680602490692,745587680602489855,178.36543308177937,2997.9064765371004,0.0128125725,0.011782737,53.41234442875535,-27.5755840213786,6.8287443e-07,6.8522394e-07,471124.736066417,1517.3773224689603,444234.8945929866,1025.3117382915905,False,470936.74736323446,1256.0152127859228,False,483543.09913391096,1665.822872716832,False,489748.08425284096,2339.4163522113363,False,492889.8632772502,3208.499758264953,False,0.8030806704607305,49.406002553036416,445476.342739931,960.9857524098068,1.0,0.0887184358872702,False,528766.1875,1410.2496337890625,False,542920.556640625,1870.3802886237509,False,553415.0718153417,3602.492679263956,False,False,0.901696261232588,55.47289260363168,False,False
2MASS J03333895-2734322,53.4123523187278,-27.5754238859648,2025072800371,-1,z,20250728,z_20,0.5791501234135252,53.41233902827853,-27.5755843290773,745587680736708395,745587680736707603,168.82387758835884,3000.066290119046,0.012155914,0.010672583,53.41233902827853,-27.5755843290773,6.3399614e-07,6.3738815e-07,471620.8606784591,1498.4474532979743,449178.8326981228,1019.909800858892,False,471319.7182693947,1246.3213838600952,False,482268.7733641127,1648.7504146439608,False,486881.0736903772,2317.2823679935536,False,491858.2376345085,3178.339178929361,False,0.6369307175054665,50.17300625220655,443858.20268688985,932.6349877858028,1.0,0.0899473899207548,False,534855.4375,1414.330322265625,False,547280.4675292969,1871.0083414092644,False,558162.6286376119,3606.791581543812,False,False,0.7227914393640094,56.93652136653398,False,False
2MASS J03333895-2734322,53.4123523187278,-27.5754238859648,2025072800396,-1,r,20250728,r_57,0.5686778811350728,53.41234029495469,-27.57558149209151,745587684092152770,745587684092151440,149.4117227328096,2940.633662390904,0.007940801,0.0069313496,53.41234029495469,-27.57558149209151,4.1308238e-07,4.1538866e-07,352562.86173379514,597.3602250988725,336946.96697968704,478.843622513728,False,352528.6200941498,533.2220285040687,False,361334.847894912,633.1398580775034,False,366023.1402495768,810.6169982084608,False,365578.8835125136,1053.438974556072,False,0.7542893784784233,15.397148208176278,324416.518186829,508.9476531015664,1.0,0.2107994202700365,False,708523.1875,1071.6865234375,False,726222.2230834961,1272.504542350531,False,734752.0203034878,2117.2350202087487,False,False,1.5159946860320042,30.94567619489572,False,False
2MASS J03333895-2734322,53.4123523187278,-27.5754238859648,2025072800397,-1,r,20250728,r_57,0.5705390086569642,53.41233971205541,-27.5755819745746,745587684226370301,745587684226369021,147.11639961638593,2938.516855700863,0.0088098515,0.0068453024,53.41233971205541,-27.5755819745746,4.361046e-07,4.4084197e-07,352106.46217104257,600.6465824504794,335067.72602348385,478.991825776663,False,352353.3465577227,534.4938050661129,False,362354.2505773616,634.5777090622852,False,367534.142769818,811.9175289792285,False,370425.8274387316,1057.1045556493784,False,1.5970692731239038,15.357572540907158,327403.08488892973,510.9099378646893,1.0,0.1445578343573736,False,705174.4375,1069.6971435546875,False,725189.5216064453,1269.997811599408,False,741343.3902401924,2115.6124035467874,False,False,3.19625863448181,30.735532055250435,False,False
2MASS J03333895-2734322,53.4123523187278,-27.5754238859648,2025072800398,-1,r,20250728,r_57,0.5758312799100426,53.41233734475302,-27.57558328745013,745587684360587978,745587684360586742,145.52828076190028,2937.6406672560915,0.008471773,0.007229303,53.41233734475302,-27.57558328745013,4.361825e-07,4.3915867e-07,353111.93581941444,601.3023299443087,335335.62680605374,479.1968039900789,False,353104.8544577612,534.9269845333212,False,363396.5075561056,635.7403022457919,False,368794.10809125984,813.9772766859222,False,370705.56752637256,1058.209860649328,False,1.0715404462684952,15.471215157620492,329415.4311050112,516.6729082835017,1.0,0.1823053545643475,False,705712.5625,1069.100830078125,False,726281.3787841797,1270.5855275520444,False,740889.2080903053,2114.929837394624,False,False,2.1415722401205075,30.920647949288536,False,False
2MASS J03333895-2734322,53.4123523187278,-27.5754238859648,2025072800399,-1,r,20250728,r_57,0.5755724638979876,53.41233957920684,-27.575583367920345,745587684494805981,745587684494804615,145.20980124727876,2936.9966080405597,0.007655171,0.0066218404,53.41233957920684,-27.575583367920345,3.965509e-07,3.9901383e-07,352825.5231942152,597.3719894736248,337647.648175713,479.2079744802989,False,353192.94868819567,533.3134670611661,False,362469.6870008891,631.402690719363,False,366749.5308305324,808.9770877050253,False,369235.7995663179,1052.0647306955905,False,1.8880716077055604,15.692176643541565,325848.7107704191,512.9902119811586,1.0,0.2049005682756076,False,710696.1875,1073.1353759765625,False,729362.8754272461,1270.5108828988648,False,742977.6727280021,2116.968631128166,False,False,3.799184831710612,31.57585720655773,False,False
2MASS J03333895-2734322,53.4123523187278,-27.5754238859648,2025072800400,-1,r,20250728,r_57,0.570384158638989,53.41233802463854,-27.5755818185801,745587684629023711,745587684629022379,145.81739957013946,2945.402227775476,0.007889802,0.0063057826,53.41233802463854,-27.5755818185801,3.9501649e-07,3.9880948e-07,351747.3727755895,596.4704368921057,337156.7554315522,478.5665818099952,False,352101.99925216805,532.4068744016932,False,361079.321014554,631.227497897269,False,365268.42395247146,807.3741432029296,False,368098.3895014359,1050.9056098371832,False,1.4628058033142923,15.769998368000856,330295.67664460227,516.9485289720765,1.0,0.1542253766563452,False,708732.125,1071.66064453125,False,726802.2192993164,1270.5727513429044,False,740930.6233833432,2115.32614871894,False,False,2.9444236830441306,31.74280316027191,False,False
2MASS J03333895-2734322,53.4123523187278,-27.5754238859648,2025072800401,-1,r,20250728,r_57,0.5784534642519754,53.412341555623385,-27.575584284001952,745587684763241546,745587684763240165,142.87197524906554,2952.288003450913,0.007278442,0.0061573456,53.412341555623385,-27.575584284001952,3.7333658e-07,3.7602786e-07,351297.5626688672,592.5789776709714,338892.6058879654,477.8936765865544,False,351573.86850870406,529.9979555516253,False,359481.7682853147,627.3958616085557,False,363361.47125471017,802.2544974809109,False,364036.4099484777,1043.0687856942347,False,1.4111976310965813,15.329034029218196,331248.3895176283,518.1285755077903,1.0,0.1751847098622397,False,712193.6875,1073.6326904296875,False,728212.9562988281,1270.9345381571632,False,737439.429970175,2112.9755972785924,False,False,2.858705195995124,31.05248213523471,False,False
2MASS J03333895-2734322,53.4123523187278,-27.5754238859648,2025081300305,-1,r,20250813,r_57,0.565853051042105,53.41233920944294,-27.575580637254934,745658040621990718,0,2794.339672259571,2021.675207080567,0.005516459,0.005353906,53.41233920944294,-27.575580637254934,2.9987615e-07,3.0440734e-07,354222.8784405513,910.3186823066958,349812.9149943443,637.7888752941334,False,354021.26281827124,768.0125940166325,False,357179.82121467433,1009.905751065363,False,358885.3280701754,1413.6928520238305,False,360446.7429152007,1934.8002592057023,False,3.808002780279787,29.321467904513064,298007.18513651873,495.0254561815116,1.0,0.3827190514605149,False,720744.5,1563.580810546875,False,727174.9431152344,2056.046040297789,False,733826.0008196235,3939.019465440745,False,False,7.752633381459468,59.69496452237844,False,False
2MASS J03333895-2734322,53.4123523187278,-27.5754238859648,2025081300306,-1,r,20250813,r_57,0.5673562254119233,53.41233999852029,-27.575581106093555,745658040756207846,0,3811.7175269970944,523.6821205693535,0.0057432675,0.005370415,53.41233999852029,-27.575581106093555,3.0343074e-07,3.1453476e-07,354447.60303547373,912.3607910350488,349379.77791374986,639.1755078286589,False,354061.1883155479,769.6525005819714,False,356632.145066308,1010.9506700932394,False,358285.676646382,1414.8835658911437,False,361124.320714018,1936.5161188254085,False,2.9637183194119947,28.891205279946032,299445.159278598,505.4392904224389,1.0,0.3949270706905514,False,718724.3125,1562.351318359375,False,723943.2102050781,2052.1730404593764,False,733062.0742900968,3931.018880577035,False,False,6.016181614531124,58.647522906745365,False,False
2MASS J03333895-2734322,53.4123523187278,-27.5754238859648,2025081300307,-1,r,20250813,r_57,0.5749045271603063,53.412340281339056,-27.575583224814988,745658040890950393,0,220.6769247275859,2099.700824400876,0.0060673538,0.006168181,53.412340281339056,-27.575583224814988,3.417112e-07,3.383469e-07,352276.93097847403,914.8855769959011,344875.44601908966,636.57541336786,False,352109.8667585164,768.6059005576367,False,356462.5184946046,1011.765905488013,False,359253.31931846484,1415.912189174373,False,361765.3397222916,1938.642607518498,False,3.156981462654608,29.820878103367416,314888.37489237514,530.6031086117297,1.0,0.2614644265126052,False,716997.625,1565.1041259765625,False,725860.8840332031,2060.248291163042,False,736658.9632266462,3947.6375885480647,False,False,6.428528208341189,60.7239410027461,False,False
2MASS J03333895-2734322,53.4123523187278,-27.5754238859648,2025081300308,-1,r,20250813,r_57,0.5689472150143878,53.41234093529787,-27.57558160441623,745658041025167878,0,2528.0825956556987,1318.8874593654457,0.0061823707,0.005478038,53.41234093529787,-27.57558160441623,3.126878e-07,3.3600625e-07,354227.8414745984,910.9709235093852,347732.4681040045,636.9061634605386,False,354064.9047992261,768.020561187127,False,357936.83563764585,1007.468560415242,False,361028.9686958358,1411.778003256121,False,361449.4065755057,1932.1355279989275,False,4.352151071135071,29.668823152951344,308562.69926111907,521.961609490267,1.0,0.3709040646686794,False,722027.75,1566.1878662109375,False,729923.5947265625,2054.482802481773,False,737086.613869667,3940.112247971031,False,False,8.875135047156512,60.50222243410607,False,False
2MASS J03333895-2734322,53.4123523187278,-27.5754238859648,2025081300309,-1,r,20250813,r_57,0.5643318945516304,53.412340617785546,-27.575580301332334,745658041160958259,0,2053.094451531639,795.1316826578325,0.006423951,0.005558191,53.412340617785546,-27.575580301332334,3.183719e-07,3.4851772e-07,353278.1420988944,909.950820441492,347560.531025652,637.0767889436559,False,353896.281660932,767.7879951462362,False,359413.30126092245,1008.0492603070948,False,361045.4296556263,1410.762661407938,False,359556.3803308248,1929.5055095876855,False,3.894923611888157,30.54176946852141,307987.42522268667,522.9350532659922,1.0,0.3702778803793829,False,718265.6875,1558.2977294921875,False,729462.99609375,2045.930495766134,False,729753.3884822428,3916.112356068396,False,False,7.9051126864712336,61.98738495306368,False,False
2MASS J03333895-2734322,53.4123523187278,-27.5754238859648,2025081300310,-1,r,20250813,r_57,0.5659098154204856,53.41234325663575,-27.575580877770463,745658041293603239,0,487.8800267581954,1063.0621375685782,0.006576949,0.005034795,53.41234325663575,-27.575580877770463,2.9650815e-07,3.5209973e-07,353417.94038671406,909.6217728946916,347709.7547860027,636.4649707019219,False,353983.0228371721,767.116744636644,False,358494.4337909982,1006.5184997850212,False,360576.1630744711,1409.4322983250977,False,360709.67918334896,1927.8521540001805,False,4.183108145224335,30.92401893699664,307345.35778526444,520.8069893825913,1.0,0.387660210129957,False,723135.875,1567.1080322265625,False,732352.0319824219,2056.1710282375057,False,736877.4564005136,3938.321795999872,False,False,8.54548205326748,63.17327682352723,False,False
2MASS J03333895-2734322,53.4123523187278,-27.5754238859648,2025081300333,-1,z,20250813,z_20,0.5655434373767002,53.41234297770574,-27.575580763011505,745658044378515120,0,2222.647948194517,3738.123851140633,0.0062977425,0.006447281,53.41234297770574,-27.575580763011505,3.5436582e-07,3.541559e-07,473282.6375921876,1615.9319575990696,466718.04283824353,1085.153655797875,False,473876.8165933781,1339.7150763571058,False,479023.20279100025,1801.1342108989395,False,482047.9696153173,2555.4726163125915,False,479699.64714488847,3521.49687330433,False,6.623945038676759,54.8862733888088,398637.4752507067,783.4525340016119,1.0,0.4350092066138504,False,573255.0,1620.6708984375,False,579480.6508789062,2178.85567707534,False,580298.954485476,4260.000952606811,False,False,8.013073187340447,66.39664476031946,False,False
2MASS J03333895-2734322,53.4123523187278,-27.5754238859648,2025081300334,-1,z,20250813,z_20,0.5677015400251335,53.412340081618176,-27.575581207341163,745658044512732134,0,3076.705971897734,2265.0473000835614,0.0062645106,0.0056433086,53.412340081618176,-27.575581207341163,3.3056693e-07,3.3218927e-07,473758.6956145488,1605.3137823418583,466134.2650917618,1080.4956414275869,False,472691.749587673,1332.740175201673,False,477173.4609605933,1790.0208058775456,False,476479.560607792,2538.493457497369,False,480424.1172485455,3499.231632016484,False,4.180050407537054,55.90303844435679,402855.8407693915,788.0276455697435,1.0,0.4464910151839667,False,571610.5625,1611.6387939453125,False,577030.1484375,2164.613197981339,False,580961.060011208,4231.505549313056,False,False,5.054797268653069,67.60170296712798,False,False
2MASS J03333895-2734322,53.4123523187278,-27.5754238859648,2025081300336,-1,z,20250813,z_20,0.5689959166004581,53.41234117921553,-27.57558163165445,745658044781692592,0,1252.357054191859,3664.776046377255,0.0064935186,0.0054580537,53.41234117921553,-27.57558163165445,3.2976985e-07,3.368972e-07,473852.40491253335,1591.121630033093,467010.0507620132,1073.728692099628,False,473865.54128867,1322.7347118240643,False,478601.7836907669,1774.3131506019718,False,482671.3270960252,2514.6258916632896,False,491285.5019834981,3467.879020696152,False,8.146682175415345,54.545135483169766,401331.977855,781.7468058345275,1.0,0.4518499746615846,False,571734.375,1595.9229736328125,False,577448.8073730469,2140.767225772435,False,592752.1310353875,4184.11019944896,False,False,9.829240229661108,65.81050156116515,False,False
2MASS J03333895-2734322,53.4123523187278,-27.5754238859648,2025081300337,-1,z,20250813,z_20,0.5691756324326893,53.41234079885881,-27.575581660214432,745658044917482166,0,2302.9276499412417,1571.3173267511374,0.006566507,0.0057572643,53.41234079885881,-27.575581660214432,3.396196e-07,3.466913e-07,474430.6748614568,1612.0726828643617,466442.8205205569,1087.6838973960698,False,474791.43654165446,1340.3025352616855,False,479926.97672069777,1798.3491406618823,False,482567.0592021041,2546.880619517676,False,483166.7156538786,3508.9034473724582,False,5.694770427429684,54.79966964662979,408360.4274348784,803.3492034109003,1.0,0.4001888646438755,False,570992.25,1611.87060546875,False,577168.337890625,2162.725236983097,False,581064.5029864907,4219.866914706201,False,False,6.848627690668682,65.90301396061656,False,False
2MASS J03333895-2734322,53.4123523187278,-27.5754238859648,2025082600425,-1,g,20250826,g_6,0.5738267399830674,53.41234396508419,-27.575583110198,745715231333287833,745715231333286553,2192.3353971921697,1700.624002146829,0.011850611,0.011002443,53.41234396508419,-27.575583110198,6.222268e-07,6.485183e-07,199201.90046593727,410.28462074934765,183897.4147302576,328.54394774544755,False,199252.54258479964,366.4185828834002,False,207144.2751260549,427.9682192036721,False,210323.3228892934,536.4637474287418,False,211682.3447181121,687.4800670969136,False,0.2657527123234319,9.967934884647372,193187.10175122684,370.27462676269135,0.0,0.0623398261505424,False,422776.75,777.471923828125,False,439521.53524780273,908.0687777984674,False,449150.4729191363,1458.7045399097851,False,False,0.5638777129881234,21.150099567483917,False,False
2MASS J03333895-2734322,53.4123523187278,-27.5754238859648,2025082600426,-1,g,20250826,g_6,0.5733442182787774,53.41234367020655,-27.575582963638347,745715231468029917,745715231468028730,556.7816711087108,2092.962038009321,0.012982268,0.010601418,53.41234367020655,-27.575582963638347,6.186295e-07,6.9640674e-07,198763.0784978276,420.1794569225603,180695.9278074616,333.0152215653519,False,199181.3275280772,373.98337302253833,False,208410.2477972096,437.2019385824714,False,211795.3552478196,548.1424999195615,False,213997.28045101973,702.1087646524622,False,0.3509928100069783,9.848155225193258,193877.2424701474,383.56354199929024,0.0,0.0491133792639479,False,416894.21875,782.7616577148438,False,436210.705657959,915.0805594245876,False,447904.58099380136,1469.5407875321812,False,False,0.7346415205215445,20.612569610255917,False,False
2MASS J03333895-2734322,53.4123523187278,-27.5754238859648,2025082600427,-1,g,20250826,g_6,0.5712620633783337,53.41233894020159,-27.575582126137657,745715231603820243,745715231603818613,394.8130209546964,369.5879380754234,0.0116415825,0.010295076,53.41233894020159,-27.575582126137657,5.8700454e-07,6.333667e-07,198877.2431149837,419.9279644984234,179861.81639570184,330.948309434147,False,199196.77743964616,372.5306869414496,False,209189.78344785547,436.48387104539376,False,212950.78769262004,547.1479481498392,False,214338.5340532229,701.788455817885,False,0.2414927871081528,9.98719246215899,194329.41225899052,386.977909007453,0.0,0.0624418263648739,False,415965.125,777.923095703125,False,436832.64126586914,911.4709098890512,False,447584.3246850669,1465.4831594165275,False,False,0.504288165035586,20.855376348544212,False,False
2MASS J03333895-2734322,53.4123523187278,-27.5754238859648,2025082600428,-1,g,20250826,g_6,0.585892600992004,53.41234018550975,-27.575586278161538,745715231736465690,745715231736464893,203.4819246858073,3870.695773789109,0.011924167,0.012806277,53.41234018550975,-27.575586278161538,7.0348347e-07,6.7159306e-07,201795.09472031996,427.238737592873,182979.60207583665,336.68023073602524,False,201430.11297468576,377.9578525980554,False,211510.95786063268,443.12433553762105,False,216094.77519340356,555.2733413790603,False,218208.0744791831,710.8425921619352,False,0.6377817592084329,10.015752326193384,191901.07904637055,381.7611382100708,1.0,0.0254909603043764,False,414828.78125,778.3731689453125,False,435589.453704834,912.5781907116768,False,449381.61558040977,1463.921961877589,False,False,1.313459174344823,20.626619671800512,False,False
2MASS J03333895-2734322,53.4123523187278,-27.5754238859648,2025082600429,-1,g,20250826,g_6,0.5648305169476023,53.41234454784425,-27.575580632056155,745715231870158812,745715231870157992,4010.129072545259,3418.597643668443,0.013887417,0.0132851815,53.41234454784425,-27.575580632056155,7.439864e-07,7.662776e-07,199508.3510158733,434.9610595379911,177004.2819747205,333.915732191709,False,200136.67294674515,379.4184768604232,False,214523.0234775653,447.9116909484987,False,220752.146789399,562.6084380842027,False,221782.19019404295,720.6421189524609,False,0.0826422208066047,10.361619503905622,188342.35536857683,380.3973310430256,1.0,0.0853359345101405,False,402967.5625,763.9446411132812,False,431933.9309387207,901.853116968712,False,446549.9864294529,1450.985438267879,False,False,0.1663969615747821,20.86272592406065,False,False
2MASS J03333895-2734322,53.4123523187278,-27.5754238859648,2025082600430,-1,g,20250826,g_6,0.568651503559781,53.41233701430108,-27.57558126110336,745715232003852367,745715232003850786,3715.622655925564,1173.871673776081,0.010974474,0.010599788,53.41233701430108,-27.57558126110336,5.9264534e-07,6.067924e-07,200395.296267821,414.9137439778231,186425.43321102645,334.1244023553244,False,200626.02811734143,371.1651013024434,False,209096.7708570337,432.9152729646014,False,212494.4584327617,541.4215176421598,False,214816.4165495171,692.7230910496382,False,0.8395457398826094,9.688628322977806,193623.29541011175,379.9059712270689,0.0,0.0704193136783668,False,424417.53125,785.1871337890625,False,442337.0990905762,915.8175193728732,False,454436.8148014844,1465.4321121843695,False,False,1.7760304265408162,20.49596332352272,False,False
2MASS J03333895-2734322,53.4123523187278,-27.5754238859648,2025082600441,-1,i,20250826,i_39,0.5842669963979471,53.41233884870633,-27.575585742560428,745715233452985098,745715233452983975,2049.889211023422,3653.4490563594354,0.0074220416,0.00812213,53.41233884870633,-27.575585742560428,4.1452867e-07,4.4951676e-07,436956.2233787256,788.7700252442903,416526.3223368023,610.946632032947,False,437114.268648822,692.926364267953,False,448354.4791708753,841.795992670722,False,454213.4071106591,1102.9801462991695,False,457852.310201104,1458.4775343976316,False,1.7142925423896944,21.44285955727885,421537.9853401525,645.9482721308199,0.0,0.0568693803933777,False,732434.5,1161.07666015625,False,751268.7467041016,1410.524595547187,False,767183.4390869737,2443.844413887085,False,False,2.872491454054273,35.92994153897906,False,False
2MASS J03333895-2734322,53.4123523187278,-27.5754238859648,2025082600442,-1,i,20250826,i_39,0.5784298110401762,53.41233815983489,-27.5755840699983,745715233587202620,745715233587200640,45.81953845251993,1135.6847972530352,0.0068250606,0.008048316,53.41233815983489,-27.5755840699983,3.825383e-07,4.4446674e-07,438871.8600692054,781.3263550906826,421172.62301079975,609.9647352406182,False,438854.8972896433,688.9468709895175,False,448041.6267314697,834.6098968259181,False,453143.68240640254,1092.033837679033,False,453935.0901117187,1440.753038762266,False,0.5720033277962883,21.291032639263506,410840.69852347765,629.9158010081496,1.0,0.1223063123229503,False,738306.9375,1159.048828125,False,753762.2192382812,1404.1048208379568,False,763677.079312563,2423.848908402031,False,False,0.9623090178400354,35.81893970236924,False,False
2MASS J03333895-2734322,53.4123523187278,-27.5754238859648,2025082600443,-1,i,20250826,i_39,0.5820968156541272,53.41233995235344,-27.575585207541835,745715233721420584,745715233721419510,1331.4091382422378,3619.999674272579,0.0070999474,0.008904388,53.41233995235344,-27.575585207541835,3.9865134e-07,4.9154465e-07,438193.7261060601,784.8054209497473,417380.1181263889,609.2040596173172,False,438884.3045348491,690.0824949913148,False,450753.3098249828,836.711484859802,False,456844.449981192,1092.6453244885556,False,458496.0432329085,1441.9737917391733,False,0.6783225991306149,21.22028163334984,423657.9694984861,651.1143935158653,0.0,0.0837539618373014,False,735108.0,1155.8516845703125,False,754987.9561767578,1401.4474882263194,False,767956.6251658797,2415.229843366685,False,False,1.136154480917679,35.54284951579966,False,False
2MASS J03333895-2734322,53.4123523187278,-27.5754238859648,2025082600444,-1,i,20250826,i_39,0.5715321084900765,53.41233799839661,-27.57558213661345,745715233857210514,745715233857208503,1604.583576868191,406.9286699207715,0.007151133,0.0081520565,53.41233799839661,-27.57558213661345,3.9928292e-07,4.5148434e-07,437405.3037138264,777.1191389292726,416773.8683351006,604.3225813551736,False,437722.84632443305,684.2316143879477,False,448444.1847051378,829.0392741162665,False,454273.3100960947,1083.783998359569,False,455469.637401542,1429.3500341912284,False,1.0642590052527654,20.80437492243008,419547.8069650055,642.256325709027,1.0,0.0808645841754103,False,736230.375,1150.84716796875,False,754263.1896972656,1394.4072163415362,False,766079.6889196634,2404.103236820544,False,False,1.7900363508867974,34.99203406766829,False,False
2MASS J03333895-2734322,53.4123523187278,-27.5754238859648,2025082600445,-1,i,20250826,i_39,0.5851751916379194,53.412343135675485,-27.575586230692974,745715233989855620,745715233989853919,2310.2990542103003,1461.1193206457913,0.0061069434,0.008682664,53.412343135675485,-27.575586230692974,3.4349117e-07,4.794313e-07,439013.13937466935,777.7164192823514,420315.8446480571,607.0735542016906,False,438545.049756496,685.4350912197744,False,447942.229707323,829.7546864793505,False,453251.5771819677,1083.9884229425957,False,455387.9582109619,1429.7066053353149,False,0.9342938738622422,21.12027522502328,421606.5806628831,641.345198916969,0.0,0.0991756992831985,False,739062.125,1155.1358642578125,False,754898.8099365234,1398.351804811483,False,767446.7931668162,2409.426357571153,False,False,1.5745274429035614,35.593140310345845,False,False
2MASS J03333895-2734322,53.4123523187278,-27.5754238859648,2025082600446,-1,i,20250826,i_39,0.5807064600062505,53.41233692761645,-27.575584615357748,745715234125646302,745715234125644100,2651.378761309325,612.7780172074473,0.0062376717,0.0072796876,53.41233692761645,-27.575584615357748,3.4782894e-07,4.0350966e-07,437930.3474409503,773.9952072228866,422964.526953441,607.6482358506984,False,438222.2473971609,684.3197850547505,False,447224.6231181869,827.9921779374283,False,452341.2206142886,1082.0800735154369,False,456761.5289539494,1427.9333393720497,False,2.3421846954410106,21.029682801929063,408442.0235994373,625.8782939085235,1.0,0.1463742614014834,False,738086.5,1152.582275390625,False,753248.970703125,1394.5660045126522,False,769311.7367789149,2405.0315266975567,False,False,3.944881654182355,35.4197557690828,False,False
2MASS J03333895-2734322,53.4123523187278,-27.5754238859648,2025090600252,-1,z,20250906,z_20,0.5770271300837074,53.41234566387119,-27.57558406269571,745763586595357529,745763586595356897,2736.051315686841,1289.0100683547107,0.023514321,0.025443355,53.41234566387119,-27.57558406269571,1.3644773e-06,1.3569079e-06,469264.1566820694,2215.8104275069386,413367.80419449456,1371.6268132186394,False,470773.5564655304,1765.462688833412,False,498839.023343917,2422.80349266536,False,504490.14830393705,3494.679525245665,False,512583.1641984045,4858.0247951396,False,1.3235251584906098,77.04560606085475,461415.3026015905,1431.3406442962855,0.0,0.0262191973471149,False,526397.3125,1974.05908203125,False,557778.8251953125,2709.0672994247484,False,573146.8906039596,5432.019621958287,False,False,1.479904886090613,86.14884887515377,False,False
2MASS J03333895-2734322,53.4123523187278,-27.5754238859648,2025090600253,-1,z,20250906,z_20,0.5926003455537248,53.41234331365073,-27.575588303528804,745763586730099749,745763586730099407,1852.6204640169988,3943.3252125979975,0.027936189,0.030010944,53.41234331365073,-27.575588303528804,1.6106486e-06,1.6113166e-06,470528.2406897729,2403.088080492262,395616.2706775707,1431.0561035201572,False,468519.3946946463,1852.568443615507,False,510026.1096426789,2562.1636295702856,False,524327.1354894775,3697.7012244865914,False,525254.9580934595,5127.860539526121,False,-4.3326381976957045,80.94255329288106,458566.84652743966,1549.3317956298197,0.0,0.0371168205586253,False,496012.40625,1961.2783203125,False,539954.7612304688,2712.5129962606284,False,556077.2480475008,5428.766608013034,False,False,-4.586880121046708,85.69231302150737,False,False
2MASS J03333895-2734322,53.4123523187278,-27.5754238859648,2025090600254,-1,z,20250906,z_20,0.5846913627271334,53.41234250978791,-27.575586067335973,745763586865365957,745763586865365088,640.4760474571417,486.0115392599049,0.019490657,0.021947557,53.41234250978791,-27.575586067335973,1.1486536e-06,1.1577226e-06,470234.8939500446,2198.184241644083,426251.6501543837,1366.102212824062,False,470583.2537898528,1751.3936517168015,False,493503.3104375333,2415.233592557772,False,503520.7083679281,3470.645134707945,False,502177.81825146347,4816.056667328242,False,-0.1825476053612099,75.45354436650051,459720.1224990297,1340.6765169664134,0.0,0.0290226378240878,False,526770.0625,1960.5069580078125,False,552426.7333984375,2703.608214396665,False,562136.9621124864,5391.085320653932,False,False,-0.2043434667743023,84.46256419387495,False,False
2MASS J03333895-2734322,53.4123523187278,-27.5754238859648,2025090600255,-1,z,20250906,z_20,0.5781502972452285,53.41233972366337,-27.57558409474436,745763586999059332,745763586999058862,1814.53356532187,2421.3752233457253,0.030341217,0.0327393,53.41233972366337,-27.57558409474436,1.7453473e-06,1.7623071e-06,472193.4815210634,2534.878613504836,389488.1807322477,1480.2448668834757,False,467349.1804915348,1920.4543208413456,False,516797.6303444893,2667.449867431291,False,540225.267952677,3845.291512101424,False,551797.8491614534,5329.426706508871,False,-0.8922848474005229,83.91465545464814,463220.1356222031,1631.1373569153805,0.0,0.0445408470458376,False,469595.75,1929.68603515625,False,519281.9008789063,2680.27242449928,False,554450.3673951626,5355.045511539941,False,False,-0.8965741026612838,84.31803715323056,False,False
2MASS J03333895-2734322,53.4123523187278,-27.5754238859648,2025090600256,-1,z,20250906,z_20,0.6075689533912583,53.41233911892602,-27.57559224905354,745763587131704432,745763587131703967,3473.2318793410104,3157.65974627586,0.018608894,0.02117633,53.41233911892602,-27.57559224905354,1.0928616e-06,1.1221365e-06,471028.0409305813,2289.083933698605,421553.9463775492,1408.0784487256424,False,468510.2636837728,1807.9608424982264,False,491976.3362737963,2495.2642908950743,False,508266.1895232875,3591.025120865881,False,507536.2217261575,4982.663147155398,False,-1.549642478207122,79.56868942625779,452397.780651228,1351.778496795037,0.0,0.1263402389379317,False,514841.09375,1986.74951171875,False,540627.71875,2742.0201782107374,False,557726.316296041,5475.397111472401,False,False,-1.7028861270371531,87.43721166398747,False,False
2MASS J03333895-2734322,53.4123523187278,-27.5754238859648,2025090600257,-1,z,20250906,z_20,0.5840367330242205,53.4123376874308,-27.57558559916688,745763587269067909,745763587269067433,2636.9453584804337,3059.879628689232,0.018238401,0.018584074,53.4123376874308,-27.57558559916688,1.0209872e-06,1.0255828e-06,470721.4086870576,2243.471491172488,429071.0700512365,1387.461905704142,False,472992.35937375785,1778.784025271413,False,502000.0757640767,2448.4766988332854,False,513840.8028368531,3529.8178020474684,False,519039.8132511865,4893.236326718525,False,0.8791818124718913,76.91586552811367,458654.6763083291,1310.7948761421958,0.0,0.0684733254609096,False,518230.53125,1948.911376953125,False,550012.6181640625,2682.6551322512087,False,568682.078749001,5361.237683595085,False,False,0.9632689592404532,84.2722912204391,False,False
2MASS J03333895-2734322,53.4123523187278,-27.5754238859648,2025090600258,-1,z,20250906,z_20,0.5887276043295193,53.412337861917386,-27.575586918567566,745763587403285531,745763587403284735,1767.745570076231,1023.7614291852718,0.016826253,0.017950708,53.412337861917386,-27.575586918567566,9.565492e-07,9.767808e-07,472762.3900865222,2210.1995565261686,432726.431394221,1374.0420133129192,False,472305.91873968777,1759.377455124065,False,494080.5274738522,2427.8752051676397,False,504908.300298212,3491.3669160517943,False,510535.2097087903,4837.928258200651,False,2.235665922418268,76.4792030963056,456528.71007397206,1276.3957648981377,0.0,0.0837601796150536,False,523476.6875,1949.99267578125,False,547610.41015625,2690.917093429476,False,565847.8325734735,5362.081139536464,False,False,2.477883390805378,84.76514545133026,False,False
2MASS J03333895-2734322,53.4123523187278,-27.5754238859648,2025090600259,-1,z,20250906,z_20,0.5839159564976018,53.41234147840135,-27.5755857999698,745763587536454501,745763587536453634,2183.007791874932,42.06213958683308,0.021528007,0.021683808,53.41234147840135,-27.5755857999698,1.1989737e-06,1.2020872e-06,468682.60883627215,2348.3963186914148,413880.4534955559,1424.6889782166324,False,469335.3390981357,1834.09326751599,False,505618.8812400536,2521.432864827145,False,523814.2819710937,3639.724266746471,False,531378.8242052229,5062.588764202941,False,0.8696466436766741,79.35831538476383,446958.2295499304,1393.694771104707,1.0,0.0767377597952371,False,498571.96875,1948.345703125,False,537115.7465820312,2678.502219550456,False,564480.371423006,5377.95609422993,False,False,0.9238201412403112,84.3018376031388,False,False
2MASS J03333895-2734322,53.4123523187278,-27.5754238859648,2025090600261,-1,z,20250906,z_20,0.5890456236966561,53.4123453661857,-27.57558739365083,745763587826910056,745763587826909254,2209.4785573487798,344.6656153980723,0.023099732,0.022220187,53.4123453661857,-27.57558739365083,1.2726579e-06,1.2467293e-06,471397.9381297004,2413.6459452925747,413167.2366059233,1447.3773653910762,False,469583.4520485102,1865.9502766683595,False,509915.90599396016,2585.831825075139,False,531777.7201482409,3727.1704508896855,False,540581.771507986,5167.184235595606,False,1.8737620253821647,81.06385380550365,460094.0690965725,1448.8699750253063,0.0,0.0659571326428806,False,486022.5,1931.27294921875,False,527766.9013671875,2676.3559122878783,False,559506.3090417385,5348.075595912032,False,False,1.939358169476604,83.9017148375052,False,False
2MASS J03333895-2734322,53.4123523187278,-27.5754238859648,2025090600262,-1,z,20250906,z_20,0.5848547784187786,53.41233725496832,-27.57558579597382,745763587940156554,745763587940155972,842.0413892465958,2454.933203444732,0.0184181,0.018140307,53.41233725496832,-27.57558579597382,1.0207011e-06,1.0111885e-06,473524.9088385521,2239.0586110167656,427386.5157108234,1385.82532703512,False,473976.6019811355,1777.0176009051524,False,500460.1227765042,2438.474165710956,False,508197.2271126762,3517.9793669782807,False,517263.9640518483,4886.887606951126,False,0.7682497305622098,76.11365625147815,457752.6448282971,1321.666288028904,0.0,0.127479697714575,False,514676.0625,1929.606689453125,False,543433.6723632812,2647.861259121896,False,561680.4272164106,5306.515260273877,False,False,0.8342178594676307,82.6493897341127,False,False
2MASS J03333895-2734322,53.4123523187278,-27.5754238859648,2025090600263,-1,z,20250906,z_20,0.578616292576643,53.41234216982663,-27.57558436075862,745763588074898397,745763588074897555,3069.407965727796,669.0373794548143,0.018603433,0.01786365,53.41234216982663,-27.57558436075862,1.0267969e-06,9.999452e-07,467696.47317057214,2233.6094720568985,421966.30605328217,1375.9447329609304,False,468071.2260523285,1764.8482815172304,False,496571.2701974671,2433.4215932017364,False,507758.1655230949,3498.475276884817,False,513248.4801473985,4855.177694183415,False,1.9803297114807743,76.5740815368113,454647.49720356514,1309.6372119813195,0.0,0.0712407611424791,False,511976.0,1930.389892578125,False,543149.3295898438,2661.6749423126703,False,561390.8508927822,5310.590176887637,False,False,2.166083339315827,83.75668015215199,False,False
2MASS J03333895-2734322,53.4123523187278,-27.5754238859648,2025090600264,-1,z,20250906,z_20,0.5645195893140902,53.412342429286575,-27.57558045175208,745763588208591877,745763588208590870,2123.8151948950263,146.2583337228348,0.017318798,0.015184403,53.412342429286575,-27.57558045175208,9.4536426e-07,8.630538e-07,471813.78987650806,2162.3787676109896,435434.1788091371,1349.5708656425088,False,473296.3402200717,1724.554340570542,False,496265.563642605,2373.054962746371,False,509551.78933028894,3414.1903784228566,False,513552.3897578653,4731.705924558379,False,1.1828457367095135,74.75325115626096,448950.1218573196,1219.6796054322797,1.0,0.1475866993001162,False,528544.625,1925.863037109375,False,554195.0654296875,2650.063689074725,False,573499.7974761724,5284.041985921797,False,False,1.3209203266842957,83.47926181205065,False,False
2MASS J03333895-2734322,53.4123523187278,-27.5754238859648,2025090600265,-1,z,20250906,z_20,0.5662172857911754,53.41234260112413,-27.575580932499182,745763588343858190,745763588343857156,3783.57009736024,35.89714430721803,0.021365924,0.015901972,53.41234260112413,-27.575580932499182,1.1532654e-06,9.273408e-07,475013.3352165208,2178.98314563168,431884.96814457816,1355.4520417705312,False,474144.13143299497,1734.742177573176,False,495397.5708518792,2390.1583052905185,False,504144.07580592006,3434.0496106268133,False,493039.2651396573,4765.4901474537455,False,-0.6521285774168495,74.39754506984073,415955.6860886527,1196.0738360095538,1.0,0.3040625035604662,False,524620.6875,1919.4197998046875,False,548136.7309570312,2644.6103836941597,False,545527.3641378284,5272.815904893185,False,False,-0.7215530467261984,82.31777777126781,False,False
2MASS J03333895-2734322,53.4123523187278,-27.5754238859648,2025090600266,-1,z,20250906,z_20,0.5624350105313495,53.41234006737909,-27.57557974003161,745763588475454631,745763588475453549,3624.685458830776,430.731857132851,0.01566507,0.014051911,53.41234006737909,-27.57557974003161,8.615152e-07,7.905606e-07,476751.5108349615,2112.20851117837,442728.048210305,1331.4089301522774,False,474490.8991134037,1696.9878134488386,False,490618.7841310191,2332.4078876421845,False,494349.8396617597,3355.166939033767,False,492357.9442106386,4650.325836449899,False,-2.324900540781438,73.8343979412807,458619.1614525545,1190.503604076379,0.0,0.0548386629228691,False,536619.75,1919.1878662109373,False,554859.38671875,2637.808522572822,False,556826.268799901,5259.229823874598,False,False,-2.629318179337357,83.50212035401151,False,False
2MASS J03333895-2734322,53.4123523187278,-27.5754238859648,2025090600267,-1,z,20250906,z_20,0.5575110760927184,53.41234288756815,-27.57557852435102,745763588631692283,745763588631691298,3202.5075615045034,193.3920053858291,0.017819442,0.016122611,53.41234288756815,-27.57557852435102,9.82704e-07,9.046161e-07,475707.58661212056,2173.6021890693746,433298.87483662285,1354.012295239893,False,472805.2853567234,1731.8137077613512,False,494123.52290629264,2385.4845940308146,False,502072.2669493736,3435.027931491428,False,506833.0413340641,4756.549227997512,False,2.3260343213816763,74.86084627001152,452117.9342642753,1244.2052443945006,1.0,0.1157052174076727,False,522656.40625,1914.4107666015625,False,546222.3725585938,2637.002681008959,False,560271.9431373477,5258.065006148813,False,False,2.57128415624683,82.753941404859,False,False
2MASS J03333895-2734322,53.4123523187278,-27.5754238859648,2025090600268,-1,z,20250906,z_20,0.5868635693898194,53.41233881240832,-27.575586463415718,745763588746511585,745763588746511209,1405.1334810971405,3834.6956524344423,0.018542577,0.018410029,53.41233881240832,-27.575586463415718,1.0303772e-06,1.0237849e-06,470936.00811158057,2194.969019109122,425105.0767902908,1355.9787436871504,False,469909.9324677821,1737.100780260302,False,493899.7064910624,2393.6374080721243,False,505290.1659763017,3442.0872271510634,False,502597.568032708,4771.443954966263,False,-1.6241936001944888,75.68628935905298,458148.4251067718,1304.5487470547607,0.0,0.049215974617044,False,513887.3125,1899.6705322265625,False,540122.2133789062,2617.6503405107,False,549634.0801927447,5217.988259761027,False,False,-1.7761967273183157,82.76952910436245,False,False
2MASS J03333895-2734322,53.4123523187278,-27.5754238859648,2025090600269,-1,z,20250906,z_20,0.5896687303199707,53.41234318110127,-27.57558748245268,745763588880204909,745763588880204007,606.9741863153504,822.9604557178507,0.017739333,0.015874611,53.41234318110127,-27.57558748245268,9.809756e-07,8.874982e-07,470237.6285823587,2143.274483764123,431480.7734026557,1344.372973785658,False,470632.9713879374,1717.989304231696,False,491772.3034274273,2350.330374656507,False,501590.3154268107,3390.806650297561,False,501960.7788306459,4709.709099265207,False,0.2832961201521006,73.40032935166026,455233.8950340567,1249.033864574204,0.0,0.0990816208162294,False,525242.0625,1917.333251953125,False,548834.2607421875,2623.046935917721,False,560204.9384461641,5256.192131583576,False,False,0.3161679004514195,81.91721090672709,False,False
2MASS J03333895-2734322,53.4123523187278,-27.5754238859648,2025090600270,-1,z,20250906,z_20,0.5836666396912525,53.41234267322738,-27.575585789996627,745763589017044098,745763589017043316,2371.425528372828,1461.4556861889505,0.016089888,0.013765441,53.41234267322738,-27.575585789996627,8.8990186e-07,7.6958196e-07,472530.4228507971,2104.2733091967957,440061.4444532422,1327.5311598592557,False,470744.7876965556,1692.691150736297,False,485855.8078916471,2327.552961640418,False,492902.3841861946,3354.8403033771683,False,486366.6141112689,4641.560938358636,False,-2.232266761019551,73.60400940992433,456027.1337401853,1188.130182305203,0.0,0.0593000546075581,False,533397.8125,1917.9771728515625,False,550520.009765625,2637.334901341871,False,551098.8009222746,5259.322069651584,False,False,-2.529366736210813,83.40021735044762,False,False
2MASS J03333895-2734322,53.4123523187278,-27.5754238859648,2025090600272,-1,r,20250906,r_57,0.5731560648810331,53.41234208711264,-27.575582837458278,745763589283381979,745763589283381601,2866.896114493496,2382.931551933409,0.01940141,0.0155585455,53.41234208711264,-27.575582837458278,1.0726561e-06,8.7186066e-07,352892.5920621276,1816.0144316731912,326854.5384229768,1114.0605063364817,False,353367.68084294826,1445.2639654427278,False,367028.0660605777,2009.313268282511,False,375338.6464010183,2921.10370290273,False,377495.596314826,4066.7614482369,False,1.172110244186341,64.326929218202,340663.3438835687,978.6279064685268,0.0,0.1112515489415533,False,661538.75,2705.675048828125,False,687112.3229420185,3761.6303355393657,False,706708.5601062775,7613.373918625348,False,False,2.194304651606908,120.4262830285857,False,False
2MASS J03333895-2734322,53.4123523187278,-27.5754238859648,2025090600273,-1,r,20250906,r_57,0.5818712827511487,53.41233835905267,-27.57558504253096,745763589437521945,0,3425.803577410348,128.93033477929583,0.015923688,0.013978839,53.41233835905267,-27.57558504253096,8.810946e-07,7.818513e-07,352168.79426001624,1794.3375895746476,332442.670956759,1106.8169504603377,False,353014.03864220146,1433.3286693075288,False,365950.6645340832,1995.429384590882,False,371546.8319677523,2897.4484816110084,False,374936.8648889802,4030.628226208111,False,1.451423489426659,63.23907503704956,338678.00861448416,921.0949939531272,1.0,0.0729938801331077,False,667565.3125,2710.488525390625,False,692029.0498046875,3773.446081123783,False,709022.3559949398,7622.097981568132,False,False,2.744706638341373,119.5879151200197,False,False
2MASS J03333895-2734322,53.4123523187278,-27.5754238859648,2025090600274,-1,r,20250906,r_57,0.5822650600053054,53.41234246709511,-27.5755853903494,745763589556535319,0,2070.604892472506,117.143620783921,0.016626056,0.013626194,53.41234246709511,-27.5755853903494,9.141556e-07,7.679167e-07,350327.60459697247,1796.6586058529972,331870.6461915317,1106.4205175699265,False,351647.11674647307,1433.1202540359743,False,363842.0924102105,1999.0736908910944,False,373045.0733849589,2900.2358348962,False,376414.81918897305,4036.205843410432,False,0.4791290849551849,63.78827952401162,332152.1060616154,901.1917436154596,1.0,0.1655669078355321,False,665614.9375,2712.680419921875,False,688698.1865234375,3783.944888078528,False,712496.4614146948,7639.92870197681,False,False,0.9069190695705492,120.741589129021,False,False
2MASS J03333895-2734322,53.4123523187278,-27.5754238859648,2025090600275,-1,r,20250906,r_57,0.5657260142664146,53.4123423528779,-27.57558078359521,745763589711725303,745763589711724890,3283.833318565053,2232.0768960475566,0.017191088,0.013328759,53.4123423528779,-27.57558078359521,9.4049057e-07,7.598208e-07,351175.1037496592,1771.2942713576583,329784.9711714754,1093.8937951578955,False,351336.3664365401,1416.9836851628932,False,362392.2576970214,1972.181896831916,False,365541.15926571423,2862.2093317829044,False,366241.48608835385,3983.9642412014655,False,-0.5023868496295912,63.013097257473326,336578.58081528114,911.3304128485078,1.0,0.1088657809256694,False,672164.4375,2710.923583984375,False,693316.181640625,3773.1093674618182,False,700680.3906540871,7621.980924912274,False,False,-0.9611489343209384,120.55445185704316,False,False
2MASS J03333895-2734322,53.4123523187278,-27.5754238859648,2025090600276,-1,r,20250906,r_57,0.5628878250639245,53.41233850728282,-27.57557976367646,745763589840699659,0,2835.835218292192,1588.5233580449787,0.015618548,0.013535691,53.41233850728282,-27.57557976367646,8.5779084e-07,7.6438766e-07,354236.6475175157,1760.2444894562584,335304.9916514453,1089.347393133081,False,352874.6081234105,1409.1362824009896,False,361549.14425826014,1964.622434747922,False,363855.1619286848,2846.193736361564,False,363825.0610799438,3963.719692754519,False,-0.6431866829026849,61.22962517275327,338850.8561211217,893.400373415459,1.0,0.1220128740611364,False,675635.5625,2698.01953125,False,692244.3662109375,3761.587695017184,False,696601.97740376,7589.183020133718,False,False,-1.2314850269518016,117.23402957571096,False,False
2MASS J03333895-2734322,53.4123523187278,-27.5754238859648,2025090600277,-1,r,20250906,r_57,0.5604766269482122,53.4123429110519,-27.57557935042957,745763589957092051,745763589957091613,3575.995217994661,1742.8166064871086,0.016477894,0.015163647,53.4123429110519,-27.57557935042957,9.072049e-07,8.511505e-07,353693.5339939175,1800.229318621139,325845.22732156963,1104.2923781676975,False,352500.9075873751,1431.996239661269,False,365398.1515308464,1990.5324443165985,False,371472.1682004369,2894.170255099,False,376565.54234936193,4027.338380076384,False,2.093561954347781,62.89802957563883,333913.1826211087,933.9311118870244,1.0,0.1073966748258375,False,662104.25,2689.725830078125,False,686329.208984375,3738.8272278936697,False,707304.9760340452,7564.570190434855,False,False,3.932348081312053,118.14168929007234,False,False
2MASS J03333895-2734322,53.4123523187278,-27.5754238859648,2025090600278,-1,r,20250906,r_57,0.5824420672843592,53.41234208370363,-27.57558542086197,745763590093406817,745763590093406249,1998.8251534604983,276.5148647698416,0.019943407,0.019190738,53.41234208370363,-27.57558542086197,1.1020602e-06,1.0716303e-06,357048.7892575847,1961.2230007904936,316562.75990586955,1165.4297845288452,False,355130.6617449604,1517.810309393583,False,377904.2635510064,2120.4504395438585,False,391445.9342346094,3077.1168476760918,False,396228.1896285232,4285.416474978674,False,0.2974048248961636,67.65686189429128,351126.8011642024,1110.468676157191,0.0,0.034644810528906,False,628615.8125,2686.671875,False,668927.302734375,3753.40352018692,False,701362.4341387153,7585.603974838519,False,False,0.5264354666671504,119.75922608851934,False,False
2MASS J03333895-2734322,53.4123523187278,-27.5754238859648,2025090600279,-1,r,20250906,r_57,0.5793129934580094,53.41233974890191,-27.575584420051467,745763590222906031,745763590222905651,1676.2283119889194,2235.463348372376,0.01745936,0.017193824,53.41233974890191,-27.575584420051467,9.6826e-07,9.580089e-07,353631.1767482023,1864.665665518373,323389.2955956723,1126.882137244486,False,354035.0828273045,1463.5222575773914,False,373160.42634745705,2044.7021725569168,False,387801.27300897945,2961.5962933602195,False,391318.4070547839,4122.526513980885,False,1.0377042754935195,66.14066410283064,343792.46376368904,1009.6784225141204,0.0,0.0565535422335432,False,647110.4375,2675.047119140625,False,682068.0166015625,3737.336161359828,False,715257.4359828234,7535.213501337715,False,False,1.8967308616637548,120.8928610755814,False,False
2MASS J03333895-2734322,53.4123523187278,-27.5754238859648,2025090600280,-1,r,20250906,r_57,0.5725830808870669,53.41234038065089,-27.575582584413077,745763590357123736,745763590357123246,1554.2923306218445,1237.0145872804778,0.019024577,0.017301094,53.41234038065089,-27.575582584413077,1.0399474e-06,9.806304e-07,350498.462668823,1848.960131436384,318489.9673393687,1117.0530037562269,False,350997.7438834649,1451.3794050377358,False,369292.95639890525,2022.6580062602525,False,379293.8350578306,2935.433756093826,False,378680.2949360705,4082.638777774296,False,-1.027733970103583,62.94784758263067,344476.69143267744,1034.745934025095,0.0,0.0360633744187618,False,644058.375,2663.188232421875,False,677628.91796875,3711.447869377849,False,694854.0828285813,7491.380622088294,False,False,-1.885825998177861,115.50526785516092,False,False
2MASS J03333895-2734322,53.4123523187278,-27.5754238859648,2025090600281,-1,r,20250906,r_57,0.5819588379216273,53.41233964337986,-27.575585150278823,745763590517031317,0,2497.827081545105,2568.9466278694795,0.014348915,0.013747965,53.41233964337986,-27.575585150278823,7.90297e-07,7.716689e-07,352332.2617701304,1757.0513482004108,330311.77315499034,1085.76251123145,False,350486.00074178184,1405.359936702547,False,360383.77961230767,1955.6466410785736,False,364351.2657244965,2838.0811106576493,False,366951.0892272107,3949.8076373109634,False,-0.308363154439128,63.49440078451615,341251.1619404206,903.5648216611762,0.0,0.0368029333324509,False,669464.75,2684.3837890625,False,688370.5380859375,3735.4886839619535,False,700914.7831633687,7544.543795940692,False,False,-0.5890057282142183,121.28091580731306,False,False
2MASS J03333895-2734322,53.4123523187278,-27.5754238859648,2025090600282,-1,r,20250906,r_57,0.5613842391676065,53.41234188376868,-27.575579551471183,745763590650200088,0,3806.44088173952,216.26053566484933,0.016276944,0.0135407075,53.41234188376868,-27.575579551471183,8.681593e-07,7.9376576e-07,353108.29796329053,1795.0937790507642,326432.3947807929,1097.3032130572026,False,353414.39861897595,1423.106907622168,False,369491.2326002165,1986.0236481148795,False,374870.13612133,2877.7453164039075,False,377478.6868715184,4006.67418683048,False,0.0445496491672668,63.12769890615927,350990.2535966247,984.23567755836,0.0,0.0051723073040063,False,664357.9375,2675.19482421875,False,694579.6044921875,3733.380925745289,False,709594.6368912458,7531.854416228823,False,False,0.083745634452837,118.6691544212741,False,False
2MASS J03333895-2734322,53.4123523187278,-27.5754238859648,2025090600283,-1,r,20250906,r_57,0.5756217164161429,53.41233710313251,-27.5755832110514,745763590787039261,0,3660.173730998834,264.18436319137453,0.013832632,0.012832919,53.41233710313251,-27.5755832110514,7.5335043e-07,7.2951286e-07,353082.5337835869,1775.034303216392,330125.0699085014,1092.4302915406788,False,352894.90101780085,1414.9220042478175,False,362267.4805028018,1972.568784821173,False,369840.2825907015,2860.0464977128863,False,368969.2626248963,3975.124522551792,False,0.1267600449422398,62.58836914048594,352296.0391100471,942.8121770251216,0.0,0.0010225731346712,False,669071.6875,2682.623779296875,False,686841.6455078125,3739.895140914925,False,699547.9007151127,7536.644096175822,False,False,0.2403309226981497,118.66452487106216,False,False
2MASS J03333895-2734322,53.4123523187278,-27.5754238859648,2025090600284,-1,r,20250906,r_57,0.5738908123796317,53.412340763935525,-27.57558297071436,745763590893994535,0,2886.9586021481773,3368.9009685103583,0.014173193,0.0121495,53.412340763935525,-27.57558297071436,7.545294e-07,7.122664e-07,353689.150210188,1716.207219561776,336120.1301903456,1070.4938828743757,False,350765.4685044447,1382.6673692194272,False,355993.1243604257,1918.0952746823707,False,357777.236012582,2787.6177998206995,False,359416.8145287388,3878.8481713655306,False,0.0146278000337208,61.878266307391264,338356.04025594564,860.1711152822052,1.0,0.1171727086234055,False,675749.8125,2663.709228515625,False,685820.8935546875,3695.211298164956,False,692416.6340053082,7472.602521827235,False,False,0.0281804624959799,119.2085042844372,False,False
2MASS J03333895-2734322,53.4123523187278,-27.5754238859648,2025090600285,-1,r,20250906,r_57,0.553665323898084,53.41234250874569,-27.57557743586824,745763591031881923,0,3380.126422258368,1326.6672640813415,0.0137894945,0.012540202,53.41234250874569,-27.57557743586824,7.431307e-07,7.21403e-07,352549.3546155891,1718.2683791736729,336417.6476780237,1066.4719805245156,False,353236.5678037636,1377.6144406564156,False,363740.66953153023,1918.3972443710063,False,371350.5707142381,2777.869289070697,False,371501.260512072,3863.673018441475,False,1.214869901013022,61.2242425233919,339346.8243686756,859.4461467913976,1.0,0.1218798856594594,False,680683.0,2654.64794921875,False,700924.2890625,3696.73049313406,False,715878.8629426956,7445.255618814722,False,False,2.341041002557369,117.9784452460812,False,False
2MASS J03333895-2734322,53.4123523187278,-27.5754238859648,2025110300325,-1,y,20251103,y_10,0.5849436853582685,53.41234077681581,-27.57558604791365,746018683137556590,0,1802.7368577194147,648.0300263945513,0.019557262,0.020784918,53.41234077681581,-27.57558604791365,1.1129822e-06,1.1302554e-06,492407.93828257546,4268.97913570137,470975.18660329,2624.825510728222,False,493135.1120013294,3400.950407449301,False,510185.0988754234,4737.735398784323,False,513266.5031784281,6881.435012222462,False,509803.4454973043,9580.056786474162,False,-1.2569463606471232,150.3890866654875,464400.5288569179,1981.2228645844375,1.0,0.1454428752657313,False,233550.109375,1610.69921875,False,241625.02880859372,2243.804169784821,False,241444.2767468691,4537.1405439362015,False,False,-0.5952931617792658,71.22467409993769,False,False
2MASS J03333895-2734322,53.4123523187278,-27.5754238859648,2025110300326,-1,y,20251103,y_10,0.5761956480501941,53.41233815323069,-27.57558344702755,746018683271774650,0,1791.4372771955282,2603.288190245265,0.020943582,0.019978529,53.41233815323069,-27.57558344702755,1.147133e-06,1.1276965e-06,499554.1725577375,4338.926744057995,475630.0761717961,2667.1127864532496,False,497819.1693372081,3456.226440024433,False,511973.9366341271,4830.370608782768,False,525871.245378665,7011.541340709754,False,538374.216222076,9760.220249279992,False,4.972541027250651,151.87999545335876,471945.8342669527,2033.9836676177035,1.0,0.1679265445753641,False,233131.609375,1618.5709228515625,False,239760.369140625,2262.0906209829577,False,252123.77345967293,4570.767850499964,False,False,2.328669853974453,71.12628430731411,False,False
2MASS J03333895-2734322,53.4123523187278,-27.5754238859648,2025110400326,-1,r,20251104,r_57,0.5752201761061126,53.412340659350754,-27.57558333476313,746023081319334278,0,1103.4538435139093,1878.267146665406,0.008617788,0.0086653875,53.412340659350754,-27.57558333476313,4.8077067e-07,4.7997736e-07,353940.22499157867,1409.4607148917703,341853.07449360576,896.4882522878917,False,354016.86548280617,1142.2622241215731,False,360665.24804745073,1576.4378570083886,False,367984.9524341769,2269.705822214186,False,365145.6135445665,3148.7821665649926,False,2.309030866196971,50.576125846699526,327463.6610122252,673.6767549459042,1.0,0.2423395710756165,False,725137.3125,2339.71044921875,False,738755.2802734375,3229.037999066295,False,747932.4707193375,6449.69113207902,False,False,4.729617710473002,103.595731020105,False,False
2MASS J03333895-2734322,53.4123523187278,-27.5754238859648,2025110400327,-1,r,20251104,r_57,0.5759396565007817,53.41234249388515,-27.57558363199443,746023081453028054,0,2178.802006014546,2985.545819376997,0.00629622,0.006778698,53.41234249388515,-27.57558363199443,3.6606485e-07,3.611712e-07,353503.21619924845,1374.8098340053884,347211.00210419105,882.8597621828826,False,352479.98628801666,1121.5009780808482,False,356388.4537762132,1545.3899432461897,False,357073.01307158574,2223.235378645577,False,356181.9837828751,3086.3886308099623,False,1.2307792029589564,47.74499286072336,317942.00936753576,605.845134527563,1.0,0.3019010100945293,False,735425.375,2339.93505859375,False,743580.125,3224.3503822778493,False,743149.3394854069,6439.538710020428,False,False,2.567936598075906,99.61666093086642,False,False
2MASS J03333895-2734322,53.4123523187278,-27.5754238859648,2025110400329,-1,z,20251104,z_20,0.5803490449792305,53.41234228476299,-27.575584848493964,746023081723036983,746023081723036202,2496.395185097605,2333.506676004364,0.011136538,0.012917676,53.41234228476299,-27.575584848493964,6.509644e-07,6.888469e-07,470331.1204889413,1998.1588609342004,439107.4529270753,1261.7184118516102,False,470679.439141426,1598.982932955165,False,491495.6477111754,2188.9024354174544,False,507988.0767151562,3141.503857786788,False,516381.61410276976,4341.3761492835165,False,4.243641507143134,68.04211774430547,447650.79527789296,1107.9247995288968,1.0,0.1941115905488354,False,522968.53125,1776.618408203125,False,546097.2705078125,2432.0737140928213,False,573747.888338685,4823.671738319525,False,False,4.715079482100228,75.60110644473474,False,False
2MASS J03333895-2734322,53.4123523187278,-27.5754238859648,2025110400330,-1,z,20251104,z_20,0.5772249550988772,53.41234306430453,-27.575584016253156,746023081858302674,0,1647.593422806989,2057.669085703702,0.00662398,0.007966304,53.41234306430453,-27.575584016253156,3.8812175e-07,4.2496742e-07,475816.6845828917,1850.3536553040035,465365.7994509296,1210.7435314468785,False,476695.7759436369,1518.587486890003,False,484853.59436962265,2069.700536355429,False,488363.2630714765,2961.469778846219,False,489478.9542414571,4094.5966314677967,False,6.023546749831964,64.59735192912112,421725.7920349694,886.9384734509193,1.0,0.3781320411185294,False,563174.3125,1794.078125,False,572812.060546875,2445.1699290506567,False,578276.5181681514,4837.407334535189,False,False,7.116292970989788,76.31611417153557,False,False
2MASS J03333895-2734322,53.4123523187278,-27.5754238859648,2025110500322,-1,g,20251105,g_6,0.5788713559711546,53.41233954075287,-27.575584284157067,746027478829498427,0,2258.328745118541,591.8466064569619,0.024242748,0.026583591,53.41233954075287,-27.575584284157067,1.355688e-06,1.4701551e-06,202666.07020395625,1456.3781366165033,180377.9467978224,865.8531316704949,False,202037.1481135078,1131.754326293287,False,215367.35540002864,1585.3711632888824,False,219925.25295983505,2306.020396045609,False,221455.81272512735,3211.87312412429,False,0.1150790469629398,51.85613980962756,194690.4168850033,798.97372782609,0.0,0.1102263558990204,False,418202.46875,2342.650634765625,False,445795.0458984375,3281.6050937324767,False,458397.7177734375,6648.348001160231,False,False,0.2382054092065309,107.33850626345034,False,False
2MASS J03333895-2734322,53.4123523187278,-27.5754238859648,2025110500323,-1,g,20251105,g_6,0.5787418192826169,53.41234335388491,-27.57558445106452,746027478936977757,0,3535.5248799457045,3571.8942803086,0.022317858,0.023775404,53.41234335388491,-27.57558445106452,1.2475588e-06,1.3143799e-06,202032.13937019583,1417.6558928642858,183339.8437352672,850.4057985447175,False,201998.72453119437,1109.894457708339,False,212317.00592835396,1555.1192198837157,False,217188.14012564637,2255.769168834723,False,220216.46184098453,3145.33333603,False,1.0116054534270895,49.975391074047735,195980.31327528955,768.3925673650022,0.0,0.1061799671426375,False,426498.90625,2343.424560546875,False,448284.8642578125,3283.4694768893564,False,464963.728515625,6641.038109135663,False,False,2.1358977411590594,105.5177436489497,False,False
2MASS J03333895-2734322,53.4123523187278,-27.5754238859648,2025110800169,-1,z,20251108,z_20,0.5760000801369568,53.41234310101889,-27.57558367723038,746040652415370513,0,1066.1235827452174,3611.7910018084535,0.010074542,0.007866637,53.41234310101889,-27.57558367723038,4.6335242e-07,5.3847236e-07,473918.2055345408,1613.6685192484797,461916.2619092983,1082.9950563636817,False,474235.3559198809,1336.2969302386552,False,482076.1411891553,1793.2550998312531,False,486300.3059785704,2542.1393850579493,False,489330.8297052551,3498.931808342601,False,2.723369582168822,55.09186153513385,435356.99155399087,905.636434569984,1.0,0.2639992115825728,False,566128.8125,1595.233642578125,False,575488.9211425781,2140.7374366000463,False,584149.3639868498,4176.926256021548,False,False,3.2510819117677303,65.76711280583845,False,False
2MASS J03333895-2734322,53.4123523187278,-27.5754238859648,2025110800175,-1,r,20251108,r_57,0.572957125906222,53.41234166736272,-27.575582760433967,746040653214909394,0,1750.0813178506546,1510.405402133092,0.0047582495,0.0060899933,53.41234166736272,-27.575582760433967,2.7313837e-07,3.3167788e-07,353785.23045678705,656.2245404337899,348056.3898690571,508.5476851417162,False,353661.6176259142,577.3059535323072,False,357339.49593708955,710.9510232424658,False,359478.997371452,945.077596859758,False,360745.3412797153,1259.2341668208642,False,3.3887735771804226,18.768822222858176,311513.84212818067,486.29933599077424,1.0,0.2886365460639492,False,755262.4375,1232.8663330078125,False,763116.734375,1518.2722014385736,False,770390.0909594297,2689.158842287442,False,False,7.2368989578736285,40.081777932809366,False,False
2MASS J03333895-2734322,53.4123523187278,-27.5754238859648,2025110900380,-1,g,20251109,g_6,0.5551561143345057,53.41233751521533,-27.575577536707595,746045078800695314,0,177.8543196976014,74.94878827553691,0.00856431,0.009411152,53.41233751521533,-27.575577536707595,5.012516e-07,4.988219e-07,200133.7051940445,598.5438933388987,193286.4324009809,421.6842567572122,False,200614.42373587505,505.31766431349416,False,205145.38036748592,657.2065540659822,False,207080.8951482339,913.0211286631484,False,205547.00182363484,1244.0738428022246,False,0.1888026353688408,19.30157095531602,176468.96867545476,370.2545896571083,1.0,0.2447588324943228,False,457799.34375,1153.1279296875,False,468138.924194336,1499.736277964357,False,469055.4188094139,2838.95932408748,False,False,0.4308450058602108,44.04591829509408,False,False
2MASS J03333895-2734322,53.4123523187278,-27.5754238859648,2025110900381,-1,g,20251109,g_6,0.5754938100601842,53.412339024582685,-27.57558331044097,746045078935437338,0,128.91075778240346,110.58531234199658,0.009964551,0.010795313,53.412339024582685,-27.57558331044097,5.7619695e-07,5.787225e-07,199097.9436220451,609.7292204289112,190811.54320273863,426.38596791296334,False,199430.419207918,512.190948077274,False,204978.5228384779,667.9947033830807,False,207307.433225089,926.7575403260396,False,209775.9169848077,1263.7887492474542,False,0.7751393743909498,19.60105789230322,187934.98246651143,405.31757309447454,1.0,0.157382728049873,False,454227.59375,1166.57861328125,False,466864.0900878906,1521.4410517740862,False,477790.7521688938,2878.436122528101,False,False,1.7654763714025348,44.64384819897048,False,False
2MASS J03333895-2734322,53.4123523187278,-27.5754238859648,2025110900382,-1,i,20251109,i_39,0.586936885377579,53.41234097610663,-27.575586613688024,746045079042918272,746045079042917059,639.2253548711184,1845.99195922441,0.0072686085,0.008032917,53.41234097610663,-27.575586613688024,4.0398862e-07,4.4651958e-07,440235.833621202,985.4819670469776,422675.6720682049,705.102471559302,False,440739.1325627436,836.2518107776773,False,450275.7548285513,1072.9009384510564,False,455307.2212472344,1478.9556179291185,False,455643.3946459506,2005.497233949076,False,1.0726211872874754,30.540218407610126,414633.6694170265,677.0120344490164,1.0,0.1494305569690251,False,751461.4375,1425.8116455078125,False,767721.4047851562,1829.299061364271,False,776873.2454890013,3419.378319239901,False,False,1.8288220848582264,52.07115667878557,False,False
2MASS J03333895-2734322,53.4123523187278,-27.5754238859648,2025110900383,-1,i,20251109,i_39,0.5831047403767511,53.41234014638581,-27.57558549973968,746045079200727221,0,3453.3275294033374,347.88504913689763,0.006409828,0.0073835934,53.41234014638581,-27.57558549973968,3.5660324e-07,4.0973916e-07,439643.25582646194,973.750268698042,425676.4541752072,701.1883389440042,False,439186.522831989,828.583823119892,False,446446.6819997583,1064.1971820949975,False,449501.3516201929,1461.7260734180556,False,450173.67700835015,1982.96605276832,False,1.3000093179715326,30.855704366455445,409736.144917189,659.2315600492612,1.0,0.1714776046823818,False,756103.625,1426.4901123046875,False,768602.716796875,1832.122128676133,False,775019.1123141646,3413.8748408808456,False,False,2.2380963594096404,53.12118817528068,False,False
2MASS J03333895-2734322,53.4123523187278,-27.5754238859648,2025111100196,-1,g,20251111,g_6,0.5662937044745693,53.41234238568302,-27.57558094316928,746053850197657001,0,3073.043736414821,2906.0884506706307,0.008576095,0.007561155,53.41234238568302,-27.57558094316928,4.3262094e-07,4.6545225e-07,199283.1641949827,423.5141638130077,193428.8893659324,339.3278093268788,False,199985.3649222048,378.8868148960718,False,203302.6061373844,452.0490345261388,False,205518.30894072383,586.01020568632,False,205902.44228884025,768.0814480270298,False,0.7250187216151334,11.371908903137488,187524.0566387665,357.7698423889973,1.0,0.2250260965646717,False,456064.375,864.047119140625,False,463629.30627441406,1030.8927379796787,False,469558.203371346,1751.6011018096672,False,False,1.653397038654959,25.93351032703736,False,False
2MASS J03333895-2734322,53.4123523187278,-27.5754238859648,2025111100197,-1,g,20251111,g_6,0.5663282413504296,53.41234199893041,-27.575580933185275,746053850334495214,0,1449.0695745984174,1060.0236909384962,0.0085369125,0.007924285,53.41234199893041,-27.575580933185275,4.4936087e-07,4.6622955e-07,199579.6078827726,425.056560652052,193716.9286745496,340.8484636926608,False,199853.9902016542,380.5729486335768,False,202586.9940691609,453.7695285985799,False,204408.18849156325,588.8119297409197,False,205040.1576025005,773.0195649047881,False,0.6845770326938865,11.524500756724883,186000.34020721077,354.24313112329907,1.0,0.2416316079734549,False,457154.90625,870.5394897460938,False,463406.5008544922,1037.972602379762,False,469017.97623193264,1768.239334960945,False,False,1.5659319530538276,26.361655615195275,False,False
2MASS J03333895-2734322,53.4123523187278,-27.5754238859648,2025111100215,-1,i,20251111,i_39,0.5826898812427536,53.41234298577076,-27.57558553271248,746053852725249306,0,2985.7858818145837,2140.57628471113,0.0055265543,0.0058953813,53.41234298577076,-27.57558553271248,3.0726196e-07,3.276953e-07,441151.7106882835,832.8500256482116,431623.1598887145,638.4828683188526,False,441178.4450432564,729.0784627507318,False,446739.8895642371,902.4846796237184,False,450156.2114428785,1204.3370984171424,False,449019.80372250045,1609.53016697848,False,1.3157648789795324,24.74414398805327,401272.0605939356,614.3018885992763,1.0,0.1950589030805296,False,758300.4375,1253.1448974609375,False,767859.4852294922,1551.196653156103,False,771778.2168064713,2766.4711263705594,False,False,2.2615454009306544,42.53039880464713,False,False
2MASS J03333895-2734322,53.4123523187278,-27.5754238859648,2025111100216,-1,i,20251111,i_39,0.5771141501250617,53.4123420962899,-27.575583939163057,746053852875720698,0,2416.3557129572278,3254.709213809857,0.0053601125,0.0060181427,53.4123420962899,-27.575583939163057,2.9783695e-07,3.3438909e-07,440481.2904869537,832.221684041428,431065.64751699305,638.1744151628318,False,440243.5224302597,728.617544795879,False,445657.48576889245,901.5788707299184,False,449000.03565559513,1204.5693002254477,False,450362.2771511241,1608.9946653200132,False,2.4737650883066213,24.26594203522036,399650.741480457,614.2705021059471,1.0,0.2153008251121899,False,761712.5,1260.6593017578125,False,771079.7781982422,1559.9182283929056,False,779220.0419912338,2783.8941098826053,False,False,4.2801260979944455,41.98510694823646,False,False
2MASS J03333895-2734322,53.4123523187278,-27.5754238859648,2025111500098,-1,u,20251115,u_24,0.5638689537040739,53.412343243461365,-27.57558030952004,746071429189468491,0,1771.3509761789655,3217.35589233927,0.073841795,0.06810765,53.412343243461365,-27.57558030952004,3.9355e-06,3.9616643e-06,48889.96373022691,784.9209409257973,44759.361353583874,544.0744766723636,False,48537.94206198542,656.6699861361865,False,49761.76687928621,853.1443865721344,False,52039.02688918303,1183.852979779146,False,53828.679365314805,1612.230619662191,False,0.3918163531246787,24.795638278383716,46986.05563502898,552.9612120846327,0.0,0.073798174261128,False,15454.951171875,209.090087890625,False,15844.628854751589,271.6494411772399,False,17139.573205947876,513.3498546943076,False,False,0.1247581242350748,7.895171541852957,False,False
2MASS J03333895-2734322,53.4123523187278,-27.5754238859648,2025111500099,-1,u,20251115,u_24,0.5450498915193474,53.41234310436262,-27.575575068244994,746071429346230356,0,447.1659052820712,957.0026269802776,0.09315353,0.0949659,53.41234310436262,-27.575575068244994,5.2395544e-06,5.2176347e-06,47555.305083727726,851.9944124393692,42000.81500893855,570.4172868483165,False,47019.260018612105,701.0924873625912,False,48906.38765465576,918.384366612738,False,47748.43481886864,1280.7426180096231,False,45197.23679142597,1749.581286353595,False,-0.971694191652976,26.101697020915324,45446.65436946478,592.64182173729,0.0,0.0481955531277138,False,14574.6513671875,217.31900024414065,False,15159.607986450195,284.67338616468226,False,14009.875288009644,542.3211100528879,False,False,-0.3011979361916217,8.09079373050981,False,False
2MASS J03333895-2734322,53.4123523187278,-27.5754238859648,2025111700047,-1,u,20251117,u_24,0.5890917212510444,53.41233869709343,-27.57558707648571,746080218459406461,0,524.4542368434442,2234.9910231470444,0.11903411,0.115458764,53.41233869709343,-27.57558707648571,6.5284535e-06,6.5116933e-06,48381.69741714172,1354.9434282762213,46444.90258879273,885.0164108185253,False,50289.869611647104,1104.7105140242518,False,53378.43806078447,1491.1545429767891,False,58553.29106819878,2123.523003659822,False,59840.564026834094,2928.074930297081,False,1.611554866709305,45.20781775480897,49024.00771487818,868.2080147936919,0.0,0.0954940253038444,False,10207.400390625,224.2245330810547,False,10834.29115486145,302.66158138812096,False,12145.91728591919,594.3151855055048,False,False,0.3270993920444053,9.175889700514722,False,False
2MASS J03333895-2734322,53.4123523187278,-27.5754238859648,2025111700048,-1,u,20251117,u_24,0.4839116573618078,53.4123334349673,-27.57555725961355,746080218594148355,0,3811.309198286868,147.6081568730546,0.21539515,0.24003658,53.4123334349673,-27.57555725961355,1.2694684e-05,1.2653148e-05,48508.21212448267,1270.1092609688906,46056.68196881853,833.4231044013358,False,49513.756290072975,1040.0357158215054,False,51556.21652399888,1402.0832229742305,False,55208.89789368473,1996.5244814001016,False,60659.97099059988,2753.0771762606755,False,1.8779913578761211,42.9818241498578,44848.33244275653,761.026338477831,1.0,0.0713713007571764,False,9940.671875,208.8036651611328,False,10350.728160858154,281.4904443802752,False,12178.451257705688,552.7239075829482,False,False,0.3770365504762779,8.629282899878682,False,False
2MASS J03333895-2734322,53.4123523187278,-27.5754238859648,2025111700049,-1,u,20251117,u_24,0.5435339557523912,53.41234219474399,-27.575574600691347,746080218725744843,0,3750.5805719393534,3393.8079809971946,0.09179705,0.10180355,53.41234219474399,-27.575574600691347,5.4258167e-06,5.3516105e-06,48042.928044141285,1313.096853273239,46259.35500848513,857.9630985568227,False,49498.16035471598,1074.599155756488,False,52028.99320510266,1453.772780197913,False,55970.67395086956,2074.6981638898314,False,60567.35604666088,2866.2461887745603,False,2.279474122314802,45.95205685003172,47621.22560381794,805.4595363936477,0.0,0.0449794034624534,False,9566.61328125,207.6900329589844,False,10055.752655029297,280.9737147258651,False,11705.97995185852,553.9654132671299,False,False,0.4405587451438446,8.881250418438725,False,False
2MASS J03333895-2734322,53.4123523187278,-27.5754238859648,2025112200246,-1,z,20251122,z_20,0.5842120639670491,53.41234293818084,-27.575585953934198,746102235420165713,0,1533.8087467958023,3772.692489135777,0.007975473,0.008203835,53.41234293818084,-27.575585953934198,4.531585e-07,4.460591e-07,474455.7911891419,1310.6262458232227,460528.45890459936,929.3302092165064,False,474292.921903032,1109.2634237527354,False,482633.6274454493,1440.3731338911982,False,486315.3839666023,1996.2670322031945,False,484366.060755707,2719.083693628907,False,0.6536366969704389,42.09566077785596,437502.0165085172,843.9105996231798,1.0,0.1781300595353585,False,539985.8125,1262.9041748046875,False,549481.7641601562,1639.8748981677306,False,551454.1516140699,3095.6958237295603,False,False,0.7441699561469726,47.92620454180475,False,False
2MASS J03333895-2734322,53.4123523187278,-27.5754238859648,2025112200247,-1,z,20251122,z_20,0.5799171110049175,53.412340570669926,-27.575584637109923,746102235532886668,0,1293.2229777602531,1504.0192044265566,0.0077500436,0.008197681,53.412340570669926,-27.575584637109923,4.4971705e-07,4.3716176e-07,473045.3076635919,1309.6391252567992,457908.576524995,927.1474914229424,False,473523.7841421673,1108.7400999443971,False,482422.7299867219,1438.8530745382036,False,485669.6864684321,1998.248077808416,False,485681.5557125895,2721.0447755774217,False,1.5763505142759855,41.88273713048901,435769.7322433231,841.8090496562899,1.0,0.2358935579557838,False,537719.25,1259.0516357421875,False,547824.623046875,1633.9179192498327,False,551525.2467195988,3089.935933398905,False,False,1.7900558423040265,47.56076622117912,False,False
2MASS J03333895-2734322,53.4123523187278,-27.5754238859648,2025112200248,-1,r,20251122,r_57,0.5756446419560273,53.41234379332317,-27.57558360858417,746102235689126299,746102235689124297,3541.0965688411093,921.4971927661308,0.0069810427,0.00728254,53.41234379332317,-27.57558360858417,4.0155615e-07,3.913807e-07,351762.0319374196,578.9893856456924,330722.9321302668,466.3850367271593,False,351815.0679876366,519.5410426576636,False,361279.03506520926,610.99212217484,False,364189.3351962997,773.4077537576045,False,365409.7420578015,1000.835943054292,False,1.0553826604861865,14.408488745381822,326503.887253645,522.5575175208909,1.0,0.2899387639246975,False,711389.0625,1050.5400390625,False,730525.7149047852,1235.4590594286865,False,738878.2274669409,2023.744313505971,False,False,2.134040721213248,29.13474217931785,False,False
2MASS J03333895-2734322,53.4123523187278,-27.5754238859648,2025112200249,-1,r,20251122,r_57,0.5749872067859708,53.4123435765203,-27.575583416540024,746102235827014408,746102235827013404,2102.003248850381,3494.563977961232,0.0071845055,0.0072466196,53.4123435765203,-27.575583416540024,4.0188544e-07,4.000796e-07,352398.1084376718,578.8992368330921,331931.61752430483,466.7240353098198,False,353336.2477987352,520.0950867172548,False,363236.7369885739,611.3458988844263,False,366764.78386032255,774.2828598348844,False,368438.336841759,1001.4394450254728,False,1.143723417098027,14.202306200386676,326544.0756041971,520.7407775178986,1.0,0.3353611488687232,False,713698.3125,1050.5318603515625,False,733696.1544189453,1234.8479362245962,False,744202.7838990688,2022.7917357427,False,False,2.310188886181175,28.687014230699432,False,False
2MASS J03333895-2734322,53.4123523187278,-27.5754238859648,2025112200252,-1,u,20251122,u_24,0.578676937402251,53.41234022408652,-27.575584271654066,746102236203975486,746102236203975240,1285.014372051681,3967.944228868109,0.044824157,0.04760405,53.41234022408652,-27.575584271654066,2.5813144e-06,2.5602844e-06,49980.17132251789,756.4273442156906,48614.347567669385,537.1351544473627,False,50865.336065872994,641.3277631988778,False,52248.0705675741,829.0367504634651,False,58192.05801235367,1157.7736755802578,False,61826.1122189508,1560.6514596237137,False,3.19068217883862,24.06709829835241,45761.43072372372,492.3140346428951,1.0,0.2463031566658515,False,16686.345703125,210.38722229003903,False,17139.951000869274,271.96505299628024,False,20282.02233107388,511.9708585753343,False,False,1.0467015453500976,7.895198446291975,False,False
2MASS J03333895-2734322,53.4123523187278,-27.5754238859648,2025112200254,-1,u,20251122,u_24,0.5458455708087688,53.41235223370112,-27.57557550971574,746102236494430209,0,517.5727860348585,10.854606216417253,0.23571354,0.13613144,53.41235223370112,-27.57557550971574,1.0928113e-05,1.047242e-05,,,36748.13366241602,503.7017494383018,True,,,True,,,True,,,True,,,True,1.497468132891149,25.01378589406989,39144.3581947824,484.0816885369626,,,True,,,True,,,True,,,True,True,0.484482047011728,8.092813414382675,True,False
2MASS J03333895-2734322,53.4123523187278,-27.5754238859648,2025112600270,-1,i,20251126,i_39,0.5836083917596733,53.41234238422518,-27.57558576006161,746119830805415149,0,39.8855513792725,2096.572242986886,0.004444372,0.006060476,53.41234238422518,-27.57558576006161,2.5485213e-07,3.3105937e-07,441080.6733501431,829.8411286859341,434456.43427570513,639.5955476231765,False,441771.6917483525,728.1137232369141,False,446979.47585916216,899.2507918123891,False,450604.98067351,1198.6580603503955,False,452246.8524334371,1602.2531397131506,False,2.616345529115496,24.01273044060557,398236.330523842,605.6486154411803,1.0,0.1669556966416364,False,757896.375,1249.14013671875,False,766830.7652587891,1542.7401258628315,False,775867.39138484,2748.7995928736286,False,False,4.488560107635023,41.19585228008214,False,False
2MASS J03333895-2734322,53.4123523187278,-27.5754238859648,2025112600271,-1,i,20251126,i_39,0.5818755944325478,53.41234068606898,-27.575585188840947,746119830960081202,0,1215.365534605634,3710.323282279809,0.0049447496,0.005985334,53.41234068606898,-27.575585188840947,2.784847e-07,3.2959625e-07,440858.2111771523,827.9710781803847,433498.17642502097,637.9464811828814,False,441141.1304430943,726.4035506966667,False,446446.57620533474,896.6433339433755,False,448746.4860355368,1196.9902777442371,False,449327.557453645,1598.0258456686638,False,1.5222542139051949,24.067746818094243,398411.8830797373,603.3917820697295,1.0,0.1751254819117734,False,760742.875,1252.6746826171875,False,769892.0560302734,1546.2512575704138,False,774860.2755101919,2755.7774423283004,False,False,2.6251101229303453,41.50455635542005,False,False
2MASS J03333895-2734322,53.4123523187278,-27.5754238859648,2025112600272,-1,i,20251126,i_39,0.577313693700142,53.41234288174351,-27.57558403256457,746119831073850529,0,43.56470616204195,2096.60657398267,0.005073566,0.0060042664,53.41234288174351,-27.57558403256457,2.862096e-07,3.3021192e-07,439131.4461291594,833.0868710178349,431571.9172150685,639.8343875199249,False,438977.595587957,729.6304784244937,False,444222.0893834237,904.1371207482712,False,447662.745003565,1208.4689399131073,False,450354.2250416608,1613.6884085726367,False,2.448786941614682,24.1808392732919,395349.6557233513,602.3594697695936,1.0,0.1863692382322948,False,750950.4375,1248.1646728515625,False,759922.0910644531,1546.689792850401,False,770412.2163046598,2760.5053847525905,False,False,4.18909220796753,41.365691584041976,False,False
2MASS J03333895-2734322,53.4123523187278,-27.5754238859648,2025112600273,-1,i,20251126,i_39,0.5802291555931981,53.412340177698994,-27.575584701039013,746119831228516610,0,1219.1747099594452,3709.805407531296,0.0050402507,0.0061821793,53.412340177698994,-27.575584701039013,2.8417188e-07,3.4025686e-07,440006.5228727994,833.2474685458594,432970.1012856729,640.6076319815149,False,440776.8740115801,730.2436106499014,False,446298.0230088325,903.590857065332,False,449907.43217029376,1206.196851978213,False,452580.8206183133,1609.970282984773,False,2.5820145576312825,24.932490970019828,398781.1694472747,612.2070781887178,1.0,0.216706462817925,False,756045.8125,1252.5557861328125,False,765516.0043945312,1549.8909402392617,False,776292.6197378039,2761.5135059651493,False,False,4.428819679999557,42.76564063245824,False,False
2MASS J03333895-2734322,53.4123523187278,-27.5754238859648,2025112600274,-1,i,20251126,i_39,0.5829714009362942,53.41234352669867,-27.575585634829046,746119831342286083,0,43.11480309337143,2089.595323559277,0.004439916,0.0056615924,53.41234352669867,-27.575585634829046,2.5237318e-07,3.1027486e-07,441416.7555879076,834.0683640669782,434440.4713160781,642.4864291156968,False,442111.3655437663,731.7932413570919,False,447142.17100837536,904.5360199757264,False,450128.784624251,1205.622347743932,False,450971.5690399096,1611.5275750610924,False,3.373705514205552,24.71640390459386,390347.0918224708,599.6887637920464,1.0,0.2386348365036519,False,757888.375,1254.474853515625,False,766512.4215087891,1550.5987579966588,False,773076.9581335783,2762.557378792007,False,False,5.78336679208639,42.37003762175826,False,False
2MASS J03333895-2734322,53.4123523187278,-27.5754238859648,2025112600275,-1,i,20251126,i_39,0.5773525081912783,53.41234257903167,-27.5755840291212,746119831496952324,0,1213.3219807303983,3701.981266541101,0.0046452787,0.0057279593,53.41234257903167,-27.5755840291212,2.6194067e-07,3.1526963e-07,439610.8539982165,832.3993252852356,434001.2899740011,641.4279714091953,False,440894.2625251759,730.5513828825218,False,447018.4678173374,903.3235215728575,False,450059.6430954143,1205.412085437952,False,451105.6539493529,1607.983390761844,False,4.686186129679361,24.531705568395864,386338.4444956376,599.612459500225,1.0,0.3005729748883153,False,757844.0,1255.7296142578125,False,768370.7694091797,1552.704058705618,False,775396.1488488913,2763.9292872833303,False,False,8.054988107398957,42.16703970765281,False,False
2MASS J03333895-2734322,53.4123523187278,-27.5754238859648,2025112800039,-1,i,20251128,i_39,0.5816613208174286,53.41233945535253,-27.57558505573028,746128595869501327,0,2967.817445430937,3828.523403693054,0.006158879,0.0060274242,53.41233945535253,-27.57558505573028,3.4193067e-07,3.353222e-07,438177.51318644313,957.4026640060954,427780.43743795407,697.0313368448905,False,438852.9796928018,818.8671583559461,False,445969.643856322,1047.330065195364,False,450798.3314614366,1433.6200574857062,False,453711.5394749727,1942.8738455964688,False,4.27281674778451,29.84319926416637,391301.03727324,635.3976634431367,1.0,0.2868871402559184,False,747771.3125,1395.285888671875,False,759897.5541992188,1784.5688959889585,False,773089.1416234374,3310.5057793171995,False,False,7.28054709757098,50.85048824001583,False,False
2MASS J03333895-2734322,53.4123523187278,-27.5754238859648,2025112800040,-1,i,20251128,i_39,0.5793727403853309,53.41234080075787,-27.57558449867299,746128596008960928,0,2747.994725871549,1741.1434197467763,0.00620852,0.005871732,53.41234080075787,-27.57558449867299,3.4381915e-07,3.2759573e-07,439153.2903003682,942.5677320459288,428721.1368410096,691.94780499554,False,439005.9474572159,810.6236470241089,False,444808.5552946733,1030.662465076129,False,447730.1166960097,1411.694671334177,False,449741.62276057433,1910.423445849954,False,2.698132189753077,30.11941841693752,391972.0610543965,633.1640860793523,1.0,0.2871301466457702,False,749792.0,1384.489501953125,False,759702.4555664062,1760.3006872467795,False,768127.7959127426,3262.8720057382084,False,False,4.608224427338762,51.44189755168024,False,False
2MASS J03333895-2734322,53.4123523187278,-27.5754238859648,2025112900038,-1,z,20251129,z_20,0.588596991048762,53.41234243501795,-27.575587150237347,746132993783365716,0,2065.889595512855,192.37270968184023,0.0070423028,0.008465869,53.41234243501795,-27.575587150237347,3.9339537e-07,4.6878984e-07,472283.6559323905,1648.406598577924,460509.6354577722,1096.3992643084637,False,473160.7477099972,1359.6494194409695,False,481314.9660552853,1832.6943009973672,False,483399.276909492,2603.260322594612,False,485603.8101464716,3590.226460066955,False,3.39925979218256,56.94895741770409,429767.9381203337,872.4503008161792,1.0,0.2909134871073882,False,565627.5,1625.35693359375,False,575375.2446289062,2190.845924465272,False,580502.2298510075,4291.841254520477,False,False,4.06355520276839,68.07812475502567,False,False
2MASS J03333895-2734322,53.4123523187278,-27.5754238859648,2025112900039,-1,z,20251129,z_20,0.5807925320048067,53.41233976850646,-27.575584833222607,746132993941700959,0,2889.873437778424,854.4794684077432,0.007036992,0.007979084,53.41233976850646,-27.575584833222607,3.918848e-07,4.426098e-07,470945.3435436384,1664.3618524497442,461108.5550927584,1107.227403173831,False,472550.1948805891,1374.1040753147895,False,479160.3417845797,1853.1408368656732,False,486562.62926589407,2633.5798915785585,False,489505.5733078284,3636.55712448962,False,5.708886017107392,57.02294074411228,428223.47359772807,868.9187597783975,1.0,0.279674357882363,False,566057.4375,1646.0089111328125,False,573975.5864257812,2219.836463527142,False,586367.9106906652,4356.15143007429,False,False,6.838548422649553,68.30652080142107,False,False
2MASS J03333895-2734322,53.4123523187278,-27.5754238859648,2025112900046,-1,z,20251129,z_20,0.5805282404605614,53.41234110828401,-27.57558483735299,746132994853962915,0,1060.2189212135545,2604.175901840756,0.006370547,0.00772805,53.41234110828401,-27.57558483735299,3.5688566e-07,4.2683436e-07,474625.17134228407,1570.8425768804964,462354.1180132752,1058.1714842005852,False,474093.433702652,1303.171260924934,False,478906.2491028646,1744.9292170959409,False,482130.1413470214,2473.187555490887,False,482332.240973946,3402.6384776298587,False,2.2599821130768847,52.9811555751018,421899.00367130846,832.6514158178745,1.0,0.2950648294373732,False,574965.1875,1580.4439697265625,False,580802.0144042969,2116.193735581332,False,584956.946572721,4126.609927932909,False,False,2.7408332345874222,64.25383243825061,False,False
2MASS J03333895-2734322,53.4123523187278,-27.5754238859648,2025112900047,-1,z,20251129,z_20,0.5835874557524037,53.41234213030168,-27.575585741835788,746132994990801469,0,2846.5230093590217,1336.6843289677072,0.0067424495,0.008269428,53.41234213030168,-27.575585741835788,3.7715395e-07,4.5760882e-07,473888.5504587315,1574.8706691073191,463146.4156971359,1062.144112130647,False,473522.4718431868,1308.0245090554592,False,478893.3281985467,1754.8334490830994,False,485171.1013881135,2485.537672636443,False,487961.4179773415,3420.938394634847,False,5.245994039510291,54.42770643828317,427903.6263359939,852.20867151417,1.0,0.2697625183825172,False,568671.125,1570.8563232421875,False,575121.1904296875,2107.4461530691447,False,586011.4039311409,4108.334875555671,False,False,6.300113531210727,65.3643003064873,False,False
2MASS J03333895-2734322,53.4123523187278,-27.5754238859648,2025112900053,-1,z,20251129,z_20,0.5827019419552847,53.41234063790672,-27.57558541611898,746132995838574796,0,1684.5679509002398,425.5069113663354,0.006626576,0.008247184,53.41234063790672,-27.57558541611898,3.7184176e-07,4.549824e-07,473556.7778938418,1558.075539409684,462990.6527528013,1052.5809707926412,False,473265.3244320332,1294.6191956064492,False,481153.09033572144,1733.2235329285422,False,482141.826725281,2457.5222285743894,False,484981.6411485246,3376.6307029208406,False,2.9179637874136457,51.71292155606272,432124.13133734337,853.6460588056536,1.0,0.2758128401657834,False,568002.75,1553.7738037109375,False,577469.4750976562,2080.17719077475,False,582064.4185214043,4052.5587360434433,False,False,3.502076678954727,62.06472381983321,False,False
2MASS J03333895-2734322,53.4123523187278,-27.5754238859648,2025113000041,-1,z,20251130,z_20,0.5740260075439814,53.41234198701788,-27.57558307442199,746137392256649189,0,1703.8468631965245,3816.9384381478912,0.005855559,0.0068765543,53.41234198701788,-27.57558307442199,3.2819736e-07,3.7991438e-07,474915.54525773256,1436.115515324515,466002.7211736448,994.6294678009236,False,474188.4015723596,1206.6946196598003,False,479771.47141681984,1594.0151729064116,False,480601.8538117412,2240.48076267,False,479569.7363512428,3071.873079615749,False,6.415739565189042,48.107388648922665,398453.3530550609,773.5323702542662,1.0,0.4474498912469951,False,565691.3125,1439.54736328125,False,572351.7329101562,1901.6081631611628,False,572111.069550097,3664.6444925247247,False,False,7.653768255941083,57.3905471654686,False,False
2MASS J03333895-2734322,53.4123523187278,-27.5754238859648,2025121000243,-1,z,20251210,z_20,0.5877897352164115,53.4123417988978,-27.57558689439964,746181399825875382,0,2528.943944805638,1084.4307768011793,0.0074371197,0.006425273,53.4123417988978,-27.57558689439964,3.9080038e-07,3.8126134e-07,473194.5526676637,1403.3716977828003,458412.4300628203,970.2519515626576,False,473572.5436173019,1176.329245854288,False,482950.1956947032,1550.7840304366482,False,486254.05248035374,2170.09284206613,False,484361.2792462372,2971.311676301297,False,-0.380977023425064,46.20941027030696,450183.4475483932,873.9436329788391,1.0,0.0703572907027034,False,563864.5625,1400.60986328125,False,575030.1711425781,1846.4587329640117,False,576710.2939034104,3537.8262126672016,False,False,-0.4536146479170115,55.01976256145795,False,False
2MASS J03333895-2734322,53.4123523187278,-27.5754238859648,2025121000244,-1,z,20251210,z_20,0.5862166819850134,53.41234351408074,-27.575586536799666,746181399960093715,0,3469.9499159551656,2393.7544071599755,0.00793329,0.0072827484,53.41234351408074,-27.575586536799666,4.2429986e-07,4.2182e-07,473782.1174920192,1408.27303155272,461722.78441079176,974.9615311348498,False,472958.3367618948,1180.5199684093886,False,478718.8171516297,1554.5940705949045,False,480541.0324228774,2180.8488965674924,False,479913.67070119776,2986.764222111531,False,0.0716855514729477,46.7680554169844,440766.2675818882,846.834615238724,1.0,0.13357354706073,False,563951.9375,1407.64306640625,False,570820.6906738281,1853.6861917699537,False,572245.424993813,3561.395029946295,False,False,0.0854773084680341,55.76587495230867,False,False
2MASS J03333895-2734322,53.4123523187278,-27.5754238859648,2025121000246,-1,z,20251210,z_20,0.5893290063633758,53.41234203441791,-27.575587334449384,746181400256841073,0,674.251081864758,3690.4604450449374,0.010415747,0.009065971,53.41234203441791,-27.575587334449384,5.665434e-07,5.173159e-07,472737.8063846915,1471.9244032675483,450811.2892500086,998.8119966028928,False,473472.9095373097,1220.6093874221915,False,486568.31550522137,1618.2080148004732,False,495422.09438153385,2273.261760429928,False,494153.2253409794,3116.640238270668,False,1.180567620252537,48.649213449737765,440142.2472032141,898.5687332237916,1.0,0.1594999960564707,False,550268.4375,1418.587646484375,False,565487.869140625,1880.675278178858,False,574303.0228692293,3622.147581450353,False,False,1.3720512550428527,56.53993318593805,False,False
2MASS J03333895-2734322,53.4123523187278,-27.5754238859648,2025121400776,-1,i,20251214,i_39,0.5835538574536605,53.412343678958834,-27.575585803249854,746199063580903559,0,1066.920207305627,3535.8841388682736,0.0056623286,0.006358503,53.412343678958834,-27.575585803249854,3.3450877e-07,3.342577e-07,438059.8624876731,788.5556926082461,426663.11403125466,620.8426583495826,False,438486.3370430679,698.9634210174929,False,445901.6365524682,846.5909500376978,False,449645.7995717856,1111.5733202656993,False,448892.2575148282,1468.2737809028947,False,2.555290630974922,22.30844748303228,401869.03967012005,633.5251334289508,1.0,0.2705681772745859,False,742418.875,1183.443115234375,False,754974.0172119141,1433.397229547965,False,760037.5579949617,2485.993465522409,False,False,4.326465468318822,37.77133079000059,False,False
2MASS J03333895-2734322,53.4123523187278,-27.5754238859648,2025121400777,-1,i,20251214,i_39,0.5794444195287405,53.41234246133202,-27.57558460541045,746199063691528514,0,3075.0854158359025,3447.3033201226262,0.0054903906,0.0058981525,53.41234246133202,-27.57558460541045,3.1624913e-07,3.171059e-07,438995.5340810682,778.7053943997768,428457.696687803,613.3542841678548,False,438923.8637583081,689.4560419316432,False,444526.71021770017,835.7593422933783,False,449171.7607002524,1095.0916754979655,False,449709.7877091264,1447.5855101048232,False,3.9121214248207488,22.274946701568748,398375.9373886746,622.4641403828127,1.0,0.290176046009423,False,746289.1875,1172.2615966796875,False,755815.5406494141,1421.016745740459,False,764628.1731107831,2461.286576953525,False,False,6.651663672446099,37.873429193800334,False,False
2MASS J03333895-2734322,53.4123523187278,-27.5754238859648,2025121400782,-1,i,20251214,i_39,0.5818943131024215,53.4123428649927,-27.57558530590961,746199064385685483,0,3617.531457831632,2917.764760259043,0.0047477945,0.0064636767,53.4123428649927,-27.57558530590961,2.8633383e-07,3.4120825e-07,437277.63017431786,774.3864771825287,427399.9563101289,610.3426938140975,False,437780.7306022006,686.0334891242269,False,444641.1819968247,832.2596450251222,False,447810.9460162797,1090.040524910656,False,450077.6104228811,1440.747962873445,False,4.133106718270386,22.33103590501206,394605.5997107329,616.1208746571326,1.0,0.3059155785555908,False,747221.3125,1170.9488525390625,False,758930.9998779297,1420.5333876642076,False,768210.1090297699,2459.1251020096524,False,False,7.054548569281047,38.11548748496666,False,False
2MASS J03333895-2734322,53.4123523187278,-27.5754238859648,2025121400783,-1,i,20251214,i_39,0.5812194195611133,53.41234165335212,-27.57558505877887,746199064516234129,746199064516231647,1651.4372710942555,758.0023745478832,0.004837655,0.0067381226,53.41234165335212,-27.57558505877887,2.9208226e-07,3.5670922e-07,439206.3929281721,778.1584916943526,428932.7728349464,613.3814549722612,False,439432.3129614366,689.6164377421272,False,445522.1458842588,835.6775795992254,False,449364.0276880368,1095.5218056045233,False,450418.3380472212,1447.7697389485309,False,2.9696383658981027,21.351946980445074,401784.3193969062,623.8192865686807,1.0,0.2791209042179953,False,748849.0,1175.19482421875,False,759226.8560654521,1424.101736142054,False,767570.5952418745,2467.185250751033,False,False,5.060644506721981,36.38645514391769,False,False
2MASS J03333895-2734322,53.4123523187278,-27.5754238859648,2025121400784,-1,i,20251214,i_39,0.5838609339176103,53.41234170236597,-27.57558579631928,746199064648351794,0,1070.1534289241713,114.11059844641804,0.004963112,0.006906229,53.41234170236597,-27.57558579631928,2.9390606e-07,3.7001172e-07,437798.2168794879,778.8553357979761,426206.5632787256,612.7858297213444,False,437267.62395963614,689.6382114480854,False,444059.0022037086,835.9743084014696,False,447283.6892600477,1097.1294976505324,False,447205.9953199087,1449.5264817173056,False,3.0584284518782106,21.41407639057349,396751.61126207287,618.9257289507294,1.0,0.2604856143395083,False,743525.8125,1172.6544189453125,False,755073.8090820312,1421.4829610634629,False,760424.9269911647,2464.7613864012337,False,False,5.200523375281443,36.412296897398384,False,False
2MASS J03333895-2734322,53.4123523187278,-27.5754238859648,2025121400785,-1,i,20251214,i_39,0.5796661202450349,53.41234368571735,-27.575584722392627,746199064782570024,0,1105.4404308295495,881.0190043911397,0.005083272,0.006956619,53.41234368571735,-27.575584722392627,2.9546086e-07,3.766206e-07,439411.8558235212,780.2192111469119,427341.0215626205,612.677707251354,False,439777.06391347887,689.6894535130695,False,447064.8172746558,836.0393371444738,False,451576.5099895518,1094.8541897793416,False,454140.2939145893,1446.5690020171394,False,3.319799267670344,21.972338049847316,402063.532066416,625.8423064051805,1.0,0.249625277855827,False,747098.625,1171.65283203125,False,759479.1490478516,1420.2737943364675,False,771499.0548198223,2457.4490146381263,False,False,5.6397153732430105,37.326875119402935,False,False
2MASS J03333895-2734322,53.4123523187278,-27.5754238859648,2025121400786,-1,i,20251214,i_39,0.581030516965671,53.41234213508034,-27.575585030702715,746199064916264128,0,731.3847141993775,1948.009157900324,0.005431551,0.0065025375,53.41234213508034,-27.575585030702715,3.0493592e-07,3.584415e-07,437506.54702396406,778.0859990023599,426545.83542473416,612.3571417067063,False,438285.0329425127,688.7134089009339,False,445746.68678550125,834.7685714024293,False,449601.5518129337,1091.9208397684024,False,450548.0539520962,1442.4095662131003,False,2.80425371330583,22.0936476802688,395069.3793877397,619.3432097628619,1.0,0.2891344221252008,False,744085.4375,1169.2427978515625,False,756753.2393798828,1417.2036254422992,False,764904.6183233261,2448.8081327446,False,False,4.760838710638462,37.50883617853305,False,False
2MASS J03333895-2734322,53.4123523187278,-27.5754238859648,2025121400788,-1,i,20251214,i_39,0.5793501633365465,53.41234286902864,-27.57558459843201,746199065183652991,746199065183650519,2579.164155960877,1007.5719586722622,0.0052833785,0.005718485,53.41234286902864,-27.57558459843201,2.9595918e-07,3.1560867e-07,437949.59579896834,777.2600389198395,427739.2572532284,613.3541873601124,False,437653.6436677115,688.914442700202,False,443294.122986389,834.0980600445351,False,446724.0588730467,1093.3952928689678,False,447770.7838830469,1445.3811589416794,False,3.196316792979467,21.163921801468263,395993.31934249535,619.7336816459784,1.0,0.2985482692809498,False,748719.875,1178.5665283203125,False,758369.3753104024,1426.940696804624,False,766027.862873476,2472.698711202365,False,False,5.468127466378374,36.2063680149229,False,False
2MASS J03333895-2734322,53.4123523187278,-27.5754238859648,2025121600059,-1,i,20251216,i_39,0.5841199340151016,53.412343033936686,-27.575585932641967,746207763437192018,0,3104.1392337563384,1488.4644260623834,0.0046201437,0.0075722835,53.412343033936686,-27.575585932641967,2.7346405e-07,4.1003284e-07,438358.4996646025,815.5344020199797,426169.8757721311,629.360063093879,False,438277.4316653634,714.8651373856773,False,446425.1708555345,877.300292506227,False,450025.0298562336,1161.1593571677229,False,452443.7727296191,1545.043039357761,False,3.3240031173846165,23.7262120630136,410973.1733012766,644.8374094614992,1.0,0.1698023629770475,False,739805.8125,1206.6817626953125,False,753559.0755615234,1480.8698984062912,False,763718.386372149,2608.0097638983,False,False,5.610868024084938,40.0494945088277,False,False
2MASS J03333895-2734322,53.4123523187278,-27.5754238859648,2025121600061,-1,i,20251216,i_39,0.5838495121489277,53.41234231981475,-27.575585824023797,746207763700385167,0,794.0094864661304,2374.6573669337504,0.004706693,0.007092468,53.41234231981475,-27.575585824023797,2.670943e-07,3.9032474e-07,437975.8550261331,815.757215523645,427647.9388474876,631.838833023182,False,438388.34754421184,716.8420778042108,False,446197.1621554094,879.6095130492412,False,449914.6181770744,1164.710214338126,False,450857.4993225448,1547.514723724254,False,3.3014661281848587,23.066358561216173,405059.3609031688,631.7787811195502,1.0,0.1982009114679847,False,741310.875,1212.1737060546875,False,754515.5124511719,1487.412020482811,False,762396.1019844413,2616.833910722764,False,False,5.582750449407773,39.00501129618738,False,False
2MASS J03333895-2734322,53.4123523187278,-27.5754238859648,2025121600086,-1,i,20251216,i_39,0.5775797057830959,53.412342191415775,-27.575584073438502,746207767034331692,0,2389.6349994619927,849.5028536574431,0.0055903774,0.0060176603,53.412342191415775,-27.575584073438502,3.199604e-07,3.253315e-07,437489.165378564,818.2202418917268,427199.9499278757,631.4779476356135,False,438007.1319331003,717.5838169677173,False,445053.3601687165,883.3597393323834,False,450094.3058211338,1172.6881116453071,False,453211.439342231,1559.431115695281,False,6.583520507394545,23.686590429263514,377890.0486209656,611.7576751515578,1.0,0.4129770051556536,False,740864.8125,1213.7532958984375,False,752783.1174316406,1494.154090053706,False,766582.0566648245,2637.691391090661,False,False,11.135660428117726,40.06455625435093,False,False
2MASS J03333895-2734322,53.4123523187278,-27.5754238859648,2025121600088,-1,i,20251216,i_39,0.5799480969603221,53.41234218010841,-27.57558473179325,746207767302767773,0,1362.2595678445578,1839.142744698033,0.006263848,0.006091783,53.41234218010841,-27.57558473179325,3.4337967e-07,3.4305393e-07,436638.85304641497,817.1085459435532,424502.69435053866,629.3611081219863,False,436983.22796677565,715.2643929731081,False,445606.1774086286,878.6733283305497,False,450616.7452709588,1164.2510689563524,False,452516.3804384338,1548.0073059201577,False,4.818963745907452,24.68623911774645,388689.7600711785,626.4352076284766,1.0,0.3321322468212805,False,736266.0,1205.137451171875,False,750794.6685791016,1480.4625334632017,False,762437.5583248138,2608.212567799665,False,False,8.119394370930085,41.59344653760629,False,False
2MASS J03333895-2734322,53.4123523187278,-27.5754238859648,2025121600092,-1,i,20251216,i_39,0.5789617647305358,53.41234339841724,-27.575584514183184,746207767862183285,0,3874.710686701183,2042.066289969052,0.006190476,0.005938268,53.41234339841724,-27.575584514183184,3.413222e-07,3.3253195e-07,438674.1039916768,810.6386945420735,426368.3150739452,627.0337169773462,False,438935.0631366382,710.8502794385017,False,447369.4791289683,870.0044105523232,False,452510.9277871695,1149.3855463785533,False,453874.7972522329,1525.3789438520037,False,4.567578669870971,22.833126018728827,394368.4876206788,621.5919681361955,1.0,0.2617777388818768,False,735764.5,1191.5621337890625,False,749902.6821289062,1458.3441011832751,False,760807.215710938,2556.915066009264,False,False,7.656399587294131,38.274006702848695,False,False
2MASS J03333895-2734322,53.4123523187278,-27.5754238859648,2025121600093,-1,i,20251216,i_39,0.575591823767424,53.41234206110526,-27.57558351384232,746207767974381079,0,2633.2305582923877,2370.5279357941317,0.006115579,0.0059346594,53.41234206110526,-27.57558351384232,3.375338e-07,3.3209105e-07,438591.67808896943,806.1502012873061,426115.1029878524,625.1434233256211,False,439054.53665496607,708.1742505066886,False,447979.1256399055,866.2875719528039,False,453647.7100339125,1142.6684849964054,False,455104.859703442,1515.3744607351214,False,5.751788459192158,22.961668822560743,385439.8207931189,621.1348094717548,1.0,0.3654694571822121,False,737293.5625,1189.2197265625,False,752280.4068603516,1454.7355664303066,False,764246.4780759215,2544.7313292538247,False,False,9.658837911420555,38.55896977198335,False,False
2MASS J03333895-2734322,53.4123523187278,-27.5754238859648,2025121600094,-1,i,20251216,i_39,0.5761341641881093,53.412343408058085,-27.575583728205373,746207768129044622,0,3004.9203877284767,255.1121538622047,0.005881016,0.0066774157,53.412343408058085,-27.575583728205373,3.3985785e-07,3.591466e-07,437070.787376322,801.5988453376048,427598.71261043416,625.7685991054589,False,438238.2552636333,707.115025682793,False,446575.7644346349,862.2206255690495,False,451738.9109864983,1138.823367771905,False,454217.74629024125,1509.5237028495387,False,5.612379082448336,22.72585491812585,382301.54823167424,612.2602279032401,1.0,0.3554434610766328,False,740081.4375,1194.151123046875,False,754161.5313720703,1456.0880351018604,False,767067.0430409312,2549.2308316925623,False,False,9.477989493716338,38.378628917516885,False,False
2MASS J03333895-2734322,53.4123523187278,-27.5754238859648,2025121600095,-1,i,20251216,i_39,0.5730581156338994,53.41234424433789,-27.57558290779394,746207768242818756,746207768242817154,3217.796422152602,2966.7837915430136,0.005779218,0.006545572,53.41234424433789,-27.57558290779394,3.3568628e-07,3.5039633e-07,439191.4111963345,803.4164837582314,428198.6370808577,626.2907213119497,False,438446.9923933046,707.8240930843298,False,444023.0822070284,864.1458808529931,False,446589.0279313641,1141.1021347927542,False,447185.0721041698,1512.1696036060346,False,3.648808610884665,23.08130186318448,375353.2696542929,602.2677349989087,1.0,0.3724610130372595,False,739698.5625,1194.161376953125,False,749105.9154779911,1457.889954651258,False,754440.469990015,2551.1628576532567,False,False,6.155860414450922,38.94018229120564,False,False
2MASS J03333895-2734322,53.4123523187278,-27.5754238859648,2025122000261,-1,r,20251220,r_57,0.5752589366668814,53.412350372898544,-27.575583670805106,746225382737839422,746225382737838450,3391.293667482449,1439.9276188983042,0.0128096305,0.012307149,53.412350372898544,-27.575583670805106,6.9408145e-07,7.020145e-07,350126.83988336305,757.7399749908351,310870.01851749665,538.329762398026,False,350338.6587026614,637.6779466466098,False,371389.06991714006,800.976279567602,False,379165.4668850947,1074.3698621072776,False,379074.8078939125,1436.487313088068,False,-0.6453613208686331,21.52595907874776,346241.55659064004,602.2923733700366,0.0,0.0212121325416173,False,639225.3125,1163.50244140625,False,677633.736328125,1461.4553658100144,False,691657.0767102242,2621.0040736335964,False,False,-1.1775214688990043,39.27610492638511,False,False
2MASS J03333895-2734322,53.4123523187278,-27.5754238859648,2025122000262,-1,r,20251220,r_57,0.5742635887571591,53.41235156693399,-27.575583402236404,746225382868911300,746225382868910342,3497.936874643647,1178.0565963339525,0.013121502,0.014142449,53.41235156693399,-27.575583402236404,7.6453836e-07,7.5247027e-07,348986.61988560384,768.4909405737868,305876.33883831167,542.0820617518526,False,350447.91507445567,645.5148626062751,False,373865.07160416496,809.8695827381309,False,382373.1643299709,1089.134286339732,False,382850.9094323242,1458.1674709468846,False,-0.0805863465045918,21.50215285383632,342245.21968366246,608.3333165988524,0.0,0.1050114143544462,False,631052.25,1162.3798828125,False,673219.5698242188,1458.333750637031,False,689400.385676384,2625.725033126081,False,False,-0.1451119926628694,38.718968938292825,False,False
2MASS J03333895-2734322,53.4123523187278,-27.5754238859648,2025122000265,-1,u,20251220,u_24,0.5346520268862466,53.412346841574895,-27.5755723210409,746225383244300390,0,2953.522102735651,1603.2429353122684,0.1089036,0.10709166,53.412346841574895,-27.5755723210409,6.033102e-06,5.986906e-06,49020.09593536234,1101.4516002404278,42137.61097806412,695.6484518804398,False,48742.495871850726,882.5696427880782,False,50995.54069355642,1198.3241359817202,False,53726.67337715226,1707.919549770745,False,55756.98753407964,2356.940746540398,False,1.3319769367195813,36.458979223273616,47522.06122047488,726.3497663716547,0.0,0.0145993027253551,False,13996.7109375,253.43536376953125,False,14643.68677520752,344.1062309337328,False,16010.965858459473,676.8101989047533,False,False,0.3824854641768026,10.469422710854364,False,False
2MASS J03333895-2734322,53.4123523187278,-27.5754238859648,2025122000266,-1,u,20251220,u_24,0.5736569335962801,53.41235464048628,-27.57558322182276,746225383379566675,0,1873.3478746937333,1524.928893336884,0.43748206,0.42670873,53.41235464048628,-27.57558322182276,2.4135667e-05,2.3930486e-05,47196.23633383967,1306.0175356967106,38746.96854828128,780.6701367411636,False,46563.30823499712,1002.7082758252726,False,50304.92864620267,1373.0046591413995,False,49099.67137894928,1961.728700237794,False,50571.37595448205,2709.6252642991394,False,-0.3237216560705418,42.94569284502676,46300.06201822577,867.5201608827646,0.0,0.011429096258186,False,12007.76953125,258.57891845703125,False,12972.660499572754,354.07113749514303,False,13041.372066497805,698.759536705381,False,False,-0.0834815047666229,11.074857040663307,False,False
2MASS J03333895-2734322,53.4123523187278,-27.5754238859648,2025122000269,-1,z,20251220,z_20,0.5816080603794905,53.412338522661024,-27.57558498027283,746225383811581096,746225383811580319,1711.1114700376077,1753.6660617117757,0.016765514,0.014645569,53.412338522661024,-27.57558498027283,8.990714e-07,8.498984e-07,474637.3464567642,1963.3065149668796,434283.01986410446,1247.8891290112413,False,473829.8502790564,1578.0280664021818,False,494192.6757380552,2150.454296202068,False,503125.3178691465,3071.068788945508,False,505969.7077625783,4245.3765855430165,False,1.81856214989711,66.91571478231673,460802.6068001144,1187.0935498514948,0.0,0.0327668608550858,False,513235.25,1709.2625732421875,False,535291.521484375,2329.2938333767665,False,548047.9739784598,4598.437417866547,False,False,1.9698003388627696,72.48066702636997,False,False
2MASS J03333895-2734322,53.4123523187278,-27.5754238859648,2025122000270,-1,z,20251220,z_20,0.5961150524734041,53.41233999461535,-27.575589112744566,746225383942653119,746225383942652658,197.12574017602444,3442.46256268387,0.021859828,0.020727184,53.41233999461535,-27.575589112744566,1.1993777e-06,1.1680553e-06,470987.4051204787,2114.9463945800367,412131.3326853592,1297.5379966082835,False,470385.8202208856,1656.1154138469738,False,506937.0735953861,2266.326514689199,False,523351.3805071435,3241.5254269580496,False,529271.7151889497,4486.063993651576,False,-0.0109125691509774,70.70996029736206,449850.7290679892,1309.9128715587788,0.0,0.0490331436578397,False,478893.34375,1686.068359375,False,516105.6728515625,2307.315901102506,False,538844.2647359371,4567.200144739595,False,False,-0.0111099367901027,71.98883951759464,False,False
2MASS J03333895-2734322,53.4123523187278,-27.5754238859648,2025122300330,-1,g,20251223,g_6,0.5812423921627616,53.41233686517954,-27.575584760059773,746238586136298869,746238586136297502,2481.2113627895583,96.2917989660808,0.014641154,0.010966653,53.41233686517954,-27.575584760059773,7.6986163e-07,6.6521363e-07,197938.37084037543,486.9805373764042,185194.22910313564,371.925921247338,False,197973.4484633692,425.9379335334969,False,203901.21372012192,520.0434345840985,False,205432.2802020867,683.4564660768134,False,205231.29429816417,904.4589867543638,False,-0.326869744756578,13.32711425343501,193100.1064697312,403.7892330983352,0.0,0.0521992120225528,False,388104.625,835.0032958984375,False,399725.3404541016,1019.4865206902642,False,402332.8134661019,1773.089869408079,False,False,-0.6407912813423065,26.12630491516936,False,False
2MASS J03333895-2734322,53.4123523187278,-27.5754238859648,2025122300331,-1,g,20251223,g_6,0.5837419233406491,53.41233983206751,-27.57558565830736,746238586269992230,746238586269991429,3456.8929180554046,2059.6594598765646,0.015736917,0.012430044,53.41233983206751,-27.57558565830736,8.420821e-07,7.310641e-07,197701.40986785552,501.6260041644676,179747.53968008416,375.2472720726885,False,198117.63435651964,434.90342957725017,False,205770.9711160081,533.5337783827258,False,208436.0762870442,702.2220457726944,False,208137.49684154688,929.0253189385872,False,-0.4520706662862459,13.831795458558377,192289.312006288,411.7714071811227,0.0,0.035474308275932,False,381356.28125,837.1448364257812,False,396088.1755371094,1026.9982190437067,False,400643.4966881275,1788.2791805395682,False,False,-0.8701900197682183,26.624798424526897,False,False
2MASS J03333895-2734322,53.4123523187278,-27.5754238859648,2025122300332,-1,g,20251223,g_6,0.5966461298594766,53.41233945217026,-27.575589228123984,746238586404734140,746238586404733083,944.2881373426422,601.718833688098,0.015718987,0.012235024,53.41233945217026,-27.575589228123984,8.464685e-07,7.145863e-07,198501.44626880257,510.70912129263166,176011.63722353004,375.614180364285,False,198444.3331075642,439.1087744864636,False,208213.67582038764,540.5338087392175,False,211611.9434344177,713.1767015204376,False,211135.6491955063,943.7019582954318,False,-0.6539155173631461,14.205137739176218,196169.6607232614,423.89044836513233,0.0,0.0084444482068775,False,374280.09375,828.1903076171875,False,392705.7673339844,1019.485119286822,False,398216.8164612055,1779.88885795706,False,False,-1.2333310672600353,26.79189776544886,False,False
2MASS J03333895-2734322,53.4123523187278,-27.5754238859648,2025122300333,-1,g,20251223,g_6,0.5874810930205713,53.41234100880658,-27.575586766931405,746238586533185010,746238586533184495,3696.7321983282936,3836.613132948532,0.015323919,0.013355478,53.41234100880658,-27.575586766931405,8.396116e-07,7.5686023e-07,200980.0548591935,525.0973466474713,176797.11760676742,383.3797826404913,False,200972.36208039196,449.71333333666905,False,211782.42183047152,554.3946543330675,False,215709.28933822035,731.9574541080685,False,217528.3553778517,970.1088195155752,False,-0.1455077950568815,14.345873849758728,201676.9450107861,440.2389163594288,0.0,0.0007091565176341,False,374045.375,836.9966430664062,False,394164.82232666016,1031.8272335131187,False,404859.0284662843,1805.5453666875808,False,False,-0.2708159331167287,26.70022737598722,False,False
2MASS J03333895-2734322,53.4123523187278,-27.5754238859648,2025122300334,-1,g,20251223,g_6,0.5806617812862529,53.41233402868507,-27.57558436405683,746238586672645273,746238586672644156,3427.7718836433637,264.60360589779816,0.016961882,0.012824065,53.41233402868507,-27.57558436405683,9.2494383e-07,7.366257e-07,198988.17147383484,519.7850902274924,178292.099753709,381.9595098834359,False,199178.21799963395,445.609147669332,False,209689.55503149776,549.3897986702634,False,213377.26797874,725.6671798312741,False,214544.8347847596,962.555619533922,False,0.0232159054423722,14.267819475426432,192666.54087011848,423.52939431056376,0.0,0.0655547178887986,False,376630.875,842.613037109375,False,396507.0145874024,1038.8543620248447,False,405687.9796558023,1820.1195334617084,False,False,0.0438995130516429,26.979362439028225,False,False
2MASS J03333895-2734322,53.4123523187278,-27.5754238859648,2025122300335,-1,g,20251223,g_6,0.5788603994520104,53.41233858905736,-27.57558421930541,746238586784843176,746238586784842666,968.424180967902,3422.260610613106,0.015665544,0.013072947,53.41233858905736,-27.57558421930541,8.629625e-07,7.369801e-07,200316.77892132592,524.2063719110353,182024.90308141796,387.7688326978128,False,200902.6653053996,450.4950281533184,False,211038.7793948068,555.6733969585624,False,215512.02936732623,733.0569545026555,False,218008.8908489891,972.6143653603071,False,0.4182781916562692,14.325199203123896,195908.60012552945,429.6824734801572,0.0,0.0390970670074278,False,377389.65625,846.241455078125,False,396430.0438232422,1043.815879429378,False,409523.1900078356,1827.0270354510476,False,False,0.7857230899653399,26.90945884048657,False,False
2MASS J03333895-2734322,53.4123523187278,-27.5754238859648,2025122300336,-1,g,20251223,g_6,0.5937133709681477,53.4123498653297,-27.575588792006865,746238586941080928,746238586941079662,3518.104429007861,384.89366824823577,0.014698767,0.011998631,53.4123498653297,-27.575588792006865,8.1211186e-07,6.7363436e-07,198011.1120469841,514.2545108194203,182903.43894802136,384.0939303850232,False,198450.63538246357,443.8615225862204,False,207099.05135737764,545.6225066365995,False,211158.50157033987,722.5649701124665,False,212720.02136742324,958.0701427974716,False,0.4185677922272965,14.210154248168845,193095.55920076405,422.0767927769007,0.0,0.0799174144777777,False,377812.28125,845.0279541015625,False,394277.221069336,1038.7615214052023,False,404978.4793356061,1823.9834080158969,False,False,0.7968735002253626,27.05343211962057,False,False
2MASS J03333895-2734322,53.4123523187278,-27.5754238859648,2025122400056,-1,g,20251224,g_6,0.5666120340545902,53.4123412435371,-27.575580971736905,746242947400339245,746242947400337123,3851.388732970398,2267.133855407047,0.0063057947,0.006578593,53.4123412435371,-27.575580971736905,3.5488392e-07,3.61207e-07,200125.85243407192,412.1745367373415,196197.1739323316,338.37667578230094,False,199908.4731014248,371.9232949072672,False,202125.73500655167,437.99988125506593,False,203584.82462231987,558.312204816654,False,204962.4334230495,724.7213428891964,False,2.361072742056023,10.314065652464624,177615.4665837296,347.6492903823492,1.0,0.3512671710798432,False,453902.03125,844.4701538085938,False,458936.4335789085,994.500296583558,False,465377.29700663686,1645.5154927862309,False,False,5.360931915099489,23.418593906844173,False,False
2MASS J03333895-2734322,53.4123523187278,-27.5754238859648,2025122400057,-1,g,20251224,g_6,0.5781168364371893,53.41234346914554,-27.575584282274637,746242947513058381,0,3914.6082501826495,1497.173229664193,0.006793278,0.006976575,53.41234346914554,-27.575584282274637,3.8097426e-07,3.8460547e-07,199883.2268594445,408.77074067782297,196026.7589505436,335.6275416106223,False,199881.3959294345,368.9587741730664,False,202526.07289914088,434.5470796221217,False,203673.0691795137,553.5075353637229,False,204480.48351085183,719.0685350204126,False,1.227820849354256,10.355353219350222,176343.55396772566,337.8298889809431,1.0,0.3115007997601569,False,454996.625,839.873046875,False,461016.7905578613,989.1738733977684,False,465465.6800008118,1636.8394620051904,False,False,2.7949291626822808,23.572232641153967,False,False
2MASS J03333895-2734322,53.4123523187278,-27.5754238859648,2025122400058,-1,g,20251224,g_6,0.5733536878167274,53.41234140162552,-27.57558285662089,746242947669820827,0,1744.182547644656,1937.4481128495067,0.006644403,0.0062337467,53.41234140162552,-27.57558285662089,3.6090873e-07,3.5527327e-07,201040.84407750276,410.43217268788345,196909.2679234832,337.7672502387664,False,200833.66901634997,370.9909603587428,False,203300.35655107765,436.28880011903647,False,204557.10021636452,554.9679681285952,False,205325.0225127251,720.3224602275877,False,2.2140568971449865,10.70420745341921,177319.9908003952,346.27202371288166,1.0,0.3562853438688299,False,458356.0625,846.700439453125,False,463985.7021484375,995.7275466551926,False,468606.530531466,1643.9682062142238,False,False,5.053069072017631,24.429859816647348,False,False
2MASS J03333895-2734322,53.4123523187278,-27.5754238859648,2025122400059,-1,g,20251224,g_6,0.5640204416516262,53.41233752851353,-27.575580008832237,746242947787260569,0,340.6818337844457,882.7662289015958,0.0069478694,0.0065238024,53.41233752851353,-27.575580008832237,3.7648928e-07,3.729461e-07,199608.92343789188,409.10792079810255,196158.0163663423,337.023512599956,False,199936.07715845256,370.1206586145548,False,202517.1765749195,435.4084135524855,False,204166.96394456716,554.3267339079908,False,204946.6288947516,718.6776661535874,False,2.2699434834656484,10.666792076805816,173957.4191283106,340.24188563447404,1.0,0.3541843956254494,False,457337.15625,846.6202392578125,False,463241.2066040039,995.9605514496772,False,468798.3768305481,1643.9154192196434,False,False,5.192307022977469,24.399400168536143,False,False
2MASS J03333895-2734322,53.4123523187278,-27.5754238859648,2025123000109,-1,y,20251230,y_10,0.5847535355567518,53.41234128377928,-27.575586022724124,746269342792942738,746269342792942342,3760.498584197655,3497.899855601172,0.019677255,0.021887379,53.41234128377928,-27.575586022724124,1.0999298e-06,1.2094243e-06,503926.4374339148,3533.529118528932,481094.7113731328,2240.530827855486,False,502298.5756829623,2842.975346384845,False,517589.77476027387,3898.064561214967,False,530089.5127703607,5602.098493507094,False,518407.4995067089,7767.458367786816,False,-1.7853029734433996,122.20162841151748,479848.8843780615,1891.848461692544,1.0,0.0826510936605056,False,207739.671875,1175.792236328125,False,214063.7763671875,1612.1539898721048,False,214401.96938371655,3212.450384580075,False,False,-0.7383621452565741,50.53991274867237,False,False
2MASS J03333895-2734322,53.4123523187278,-27.5754238859648,2025123000110,-1,y,20251230,y_10,0.5857822706256648,53.41234342586787,-27.57558641221739,746269342927160473,746269342927160085,3761.053640247333,3498.144522113107,0.021231234,0.019495996,53.41234342586787,-27.57558641221739,1.1744555e-06,1.0880632e-06,500234.28246326087,3520.231382746824,478161.7564160058,2236.5825471251205,False,501019.8020924925,2838.906611544512,False,520643.22059633344,3892.662576285511,False,529846.8407870843,5598.24110730672,False,531013.997781846,7756.260373500899,False,0.1591353255783202,123.16370454361343,471831.8566890837,1869.4294988410832,1.0,0.0487773982972404,False,207799.6875,1177.4462890625,False,215938.56787109372,1614.4952026182498,False,220239.8834064901,3216.9356880720206,False,False,0.0660019240502614,51.08257040662926,False,False
2MASS J03333895-2734322,53.4123523187278,-27.5754238859648,2025123000111,-1,y,20251230,y_10,0.5901659944602854,53.41234078872193,-27.575587502073176,746269343061377831,0,3757.76325637974,3502.649397716464,0.017963821,0.017922577,53.41234078872193,-27.575587502073176,9.977092e-07,9.95485e-07,503934.4523383161,3539.3688044612136,479787.72334532056,2244.381863221849,False,502063.27495098027,2849.8308352321005,False,516463.2859308154,3914.333033740038,False,529018.8751859133,5622.322988774245,False,513506.7737640618,7792.01913983537,False,-3.5931735327389838,121.68502758928368,478258.9453209927,1847.554048399841,1.0,0.0464234601140789,False,208179.59375,1181.677001953125,False,214150.53125,1623.070838722009,False,212924.61903434992,3230.9460977434205,False,False,-1.4899026549828576,50.45646808456162,False,False
2MASS J03333895-2734322,53.4123523187278,-27.5754238859648,2025123000112,-1,y,20251230,y_10,0.5892313706909498,53.41233941606609,-27.575587161274257,746269343195595543,0,3759.7500218031714,3509.622710457512,0.018850038,0.019040633,53.41233941606609,-27.575587161274257,1.0476414e-06,1.0569643e-06,507657.30315252295,3565.8031341702635,479874.4667907633,2256.4591084666945,False,501966.93021819775,2866.472327874522,False,513499.01727598096,3935.6367749650494,False,522324.3432188876,5657.822565133871,False,523540.2375444776,7844.7365582733455,False,-0.9257346865784092,124.3310243556478,480859.1686148903,1893.22856967392,1.0,0.0533696179540013,False,207272.9375,1183.6280517578125,False,212034.7841796875,1625.1090384090385,False,216181.01990926263,3239.2603824322787,False,False,-0.3822557548748108,51.338953005085656,False,False
2MASS J03333895-2734322,53.4123523187278,-27.5754238859648,2025123000113,-1,y,20251230,y_10,0.58112457659008,53.41234318354768,-27.575585106235703,746269343329813289,0,3763.089941312517,3508.223744093342,0.019174578,0.01889717,53.41234318354768,-27.575585106235703,1.0642715e-06,1.0503196e-06,501571.9000081135,3550.3219510552367,482411.4340937048,2251.4099280437604,False,501277.00032285793,2856.191414291151,False,519033.9820706345,3918.0680989719863,False,528152.470879318,5637.838487378398,False,538523.4374273039,7813.023485812854,False,2.4206259667360026,123.9275259269304,472047.3390158305,1834.7544128716636,1.0,0.0931947230301472,False,207506.65625,1182.3377685546875,False,214857.2666015625,1621.9080661068135,False,222925.0449169278,3234.248484768984,False,False,1.0020328083390968,51.30055140345503,False,False
2MASS J03333895-2734322,53.4123523187278,-27.5754238859648,2025123000168,-1,y,20251230,y_10,0.5862767468759411,53.41234192201996,-27.575586479658693,746269350717031152,746269350717030407,2154.02403448053,38.647901396598215,0.026695259,0.029706266,53.41234192201996,-27.575586479658693,1.5151805e-06,1.6219594e-06,493467.5352871798,4635.099653867678,456929.0167634466,2796.720957748108,False,497398.1761816864,3624.9323709032615,False,531075.3267443338,5056.739327776629,False,556736.0693323587,7321.450312215567,False,578375.2804435039,10179.061315202023,False,13.107883728844945,163.582376156388,460058.975149383,2336.6982360064208,1.0,0.2148409773383152,False,195316.109375,1423.42236328125,False,208540.30346679688,1985.657967640229,False,227113.8394637704,3997.0686431480144,False,False,5.14714563634165,64.23480182105229,False,False
2MASS J03333895-2734322,53.4123523187278,-27.5754238859648,2025123000169,-1,y,20251230,y_10,0.5878502638642477,53.41234098007545,-27.5755868681043,746269350847054243,0,2293.262406002141,2787.6576987544745,0.028091624,0.028502531,53.41234098007545,-27.5755868681043,1.5640114e-06,1.580428e-06,503227.2204621488,4649.583919487682,461519.9365062393,2812.146511928893,False,501623.5222182989,3644.845513530589,False,529595.1334211156,5078.985082624016,False,549274.5604803502,7363.539472106455,False,544845.9435495159,10242.949028542018,False,1.874170492229798,161.59624685849306,476590.4910434902,2407.448576686455,1.0,0.1825917549559179,False,195385.84375,1419.692626953125,False,206280.98046875,1978.2999436982068,False,212221.27687197924,3989.699744500773,False,False,0.7300024156289728,62.94285981577155,False,False
2MASS J03333895-2734322,53.4123523187278,-27.5754238859648,2025123100238,-1,i,20251231,i_39,0.5755662085088491,53.41234099888112,-27.575583450295166,746273758159308037,0,1721.990835298027,3295.065826434542,0.0067968243,0.0060458374,53.41234099888112,-27.575583450295166,3.3723217e-07,3.7663702e-07,436732.8299168506,1260.826902263117,430758.0838776934,858.9651366278852,False,437470.4235062734,1054.5786672984095,False,441079.0179040312,1403.352682542234,False,445185.0033762078,1990.6082258964636,False,442359.08731750416,2744.842403098221,False,1.9250519763228344,43.14085003173181,394628.81510728446,674.6361095411442,1.0,0.2550802789139642,False,742809.125,1790.6368408203125,False,748936.3891601562,2382.8426384364498,False,751109.9012191892,4660.644181078103,False,False,3.268669371179512,73.25161963404685,False,False
2MASS J03333895-2734322,53.4123523187278,-27.5754238859648,2025123100248,-1,i,20251231,i_39,0.5859819934414023,53.41234534519922,-27.57558654132913,746273759500961133,0,494.132418620876,3902.3097878593903,0.0077310037,0.006938313,53.41234534519922,-27.57558654132913,4.041609e-07,4.12413e-07,440951.6400231671,1304.5191611716425,430724.1177821062,876.9911058304023,False,440594.21744664846,1081.8581415949852,False,444815.5553423964,1451.8638612929242,False,446671.7748107826,2057.5084595461294,False,448387.6623972496,2833.838176037329,False,0.8575575835224036,44.39936857015783,403371.6551649922,700.2621716033595,1.0,0.1316954909622905,False,739223.8125,1815.12890625,False,746306.3237304688,2435.920164807625,False,752299.5630676746,4754.580467802042,False,False,1.4388000596183053,74.4927400482714,False,False
2MASS J03333895-2734322,53.4123523187278,-27.5754238859648,2025123100249,-1,i,20251231,i_39,0.5883471516196654,53.41234340785312,-27.57558712474628,746273759635701893,0,3358.048636574306,471.14726931461325,0.0077852355,0.007444959,53.41234340785312,-27.57558712474628,4.2262897e-07,4.240771e-07,438894.0193528667,1313.3823014504997,427007.96835981245,881.7365411312193,False,438228.2003767634,1089.1782341521134,False,444388.78709545016,1460.5411586260254,False,447968.2379082407,2073.5003441532926,False,447278.59561589255,2855.834399337248,False,0.7530991505604527,45.02917832558128,414181.94276414113,730.7871905052216,1.0,0.1326442353781048,False,733592.3125,1823.2801513671875,False,743905.1108398438,2444.940250619954,False,748742.6391261816,4780.6557390092285,False,False,1.2606850652843613,75.37867035813332,False,False
2MASS J03333895-2734322,53.4123523187278,-27.5754238859648,2025123100251,-1,i,20251231,i_39,0.5862056554646359,53.4123423605401,-27.575586481447377,746273759904137849,0,3489.16054277426,1906.647065521253,0.0080088815,0.007088654,53.4123423605401,-27.575586481447377,4.23616e-07,4.1707366e-07,438916.13858696376,1315.088636080197,429484.2326700092,883.1576385589597,False,438533.780277252,1090.299517399857,False,442686.4036251402,1463.032944524144,False,447211.961196134,2077.043100787593,False,444187.4067015796,2860.501241786856,False,0.5246668488243764,44.98581120113338,407133.2957318791,712.9943313449319,1.0,0.1403267640801361,False,737648.875,1833.970947265625,False,744633.9194335938,2460.9383681546087,False,747158.726598978,4811.591758350186,False,False,0.8825315818097585,75.66973062485368,False,False
2MASS J03333895-2734322,53.4123523187278,-27.5754238859648,2025123100252,-1,i,20251231,i_39,0.5851571964420703,53.4123432025393,-27.575586228648948,746273760043598657,0,659.0137173033194,2366.996618141235,0.0067771412,0.0070852,53.4123432025393,-27.575586228648948,3.8336478e-07,3.870547e-07,439687.86154915806,1303.4008188098849,430837.2606090105,881.8409995838571,False,440097.4848024115,1088.4520599990308,False,445575.66872132337,1451.690724251895,False,445977.2866925698,2065.7858230223064,False,448224.0785143346,2854.510215264569,False,1.2602395648432343,45.391788960241136,404113.28092471673,696.5158279174254,1.0,0.1973960088734927,False,738998.9375,1827.6971435546875,False,748197.7451171875,2437.636977821868,False,752644.8780608773,4793.210797627023,False,False,2.116157741353012,76.22057605692234,False,False
2MASS J03333895-2734322,53.4123523187278,-27.5754238859648,2025123100253,-1,i,20251231,i_39,0.584870984644637,53.41234037922457,-27.575586005057023,746273760174670327,0,2952.15366560399,1492.2070336662505,0.0070402203,0.0070153414,53.41234037922457,-27.575586005057023,3.9069192e-07,3.9019767e-07,439533.2973569837,1310.5323700889724,429388.38064846175,879.8226577756998,False,438657.3948529172,1086.3386522260432,False,443289.7313093015,1458.5172009704097,False,444832.3536943772,2069.6207302597704,False,451408.13701133896,2852.791680457065,False,2.557777007571824,43.87489171758059,405254.67823716736,699.4058556890066,1.0,0.1670503233862125,False,737890.625,1827.3922119140625,False,745682.9423828125,2453.454977906316,False,759339.3756899238,4798.843609585315,False,False,4.302582600620785,73.80445799197852,False,False
2MASS J03333895-2734322,53.4123523187278,-27.5754238859648,2026010100044,-1,i,20260101,i_39,0.5789175286450086,53.412341881286736,-27.575584430032045,746278130140840925,0,3682.263280283991,2119.308404923712,0.0055724336,0.006275666,53.412341881286736,-27.575584430032045,3.2717472e-07,3.3248725e-07,438578.7598177764,1109.2730575672178,432135.9000132798,775.2757861077635,False,438472.9258661033,934.6387771707942,False,442181.8300847207,1228.8058226716469,False,445067.6504189721,1720.75905789505,False,445895.03690988536,2355.119490328111,False,1.965563217932453,37.253049411963424,403306.346293475,646.7937434239607,1.0,0.2073480153241211,False,762783.75,1625.9322509765625,False,769235.8972167969,2137.676144058075,False,775695.529407382,4097.053137276593,False,False,3.4193666103216267,64.80678521544604,False,False
2MASS J03333895-2734322,53.4123523187278,-27.5754238859648,2026010100045,-1,i,20260101,i_39,0.5671679387970681,53.41234402382042,-27.57558126094952,746278130276106553,0,328.62523629941296,699.2545427810209,0.0065800943,0.006689967,53.41234402382042,-27.57558126094952,3.6870344e-07,3.6864196e-07,437563.0172474354,1103.3197343404888,429920.492095204,769.4356313430351,False,438329.4827959381,928.2570231477746,False,443999.17243379774,1220.8525943342152,False,448806.2253214902,1708.6276722514892,False,451518.7491261349,2338.626266123794,False,2.416382635605632,35.41849381416875,395930.1766177319,641.1651888072038,1.0,0.2062205560225114,False,764005.25,1617.945556640625,False,773887.4797363281,2127.937608937183,False,786994.0497851372,4076.209370425294,False,False,4.211738183422617,61.73418919601866,False,False
2MASS J03333895-2734322,53.4123523187278,-27.5754238859648,2026010100046,-1,i,20260101,i_39,0.5785502355859694,53.412342324755166,-27.57558435002105,746278130408752372,0,2684.5784111576963,2837.698522141803,0.0066900407,0.006452665,53.412342324755166,-27.57558435002105,3.686271e-07,3.6179804e-07,439490.4536438427,1104.4155037273815,429519.1991907485,769.608678967442,False,437710.14145514095,929.0866648974549,False,440281.1448157365,1222.9887879905248,False,441988.9580755168,1712.65847737038,False,444509.3068649544,2344.991337582095,False,1.9523731562360431,36.70312840037715,398008.44978206186,643.8572667831739,1.0,0.1896668244448872,False,763282.8125,1620.1495361328125,False,767766.1508789062,2132.6586554518817,False,775139.2572225332,4089.21661601765,False,False,3.4045655620114856,64.00323963217933,False,False
2MASS J03333895-2734322,53.4123523187278,-27.5754238859648,2026010100047,-1,i,20260101,i_39,0.580028627061008,53.41234080798119,-27.57558468163744,746278130564990246,0,1196.844725047619,2898.3491158133183,0.0063556125,0.006603117,53.41234080798119,-27.57558468163744,3.5733999e-07,3.626719e-07,439111.9465493607,1112.9297942680478,430830.4992501749,774.8075165839495,False,438526.4722407543,934.875260582549,False,443555.14897400135,1229.1927428784627,False,447347.77653112094,1721.2669525466677,False,447791.5033544937,2355.382442066439,False,1.7356526909211336,36.32836828121422,389503.7701140792,631.0053258491756,1.0,0.2252644515892341,False,763296.4375,1627.238037109375,False,772049.3208007812,2139.5252077846835,False,779423.0927650928,4099.7639613243855,False,False,3.021066228790984,63.232930836647895,False,False
2MASS J03333895-2734322,53.4123523187278,-27.5754238859648,2026010100311,-1,i,20260101,i_39,0.5790822081463891,53.41234175569462,-27.575584469399946,746278166015247326,0,1867.7055426234765,2832.495326007854,0.007166414,0.0064678527,53.41234175569462,-27.575584469399946,3.9376525e-07,3.631749e-07,434296.2534078159,1383.5684567755502,426347.43298273714,920.4795580877256,False,433316.33855400106,1142.241740822138,False,438509.553515539,1545.018594016966,False,442222.7975715855,2197.61915712114,False,440882.9943598031,3031.126955195344,False,3.332730731702015,47.50940851631587,386203.14315338107,696.7441380454632,1.0,0.2672591543433484,False,730302.4375,1925.1107177734373,False,739054.9750976562,2603.9425352819867,False,743055.1234410405,5108.598976761739,False,False,5.616915773393624,80.07137916708119,False,False
2MASS J03333895-2734322,53.4123523187278,-27.5754238859648,2026010100363,-1,i,20260101,i_39,0.5753887821260687,53.4123433970866,-27.575583520420366,746278172994569065,0,1711.204758684296,2925.211230175407,0.008547033,0.007214518,53.4123433970866,-27.575583520420366,4.6699228e-07,4.0896492e-07,435259.20588533394,1535.4750229688054,422707.7340682356,999.879233070006,False,434697.8055355797,1256.1837913870022,False,442318.3947851378,1711.1731086397842,False,442266.45640799927,2451.1670456613424,False,446091.8985390098,3387.610111085707,False,2.0076113401323497,52.9653890033727,389783.9049870732,752.4848806251018,1.0,0.2534957438794338,False,715640.5625,2068.04833984375,False,728186.2958984375,2817.094704430518,False,734398.5939929485,5577.003551791878,False,False,3.305119304578818,87.1966232557908,False,False
2MASS J03333895-2734322,53.4123523187278,-27.5754238859648,2026010200117,-1,g,20260102,g_6,0.5704171194192746,53.41234098183583,-27.57558201618248,746282538014605661,0,2807.790314811803,2955.6253139724035,0.012936949,0.013270672,53.41234098183583,-27.57558201618248,7.2239584e-07,7.339112e-07,201410.85795403732,1223.1723672545863,192554.8646367163,760.4104667690895,False,199184.686412417,984.22251748516,False,199889.6020980712,1372.569718579249,False,201941.38931793347,1992.0519130930436,False,202035.5783910984,2775.0412833068226,False,1.070890092909725,44.4771759454975,186686.74101894765,555.0586397984634,1.0,0.1137740778646777,False,449273.25,2219.97412109375,False,450863.23046875,3095.914999413542,False,455703.611328125,6259.275442761676,False,False,2.415458141386321,100.3209922799055,False,False
2MASS J03333895-2734322,53.4123523187278,-27.5754238859648,2026010200118,-1,i,20260102,i_39,0.5715413807881508,53.412343073450224,-27.57558243581088,746282538148823300,0,3113.7551517928355,650.320340062002,0.0066351923,0.006793682,53.412343073450224,-27.57558243581088,3.7038035e-07,3.7559784e-07,437389.5417527738,1149.1657453367393,428804.22610026784,793.1802556718546,False,436300.4732008459,963.4696450758,False,440329.2027639551,1276.0951045257116,False,442853.5603315045,1793.614421466423,False,444126.2280017557,2460.6570318725903,False,1.4071853175729414,38.4383709472148,395429.0586997277,647.8023878181159,1.0,0.1431507376240737,False,759521.0625,1677.228271484375,False,766534.3598632812,2221.4532625414945,False,773144.3014519215,4283.563640408041,False,False,2.4496578692579063,66.91432656126928,False,False
2MASS J03333895-2734322,53.4123523187278,-27.5754238859648,2026010200119,-1,i,20260102,i_39,0.5741342149041972,53.41234292904686,-27.575583150362103,746282538283041029,0,3113.784675170368,650.242841135896,0.0063001323,0.0063966634,53.41234292904686,-27.575583150362103,3.5108417e-07,3.5420913e-07,441193.5516534559,1155.5090936458066,432457.5681707493,796.7709628088697,False,440517.21508262906,967.7529905501476,False,444952.0453109666,1281.871850725494,False,448371.4576568622,1800.1949082086385,False,450825.5305598793,2469.702567617836,False,1.9496101208696317,38.21020578240884,397682.451049677,647.5629260098841,1.0,0.1689769971524121,False,765343.375,1681.349365234375,False,773048.3359375,2227.091461948254,False,783252.7794178128,4290.798256300281,False,False,3.3872029032069504,66.38543705373223,False,False
2MASS J03333895-2734322,53.4123523187278,-27.5754238859648,2026010200120,-1,i,20260102,i_39,0.580781993001683,53.41234212600474,-27.575584961108977,746282538417258769,0,3111.043808582937,648.3461441852505,0.0063061775,0.006438466,53.41234212600474,-27.575584961108977,3.5180565e-07,3.5614858e-07,437886.3641173944,1162.5374823318978,430763.5407484689,799.4613974958926,False,439087.3231494725,972.1155368615632,False,446022.5689488115,1288.1165573459582,False,450959.9196706801,1810.7410034039308,False,451364.9717239291,2482.99901990383,False,4.797471130972536,39.50773020630088,392540.68292469607,648.9717586976531,1.0,0.2622334023350209,False,761571.875,1686.078857421875,False,773600.6625976562,2234.1645729147144,False,782866.7549759746,4306.619935296107,False,False,8.320939575906118,68.52390079128806,False,False
2MASS J03333895-2734322,53.4123523187278,-27.5754238859648,2026010200121,-1,i,20260102,i_39,0.5736630235687202,53.41234359705122,-27.575583049161654,746282538551476510,0,3107.3591610356348,646.512131193492,0.005770115,0.0065806336,53.41234359705122,-27.575583049161654,3.2983291e-07,3.5714197e-07,438519.6350436854,1158.4904999413004,431147.4002749544,799.0093758866705,False,438680.5411031797,971.0876206818884,False,444563.9975226631,1288.0372711173434,False,447466.54415240046,1811.9720788634304,False,449280.70289146085,2484.3012889753263,False,3.655907978596793,38.77343277338112,386227.3601307756,633.9395497525254,1.0,0.2782468088043063,False,762304.5625,1687.479736328125,False,772528.3706054688,2238.249925500704,False,780724.6904457808,4317.023505186871,False,False,6.352949518016101,67.37742374577648,False,False
2MASS J03333895-2734322,53.4123523187278,-27.5754238859648,2026010200122,-1,i,20260102,i_39,0.57740642044836,53.41234278300103,-27.57558405376214,746282538685696158,746282538685694240,3105.183132026868,646.3104915828163,0.005260145,0.0064471257,53.41234278300103,-27.57558405376214,3.0617315e-07,3.4624364e-07,437300.0117290138,1158.7809676607355,430016.1740043808,798.7090153085045,False,437231.8133511343,970.5045185281306,False,442606.2297398756,1285.751140632716,False,446186.4329149631,1808.0380396721837,False,446796.8567096615,2479.695336632709,False,4.524257058268304,39.58552442607945,381401.1002858925,625.0583587873747,1.0,0.2969441915610419,False,759626.75,1686.110595703125,False,768964.0176229477,2233.805799220875,False,776244.6231240034,4308.110370833732,False,False,7.860239306458958,68.77409728344585,False,False
2MASS J03333895-2734322,53.4123523187278,-27.5754238859648,2026010200123,-1,g,20260102,g_6,0.5681857611659272,53.41234259108679,-27.57558147963036,746282538814144665,0,2907.6099146175384,1132.1405345678684,0.010418211,0.013640993,53.41234259108679,-27.57558147963036,5.805528e-07,7.570303e-07,200263.78422530903,1241.176517107869,193498.97810909775,767.7873680439405,False,200812.03442418567,994.49290488128,False,206701.4807303729,1388.3865218473634,False,208999.0447921827,2015.9409793840896,False,215339.92004035943,2805.985873398053,False,2.774534291096803,44.45333400146306,186256.08129770076,532.7234238707857,1.0,0.2160221950101907,False,450928.59375,2233.159423828125,False,464153.4970703125,3117.657682584997,False,483551.3349609375,6300.913526432348,False,False,6.230288188568598,99.82110607194048,False,False
2MASS J03333895-2734322,53.4123523187278,-27.5754238859648,2026010200124,-1,g,20260102,g_6,0.5720490478978146,53.41234113898846,-27.5755824791734,746282538948362384,0,2907.7648979210703,1131.9264621707482,0.010564913,0.013134437,53.41234113898846,-27.5755824791734,5.883808e-07,7.2907136e-07,199691.0579405127,1242.1234407101326,192855.8700671069,768.672001218425,False,200725.3298555172,995.9539649686268,False,206428.36800089743,1388.548236927718,False,211727.74830629,2018.7131503584417,False,213491.57722814503,2809.732631469648,False,3.452869227845937,44.66487743863203,187052.07287282712,540.6808533010955,1.0,0.2580922572265052,False,450521.5625,2235.38671875,False,463321.8486328125,3116.551965601869,False,479174.9951171875,6306.35473982333,False,False,7.749854195068656,100.2488843187242,False,False
2MASS J03333895-2734322,53.4123523187278,-27.5754238859648,2026010200125,-1,g,20260102,g_6,0.5708731524087135,53.41233963699404,-27.57558206290944,746282539082580123,0,2903.6869805408987,1130.1490587298065,0.010738846,0.012771125,53.41233963699404,-27.57558206290944,5.9776994e-07,7.090055e-07,198451.1904998645,1239.5631860128071,193642.38065946507,767.8261025490054,False,199282.5466797553,994.1873793273128,False,204334.5526254456,1387.871629691624,False,207525.5592301385,2015.699420468046,False,207844.30845156455,2804.832764333519,False,1.4213246535930004,44.93355747163249,186478.33694078875,529.0512395550245,1.0,0.19850032111304,False,448395.71875,2236.971435546875,False,459762.9853515625,3122.780731663188,False,467660.1118812561,6311.014307529635,False,False,3.198051712220877,101.10275653424236,False,False
2MASS J03333895-2734322,53.4123523187278,-27.5754238859648,2026010200126,-1,g,20260102,g_6,0.5748102290567855,53.41233985891522,-27.5755831730424,746282539216797847,0,2899.7483680345435,1126.5867623576842,0.01043959,0.013939631,53.41233985891522,-27.5755831730424,5.8186845e-07,7.7351933e-07,199221.0619853265,1237.497551161147,193293.9103927113,767.1824069518944,False,199708.35637929663,993.4513328133936,False,203962.7854860098,1387.0663767312203,False,206108.10029629237,2014.346227273352,False,205248.1907031381,2805.948475301104,False,0.6301226381281394,44.67982242176651,188053.6248017835,541.9049985076587,1.0,0.1958819777723441,False,449893.40625,2237.99951171875,False,459477.580078125,3124.716602931026,False,462373.279296875,6321.106137980692,False,False,1.419510055374395,100.65256088631806,False,False
2MASS J03333895-2734322,53.4123523187278,-27.5754238859648,2026010200127,-1,g,20260102,g_6,0.5682475233341917,53.41234040029849,-27.575581378565925,746282539351015596,0,2898.127934689103,1124.5642900494468,0.009189467,0.010920953,53.41234040029849,-27.575581378565925,5.1150676e-07,6.0630487e-07,199635.5313833084,1223.7564781574529,195072.7432369756,761.4120655909348,False,198990.6069839351,985.065803113394,False,201616.7321652592,1374.0457095791785,False,204397.1052553888,1994.4133291129615,False,203020.14035324048,2779.2518396120067,False,2.508941447272908,43.309356536690295,176742.17326466678,479.2428024407141,1.0,0.3032333959870203,False,452731.4375,2241.162353515625,False,458706.2392578125,3126.1459961208625,False,461899.1889953613,6323.186303078338,False,False,5.708192387788915,98.53483809735184,False,False
2MASS J03333895-2734322,53.4123523187278,-27.5754238859648,2026010200128,-1,i,20260102,i_39,0.571905609895379,53.4123426566071,-27.575582517603344,746282539484710410,0,3396.3190880376837,3136.4616965462915,0.0050575137,0.0063910796,53.4123426566071,-27.575582517603344,2.875964e-07,3.495732e-07,437620.3397505341,1180.515102102543,429780.8882797617,809.6213383443398,False,438908.75815368566,986.0760879153346,False,446133.1100018721,1310.406658687428,False,450530.8048392638,1844.0096559640965,False,455335.10708491167,2529.9731699757144,False,7.897407356025029,40.55715588015056,382789.5789193811,647.3643481102102,1.0,0.379570636915814,False,758799.9375,1704.7608642578125,False,771289.6352539062,2265.474252312444,False,787198.3513179421,4373.901061646264,False,False,13.65329831505781,70.11654877084976,False,False
2MASS J03333895-2734322,53.4123523187278,-27.5754238859648,2026010200129,-1,i,20260102,i_39,0.5748674753896262,53.41234250409839,-27.57558333421748,746282539618928207,0,3396.070029081985,3136.370416276219,0.005128248,0.0057619778,53.41234250409839,-27.57558333421748,2.8787989e-07,3.1727657e-07,438416.4665729276,1176.934363584361,431365.0935279641,809.2067429168782,False,437765.6669255805,983.9424161602528,False,442801.06313953554,1305.3211712809436,False,443537.59938264807,1835.975340927465,False,446571.45608808845,2519.118117952777,False,4.477451414241844,38.88293434483156,379819.4545623488,634.9848689811628,1.0,0.400147305603028,False,758998.0,1705.9591064453125,False,767728.3686523438,2263.165508884728,False,774265.4749705791,4367.646340833212,False,False,7.763004103024941,67.41522150222775,False,False
2MASS J03333895-2734322,53.4123523187278,-27.5754238859648,2026010200130,-1,i,20260102,i_39,0.5703787207895018,53.41234320069325,-27.57558211821912,746282539753145927,0,3397.77412926217,3137.7583016066887,0.004714453,0.006019147,53.41234320069325,-27.57558211821912,2.6844234e-07,3.29031e-07,435622.48434355645,1172.0183730215356,429369.79688225326,806.5366263782411,False,436339.54311570735,980.8865026613768,False,441713.32636398537,1302.2111401973716,False,445613.20985701855,1830.6805140860704,False,447399.70384791074,2512.1373174587898,False,9.141967057724225,40.07476425960768,370458.20844925335,630.5774189519431,1.0,0.4834924479556018,False,758691.875,1705.531005859375,False,768035.6206054688,2264.239001919298,False,777922.8940907717,4368.016150979165,False,False,15.895731289184974,69.6805928227371,False,False
2MASS J03333895-2734322,53.4123523187278,-27.5754238859648,2026010200131,-1,i,20260102,i_39,0.5718090447110125,53.4123407098009,-27.575582388136,746282539887363640,0,3398.126087184088,3137.3139782573285,0.0051639625,0.0058107683,53.4123407098009,-27.575582388136,2.8994026e-07,3.1993966e-07,438113.7285617311,1178.393533160204,431030.9055281047,809.3409217201388,False,438248.3719622489,984.696083251834,False,443683.1651866898,1306.379325462557,False,447131.1656771928,1837.0956656434291,False,450979.3435263546,2521.834369782352,False,6.966241916534895,40.3588346768007,376160.93238720985,630.4825675545902,1.0,0.4019469609744623,False,760304.5,1708.3209228515625,False,769733.1665039062,2266.3999307262816,False,782391.0965256691,4375.05794035294,False,False,12.085532807606976,70.01738188355631,False,False
2MASS J03333895-2734322,53.4123523187278,-27.5754238859648,2026010200132,-1,i,20260102,i_39,0.578436371668148,53.4123431724713,-27.575584358070746,746282540021581368,0,3398.1617771282795,3141.245936597374,0.0049595083,0.006128069,53.4123431724713,-27.575584358070746,2.8128886e-07,3.355549e-07,439029.5908075821,1180.783115802421,430730.776447309,810.225403125983,False,438694.7929970629,986.5173210696208,False,444949.81997745833,1310.1391140324647,False,447476.2302682706,1843.053354611645,False,449440.4401080128,2529.573260448869,False,5.717657871349184,38.89439792862593,387476.590624857,641.9702893358643,1.0,0.3302097759651973,False,760525.75,1710.2364501953125,False,771369.5283203125,2271.2704782674427,False,779154.5130004883,4385.293903170858,False,False,9.912189773541158,67.42772339143019,False,False
2MASS J03333895-2734322,53.4123523187278,-27.5754238859648,2026010400131,-1,y,20260104,y_10,0.5887643644098559,53.412341704537496,-27.57558716077365,746291335985627250,0,1807.024176508848,450.399848190396,0.0101476675,0.0097234445,53.412341704537496,-27.57558716077365,5.49744e-07,5.545816e-07,505774.4382592248,3558.0274876920034,491993.1354546381,2247.952682103691,False,505897.1113975716,2873.139592976454,False,513513.789393256,3973.528672128387,False,521629.2670984215,5724.556285497064,False,521391.64006928087,7953.24566034407,False,10.168882429467216,127.63774876254764,453000.5368498318,1521.20282124788,1.0,0.3243243260371518,False,252323.625,1433.0206298828125,False,256122.55517578125,1981.8558675361587,False,260051.7490671873,3966.798248738068,False,False,5.071879674730026,63.661204480164336,False,False
2MASS J03333895-2734322,53.4123523187278,-27.5754238859648,2026010400132,-1,y,20260104,y_10,0.5712298256319559,53.41234387096768,-27.57558238413038,746291336120894110,0,711.5855738159131,2571.127399492688,0.0097885,0.010560638,53.41234387096768,-27.57558238413038,5.672782e-07,5.637112e-07,502896.04127667367,3581.99627662132,493660.954908966,2264.0530867069942,False,505665.2009008272,2894.023822149397,False,516654.7219843022,4000.955437347664,False,528142.240287885,5775.518772144754,False,539718.1476931041,8023.579787370204,False,15.07437404831337,128.76634897811488,445946.6013345375,1480.4810497366027,1.0,0.4037167973794371,False,251000.296875,1436.5252685546875,False,256455.236328125,1985.98005314363,False,267903.37768638134,3982.716044217462,False,False,7.482564263055781,63.91658307401595,False,False
2MASS J03333895-2734322,53.4123523187278,-27.5754238859648,2026010500062,-1,z,20260105,z_20,0.5698207895902276,53.412341065459096,-27.575581854898804,746295724770066978,0,2744.39874970253,818.3770282745128,0.004686329,0.0070105223,53.412341065459096,-27.575581854898804,2.6819447e-07,3.8413896e-07,473624.3503978948,1284.4001891336222,468314.73386546463,917.2898952862436,False,473743.6658576916,1093.045629762179,False,476684.832118145,1424.104169631225,False,480949.81560451264,1977.751564589586,False,478366.1897243015,2695.3351965853803,False,4.480616803946048,41.633843109667936,412038.0006606763,733.4744287219605,1.0,0.300081423427379,False,579588.4375,1337.256103515625,False,583186.7250976562,1742.2804144926297,False,585243.7350337505,3297.532458401128,False,False,5.481685307039912,50.93576086419099,False,False
2MASS J03333895-2734322,53.4123523187278,-27.5754238859648,2026010500063,-1,z,20260105,z_20,0.5779718093968689,53.41234218909258,-27.575584182411617,746295724897994650,0,2810.181121384216,3209.111089953283,0.0053223693,0.006591828,53.41234218909258,-27.575584182411617,3.0158088e-07,3.611765e-07,474507.0380038366,1283.450709859418,469755.0321347185,916.8513915388006,False,475530.0600085239,1092.0611435156843,False,480421.4865052046,1419.317652548909,False,484716.3053177162,1971.010329189153,False,484992.8854968321,2686.6806118946643,False,6.140472014469053,41.74900470804059,409254.596073985,739.0228977917421,1.0,0.3702966470695971,False,584291.875,1341.8341064453125,False,590302.0539550781,1743.9397467607737,False,595919.0096700191,3301.1701767537934,False,False,7.544902432992015,51.29771236713744,False,False
2MASS J03333895-2734322,53.4123523187278,-27.5754238859648,2026010500066,-1,r,20260105,r_57,0.5669557186561084,53.41234430089574,-27.575581213221856,746295725307462134,0,3795.821287680096,1058.8907196829273,0.0064403377,0.004657079,53.41234430089574,-27.575581213221856,2.836584e-07,3.386484e-07,353304.74788040284,809.7072716761752,349582.3721526199,583.7350248437566,False,353874.97541900334,691.5380687610622,False,357205.0557813944,893.7887150200039,False,359149.54456693487,1236.2980188636257,False,359495.2125135878,1681.9819903430198,False,1.9663261202264972,26.16546133191068,313291.77492699947,485.13371264829664,1.0,0.2429620656110586,False,749395.1875,1464.458740234375,False,756447.2436523438,1892.7615915330728,False,761297.0707182288,3561.9054654324746,False,False,4.16405633037072,55.41016506644517,False,False
2MASS J03333895-2734322,53.4123523187278,-27.5754238859648,2026010500067,-1,r,20260105,r_57,0.6300248451426802,53.41234667350451,-27.575598821313392,746295725441679859,0,3795.5143090348856,1058.0285957519957,0.011165142,0.005798431,53.41234667350451,-27.575598821313392,4.0715352e-07,5.685224e-07,354788.35745946056,813.6963300303273,350747.8396273291,585.844746850733,False,354898.2459800164,693.9372015377547,False,358243.2941369123,897.6221563895499,False,360171.46296216454,1239.3760484858055,False,361836.7563275803,1687.2387797909726,False,2.096443500324441,26.447201592350115,318005.9958601028,494.2356957815571,1.0,0.2220366859027982,False,749782.75,1466.06005859375,False,756849.7316894531,1896.3790790799883,False,764441.5301665068,3564.578147533456,False,False,4.429092537643577,55.8741998990697,False,False
2MASS J03333895-2734322,53.4123523187278,-27.5754238859648,2026010500068,-1,r,20260105,r_57,0.5699130052319065,53.41234505085536,-27.575582063997658,746295725575897592,0,3795.969688265757,1057.5527697393336,0.0064202184,0.0039550853,53.41234505085536,-27.575582063997658,2.5635546e-07,3.3159074e-07,353379.56260950066,814.1662856784494,349658.4259707591,585.7637086291622,False,353931.4662796616,694.186110741644,False,357288.3518777857,897.8613819210819,False,358964.98464311083,1240.5693510381152,False,358565.2289415907,1689.068914630211,False,2.395331019764258,26.221452138429424,323245.7778614035,501.3052358527352,1.0,0.2059058410103142,False,747567.5625,1466.2471923828125,False,754657.9147949219,1896.4463708215808,False,757354.9111491442,3567.620434197001,False,False,5.059374320820893,55.38447108527838,False,False
2MASS J03333895-2734322,53.4123523187278,-27.5754238859648,2026010500069,-1,r,20260105,r_57,0.5729247354009787,53.412347535483605,-27.57558297523638,746295725710115334,0,3796.056447937297,1056.8834053845771,0.0063854745,0.004701897,53.412347535483605,-27.57558297523638,2.845808e-07,3.3655525e-07,352435.8501166159,813.9725788118955,349607.604728899,586.4301467992174,False,353355.5252828824,694.7366057909129,False,357026.5656762645,897.3985948190822,False,361262.4666811077,1243.525882814752,False,361470.04745472106,1691.6477509928186,False,3.630964803624305,26.38559274280974,315775.1648043122,492.59567684722816,1.0,0.2640061680963816,False,745758.125,1466.244140625,False,753505.869140625,1893.9630076935816,False,762883.8536419868,3570.228748880937,False,False,7.663164462262421,55.68688972710576,False,False
2MASS J03333895-2734322,53.4123523187278,-27.5754238859648,2026010500070,-1,r,20260105,r_57,0.5643039983463303,53.41234440476613,-27.5755804800298,746295725844333048,0,3794.677037590961,1057.24841355435,0.006314882,0.0048105456,53.41234440476613,-27.5755804800298,2.878652e-07,3.3437857e-07,355120.6338633872,816.1166458027797,349778.9728350132,586.5159265398428,False,354651.5314631734,695.5611465746432,False,357117.66357863345,899.4735691611961,False,359185.67693015665,1245.299856769322,False,361642.1991854256,1694.5435364213868,False,2.241214921435274,26.64202265112504,319335.44484588265,497.9081492460463,1.0,0.225483328207082,False,747666.125,1466.3619384765625,False,752865.1535644531,1896.24422378817,False,762403.648973167,3572.387786661887,False,False,4.724864626097608,56.16594338546451,False,False
2MASS J03333895-2734322,53.4123523187278,-27.5754238859648,2026010500071,-1,r,20260105,r_57,0.5686539049060013,53.41234333864311,-27.575581644694388,746295725976978204,0,3718.2056929646064,1851.896476468165,0.0065604355,0.004856953,53.41234333864311,-27.575581644694388,2.976839e-07,3.42439e-07,353512.12729111064,819.2753068459859,349218.4920146544,588.7151547975013,False,353777.2748731676,698.2536473791442,False,357480.5149939904,903.4238131569704,False,357958.46267323423,1250.3976984036672,False,358953.7555675592,1701.4212895020974,False,2.4917894401052685,26.07264437774792,318099.4385774753,498.9497272047136,1.0,0.255560325599675,False,745798.25,1471.9892578125,False,753605.0544433594,1904.5087028338623,False,756710.7944657803,3586.7680327356406,False,False,5.252943972914123,54.96376938504012,False,False
