simbad_id,target_ra,target_dec,visit,detector,band,day_obs,physical_filter,sep_arcsec,src_ra,src_dec,sourceId,parentSourceId,x,y,xErr,yErr,ra,dec,raErr,decErr,calibFlux,calibFluxErr,ap09Flux,ap09FluxErr,ap09Flux_flag,ap12Flux,ap12FluxErr,ap12Flux_flag,ap17Flux,ap17FluxErr,ap17Flux_flag,ap25Flux,ap25FluxErr,ap25Flux_flag,ap35Flux,ap35FluxErr,ap35Flux_flag,sky,skyErr,psfFlux,psfFluxErr,extendedness,sizeExtendedness,apFlux_12_0_flag,apFlux_12_0_instFlux,apFlux_12_0_instFluxErr,apFlux_17_0_flag,apFlux_17_0_instFlux,apFlux_17_0_instFluxErr,apFlux_35_0_flag,apFlux_35_0_instFlux,apFlux_35_0_instFluxErr,extendedness_flag,sizeExtendedness_flag,localBackground_instFlux,localBackground_instFluxErr,localBackground_flag,sky_source
[GGH2002] EIS J033334.35-273305.6,53.39306113881,-27.55154689818,2025071100809,-1,g,20250711,g_6,0.1855827247728604,53.393111643294624,-27.55157244223821,745512972711362779,0,1535.0406754067444,3752.9450215883294,0.18383348,0.18787706,53.393111643294624,-27.55157244223821,1.0253245e-05,1.0414878e-05,10726.565542445762,1834.4779562362332,8873.825325456171,1055.2445824725294,False,10424.137425955054,1409.193138605008,False,11033.6454917727,2001.158929513654,False,11205.685945532028,2949.0422693289224,False,12777.024036599316,4134.636226994096,False,-0.9043554084843168,66.02025396197402,10193.63936416048,1003.2078248093826,1.0,0.4145870282495997,False,18274.400390625,2470.435546875,False,19342.919921875,3508.201976707584,False,22399.2109375,7248.369317689669,False,False,-1.5854120254516382,115.7391259815747,False,False
[GGH2002] EIS J033334.35-273305.6,53.39306113881,-27.55154689818,2025071100810,-1,g,20250711,g_6,0.1290483523978342,53.39307754054148,-27.55157966294349,745512972845580516,0,1533.0,3757.0,,,53.39307754054148,-27.55157966294349,,,8604.520327669185,1806.096921789803,8973.558472583718,1043.9235777738393,True,10019.388337721046,1394.0851481416485,True,13869.688855786046,1981.4833328120228,True,11685.7534016448,2920.8661088715253,True,12052.961826006742,4092.628293787342,True,1.4399534002423882,65.70687135484744,9459.761111556263,966.459470327837,,,True,17699.759765625,2462.722412109375,True,24501.51171875,3500.391220322737,True,21292.1708984375,7229.836310198567,True,True,2.543751015421988,116.07453456546578,True,False
[GGH2002] EIS J033334.35-273305.6,53.39306113881,-27.55154689818,2025071100811,-1,g,20250711,g_6,0.215554332844492,53.39312702662663,-27.551560041734096,745512972979798248,0,1526.6695547356785,3765.2043771283898,0.3255056,0.2605111,53.39312702662663,-27.551560041734096,1.773813e-05,1.4919872e-05,8306.056656388373,1793.3425007224428,9111.111546925338,1033.063737575058,False,8888.57749217985,1380.0321009459842,False,10459.822537597473,1970.0193648784707,False,11093.375514612446,2893.486453818769,False,15595.669943655572,4052.547993249777,False,0.5262456732280882,63.94672442053694,10885.071399390548,935.8120270822152,0.0,0.8917375707063816,False,15822.3984375,2456.570556640625,False,18619.34375,3506.7963741241538,False,27761.57421875,7213.86848375936,False,False,0.936760547472399,113.830424884625,False,False
[GGH2002] EIS J033334.35-273305.6,53.39306113881,-27.55154689818,2025071100812,-1,g,20250711,g_6,0.2838864370525548,53.39314891095207,-27.551559656948854,745512973114015974,0,1447.0,3766.0,,,53.39314891095207,-27.551559656948854,,,12933.389108029614,1793.555631561354,10952.933949094737,1035.172991283941,True,11845.749666557873,1382.060481566214,True,12854.803550544762,1963.723279278683,True,10227.2089468981,2894.8283260048543,True,7753.091094231624,4055.880894140328,True,0.0329233435858705,64.50963439437052,12416.904313220482,955.6724652086124,,,True,21044.26953125,2455.264892578125,True,22836.87890625,3488.6033503305443,True,13773.5595703125,7205.373498977387,True,True,0.0584891404760149,114.60297336774693,True,False
[GGH2002] EIS J033334.35-273305.6,53.39306113881,-27.55154689818,2025071100813,-1,g,20250711,g_6,0.2314010039561848,53.39300670400328,-27.55158935385674,745512973248233677,0,1350.8222327227854,3767.331132725989,,,53.39300670400328,-27.55158935385674,,,11226.698442018664,1892.8046865773083,9107.882062729794,1065.9648537897042,True,11418.805561297906,1424.105095686575,True,10952.528470640742,2030.887311182165,True,12768.01605469595,2985.8145027193227,True,15551.837054795104,4176.031118828111,True,,,47.98601911764022,38.66397929319291,,,True,19676.732421875,2453.998779296875,True,18873.25,3499.5977457182044,True,26798.716796875,7196.0807520103,True,True,,,True,False
[GGH2002] EIS J033334.35-273305.6,53.39306113881,-27.55154689818,2025071100814,-1,g,20250711,g_6,0.2230950428394566,53.39308587326487,-27.55160485924742,745512973382451417,0,1368.0,3768.0,,,53.39308587326487,-27.55160485924742,,,11498.993152623469,1838.7933419937656,8394.405362779788,1049.905378339649,True,8996.953953419426,1402.474765477946,True,6890.253457665566,1991.9978661582568,True,5698.582596615332,2936.677080646834,True,10732.4982638759,4115.4675948699305,True,0.3526883064367196,65.53249824077007,9562.532870395844,1070.0003280005917,,,True,15697.2783203125,2446.943359375,True,12021.6494140625,3475.5034960105063,True,18725.33895277977,7180.390228667067,True,True,0.6153467645961128,114.3366820855842,True,False
[GGH2002] EIS J033334.35-273305.6,53.39306113881,-27.55154689818,2025071100816,-1,i,20250711,i_39,0.2787237587497099,53.3931184966432,-27.551605278985967,745512973650887611,745512973650887334,1351.944660030931,3766.283605138096,0.110486016,0.21439807,53.3931184966432,-27.551605278985967,7.0225406e-06,1.1411495e-05,20383.588620982227,1824.072468273764,18465.16777450028,1055.165008568053,False,19325.321133578636,1406.9393507917002,False,21286.113934992947,2005.9840280484505,False,18536.725994471846,2943.8686787443376,False,22051.002344665827,4120.592981365689,False,0.0853680349168461,65.52802556724825,9628.870202482212,604.3507166351818,1.0,0.7653234163736682,False,29708.65625,2162.876220703125,False,32722.966796875,3083.782645595088,False,33898.82341915369,6334.553489869323,False,False,0.1312355736058568,100.73569142072483,False,False
[GGH2002] EIS J033334.35-273305.6,53.39306113881,-27.55154689818,2025071100817,-1,i,20250711,i_39,0.2941991018195299,53.3931191019659,-27.551610440023943,745512973785105370,745512973785105096,1352.7018010458924,3765.300521850006,0.21450162,0.2840649,53.3931191019659,-27.551610440023943,1.2412777e-05,1.5395579e-05,26419.3518458505,1806.5876176103495,23262.65955834948,1049.258073431699,False,27383.551569537416,1399.2522702979606,False,30313.318416409184,1995.9766938187852,False,29851.44843906893,2931.629878331695,False,32116.86302048568,4100.377215998359,False,0.1455786545150906,64.92980902148363,26374.038009104726,964.6451735949602,0.0,0.0142301604972034,False,42353.94140625,2164.21337890625,False,46885.390625,3087.1627342993884,False,49674.920036137104,6342.02382071986,False,False,0.2251654533443347,100.4264665900449,False,False
[GGH2002] EIS J033334.35-273305.6,53.39306113881,-27.55154689818,2025071100818,-1,i,20250711,i_39,0.1785144903513624,53.39309990287112,-27.551582643744226,745512973919322878,0,1405.0287530492153,3739.23525746769,0.20107135,0.1940848,53.39309990287112,-27.551582643744226,1.1128832e-05,1.0823665e-05,23675.874755118704,1779.4246628726164,23941.996105017493,1039.5987915480218,False,25719.433435942898,1385.6211983574958,False,28377.70499070488,1972.5104113512496,False,32580.535706687253,2899.0635225389847,False,36892.02804322608,4056.45835019726,False,1.946470063046124,63.86470491429434,25454.967824925927,875.7551265259063,0.0,0.0428287322689738,False,40071.59375,2158.83642578125,False,44213.2548828125,3073.226168382544,False,57478.80737900734,6320.075108876154,False,False,3.0326545803267493,99.50298931207426,False,False
[GGH2002] EIS J033334.35-273305.6,53.39306113881,-27.55154689818,2025071100819,-1,i,20250711,i_39,0.2681422347423281,53.39309366985032,-27.551615571370384,745512974053540557,0,1386.0655283354074,3628.161503717485,0.32169563,0.46528593,53.39309366985032,-27.551615571370384,1.8877163e-05,2.511715e-05,24644.429377595232,1819.1833560288133,23769.59570998136,1058.626807755406,False,27068.05907139984,1411.544200988831,False,31323.919460420304,2009.618526259285,False,36070.28086353336,2953.962274062417,False,45100.311302510585,4135.479097288002,False,2.104476954052888,65.19618290871612,25983.754655756555,899.8289194016864,0.0,0.1023642755864755,False,41377.7109375,2157.763427734375,False,47883.451171875,3072.012450351917,False,68942.79487657547,6321.718828242789,False,False,3.217018215075424,99.6624399078394,False,False
[GGH2002] EIS J033334.35-273305.6,53.39306113881,-27.55154689818,2025071100820,-1,i,20250711,i_39,0.2436946824461583,53.39310871759636,-27.551599840822043,745512974187758289,0,1399.260067507051,3622.281794975817,0.27216223,0.4420466,53.39310871759636,-27.551599840822043,1.6361664e-05,2.3728706e-05,23489.66769661873,1808.9052487089748,23104.85949235504,1053.7193048292245,False,25490.925271796517,1404.7811467198906,False,30077.49641979561,2004.1346833264115,False,30795.13025468163,2943.4339933709894,False,33199.280525526134,4117.066214418957,False,2.5866519573462097,65.64603330062955,24678.233299539883,932.655277075986,0.0,0.0981032979892906,False,39244.44140625,2162.724609375,False,46305.6767578125,3085.4566992535724,False,51111.80568856001,6338.411104919034,False,False,3.982268595434197,101.06506060294642,False,False
[GGH2002] EIS J033334.35-273305.6,53.39306113881,-27.55154689818,2025071200713,-1,r,20250712,r_57,0.1825113943209813,53.39309875524947,-27.55158508180035,745517357872972297,0,826.8843405043523,3028.5318101110493,0.19057481,0.16488017,53.39309875524947,-27.55158508180035,1.047752e-05,9.288559e-06,18432.61933335649,1330.0310352720503,17397.747947854303,781.8650118622255,False,16955.495979816296,1041.8672177825224,False,16522.80715357954,1485.334233722658,False,14805.568251527777,2177.9039136855063,False,16584.58340245288,3051.169087469894,False,0.7683287508387654,47.604015527092905,19432.571159576,629.1692479489893,0.0,0.2417492869678564,False,31614.544921875,1942.624267578125,False,30807.7705078125,2769.4952664270286,False,30922.956049859524,5689.088794269433,False,False,1.4325952975410057,88.76055817738569,False,False
[GGH2002] EIS J033334.35-273305.6,53.39306113881,-27.55154689818,2025071200714,-1,r,20250712,r_57,0.2078078463234892,53.393096687154326,-27.55159525918255,745517358007190315,745517358007189963,737.9944318966415,3095.292908804146,0.52090085,0.33392227,53.393096687154326,-27.55159525918255,2.8212306e-05,1.9645795e-05,18410.932805530974,1340.22739394093,18321.04892378416,782.4630596048316,False,19112.378531529477,1042.881921855395,False,20538.614121300896,1484.9089266668,False,20184.90242558542,2180.3691247370434,False,22179.74629870083,3049.0267857563144,False,0.1392420085222807,48.6216417685734,19493.16624996846,696.9778707728095,0.0,0.0087314731544595,False,35540.95703125,1939.3201904296875,False,38193.15323638916,2761.303846662614,False,41244.966390013695,5669.9028747744,False,False,0.2589313639676692,90.41573125160414,False,False
[GGH2002] EIS J033334.35-273305.6,53.39306113881,-27.55154689818,2025071200735,-1,z,20250712,z_20,0.1803861346232575,53.3931074497814,-27.551575619078275,745517360825762565,0,747.6628125731952,2813.5726202339697,0.14792667,0.14307165,53.3931074497814,-27.551575619078275,8.197424e-06,7.966456e-06,27937.2477198152,2013.1547157888087,27049.51521700997,1191.329151173246,False,28298.45420932932,1587.2520371730002,False,29720.38133928158,2266.169166517147,False,33692.84303599683,3326.669584968055,False,35755.8364958117,4655.466167446703,False,1.2385235052678345,73.1665338547776,27838.886350840712,818.0990091282811,0.0,0.0147449539790934,False,33190.64453125,1861.653564453125,False,34858.39208984375,2657.940772918718,False,41937.24682879448,5460.295518192774,False,False,1.4526374162653135,85.81544415090322,False,False
[GGH2002] EIS J033334.35-273305.6,53.39306113881,-27.55154689818,2025071200736,-1,z,20250712,z_20,0.231087342651544,53.393109658402274,-27.551594542633765,745517360959980282,0,744.4713392997692,2810.29339365873,0.1494645,0.13994683,53.393109658402274,-27.551594542633765,8.263188e-06,7.813889e-06,27331.88837702673,2024.6021921865329,26682.628404962597,1194.2344771395394,False,27302.90873880265,1591.1724017008155,False,27900.949966479595,2270.408211227028,False,26527.24769158562,3333.344354170263,False,33500.52711012253,4664.122214400405,False,1.8823877819848935,73.42402215801538,28897.917770227188,847.0329379698967,0.0,0.0064635978296028,False,31978.298828125,1863.6470947265625,False,32678.74951171875,2659.196239309945,False,39237.20644843578,5462.813335013665,False,False,2.2047306233410566,85.99725927351344,False,False
[GGH2002] EIS J033334.35-273305.6,53.39306113881,-27.55154689818,2025071200737,-1,z,20250712,z_20,0.2221925793669857,53.39311023972809,-27.55159065076894,745517361094198045,0,742.1622588053024,2805.5591698232724,0.14829743,0.13563116,53.39311023972809,-27.55159065076894,8.184755e-06,7.588769e-06,29073.425610046004,2023.2837727004671,25600.095483298363,1193.9553890451298,False,27319.072514980613,1591.4094718356582,False,26160.95421457138,2267.7122015551263,False,22941.488015007257,3327.822069440216,False,22792.627167852952,4661.453520260748,False,-0.4533204667291086,74.16783019910747,26501.030437323014,800.7572203728357,0.0,0.0570494461106337,False,31884.44140625,1857.3544921875,False,30532.78662109375,2646.6761189302374,False,26601.56874027848,5440.44244376197,False,False,-0.5290761555595375,86.56222991887394,False,False
[GGH2002] EIS J033334.35-273305.6,53.39306113881,-27.55154689818,2025071200738,-1,z,20250712,z_20,0.2486317995809918,53.39309874283845,-27.55160738260031,745517361228415720,0,740.2420498338504,2800.456609943121,0.15679231,0.13750464,53.39309874283845,-27.55160738260031,8.631139e-06,7.724162e-06,25754.389040597336,2036.721501719164,24857.533449548584,1196.5690320557171,False,27100.320253109592,1595.200320008222,False,30566.044318258195,2276.5486020368307,False,32104.558684419186,3339.8558192757464,False,35062.948036494374,4676.353501912516,False,1.9832695576372168,75.40886887675389,27697.44612786666,884.9428933572048,0.0,0.034168654513582,False,31304.400390625,1842.6641845703125,False,35307.76318359375,2629.7102130629337,False,40502.27281296253,5401.797507362422,False,False,2.2909347098099078,87.10706745434776,False,False
[GGH2002] EIS J033334.35-273305.6,53.39306113881,-27.55154689818,2025071200739,-1,z,20250712,z_20,0.2318404152877284,53.39310840435456,-27.55159579923569,745517361362633541,0,736.7385424973725,2797.382528379076,0.10309832,0.1039188,53.39310840435456,-27.55159579923569,5.7306684e-06,5.7661855e-06,27831.136537087077,1969.0731072345857,27513.214384977746,1169.003997786293,False,27401.185478275584,1557.15531478849,False,27371.71056798721,2218.849598473329,False,25351.28994124891,3257.865389783587,False,27801.10776420776,4561.00285634377,False,0.6429242393841742,73.05990592257487,27938.60079397384,730.8454213636368,0.0,0.0105157500360574,False,32334.6484375,1837.5142822265625,False,32299.86669921875,2618.34371214359,False,32806.57497251034,5382.191365378482,False,False,0.7586799216740546,86.21402073119178,False,False
[GGH2002] EIS J033334.35-273305.6,53.39306113881,-27.55154689818,2025071700593,-1,g,20250717,g_6,0.2923194954805425,53.39312612625368,-27.55160411388878,745539332021420877,745539332021420418,850.8738937636588,2494.986807243717,0.25179395,0.43118766,53.39312612625368,-27.55160411388878,2.150528e-05,1.7566374e-05,10899.472447162809,675.8187790642422,10643.999569090956,399.9615816449605,False,11310.359802483365,530.9288329780421,False,12420.827142928718,752.0834109294402,False,12780.485326262664,1104.336961473485,False,14659.11730128232,1544.539134771563,False,1.0578368610777151,24.96844345930729,11211.105387473384,335.302448565885,0.0,0.0017066336932212,False,21599.140625,1013.9028930664062,False,23719.775217056274,1436.2368340243204,False,27994.18776750565,2949.571769186509,False,False,2.020127345171588,47.68167687702816,False,False
[GGH2002] EIS J033334.35-273305.6,53.39306113881,-27.55154689818,2025071700594,-1,g,20250717,g_6,0.2489247261911176,53.39311882558048,-27.55159343145548,745539332155638602,745539332155638143,850.211087274167,2493.0795161845967,0.13486119,0.17329323,53.39311882558048,-27.55159343145548,9.059785e-06,8.191592e-06,10848.85875009596,676.7366873382296,10340.497314207709,399.1373666196524,False,11533.805935208167,530.1664488364636,False,12444.070946869137,752.6023992415012,False,12558.110935491322,1103.7917998852513,False,12848.080434416725,1542.6271043845102,False,1.2008984048593636,24.671424557785592,11422.145617139384,333.51054773538914,0.0,0.0149395545669969,False,22053.763671875,1013.7300415039062,False,23794.279296875,1439.0493081812565,False,24566.784904271364,2949.6537209866638,False,False,2.296235064425164,47.174173876550185,False,False
[GGH2002] EIS J033334.35-273305.6,53.39306113881,-27.55154689818,2025071700595,-1,g,20250717,g_6,0.2290495537990316,53.39311577447599,-27.551588150090243,745539332289855886,0,840.486200309838,2489.748474736627,0.16132297,0.1745825,53.39311577447599,-27.551588150090243,9.498942e-06,9.194022e-06,10567.316420919877,669.9563326118383,10567.73563487294,395.8852270137258,False,11119.220743490006,525.4147304678658,False,11917.089747872527,747.3215928729807,False,12371.565748042776,1095.7523937867777,False,13934.441302404524,1531.4437371395322,False,0.5317003821413442,24.010977848232773,11396.81390023715,317.3806614672212,0.0,0.0205215135358801,False,21395.88671875,1011.016357421875,False,22931.16650390625,1438.015173225837,False,26813.00555795431,2946.842901303179,False,False,1.0231113678782513,46.20253288414858,False,False
[GGH2002] EIS J033334.35-273305.6,53.39306113881,-27.55154689818,2025071700602,-1,i,20250717,i_39,0.1964820830152414,53.39309803670299,-27.551590585993136,745539333229380491,0,793.8281328722952,2270.594431111962,0.045448948,0.052252006,53.39309803670299,-27.551590585993136,2.7921224e-06,2.6485366e-06,25280.05565844517,958.024687544156,24165.040616190603,573.3102267023532,False,24644.18188096045,758.8721370352661,False,24326.797745663844,1076.3372684213898,False,25596.22258025092,1576.3068231782438,False,28870.411714188693,2205.907920931821,False,1.327267493517691,35.432869659471564,25233.213425133126,362.7542178228492,0.0,0.0027544379847637,False,40288.140625,1240.5989990234375,False,39769.283203125,1759.5888327537098,False,47197.15236079693,3606.203239108663,False,False,2.1698078550192883,57.92541389620891,False,False
[GGH2002] EIS J033334.35-273305.6,53.39306113881,-27.55154689818,2025071700603,-1,i,20250717,i_39,0.2237785578531813,53.39310465100116,-27.55159563949873,745539333363598256,0,794.0029962125697,2270.691593343824,0.04008243,0.045463637,53.39310465100116,-27.55159563949873,2.4379199e-06,2.3242635e-06,25377.721520691684,948.9297321954932,24051.97633977972,568.704877386928,False,24585.428142992867,752.7072887317656,False,24295.77620167426,1066.729664312966,False,23047.06778295033,1562.5395821116765,False,22427.24267466185,2183.335041245496,False,-0.822589715203224,34.389942911642514,25369.116340060154,345.47484943527576,0.0,9.619907508584546e-06,False,40382.859375,1236.361328125,False,39907.0908203125,1752.159603426271,False,36837.92618262768,3586.2426892189774,False,False,-1.351146890717897,56.48729078207864,False,False
[GGH2002] EIS J033334.35-273305.6,53.39306113881,-27.55154689818,2025071700604,-1,i,20250717,i_39,0.2178824129035651,53.393105640791816,-27.551592792683284,745539333497815947,0,792.8007352923759,2269.8482842308367,0.043801982,0.04721317,53.393105640791816,-27.551592792683284,2.5667919e-06,2.4945593e-06,25456.418864501524,952.904054339332,23673.7646759345,569.213506635839,False,24613.87449290341,753.5833895999415,False,24716.819219998124,1069.179030604829,False,23801.32897510332,1565.224133660461,False,22626.34551976201,2189.237158043132,False,-0.8615308104245777,34.131093634586854,25823.226317076813,360.519149925023,0.0,0.0251269816226628,False,40314.625,1234.28076171875,False,40483.236328125,1751.1892200931093,False,37059.286826729774,3585.712403304117,False,False,-1.4110859124688733,55.90270808908912,False,False
[GGH2002] EIS J033334.35-273305.6,53.39306113881,-27.55154689818,2025071700605,-1,i,20250717,i_39,0.2306423163253502,53.393106250875526,-27.551596947457664,745539333632033679,0,789.1718023671299,2272.8007400027905,0.04332261,0.05544471,53.393106250875526,-27.551596947457664,2.8891247e-06,2.6350672e-06,24500.64335255522,953.7949531901952,24311.31991445989,570.1045263343909,False,26056.476381462053,755.0933690591085,False,27282.12446853038,1071.8206445925698,False,27422.52239584757,1568.9301094028403,False,28236.399497069364,2192.330663717437,False,0.4090481580404793,34.25270596222432,25143.218517870144,361.2411452927841,0.0,0.0094855322124507,False,42634.66796875,1235.5145263671875,False,44640.123291015625,1753.7565952995417,False,46201.54696154594,3587.1807283889398,False,False,0.669301257237225,56.04567265164176,False,False
[GGH2002] EIS J033334.35-273305.6,53.39306113881,-27.55154689818,2025071700606,-1,i,20250717,i_39,0.2251238352343161,53.39310583737058,-27.55159527227048,745539333766251428,0,782.8661449651621,2269.302639262162,0.044136744,0.048188873,53.39310583737058,-27.55159527227048,2.610452e-06,2.5247102e-06,27673.409253938564,946.4104779826656,24894.07060960778,566.3396755173349,False,26189.63791452572,749.4103916649581,False,25681.16858299769,1062.4423913830449,False,23979.451520753177,1555.1159266216396,False,25015.48917432497,2174.449452685645,False,0.2106484955488378,34.628953813922585,25743.10485790296,354.246789647222,0.0,0.0017383385015142,False,42977.4609375,1229.7900390625,False,42143.0576171875,1743.47871944742,False,41050.670968830585,3568.29356397988,False,False,0.3456763136069218,56.826463760268496,False,False
[GGH2002] EIS J033334.35-273305.6,53.39306113881,-27.55154689818,2025071700607,-1,i,20250717,i_39,0.2308891956600211,53.39310882263568,-27.55159512817127,745539333900469162,0,773.2472687812169,2265.4309293757915,0.040429857,0.048678596,53.39310882263568,-27.55159512817127,2.5719285e-06,2.3984524e-06,24654.47860273814,938.4133225217043,24139.37219089985,562.6069179157507,False,24266.06023846691,744.4120640948472,False,24694.29270437541,1056.9544774217306,False,26234.447189363455,1546.9461122508997,False,26377.12416363057,2164.3092501998703,False,0.0967000163650471,34.11283486613466,25253.4619315067,349.63131807976976,0.0,0.0031200162523349,False,39764.3828125,1219.85546875,False,40466.1201171875,1732.0134394522922,False,43223.74758934975,3546.616991132128,False,False,0.1584606825717532,55.90012598280255,False,False
[GGH2002] EIS J033334.35-273305.6,53.39306113881,-27.55154689818,2025071900574,-1,i,20250719,i_39,0.2245406689230567,53.39311311503951,-27.551588931256585,745548125565354572,0,3322.849354358675,1541.317052411568,0.06790489,0.07522005,53.39311311503951,-27.551588931256585,4.172841e-06,3.7872287e-06,24571.77014449096,913.3644385061028,23598.113242004325,546.4360069362327,False,24243.59208305809,722.7822914064509,False,24667.743807656178,1024.705984753431,False,23864.41391479985,1500.921874743428,False,24451.06111010401,2097.702757576073,False,0.1746312033873727,33.83758193663631,25136.873488667243,405.24201216192034,0.0,0.0074382515205148,False,38679.69140625,1153.1705322265625,False,39356.40869140625,1634.8778323199958,False,39010.70002555847,3346.8017052548653,False,False,0.2786171716544415,53.98652240801504,False,False
[GGH2002] EIS J033334.35-273305.6,53.39306113881,-27.55154689818,2025071900575,-1,g,20250719,g_6,0.2462137580316588,53.393114995638,-27.55159586324937,745548125699573173,745548125699572169,3310.973367855422,1522.3767581295228,0.08538636,0.099780224,53.393114995638,-27.55159586324937,5.5353826e-06,4.772219e-06,11617.645728411177,376.2243095229771,10792.833715223,228.3104590712944,False,11495.777946974757,298.5249162998789,False,11575.074982571305,419.3116077876408,False,11066.924243423957,609.7955025609617,False,12778.929632919524,851.6991971228607,False,0.4026344945111106,13.478033943959728,11562.269909444249,194.6189938097334,0.0,0.009468588632512,False,21647.99609375,562.1599731445312,False,21797.322387695312,789.6165087148071,False,24064.332144528627,1603.8567356998883,False,False,0.7582114063606545,25.380833512624804,False,False
[GGH2002] EIS J033334.35-273305.6,53.39306113881,-27.55154689818,2025071900576,-1,g,20250719,g_6,0.2411047501013944,53.393110649412975,-27.551597480884716,745548125833790854,745548125833789895,3310.347610072676,1521.574063013898,0.08610725,0.1111089,53.393110649412975,-27.551597480884716,6.151372e-06,4.8319166e-06,11287.561431982767,380.1585363019945,10727.72139669702,229.5074080621353,False,11411.064304464317,300.2274086761022,False,12100.741920322936,422.7379579544192,False,12437.480126545732,615.7754691872727,False,11671.404583055357,858.548460229963,False,0.1028556460029899,13.702318037098795,11631.3186685806,203.1794089499786,0.0,0.0024560791561258,False,21376.30078125,562.414794921875,False,22668.27108001709,791.9133132349215,False,21863.99517610669,1608.3153710714537,False,False,0.1926790672058088,25.66849716610384,False,False
[GGH2002] EIS J033334.35-273305.6,53.39306113881,-27.55154689818,2025071900577,-1,g,20250719,g_6,0.2047248434271714,53.393102118759664,-27.55159064645985,745548125968008596,745548125968007617,3310.4413520960857,1522.2552421571866,0.09439675,0.10552136,53.393102118759664,-27.55159064645985,5.856399e-06,5.267288e-06,10664.650047518391,376.15212885276566,10226.400558716376,227.95090654205816,False,10684.950773433118,298.2664931724922,False,11065.145521455526,419.975993973592,False,11056.717863212372,611.7201379562102,False,10356.002847487114,853.6961928921353,False,0.096778014540125,13.397232858603116,11058.988985243812,195.4958260670501,0.0,0.0044352255786679,False,20127.388671875,561.8486938476562,False,20843.566745758057,791.114553805991,False,19507.744941294197,1608.1192554263043,False,False,0.1823020765228665,25.23655172499029,False,False
[GGH2002] EIS J033334.35-273305.6,53.39306113881,-27.55154689818,2025071900578,-1,g,20250719,g_6,0.2234428101609441,53.39310110990033,-27.551597854088627,745548126102226451,745548126102225401,3307.143678762494,1518.5315334123266,0.07620775,0.09917268,53.39310110990033,-27.551597854088627,5.4856177e-06,4.27891e-06,10498.833135090352,374.15991867356064,10099.544044314654,227.0692500528569,False,10685.80148072719,297.1445758230432,False,10860.430307030152,417.7051137370946,False,11445.597597147784,608.6433775322216,False,12511.081335737726,850.795918170872,False,0.150031760694182,13.361710761287371,11172.289882414938,190.0625171434673,0.0,0.0851778107305433,False,20251.857421875,563.1519165039062,False,20582.816040039062,791.6396746700602,False,23711.14940342307,1612.4384924224871,False,False,0.2843419683410282,25.32327235705954,False,False
[GGH2002] EIS J033334.35-273305.6,53.39306113881,-27.55154689818,2025071900579,-1,g,20250719,g_6,0.2077314003749387,53.39310177528125,-27.55159197181302,745548126236444205,745548126236443137,3304.699635313499,1507.7987907686504,0.07524901,0.090219185,53.39310177528125,-27.55159197181302,5.000456e-06,4.2095758e-06,10490.066650843051,372.2858392694404,10335.16443852026,226.37511687506637,False,10838.705864953454,296.0233332836597,False,11193.119946005654,416.0061210011192,False,11985.949051828122,606.5052864146512,False,12826.651239256324,846.1747846031103,False,0.2457743324814185,13.434753989640749,11074.118898884044,183.87054643433297,0.0,0.0052871081903461,False,20680.435546875,564.8175659179688,False,21356.663654863834,793.7467701090782,False,24473.469207555056,1614.515912915274,False,False,0.4689416158429935,25.633739621005983,False,False
[GGH2002] EIS J033334.35-273305.6,53.39306113881,-27.55154689818,2025071900580,-1,g,20250719,g_6,0.2465506420349466,53.39311599299499,-27.55159511809807,745548126370661788,745548126370660801,3305.673321614595,1504.2100977643904,0.098828316,0.11362743,53.39311599299499,-27.55159511809807,6.3027273e-06,5.519478e-06,11748.672998384916,378.5414854331757,10364.24002807133,228.97236425402824,False,11450.233158266235,300.05129417998484,False,11597.780825322325,421.1962809821943,False,10913.161434085843,613.2069754047872,False,12035.59923644329,856.2702707101023,False,0.1306828113987131,13.416409662259174,11299.7627940222,202.22250780104335,0.0,5.514219211955052e-05,False,21596.79296875,565.9400634765625,False,21875.08917236328,794.4370000023011,False,22700.87790977955,1615.0493624202943,False,False,0.2464866508255069,25.30528574001736,False,False
[GGH2002] EIS J033334.35-273305.6,53.39306113881,-27.55154689818,2025071900586,-1,i,20250719,i_39,0.2292422016314054,53.39311092022521,-27.55159279976404,745548127175967315,0,3359.866226941757,1392.100382948768,0.052800633,0.054688673,53.39311092022521,-27.55159279976404,3.0387534e-06,2.9385285e-06,25187.425078648528,899.8397261985878,24167.995167227367,542.8115875541674,False,25183.195348681584,718.0256255740871,False,25930.56621682576,1016.3846571993464,False,26640.85821755389,1489.5569104722,False,29417.94567133345,2082.639762960211,False,0.9469621344898114,32.9495093499038,25970.250103329272,363.6059945700291,0.0,0.0241138308842739,False,41035.84375,1170.017822265625,False,42253.679443359375,1656.1918138364138,False,47936.340297579765,3393.647180870814,False,False,1.5430682901852162,53.69099904125564,False,False
[GGH2002] EIS J033334.35-273305.6,53.39306113881,-27.55154689818,2025071900587,-1,i,20250719,i_39,0.2175160792977155,53.393108602289466,-27.551590256144003,745548127310185002,0,3358.375922878128,1390.685953772486,0.06625054,0.06737915,53.393108602289466,-27.551590256144003,3.7456202e-06,3.6842127e-06,23846.90939348907,905.6240313058332,24707.27757965388,543.0060439619133,False,24786.96937544483,717.7810185089946,False,26732.40115075881,1018.078086562137,False,27789.872216678687,1491.8600520633183,False,28071.8962671697,2085.743513503422,False,0.7495840935545504,32.70802751122379,25151.594344625428,384.3018598849257,0.0,0.0082868962538783,False,40124.78125,1161.933349609375,False,43274.017578125,1648.0498240818602,False,45442.37256002426,3376.370905022321,False,False,1.2134156994663292,52.94727359073457,False,False
[GGH2002] EIS J033334.35-273305.6,53.39306113881,-27.55154689818,2025071900588,-1,i,20250719,i_39,0.1981632859640673,53.39310135890084,-27.55158883184528,745548127444402742,0,3358.052003800304,1390.641191088979,0.06315993,0.069336094,53.39310135890084,-27.55158883184528,3.846449e-06,3.522694e-06,24867.815113094694,901.70549193618,23845.68716758516,540.31892121042,False,25445.09383675419,714.8713063195029,False,26046.92179189112,1013.1235835578738,False,27739.368956086186,1483.7074408212377,False,27501.553761466734,2072.989550787305,False,0.2203147126741801,32.73534232670299,25115.851345077568,378.3511700775195,0.0,0.0226840193216366,False,41260.953125,1159.2125244140625,False,42236.85815429688,1642.8489106466518,False,44595.64299100637,3361.493780781458,False,False,0.3572553157287462,53.08258770584344,False,False
[GGH2002] EIS J033334.35-273305.6,53.39306113881,-27.55154689818,2025071900589,-1,i,20250719,i_39,0.2288462966818716,53.39311079860183,-27.55159275086168,745548127578620458,0,3355.87990516293,1390.5699204784892,0.06225411,0.065773465,53.39311079860183,-27.55159275086168,3.6525726e-06,3.4671352e-06,26172.46325184016,906.5013359590682,24167.31711064808,542.6530830736444,False,25853.96561266394,718.1112338155107,False,25842.08653218119,1017.3825088887183,False,24984.25296736228,1488.6587497932778,False,25844.4465979462,2082.830932918195,False,-0.3115859573164746,33.49050127766909,25851.913187596263,387.1783777704893,0.0,0.0159454637304032,False,41794.75390625,1160.8773193359375,False,41775.550537109375,1644.6703853701729,False,41779.365749418736,3367.04270338323,False,False,-0.5037006160597096,54.13975094062585,False,False
[GGH2002] EIS J033334.35-273305.6,53.39306113881,-27.55154689818,2025071900590,-1,i,20250719,i_39,0.2216484191651357,53.3931088009985,-27.55159167634395,745548127712838208,0,3356.293485317905,1388.4252644193157,0.062518805,0.058565263,53.3931088009985,-27.55159167634395,3.2642467e-06,3.4686798e-06,24776.29741640921,897.4900873959779,23993.086543424262,539.1144177009749,False,24904.80880679778,713.1491918539468,False,26055.92350985885,1012.3405603822416,False,26187.57098848617,1482.7773796064882,False,29495.58205770542,2072.7165975891908,False,0.7982325896603087,32.679617719564845,25066.79253348093,370.0608022272643,0.0,0.0018037802800022,False,40531.7265625,1160.6259765625,False,42405.12646484375,1647.5497202107151,False,48003.05338776112,3373.2755399475154,False,False,1.299096303383663,53.18496278577703,False,False
[GGH2002] EIS J033334.35-273305.6,53.39306113881,-27.55154689818,2025072100534,-1,i,20250721,i_39,0.2087612303400678,53.39309894785092,-27.55159421702629,745556916288095948,0,3237.0659890696206,3937.497839549424,0.058454953,0.05175022,53.39309894785092,-27.55159421702629,3.0012857e-06,3.1343543e-06,24376.45555740384,830.643778043369,23401.307757420927,499.6687684174845,False,24011.560117729583,659.5433956099749,False,23726.20878208577,934.5926495196272,False,25831.021679479312,1364.9450376498503,False,25702.39909889065,1909.2773569746828,False,0.0829559621655222,29.864892162462063,25041.24004201649,353.5463769548636,0.0,0.0126915254189657,False,38445.64453125,1056.01513671875,False,37988.759765625,1496.404923660919,False,41152.89862513542,3057.0024695568945,False,False,0.1328233324917772,47.817593792847504,False,False
[GGH2002] EIS J033334.35-273305.6,53.39306113881,-27.55154689818,2025072100535,-1,i,20250721,i_39,0.2076799528088015,53.3931042427717,-27.55159011348633,745556916422313714,0,3235.1994184525447,3937.749573476712,0.046653178,0.04350159,53.3931042427717,-27.55159011348633,2.4763956e-06,2.5386257e-06,24427.778293435415,823.6471026913073,24477.53452473514,496.7669331208858,False,24858.876897515,655.023372742104,False,25977.90821027053,927.6655513888384,False,26496.56340906275,1357.1110674652748,False,29637.526706957484,1895.8384032467295,False,1.3713467146870295,30.085111030201585,25515.26037938567,334.0065809572328,0.0,0.0070607870823935,False,39984.83203125,1053.58740234375,False,41784.763671875,1492.1249824109125,False,47671.16117453575,3049.404863491297,False,False,2.205774149388412,48.39108846885873,False,False
[GGH2002] EIS J033334.35-273305.6,53.39306113881,-27.55154689818,2025072200465,-1,r,20250722,r_57,0.1808500774259463,53.393092590821055,-27.55158868436284,745561305075155734,745561305075155453,3079.668098069641,3548.8357094800244,0.1949242,0.16377868,53.393092590821055,-27.55158868436284,9.11667e-06,1.08311815e-05,18668.699337556554,1484.897063737243,17895.80528888965,871.3981799235858,False,18794.136900708017,1156.7853716443658,False,19313.268267044547,1643.70794439681,False,20273.151354845337,2410.281083110997,False,21527.95480751185,3369.055412003541,False,0.4221586652982949,54.21581552202594,20043.971746957028,806.9643006043974,0.0,0.2963839804382849,False,13445.9296875,827.6014404296875,False,13817.332954764366,1175.961501393132,False,15401.790898233652,2410.3305420417787,False,False,0.3020258796963365,38.78773722416428,False,False
[GGH2002] EIS J033334.35-273305.6,53.39306113881,-27.55154689818,2025072200466,-1,r,20250722,r_57,0.1141891590054532,53.39306540502504,-27.551578391064137,745561305209373065,0,3078.7889535999566,3547.3080549027804,0.33077213,0.40502304,53.39306540502504,-27.551578391064137,2.2524771e-05,1.8394687e-05,24846.270894892303,2436.804968371718,19835.26465757377,1432.6786602589166,False,22752.308081504165,1907.438763899179,False,22655.707257692586,2714.8740335624952,False,20014.34624227869,3979.303573633184,False,29700.691798483243,5568.124878024012,False,2.565910047545472,89.48827927001196,20953.92194014549,1312.6891829444369,1.0,0.1319600340800515,False,9780.7841796875,819.9716186523438,False,9739.25732421875,1167.0726724599176,False,12767.762084960938,2393.630902078627,False,False,1.1030358902328474,38.469307949601465,False,False
[GGH2002] EIS J033334.35-273305.6,53.39306113881,-27.55154689818,2025072200467,-1,r,20250722,r_57,0.3406133625516027,53.39310910023183,-27.55163141927237,745561305343590834,0,3078.0,3547.0,1.9867501,1.7312248,53.39310910023183,-27.55163141927237,9.635954e-05,0.00011040312,20313.051105369053,1970.4410427058256,17863.308116758173,1155.5311973843266,True,19719.70336602181,1536.9205094453034,True,19328.938849139813,2176.208483856397,True,19201.0389551982,3203.325562960568,True,20634.815753056537,4485.618228526862,True,1.2079720351743553,71.60308305320176,19770.546995120923,1097.7625962339018,,,True,10530.5537109375,820.733642578125,True,10321.880859375,1162.1209457407165,True,11019.234497070312,2395.3729326199136,True,True,0.6450712853841597,38.236889164351226,True,False
[GGH2002] EIS J033334.35-273305.6,53.39306113881,-27.55154689818,2025072200468,-1,r,20250722,r_57,0.2846137703406344,53.39312161607212,-27.551604996433124,745561305477808642,0,3075.6352551473115,3532.3851686356948,0.40123117,0.38819164,53.39312161607212,-27.551604996433124,2.1595593e-05,2.2299815e-05,19651.035948418797,1766.4896678184125,18404.52647134848,1037.563419624148,False,19730.73345241656,1379.5187863189014,False,19220.287569550263,1964.4782629035772,False,21529.043142724524,2881.003638086528,False,22464.40113033279,4028.555276910826,False,1.2812524729447574,63.52630935879365,19726.38773796051,933.8570087778342,0.0,0.0318559053183132,False,11744.822265625,821.165771484375,False,11440.976684570312,1169.3659588544294,False,13372.05224609375,2398.0185951358235,False,False,0.7626722345836381,37.81436784443311,False,False
[GGH2002] EIS J033334.35-273305.6,53.39306113881,-27.55154689818,2025072200469,-1,r,20250722,r_57,0.343581391584109,53.39314360342176,-27.55160824301582,745561305612026300,0,3075.398736306508,3520.8238636995625,0.3151733,0.3557925,53.39314360342176,-27.55160824301582,1.9791445e-05,1.752158e-05,19552.252688215136,1980.3043310818052,17676.66492676106,1164.71550648927,False,20341.570642498325,1549.6935049156134,False,20884.740883871244,2204.230536428241,False,22834.70411472446,3231.7986513170245,False,25252.15290597502,4523.980447957181,False,0.4735683746959652,71.84642236985967,19369.76088934821,975.5245618981534,0.0,0.0579096513128047,False,10755.7802734375,819.4137573242188,False,11042.986206054688,1165.505837208627,False,13352.292842149734,2392.093536665985,False,False,0.2504033475191438,37.989413208255854,False,False
[GGH2002] EIS J033334.35-273305.6,53.39306113881,-27.55154689818,2025072200470,-1,r,20250722,r_57,0.2211089320636231,53.3931085846792,-27.55159165111553,745561305746244211,0,3073.984556447751,3505.96157895807,0.14132503,0.16710691,53.3931085846792,-27.55159165111553,9.29386e-06,7.859679e-06,19509.74372451936,1404.2313814850256,18069.87324846613,839.201065877971,False,20336.81883483952,1114.73098295391,False,21046.752023419293,1574.0350091004198,False,22018.221295821928,2314.178181599762,False,23005.16944993145,3244.8007801305566,False,0.1512246544768157,52.09457546826289,20014.26408786767,653.7818455406717,0.0,0.1850908154046175,False,15008.931640625,822.691162109375,False,15532.874877929688,1161.665649057505,False,16978.221542865038,2394.7203095990258,False,False,0.111606467061178,38.44671717835597,False,False
[GGH2002] EIS J033334.35-273305.6,53.39306113881,-27.55154689818,2025072200474,-1,z,20250722,z_20,0.2524806479391289,53.39310744720088,-27.55160375810019,745561306283115138,0,3067.35508141703,3476.3623997783347,0.19202414,0.2149111,53.39310744720088,-27.55160375810019,1.19481365e-05,1.067122e-05,27522.317747218654,3360.683302231297,23956.8658667596,1982.5010898865323,False,27805.966230286336,2645.521347269093,False,31464.883408786845,3782.4649818535054,False,30978.77763285272,5549.204931855594,False,39117.948608065606,7765.457470434231,False,1.8035623682129265,124.25244200722922,26149.094047917395,1348.2611829047742,0.0,0.0012450988544544,False,16614.681640625,1580.7576904296875,False,18800.9658203125,2260.1067328441936,False,23373.842044353485,4640.033099247178,False,False,1.077668523319676,74.24359038355472,False,False
[GGH2002] EIS J033334.35-273305.6,53.39306113881,-27.55154689818,2025072200478,-1,z,20250722,z_20,0.2260658992773414,53.3931061328794,-27.551595395761723,745561306819986263,0,3135.6345241147337,3337.448799639255,0.10308599,0.14031507,53.3931061328794,-27.551595395761723,7.798134e-06,5.7303914e-06,28794.151193688944,2538.325465114843,25883.248243682792,1509.9658311523526,False,26849.413950975864,2012.8545537903265,False,27802.827945290792,2874.5140270249144,False,22495.797200106383,4223.22036717147,False,30561.054314394383,5902.735281967304,False,-0.3592423314351837,94.96778440454564,26587.11159918773,852.6852453432393,0.0,0.0103586018442881,False,20608.310546875,1544.9697265625,False,21340.10498046875,2206.3378310022517,False,23457.18603396416,4530.653890207413,False,False,-0.2757370250731517,72.89267454891377,False,False
[GGH2002] EIS J033334.35-273305.6,53.39306113881,-27.55154689818,2025072200479,-1,z,20250722,z_20,0.205673170038901,53.39310228475637,-27.55159086664888,745561306954203860,0,3136.034540733187,3337.7412508907,0.14627448,0.17216216,53.39310228475637,-27.55159086664888,9.569298e-06,8.1294e-06,28755.12978405805,3284.9398473059105,25916.98815138318,1951.9546315440607,False,26991.22631637476,2603.194675228201,False,25291.75632408521,3702.352673027881,False,24111.76366252343,5450.743688068279,False,37471.66782522925,7626.010704244847,False,0.7081306816837689,118.0898210925412,26703.771798081994,1100.866674398472,0.0,0.0011197570513213,False,15922.6708984375,1535.67724609375,False,14920.119140625,2184.0928037719186,False,22105.295543193817,4498.738119134163,False,False,0.4177406267271545,69.66357644043659,False,False
[GGH2002] EIS J033334.35-273305.6,53.39306113881,-27.55154689818,2025072200480,-1,z,20250722,z_20,0.2516563811604883,53.39311603343443,-27.551597077321283,745561307088421550,0,3138.701315724339,3336.9911687856443,0.1287105,0.18137676,53.39311603343443,-27.551597077321283,1.0084168e-05,7.155648e-06,32396.38633221815,3212.9976416478976,27663.10390331156,1908.0164597506448,False,29572.09053820712,2544.189287855113,False,22612.552624857508,3622.471822172354,False,28684.52084748203,5323.263290349361,False,35653.33524157684,7445.869947040932,False,5.161637742910754,116.6003220960278,27988.306339779523,1109.236031773737,0.0,0.0163155548218907,False,17796.81640625,1531.1217041015625,False,13608.48828125,2180.044250599128,False,21456.577807545666,4481.008208097275,False,False,3.1063315982841773,70.17138414923949,False,False
[GGH2002] EIS J033334.35-273305.6,53.39306113881,-27.55154689818,2025072200481,-1,z,20250722,z_20,0.2222757481161564,53.393111835685445,-27.551589229547588,745561307222639328,0,3143.1184414562053,3333.351346031456,0.12403228,0.13852313,53.393111835685445,-27.551589229547588,7.700603e-06,6.891987e-06,26141.41302067578,2997.463655589182,24064.91272283181,1778.3012815411937,False,24434.638378659085,2371.261761873947,False,26129.00184132557,3382.937195351899,False,23625.80514954385,4967.522614114497,False,35600.5987268091,6951.014139817803,False,1.4431772944516064,110.30049312671623,26483.800094427203,998.3547550093314,0.0,0.0450361320080852,False,15742.5029296875,1527.732666015625,False,16834.13037109375,2179.524733842148,False,22936.3955001235,4478.32944218862,False,False,0.929795744626431,71.06329176166004,False,False
[GGH2002] EIS J033334.35-273305.6,53.39306113881,-27.55154689818,2025072200482,-1,z,20250722,z_20,0.2156831180142627,53.39310638757856,-27.551591395878145,745561307356857134,0,3147.022121323949,3330.699013664489,0.10667822,0.12901063,53.39310638757856,-27.551591395878145,7.173536e-06,5.9295e-06,29350.14289072477,2708.2240245206976,25541.14571222773,1609.3573789993447,False,25606.82340655335,2144.8598735442865,False,23010.868646384053,3054.7866671583133,False,13033.230908297866,4485.856404034229,False,6631.849254651777,6275.622801570704,False,-5.679518720137345,100.11334144910668,29326.321446318096,938.048546643414,0.0,0.0037018002184847,False,18259.921875,1529.47412109375,False,16408.77734375,2178.3321188065465,False,4729.092998147011,4475.072142072998,False,False,-4.049997396036513,71.38963566398657,False,False
[GGH2002] EIS J033334.35-273305.6,53.39306113881,-27.55154689818,2025072300437,-1,g,20250723,g_6,0.1609833550898527,53.39308320393778,-27.551587109612765,745565699361997155,0,3907.0,3386.0,,,53.39308320393778,-27.551587109612765,,,10169.27456685488,1236.6461844500589,9070.078880493817,722.2952753253813,True,10077.661171222146,960.3886457435684,True,11833.046412058216,1360.5240001874467,True,9033.514114351574,1999.9404553678487,True,10596.932383364114,2801.256212739421,True,0.9165038926071524,44.019136269518846,8480.151280771874,647.6970553539421,,,True,5757.87646484375,548.718505859375,True,6760.816650390625,777.336029405755,True,6054.562316894531,1600.4990587884197,True,True,0.5236449314499463,25.15035427592919,True,False
[GGH2002] EIS J033334.35-273305.6,53.39306113881,-27.55154689818,2025072300438,-1,g,20250723,g_6,0.3039490868425684,53.39312842395207,-27.551606645963627,745565699496214900,0,3897.0,3379.0,,,53.39312842395207,-27.551606645963627,,,11886.916793707507,1139.2056825659583,9774.5362013749,666.0544364706066,True,11423.087356420108,884.4419203137072,True,11758.463452188786,1250.847351938257,True,10356.178616234693,1839.2602097098213,True,8399.622988672401,2574.115479403776,True,0.50608043177494,41.07527771980549,8758.396587394202,575.6753556311762,,,True,7079.83984375,548.1624145507812,True,7287.700378417969,775.2544162874176,True,5205.946838378906,1595.3940265767017,True,True,0.3136602472893364,25.45777500601305,True,False
[GGH2002] EIS J033334.35-273305.6,53.39306113881,-27.55154689818,2025072300445,-1,i,20250723,i_39,0.2064804721626884,53.39310315275419,-27.55159051194945,745565700435739602,0,3874.9617378714415,3353.963141047552,0.10667831,0.105531804,53.39310315275419,-27.55159051194945,5.8866867e-06,5.9048903e-06,27550.37126937455,1623.938765901535,24431.35010255172,975.6764582269976,False,26057.047886720844,1297.7701410928628,False,24331.341310380187,1837.487565694065,False,25207.76671189797,2703.26973552868,False,18555.64291992042,3790.209152419807,False,-1.7340756725600364,59.626617731640685,22910.68670301546,579.398190539478,1.0,0.0639166019244489,False,27436.5625,1366.476806640625,False,25619.493408203125,1934.768000515905,False,19538.017465114597,3990.870752148153,False,False,-1.825881265474019,62.78337558305974,False,False
[GGH2002] EIS J033334.35-273305.6,53.39306113881,-27.55154689818,2025072300446,-1,i,20250723,i_39,0.2418413007229554,53.3931089601005,-27.55159900674616,745565700569957376,0,3874.511172832659,3353.660890509023,0.10668416,0.09423152,53.3931089601005,-27.55159900674616,5.4744023e-06,5.7085463e-06,26759.13861046541,1434.954108440348,24997.24921122576,853.965399055834,False,26337.647140205365,1135.0242290683725,False,25647.526466256164,1617.3211079738726,False,27982.361625690668,2372.3600194287,False,29114.064957479684,3317.718254088148,False,1.351241332690059,53.77582403896348,25094.99010016041,559.873315071639,0.0,0.0612548152176503,False,31880.4375,1373.8914794921875,False,31045.080078125,1957.68833205614,False,35241.155874967575,4015.936157053458,False,False,1.6356117395346892,65.09301260506616,False,False
[GGH2002] EIS J033334.35-273305.6,53.39306113881,-27.55154689818,2025072300447,-1,i,20250723,i_39,0.2676489495837765,53.393113524812144,-27.55160495257985,745565700704175124,0,3873.716527062082,3349.9226064946865,0.07803921,0.08239575,53.393113524812144,-27.55160495257985,4.5007587e-06,4.415595e-06,21612.84360197381,1512.1180455582116,23732.222078816743,901.9727459696708,False,23603.22361735222,1198.9875352668744,False,24972.24702375162,1706.5249655703544,False,25791.324304479647,2503.8046474321704,False,29020.88462653028,3503.673484889581,False,1.2407819127575757,55.84454090447839,24836.810612216515,544.9565020514269,0.0,0.0200436830417436,False,27041.39453125,1373.638427734375,False,28609.837158203125,1955.1064557762495,False,33248.220817387104,4014.037173461606,False,False,1.4215207962292946,63.979153334985504,False,False
[GGH2002] EIS J033334.35-273305.6,53.39306113881,-27.55154689818,2025072300448,-1,i,20250723,i_39,0.2357946358029866,53.3931241621598,-27.55158107283623,745565700838392530,0,3874.0,3350.0,0.6398742,0.57527524,53.3931241621598,-27.55158107283623,3.3193464e-05,3.4407247e-05,25672.57047475015,1557.1426958745783,22616.502606816222,900.6109653866793,True,24434.81866086969,1198.1919162304791,True,23409.472592871443,1697.4552859494877,True,24538.616501169665,2499.6008622425998,True,21826.445653687,3501.259167583428,True,0.1720430874519252,56.001212733347536,22594.975772987887,764.404701534323,,,True,27993.546875,1372.6986083984375,True,26818.86767578125,1944.6755375982912,True,25005.286022424694,4011.188459778882,True,True,0.1970997329649828,64.15732383634618,True,False
[GGH2002] EIS J033334.35-273305.6,53.39306113881,-27.55154689818,2025072300449,-1,i,20250723,i_39,0.2743577635278074,53.393135733405686,-27.55158476869133,745565700972610296,0,3873.95681140104,3347.6837802665714,0.12735961,0.12724857,53.393135733405686,-27.55158476869133,7.0740543e-06,7.0725673e-06,23870.06860631301,1504.8867289010202,20108.04291343769,863.8355613894283,False,22562.46282808635,1150.0631454576023,False,22071.20584199567,1636.391415251185,False,22725.76886211235,2400.5948193979502,False,28926.035057408644,3359.326993141633,False,1.340758212718855,53.43718235757675,22081.19304397132,759.1199768380246,0.0,0.0950990937815589,False,26835.9375,1367.8924560546875,False,26251.63330078125,1946.334408606844,False,34404.81098353863,3995.60499742031,False,False,1.5947063879190273,63.55852625002025,False,False
[GGH2002] EIS J033334.35-273305.6,53.39306113881,-27.55154689818,2025072300450,-1,i,20250723,i_39,0.2153419035471732,53.39310565617755,-27.551591845985037,745565701106828306,0,3874.978369603507,3349.125503377868,0.092325926,0.07656906,53.39310565617755,-27.551591845985037,4.5617444e-06,4.8584957e-06,23262.87125661975,1392.506957369578,22460.72658559476,831.5892936880324,False,22693.50832579251,1105.3998536868887,False,21974.50250902642,1567.6410275417402,False,24974.786262979596,2306.375948754395,False,31099.33077187254,3227.88023287168,False,2.601670802650177,52.62808978521188,25131.351224862407,545.2914312386652,0.0,0.1080033665467939,False,27913.0859375,1359.645263671875,False,27028.70654296875,1928.2033475269309,False,38252.273732721806,3970.302742203181,False,False,3.200063192209083,64.73271438737684,False,False
[GGH2002] EIS J033334.35-273305.6,53.39306113881,-27.55154689818,2025072800366,-1,z,20250728,z_20,0.2120804739616965,53.39311240460746,-27.55158437684982,745587680065619613,745587680065618728,291.980063141912,2479.2562890746544,0.13481937,0.09587512,53.39311240460746,-27.55158437684982,6.4554874e-06,6.545995e-06,27559.58797724243,1351.816811605041,26737.83585703892,808.7374755025755,False,28147.877678593457,1072.7793686539007,False,28684.484369133133,1519.8269296035385,False,33957.45854353281,2233.680220431395,False,32230.201588929995,3120.630403876916,False,0.5678183043289556,50.12014983462728,27992.69157264622,635.0548816708852,0.0,0.0002150770943396,False,31992.07421875,1219.2904052734375,False,32601.966064453125,1727.3919009712347,False,36631.92703521252,3546.819430938597,False,False,0.6453660749233602,56.96513149848215,False,False
[GGH2002] EIS J033334.35-273305.6,53.39306113881,-27.55154689818,2025072800368,-1,z,20250728,z_20,0.2655942615046989,53.39312417063006,-27.551595063922267,745587680334054937,745587680334054132,288.1436078409418,2477.0295294138155,0.14573742,0.12193563,53.39312417063006,-27.551595063922267,7.4394234e-06,7.495626e-06,24719.770917182745,1391.4574698257202,24960.654068539217,830.6708340818327,False,25074.74074417356,1101.9913888807844,False,27904.82161561178,1562.8119592509036,False,25655.19760695193,2295.7595931955143,False,29760.68364905348,3211.412421361837,False,1.6203564422082095,50.97889057524856,26291.92211204406,695.6897088068832,0.0,0.0996714612076716,False,27486.65234375,1207.99072265625,False,30588.95556640625,1713.1371143913373,False,32623.33091774583,3520.3146329193496,False,False,1.7762167375661393,55.8824937178075,False,False
[GGH2002] EIS J033334.35-273305.6,53.39306113881,-27.55154689818,2025072800369,-1,z,20250728,z_20,0.2476156032374299,53.393095984087175,-27.551608351917288,745587680468272672,745587680468271838,285.72502256988435,2476.6090002044007,0.1265204,0.10729777,53.393095984087175,-27.551608351917288,6.4965075e-06,6.5409e-06,26829.89181102432,1379.6323914198974,26380.894037189944,819.8319203416157,False,27185.47380047565,1087.621896828404,False,28706.97355662352,1546.1535261607055,False,31748.43137325782,2267.2638433975444,False,33216.07887191223,3170.806801770253,False,0.7099673219557532,50.244620396008834,28776.46230471943,699.0685802811214,0.0,0.1183912906918278,False,30326.2890625,1213.2779541015625,False,32023.57202148437,1724.785049305737,False,37053.62712401152,3537.1391478247247,False,False,0.7919918699442516,56.0495245787582,False,False
[GGH2002] EIS J033334.35-273305.6,53.39306113881,-27.55154689818,2025072800370,-1,z,20250728,z_20,0.2096875448253649,53.39309781323914,-27.55159522426805,745587680602489673,0,278.111820005257,2477.66757535248,0.13607872,0.13229027,53.39309781323914,-27.55159522426805,7.4557543e-06,7.461518e-06,29063.539018169497,1368.837813207959,28858.4920972696,815.3629167413831,False,30456.19731022181,1080.9681033229783,False,32591.251614909583,1535.8792447929764,False,34854.219466359784,2249.2679776780647,False,39339.42580982048,3145.760311320676,False,1.8563773730300075,49.40739100064138,29023.46223526151,637.8151908038626,0.0,0.0634461833569099,False,34173.93359375,1212.9200439453125,False,36569.6103515625,1723.3614159032977,False,44141.52271038294,3529.757930247141,False,False,2.082982206369397,55.43846731416066,False,False
[GGH2002] EIS J033334.35-273305.6,53.39306113881,-27.55154689818,2025072800371,-1,z,20250728,z_20,0.2174968740467465,53.39310983162742,-27.551589163419475,745587680736708329,745587680736707416,268.8539823333541,2479.952015725052,0.10994793,0.10365202,53.39310983162742,-27.551589163419475,5.931722e-06,5.944689e-06,26153.830593172494,1348.0516437239496,26077.07915325748,806.186392587327,False,26393.417288989906,1069.2284270248915,False,27610.773950402385,1517.0345346418558,False,26179.58292193637,2226.1325400965125,False,27116.60291100074,3113.335971414368,False,0.6383122796057102,48.683690527614985,28088.06180085707,605.459625227077,0.0,0.0304713935030569,False,29932.505859375,1212.60107421875,False,31313.09765625,1720.4534221487088,False,30752.663311183453,3530.80263105748,False,False,0.7239034582073304,55.21167782171658,False,False
[GGH2002] EIS J033334.35-273305.6,53.39306113881,-27.55154689818,2025072800396,-1,r,20250728,r_57,0.2251365110392234,53.393110520364765,-27.55159155439449,745587684092151134,0,249.3847343618725,2420.6199415247293,0.04770658,0.041187286,53.393110520364765,-27.55159155439449,2.4694498e-06,2.4843712e-06,20128.345104134143,425.71245059466895,18966.094873404927,262.7673179743874,False,19831.2919293894,341.28790887591964,False,19633.293461699363,477.8637313197357,False,20702.368828127324,694.2701328288891,False,21940.34964066268,967.5050146314704,False,0.6558355897192608,15.467206689856768,19392.299975663587,197.18959852995556,0.0,0.0063084995895968,False,39874.79296875,686.2278442382812,False,39476.677307128906,960.8409488143484,False,44115.4768281579,1945.3630299034764,False,False,1.31868909270798,31.099923633764657,False,False
[GGH2002] EIS J033334.35-273305.6,53.39306113881,-27.55154689818,2025072800397,-1,r,20250728,r_57,0.2170212588658364,53.393107925086014,-27.551590641668877,745587684226370164,745587684226368747,247.0103936968944,2418.4902607819545,0.054399338,0.042488083,53.393107925086014,-27.551590641668877,2.6985053e-06,2.7270435e-06,20043.07668348004,429.4682423078182,19338.12376993234,264.3095281074405,False,20463.58627022734,343.2714301426846,False,21116.05937939633,479.8308594976656,False,22579.5284451172,696.0729571768197,False,24138.743040756315,970.128464800614,False,0.6082280028081479,15.606326021614558,19975.617339507444,203.9741895530831,0.0,0.0005269376819054,False,40963.48046875,687.1519165039062,False,42269.58435058594,960.5130685198214,False,48320.31473040581,1941.978199483843,False,False,1.2175351663470466,31.240341880125914,False,False
[GGH2002] EIS J033334.35-273305.6,53.39306113881,-27.55154689818,2025072800398,-1,r,20250728,r_57,0.2266065772609828,53.39310649760807,-27.551595323346373,745587684360587844,745587684360586476,245.41307613582228,2417.617609640027,0.04966737,0.04595865,53.39310649760807,-27.551595323346373,2.654993e-06,2.663407e-06,20092.309807171576,429.409921751998,18931.712042394767,263.8457133552333,False,20093.907461475057,342.85210033762684,False,20222.926252662237,479.8090348797827,False,20792.557011960547,697.2661243797386,False,21368.58113852057,971.060868474625,False,0.4662635327478676,15.513852154600452,19590.54267542536,205.03985148722217,0.0,0.0004647718714998,False,40178.55859375,685.5462646484375,False,40436.53674316406,959.3970440387816,False,42727.318764925,1941.6744143421768,False,False,0.9323122795581869,31.020557798599107,False,False
[GGH2002] EIS J033334.35-273305.6,53.39306113881,-27.55154689818,2025072800399,-1,r,20250728,r_57,0.2219142303245476,53.39310808931823,-27.55159236365498,745587684494804323,0,245.13157377470893,2416.961005545117,0.044851884,0.040797554,53.39310808931823,-27.55159236365498,2.3780028e-06,2.3874372e-06,19894.62690951691,425.57633488609537,19088.167278757905,262.95570082857546,False,19796.89876707098,341.2398843112671,False,19813.810137932804,475.7736454105652,False,20245.4805255655,692.4176465829156,False,21295.17986973416,964.9956472756908,False,0.5320101065308939,15.233960254033674,19639.38348519976,195.13071075213705,0.0,0.0047075230063374,False,39853.1015625,686.9494018554688,False,39887.14581298828,957.779076127158,False,42869.28857523203,1942.6310146222231,False,False,1.0709885956036085,30.66745818859981,False,False
[GGH2002] EIS J033334.35-273305.6,53.39306113881,-27.55154689818,2025072800400,-1,r,20250728,r_57,0.2287686096956704,53.39310615321189,-27.55159634946118,745587684629022069,0,245.66968361242152,2425.4149568711573,0.04703126,0.04026652,53.39310615321189,-27.55159634946118,2.4250912e-06,2.4409255e-06,20258.367797569685,425.1966102076359,19082.652806189464,262.2266496384354,False,20006.37612154683,340.46938323280983,False,20599.527970516985,476.77554703042944,False,20211.46748822529,692.2638374687949,False,22022.686034045724,965.0079758395244,False,0.5295470857192155,15.551668597447012,19603.745503201262,194.4426874938136,0.0,0.0016406450400398,False,40298.8515625,685.8076171875,False,41493.63757324219,960.3691783898884,False,44360.30543971062,1943.815958408505,False,False,1.0666669102441717,31.325732384024285,False,False
[GGH2002] EIS J033334.35-273305.6,53.39306113881,-27.55154689818,2025072800401,-1,r,20250728,r_57,0.2219511628695654,53.39310924290866,-27.55159141986744,745587684763239833,0,242.7949274176925,2432.2344759445737,0.04069776,0.034444228,53.39310924290866,-27.55159141986744,2.0880013e-06,2.1027774e-06,20325.77192770573,422.15838628942345,19496.463081232847,261.1251568048603,False,20161.033900201648,338.5546216811878,False,20862.18921542288,473.46145678118927,False,20008.80224537992,687.062737036981,False,19964.256851194485,957.1967346213888,False,-0.2390049941553426,14.767537906312498,20095.61770303202,190.44526738310668,0.0,0.0108032325395052,False,40867.03515625,686.2606201171875,False,42288.29852294922,959.7209198290508,False,40468.16203200817,1940.267190604185,False,False,-0.4844704664956701,29.934253063405205,False,False
[GGH2002] EIS J033334.35-273305.6,53.39306113881,-27.55154689818,2025081000328,-1,i,20250810,i_39,0.2671033929058493,53.39312653752509,-27.5515931909867,745644849541153393,0,3656.077515663588,2805.9928555880456,0.2178766,0.15464054,53.39312653752509,-27.5515931909867,1.0980025e-05,9.9938125e-06,24971.042456001996,1511.9542990142324,21383.05245587517,892.1894127357348,False,24260.95166156881,1188.747663849301,False,24703.899315888088,1683.9150501389124,False,25274.00863080386,2479.468528786948,False,23984.550668544547,3474.9893259906585,False,0.2090876434627591,55.240267772423806,23700.948228203662,764.2045950300658,0.0,0.001637759903536,False,37736.21484375,1849.013916015625,False,38425.18896484375,2619.2121808364795,False,37306.29241526127,5405.103048494427,False,False,0.3252212174093202,85.92237607845216,False,False
[GGH2002] EIS J033334.35-273305.6,53.39306113881,-27.55154689818,2025081000329,-1,i,20250810,i_39,0.3298701015171923,53.39313316488564,-27.551612612158237,745644849675371104,0,3657.1810464412456,2806.4371375466035,0.58255154,0.26372966,53.39313316488564,-27.551612612158237,2.738384e-05,2.2657772e-05,24974.338781930623,1522.070212177392,22174.592025047816,891.7415553908445,False,23349.764098647905,1187.6489768094916,False,24647.608797914792,1692.6056683332847,False,20766.000807903554,2482.4459783766683,False,22450.211810815003,3477.219857926508,False,-0.3516921920378843,55.09111292776344,23847.03330605025,789.5364445721129,0.0,0.0268244899123897,False,36269.18359375,1844.77490234375,False,38285.12548828125,2629.1240235766086,False,34871.9092169404,5401.164863600172,False,False,-0.5462834068738637,85.57301395934742,False,False
[GGH2002] EIS J033334.35-273305.6,53.39306113881,-27.55154689818,2025081000330,-1,i,20250810,i_39,0.1888810593944576,53.39310160824336,-27.5515851788288,745644849809588818,0,3656.945237614293,2807.1434347811064,0.19773363,0.18783782,53.39310160824336,-27.5515851788288,1.0798107e-05,1.0633556e-05,25060.425833663237,1509.037569974219,21274.237482206445,886.0463923915987,False,24697.529976005422,1180.7822003523297,False,25394.66721649412,1678.8312737023648,False,25636.7741995462,2467.520681560171,False,25272.04689291813,3452.141418892884,False,0.4880872696966853,54.585361798163305,24558.27502474513,781.4085958454043,0.0,0.0162407238010642,False,38506.61328125,1840.99072265625,False,39593.53955078125,2617.5130340455685,False,39402.35875719786,5382.33073261337,False,False,0.7609905832676823,85.10557208032802,False,False
[GGH2002] EIS J033334.35-273305.6,53.39306113881,-27.55154689818,2025081000331,-1,i,20250810,i_39,0.2703137210324207,53.393114648060624,-27.55160509979939,745644849943806577,0,3657.532989650713,2806.9700896685517,0.17959304,0.18332951,53.393114648060624,-27.55160509979939,1.0060443e-05,1.0109499e-05,24769.33805199225,1501.1226367223717,22728.169835793036,882.1315139245762,False,24605.267226308017,1174.874940388044,False,24544.794776371135,1672.7843630622738,False,23614.11157924165,2452.01365280842,False,28065.468561152586,3434.021318790462,False,0.671087853759107,54.264394771417216,24460.49622051141,735.6989819879113,0.0,0.0135170132336127,False,38511.32421875,1838.8741455078125,False,38416.6748046875,2618.1849748442146,False,43927.11321395636,5374.812927885549,False,False,1.0503637972177382,84.9327780655793,False,False
[GGH2002] EIS J033334.35-273305.6,53.39306113881,-27.55154689818,2025081000332,-1,i,20250810,i_39,0.2681172874139337,53.39310850221502,-27.5516084082326,745644850078024361,0,3657.75748327649,2786.019663257127,0.13241488,0.12867253,53.39310850221502,-27.5516084082326,7.2876064e-06,7.2215544e-06,26529.988322381934,1483.578315711716,23644.80562432564,875.2117299618774,False,25799.44633561768,1165.1364046262706,False,26686.121865466648,1656.0207250366468,False,27565.900398668568,2434.7965908170654,False,29056.90701285421,3405.5749668806066,False,-0.5622275712810283,53.51673054551781,25635.82292181439,675.484466451769,0.0,0.0127370195192967,False,40636.1796875,1835.1824951171875,False,42032.76416015625,2608.364337490038,False,45766.93930470944,5364.051402233276,False,False,-0.8855531360880885,84.29310654364146,False,False
[GGH2002] EIS J033334.35-273305.6,53.39306113881,-27.55154689818,2025081000333,-1,i,20250810,i_39,0.2489345182098013,53.39311759611451,-27.551594605970703,745644850212242137,0,3650.650250038369,2771.1561644116828,0.12114838,0.11892852,53.39311759611451,-27.551594605970703,6.690052e-06,6.651136e-06,25774.288092032744,1477.1626969439153,24385.688083926794,871.5985727097888,False,25979.26276696328,1160.6797581798482,False,26239.60815395257,1651.6937352178777,False,26234.484088347723,2425.980246372032,False,27839.008838152404,3393.521702050345,False,-0.1832959400912788,53.99318591919951,24819.9259205775,628.3212229172204,0.0,0.0417421342779265,False,41045.3828125,1833.791259765625,False,41456.7099609375,2609.55833347346,False,43983.64900237322,5361.52232619588,False,False,-0.2895945160765246,85.30538395948011,False,False
[GGH2002] EIS J033334.35-273305.6,53.39306113881,-27.55154689818,2025081300305,-1,r,20250813,r_57,0.2319725372736951,53.39310925243193,-27.55159519371663,745658040621990521,0,3018.6592186665885,1542.097033060361,0.02793713,0.03620866,53.39310925243193,-27.55159519371663,1.9113306e-06,1.6759417e-06,20147.57099389195,811.6649729320928,20058.09504788707,489.5948517184196,False,20712.89363793323,648.8933501101068,False,20847.081830283856,922.0008085096682,False,24257.39205748434,1350.0712476511646,False,27178.23789867264,1887.5781183260888,False,2.2742399007794103,29.828018639046235,19457.370909037883,221.8812325602148,0.0,0.0003390368098672,False,42184.734375,1321.56298828125,False,42458.02758789063,1877.7849140925991,False,55352.32143694162,3844.319529928978,False,False,4.63181088052836,60.74897429668202,False,False
[GGH2002] EIS J033334.35-273305.6,53.39306113881,-27.55154689818,2025081300306,-1,r,20250813,r_57,0.203128634153893,53.39310516589677,-27.55158764213419,745658040756207634,0,4044.193846359681,47.90357834544683,0.028234998,0.034963753,53.39310516589677,-27.55158764213419,1.8649963e-06,1.6623542e-06,20218.46780162165,812.7547549212902,19388.506432590384,490.9041239652718,False,19580.132886795906,650.5018071534936,False,18540.2240004308,922.8935914186934,False,18812.901559382964,1353.375967858696,False,18972.37184982205,1892.1355772688416,False,-0.479405245087642,29.61819009405557,19247.764549369447,226.83830446028884,1.0,0.0034856154868965,False,39705.1875,1319.1072998046875,False,37596.4287109375,1871.4716238998924,False,38472.7512306571,3836.929928169349,False,False,-0.9721525004319392,60.06066444463031,False,False
[GGH2002] EIS J033334.35-273305.6,53.39306113881,-27.55154689818,2025081300307,-1,r,20250813,r_57,0.2173444116744769,53.393106115110406,-27.55159222893293,745658040890950227,0,461.5557614722387,1628.0481881121618,0.03809983,0.048506223,53.393106115110406,-27.55159222893293,2.5836512e-06,2.2533143e-06,20098.39133613649,815.7270533419156,19952.295037726737,490.521050640287,False,20002.09842972517,649.8156632464764,False,20458.145733548816,923.1776558387514,False,20612.92238965171,1351.0645771173454,False,22137.40707659824,1890.430153295564,False,-0.0838162945914182,30.504622001630096,19997.21698592848,263.4460800641374,0.0,0.0002127096202925,False,40745.7265625,1323.7216796875,False,41674.72802734375,1880.5799034322788,False,45095.50528985262,3850.943458873098,False,False,-0.1707398767635601,62.140129513797184,False,False
[GGH2002] EIS J033334.35-273305.6,53.39306113881,-27.55154689818,2025081300308,-1,r,20250813,r_57,0.2142708619582485,53.39310374004793,-27.551592898363925,745658041025167702,0,2777.1879202208,851.4512457865542,0.032698628,0.037369754,53.39310374004793,-27.551592898363925,2.027944e-06,1.8712564e-06,20888.030640058405,812.2441780522921,19799.865599222496,489.0037615114488,False,20407.0559011216,648.1364340839998,False,19676.310543218176,920.5483179254026,False,19376.50114723188,1348.1171342538712,False,18770.567204629464,1886.908144915799,False,-0.7519938783859091,29.728475238818618,20250.0204063988,245.4076233804165,0.0,2.501421795553238e-05,False,41645.74609375,1322.6859130859375,False,40154.475830078125,1878.6110892773572,False,38306.07803630829,3850.712120657897,False,False,-1.5346332305382988,60.66845396753818,False,False
[GGH2002] EIS J033334.35-273305.6,53.39306113881,-27.55154689818,2025081300309,-1,r,20250813,r_57,0.2233117532898351,53.39310526418783,-27.55159503726524,745658041160958083,0,2310.879254141101,332.5607720755945,0.03375012,0.037615992,53.39310526418783,-27.55159503726524,2.0526913e-06,1.916605e-06,21112.683476769787,811.7454971591017,19917.26710046151,488.605749756318,False,20623.367647081817,647.4525034375317,False,20011.777870448583,918.4356081019996,False,20910.718663196527,1346.4047117905325,False,22348.676691495755,1884.5381628607915,False,0.2494156767115624,30.174791677289623,20145.32094095529,244.55283308225455,0.0,7.195736201015546e-05,False,41865.3984375,1314.327392578125,False,40623.872314453125,1864.4225972385525,False,45367.77262818813,3825.609008624017,False,False,0.5063133655363878,61.25477167241606,False,False
[GGH2002] EIS J033334.35-273305.6,53.39306113881,-27.55154689818,2025081300310,-1,r,20250813,r_57,0.2183041166968576,53.3931116671888,-27.55158776790699,745658041293603066,0,752.8663415252073,604.4731512418333,0.03454444,0.034916632,53.3931116671888,-27.55158776790699,1.9375689e-06,1.9228962e-06,20808.142508477533,810.243566646864,19937.096624418933,488.12144774988434,False,21075.62323807982,647.0138867303655,False,21619.47542636396,918.4050334136916,False,22659.201465894464,1344.5719471172447,False,25192.11311905417,1882.366934393818,False,1.1040809460545795,29.371798470903023,19680.740789818225,240.57166320980213,0.0,0.0002602976443435,False,43097.0859375,1323.064697265625,False,44209.197509765625,1878.0265809149369,False,51514.80702489615,3849.211414583532,False,False,2.2577112371271317,60.0617551632968,False,False
[GGH2002] EIS J033334.35-273305.6,53.39306113881,-27.55154689818,2025081300333,-1,z,20250813,z_20,0.2266161060688304,53.39311191565687,-27.551590897062542,745658044378514882,0,2315.087292270953,3216.8224651525743,0.033272568,0.038594425,53.39311191565687,-27.551590897062542,2.0054838e-06,2.0004145e-06,27402.7015573899,1486.5061580696113,26215.180099476995,894.1910718476996,False,26894.61983824135,1188.3332769900687,False,25064.36931891984,1687.4373586690224,False,26869.52534672838,2479.125343451789,False,30123.1767718839,3467.93851130564,False,-0.1507642777795632,55.38303813180511,28214.946410585657,400.7293096443205,0.0,0.0108490233359527,False,32516.2421875,1436.7235107421875,False,30303.42529296875,2040.152348712476,False,36419.64516556263,4192.821062472623,False,False,-0.1822776376460715,66.95942503759446,False,False
[GGH2002] EIS J033334.35-273305.6,53.39306113881,-27.55154689818,2025081300334,-1,z,20250813,z_20,0.2305879667451549,53.393113093054346,-27.551591405980982,745658044512731910,0,3178.1453207391164,1745.3872006112106,0.036871735,0.037334785,53.393113093054346,-27.551591405980982,2.0632706e-06,2.0613545e-06,28513.28768834327,1477.41109801085,26807.246393698057,887.4870622036021,False,27886.015347302942,1179.491624422988,False,28545.144818364268,1677.6021020441444,False,28406.56216774097,2461.057980321709,False,29153.57108839175,3442.2336061527917,False,-0.6482242058052985,55.06569429682416,27457.257643828245,390.5002275135881,0.0,0.0029975594993206,False,33733.24609375,1426.811279296875,False,34530.583984375,2029.367188206785,False,35266.58706122637,4164.012387655779,False,False,-0.7841459737441717,66.61204886762826,False,False
[GGH2002] EIS J033334.35-273305.6,53.39306113881,-27.55154689818,2025081300335,-1,z,20250813,z_20,0.2274766588238252,53.39311084536697,-27.55159218162765,745658044647474993,0,465.8118188633192,3575.488269907303,0.03124877,0.032923657,53.39311084536697,-27.55159218162765,1.7883409e-06,1.7795129e-06,29815.621911162423,1471.013661756764,26546.50352984703,885.3076267798259,False,26964.40610961016,1176.399041753301,False,24226.92351769667,1674.5475887732307,False,23676.3255635182,2454.4089426765127,False,26092.01651312152,3437.257868122312,False,-4.895300827839984,54.507373308586175,27575.489688976893,369.81688237138127,0.0,0.0004031401254132,False,32597.189453125,1422.145263671875,False,29287.85498046875,2024.3555440318144,False,31542.56029355526,4155.290699560208,False,False,-5.917914448643002,65.89379966721917,False,False
[GGH2002] EIS J033334.35-273305.6,53.39306113881,-27.55154689818,2025081300336,-1,z,20250813,z_20,0.2315448709503306,53.39311306084281,-27.551591816952957,745658044781692332,0,1373.5324269394166,3149.337470240253,0.03458819,0.03429663,53.39311306084281,-27.551591816952957,1.9134727e-06,1.914963e-06,27404.213724213576,1461.6876811869795,26946.98657149176,878.6116226592723,False,26751.245274604506,1166.9778811053525,False,25896.283209110952,1662.7629109067875,False,24207.133580767888,2440.230903566361,False,24061.65398973757,3410.7285843430072,False,-1.3854732065685245,52.843812148545865,28043.87892538936,384.3424900926515,0.0,0.0013121781243643,False,32271.939453125,1407.808837890625,False,31240.53759765625,2005.909759895432,False,29027.293224215508,4114.605702840036,False,False,-1.6713953678542317,63.749268066751554,False,False
[GGH2002] EIS J033334.35-273305.6,53.39306113881,-27.55154689818,2025081300337,-1,z,20250813,z_20,0.2385529009942157,53.393110489386615,-27.55159666363096,745658044917481925,0,2432.6222205556423,1058.046295056463,0.037573792,0.03919309,53.393110489386615,-27.55159666363096,2.1410485e-06,2.126269e-06,27932.913428962733,1481.4396798915752,28069.777108192146,891.2012004923537,False,28704.99674231696,1183.4934955511208,False,28105.23617681133,1682.5013548543443,False,32647.26715606584,2468.1200271191674,False,33275.039450837205,3451.429373031924,False,2.5449638787384936,53.46971179697109,28098.567469695536,404.808680984187,0.0,7.435389274978998e-05,False,34515.28515625,1423.0489501953125,False,33794.124755859375,2023.0629029462589,False,40010.36772590876,4150.046421403583,False,False,3.060099772020564,64.29272110574007,False,False
[GGH2002] EIS J033334.35-273305.6,53.39306113881,-27.55154689818,2025082600425,-1,g,20250826,g_6,0.231035353322605,53.39311222123137,-27.551592367846485,745715231333287759,745715231333286378,2430.814744241895,1227.8336296274422,0.076381356,0.07911585,53.39311222123137,-27.551592367846485,4.366202e-06,4.2776896e-06,11473.271255183558,277.1825379602798,10559.00561097298,170.55899291507572,False,11457.2109946948,220.56208918236956,False,11917.32163335553,307.1327249857653,False,12313.02272476123,444.3727127311906,False,12206.246278669085,618.1068010765603,False,-0.0468044156602034,9.67079904157971,11274.329380645531,153.0177011458196,0.0,0.0022070361782061,False,24299.42578125,467.7868041992188,False,25275.267486572266,651.3931583559423,False,25888.04340371489,1310.93338026161,False,False,-0.0992667783718497,20.510651646815525,False,False
[GGH2002] EIS J033334.35-273305.6,53.39306113881,-27.55154689818,2025082600426,-1,g,20250826,g_6,0.2341523606548895,53.39311038785834,-27.551595105678327,745715231468029832,745715231468028563,803.6703280115794,1624.4109187415932,0.079373874,0.072654076,53.39311038785834,-27.551595105678327,4.1177814e-06,4.335776e-06,11140.218911338334,284.0004455509282,10301.86976886416,173.93828210808604,False,11315.600750303996,225.2291335105241,False,11622.635991071422,313.9846969334662,False,12330.166170048951,454.9862623716433,False,12963.477956215684,633.1264262251804,False,0.018554488839238,10.004712125142104,11382.299524812286,160.48044812721193,0.0,0.0200716988801704,False,23659.3671875,470.9231872558594,False,24301.335710525516,656.4988814937828,False,27104.852120637894,1323.7804094288808,False,False,0.0387948880586044,20.918479097772284,False,False
[GGH2002] EIS J033334.35-273305.6,53.39306113881,-27.55154689818,2025082600428,-1,g,20250826,g_6,0.2005536559827294,53.39310513226104,-27.551586674941337,745715231736465614,745715231736464725,466.8268019011571,3411.1468378343816,0.08279349,0.08675805,53.39310513226104,-27.551586674941337,4.7848844e-06,4.6396704e-06,11315.963192984493,288.634366459068,10395.155065959638,175.9755110329744,False,11389.85090615964,227.90054908181247,False,12135.348606468566,317.45139033178043,False,12293.025046696976,459.0373275833443,False,12427.171033548497,638.6392568449943,False,0.0381405200974372,9.99134165590929,11395.411468602671,161.16025527518033,0.0,0.000875532798051,False,23481.5078125,469.8435974121094,False,25018.43838500977,654.4631148888377,False,25620.064399063587,1316.6294117919458,False,False,0.07863113644064,20.59831766750454,False,False
[GGH2002] EIS J033334.35-273305.6,53.39306113881,-27.55154689818,2025082600429,-1,g,20250826,g_6,0.2168294477979183,53.39310243996842,-27.55159471938592,745715231870683081,745715231870682160,58.156199158208885,2968.677092589124,0.081582144,0.07988055,53.39310243996842,-27.55159471938592,4.456987e-06,4.5172474e-06,11575.352576505626,299.9809618907965,10176.530308891974,180.02010998832228,False,11223.893909688006,233.5225869825144,False,11608.952357708324,325.01531880593086,False,11669.267350327698,470.9191823553302,False,12151.57748192634,655.9533693021725,False,-0.0534056354030761,10.398000719246904,11395.528644270713,174.52536223408208,0.0,0.0015488098183766,False,22498.9765625,468.1101989746094,False,23270.849592208862,651.5129329542435,False,24358.57458767295,1314.89834105468,False,False,-0.1070548375552696,20.84342353568248,False,False
[GGH2002] EIS J033334.35-273305.6,53.39306113881,-27.55154689818,2025082600430,-1,g,20250826,g_6,0.240007653834856,53.3930741877164,-27.551612555502704,745715232003852270,745715232003850588,3993.489209609045,723.1978878071892,0.1318512,0.08758044,53.3930741877164,-27.551612555502704,5.3165995e-06,7.010573e-06,11204.655626835069,276.9522525881016,10286.8804358012,170.69181851845462,False,10917.510242397544,220.5413673971634,False,10921.3465525506,307.0400242518727,False,10608.190272788526,444.7018592570408,False,11476.991331221325,620.354895134461,False,0.2708162536185165,9.687726447323104,10314.297294680708,142.8670418611807,1.0,0.0697524648034209,False,23093.935546875,466.5137023925781,False,23102.05053806305,649.485310565325,False,24277.41235780716,1312.2438767025585,False,False,0.5728607500475965,20.49255967733393,False,False
[GGH2002] EIS J033334.35-273305.6,53.39306113881,-27.55154689818,2025082600441,-1,i,20250826,i_39,0.2288625936444856,53.39310919715732,-27.551594079247987,745715233452985028,745715233452983851,1654.760773597367,3300.9299082371367,0.054631967,0.05561999,53.39310919715732,-27.551594079247987,3.0391793e-06,3.088017e-06,25186.59959667601,598.9612648752554,24101.70042850823,365.7121297778223,False,25334.454429717254,477.9802179042486,False,26344.78971940596,670.4442192582171,False,26996.11963817839,977.6993683445864,False,28305.01284549096,1363.9619103577145,False,0.8921166564735283,21.62999231480696,25321.994331605147,293.5412898162333,0.0,0.0008103630667175,False,42439.47265625,800.697265625,False,44131.95421409607,1123.1068420946272,False,47415.657677710056,2284.865630691964,False,False,1.4944454617575131,36.2338754894353,False,False
[GGH2002] EIS J033334.35-273305.6,53.39306113881,-27.55154689818,2025082600442,-1,i,20250826,i_39,0.2240323484290469,53.3931069118696,-27.55159407668736,745715233586678080,745715233586676146,3880.300841775136,781.6715971911076,0.045677725,0.049768124,53.3931069118696,-27.55159407668736,2.548892e-06,2.755399e-06,25388.65915211372,587.898852684198,24634.872833841004,360.6353230207276,False,25482.56409133755,470.51524683872776,False,25449.58315597619,660.8508100783438,False,27482.40045385696,962.7372234708058,False,29733.28797094181,1343.552218322135,False,1.065865386042337,20.992933526203768,25807.011978046903,273.13722128646367,0.0,0.0004296672323966,False,42992.2421875,793.8175048828125,False,42936.5992641449,1114.9371772345237,False,50163.73991626501,2266.7390202422225,False,False,1.7982469366802285,35.41767928649867,False,False
[GGH2002] EIS J033334.35-273305.6,53.39306113881,-27.55154689818,2025082600443,-1,i,20250826,i_39,0.229382944003817,53.39310685884873,-27.55159605933681,745715233721420495,745715233721419348,948.5830314151456,3254.1004684251598,0.051165406,0.058914836,53.39310685884873,-27.55159605933681,2.860243e-06,3.2590794e-06,25492.373289716856,593.4010102564416,24515.12066845661,362.3867742923328,False,25484.86168291188,473.00016553537546,False,26371.53461258192,664.286425905439,False,27188.91128395222,966.3373857456114,False,27924.81811473694,1349.36414626149,False,0.4918149806729282,21.042643556156065,25529.275157778025,287.704472176671,0.0,0.0008388098404044,False,42683.453125,792.206787109375,False,44168.50189244747,1112.58357508452,False,46770.02684396505,2259.9895578058768,False,False,0.8237188780899494,35.24338099341202,False,False
[GGH2002] EIS J033334.35-273305.6,53.39306113881,-27.55154689818,2025082600444,-1,i,20250826,i_39,0.2294032275156464,53.393107666609104,-27.55159546736252,745715233857210440,745715233857208374,1228.450771270287,34.35860374824906,0.051351573,0.053640973,53.393107666609104,-27.55159546736252,2.858408e-06,2.9774626e-06,25218.12456619971,586.8561845835183,24053.01439506929,359.02425349085183,False,25284.78819798801,468.93235577565713,False,26303.620560451676,659.736336045426,False,26927.656914986223,961.7914134731316,False,,,True,0.6155855677002352,21.53570076999329,25648.41751565298,283.3983089356438,0.0,0.0022272646568141,False,42564.05859375,789.3941650390625,False,44279.14673423767,1110.5909151375824,True,,,False,False,1.0362681295920295,36.25289728566529,False,False
[GGH2002] EIS J033334.35-273305.6,53.39306113881,-27.55154689818,2025082600445,-1,i,20250826,i_39,0.2053735345693562,53.3931085460552,-27.551585471367424,745715233989855534,745715233989853748,1940.603231957796,1081.5963525831896,0.045114946,0.05792302,53.3931085460552,-27.551585471367424,2.5266033e-06,3.202693e-06,24612.740876411804,586.2764878171514,23888.05248707561,358.9490212704153,False,24833.29595167937,468.6431249177364,False,25963.44680491816,660.4883421134299,False,26139.04998345816,960.4924823162148,False,25510.099171279348,1338.6106125024462,False,-0.0484203844037414,21.223606738718058,25398.67967855554,276.7279497832238,0.0,0.0022412090013016,False,41834.7421875,789.4869995117188,False,43738.62033843994,1112.6738699498342,False,42974.90047574043,2255.054261522793,False,False,-0.0815700945251765,35.753776620340794,False,False
[GGH2002] EIS J033334.35-273305.6,53.39306113881,-27.55154689818,2025082600446,-1,i,20250826,i_39,0.2156178356006856,53.393106920938514,-27.55159094029696,745715234125643904,0,2288.536780018756,226.9935210373264,0.03861876,0.038557492,53.393106920938514,-27.55159094029696,2.1462276e-06,2.1426538e-06,25596.18020691328,583.0010034291046,24713.88432015148,358.20257025008164,False,25630.91295297097,467.1921938900255,False,26087.14046896782,655.2050128530735,False,27273.91813598149,953.6010180264392,False,29627.411152232955,1331.5068958226286,False,0.954289230157086,21.08493647589274,25107.244246458315,250.76044392432328,0.0,0.0165513719651931,False,43175.91796875,786.9970092773438,False,43944.44470214844,1103.709334878725,False,49908.11977249384,2242.95687845169,False,False,1.6075242265199148,35.51810617631263,False,False
[GGH2002] EIS J033334.35-273305.6,53.39306113881,-27.55154689818,2025090600252,-1,z,20250906,z_20,0.1290426415880434,53.393097168703726,-27.551563160485088,745763586595357526,745763586595356888,2210.578901911429,1217.5010113902413,0.38688007,0.31407204,53.393097168703726,-27.551563160485088,1.9445186e-05,1.9707217e-05,26832.510825307305,2119.2753624036663,24421.44676374168,1231.8020171945864,False,26899.43960460152,1642.452474828233,False,28462.523059592662,2341.9779298611293,False,30502.829002980547,3446.8767289169145,False,31786.011133903063,4814.029229531911,False,0.9346441508003414,77.51698085627793,27668.195517398577,1252.1576140124994,0.0,0.1106857726876373,False,30075.826171875,1836.3994140625,False,31823.484375,2618.5274545578927,False,35539.42236763239,5382.487829559075,False,False,1.045010432381727,86.67047625792028,False,False
[GGH2002] EIS J033334.35-273305.6,53.39306113881,-27.55154689818,2025090600253,-1,z,20250906,z_20,0.3068168386286323,53.39311055185172,-27.55162000334948,745763586730099746,745763586730099396,1330.7783840640147,3854.2428332952272,0.22965634,0.27816078,53.39311055185172,-27.55162000334948,1.4167537e-05,1.4179869e-05,27407.841133500453,2293.736843279763,22637.323133296737,1297.6893629053895,False,25528.90835007368,1730.578992077081,False,28543.692258015504,2469.637097250915,False,23812.29695788373,3624.350776137408,False,30224.347740238933,5071.545691170262,False,-0.4944183842681877,80.66796884307473,27291.60146630052,1375.7031472923236,0.0,0.1828200459353605,False,27051.984375,1833.8267822265625,False,30246.6328125,2616.9777121143247,False,32027.55760651827,5374.118349022179,False,False,-0.5239157986125621,85.4806873361487,False,False
[GGH2002] EIS J033334.35-273305.6,53.39306113881,-27.55154689818,2025090600254,-1,z,20250906,z_20,0.2457044932361443,53.39311251756155,-27.55159772372204,745763586865365954,745763586865365073,121.67423380435493,379.1950328875851,0.44029638,0.7290582,53.39311251756155,-27.55159772372204,3.2915697e-05,3.3991626e-05,22071.2453678028,2091.715883959854,23657.975319356217,1222.2473918400322,False,24614.971387188885,1629.0426660096784,False,27933.39154792867,2322.548782596352,False,30082.675345501968,3410.2699864661768,False,36106.5699103967,4773.396882408551,False,1.015756502649568,76.37374616743308,26755.27145578103,1135.3913723419505,0.0,0.2449057223750512,False,27547.828125,1823.1419677734373,False,31261.6357421875,2599.278856289549,False,40408.64262765646,5342.143804296291,False,False,1.1367831841724123,85.47362495728257,False,False
[GGH2002] EIS J033334.35-273305.6,53.39306113881,-27.55154689818,2025090600255,-1,z,20250906,z_20,0.0920012510695949,53.393086847996415,-27.55155845475055,745763586999059331,745763586999058845,1298.7460619521908,2297.43638995085,0.9853184,1.1567582,53.393086847996415,-27.55155845475055,5.9077305e-05,6.0323062e-05,30728.72199590892,2423.2929569097105,21534.118302668056,1348.103699637483,False,26843.330775941427,1799.5393514812347,False,26062.447726984617,2567.8280331487176,False,23198.00590921747,3766.865752021373,False,24753.511172137823,5276.583493371836,False,0.7183273649373597,83.97093042129642,26308.51914305225,1453.3299022036117,0.0,0.0061973320431306,False,26973.23828125,1808.2481689453125,False,26188.576171875,2580.254960963009,False,24873.305057287216,5302.119363115344,False,False,0.7218036889730315,84.3773052553482,False,False
[GGH2002] EIS J033334.35-273305.6,53.39306113881,-27.55154689818,2025090600256,-1,z,20250906,z_20,0.2123874399855383,53.3931016290104,-27.55159371583612,745763587131704420,745763587131703945,2963.0540063628364,3014.186939893389,0.20401783,0.20240325,53.3931016290104,-27.55159371583612,1.1304183e-05,1.1276587e-05,26796.09834985748,2185.449759727449,29553.656222186462,1267.503710672095,False,35915.4690091583,1689.4562828344456,False,47040.4364373034,2404.739323167001,False,62664.98111381791,3532.679796795392,False,75504.7651318869,4944.427697731386,False,5.567388459187172,77.9528268930726,31863.309233504093,1120.5078757622894,1.0,0.5251723743157559,False,39423.42578125,1854.4698486328125,False,51634.99755859375,2639.616433964797,False,82879.51087450981,5427.362742292594,False,False,6.111169692930512,85.56668116109053,False,False
[GGH2002] EIS J033334.35-273305.6,53.39306113881,-27.55154689818,2025090600257,-1,z,20250906,z_20,0.2401659472948293,53.39310999770129,-27.551597634163777,745763587269067898,745763587269067401,2131.66779106235,2901.246781747312,0.17125459,0.21308598,53.39310999770129,-27.551597634163777,1.0430692e-05,1.1050256e-05,28720.85244101772,2137.0186841856066,25246.46199639941,1240.3278971834427,False,28419.650492250235,1653.9459757257653,False,32430.098285647044,2357.5330701855164,False,35411.84162317785,3460.7648207907146,False,44422.54375381746,4845.987417516449,False,2.469447433532729,76.92766266828859,28097.947662099392,1072.3050588786657,0.0,0.0029169935904257,False,31163.13671875,1813.609375,False,35560.732421875,2585.117132429188,False,48710.86661577225,5313.794005685889,False,False,2.707835130200909,84.35386177037893,False,False
[GGH2002] EIS J033334.35-273305.6,53.39306113881,-27.55154689818,2025090600258,-1,z,20250906,z_20,0.1723721844859442,53.39308091518066,-27.55159145351151,745763587403284697,0,1267.7914031900357,847.5427575101429,0.26405466,0.28927928,53.39308091518066,-27.55159145351151,1.5158071e-05,1.5615551e-05,22884.427430244727,2105.837743030138,23405.172148796104,1226.856445532678,False,24194.259143620427,1635.4556398284424,False,27705.388213794085,2335.8868595446606,False,29193.034263918824,3424.890855496069,False,30948.57977728823,4795.56002712882,False,2.346629393007055,76.7057899277559,26178.18099632256,1035.4075159955037,0.0,0.0974313795759612,False,26821.138671875,1813.0244140625,False,30713.48681640625,2589.504601473936,False,34308.80627411604,5316.235547176819,False,False,2.6014135001085985,85.03408252244562,False,False
[GGH2002] EIS J033334.35-273305.6,53.39306113881,-27.55154689818,2025090600260,-1,z,20250906,z_20,0.2816272523344336,53.3931252752168,-27.55160062432641,745763587664904690,0,3704.795254924449,2432.668468317623,0.24438968,0.24298398,53.3931252752168,-27.55160062432641,1.3562109e-05,1.3511291e-05,25509.75320959895,2184.653952703444,23283.6701626912,1256.0454067132057,False,24457.606425797934,1674.1914577687207,False,26912.52433380848,2386.740746190174,False,27687.973700131803,3503.2519916464707,False,26399.33555146766,4905.368895810379,False,1.3137392214977963,77.97997036232714,26027.270296261515,1098.243375754396,0.0,0.0544411983854774,False,26271.275390625,1798.3421630859375,False,28908.2392578125,2563.730985671962,False,28356.994643211365,5269.129566927199,False,False,1.411160367803976,83.7626234013059,False,False
[GGH2002] EIS J033334.35-273305.6,53.39306113881,-27.55154689818,2025090600261,-1,z,20250906,z_20,0.2518858881421195,53.39311536743816,-27.55159773114321,745763587826910042,745763587826909214,1730.8670136185256,117.95271208376128,0.15380496,0.1582315,53.39311536743816,-27.55159773114321,8.609874e-06,8.736e-06,24215.600747145338,2300.328414261032,23323.63762035884,1308.3881527939063,False,25425.459979493862,1744.2149666724686,False,30395.314344588376,2483.3921848678237,False,33983.859683875795,3651.002186076144,False,39911.53798714317,5108.25384563456,False,1.433868872294456,81.01971704102704,25620.71299685388,1206.221949079671,0.0,0.0651045804091414,False,26297.47265625,1804.0360107421875,False,31437.777271270752,2568.56466427659,False,41280.37721765041,5283.4507590069925,False,False,1.4830460291464944,83.7984364971923,False,False
[GGH2002] EIS J033334.35-273305.6,53.39306113881,-27.55154689818,2025090600262,-1,z,20250906,z_20,0.2136359144465761,53.393082876969125,-27.55160302466389,745763587940155921,0,371.2905518257016,2211.7985304097724,0.22286999,0.23591526,53.393082876969125,-27.55160302466389,1.2545318e-05,1.2959708e-05,29546.585690822227,2138.3075129309177,27110.733492037667,1238.6736377571312,False,29369.63563670992,1651.06687347088,False,30394.12528201057,2353.066057861908,False,31589.424484579387,3453.237522612704,False,35583.73656432895,4832.227623890546,False,1.5591922287868285,76.50476471987672,28471.251211823605,1082.5876590699277,1.0,0.1768943022489434,False,31927.169921875,1794.84326171875,False,33040.873046875,2557.973166437608,False,38682.4003469944,5253.022351298554,False,False,1.6949680903470905,83.16686843712567,False,False
[GGH2002] EIS J033334.35-273305.6,53.39306113881,-27.55154689818,2025090600263,-1,z,20250906,z_20,0.2070729078763392,53.39310630613564,-27.551588189435368,745763588074898389,745763588074897504,2608.07022992077,408.4363706021852,0.26754475,0.2186208,53.39310630613564,-27.551588189435368,1.4418815e-05,1.2678604e-05,27029.76641052487,2127.8246505457137,24270.490395426677,1232.418373627111,False,26571.417888019525,1642.8173763485615,False,27153.51039648925,2341.4603240965025,False,28818.30541365254,3436.0844492892165,False,35168.742653689435,4811.070005842973,False,1.9013254690867665,76.3958617982917,26975.633921595974,1071.764234353494,0.0,0.024517680278275,False,29053.3671875,1796.267578125,False,29689.8310546875,2560.168480192789,False,38453.73996022344,5260.45633069308,False,False,2.0789220669037003,83.53174955831103,False,False
[GGH2002] EIS J033334.35-273305.6,53.39306113881,-27.55154689818,2025090600265,-1,z,20250906,z_20,0.2505653950416031,53.39311590047716,-27.551596769303604,745763588342285214,0,3341.2609673189786,3969.370018355215,0.17934185,0.145231,53.39311590047716,-27.551596769303604,9.74486e-06,8.333879e-06,27590.172049205583,2072.7493250710977,26577.45791786123,1209.3660955764774,False,27199.79752877179,1611.02286203775,False,29333.92671383924,2297.6250718458027,False,26027.491391656746,3373.634637693515,False,,,True,-0.2478211617152428,74.79817117853804,29097.501328471804,1027.0152939458462,0.0,0.0692934122022441,False,30294.12109375,1794.2972412109375,False,32671.03466796875,2559.009201480472,True,,,False,False,-0.2760139767457442,83.30741627310898,False,False
[GGH2002] EIS J033334.35-273305.6,53.39306113881,-27.55154689818,2025090600266,-1,z,20250906,z_20,0.2315384683762599,53.39311611927113,-27.551588856078915,745763588475453479,0,3193.1422035687697,123.3746820441158,0.17991868,0.14752322,53.39311611927113,-27.551588856078915,9.822332e-06,8.405282e-06,24149.431498509923,2008.27073287082,24104.192224175724,1179.1557145540637,False,22991.65538940856,1570.3948292223515,False,21374.403081521126,2238.019397348147,False,19690.026621174737,3287.891170996384,False,10118.369113586845,4598.523303689732,False,-2.7183005372474747,72.57732445578173,26559.73215271992,918.3703240592964,0.0,0.1595623977701703,False,26021.970703125,1777.3739013671875,False,24191.5634765625,2532.991827010724,False,11451.976822793484,5204.6117019210415,False,False,-3.076574337275779,82.1430635903478,False,False
[GGH2002] EIS J033334.35-273305.6,53.39306113881,-27.55154689818,2025090600268,-1,z,20250906,z_20,0.2776342973744032,53.39310520651856,-27.55161338962491,745763588746511135,0,997.2195801237292,3497.3649254669976,0.6941973,0.6755667,53.39310520651856,-27.55161338962491,3.8526672e-05,3.7618905e-05,27808.15760646456,2088.561936209774,25142.72437128893,1212.3027916693934,False,28626.57444658539,1616.1388218474087,False,28849.94252509261,2302.5494410166643,False,32692.230588338058,3380.517654149572,False,31084.36365560365,4733.55229825592,False,-1.5597765775558383,74.02557385258235,27013.30265530339,1065.903347721024,0.0,0.0914640068477957,False,31294.828125,1766.7774658203125,False,31539.01611328125,2517.167715626781,False,33981.70534837246,5174.761858811491,False,False,-1.7051617544771642,80.92542175780267,False,False
[GGH2002] EIS J033334.35-273305.6,53.39306113881,-27.55154689818,2025090600269,-1,z,20250906,z_20,0.2280431748760464,53.39311636364141,-27.551587089568176,745763588880203910,0,209.2854780499152,472.831421085577,0.14837936,0.14863937,53.39311636364141,-27.551587089568176,8.249061e-06,8.257706e-06,27017.76431039581,2049.0345753656097,25491.584660422443,1194.879760677377,False,27142.294322544527,1592.0110837390712,False,30039.551518781755,2269.437628351708,False,31959.352075213494,3331.476977255028,False,33198.74713147124,4660.579052653364,False,1.06907869644166,73.42706862196853,27202.96676785513,996.49336592883,0.0,0.0115561589492622,False,30323.06640625,1778.576904296875,False,33559.849609375,2535.3902323648517,False,37089.26746976376,5206.746578818212,False,False,1.1943627137953956,82.03189647055213,False,False
[GGH2002] EIS J033334.35-273305.6,53.39306113881,-27.55154689818,2025090600270,-1,z,20250906,z_20,0.2312658344287163,53.39311297318683,-27.5515917856014,745763589017043225,0,1988.9360273067205,1094.9025385272153,0.1869937,0.16388436,53.39311297318683,-27.5515917856014,1.0348995e-05,9.152155e-06,28307.15052281829,1999.5375700053892,25939.7577758232,1179.118923889588,False,27888.00136717914,1571.0808334143212,False,27797.418872177557,2231.0649287946085,False,27974.850385203332,3283.425422554208,False,38033.731238600834,4597.040228253271,False,1.905357991102454,73.17854426949624,27757.783637650424,926.6120062704956,0.0,0.0044940339093249,False,31586.556640625,1779.4403076171875,False,31483.9609375,2526.952642264987,False,43077.83086371422,5206.707703329443,False,False,2.158049883684178,82.88361015957345,False,False
[GGH2002] EIS J033334.35-273305.6,53.39306113881,-27.55154689818,2025090600271,-1,r,20250906,r_57,0.4436211072839759,53.3931509035077,-27.55164098008165,745763589149164003,0,2773.0,3695.0,1.6724613,1.2126892,53.3931509035077,-27.55164098008165,9.252825e-05,6.7980036e-05,19284.67872556956,1839.620343183604,17261.759915312967,1069.5127727469107,True,18994.919523982466,1427.1730957787113,True,21721.50313992068,2026.886721661608,True,17895.078442371927,2987.8643590311067,True,23682.738666027173,4188.14548721076,True,0.3882412610176838,65.91290614118228,18744.686950725158,930.7422208553828,,,True,34448.49609375,2588.269287109375,True,39393.3291015625,3675.888135534178,True,42950.15461349487,7595.468529049492,True,True,0.7041002488436026,119.53725241454327,True,False
[GGH2002] EIS J033334.35-273305.6,53.39306113881,-27.55154689818,2025090600272,-1,r,20250906,r_57,0.2674807284958264,53.39312837095638,-27.55159125406987,745763589283381529,0,2641.617530050796,1903.7068272744775,0.29385978,0.22202554,53.39312837095638,-27.55159125406987,1.6228212e-05,1.247906e-05,19695.206529493247,1762.7467213730574,18124.66351549896,1031.5384131486826,False,17530.8681863612,1376.7327823850685,False,16399.384998952068,1964.344865906036,False,14215.6359526069,2888.5060254913483,False,16087.940779166242,4043.307412155352,False,1.2471635661078426,64.16526797811527,19735.67453098277,833.6405675906694,0.0,0.1562501691393151,False,32819.31640625,2577.364013671875,False,30701.0810546875,3677.425156577162,False,30118.0302734375,7569.424621565532,False,False,2.334799124112075,120.1229859057362,False,False
[GGH2002] EIS J033334.35-273305.6,53.39306113881,-27.55154689818,2025090600273,-1,r,20250906,r_57,0.2968583454613233,53.393133569971845,-27.551598627511854,745763589417075293,0,3219.9690495987,3896.048647933753,0.8126837,0.77269113,53.393133569971845,-27.551598627511854,4.5092536e-05,4.3035885e-05,16883.404954093643,1721.7141771315933,16528.959618047178,1018.352327721968,False,17182.90247895279,1358.6638634625394,False,17764.104188188132,1927.244730190514,False,19095.00198714324,2840.108438950246,False,17509.49585245205,3983.7296518398857,False,-0.1969975451649591,63.67755208048598,17456.318548988358,742.397490222726,0.0,0.0562209895314596,False,32614.484375,2578.849609375,False,33717.650390625,3658.0602850182954,False,33234.38398101926,7561.428498084249,False,False,-0.3739166515416018,120.8649429228344,False,False
[GGH2002] EIS J033334.35-273305.6,53.39306113881,-27.55154689818,2025090600274,-1,r,20250906,r_57,0.2876088441638296,53.39311728230447,-27.551609387572032,745763589554963013,0,1881.28319262478,3841.892115530298,0.26160276,0.19098784,53.39311728230447,-27.551609387572032,1.432095e-05,1.0887737e-05,21691.62419735873,1734.1743572870002,20833.26333053771,1020.8009532777572,False,22827.53205330549,1361.7236528623484,False,22870.23706812016,1941.3420416078293,False,26883.29205162099,2853.3534978524085,False,34126.164240345235,3993.988559010661,False,3.8192969749783954,64.37186568855843,20436.67612469742,743.8276787345673,1.0,0.2599074230860222,False,43323.828125,2584.3828125,False,43404.876953125,3684.426715338917,False,64767.232421875,7580.095538130605,False,False,7.248552551187258,122.16982714839116,False,False
[GGH2002] EIS J033334.35-273305.6,53.39306113881,-27.55154689818,2025090600275,-1,r,20250906,r_57,0.2610171826328867,53.39311882038725,-27.551598294903087,745763589711724815,0,3110.56687940656,1731.8382093795074,0.2260662,0.14703053,53.39311882038725,-27.551598294903087,1.2278134e-05,8.599165e-06,19743.106007208604,1719.107828658083,19366.287429777807,1012.5130480634205,False,19811.5567937091,1350.8951159117237,False,19183.09808885024,1924.7404199198463,False,19536.532881963885,2830.318189839368,False,17711.361137615026,3963.08049910464,False,0.2068503755880603,63.10490247878885,21428.80791498388,763.4656807877589,0.0,0.0916239588272841,False,37863.7265625,2581.822509765625,False,36662.6201171875,3678.552156324126,False,33849.8454284668,7574.215288872339,False,False,0.3953311767555658,120.6057048968917,False,False
[GGH2002] EIS J033334.35-273305.6,53.39306113881,-27.55154689818,2025090600276,-1,r,20250906,r_57,0.2133838726389021,53.39311998879342,-27.551575022523227,745763589840699576,0,2679.251446034317,1082.5749393937158,0.19734031,0.17219654,53.39311998879342,-27.551575022523227,1.0843638e-05,9.715319e-06,21514.488436809963,1701.000980973564,20088.040451365967,1005.1593116311158,False,20809.276864012485,1340.8692073522202,False,20430.45936751181,1914.0846912734853,False,21042.373181044062,2808.7789697941944,False,21162.80678899045,3934.479516435474,False,0.9625120017606488,62.63902975363951,21320.74597620172,741.5199674500848,0.0,0.0004301825108756,False,39887.640625,2570.205078125,False,39161.515625,3668.9560521618832,False,40565.293899059296,7541.68950817357,False,False,1.8449623730017133,120.0677526777874,False,False
[GGH2002] EIS J033334.35-273305.6,53.39306113881,-27.55154689818,2025090600277,-1,r,20250906,r_57,0.1951377768232428,53.39311051316371,-27.551578865666105,745763589957091532,0,3438.0142772650397,1231.057027884432,0.20491211,0.15784937,53.39311051316371,-27.551578865666105,1.1105247e-05,9.116515e-06,21057.80179828951,1740.3358365632992,17791.07186015056,1024.069097569468,False,21084.627952387364,1366.6293124119354,False,22152.61513289353,1936.667655421636,False,23902.594573195336,2853.4845928842883,False,25615.150383599183,4003.4211429938105,False,1.286331308855962,63.02682776791488,19592.48223252193,789.3823140020304,0.0,0.0130696297838674,False,39593.99609375,2566.339599609375,False,41599.52734375,3636.7922524795545,False,48101.6865234375,7517.867588428811,False,False,2.4155511272535635,118.35560855422722,False,False
[GGH2002] EIS J033334.35-273305.6,53.39306113881,-27.55154689818,2025090600278,-1,r,20250906,r_57,0.3183335393346003,53.39314187617321,-27.551598814147397,745763590091833832,0,1879.976243451694,3979.735185516871,0.20595719,0.2451424,53.39314187617321,-27.551598814147397,1.1784489e-05,1.3317925e-05,18122.24648307509,1901.203807201245,16065.520049064648,1084.65449724547,False,17865.474889031888,1448.451224100112,False,18240.100962871496,2063.9616285493985,False,,,True,,,True,-0.067646935122429,66.69627879675656,18444.85307011126,960.0195659998814,0.0,0.3092243852248131,False,31669.0546875,2567.58251953125,False,32333.1318359375,3658.6608580755424,True,,,False,False,-0.1199136603499522,118.22848895911376,False,False
[GGH2002] EIS J033334.35-273305.6,53.39306113881,-27.55154689818,2025090600279,-1,r,20250906,r_57,0.2326687625942668,53.39309227394136,-27.551605336779176,745763590222905575,0,1572.0381936025676,1716.228583398365,0.24975988,0.28235874,53.39309227394136,-27.551605336779176,1.4203044e-05,1.5403237e-05,24450.60949364147,1803.0179719509797,21037.702286933567,1044.4804929528157,False,24393.78845510161,1394.0004334101277,False,27508.6014232749,1985.0961599033824,False,24852.57283374906,2919.229250621609,False,24336.159847639883,4082.486474672488,False,0.6541014175423477,64.76471982876386,21165.309740839995,862.7070780864714,1.0,0.694994625558091,False,44644.515625,2551.24267578125,False,50345.119140625,3633.041939797575,False,44539.046100616455,7471.600056827165,False,False,1.197109707233556,118.52974586812498,False,False
[GGH2002] EIS J033334.35-273305.6,53.39306113881,-27.55154689818,2025090600280,-1,r,20250906,r_57,0.187526002878596,53.393119216188616,-27.5515547779736,745763590357123182,0,1468.7861894407006,713.8743759328804,0.22161503,0.22933748,53.393119216188616,-27.5515547779736,1.24055005e-05,1.26633495e-05,18663.29319867645,1788.552541816635,17432.959177243953,1036.3083160337155,False,19305.00295600294,1382.7468014011324,False,20462.899016269832,1972.2272797477049,False,20910.121684735965,2898.574480898054,False,19263.85278611217,4055.232093450139,False,1.5180556206497526,63.55138931916632,18335.876741117845,899.3263663422498,1.0,0.3267445518291973,False,35460.5,2539.906005859375,False,37587.3876953125,3622.696438476672,False,35384.9130859375,7448.875194555383,False,False,2.7884487486862395,116.73471618151429,False,False
[GGH2002] EIS J033334.35-273305.6,53.39306113881,-27.55154689818,2025090600281,-1,r,20250906,r_57,0.2864067931635407,53.39312020754468,-27.55160678779695,745763590517031229,0,2432.051594390439,2043.769199573612,0.17167789,0.16596623,53.39312020754468,-27.55160678779695,9.473315e-06,9.295001e-06,21529.969037281404,1704.2501196007297,19625.42623112744,1004.431578260788,False,20560.12776173888,1339.6437507996409,False,19890.12113067596,1908.4039269542045,False,17097.92170790937,2805.8384081332965,False,19251.753874954877,3925.374082428039,False,-0.0869283405500728,62.63557245221495,20905.37989737582,750.1126993280261,0.0,1.3845083003283245e-05,False,39258.703125,2557.99365234375,False,37979.353515625,3644.017395179006,False,36760.41796875,7495.337458135433,False,False,-0.1659860266605453,119.60000309637982,False,False
[GGH2002] EIS J033334.35-273305.6,53.39306113881,-27.55154689818,2025090600282,-1,r,20250906,r_57,0.3665077392701911,53.39316902963808,-27.551581752762463,745763590629753436,0,3761.0,3936.0,1.5767446,4.3338823,53.39316902963808,-27.551581752762463,0.00014309297,0.0002125327,22955.26584209401,1727.786597130821,18815.333923787603,1015.9425301165852,True,20969.829358301067,1355.600816265794,True,19381.23666571456,1924.400407365528,True,19835.63186440972,2837.1646934739183,True,23657.195035772565,3975.985410918681,True,0.4130556199808626,63.60263605274774,17860.90910611455,770.8052777967015,,,True,39441.203125,2549.688232421875,True,36453.291015625,3619.5176443193454,True,44495.74762058258,7478.251040321547,True,True,0.7768976242593472,119.62732004058188,True,False
[GGH2002] EIS J033334.35-273305.6,53.39306113881,-27.55154689818,2025090600283,-1,r,20250906,r_57,0.2478630763455085,53.39311005034755,-27.551600376600938,745763590785467023,0,3637.0,3956.0,,,53.39311005034755,-27.551600376600938,,,19706.642864226946,1708.2095605548093,17735.770391531387,1010.126765487051,True,19384.613353552697,1347.4817125411594,True,18873.188264415698,1913.8104768977184,True,19717.314629515284,2820.5873849567693,True,22638.89708381616,3953.060480017697,True,1.565922547455987,62.63336190619788,14823.098988581767,681.6480496118967,,,True,36794.4296875,2557.689453125,True,35823.6806640625,3632.652544731217,True,42971.46875,7503.405057898089,True,True,2.972317580834309,118.88598388406714,True,False
[GGH2002] EIS J033334.35-273305.6,53.39306113881,-27.55154689818,2025090600284,-1,r,20250906,r_57,0.2716646488798495,53.39311608075952,-27.551604533139013,745763590893994455,0,2874.840257026724,2839.5959588310398,0.15727562,0.11657008,53.39311608075952,-27.551604533139013,8.102795e-06,7.2621324e-06,19774.236413706574,1666.9849408494736,19135.55578260375,986.4098907046792,False,19836.56983563771,1315.771611817768,False,19216.9854007474,1876.5731384441476,False,21391.354791726924,2757.0427326411987,False,25084.015534978083,3859.376295942688,False,1.361963821129681,60.827556744559246,20926.27331878339,702.1984860338717,0.0,0.0027323314125179,False,38170.39453125,2531.865234375,False,36978.1630859375,3610.984038806545,False,48267.75885808468,7426.380522504826,False,False,2.620750302121851,117.04704283804828,False,False
[GGH2002] EIS J033334.35-273305.6,53.39306113881,-27.55154689818,2025090600285,-1,r,20250906,r_57,0.2516492229429837,53.393107140630384,-27.55160366924568,745763591031881848,0,3386.8672911053545,797.1426164293174,0.2078742,0.16982044,53.393107140630384,-27.55160366924568,1.0866769e-05,1.0216668e-05,18390.450532830426,1653.3261462665537,18249.837911351035,980.8886881271128,False,20145.45979478985,1308.7677910169514,False,21565.64209357786,1862.4789335816783,False,25134.34468111479,2740.050609013912,False,28044.97059414657,3835.132837236109,False,0.7153356619610919,62.48108576410894,19656.47529695505,702.572668556579,0.0,0.0095141520469913,False,38856.375,2524.339111328125,False,41595.609375,3592.3319998666084,False,54092.87776851654,7397.168454651034,False,False,1.3797327544354203,120.51293559878285,False,False
[GGH2002] EIS J033334.35-273305.6,53.39306113881,-27.55154689818,2025110300325,-1,y,20251103,y_10,0.2633693564756566,53.39309748145719,-27.5516125785404,746018683137556631,0,2309.358010895004,801.4981367548083,0.26570123,0.2243145,53.39309748145719,-27.5516125785404,1.3951159e-05,1.3375491e-05,32783.71158244446,4144.635514961563,30748.307945736604,2438.7820167566947,False,31711.769329730807,3253.1080770637,False,35890.113410207494,4646.337242151221,False,27336.216114915565,6831.954815132759,False,35500.40153098756,9551.811700701905,False,0.6698777620862714,154.66545273810237,30632.67545102591,1609.7117121892172,1.0,0.3229758375535274,False,14999.3310546875,1538.6856689453125,False,16975.6435546875,2197.668309267482,False,16791.313962996006,4517.905777541857,False,False,0.3168450872365899,73.15512118609415,False,False
[GGH2002] EIS J033334.35-273305.6,53.39306113881,-27.55154689818,2025110300326,-1,y,20251103,y_10,0.1690655579811234,53.39309891955526,-27.551579814656343,746018683271774691,0,2288.453475869319,2786.691135243876,0.28578794,0.21283019,53.39309891955526,-27.551579814656343,1.4713432e-05,1.3256566e-05,29105.895608322367,4234.511153223431,22172.467069974628,2487.6517503083323,False,23575.519061297317,3320.9936173271144,False,18296.865614622544,4742.93789306833,False,13560.05525587653,6970.647153451466,False,14851.289094588425,9754.617066824569,False,-1.1422547257534588,158.3574548870249,26147.01336050242,1647.228156486933,0.0,0.0062399624019716,False,10984.37109375,1547.3265380859375,False,8524.92626953125,2209.842750720095,False,6919.553720593452,4544.898182764849,False,False,-0.5322024833745143,73.78234368533717,False,False
[GGH2002] EIS J033334.35-273305.6,53.39306113881,-27.55154689818,2025110400326,-1,r,20251104,r_57,0.2476923273481958,53.39311188713005,-27.55159895126093,746023081319334284,0,1632.5720837033584,1892.4765158114349,0.08977469,0.10033133,53.39311188713005,-27.55159895126093,5.372813e-06,5.209585e-06,20692.845084125027,1342.3120956849552,18873.14925652853,798.570602633656,False,20703.56948782306,1064.445438050071,False,21255.124848587788,1517.567570050241,False,22761.8328028424,2234.250675028973,False,25370.87939434996,3119.552628994704,False,1.1224379477803943,49.01305162799295,20224.804463097054,469.4210998947607,0.0,0.0062547808891306,False,42409.2890625,2180.4150390625,False,43539.09765625,3108.592544294815,False,51969.8286151886,6390.106269671524,False,False,2.299207168606135,100.39856535605304,False,False
[GGH2002] EIS J033334.35-273305.6,53.39306113881,-27.55154689818,2025110400327,-1,r,20251104,r_57,0.2488617305321545,53.39311262764016,-27.551598809817776,746023081453028075,0,2706.61904893741,3025.6496829152475,0.055268753,0.057584517,53.39311262764016,-27.551598809817776,3.1488894e-06,3.125443e-06,18834.61363518204,1305.1362485238951,19571.520671277925,780.681059071007,False,18765.094968848844,1039.818882760006,False,19019.716861396784,1484.8327569601558,False,20324.996197898938,2179.8285039891457,False,22084.98270306455,3049.6653666569973,False,1.1609426300509984,49.39123883995961,20457.798231055185,379.4061578415023,0.0,0.0019594491918545,False,39293.85546875,2177.36669921875,False,39827.0302734375,3109.219742512028,False,46245.65555381775,6385.958096370016,False,False,2.4309981904415,103.42458717217684,False,False
[GGH2002] EIS J033334.35-273305.6,53.39306113881,-27.55154689818,2025110400329,-1,z,20251104,z_20,0.2218329476172965,53.393108581502176,-27.551591929361784,746023081723036259,0,2991.049429291408,2522.7265092837697,0.12834153,0.1515267,53.393108581502176,-27.551591929361784,7.5525886e-06,8.044955e-06,28090.247792172937,1886.4708441240732,24976.00440669844,1100.4178147774885,False,27427.82701053299,1465.7112479789182,False,26870.960238372663,2084.2018878881604,False,27337.77913125316,3063.3866004330043,False,24252.092692049257,4284.950935992898,False,-0.6564892408842881,68.77340783070531,27069.61538321153,792.0350428740678,0.0,0.0049959525232109,False,30467.63671875,1628.1551513671875,False,29849.052734375,2315.192739998086,False,26939.937659919266,4759.8494924648585,False,False,-0.7292475518876975,76.39552360060068,False,False
[GGH2002] EIS J033334.35-273305.6,53.39306113881,-27.55154689818,2025110400330,-1,z,20251104,z_20,0.228672600574677,53.39311235300904,-27.551591317594376,746023081858302769,0,2129.6742102106177,2277.039083556868,0.054722294,0.05323345,53.39311235300904,-27.551591317594376,3.0194371e-06,2.9782243e-06,25276.6736181268,1739.627020048324,25782.3794166755,1038.0323245440943,False,27268.803048403108,1381.6721735379742,False,29031.23037925475,1967.3724428100572,False,31078.9554716316,2887.312150748992,False,32629.187377105955,4036.991529465853,False,3.2047911812675576,62.99370099263629,27932.164297701525,513.1430181969178,0.0,0.0003108568042216,False,32226.751953125,1632.884521484375,False,34309.61962890625,2325.07542048371,False,38561.74860948324,4770.98772637846,False,False,3.7874786904634687,74.4470658611434,False,False
[GGH2002] EIS J033334.35-273305.6,53.39306113881,-27.55154689818,2025110500320,-1,i,20251105,i_39,0.2228551351816914,53.39310709534012,-27.55159350279175,746027478561587270,0,2104.4108210901554,195.50260901246315,0.080199756,0.07823857,53.39310709534012,-27.55159350279175,4.4552503e-06,4.351479e-06,26066.19076985273,1288.2773846374268,24233.00416379776,766.2430549039498,False,25562.663949899623,1018.9971391218464,False,25600.672907205157,1450.4513291142948,False,25355.903289585,2133.2944266327204,False,27938.993989690964,2978.5548865837213,False,0.6729090359864095,47.33998076449711,24886.136328818964,483.5787560734554,0.0,0.0010928097134399,False,42578.41796875,1697.291259765625,False,42641.7275390625,2415.942370302134,False,46536.54900956154,4961.226073791985,False,False,1.1208300608000787,78.8517774037106,False,False
[GGH2002] EIS J033334.35-273305.6,53.39306113881,-27.55154689818,2025110500321,-1,i,20251105,i_39,0.2311393334222672,53.39310948332743,-27.55159470172039,746027478694232152,0,1753.67671534562,268.755339052565,0.08911024,0.10239642,53.39310948332743,-27.55159470172039,4.9671894e-06,5.6804793e-06,24567.378017221097,1314.690321593337,23837.98795673729,778.3756334044646,False,24248.036696895462,1035.1022662085722,False,23894.85978556609,1473.0895986516043,False,24514.02041600088,2162.612309931693,False,27882.55193295568,3025.8813728502264,False,0.4633881952139343,49.65977249228703,25571.11577321293,539.500585309198,0.0,0.0086508595880043,False,39904.484375,1703.446044921875,False,39323.2685546875,2424.232592814167,False,45885.729712963104,4979.629380838278,False,False,0.7625882139085254,81.72404389911854,False,False
[GGH2002] EIS J033334.35-273305.6,53.39306113881,-27.55154689818,2025110500322,-1,g,20251105,g_6,0.2254721820021664,53.393124910066845,-27.5515738420642,746027478829498473,0,2451.737262944122,1084.895111294062,0.22006327,0.19627988,53.393124910066845,-27.5515738420642,1.2161629e-05,1.0988846e-05,12550.754528920565,1429.2917542619532,10031.583291207768,821.4703079638853,False,12199.91282823448,1096.6806524586789,False,11441.844685013984,1564.0939720276208,False,10531.892019723788,2296.309754013759,False,9611.84138183878,3214.6566656245445,False,-0.0440888805330634,51.69508021751888,11727.380690434651,722.4335892046122,0.0,0.0113114497722701,False,25095.166015625,2255.8671875,False,23535.8232421875,3217.334291211632,False,19771.5146484375,6612.534355194898,False,False,-0.0906906296789007,106.3365483437989,False,False
[GGH2002] EIS J033334.35-273305.6,53.39306113881,-27.55154689818,2025110800168,-1,z,20251108,z_20,0.2307119937484073,53.393112714231,-27.551591800156125,746040652279055890,0,3597.399475923032,3744.43892210512,0.04980947,0.050572816,53.393112714231,-27.551591800156125,2.8016161e-06,2.7782594e-06,30044.64570786255,1433.4965433443272,27115.53881145812,861.940102136749,False,28141.589625991048,1144.9185045518375,False,27734.82003885106,1631.2349891659,False,24002.861641084244,2393.0049283481194,False,25286.06126786419,3343.240942669489,False,-1.6428893934989504,53.703190701147946,28663.09473664357,476.8244010501696,0.0,0.0036178135820301,False,34088.125,1386.8486328125,False,33595.40185546875,1975.9275490146592,False,30629.20143148303,4049.693591352053,False,False,-1.9900446190517636,65.05108992950501,False,False
[GGH2002] EIS J033334.35-273305.6,53.39306113881,-27.55154689818,2025110800169,-1,z,20251108,z_20,0.2413818545249542,53.393110315601085,-27.55159783756747,746040652415370354,0,1319.502108864424,3146.946657271342,0.075015515,0.06869902,53.393110315601085,-27.55159783756747,3.888544e-06,4.1036737e-06,25518.66266234073,1481.9313474588068,26181.4580298784,887.2667897537764,False,25154.726167792174,1178.290552768572,False,24461.93895425429,1677.8716212785523,False,25072.476437109694,2456.205013916222,False,32142.899991730825,3440.255661763886,False,2.626704922107703,54.55277867192518,27594.334539297808,547.5853046218572,0.0,8.614303176246452e-05,False,30037.6171875,1407.0135498046875,False,29210.35009765625,2003.570427026384,False,38382.295192062855,4108.058338854219,False,False,3.1365858005568663,65.14225085700966,False,False
[GGH2002] EIS J033334.35-273305.6,53.39306113881,-27.55154689818,2025110800174,-1,r,20251108,r_57,0.23297300525511,53.39311248708427,-27.551592892301606,746040653056575859,0,1559.0599020035706,3722.724735489133,0.026653122,0.029172368,53.39311248708427,-27.551592892301606,1.5026754e-06,1.6014424e-06,19611.043058385232,513.7193077676887,19528.027721041504,315.2473975585904,False,19450.801065463056,412.8127137592924,False,19694.464189219667,581.170794999492,False,19285.060954774817,848.5067896593868,False,20003.319833535086,1184.719266467379,False,0.054294619792102,18.614999669385632,20163.014189372443,185.13650358936135,0.0,0.005290495030515,False,41568.78125,882.2321166992188,False,42089.51965332031,1242.034277401487,False,42749.58258199692,2531.8924328462112,False,False,0.1160343558907341,39.78256970606121,False,False
[GGH2002] EIS J033334.35-273305.6,53.39306113881,-27.55154689818,2025110800175,-1,r,20251108,r_57,0.2194450879405804,53.39310954529631,-27.55159018660869,746040653214909199,0,1320.8660984685705,1200.5323615783711,0.026629701,0.025891751,53.39310954529631,-27.55159018660869,1.4763309e-06,1.4438401e-06,20309.592396472573,517.1723202636405,19680.5656172346,317.244668241226,False,20069.33577945606,415.6860397810966,False,19692.75039752463,585.3135253440589,False,20192.20336132547,853.6573884368574,False,21278.894837138385,1193.504621740321,False,-0.027978749806781,19.346049908619484,20228.69386192862,182.43778444389517,0.0,0.0003536734948101,False,42874.60546875,888.0401000976562,False,42070.09704589844,1250.419383602036,False,45458.61562031508,2549.7126733325726,False,False,-0.0597716771823883,41.329432439905496,False,False
[GGH2002] EIS J033334.35-273305.6,53.39306113881,-27.55154689818,2025110900380,-1,g,20251109,g_6,0.2575368033788353,53.39310415630287,-27.55160742169359,746045078800695336,0,701.6808218312998,150.62759709633727,0.07950512,0.08590572,53.39310415630287,-27.55160742169359,4.60908e-06,4.59278e-06,11968.474276824418,524.69876274108,11265.025368400524,315.46115558682214,False,11543.6925229476,417.37602371115975,False,11204.738786760568,591.4188022595009,False,10330.299074379864,867.0089809136117,False,9879.184742920115,1212.534544473717,False,-0.5498895428358609,19.16121808886054,11368.41163275726,201.5788914098105,0.0,0.0082057305898647,False,26314.7734375,951.442138671875,False,25542.101196289062,1348.186618553702,False,22520.39438337088,2764.069794785279,False,False,-1.2535173391539074,43.67953423850743,False,False
[GGH2002] EIS J033334.35-273305.6,53.39306113881,-27.55154689818,2025110900381,-1,g,20251109,g_6,0.2559664890561832,53.39311978232363,-27.55159539756498,746045078935437363,0,647.8588302798883,214.66484982644727,0.08760806,0.08644547,53.39311978232363,-27.55159539756498,4.8404063e-06,4.8352426e-06,11527.717221061825,534.6944059587859,11067.514370473244,320.1588106239448,False,11829.545691530891,424.0480425527574,False,12360.104822254118,600.995074162818,False,12650.414166596776,880.2929286640142,False,13417.178362992972,1230.589786797657,False,0.0964472565103895,19.762056087667567,11623.825596351126,222.45243660974648,0.0,0.0042504344200474,False,26902.572265625,964.3635864257812,False,28109.161743164062,1366.7738250950094,False,30513.14225614071,2798.5885115068777,False,False,0.2193388787491332,44.942566340179454,False,False
[GGH2002] EIS J033334.35-273305.6,53.39306113881,-27.55154689818,2025110900382,-1,i,20251109,i_39,0.2275192489041479,53.39310982091347,-27.55159306435306,746045079042917255,0,940.4086553049024,2281.4764066339617,0.060617466,0.058678243,53.39310982091347,-27.55159306435306,3.3691865e-06,3.2620294e-06,25403.373388469765,842.0646225723306,24663.0853887798,507.2041838662004,False,25441.7943693584,669.9457869729492,False,25601.981808475248,949.146938568608,False,26766.35773338764,1392.5776261375229,False,29440.63037450037,1942.901143098073,False,1.1617628001894762,30.61126344823477,25881.496699762945,349.1099950077395,0.0,0.0025351950799152,False,43374.69921875,1142.163818359375,False,43647.79638671875,1618.1627119977768,False,50192.15503299236,3312.3745703699624,False,False,1.980643003798559,52.18792061192902,False,False
[GGH2002] EIS J033334.35-273305.6,53.39306113881,-27.55154689818,2025110900383,-1,i,20251109,i_39,0.2268941926571409,53.39310968246395,-27.551592941423237,746045079200727448,0,3723.3072555544272,803.6516213467212,0.046319142,0.048901085,53.39310968246395,-27.551592941423237,2.5751176e-06,2.7148462e-06,25464.996059753303,832.2695645799533,24585.555585859616,501.74187284826144,False,25500.78198090972,662.6858747101792,False,26057.50948896869,938.4932275544955,False,25569.24340241783,1373.991292976321,False,25979.451141075788,1920.420512704315,False,0.0405641985228101,30.68394726235949,25390.69474049479,318.290555250793,0.0,0.0063032904003564,False,43879.359375,1140.287841796875,False,44837.323974609375,1614.8713256595709,False,44703.00847393274,3304.4799132496346,False,False,0.0697990769880591,52.79806517214058,False,False
[GGH2002] EIS J033334.35-273305.6,53.39306113881,-27.55154689818,2025111100196,-1,g,20251111,g_6,0.2281902039175836,53.39311134071114,-27.551592028852436,746053850197656965,0,3597.035014390975,2830.5132755851077,0.044336043,0.037141256,53.39311134071114,-27.551592028852436,2.1536978e-06,2.3863454e-06,11088.91678507064,311.7828182000533,10876.368352981011,192.6069789457412,False,11002.14532947152,250.40314005324356,False,11259.423272370865,351.213536664337,False,11172.503188443829,510.0300809483717,False,11411.325319871265,712.2662289561293,False,-0.045417987540549,11.14935783592179,11590.658588637403,139.9154086309295,0.0,0.0336415391804739,False,25097.01953125,571.1951904296875,False,25683.896850585938,801.1540227243706,False,26030.400967627764,1624.7521664413798,False,False,-0.1036030779671569,25.43282632519681,False,False
[GGH2002] EIS J033334.35-273305.6,53.39306113881,-27.55154689818,2025111100197,-1,g,20251111,g_6,0.231359396637956,53.39311137908042,-27.551593224467364,746053850334495186,0,1976.2578534694717,1011.4680404086172,0.046898488,0.04465182,53.39311137908042,-27.551593224467364,2.5145036e-06,2.5761094e-06,11837.3554549673,314.19087509907047,11308.214912611307,194.5647813641449,False,11463.02773991607,252.79220879452865,False,10976.376553685015,353.796501692259,False,10980.992661779048,515.1134740895023,False,12127.900453965573,718.5206186434244,False,0.2744577267663348,11.165330308232926,11569.09135168584,141.0925647918113,0.0,0.0008985626194381,False,26201.75,577.82275390625,False,25089.38134765625,808.6945001393691,False,27721.49059826136,1642.3669249253855,False,False,0.6273449655241319,25.521284606599416,False,False
[GGH2002] EIS J033334.35-273305.6,53.39306113881,-27.55154689818,2025111100215,-1,i,20251111,i_39,0.2342602435387868,53.39311331984916,-27.551592659483205,746053852725249579,0,3311.252090406814,2558.134028673697,0.03304056,0.029391985,53.39311331984916,-27.551592659483205,1.8363722e-06,1.6343463e-06,25307.662707976404,664.4129439657453,24872.856491146056,405.854614255758,False,25382.573891175824,532.2699676714442,False,25723.87660900672,749.9201044471196,False,26503.590004665057,1095.3172799157517,False,26586.49860286893,1529.47456493745,False,0.1271707448294667,24.0478564687065,25938.44205292269,249.92263340133647,0.0,0.0006986659455797,False,43600.10546875,914.2897338867188,False,44186.36730957031,1288.1513036153242,False,45668.10868352652,2627.206075670138,False,False,0.2184434845290385,41.3074372531412,False,False
[GGH2002] EIS J033334.35-273305.6,53.39306113881,-27.55154689818,2025111100216,-1,i,20251111,i_39,0.2360178152686841,53.39311128797515,-27.551595078165175,746053852875720986,0,2713.139220964804,3693.221800479098,0.032113705,0.028951466,53.39311128797515,-27.551595078165175,1.7842242e-06,1.608829e-06,25587.767823543243,663.6465569486213,24640.80055120745,405.7227624472719,False,25111.28880741748,532.1727268354608,False,24255.569590125742,749.3469419317032,False,24744.7209782117,1094.834844108478,False,26844.2533201426,1529.4955214695167,False,0.6055628398771998,24.1419879419905,25367.64281630497,246.65850054515084,0.0,0.003396212430294,False,43436.30859375,920.5269775390624,False,41956.12634277344,1296.1845671542717,False,46433.90787804127,2645.648336603276,False,False,1.0474736915153495,41.7596582300921,False,False
[GGH2002] EIS J033334.35-273305.6,53.39306113881,-27.55154689818,2025111500098,-1,u,20251115,u_24,0.462429783089018,53.39316408866878,-27.55163728076594,746071429189468438,0,1883.0,2701.0,1.3199539,1.5890195,53.39316408866878,-27.55163728076594,8.1886676e-05,8.050498e-05,2373.029123784846,675.3981376851483,2969.5570966465198,405.3788766156376,True,2993.79445584168,535.0457032950789,True,4073.281641797477,756.2171644665694,True,4252.610162071484,1108.9280032023703,True,5358.179394822236,1551.8354917952029,True,0.3282228121474663,24.319632192310667,3387.7827454964745,337.8537234766054,,,True,954.1348876953124,170.5213165283203,True,1298.171995162964,241.00959165171716,True,1707.6743144989014,494.5764996646508,True,True,0.1046059910346509,7.750769090150506,True,False
[GGH2002] EIS J033334.35-273305.6,53.39306113881,-27.55154689818,2025111500099,-1,u,20251115,u_24,0.5357801217557212,53.39318732492904,-27.551645048532585,746071429346230303,0,586.9981674582856,448.0509214742827,1.3008407,0.9722326,53.39318732492904,-27.551645048532585,6.204658e-05,6.5559805e-05,4683.4126321489175,729.6722102417483,4103.52401544334,434.75620236684136,False,4146.885696884679,572.3243591017896,False,3518.350025439901,804.7188394539357,False,4300.389825008492,1183.3172507069637,False,6946.217422827642,1660.8747785511976,False,0.7666891598581456,26.691844957335544,3926.311223840009,392.840992596876,1.0,0.1921547743123336,False,1286.20166015625,177.5126190185547,False,1091.2544918060305,249.5922923658647,False,2154.4448133111,515.138360116609,False,False,0.2377969739976584,8.278765754877021,False,False
[GGH2002] EIS J033334.35-273305.6,53.39306113881,-27.55154689818,2025111700047,-1,u,20251117,u_24,0.507689163878492,53.39321784045751,-27.551571109597567,746080218459406431,0,595.0,1711.0,,,53.39321784045751,-27.551571109597567,,,5725.8267561329385,1269.6345496645945,3984.549730793852,759.2236014380902,True,4027.944383198434,1006.3633964421024,True,1717.94639587926,1420.4729323225065,True,-2351.081157410441,2089.224822307676,True,-6147.487108621976,2927.9603600545665,True,-1.174251893593918,47.544644734231,3999.65514199534,662.5954497988838,,,True,818.6328125,204.5316467285156,True,349.15260887146,288.6945898552663,True,-1249.405200958252,595.0738630945738,True,True,-0.2386530296311896,9.662895644847683,True,False
[GGH2002] EIS J033334.35-273305.6,53.39306113881,-27.55154689818,2025111700049,-1,u,20251117,u_24,0.5594614670880027,53.39323261192053,-27.551579127777263,746080218725744816,0,3874.0,2880.0,,,53.39323261192053,-27.551579127777263,,,2330.2578273682266,1214.165181859295,2791.7162541001385,725.2203117087718,True,2791.886741032388,963.9252220234248,True,3098.9681585807484,1366.8413457741187,True,998.3406238255318,2011.767624170095,True,1921.8495112206576,2823.567597441817,True,0.4725285055547414,44.87709731803983,3075.596583118885,587.0689579115802,,,True,539.7349243164062,186.34857177734372,True,599.100715637207,264.24138181233286,True,371.5370273590088,545.8595512166004,True,True,0.0913504596854182,8.675759073068802,True,False
[GGH2002] EIS J033334.35-273305.6,53.39306113881,-27.55154689818,2025112200246,-1,z,20251122,z_20,0.2335715698282746,53.39311196385617,-27.551593578251417,746102235420165680,0,2058.156660879929,3699.069107894183,0.049594305,0.05583941,53.39311196385617,-27.551593578251417,3.032519e-06,2.8333798e-06,26482.57081302128,1140.827334995188,25549.670282886706,687.8340295064202,False,26296.090065939563,910.340929955628,False,26810.51093597804,1288.985164339614,False,28782.80401077023,1890.4746287975256,False,31026.578686418045,2642.9395209875306,False,1.27322203134409,42.54908947301264,27709.80528520533,428.39070960410754,0.0,0.0164018981509498,False,29945.6640625,1036.68505859375,False,30531.48022460937,1467.8804573633968,False,35332.686343193054,3009.7470321456863,False,False,1.449929595312316,48.45437996025383,False,False
[GGH2002] EIS J033334.35-273305.6,53.39306113881,-27.55154689818,2025112200247,-1,z,20251122,z_20,0.2180139931711114,53.39310848020848,-27.55159055300158,746102235532886644,0,1820.2584470355937,1453.425338156287,0.051451173,0.058733135,53.39310848020848,-27.55159055300158,3.1695397e-06,2.9660182e-06,28748.759402842847,1145.0767652367194,28237.92706502674,691.067568365873,False,28377.024710188834,913.3993492891088,False,28791.770284923285,1296.318654145014,False,27997.854621462822,1896.4349387307225,False,30381.98950430677,2653.7388533769117,False,0.8270335601146419,41.23962608504226,27895.011640906625,421.8187650816054,0.0,0.0091744653108418,False,32198.19140625,1036.39501953125,False,32668.785400390625,1470.8771118864704,False,34473.13886332512,3011.083523233243,False,False,0.9383994671718494,46.79283285578585,False,False
[GGH2002] EIS J033334.35-273305.6,53.39306113881,-27.55154689818,2025112200248,-1,r,20251122,r_57,0.2438113510710555,53.393112715754064,-27.5515968550604,746102235689124265,0,4063.5635454001344,836.5588876808853,0.035254546,0.04499923,53.393112715754064,-27.5515968550604,2.4052092e-06,2.0756802e-06,20101.97615724076,401.96538917644574,18864.374971806858,249.24534305625048,False,19742.093273981794,322.7474016095584,False,20129.03082655636,450.9466924217926,False,19081.110442288125,655.4712707528269,False,,,True,-0.3051780715696659,14.42471173879087,19692.96384033836,194.5291920935547,0.0,0.0077831136906454,False,39935.19921875,652.8680419921875,False,40717.91400146485,912.1953659612354,True,,,False,False,-0.6173280065184538,29.178959341704623,False,False
[GGH2002] EIS J033334.35-273305.6,53.39306113881,-27.55154689818,2025112200249,-1,r,20251122,r_57,0.2192333535688088,53.39310480433228,-27.55159390711689,746102235827014395,746102235827013372,2628.931000220515,3442.0891747919904,0.03780809,0.04023937,53.39310480433228,-27.55159390711689,2.203889e-06,2.1347441e-06,19495.58906824369,401.6414784543488,18720.190234869733,249.6863846818237,False,19351.73322717004,323.33689418931,False,19671.85802979731,449.46543717870014,False,19726.13964078992,654.1282043521196,False,21259.98258509053,912.1115157826572,False,0.3002930231747066,14.576789024993394,19763.16522543315,197.06453817156768,0.0,0.007350920751414,False,39093.3125,653.1875,False,39740.01110839844,907.9854805411456,False,42948.25342965126,1842.5977716185464,False,False,0.606635532782988,29.44723151725524,False,False
[GGH2002] EIS J033334.35-273305.6,53.39306113881,-27.55154689818,2025112200253,-1,u,20251122,u_24,0.2277653765605549,53.39310555815936,-27.551596415053808,746102236361785542,0,406.9356847785583,1666.410136858954,0.33092672,0.39832452,53.39310555815936,-27.551596415053808,2.035086e-05,2.0351286e-05,2500.340002897988,736.7589075992137,3099.020833338979,444.0400457738289,False,2376.602556775809,584.9560798928244,False,2423.4976018823745,830.6052627473122,False,1417.2647883538828,1215.2116972470087,False,671.8842612844385,1700.617721467662,False,-0.6690749363070154,27.332273089086492,2872.7751729848505,281.64379146866554,0.0,0.0576117728052831,False,747.3124389648438,183.9369201660156,False,762.0583839416504,261.18024780837726,False,211.2711124420166,534.751918680495,False,False,-0.2103877323014301,8.594515564423508,False,False
[GGH2002] EIS J033334.35-273305.6,53.39306113881,-27.55154689818,2025112200254,-1,u,20251122,u_24,0.2691534261990308,53.39311591965966,-27.55160373909989,746102236494430224,0,1035.051680372267,120.88075860416322,0.24438733,0.41108763,53.39311591965966,-27.55160373909989,1.8421653e-05,1.9167284e-05,1955.2838236662944,669.5019134270268,2131.5682260573417,401.1864292643841,False,2331.254981169528,532.4876976305446,False,2972.11032729352,755.8065316698581,False,1746.7938993156868,1106.4765527233128,False,5990.485160964915,1552.96086617862,False,0.936315683936914,24.763491352799,2846.711491749681,259.3969469794529,1.0,0.0184367316565959,False,751.7179565429688,171.70175170898438,False,958.3630790710448,243.7113683908001,False,1931.6442432403564,500.7554207259404,False,False,0.3019169152638503,7.985038645260854,False,False
[GGH2002] EIS J033334.35-273305.6,53.39306113881,-27.55154689818,2025112600270,-1,i,20251126,i_39,0.2157557325378578,53.39310443275182,-27.551592925525828,746119830805415348,0,452.7468621690931,2428.120416620283,0.025055911,0.030044902,53.39310443275182,-27.551592925525828,1.4154718e-06,1.6511093e-06,25347.25707218932,658.3884960240516,25134.908947463024,403.7865573710499,False,25392.343138947737,529.0061409976779,False,25354.997622487965,745.43606360264,False,27038.633895646377,1088.205532623101,False,28289.39367416953,1519.8197573734,False,1.084967697448904,24.107586220930223,25802.793434672483,238.2592628532236,0.0,0.0023674973380682,False,43574.875,907.8081665039062,False,43510.78771972656,1279.2156719934417,False,48546.39788192511,2608.1073175360625,False,False,1.8618735394630848,41.3701504575796,False,False
[GGH2002] EIS J033334.35-273305.6,53.39306113881,-27.55154689818,2025112600272,-1,i,20251126,i_39,0.2408422117045983,53.39311341873039,-27.55159513993492,746119831073850722,0,456.26191870828507,2428.140492294267,0.030579371,0.030989561,53.39311341873039,-27.55159513993492,1.7016814e-06,1.7209908e-06,25035.37065394021,664.7133781788826,24474.02459648486,406.3258288938107,False,25066.64724703329,533.0193171946861,False,25303.357664759584,751.029880032134,False,25249.03813308148,1096.663710347135,False,25340.69714090284,1531.4070147062228,False,0.3277537677730101,24.125255779891205,25042.432920581443,244.3704712061632,0.0,0.0003385818468504,False,42887.34765625,911.960205078125,False,43292.34326171875,1284.9616164356391,False,43356.22859424353,2620.134411900615,False,False,0.5607646545467121,41.276690166476286,False,False
[GGH2002] EIS J033334.35-273305.6,53.39306113881,-27.55154689818,2025112600274,-1,i,20251126,i_39,0.237142198137148,53.39311208923969,-27.55159484278716,746119831342286300,0,454.85043077017593,2422.422049546109,0.02526278,0.024700059,53.39311208923969,-27.55159484278716,1.4021621e-06,1.37533e-06,26057.76538957253,662.2718313061447,25078.009491559595,406.00823115369815,False,25242.618943213456,532.1210677827276,False,24737.15734101636,749.5893805576974,False,25058.44902081522,1094.665277138143,False,24983.89565575267,1529.217622546577,False,-0.1893570408867251,23.85642239070092,25222.20506381972,228.52209372608291,0.0,0.0058677705195785,False,43280.828125,912.3712768554688,False,42414.1669921875,1285.2410131146578,False,42837.22288095951,2621.986460123376,False,False,-0.3246703346952173,40.90406464923978,False,False
[GGH2002] EIS J033334.35-273305.6,53.39306113881,-27.55154689818,2025112800039,-1,i,20251128,i_39,0.2267791779650785,53.39310839213789,-27.551593941960448,746128595869501102,0,2770.8254381158517,3336.933481423189,0.040398695,0.03221711,53.39310839213789,-27.551593941960448,2.2228992e-06,1.817877e-06,26415.679432949662,809.545190994431,25006.94849597356,490.69739619340106,False,25357.511717203623,647.1752348680408,False,24708.484143652982,914.2395398905768,False,24225.324589661977,1338.9906226223836,False,25826.04148825083,1871.812542386543,False,-0.7354379451593993,29.189836939266208,25811.96533949845,285.1956836509162,0.0,0.0003116293901284,False,43237.4296875,1103.507080078125,False,42130.76416015625,1558.8819701395523,False,44036.32601684332,3191.652402341622,False,False,-1.2540049985178785,49.77197827320157,False,False
[GGH2002] EIS J033334.35-273305.6,53.39306113881,-27.55154689818,2025112800040,-1,i,20251128,i_39,0.2220093214003801,53.39311045722256,-27.55159038590204,746128596008960677,0,2565.319433658897,1244.0328121409543,0.0395339,0.03155846,53.39311045722256,-27.55159038590204,2.1697292e-06,1.7874899e-06,24895.926227492007,797.95886057184,25173.34580962917,483.35707802923446,False,25242.550898168727,636.9764557583301,False,26536.68834125191,901.5657278197564,False,27922.932015309943,1318.3682108280025,False,29197.45019100761,1841.6024319244548,False,1.5452469106702769,28.92457456393606,25640.62328620645,277.5957644111305,0.0,0.0014193749838703,False,43107.45703125,1087.78369140625,False,45317.494140625,1539.630682715877,False,49861.356509029865,3144.9593990355474,False,False,2.63886423654684,49.3953586621278,False,False
[GGH2002] EIS J033334.35-273305.6,53.39306113881,-27.55154689818,2025112800297,-1,i,20251128,i_39,0.2270013136493199,53.393111304214784,-27.551591596052035,746128630510782336,0,404.0388249215386,3900.700358262498,0.034007035,0.033416104,53.393111304214784,-27.551591596052035,1.8813714e-06,1.8578392e-06,26294.645161711614,832.1665619663077,24652.57863253136,500.40303328866014,False,26001.885757526703,660.4250638672632,False,25993.573299483523,933.2782494066986,False,27424.49304464484,1365.440048904663,False,27816.321121183737,1907.925878121934,False,0.764933323768753,30.50083112299789,25936.73348995574,316.573629755433,0.0,2.5384169153319647e-05,False,43123.1171875,1095.289306640625,False,43109.331298828125,1547.805712747586,False,46132.2877355814,3164.2209336105498,False,False,1.2686121948657263,50.584443263021846,False,False
[GGH2002] EIS J033334.35-273305.6,53.39306113881,-27.55154689818,2025112900039,-1,z,20251129,z_20,0.2441360297611711,53.393117805551945,-27.551592448686037,746132993941700806,0,2532.9437452329207,463.3083149684519,0.06013727,0.05492489,53.393117805551945,-27.551592448686037,3.3378906e-06,3.0565286e-06,28356.863870353824,1541.4100731645594,28139.50826584475,923.234853166161,False,27372.118338589757,1226.0274514212592,False,27765.76721472484,1745.0439872289687,False,27377.666182985817,2556.9467903470018,False,31307.910264071907,3578.095170184828,False,0.6200016552930198,57.60437423631268,28190.66491561922,493.7305015346202,0.0,0.0229339600955453,False,32820.04296875,1470.0460205078125,False,33292.04052734375,2092.363401866117,False,37539.18302625418,4290.250238549612,False,False,0.7434017607152218,69.06948209990614,False,False
[GGH2002] EIS J033334.35-273305.6,53.39306113881,-27.55154689818,2025112900046,-1,z,20251129,z_20,0.2336942522133148,53.393113690638174,-27.55159209923029,746132994853962728,0,678.1893615081574,2237.217527259149,0.05154561,0.048405938,53.393113690638174,-27.55159209923029,2.8582772e-06,2.6945247e-06,28186.480133505404,1439.230492213168,27014.07393544456,863.5247212425272,False,27457.467408889977,1146.6952219350767,False,27162.894081403057,1630.9379199029636,False,23683.90376545924,2393.5487202787667,False,26234.02970093811,3345.0092720201387,False,-0.914945691287244,53.87664364223947,27212.41939954868,442.17145818794427,0.0,0.0055847920066051,False,33299.234375,1390.66259765625,False,32941.988525390625,1977.9312941418625,False,31815.501794219017,4056.683235813763,False,False,-1.109606744164101,65.33927391280163,False,False
[GGH2002] EIS J033334.35-273305.6,53.39306113881,-27.55154689818,2025112900047,-1,z,20251129,z_20,0.2454178123323557,53.39311734522856,-27.551593418161584,746132994990801322,0,2475.3708171531507,958.9885888431309,0.056558605,0.055058807,53.39311734522856,-27.551593418161584,3.1417574e-06,3.0615254e-06,27617.97066385665,1444.851019634746,28187.54693631732,867.5980918811762,False,28772.99734295318,1151.9083840130154,False,31510.749195800443,1638.048218171146,False,31448.179435458667,2398.828264732573,False,33288.77364465506,3356.656620879661,False,1.2041148529198529,52.12309601163426,27420.75181044723,462.8421999962214,0.0,0.0216807396087632,False,34583.96875,1384.546875,False,37874.634765625,1968.8671191601927,False,40011.74760246277,4034.564292948564,False,False,1.4472969203880972,62.64983457001887,False,False
[GGH2002] EIS J033334.35-273305.6,53.39306113881,-27.55154689818,2025112900053,-1,z,20251129,z_20,0.225427955446061,53.39310996776852,-27.551592141625395,746132995838574624,0,1299.065226114214,62.219707222595126,0.048656713,0.04662072,53.39310996776852,-27.551592141625395,2.6978814e-06,2.594355e-06,26183.464177849342,1428.0163180530574,26350.718711944948,856.4066946160569,False,25269.435629143936,1136.7275770283463,False,24934.27524726064,1615.1624110543771,False,22405.62093656453,2371.059920989784,False,30781.322399529465,3316.080561137708,False,0.5215051462017204,50.47278702091177,27350.746317045912,455.079822659984,0.0,0.0156543539356167,False,30326.685546875,1364.224365234375,False,29924.448486328125,1938.409834950396,False,36941.68317914009,3979.7379688900864,False,False,0.6258755760139008,60.57406121457728,False,False
[GGH2002] EIS J033334.35-273305.6,53.39306113881,-27.55154689818,2025113000041,-1,z,20251130,z_20,0.2273443470012971,53.39310814600674,-27.55159434454717,746137392256648929,0,1495.1897985117423,3330.3490026329227,0.037773695,0.032327272,53.39310814600674,-27.55159434454717,2.0868915e-06,1.8114646e-06,26581.90829545585,1293.985030110038,27727.890889859693,779.989627142108,False,27419.14877897807,1033.784978100309,False,29076.23500483349,1467.9833008030682,False,33147.48106314041,2152.425843801363,False,39606.77839447914,3011.526442592421,False,3.432496582871893,48.19784931734073,28188.69797190449,371.4622760122117,0.0,0.001235698385292,False,32706.947265625,1233.1510009765625,False,34683.603515625,1751.0847179543098,False,47244.96820640564,3592.3010353415016,False,False,4.0944555073679885,57.49283205857264,False,False
[GGH2002] EIS J033334.35-273305.6,53.39306113881,-27.55154689818,2025121000243,-1,z,20251210,z_20,0.2397745405825882,53.39311708007931,-27.551591352780758,746181399825875597,0,2485.347423571523,1612.278156507766,0.06887729,0.059902843,53.39311708007931,-27.551591352780758,3.6277534e-06,3.5428643e-06,27629.764425415357,1254.0488757399198,27605.11101940172,754.2162996724416,False,28071.2958048072,999.2321280052204,False,29259.31177583618,1419.0065285459675,False,32009.75463543696,2080.36837886636,False,32004.08125253485,2910.064894840891,False,0.3829334494130554,46.15230543317527,26996.243307947087,495.461726346769,0.0,0.0589716301604014,False,33419.53515625,1189.6092529296875,False,34833.89599609375,1689.3605089498271,False,38101.60834753513,3464.500418375755,False,False,0.4558912407945246,54.94540062172175,False,False
[GGH2002] EIS J033334.35-273305.6,53.39306113881,-27.55154689818,2025121000244,-1,z,20251210,z_20,0.2336539513120983,53.39311040285824,-27.55159490662393,746181399960093964,0,3399.0197463720338,2918.6417632759803,0.059419543,0.05804657,53.39311040285824,-27.55159490662393,3.2660832e-06,3.2604294e-06,29270.92287140585,1260.2392123122029,28225.77326923188,758.2425234365411,False,27797.242442781648,1004.180959004545,False,26465.012768395856,1425.8501158688614,False,25128.80739924189,2087.130305178235,False,22325.52187298251,2918.172273470864,False,-1.7722764159188211,45.078082815033554,28623.615064145502,469.34226813581313,0.0,0.001120360162622,False,33144.9453125,1197.3677978515625,False,31556.41796875,1700.158719397274,False,26620.56148469448,3479.577537798624,False,False,-2.113231375564625,53.75031688024946,False,False
[GGH2002] EIS J033334.35-273305.6,53.39306113881,-27.55154689818,2025121000245,-1,z,20251210,z_20,0.2396416130632269,53.39311313450076,-27.55159491955661,746181400120524832,0,3824.742495756932,68.78974610675931,0.047242206,0.042268936,53.39311313450076,-27.55159491955661,2.567676e-06,2.4104397e-06,27975.134680126816,1271.8927836129608,25548.957002833915,764.2189976007571,False,25704.32421601425,1013.0221896293218,False,23293.12417861564,1438.9962486492964,False,21483.385415210774,2108.9131177949057,False,21418.61316149247,2949.3214107504205,False,-0.9668201088456818,46.61004600565153,27286.974787615905,430.83676349657287,0.0,0.0041635437299275,False,30569.68359375,1204.768798828125,False,27702.08740234375,1711.3719716621003,False,25472.76566624641,3507.574118083274,False,False,-1.14982150750627,55.43247691356105,False,False
[GGH2002] EIS J033334.35-273305.6,53.39306113881,-27.55154689818,2025121000246,-1,z,20251210,z_20,0.220352781365141,53.39310277156913,-27.55159572546665,746181400256841184,0,1132.581420871539,3956.0622280108137,0.0889525,0.074012354,53.39310277156913,-27.55159572546665,4.8099505e-06,4.265842e-06,26870.690981988388,1325.9220199817753,25779.65987909994,789.3654925790811,False,26501.16680858916,1047.1736681792918,False,27288.4556098844,1487.7845105527306,False,25142.17145792832,2179.7231610122635,False,24671.45032557185,3049.097978164071,False,-0.4698913170111896,49.01183550846538,26508.0017408212,528.5511039958203,0.0,0.0050555176961787,False,30788.529296875,1216.5855712890625,False,31703.185791015625,1728.4784976238632,False,28662.801024258137,3542.381477306152,False,False,-0.5459104002717827,56.94097714055857,False,False
[GGH2002] EIS J033334.35-273305.6,53.39306113881,-27.55154689818,2025121400776,-1,i,20251214,i_39,0.2319582806751,53.39310985392271,-27.551594712065807,746199063580903622,0,1589.4753869161225,3623.1826686208224,0.030278508,0.032905,53.39310985392271,-27.551594712065807,1.7567503e-06,1.7555107e-06,24496.18882164609,600.0513120595771,24121.825203441927,368.6602971154311,False,24793.22525848132,481.4850838635287,False,24893.556391517173,677.0350424537545,False,26342.732798964586,986.0425697623264,False,27831.71839464836,1377.3324081815438,False,0.8194218434312521,21.653807214813863,25480.561937707636,239.3279939660638,0.0,0.0010012396458853,False,41977.79296875,815.2098388671875,False,42147.66516113281,1146.2984968036965,False,47122.31267029047,2331.982792759745,False,False,1.3873757907258073,36.66239574610149,False,False
[GGH2002] EIS J033334.35-273305.6,53.39306113881,-27.55154689818,2025121400777,-1,i,20251214,i_39,0.2343828905674862,53.393111480453335,-27.55159429823425,746199063691528586,0,3595.333566275273,3546.1740358901534,0.028709501,0.028138088,53.393111480453335,-27.55159429823425,1.5805648e-06,1.5790142e-06,24850.39907174569,592.0013289540723,24969.47470097781,364.17254968059166,False,25656.770125327857,475.2666696279548,False,26688.33843224319,667.2542013625778,False,28076.308722502545,972.68932172718,False,28392.758637418883,1356.4551154184735,False,0.90971005881106,21.50921604892301,25359.98058427687,228.75932466672717,0.0,0.0023460227683875,False,43654.71875,808.6611328125,False,45409.921142578125,1135.325855629966,False,48309.97381192446,2307.993807144716,False,False,1.547861892492803,36.59770004416024,False,False
[GGH2002] EIS J033334.35-273305.6,53.39306113881,-27.55154689818,2025121400782,-1,i,20251214,i_39,0.6436231582673124,53.393224930074695,-27.551651186121365,746199064385685660,0,4085.768460857244,3161.6147732871805,0.13242789,0.1720411,53.393224930074695,-27.551651186121365,7.8695675e-06,9.136404e-06,,,7527.613072914571,350.2461850852633,True,,,True,,,True,,,True,,,True,-0.034486877950229,20.75218631135396,7137.860863402294,190.6915399441049,,,True,,,True,,,True,,,True,True,-0.0588720455961885,35.42575412322923,True,False
[GGH2002] EIS J033334.35-273305.6,53.39306113881,-27.55154689818,2025121400783,-1,i,20251214,i_39,0.2401805267997784,53.393111447681534,-27.551596513230034,746199064516231830,0,2116.203827437863,1011.5882146734292,0.027492281,0.03151039,53.393111447681534,-27.551596513230034,1.5732165e-06,1.7108656e-06,25326.77316429858,590.8905566237331,24896.69614607421,364.3129222936684,False,25458.37173419052,475.29832159636993,False,26438.506416983342,667.8009561068734,False,25952.885226727565,972.0745285838404,False,25244.572464145836,1357.8372734957163,False,0.3459696194594881,21.753968181530336,25293.29988228435,229.7816295791889,0.0,0.0006012997808741,False,43386.48828125,810.0095825195312,False,45056.84655761719,1138.0750763972478,False,43022.12878406048,2314.043944736968,False,False,0.5896059259826374,37.07339555856562,False,False
[GGH2002] EIS J033334.35-273305.6,53.39306113881,-27.55154689818,2025121400784,-1,i,20251214,i_39,0.2276811617894641,53.39310930091053,-27.551593552091063,746199064648351992,0,1518.5639200954934,395.9628726496927,0.027951224,0.032782912,53.39310930091053,-27.551593552091063,1.5946737e-06,1.7850197e-06,25844.37841539432,594.2388584483896,25251.79099306197,365.2302339429606,False,26127.682645587087,476.55928671489386,False,26431.934571219925,669.1930597452701,False,27311.482273349004,973.2856704667264,False,28561.029754128336,1359.0045068795407,False,0.8740075183141913,21.586850821933183,25537.512922528094,233.43668888947465,0.0,0.0020279078982275,False,44441.7578125,810.6012573242188,False,44959.27368164063,1138.2607594565293,False,48580.74802982807,2311.592267102088,False,False,1.4866389408547052,36.71805146963367,False,False
[GGH2002] EIS J033334.35-273305.6,53.39306113881,-27.55154689818,2025121400785,-1,i,20251214,i_39,0.2234792966327753,53.39311093463045,-27.55159053895001,746199064782570233,0,1537.3973938304218,1187.5573962584722,0.02996694,0.034205545,53.39311093463045,-27.55159053895001,1.6919479e-06,1.8764218e-06,24814.533671999918,591.4212640863266,24341.83349279516,363.4117930272456,False,24566.06976669547,474.3880410720963,False,25469.011368648586,667.9778291393654,False,24816.81415751495,973.1181354240124,False,26578.15936369182,1356.6830137905968,False,0.4436928101064761,21.578393437805943,25526.300809895976,235.98389648590825,0.0,6.91084329207392e-07,False,41738.94140625,806.0082397460938,False,43273.08288574219,1134.9266584319585,False,45157.57900643349,2305.0700969769964,False,False,0.7538555568426913,36.662734735151936,False,False
[GGH2002] EIS J033334.35-273305.6,53.39306113881,-27.55154689818,2025121400786,-1,i,20251214,i_39,0.2293058108529232,53.3931117841862,-27.551592075657545,746199064916264414,0,935.0077267585766,2437.084842490181,0.030672308,0.030082006,53.3931117841862,-27.551592075657545,1.7023729e-06,1.6721117e-06,25705.25681504825,587.5709271213126,24743.470997414413,363.06286251454975,False,25718.37085240666,474.0155991629264,False,25945.395740062155,661.8106883650581,False,26645.73653922552,967.6509251491946,False,26719.737357946506,1350.8236379139323,False,-0.0418355369751486,21.66080093309499,25477.330760559104,232.723240228783,0.0,0.0002147714866003,False,43662.96484375,804.7526245117188,False,44048.392822265625,1123.5788217354152,False,45363.01928257942,2293.3398600877254,False,False,-0.0710256334138826,36.77428850594129,False,False
[GGH2002] EIS J033334.35-273305.6,53.39306113881,-27.55154689818,2025121400787,-1,i,20251214,i_39,0.2391103880506837,53.3931152103891,-27.55159286940079,746199065053627304,0,79.3332485782849,1573.2895440904567,0.03103823,0.02953904,53.3931152103891,-27.55159286940079,1.7204185e-06,1.6468122e-06,24486.80399517412,591.5672206113841,24427.479895763805,363.849586775393,False,24780.824462117034,474.8900047567389,False,25548.122049286587,667.6631435358025,False,25370.644005591545,972.5113671641572,False,27414.80208575474,1357.7310280235376,False,0.527509310605775,21.624327844444043,25228.64564524621,233.74753221240903,0.0,0.0024750765978203,False,42189.7109375,808.507080078125,False,43496.046142578125,1136.706128258964,False,46674.09581851959,2311.5566510208887,False,False,0.8980922069529991,36.81572993543922,False,False
[GGH2002] EIS J033334.35-273305.6,53.39306113881,-27.55154689818,2025121400788,-1,i,20251214,i_39,0.2375727064046684,53.393112622269214,-27.551594558813232,746199065183650871,0,2740.042406735588,1512.0939848622818,0.028250413,0.026387887,53.393112622269214,-27.551594558813232,1.5607732e-06,1.476138e-06,25828.07628563125,588.0251560447031,24801.475177823064,363.601399536674,False,25570.254867045496,474.4881691150316,False,26114.682652319392,663.4100627874036,False,25812.941379490425,969.5081805692864,False,27648.005239127964,1353.450728194961,False,0.3063847246815936,21.102644304826075,25840.46909523108,227.285110639542,0.0,3.7336823127676055e-06,False,43759.56640625,812.013671875,False,44691.27099609375,1135.324495123978,False,47315.31725251675,2316.2231790800333,False,False,0.5243304290581738,36.11393666609976,False,False
[GGH2002] EIS J033334.35-273305.6,53.39306113881,-27.55154689818,2025121600059,-1,i,20251216,i_39,0.2348740213334681,53.39311348178285,-27.55159275676841,746207763437192239,0,3520.34491021308,1816.049614890996,0.02854361,0.041944023,53.39311348178285,-27.55159275676841,1.6579752e-06,2.2797062e-06,24376.477414997604,636.5610452202866,24666.24537796129,388.68457149112174,False,25275.985632949727,508.76389633487247,False,26894.679898703333,716.3639463079452,False,27931.360183463144,1044.4557701546655,False,27879.74529838645,1456.9551952749557,False,0.3584842447633231,22.597030291423124,25474.648546935277,252.8723520329575,0.0,0.0016101072181253,False,42677.7109375,859.0319213867188,False,45410.82556152344,1209.5581106329894,False,47074.077669382095,2460.023263811969,False,False,0.6052894314717833,38.154378659169325,False,False
[GGH2002] EIS J033334.35-273305.6,53.39306113881,-27.55154689818,2025121600060,-1,i,20251216,i_39,0.2437105750484274,53.39311244676392,-27.551597034523432,746207763569311911,0,3022.245915150328,248.10480440551297,0.024808723,0.031083457,53.39311244676392,-27.551597034523432,1.39876e-06,1.7099046e-06,24212.03200742672,632.2143470098072,24709.71639390529,386.2724317621704,False,25298.64288813109,505.4668330136444,False,26925.0540870736,711.5921351579879,False,27911.35529844158,1037.527164643766,False,31322.900246527548,1448.8007325540905,False,1.21072966911459,22.88653097169744,25166.557105700773,237.4685877314116,0.0,3.82972739561005e-05,False,42668.59765625,852.5184936523438,False,45411.69677734375,1200.168666938761,False,52829.08786672354,2443.5419644756093,False,False,2.0420121881783464,38.60033860696955,False,False
[GGH2002] EIS J033334.35-273305.6,53.39306113881,-27.55154689818,2025121600061,-1,i,20251216,i_39,0.2328687807221992,53.39311243506467,-27.5515928972023,746207763700385385,0,1175.2045039491704,2742.326343807045,0.02822313,0.03530893,53.39311243506467,-27.5515928972023,1.5831256e-06,1.9498752e-06,25141.195761426334,636.4171472047254,24669.3372346904,390.084259147206,False,25177.73125678896,510.5342953720093,False,25341.12294390945,718.3867953935483,False,25928.14715427041,1047.55077654929,False,28166.65891451728,1463.510113278858,False,0.6400209301489505,23.69215736190044,25403.95596446033,243.29819593624552,0.0,0.0001013239754518,False,42574.8203125,863.298828125,False,42851.11096191406,1214.771434995994,False,47629.0111232996,2474.753561505781,False,False,1.0822570079654528,40.06275753008527,False,False
[GGH2002] EIS J033334.35-273305.6,53.39306113881,-27.55154689818,2025121600086,-1,i,20251216,i_39,0.2347358547984303,53.393112351918695,-27.551593695347936,746207767034332073,0,2361.841586166686,1378.4072394783104,0.025308792,0.027023196,53.393112351918695,-27.551593695347936,1.4435713e-06,1.4650749e-06,25498.63781180037,641.3072096039745,24418.865504327943,392.2455598559779,False,24988.136317883007,513.9075835673538,False,25037.286252117538,723.412035331015,False,24499.722621744797,1055.2507928234056,False,25927.148627667208,1473.9750034580936,False,0.0041959510944264,23.25423746966226,25355.372808523047,232.18148393853264,0.0,3.3766035415716544e-05,False,42238.125,868.6719360351562,False,42321.20446777344,1222.802996834479,False,43825.36299216747,2491.4999522546577,False,False,0.0070925300136703,39.3072687185697,False,False
[GGH2002] EIS J033334.35-273305.6,53.39306113881,-27.55154689818,2025121600087,-1,i,20251216,i_39,0.2295881250825812,53.39311105190497,-27.5515928207591,746207767167500556,0,1669.9949579868123,427.6746709334434,0.02664465,0.028711732,53.39311105190497,-27.5515928207591,1.5313892e-06,1.5470005e-06,24807.795215448037,639.839290378931,24553.090468199767,391.483480809987,False,24886.92298980918,512.545918814786,False,24870.14605482896,721.0192919350005,False,26375.73594754368,1053.2394709187977,False,28392.885234670423,1468.5758911141634,False,1.4049975875430456,23.13802831629152,25415.19538411655,239.90336773154291,0.0,0.0117078465377619,False,42021.24609375,865.4271240234375,False,41992.91845703125,1217.4317056852974,False,47941.017788589,2479.671309833134,False,False,2.372320170374106,39.06826016222172,False,False
[GGH2002] EIS J033334.35-273305.6,53.39306113881,-27.55154689818,2025121600088,-1,i,20251216,i_39,0.2335437455130171,53.39311264335388,-27.551592978218636,746207767302768069,0,1278.5541962456748,2362.1907593530323,0.030413462,0.032672845,53.39311264335388,-27.551592978218636,1.752656e-06,1.7541946e-06,24985.828550141687,637.1365434257099,24710.57555772967,389.28495352838434,False,25274.97161596222,509.5262796319246,False,25459.86556491084,717.3899696388274,False,26250.907558473784,1045.7729334462745,False,30083.59978321159,1461.8659886388396,False,0.6405770616651177,23.15353546247804,25507.38537981278,244.21111423012465,0.0,0.0058298030001081,False,42593.9453125,858.6650390625,False,42905.53271484375,1208.9615608206873,False,50697.55263978243,2463.5691355222907,False,False,1.079514736854324,39.01885383946352,False,False
[GGH2002] EIS J033334.35-273305.6,53.39306113881,-27.55154689818,2025121600092,-1,i,20251216,i_39,0.2345997894188338,53.39311334122977,-27.55159277438833,746207767862183595,0,3960.313017283097,2564.883914103854,0.031196255,0.028321622,53.39311334122977,-27.55159277438833,1.7037578e-06,1.6047912e-06,24980.257603882543,628.623400364512,24760.46058936292,384.07677661205975,False,25183.244625871288,502.2471010374833,False,25287.76595977844,706.7762913629957,False,25684.01293242544,1030.0680239501864,False,26127.73651312422,1438.3354348987905,False,0.5290742329282744,22.351904561270263,25386.675370359782,239.234552249766,0.0,0.0003707402582968,False,42212.23046875,841.8681030273438,False,42387.429443359375,1184.7005476892937,False,43795.390614032745,2410.942186811914,False,False,0.8868358222793045,37.4663297272879,False,False
[GGH2002] EIS J033334.35-273305.6,53.39306113881,-27.55154689818,2025121600093,-1,i,20251216,i_39,0.2320533294347538,53.39311265126889,-27.551592386472745,746207767974381404,0,2693.7607572006946,2896.624021734931,0.031217773,0.02776872,53.39311265126889,-27.551592386472745,1.6921688e-06,1.5893429e-06,26047.374402521244,622.6789462097754,24701.80256754576,381.02992220127305,False,25367.01877864497,498.31055301097297,False,25301.176782629354,700.502577807246,False,24809.747880826533,1021.3056622057264,False,26900.76799622484,1426.4600433751173,False,0.1488608265086984,22.73746270284432,25326.15203230652,240.1896904649776,0.0,0.0023483937549334,False,42618.5,837.19921875,False,42507.88049316406,1176.8970320395229,False,45195.31407499313,2396.5601905794715,False,False,0.2500973878689206,38.20064796171265,False,False
[GGH2002] EIS J033334.35-273305.6,53.39306113881,-27.55154689818,2025121600094,-1,i,20251216,i_39,0.229693929422634,53.39311203031809,-27.55159201032671,746207768129044984,0,3036.349636527596,783.7728942901894,0.026750594,0.028802844,53.39311203031809,-27.55159201032671,1.5195844e-06,1.5691688e-06,24573.489665408837,618.8111213729704,24632.857301875923,379.6840512703942,False,24837.651662784887,496.1569397218946,False,25253.96224210555,697.8776905509259,False,25932.03210894032,1017.4031347087376,False,28189.71387402892,1421.187482689755,False,0.5432942168908063,22.740031229326995,25082.968278396216,231.32751188296533,0.0,0.0019444014303493,False,41934.3046875,837.6796875,False,42637.17687988281,1178.2521193024118,False,47593.71242886782,2399.442174578397,False,False,0.9172632556157406,38.39281632259367,False,False
[GGH2002] EIS J033334.35-273305.6,53.39306113881,-27.55154689818,2025121600095,-1,i,20251216,i_39,0.2400850916905087,53.39311318902412,-27.551595043887858,746207768242817523,0,3223.115341939189,3496.26863556458,0.025549307,0.028047642,53.39311318902412,-27.551595043887858,1.4666778e-06,1.5146237e-06,24988.73373901468,620.305462644513,23973.189441219227,380.0652267267348,False,24598.735598157506,497.2287999407635,False,24878.54472955825,699.740225957881,False,24161.58842211843,1019.9808617266116,False,24982.45288270116,1424.14118397848,False,-0.7313928618044727,22.860763130776096,24857.4864141991,229.75454703812343,0.0,2.0693260031068306e-06,False,41512.6796875,839.120361328125,False,41984.88391113281,1180.8774377340008,False,42160.23869150877,2403.3721800198487,False,False,-1.234294237468336,38.57968770276147,False,False
[GGH2002] EIS J033334.35-273305.6,53.39306113881,-27.55154689818,2025122000261,-1,r,20251220,r_57,0.2796355452566088,53.39312268510479,-27.551602180438856,746225382737839424,746225382737838451,3920.473183909014,1448.524609442297,0.12367141,0.14086118,53.39312268510479,-27.551602180438856,7.5076114e-06,7.2193798e-06,20070.73819040509,608.728281287623,17667.373553802754,359.67007222962053,False,19686.342634655703,474.27347937485,False,20342.886424595898,670.693280909857,False,19864.80868217944,980.4736125918564,False,19200.09581792292,1367.0055553699528,False,0.3576542407258357,22.14798316603964,19265.34478073323,343.0400706310061,0.0,0.0037625627494483,False,35958.08984375,866.2842407226562,False,37157.29992675781,1225.0548362447455,False,35069.935703247786,2496.9040460753827,False,False,0.6532733661954122,40.45439944443212,False,False
[GGH2002] EIS J033334.35-273305.6,53.39306113881,-27.55154689818,2025122000262,-1,r,20251220,r_57,0.2758099378421016,53.393121176955866,-27.55160200085322,746225382868911311,746225382868910351,4025.9594195368536,1212.043723474634,0.12749256,0.13400474,53.393121176955866,-27.55160200085322,7.311759e-06,7.233193e-06,20418.388930519708,618.6426257447321,17185.28668135744,364.69093207513214,False,19743.97203753887,481.3424382380369,False,20281.13308128648,676.1507426280516,False,19953.159402977297,989.936487238249,False,20831.61724997839,1385.7419503739916,False,0.2599179457609379,21.865608833126256,19202.403736824555,360.6960227025093,0.0,0.0187474269440793,False,35593.32421875,867.7371215820312,False,36561.68798828125,1218.9265947779757,False,37554.069939404726,2498.1377824789856,False,False,0.4685654789295245,39.41809190967835,False,False
[GGH2002] EIS J033334.35-273305.6,53.39306113881,-27.55154689818,2025122000265,-1,u,20251220,u_24,0.5493740483595171,53.39321926750088,-27.551607172643685,746225383244300425,0,2980.0,2130.0,,,53.39321926750088,-27.551607172643685,,,3003.589623684827,1023.0171923921685,3513.5322776847465,601.277661738219,True,3697.039352233063,798.2409474704871,True,5093.667662574954,1130.80000301739,True,4669.802669978547,1661.5772254091212,True,3028.27282002728,2325.4743525022104,True,-0.0857622761001789,36.73516652932504,3374.48154233508,582.2428150734032,,,True,1061.525634765625,229.19778442382807,True,1462.5375289916992,324.684991592249,True,869.5036544799805,667.7101331583206,True,True,-0.0246247999825045,10.547715956744955,True,False
[GGH2002] EIS J033334.35-273305.6,53.39306113881,-27.55154689818,2025122000269,-1,z,20251220,z_20,0.2682090248010176,53.39311014717452,-27.551607418195037,746225383811580369,0,2202.740250900661,1949.3600327941367,0.23094593,0.19991398,53.39311014717452,-27.551607418195037,1.2364521e-05,1.1640168e-05,25102.81326451993,1833.457614887948,23994.597645605925,1073.7792251331075,False,24187.771047734183,1429.5153169971168,False,24538.72646657454,2036.098846561753,False,23142.286459748226,2988.834013955909,False,27721.938476994284,4183.898235711476,False,0.5113999752904963,65.26708495296607,25416.79805662992,900.0084469204744,0.0,0.0033362580613361,False,26236.2265625,1550.58056640625,False,26616.904296875,2208.53548417572,False,30069.70163553953,4538.231398417884,False,False,0.5547102951032454,70.79453598765397,False,False
[GGH2002] EIS J033334.35-273305.6,53.39306113881,-27.55154689818,2025122000270,-1,z,20251220,z_20,0.190586383512184,53.39310914422449,-27.551578382217038,746225383942653126,746225383942652697,679.1030067120545,3662.3669298859054,0.28114542,0.2467916,53.39310914422449,-27.551578382217038,1.5171942e-05,1.4219993e-05,25830.129710448786,1986.049409109525,22673.390862021064,1134.0233613428643,False,25104.036271360008,1510.8881292739914,False,28051.04715774492,2153.671879754213,False,25701.993340275694,3160.264567381736,False,32805.010503769554,4421.930491539628,False,0.8255188958493034,70.56243587461773,26224.72384524405,1093.095346186667,0.0,0.0670982619584226,False,25610.892578125,1541.393310546875,False,28617.404296875,2197.155013827007,False,33467.351263940334,4511.210292344817,False,False,0.8421863135582336,71.98710779817422,False,False
[GGH2002] EIS J033334.35-273305.6,53.39306113881,-27.55154689818,2025122300330,-1,g,20251223,g_6,0.2668295508402457,53.39311086604273,-27.551606479469253,746238586136298902,746238586136297579,2960.217703268167,320.6460724513888,0.117682695,0.07771836,53.39311086604273,-27.551606479469253,6.0796897e-06,4.953154e-06,10482.905432912035,374.16050853422354,10243.723380235682,227.1115568355274,False,10772.290186417316,297.4567823702823,False,11417.714374600766,418.6078979248503,False,12340.679844666258,609.9485719472351,False,13081.78038896689,852.2353263720004,False,0.2352179262250689,13.362339017251347,11360.941811940856,199.33697915508975,0.0,0.1111322686480777,False,21108.619140625,582.8753051757812,False,22373.34680175781,820.2744758672412,False,25634.133051872253,1669.9801631091975,False,False,0.4609164378056852,26.18389592760132,False,False
[GGH2002] EIS J033334.35-273305.6,53.39306113881,-27.55154689818,2025122300331,-1,g,20251223,g_6,0.2025263784325011,53.39310953390229,-27.551583283475797,746238586269992265,746238586269991490,3923.2042785132985,2310.2752229148296,0.12617181,0.10386832,53.39310953390229,-27.551583283475797,6.787787e-06,6.0394364e-06,10878.688245435167,387.22198001678896,10228.030038641067,233.5161350767228,False,10824.738281716483,306.13800804149344,False,11132.166039676102,431.1520884809572,False,11672.127534362644,628.222712561927,False,12399.295182830225,877.3356701025775,False,0.1494726132990443,13.743622791533676,10859.362384428983,217.785136544388,0.0,0.0052455040758657,False,20824.41796875,588.9422607421875,False,21415.841424942017,829.4418825619138,False,23853.519474118948,1687.8010551043417,False,False,0.2875524648460194,26.439710408439787,False,False
[GGH2002] EIS J033334.35-273305.6,53.39306113881,-27.55154689818,2025122300332,-1,g,20251223,g_6,0.263909527747888,53.39312118040199,-27.551597300425755,746238586404734171,746238586404733167,1397.2228323425477,875.2825567327516,0.17591003,0.10938856,53.39312118040199,-27.551597300425755,9.291377e-06,6.8061295e-06,11704.480888106911,395.5414514136661,10591.83908651023,236.80283913580223,False,11665.38213640276,310.5841131235688,False,11796.822721102451,436.7646103061703,False,13072.3120856934,637.0634509999261,False,13609.895616662743,888.5214182217612,False,0.280921626574088,13.867554025516007,11824.641072343777,230.2414808562212,0.0,5.1711999966452815e-05,False,21987.826171875,585.4132690429688,False,22235.57568359375,823.2481557093865,False,25652.997521847486,1674.754780032643,False,False,0.5295030904950858,26.13865227703191,False,False
[GGH2002] EIS J033334.35-273305.6,53.39306113881,-27.55154689818,2025122300334,-1,g,20251223,g_6,0.2597360007081178,53.393119389173584,-27.55159727982997,746238586672645307,746238586672644230,3849.1888250538514,584.4258813091933,0.115752764,0.10224424,53.393119389173584,-27.55159727982997,6.372215e-06,5.756355e-06,10148.780691891196,401.5174927806244,9541.47954102427,239.1351991727114,False,10438.063462008053,314.41407593246703,False,11409.774004499546,443.353778411376,False,11305.501998636311,646.3479293779894,False,11017.83363181932,902.963635941506,False,-0.0771763351275489,14.162358881148982,10558.99862757433,224.96859008412545,0.0,0.0001723380603541,False,19739.7109375,594.59716796875,False,21577.33965986967,838.4386108345581,False,20836.130364716053,1707.6195431686256,False,False,-0.1459503050712788,26.782829164102004,False,False
[GGH2002] EIS J033334.35-273305.6,53.39306113881,-27.55154689818,2025122300335,-1,g,20251223,g_6,0.2543809467845553,53.39311972131541,-27.55159480825656,746238586784843200,746238586784842763,1373.2419152615423,3762.757935728597,0.14996345,0.10379308,53.39311972131541,-27.55159480825656,8.2009e-06,5.9674358e-06,11246.117361747669,404.1500879039581,10197.187020573405,241.42948919773283,False,11297.75635340593,317.17148733105165,False,11516.446604319071,446.6959144892229,False,12318.146860388268,651.5916992888455,False,12730.763788526,909.0142508196448,False,0.0042110135483223,14.133882409916083,11497.6168898109,224.1072276830965,0.0,0.0692212852459517,False,21270.517578125,597.145263671875,False,21682.250198364258,841.00355893719,False,23968.470063984398,1711.4197718555336,False,False,0.0079281615658413,26.610150267282005,False,False
[GGH2002] EIS J033334.35-273305.6,53.39306113881,-27.55154689818,2025122300336,-1,g,20251223,g_6,0.2782990437000299,53.39312591804479,-27.551598643380142,746238586941080964,746238586941079791,3903.917349873439,746.9501225016548,0.106473655,0.087845,53.39312591804479,-27.551598643380142,5.8839146e-06,4.928913e-06,10920.764019768088,399.2189776033664,10619.18443326037,240.6843065778062,False,11032.82031345301,315.3900324302795,False,11652.182161798084,442.53638881655786,False,11627.116590125395,646.4171193977749,False,12363.306870953553,902.8465138508489,False,0.2684229115483545,14.152276787257051,11517.0925790958,211.40179236216983,0.0,0.0048173345406945,False,20993.408203125,600.128662109375,False,22171.93878173828,842.0645665582477,False,23525.07704362273,1717.9492524615514,False,False,0.5107589531150686,26.929154573125743,False,False
[GGH2002] EIS J033334.35-273305.6,53.39306113881,-27.55154689818,2025122400056,-1,g,20251224,g_6,0.2386432024878338,53.39311241740657,-27.55159514151556,746242947400337493,0,3878.7997034190334,2795.8829577527185,0.029011333,0.027851284,53.39311241740657,-27.55159514151556,1.594031e-06,1.5660994e-06,11175.453915138416,290.653791973289,11063.17906854355,181.0202203625769,False,11485.970841693665,234.47142091648703,False,11955.63564436266,327.48518347174826,False,12107.287004894642,475.36508972318194,False,12173.50704193418,662.3428589988827,False,0.3780406773998699,10.211062882330395,11372.653238538294,114.62750050183308,0.0,0.0013272110072669,False,26122.73828125,533.2623291015625,False,27190.90490722656,744.805106745175,False,27686.413521707054,1506.3775972054775,False,False,0.8597843239803209,23.22319348750592,False,False
[GGH2002] EIS J033334.35-273305.6,53.39306113881,-27.55154689818,2025122400057,-1,g,20251224,g_6,0.2471377327004097,53.39311158780841,-27.55159897656294,746242947513058746,0,3920.084608589658,2026.3811972881472,0.033786956,0.032018468,53.39311158780841,-27.55159897656294,1.8466113e-06,1.8127648e-06,11253.053814876765,290.0903440031383,11084.56063090812,180.84292901183315,False,11285.047758525308,234.04179679053505,False,11362.95706704432,326.8527518913027,False,11683.696647972649,474.5485700443618,False,11947.736827342316,661.8031918077755,False,0.0204319583665123,10.497729802470312,11209.958706945916,115.27864242805876,0.0,0.0064533439265327,False,25684.212890625,532.6676025390625,False,25861.53063964844,743.9007652511589,False,27192.46057268977,1506.2314696227097,False,False,0.0465021309335128,23.89231599939104,False,False
[GGH2002] EIS J033334.35-273305.6,53.39306113881,-27.55154689818,2025122400058,-1,g,20251224,g_6,0.2326308136726176,53.393109603893,-27.551595161789468,746242947669821212,0,1720.2452753917337,2466.353710488296,0.030446284,0.027958637,53.393109603893,-27.551595161789468,1.6415801e-06,1.607702e-06,10833.793216011112,288.824940517319,11139.912461857675,180.49225871892105,False,11113.784399567056,233.2764492398251,False,11523.788619723637,326.01987472551247,False,11283.304567374074,472.82387519663575,False,11528.395567819589,659.4520872030552,False,0.2844187177430013,10.466922519409277,11407.192773523951,114.29178036410468,0.0,0.0047513934004539,False,25357.826171875,532.2564697265625,False,26293.31451416016,743.8650071516646,False,26303.825982153416,1504.6424147499793,False,False,0.6489455027430229,23.881910270996784,False,False
[GGH2002] EIS J033334.35-273305.6,53.39306113881,-27.55154689818,2025122400059,-1,g,20251224,g_6,0.2398036886068383,53.3931109192863,-27.55159679074783,746242947787260946,0,291.8152249922721,1409.668428787782,0.03007083,0.029270548,53.3931109192863,-27.55159679074783,1.6532061e-06,1.6465013e-06,12010.213236710126,289.2408353862021,11515.21020813817,181.04350337429068,False,11801.35162054855,233.97321883650685,False,11327.173004559723,325.7751830253678,False,11638.143653220746,473.17221801768704,False,12957.978619484267,659.8633704562534,False,-0.0410336444074005,10.331660327673193,11449.801850720338,114.7668010612883,0.0,0.0124821107634296,False,26982.234375,534.9489135742188,False,25898.087493896484,744.8419998471677,False,29626.70949727297,1508.690588129471,False,False,-0.0938180173136325,23.62197902473899,False,False
[GGH2002] EIS J033334.35-273305.6,53.39306113881,-27.55154689818,2025123000109,-1,y,20251230,y_10,0.1631833983675998,53.39309284479107,-27.551582457997103,746269342792942443,0,3960.0,3989.0,,,53.39309284479107,-27.551582457997103,,,,,29013.626239289435,1967.6406188769504,True,32398.520752143508,2617.079469846701,True,,,True,,,True,,,True,4.2867252505526405,121.20484492133052,29825.788341337637,1428.505243268199,,,True,13354.58984375,1078.753662109375,True,,,True,,,True,True,1.7669775090021491,49.96033625679048,True,False
[GGH2002] EIS J033334.35-273305.6,53.39306113881,-27.55154689818,2025123000110,-1,y,20251230,y_10,0.2771068477946455,53.39313350757009,-27.551589422088288,746269342927160178,0,3960.0,3989.0,,,53.39313350757009,-27.551589422088288,,,,,31006.326706431064,1964.7113935990708,True,33348.72005856124,2612.0390601476056,True,,,True,,,True,,,True,4.333214321267753,118.04086690253698,31790.628343642744,1404.4313698679207,,,True,13790.953125,1080.1766357421875,True,,,True,,,True,True,1.7919475014406432,48.81434907932366,True,False
[GGH2002] EIS J033334.35-273305.6,53.39306113881,-27.55154689818,2025123000111,-1,y,20251230,y_10,0.4229773452366181,53.39308970592908,-27.55166162956758,746269343061377945,0,3957.629451769881,3992.4022113095966,0.9440121,0.6932853,53.39308970592908,-27.55166162956758,5.1796156e-05,3.935715e-05,,,19412.172931268804,1962.1611105738416,True,,,True,,,True,,,True,,,True,2.820813952642086,121.54906601736346,20695.378138304743,1374.0393873111564,,,True,,,True,,,True,,,True,True,1.1657239438644118,50.23112441644077,True,False
[GGH2002] EIS J033334.35-273305.6,53.39306113881,-27.55154689818,2025123000168,-1,y,20251230,y_10,0.2310318387236009,53.39309919092558,-27.55160149052276,746269350717030454,0,2614.692056254186,299.74577622934,0.2942153,0.4730175,53.39309919092558,-27.55160149052276,1.8532686e-05,2.4794406e-05,29022.736143872666,4465.651677373142,23729.68332668677,2577.369753432072,False,25368.18315082982,3439.383539926987,False,29020.37368828705,4907.43069182393,False,18824.751126782965,7212.64090627029,False,16639.715070676604,10093.04481464817,False,-0.2365644051075291,161.5906637797135,28877.586074363982,1992.4499531378503,0.0,0.3167947908828046,False,9988.6748046875,1354.2508544921875,False,11426.718017578123,1932.2916826847484,False,6551.856776475906,3974.117572521554,False,False,-0.0931467933250934,63.62602250119576,False,False
[GGH2002] EIS J033334.35-273305.6,53.39306113881,-27.55154689818,2025123000169,-1,y,20251230,y_10,0.318270267493465,53.39314513416015,-27.55159454572531,746269350847054297,0,2738.209859427484,3074.349505845252,0.37850305,0.35303113,53.39314513416015,-27.55159454572531,2.0839543e-05,1.9816476e-05,29443.246777430475,4510.006040115429,27375.275171990088,2608.1237653367707,False,26774.455026866428,3479.460022304341,False,24144.67561691625,4961.578894242898,False,27287.943041228515,7286.786694510898,False,27790.95472769736,10206.80867874394,False,1.9201500847433253,161.37948736470503,28917.766684463204,2021.7236828909884,0.0,0.074013706174257,False,10395.44921875,1350.93505859375,False,9374.4111328125,1926.3824936182195,False,10790.115366399288,3962.8952745783463,False,False,0.7455174224199282,62.65719560545018,False,False
[GGH2002] EIS J033334.35-273305.6,53.39306113881,-27.55154689818,2025123100238,-1,i,20251231,i_39,0.2231029954163546,53.39311164809069,-27.55158973855034,746273758159307929,0,2198.4775124456637,3064.03302361756,0.043437663,0.047626685,53.39311164809069,-27.55158973855034,2.6408982e-06,2.4204223e-06,25321.144425419152,1159.4825557407062,24940.73858383621,697.2267212066319,False,24452.11201660933,925.3949416082256,False,24559.18686670052,1315.938689755099,False,24111.59279357717,1927.6256331599204,False,24613.32368914126,2698.853047698221,False,0.2285335238194425,44.849773881635976,25449.88598924128,361.9801557351853,0.0,0.0033672477930996,False,41485.65234375,1570.0325927734375,False,41667.31640625,2232.632295802808,False,41759.16538000107,4578.896055589232,False,False,0.3877318373000064,76.09249154778547,False,False
[GGH2002] EIS J033334.35-273305.6,53.39306113881,-27.55154689818,2025123100248,-1,i,20251231,i_39,0.2380584286132883,53.39311612477324,-27.55159157743832,746273759500961156,0,1022.1666685266152,3940.8894443848544,0.03893272,0.033036925,53.39311612477324,-27.55159157743832,1.9758843e-06,2.0374027e-06,24612.190571027644,1196.156516473049,24133.29388833759,719.4121592588813,False,23621.845472483164,955.7290278897927,False,22952.12500037973,1357.3851014652523,False,22099.60539158193,1993.822573149963,False,20961.19199266396,2789.354739967158,False,-0.6469135673325734,43.96775788764178,25336.85972176417,409.5456000925633,0.0,0.0475132959187829,False,39624.12890625,1603.174072265625,False,38500.7158203125,2276.926343394135,False,35161.053547382355,4678.963458230576,False,False,-1.0851559677269071,73.75309047246795,False,False
[GGH2002] EIS J033334.35-273305.6,53.39306113881,-27.55154689818,2025123100249,-1,i,20251231,i_39,0.2461626871430175,53.39311384958523,-27.5515968145074,746273759635701920,0,3883.368892083433,537.395668815244,0.06387485,0.062114153,53.39311384958523,-27.5515968145074,3.4982997e-06,3.505178e-06,25116.996154370147,1208.9509013672562,24944.70237677025,724.4607550302873,False,24884.01390518665,962.5064930385336,False,25277.88000922968,1372.250996834904,False,22406.09341697374,2011.46914195348,False,24666.396119675177,2813.118360463412,False,0.1308140755405876,44.74412447248034,25187.67212058192,431.4293501837536,0.0,0.0113954597067131,False,41661.15625,1611.4415283203125,False,42320.572265625,2297.441377873574,False,41296.81757861376,4709.761215033806,False,False,0.2190107135272011,74.91122485383735,False,False
[GGH2002] EIS J033334.35-273305.6,53.39306113881,-27.55154689818,2025123100251,-1,i,20251231,i_39,0.2300232007776855,53.39311216093242,-27.55159202380773,746273759904137905,0,4004.689276644941,2027.752088667956,0.06374648,0.055610973,53.39311216093242,-27.55159202380773,3.3529618e-06,3.295456e-06,25860.3697613322,1208.5256049467605,24995.576415526484,725.8796357430163,False,25385.46698211311,964.5341823805908,False,23593.998927963217,1371.3735816605458,False,28176.1481715511,2013.479323541655,False,25737.262444480337,2817.5194541765054,False,0.8813814166669705,44.71279855698886,25423.23959979159,423.7284596033816,0.0,0.0053819576433479,False,42717.74609375,1623.083251953125,False,39703.12841796875,2307.697884869688,False,43309.73477959633,4741.21987759842,False,False,1.4831567839763744,75.24108093990432,False,False
[GGH2002] EIS J033334.35-273305.6,53.39306113881,-27.55154689818,2025123100252,-1,i,20251231,i_39,0.235371581307681,53.39311279187142,-27.551593561456716,746273760043598717,0,1167.2923430750757,2516.1026258687816,0.056502137,0.055463064,53.39311279187142,-27.551593561456716,3.1186028e-06,3.1028817e-06,25517.890554516216,1207.2027201485168,24332.509983871336,724.0264803680859,False,25621.301209405985,962.2500970102676,False,25412.865066485425,1369.031958304667,False,27560.902117093912,2007.170847236323,False,24216.795307260283,2808.0027131024067,False,-0.1796661850268963,44.89987791422536,25282.603528456904,404.3144560556136,0.0,0.0066446980316674,False,43029.9375,1616.06005859375,False,42679.87744140625,2299.2337165032764,False,40671.12673181296,4715.926808598973,False,False,-0.3017420797399862,75.40752612897995,False,False
[GGH2002] EIS J033334.35-273305.6,53.39306113881,-27.55154689818,2025123100253,-1,i,20251231,i_39,0.2297700586436202,53.39310808646678,-27.55159528322611,746273760174670402,0,3451.4195027772,1668.8571421955323,0.05896953,0.053295713,53.39310808646678,-27.55159528322611,3.175508e-06,3.0687243e-06,24873.819299134124,1207.2208783227456,24363.271820313697,723.6505883925184,False,25425.11487753393,961.862727400553,False,26593.72904774812,1368.2467188446867,False,27439.44166343089,2007.2431046846984,False,26965.923566153328,2808.339102312978,False,-0.0584956262845682,44.40225194726942,25120.61617307316,406.0058892536836,0.0,0.0072940353874372,False,42765.125,1617.856201171875,False,44730.73779296875,2301.3953818527752,False,45356.77017003298,4723.6354026830295,False,False,-0.0983898315528666,74.68473058834995,False,False
[GGH2002] EIS J033334.35-273305.6,53.39306113881,-27.55154689818,2026010100044,-1,i,20260101,i_39,0.2323237076280319,53.39311142313108,-27.55159355806935,746278130140841193,0,3629.877031676172,2646.199752664374,0.037239324,0.043128975,53.39311142313108,-27.55159355806935,2.2170368e-06,2.2616096e-06,24117.23256814249,988.6820749164856,24030.009260647348,596.1314864510937,False,23382.90512710498,789.6183026626909,False,23557.029343980965,1121.8529802785642,False,21261.008838141257,1644.094756988367,False,19927.70976089304,2298.0361574507283,False,-0.6475302790495951,36.73761176414583,25347.59657807741,328.7659511602526,0.0,0.0010528900471169,False,40689.4921875,1374.045166015625,False,40992.49243164063,1952.1795015818816,False,34676.97389280796,3998.9010675492927,False,False,-1.1267923334306529,63.9285306397552,False,False
[GGH2002] EIS J033334.35-273305.6,53.39306113881,-27.55154689818,2026010100045,-1,i,20260101,i_39,0.2351192419003353,53.39311308905992,-27.551593202589768,746278130276106766,0,239.56361863462615,1221.3082121044254,0.03658707,0.042611476,53.39311308905992,-27.551593202589768,2.207281e-06,2.2059985e-06,26387.951962041083,982.9632404213072,24941.592740588083,592.1394669455505,False,25134.80041166879,784.6514564718793,False,24078.2845055559,1115.0284381279114,False,23390.400330533445,1634.6572010702876,False,23411.567799162392,2285.6378369707577,False,-0.2232209702073867,36.999874718336336,25654.119139876657,340.23946036941373,0.0,0.0005104381029732,False,43799.3828125,1367.3173828125,False,41958.320068359375,1943.025471000581,False,40796.51333934069,3982.905173408141,False,False,-0.3889802411700098,64.47521564764867,False,False
[GGH2002] EIS J033334.35-273305.6,53.39306113881,-27.55154689818,2026010100046,-1,i,20260101,i_39,0.2240560897834298,53.3931121248802,-27.55158967835612,746278130408752603,0,2740.2215770712446,3364.3622363626187,0.05018028,0.041453674,53.3931121248802,-27.55158967835612,2.6798846e-06,2.4290414e-06,24301.10790441356,985.1360585344828,25125.177706575352,593.7826024033928,False,25291.78517105428,786.695189422838,False,26263.76193443879,1117.0264876687877,False,26680.00312050767,1636.6498203790682,False,26277.7691503349,2290.218034901876,False,0.0947247979367647,36.78675554573905,25122.763448605037,340.8088009669356,0.0,2.7798814478119382e-06,False,44096.28125,1371.604736328125,False,45790.9248046875,1947.538057547452,False,45815.346415400505,3993.0000159275314,False,False,0.1651528867147531,64.13778655199162,False,False
[GGH2002] EIS J033334.35-273305.6,53.39306113881,-27.55154689818,2026010100047,-1,i,20260101,i_39,0.2431720864786836,53.39311000177544,-27.55159872423404,746278130564990462,0,1216.7150972288446,3427.648739642498,0.0417762,0.040114924,53.39311000177544,-27.55159872423404,2.2939273e-06,2.2559816e-06,23592.958723604897,991.4230073694828,25858.49341635779,597.5810032518549,False,25188.850338197182,791.1601936105525,False,26342.22924544812,1123.679431391331,False,28555.841109409488,1647.611494760896,False,30093.05912512349,2304.6115308007834,False,1.5520976802956263,35.92723582303069,25874.92899265325,330.8727720206932,0.0,0.0045592675481673,False,43829.21484375,1376.6380615234375,False,45836.122314453125,1955.229657276943,False,52362.65792173147,4010.080355341877,False,False,2.700687874785787,62.514267879936334,False,False
[GGH2002] EIS J033334.35-273305.6,53.39306113881,-27.55154689818,2026010100311,-1,i,20260101,i_39,0.2280149256993241,53.39310868396562,-27.55159417117824,746278166015247460,0,2301.5070404034627,3138.434840385172,0.059346817,0.03889882,53.39310868396562,-27.55159417117824,3.1886232e-06,2.3095865e-06,23210.299120001,1284.5884203874434,22875.436025551586,770.1307840709574,False,24073.07119703212,1024.8227959918984,False,26096.70791303057,1458.948021366955,False,26295.18099890552,2145.7315236820973,False,32219.231797837623,2997.049725079123,False,2.3788989567258776,46.63957079881768,25666.97643914162,393.98281164163865,0.0,0.0124931417262698,False,40555.4375,1726.4991455078125,False,43964.619140625,2457.861517212263,False,54279.116726756096,5049.071712329901,False,False,4.007685067213438,78.57278296885818,False,False
[GGH2002] EIS J033334.35-273305.6,53.39306113881,-27.55154689818,2026010100363,-1,i,20260101,i_39,0.2688129914427012,53.39312414655629,-27.55159644662678,746278172994569181,0,2144.673351253356,3231.118528482773,0.07930203,0.052485757,53.39312414655629,-27.55159644662678,4.263754e-06,3.1100349e-06,22917.047242128898,1446.0018239855358,23851.009829476134,862.0120944025684,False,23826.851784579336,1147.092720273915,False,25930.37139129836,1634.5215387206897,False,22066.62861997667,2396.751079341446,False,24452.054966717187,3353.773123389097,False,-1.2586163534444386,52.67358159191315,24517.48432902447,471.4594693418045,0.0,0.00453537045665,False,39247.4296875,1889.4833984375,False,42712.3330078125,2692.372863340794,False,40277.260155797005,5524.312487360559,False,False,-2.0731843754246264,86.76356862451118,False,False
[GGH2002] EIS J033334.35-273305.6,53.39306113881,-27.55154689818,2026010200115,-1,g,20260102,g_6,0.2648060283927779,53.393112638153816,-27.551604568944736,746282537744597473,0,376.42257051614894,3440.8778464750662,0.14729328,0.12462822,53.393112638153816,-27.551604568944736,7.917999e-06,7.2338257e-06,10873.502536318738,1169.244658997956,10465.563418448028,693.1084247186195,False,10957.25091007942,924.445743616294,False,12084.9242204272,1318.3629860139597,False,11883.975439005131,1935.1978393426607,False,17678.7060573515,2709.68693932099,False,2.5896110603596565,43.24445372003306,9754.308029054311,423.3818037164461,1.0,0.0824686173416472,False,24867.1328125,2098.000244140625,False,27426.3515625,2991.9829104338355,False,40121.26171875,6149.548418062399,False,False,5.877040025746364,98.141913777922,False,False
[GGH2002] EIS J033334.35-273305.6,53.39306113881,-27.55154689818,2026010200116,-1,g,20260102,g_6,0.1372884762190165,53.39310394791406,-27.55155061285492,746282537878815184,0,378.0,3441.0,0.3824747,0.20677873,53.39310394791406,-27.55155061285492,1.946855e-05,1.4323112e-05,10645.285689607845,1157.3923992667326,11219.167623561736,691.7343855584969,True,11364.23991192788,922.2744799360572,True,10723.805816308555,1309.1687007782275,True,14543.780182709444,1929.68039653022,True,18554.72665424486,2703.6111641381785,True,1.9817155087688152,43.36585300577582,9636.633884575003,417.9754663597111,,,True,25896.1484375,2101.623779296875,True,24436.765625,2983.255129056022,True,42281.3984375,6160.826994713377,True,True,4.515814464820386,98.81950533072336,True,False
[GGH2002] EIS J033334.35-273305.6,53.39306113881,-27.55154689818,2026010200117,-1,g,20260102,g_6,0.2046904170901031,53.39310472400648,-27.551588607258264,746282538014605691,0,3268.937597847662,3216.133777409293,0.1773764,0.12788855,53.39310472400648,-27.551588607258264,9.421105e-06,7.675984e-06,11027.73758730711,1184.7798869813762,10062.976287841946,704.8161078450319,False,10647.890678748408,940.3244106129446,False,9562.449533662995,1338.6282414519696,False,11084.75207582576,1969.2695349154128,False,10486.529369203863,2755.5840002583323,False,0.8119807953862467,43.88886767212559,10697.597206737188,445.2406113667694,0.0,0.0453189452135418,False,23995.322265625,2119.047607421875,False,21549.25,3016.6365354985487,False,23631.689998865128,6209.786342769899,False,False,1.829821646993252,98.90480241010634,False,False
[GGH2002] EIS J033334.35-273305.6,53.39306113881,-27.55154689818,2026010200118,-1,i,20260102,i_39,0.2146075130999855,53.393107916813456,-27.55158972004553,746282538148823424,0,3579.577009468556,902.8454485418932,0.050396297,0.033103656,53.393107916813456,-27.55158972004553,2.6410507e-06,2.0604618e-06,26504.178795006177,1036.1494264437626,24898.09885678877,623.5805686825745,False,25215.392708820244,826.9430486450082,False,24294.15567960266,1173.1839406392126,False,25105.286158131643,1722.6210597348734,False,28239.36444400434,2409.723499316957,False,1.1955879954439192,38.47178272575336,24942.62901778955,351.81059507444667,0.0,0.0187731964489822,False,43893.9140625,1439.50830078125,False,42290.2626953125,2042.2301434912704,False,49157.91914877296,4194.747129851624,False,False,2.0812301966574203,66.97009022606646,False,False
[GGH2002] EIS J033334.35-273305.6,53.39306113881,-27.55154689818,2026010200119,-1,i,20260102,i_39,0.2190646592144071,53.39310867199716,-27.551590794358717,746282538283041158,0,3579.582389849478,902.733211518682,0.04693682,0.03643343,53.39310867199716,-27.551590794358717,2.5051504e-06,2.1494945e-06,23729.12477478087,1038.005781668412,24400.15508606524,625.4569372669346,False,23871.175279128944,829.4451520413385,False,23456.89264855557,1180.5443287378866,False,24766.81161776402,1729.4329400539953,False,26634.226497528627,2419.420538763284,False,0.8968723006988071,37.73609255608572,25424.96565838119,348.1120779407659,0.0,0.0021474459047999,False,41459.55859375,1440.5838623046875,False,40740.03076171875,2050.3744033340977,False,46258.43768316507,4202.05986579471,False,False,1.5576916204224025,65.54020579774732,False,False
[GGH2002] EIS J033334.35-273305.6,53.39306113881,-27.55154689818,2026010200120,-1,i,20260102,i_39,0.2231284135892721,53.39311063265894,-27.551590670238348,746282538417258893,0,3576.82166901676,900.9113751880684,0.045296352,0.037583634,53.39311063265894,-27.551590670238348,2.4393883e-06,2.1770823e-06,24704.363480547243,1046.30685379182,23698.171870589696,629.6122737538151,False,24672.632027690248,835.4249210886685,False,24568.52909430677,1185.126262284087,False,26686.789965252385,1739.9350499772906,False,28211.80695025112,2432.9124639790307,False,0.744289786574287,39.51185471794193,25223.368312557654,339.86626140200974,0.0,0.0029015452067875,False,42782.9609375,1448.647705078125,False,42602.44384765625,2055.0385758763373,False,48919.97875922918,4218.731053661159,False,False,1.2906171027659483,68.51454417464257,False,False
[GGH2002] EIS J033334.35-273305.6,53.39306113881,-27.55154689818,2026010200121,-1,i,20260102,i_39,0.2450679289564796,53.393112116468,-27.551597803985743,746282538551476641,0,3573.0524646129147,898.9606486052837,0.039048526,0.030487716,53.393112116468,-27.551597803985743,2.0858338e-06,1.7953497e-06,24118.79332054389,1040.4481167713946,25083.801287423998,629.708512058621,False,25281.23248242581,834.9948883631259,False,26093.78059278484,1180.5016462101823,False,25311.00563356735,1734.6055564877695,False,28273.508830077808,2430.9416931424253,False,0.6482170169961062,37.60087944895079,26012.13002952116,324.7264166569816,0.0,1.0954017640840696e-05,False,43920.44140625,1450.6153564453125,False,45332.060546875,2050.8554485386776,False,49118.8469068408,4223.213099673507,False,False,1.1261309168096325,65.32305036192805,False,False
[GGH2002] EIS J033334.35-273305.6,53.39306113881,-27.55154689818,2026010200122,-1,i,20260102,i_39,0.2363293817651445,53.3931119924,-27.55159461337568,746282538685694378,0,3570.903630688196,898.781586968884,0.036379337,0.031806152,53.3931119924,-27.55159461337568,1.9744723e-06,1.8185444e-06,24632.76454638617,1044.2798483300835,24660.060218848997,628.8364300517344,False,24447.87013799252,833.7812318269499,False,24974.718483644974,1184.505176286748,False,23788.070696295148,1736.8606636945608,False,23115.10152213538,2428.627307216898,False,-0.6581591822817473,37.58514509310383,25153.157833366,309.5496908954162,0.0,0.0007542242157181,False,42462.35546875,1448.1553955078125,False,43377.41357421875,2057.311314489512,False,40147.532361269,4218.168512761288,False,False,-1.1431257199636031,65.27987028235121,False,False
[GGH2002] EIS J033334.35-273305.6,53.39306113881,-27.55154689818,2026010200123,-1,g,20260102,g_6,0.2683872094783136,53.39310812910418,-27.551608723198783,746282538814144730,0,3249.523034134782,1536.066445594686,0.11244794,0.1256784,53.39310812910418,-27.551608723198783,6.2557274e-06,6.979916e-06,10153.900282190874,1206.3081759577808,11305.249312303236,713.5261618866563,False,11247.969693526746,952.0862009559816,False,12002.645438028558,1358.710481076825,False,13930.346830609362,1992.992988804178,False,16507.122852971628,2790.146886400162,False,2.0751535735520754,43.6750284594295,12292.51134084286,413.6096507173167,0.0,0.181745194657286,False,25254.57421875,2137.677490234375,False,26949.0146484375,3050.6531952958453,False,37062.720703125,6264.594726313981,False,False,4.659251524187134,98.06163047980638,False,False
[GGH2002] EIS J033334.35-273305.6,53.39306113881,-27.55154689818,2026010200124,-1,g,20260102,g_6,0.212298876465339,53.39310162106559,-27.551593690235524,746282538948362444,0,3249.767473890792,1536.12461925815,0.14885408,0.13403367,53.39310162106559,-27.551593690235524,8.268318e-06,7.4557656e-06,11394.241668763134,1208.6224330413093,11694.542843648507,714.949370250948,False,12008.591660151376,953.9140958353416,False,13295.78848245392,1359.575407793631,False,12298.649016316273,1998.4387875963523,False,15843.10848792912,2797.693184447051,False,0.8115942167528422,44.382976805827255,11622.513309572923,414.8298448683784,0.0,0.0119039286605612,False,26941.94140625,2140.1591796875,False,29829.8388671875,3050.282831724892,False,35544.892578125,6276.779824078661,False,False,1.820856637665936,99.57567001845057,False,False
[GGH2002] EIS J033334.35-273305.6,53.39306113881,-27.55154689818,2026010200125,-1,g,20260102,g_6,0.3044138307240354,53.39312989006336,-27.55160550568809,746282539082580185,0,3245.2269945314483,1534.214231786263,0.11670089,0.1200449,53.39312989006336,-27.55160550568809,6.4875376e-06,6.669933e-06,12401.594193411016,1205.8180508074354,10867.27816568032,713.6594070073892,False,12079.330254339076,952.4168033148454,False,11043.511190412346,1358.581038896024,False,13234.832594961836,1996.953239296729,False,14842.656944824132,2792.5960617346814,False,1.4223403368256564,44.12658803202719,11224.081692130005,403.785667814688,0.0,0.0045009328995175,False,27171.271484375,2142.368408203125,False,24841.2978515625,3055.9951143075923,False,33387.1044921875,6281.671594526761,False,False,3.199415416362574,99.25844213644989,False,False
[GGH2002] EIS J033334.35-273305.6,53.39306113881,-27.55154689818,2026010200126,-1,g,20260102,g_6,0.2344234738823963,53.39310945203314,-27.551595944408493,746282539216797910,0,3241.622602585968,1530.778816239359,0.1288095,0.18020283,53.39310945203314,-27.551595944408493,7.1834875e-06,9.997931e-06,8555.151095493558,1202.9663472857849,10173.35059700128,712.7257310533952,False,9120.73353168877,950.7721822363272,False,10209.460679062317,1356.9267585116006,False,11550.010999543434,1993.5725678934923,False,15927.808544764852,2791.7928332728807,False,1.5719913341654184,44.00485503244956,11431.089606270252,421.92631969685,0.0,0.0660841505777698,False,20542.21484375,2141.381103515625,False,22994.3056640625,3056.1446514946533,False,35873.4814453125,6287.828493298208,False,False,3.54052484997444,99.1101409885481,False,False
[GGH2002] EIS J033334.35-273305.6,53.39306113881,-27.55154689818,2026010200127,-1,g,20260102,g_6,0.2324540713256698,53.39311178757978,-27.551593297594017,746282539351015669,0,3239.995830458197,1528.7982590278853,0.10861307,0.10480894,53.39311178757978,-27.551593297594017,6.0351545e-06,5.8264172e-06,10288.497872041897,1184.8469995567905,9907.248276255148,705.7752023574793,False,11511.939953136542,942.1357045591612,False,13459.36473194898,1339.878327936072,False,15293.438716016484,1974.547674138762,False,16571.06954184905,2761.281685592594,False,2.0757620587801484,44.19946605913693,10665.172124651956,349.95182838095764,0.0,0.0045540928902897,False,26219.01953125,2145.76123046875,False,30654.376953125,3051.6399662146314,False,37741.4404296875,6288.95726876247,False,False,4.727652001568679,100.66649657598222,False,False
[GGH2002] EIS J033334.35-273305.6,53.39306113881,-27.55154689818,2026010200128,-1,i,20260102,i_39,0.2164101251267821,53.393106561267366,-27.55159152894031,746282539484710633,0,3568.5809930075848,3637.516473561942,0.03418964,0.032369506,53.393106561267366,-27.55159152894031,1.8915964e-06,1.8056998e-06,24331.88354168165,1063.6394655807626,24461.572718429044,640.0510999949419,False,24259.650760439134,849.2034217594049,False,24230.02340105431,1207.1871545726738,False,24019.88707865661,1774.2696305188213,False,25007.888960565928,2476.9477540460302,False,-0.6755985027278378,39.88767768759708,25433.923071966983,306.4475851440486,0.0,0.000192388121906,False,41934.84375,1467.91943359375,False,41883.63037109375,2086.7243804912805,False,43228.23631858826,4281.61221563082,False,False,-1.167828751097528,68.94920079012164,False,False
[GGH2002] EIS J033334.35-273305.6,53.39306113881,-27.55154689818,2026010200129,-1,i,20260102,i_39,0.2272282082748742,53.39311008621157,-27.551592732052924,746282539618928447,0,3568.262917031352,3637.447779139724,0.03280739,0.027818112,53.39311008621157,-27.551592732052924,1.8020455e-06,1.5684398e-06,25306.433958248897,1061.538718646783,25030.67197116446,638.8051321590733,False,25094.99734653968,847.2605235104243,False,25585.736629023868,1206.1718430810745,False,24491.859554171817,1765.9364994184116,False,24566.602635284915,2471.3326981438254,False,0.0607121525352208,39.95531959691272,25963.155003637683,299.944466769002,0.0,7.010763224390981e-05,False,43502.08984375,1468.72314453125,False,44352.78466796875,2090.894657613884,False,42586.11946588755,4284.046560509956,False,False,0.1052443033853841,69.26240632100773,False,False
[GGH2002] EIS J033334.35-273305.6,53.39306113881,-27.55154689818,2026010200130,-1,i,20260102,i_39,0.2296122314849686,53.393112019235375,-27.551591988056643,746282539753146173,0,3569.955663607352,3638.7986621373543,0.028381003,0.026777368,53.393112019235375,-27.551591988056643,1.5697916e-06,1.4941264e-06,25410.92126750989,1056.244580474454,25238.408758990758,636.9058744691768,False,25347.66150544208,844.5646582914362,False,25865.411104265157,1198.2577506146845,False,27511.632615453804,1759.1615652307466,False,28757.340885089958,2459.5178365574197,False,0.9412112447435608,39.81796390696333,25816.624747329537,293.73171938211334,0.0,4.11912305818829e-05,False,44078.15625,1468.650390625,False,44978.49365234375,2083.7027647709406,False,50007.396721601486,4276.96304355983,False,False,1.636713363130423,69.24119742845603,False,False
[GGH2002] EIS J033334.35-273305.6,53.39306113881,-27.55154689818,2026010200131,-1,i,20260102,i_39,0.2368925377879308,53.39310916714059,-27.55159706689193,746282539887363880,0,3570.319470999451,3638.27175351121,0.033378407,0.027179876,53.39310916714059,-27.55159706689193,1.8292952e-06,1.5393953e-06,26291.449258946566,1062.8309654426512,25011.944449709816,639.3770799501767,False,25983.97411694673,848.2985940065298,False,25924.866464496816,1205.8548143485143,False,26695.488452798832,1768.1766448500289,False,28727.287409494013,2473.2268734844683,False,1.0647565454381769,38.65632521725212,24843.13189710586,292.2840665380639,0.0,0.0012035478465407,False,45068.234375,1471.34228515625,False,44965.71435546875,2091.51021897904,False,49826.409005105495,4289.719805564683,False,False,1.846780531959743,67.04795490968017,False,False
[GGH2002] EIS J033334.35-273305.6,53.39306113881,-27.55154689818,2026010200132,-1,i,20260102,i_39,0.2335111918020426,53.39311313400325,-27.5515925301808,746282540021581597,0,3570.298575584958,3642.324523293695,0.03291062,0.033331607,53.39311313400325,-27.5515925301808,1.8303679e-06,1.8488946e-06,25466.792498629555,1065.158308822918,24445.67777874286,640.7785098955567,False,25260.987349314622,850.2038528452388,False,26154.36723109227,1209.9281344943709,False,26573.95892056606,1773.019037254937,False,30249.87223163853,2480.274572879883,False,1.0867225178286548,38.48396520385089,25951.19340302901,317.1758828611337,0.0,0.0055893820676525,False,43786.3125,1473.7069091796875,False,45334.85888671875,2097.237557143623,False,52433.83167505264,4299.2016120410735,False,False,1.8836782231999076,66.7064554268367,False,False
[GGH2002] EIS J033334.35-273305.6,53.39306113881,-27.55154689818,2026010400131,-1,y,20260104,y_10,0.2190818787929145,53.39310909187861,-27.551590440591536,746291335985627266,0,2335.751604330141,483.48445820577,0.0856175,0.08300955,53.39310909187861,-27.551590440591536,4.670347e-06,4.699801e-06,23131.77456333798,3408.871429646033,27760.951087338424,2021.8642239381995,False,25160.307792612923,2693.912253844077,False,24754.571724301062,3845.739332560244,False,30968.853709101844,5648.4837621622855,False,27748.77119391816,7903.310946833579,False,2.0670864676950704,125.10866553643191,29222.823857342173,980.7712621293736,0.0,0.0051869723713936,False,12536.302734375,1342.260986328125,False,12334.141845703123,1916.167040079826,False,13826.023078143597,3937.881024750226,False,False,1.029940569517338,62.3362845473163,False,False
[GGH2002] EIS J033334.35-273305.6,53.39306113881,-27.55154689818,2026010400132,-1,y,20260104,y_10,0.2220596112810023,53.393105213164745,-27.55159462531034,746291336120894134,0,1237.2103332743422,2637.0509421557304,0.082611285,0.081126064,53.393105213164745,-27.55159462531034,4.5435845e-06,4.5509714e-06,31046.9875943089,3421.697651859016,28536.98186865979,2035.4922996799332,False,29799.75077026117,2712.6508866626714,False,28598.286752377957,3859.9551428973296,False,25557.17424779281,5673.151080947778,False,23395.03551200182,7933.630115420382,False,-1.6207632772641023,124.83107860898984,28687.16303716821,936.9605378419078,0.0,0.0015214657142594,False,14797.767578125,1347.0306396484375,False,14201.15234375,1916.751569734097,False,11617.355482518671,3939.6307507364745,False,False,-0.8048281497726151,61.98780996604603,False,False
[GGH2002] EIS J033334.35-273305.6,53.39306113881,-27.55154689818,2026010500062,-1,z,20260105,z_20,0.2376627540029829,53.39311350128103,-27.551593835221205,746295724770067258,0,2948.0809723805446,1307.317714060283,0.02877863,0.027498554,53.39311350128103,-27.551593835221205,1.5958836e-06,1.5309903e-06,28309.931848529028,1126.627395760425,27353.7028315868,682.2096686592602,False,27567.763300747025,902.2068801239438,False,26877.05317069717,1279.521737747718,False,27865.226932178004,1873.133670340518,False,28448.594685667533,2618.4410152327223,False,0.0630731582815279,40.873207387411554,27991.6997904222,317.1934235930962,0.0,0.0037350176613859,False,33737.125,1104.11083984375,False,32891.841552734375,1565.864605542454,False,34815.07674431801,3204.419265803819,False,False,0.0771882361972772,50.020180880712246,False,False
[GGH2002] EIS J033334.35-273305.6,53.39306113881,-27.55154689818,2026010500063,-1,z,20260105,z_20,0.2267751177403786,53.39310941311367,-27.551593118419845,746295724897994945,0,2985.6613075273854,3708.987420206212,0.030206876,0.027391553,53.39310941311367,-27.551593118419845,1.6662149e-06,1.5335871e-06,25798.870297892856,1122.1778796091585,27923.854021595635,680.4615803552567,False,27307.386756201693,899.3410270559758,False,28656.435545430984,1275.574945020023,False,29455.375756733956,1867.9024953429264,False,28755.892261724148,2609.051784024656,False,1.51957213558349,41.36155060819304,28405.647886928982,320.8551057960688,0.0,0.0038506376184535,False,33559.15234375,1105.236572265625,False,35217.052978515625,1567.6056551283025,False,35339.279360830784,3206.36929027752,False,False,1.867463673864085,50.83088288258994,False,False
[GGH2002] EIS J033334.35-273305.6,53.39306113881,-27.55154689818,2026010500066,-1,r,20260105,r_57,0.2321000150800063,53.393114769808165,-27.551590438547272,746295725307986340,0,90.6382007909531,997.2679719345332,0.033835437,0.027365094,53.393114769808165,-27.551590438547272,1.6063718e-06,1.8080179e-06,20611.567690345382,704.4375755536606,19699.99361446825,427.0904550485652,False,19930.64452511972,564.5468151680035,False,19741.60233619877,800.344588371393,False,19918.60105837916,1172.049849056997,False,21360.73443658596,1639.101564778539,False,-0.1256436801243835,25.85726510905215,20380.828746965595,218.4174042156032,0.0,0.0003954920954885,False,42165.58984375,1194.3642578125,False,41765.64916992188,1693.221792421205,False,45191.110898554325,3467.7094464051484,False,False,-0.2658137761629793,54.70404299746807,False,False
[GGH2002] EIS J033334.35-273305.6,53.39306113881,-27.55154689818,2026010500067,-1,r,20260105,r_57,0.2302879727930319,53.39311377075688,-27.55159065389028,746295725442204104,0,90.63936519839896,996.4939229655946,0.033562012,0.025209315,53.39311377075688,-27.55159065389028,1.514558e-06,1.774304e-06,19120.36318927336,702.561913019946,19448.743294957774,426.0491034786743,False,19119.863188404604,563.0423044618141,False,18994.09402118258,799.5130684208159,False,18362.24011322161,1171.9329976988597,False,20558.23179058151,1637.517903939754,False,-0.3996047020972549,26.341232264109145,19682.77853074929,210.31848943951888,0.0,0.0012881228855736,False,40587.29296875,1195.2158203125,False,40320.3125,1697.1915970622383,False,43640.63531112671,3476.092807457057,False,False,-0.8482734921213986,55.91668206651519,False,False
[GGH2002] EIS J033334.35-273305.6,53.39306113881,-27.55154689818,2026010500068,-1,r,20260105,r_57,0.2414498536725877,53.39311661897466,-27.55159249207576,746295725576421805,0,90.75108852965344,995.938751099514,0.0361483,0.02471463,53.39311661897466,-27.55159249207576,1.5349237e-06,1.8886777e-06,19966.694777132037,706.9981781200202,19564.37351635257,428.3531167020023,False,20019.47794643461,566.3519411362201,False,19900.025798281757,801.6911568804002,False,19493.970799299423,1175.783212683753,False,21121.478450796112,1643.1082322184734,False,-0.014721283241888,25.96315868222545,19728.283004063764,215.2134942299681,0.0,2.4191598834044648e-05,False,42348.28515625,1198.034912109375,False,42095.6015625,1695.8606917550285,False,44679.40646350384,3475.755768794269,False,False,-0.0311407271588931,54.92127468926667,False,False
[GGH2002] EIS J033334.35-273305.6,53.39306113881,-27.55154689818,2026010500069,-1,r,20260105,r_57,0.2382010680771728,53.39311441029383,-27.5515932379357,746295725710639524,0,90.88957422499476,995.205418699298,0.034093488,0.028068619,53.39311441029383,-27.5515932379357,1.6389843e-06,1.8268657e-06,18901.603536106213,705.7051112701794,19354.96637870732,427.194582051228,False,19204.098258491995,564.5353625204821,False,19221.97600736491,800.2983328803828,False,20448.253031986704,1172.94229854317,False,20586.30029293325,1638.785101820063,False,0.5989671506905873,25.606317648127167,19759.099519366733,213.22050427698463,0.0,0.0012848181038077,False,40738.96875,1197.5875244140625,False,40776.89404296875,1697.7276587029498,False,43671.12858012319,3476.4670619976105,False,False,1.270630034579738,54.320435171088405,False,False
[GGH2002] EIS J033334.35-273305.6,53.39306113881,-27.55154689818,2026010500070,-1,r,20260105,r_57,0.2240546580511737,53.39310855284436,-27.55159279351613,746295725844857261,0,89.4939273255152,995.5002383242472,0.0372222,0.030296788,53.39310855284436,-27.55159279351613,1.7750043e-06,1.990979e-06,19825.161729312014,702.4317885719531,19622.184512402047,427.4220076273204,False,19439.97073406508,565.0139807208777,False,19292.195028881302,803.0474023328616,False,18842.46879079117,1177.4167160080744,False,20467.44112143496,1641.957118603936,False,-0.421410692232501,25.034068561441693,20373.10453435479,222.7932987083092,0.0,4.0221045881305706e-05,False,41186.45703125,1197.0657958984375,False,40873.372314453125,1701.374851983798,False,43363.30521374941,3478.7293272017578,False,False,-0.8928209617995568,53.03838175622498,False,False
[GGH2002] EIS J033334.35-273305.6,53.39306113881,-27.55154689818,2026010500071,-1,r,20260105,r_57,0.2406662971493856,53.39311683606385,-27.551591961281424,746295725977502502,0,18.275079540358146,1811.2749443290857,0.03904674,0.029322978,53.39311683606385,-27.551591961281424,1.78802e-06,2.0421428e-06,,,19836.28762133193,431.00301470301736,False,19954.46251556048,570.4166935730489,False,19890.82760293392,808.0059554686961,False,,,True,,,True,0.4324668439724128,25.017401452043494,19706.71619826237,221.5818027695161,0.0,0.0009724680971222,False,42291.66796875,1208.9462890625,False,42156.79956054688,1712.495115255921,True,,,False,False,0.9165741326538948,53.02210644990805,False,False
