simbad_id,target_ra,target_dec,visit,detector,band,day_obs,physical_filter,sep_arcsec,src_ra,src_dec,sourceId,parentSourceId,x,y,xErr,yErr,ra,dec,raErr,decErr,calibFlux,calibFluxErr,ap09Flux,ap09FluxErr,ap09Flux_flag,ap12Flux,ap12FluxErr,ap12Flux_flag,ap17Flux,ap17FluxErr,ap17Flux_flag,ap25Flux,ap25FluxErr,ap25Flux_flag,ap35Flux,ap35FluxErr,ap35Flux_flag,sky,skyErr,psfFlux,psfFluxErr,extendedness,sizeExtendedness,apFlux_12_0_flag,apFlux_12_0_instFlux,apFlux_12_0_instFluxErr,apFlux_17_0_flag,apFlux_17_0_instFlux,apFlux_17_0_instFluxErr,apFlux_35_0_flag,apFlux_35_0_instFlux,apFlux_35_0_instFluxErr,extendedness_flag,sizeExtendedness_flag,localBackground_instFlux,localBackground_instFluxErr,localBackground_flag,sky_source
[MBR2003] CDFS-H 4705,53.31686051836,-28.03158908471,2025071100809,-1,g,20250711,g_6,0.1822361990534962,53.31690255623174,-28.031623517566903,745512972732858580,0,1729.7429646428204,3016.810060652739,0.3265905,0.24749698,53.31690255623174,-28.031623517566903,1.772536e-05,1.4311671e-05,26954.58642482715,1841.4752279100708,23704.69510886335,1052.675572229869,False,27262.09459119161,1404.215970178754,False,29389.366517109083,2000.7317632752504,False,31022.917768531468,2939.5415579191936,False,34162.13597527755,4111.255548194568,False,0.4189860864364578,64.73626536328054,26422.313094412515,1031.7825618196966,0.0,0.0069611096792969,False,47865.2890625,2465.4453125,False,51600.236328125,3512.774994795781,False,59980.0029296875,7218.316793887206,False,False,0.7356327692783521,113.66038086601368,False,False
[MBR2003] CDFS-H 4705,53.31686051836,-28.03158908471,2025071100810,-1,g,20250711,g_6,0.2203364909100456,53.31690750063751,-28.031634097826537,745512972867076330,0,1729.9091914263158,3020.7089016067616,0.15730876,0.1515724,53.31690750063751,-28.031634097826537,8.710999e-06,8.4564845e-06,24890.849181086985,1770.4866994018364,23236.236951474053,1022.7760886946506,False,25791.29714870264,1363.7467601914166,False,28386.254209578856,1944.6484158833723,False,31390.58236363517,2853.586139556299,False,37013.51297520235,3994.7813146716103,False,0.3313415792607063,63.78049380937001,25079.80627581021,962.9322449504704,0.0,0.0623223060349521,False,46463.5390625,2456.817138671875,False,51138.40625,3503.323121488323,False,66680.5859375,7196.678654440077,False,False,0.5969185001532459,114.90183872687736,False,False
[MBR2003] CDFS-H 4705,53.31686051836,-28.03158908471,2025071100811,-1,g,20250711,g_6,0.2105017256025484,53.31691710954094,-28.031619479053333,745512973001294057,0,1722.0,3029.0,0.41716608,0.22462463,53.31691710954094,-28.031619479053333,2.2253274e-05,1.4074972e-05,24519.77255307507,1754.576821130935,23819.83147883256,1021.2203257234328,True,25074.512402297616,1361.3950297423844,True,27517.03448199997,1933.2624336757387,True,28086.76973938712,2849.281899245382,True,29096.14690504476,3991.9250145594497,True,0.757325863570566,63.22854150918128,27263.36902167708,942.4355913638494,,,True,45133.734375,2450.489990234375,True,49530.236328125,3479.842469466784,True,52372.6142578125,7185.403263735446,True,True,1.363174837193618,113.81039645391296,True,False
[MBR2003] CDFS-H 4705,53.31686051836,-28.03158908471,2025071100812,-1,g,20250711,g_6,0.2323427145322437,53.31686529601647,-28.03165348642494,745512973135511780,0,1641.0484583924765,3029.9786611968025,0.5949832,0.64642733,53.31686529601647,-28.03165348642494,3.3399443e-05,3.561672e-05,27869.984705684587,1796.0152013145123,24995.90528678283,1035.7928670723015,False,28899.52736327761,1381.5419917732838,False,29445.80303248776,1956.6373610448695,False,34991.46703835266,2883.434406213565,False,36274.16070672489,4044.161771020632,False,-0.5366503834594496,64.68454136682202,27259.32594385938,1004.5836707509316,1.0,0.1476900338662859,False,51248.890625,2449.953369140625,False,52217.626953125,3469.7970263830816,False,64326.67466163635,7171.702210472987,False,False,-0.9516673563570156,114.70813843997,False,False
[MBR2003] CDFS-H 4705,53.31686051836,-28.03158908471,2025071100818,-1,i,20250711,i_39,0.1358784212881008,53.31687214693055,-28.031625406218343,745512973940818440,0,1597.9680221995968,3005.7959103690578,0.024580844,0.027427567,53.31687214693055,-28.031625406218343,1.3847839e-06,1.5065763e-06,96019.2155649668,1813.2786343080204,88214.63364018155,1063.4264152771505,False,97280.04497316475,1407.4206074478532,False,105540.35143346566,1990.584975103616,False,107471.22003121518,2918.986254664702,False,96393.6661337469,4073.428160667541,False,-3.9115764345744073,63.53556320719191,99346.90672086472,1013.7773383512788,0.0,0.0017150564446969,False,150560.765625,2178.271240234375,False,163345.279296875,3080.8373698418523,False,149188.9130859375,6304.463189318243,False,False,-6.053964540751293,98.33427856174634,False,False
[MBR2003] CDFS-H 4705,53.31686051836,-28.03158908471,2025071100819,-1,i,20250711,i_39,0.2799548001281449,53.31688709881014,-28.03166322614567,745512974075036198,0,1666.2911007811697,2941.39074799686,0.08805482,0.16813646,53.31688709881014,-28.03166322614567,5.524402e-06,8.975744e-06,98850.13942546572,1864.91721099011,89940.28229604075,1094.0492010546648,False,100357.53701295762,1448.20935402909,False,106720.03081873254,2052.2117653166333,False,110003.27732764622,3005.0024933955046,False,109369.80216298036,4199.684660089618,False,-0.5202707184908951,66.87997500643833,99153.25732368317,1033.150570813385,0.0,0.0440338406738859,False,151045.171875,2179.6572265625,False,160621.173828125,3088.723458569191,False,164609.2666015625,6320.821636168039,False,False,-0.7830441283731446,100.65907973148924,False,False
[MBR2003] CDFS-H 4705,53.31686051836,-28.03158908471,2025071100820,-1,i,20250711,i_39,0.1850716674266024,53.31686982095139,-28.031639833494037,745512974209253906,0,1678.328916772201,2936.537210551292,0.079949036,0.08365531,53.31686982095139,-28.031639833494037,4.464006e-06,4.6256246e-06,100565.38409281809,1847.5796543566173,87692.1308669746,1076.7749535036855,False,100052.03455058175,1426.2352338176606,False,105691.34510299824,2024.214120084937,False,108182.09871663296,2962.224408593377,False,112232.49355874458,4137.699032464008,False,0.204373906680127,65.61593375366874,99236.80433654648,1057.6012274097409,0.0,9.079997966510156e-06,False,152409.03125,2172.580810546875,False,160999.3798828125,3083.4806555457744,False,170963.49609375,6302.947301117475,False,False,0.3113222961413026,99.952599093875,False,False
[MBR2003] CDFS-H 4705,53.31686051836,-28.03158908471,2025071200713,-1,r,20250712,r_57,0.1324659278518998,53.31686808675599,-28.031625269275192,745517357894467973,0,1362.475473038019,2462.260920628559,0.06997856,0.075307205,53.31686808675599,-28.031625269275192,3.916461e-06,4.160492e-06,64167.49191793187,1343.6160219595276,61036.5337994982,792.9220464840437,False,66518.0302001009,1048.9476795786393,False,71144.5308952455,1487.5001598152194,False,77903.48177288292,2178.725023745205,False,78917.24387522008,3042.764206297637,False,0.3185299217065335,47.80025006189026,66487.08642814412,720.86905593053,0.0,0.0004068994947984,False,123841.03125,1952.8955078125,False,132454.49462890625,2769.377764523417,False,146925.47021484375,5664.916053962097,False,False,0.5930282942753021,88.99289777320236,False,False
[MBR2003] CDFS-H 4705,53.31686051836,-28.03158908471,2025071200714,-1,r,20250712,r_57,0.1357177158868863,53.31687245448329,-28.031625281911907,745517358028686218,745517358028685759,1273.7439596071988,2529.1909301400005,0.0550617,0.04628523,53.31687245448329,-28.031625281911907,3.022235e-06,2.617089e-06,65349.18974542235,1323.249627177055,60586.54162914339,785.7611112903272,False,64510.78255825998,1039.0573831337183,False,65717.81729148037,1471.8670094098068,False,66633.1231740052,2154.9769791642752,False,66445.88996266265,3010.140137654471,False,0.8366290309161234,48.21559305197497,65335.78177144193,628.9651165018357,0.0,0.0022244980920664,False,121001.40625,1948.936279296875,False,123265.41382083295,2760.747442347758,False,124631.04315552115,5646.051330052006,False,False,1.5692460273443654,90.43689025470816,False,False
[MBR2003] CDFS-H 4705,53.31686051836,-28.03158908471,2025071200735,-1,z,20250712,z_20,0.1218285542045536,53.31686609902422,-28.03162256553828,745517360847258851,745517360847258200,1387.155092792967,2297.484930944842,0.032061137,0.034833975,53.31686609902422,-28.03162256553828,1.7939726e-06,1.9233876e-06,116879.19531439865,2038.5680190553007,110227.12106755316,1225.7767227738018,False,113560.03787660996,1616.510817614363,False,114921.62487926745,2287.150068701269,False,111864.9658745449,3342.8204813007387,False,112096.0487794191,4675.393373679732,False,-0.737569768519937,73.8510194572961,115067.14001206192,866.6734524831121,0.0,0.0003278268236962,False,133262.5,1896.9725341796875,False,134860.31989628077,2683.9664879425072,False,131544.5114301443,5486.565706652748,False,False,-0.8655367954718961,86.66403837520205,False,False
[MBR2003] CDFS-H 4705,53.31686051836,-28.03158908471,2025071200736,-1,z,20250712,z_20,0.1163264092080468,53.31686252889661,-28.03162134883053,745517360981476524,745517360981475892,1384.1335343108872,2294.1341682395864,0.034278724,0.034028266,53.31686252889661,-28.03162134883053,1.9035904e-06,1.891411e-06,117582.79129809642,2052.5155105885237,112090.97621118271,1235.7373872037192,False,118312.8948243275,1630.0640223551964,False,122710.1846831669,2299.5830540584866,False,124110.37769631816,3368.6958497206256,False,123149.07880478376,4705.543442855502,False,0.1170085538719741,74.88425924361881,118236.34116106216,903.0116830445174,0.0,0.0068506788151648,False,138061.59375,1902.153076171875,False,143192.87590646744,2683.4277182991045,False,143705.02990293503,5490.989195599587,False,False,0.1365395331923349,87.38388316263521,False,False
[MBR2003] CDFS-H 4705,53.31686051836,-28.03158908471,2025071200737,-1,z,20250712,z_20,0.1208549404662353,53.31686860897005,-28.03162188713193,745517361115693633,0,1381.658608172209,2289.670628695729,0.030107139,0.031005973,53.31686860897005,-28.03162188713193,1.676728e-06,1.7185338e-06,119007.7524431832,2046.1256794808976,110937.14225179344,1227.2819110821729,False,117819.60180441129,1618.8295540147626,False,122221.03922668372,2290.960873166028,False,128723.72963411707,3351.3665993116906,False,126462.92764841042,4680.994138613095,False,1.0270800523117176,75.03429466695117,116642.42417277052,863.5061561264133,0.0,7.397277601572938e-08,False,137640.546875,1891.1673583984373,False,142782.44384765625,2676.3722048158656,False,147737.95068359375,5468.483879507161,False,False,1.1998670672751794,87.6574117903051,False,False
[MBR2003] CDFS-H 4705,53.31686051836,-28.03158908471,2025071200738,-1,z,20250712,z_20,0.1293191339644342,53.3168653625594,-28.031624751294963,745517361249911949,745517361249911332,1379.882045960079,2284.5338435262684,0.038369905,0.036459208,53.3168653625594,-28.031624751294963,2.123795e-06,2.033836e-06,116745.0119914717,2060.7261840463684,110933.85332896755,1231.4334355314047,False,116791.7034768305,1624.3046796083588,False,119918.12680534006,2298.820648744957,False,116477.61338072362,3355.988307041889,False,113978.89637335407,4691.854840577541,False,-2.33902134099612,73.33638229606323,117122.82272469444,935.0102097487704,0.0,0.0001080605084093,False,135204.453125,1880.3837890625,False,138823.77148225158,2661.240305546868,False,131948.19403424114,5431.547352916355,False,False,-2.707778821976189,84.89820053418616,False,False
[MBR2003] CDFS-H 4705,53.31686051836,-28.03158908471,2025071200739,-1,z,20250712,z_20,0.1411910086569868,53.316869915775015,-28.031627417202007,745517361384129829,745517361384129138,1376.1453883250767,2281.556057098056,0.028570127,0.02773831,53.316869915775015,-28.031627417202007,1.5838837e-06,1.5445293e-06,117642.049834171,2002.705982791295,112615.9869946614,1206.7457167348691,False,117442.63912219548,1590.720420050999,False,120243.5580459488,2249.210578877213,False,123830.71260166237,3288.475190608965,False,120290.3893586226,4593.854390889787,False,0.2483237354924702,74.28260928984197,116472.1937400624,809.8106288008902,0.0,0.0001715974896835,False,138707.484375,1878.7454833984373,False,142015.55392074585,2656.465688761368,False,142070.86478245258,5425.644305237224,False,False,0.2932866709928508,87.73264926961026,False,False
[MBR2003] CDFS-H 4705,53.31686051836,-28.03158908471,2025071700593,-1,g,20250717,g_6,0.15288872289659,53.31688499494479,-28.03162564751821,745539332018798941,0,1433.2600993255476,1961.761188306922,0.052377604,0.06969531,53.31688499494479,-28.03162564751821,3.6170093e-06,3.228187e-06,25587.889348419383,687.7240995927839,24294.09586554038,410.8284592794182,False,26425.44033466569,541.1804560895347,False,28532.82647083971,765.5392342721447,False,30280.05172816072,1116.9264627601867,False,31751.647809185957,1557.4745088421855,False,1.2402656172524893,24.77232619570485,26727.873620586422,360.42094361050687,0.0,0.0059405745238515,False,50642.8671875,1037.141845703125,False,54681.553955078125,1467.11280028156,False,60850.24365234375,2984.812124237,False,False,2.3768991599108253,47.4747671019416,False,False
[MBR2003] CDFS-H 4705,53.31686051836,-28.03158908471,2025071700594,-1,g,20250717,g_6,0.1316338817241056,53.31688098977335,-28.031620872698667,745539332153017169,745539332153016676,1432.3806863610016,1960.385012624645,0.060361665,0.08695547,53.31688098977335,-28.031620872698667,4.4474195e-06,3.855554e-06,25776.98490137954,683.7071706595844,23897.324783623844,408.9026445122015,False,25430.735026943497,538.5298189039939,False,26940.496973127167,762.7460655129096,False,25894.2211476366,1113.2683974967908,False,26315.12814647579,1553.2688677477422,False,-0.2502952177937331,24.556282571776205,26018.99357429316,354.47343471389013,0.0,0.0074986691689363,False,48906.70703125,1035.6649169921875,False,51810.18131583929,1466.862767661103,False,50607.51336467266,2987.1439175948367,False,False,-0.4813512025897691,47.22501792583038,False,False
[MBR2003] CDFS-H 4705,53.31686051836,-28.03158908471,2025071700595,-1,g,20250717,g_6,0.1235700885501372,53.316876179465616,-28.031620502980445,745539332287234922,745539332287234421,1423.2352131766895,1957.0377914804617,0.053423237,0.06027871,53.316876179465616,-28.031620502980445,3.243954e-06,3.0888386e-06,26153.707030539485,680.6656031564413,24751.820154265235,407.9239330566604,False,26457.13285955928,536.7654028379699,False,27938.98419273923,756.8457630122232,False,28270.99741217028,1107.124145664235,False,27461.20698419185,1544.6652661267117,False,0.3179758160607016,24.798306058299048,26428.166251845043,339.2063782630497,0.0,0.0316104890118883,False,51050.87890625,1035.7261962890625,False,53910.21417015791,1460.386565821139,False,52988.30979952216,2980.5391185172725,False,False,0.6135564638466009,47.850057161614856,False,False
[MBR2003] CDFS-H 4705,53.31686051836,-28.03158908471,2025071700602,-1,i,20250717,i_39,0.1349807443636901,53.316866936170825,-28.031626148944305,745539333226760098,745539333226758946,1427.7372698151323,1855.758400034508,0.014625329,0.016474655,53.316866936170825,-28.031626148944305,8.853463e-07,8.4603647e-07,96442.84555098804,968.0509601513634,93803.69604506248,602.0052564166884,False,97501.56958128916,777.4234248477599,False,101138.92733621637,1084.2945261675654,False,103916.228777644,1570.4314832461191,False,105121.07327109108,2182.490489119742,False,1.9258815947399817,34.63390195819005,97720.64638753912,446.9528146630943,0.0,0.0004157453619966,False,158988.875,1267.6890869140625,False,164920.05559444427,1768.081966519661,False,171413.45775187016,3558.832017304635,False,False,3.1403981438025497,56.47504068744375,False,False
[MBR2003] CDFS-H 4705,53.31686051836,-28.03158908471,2025071700603,-1,i,20250717,i_39,0.138500687347953,53.31686900453321,-28.031626820856832,745539333360977867,745539333360976698,1427.9961170202128,1855.646545130775,0.013330271,0.0144514395,53.31686900453321,-28.031626820856832,7.846873e-07,7.6077913e-07,96285.94939361412,961.8884048196498,95111.11511060147,600.2838342974891,False,97326.68466058427,773.9853289852103,False,99822.80706467036,1077.4736816767072,False,102170.9987370047,1560.4357416958733,False,104037.41286398734,2170.944925287558,False,2.506518242135936,34.19765328334108,98102.8588834762,433.88894510597447,0.0,0.0013834552039906,False,159461.203125,1268.1068115234375,False,163550.87989854813,1765.3457550195726,False,170456.14040136337,3556.90210667029,False,False,4.106709438831069,56.02984377440356,False,False
[MBR2003] CDFS-H 4705,53.31686051836,-28.03158908471,2025071700604,-1,i,20250717,i_39,0.1305940369804841,53.316866865675145,-28.031624925562586,745539333495195569,745539333495194404,1426.7936788297477,1854.7068908105125,0.014464408,0.016009485,53.316866865675145,-28.031624925562586,8.6438405e-07,8.3149354e-07,98983.82199542545,963.5660354003928,95417.96504519068,600.1863415931871,False,98185.85089969813,773.9044540868343,False,99708.4113878788,1076.4274579357727,False,100528.41212139164,1561.4919486011077,False,102286.0745881582,2171.609511673494,False,0.3204096497534631,34.36877537201341,98268.34676888658,441.4766586886719,0.0,0.0011142344860974,False,160419.921875,1264.4356689453125,False,162907.54134690762,1758.7097033213413,False,167119.02930998802,3548.061406134231,False,False,0.5234979430381929,56.15306288632232,False,False
[MBR2003] CDFS-H 4705,53.31686051836,-28.03158908471,2025071700605,-1,i,20250717,i_39,0.1375836646041627,53.31686781060971,-28.03162675643972,745539333629413241,745539333629412100,1423.0503583021962,1857.4827252445823,0.015115734,0.016955893,53.31686781060971,-28.03162675643972,9.1231567e-07,8.731075e-07,97452.95467286708,964.1309132891868,93718.35281317416,599.2305671057022,False,97141.88932871468,773.4699170082275,False,99731.3762716063,1076.808122842976,False,101308.12865156747,1559.8945856126688,False,100871.97044107388,2171.138392345548,False,0.6460284543943192,34.22176242152338,98160.5628760466,446.1784080955663,0.0,0.0011203470139872,False,158817.296875,1264.546142578125,False,163050.8496646881,1760.473844031083,False,164915.6073307991,3549.5946496063,False,False,1.0561920664735494,55.94916713729424,False,False
[MBR2003] CDFS-H 4705,53.31686051836,-28.03158908471,2025071700606,-1,i,20250717,i_39,0.1291978623373852,53.31686716337401,-28.0316244904426,745539333763631065,745539333763629851,1416.776183309261,1854.2643660648632,0.013482813,0.014855053,53.31686716337401,-28.0316244904426,8.029578e-07,7.7384647e-07,99035.96587880258,956.7746640894876,95257.15485311336,596.6224981935283,False,98783.5787014949,769.3894678268556,False,101351.47144158965,1071.341813927462,False,102335.94420240787,1551.5207802728462,False,104519.5245145781,2156.5947402710235,False,0.7136341366234286,33.723748568726755,98348.45429271171,435.0840731888079,0.0,0.0004092964751859,False,161620.140625,1258.8006591796875,False,165821.47845077515,1752.82589374117,False,171004.74058699608,3528.4118046278427,False,False,1.1675791769440478,55.17553684251448,False,False
[MBR2003] CDFS-H 4705,53.31686051836,-28.03158908471,2025071700607,-1,i,20250717,i_39,0.1319598703747203,53.31686624183911,-28.031625390410845,745539333897848801,745539333897847597,1406.7678816924722,1850.460278290135,0.014612234,0.015255924,53.31686624183911,-28.031625390410845,8.3723234e-07,8.234222e-07,98137.3218499824,951.9448207264148,94832.90372072626,592.757228163869,False,98628.23014019684,764.199252942795,False,102289.2442564904,1064.9647591242433,False,103455.81547142264,1540.9780835148435,False,105119.60405665876,2144.0000295508853,False,1.901835352102065,33.33411306577252,97853.75017113556,438.3050512209039,0.0,7.344003004405852e-05,False,161383.859375,1250.447509765625,False,167374.3205895424,1742.5854918164166,False,172005.59489428997,3508.194345343095,False,False,3.1119440000267526,54.54409764577619,False,False
[MBR2003] CDFS-H 4705,53.31686051836,-28.03158908471,2025071900574,-1,i,20250719,i_39,0.1175575770764019,53.31686148921408,-28.031621728345968,745548125561161577,745548125561160407,3091.728329079307,1786.217640483985,0.02231925,0.025215516,53.31686148921408,-28.031621728345968,1.3980766e-06,1.2457086e-06,97033.55422571368,944.4331263851046,94474.62374961012,589.2070514659368,False,97888.44103419986,758.9097359978525,False,100541.29112858254,1055.127375475484,False,103562.8026565916,1527.308764416889,False,105193.79160843712,2122.0119971703084,False,0.4189125042792071,33.417525744179606,98583.5224724345,479.6682415145001,0.0,0.0074020474472962,False,156769.40625,1215.4022216796875,False,161017.97461795807,1689.7980029493124,False,168469.00489383936,3398.425363986952,False,False,0.6708929458137702,53.51853205455382,False,False
[MBR2003] CDFS-H 4705,53.31686051836,-28.03158908471,2025071900575,-1,g,20250719,g_6,0.1424581684577824,53.31688222102755,-28.03162371044546,745548125695379021,745548125695378018,3083.087400578373,1767.1222155035175,0.042606086,0.046351034,53.31688222102755,-28.03162371044546,2.5730396e-06,2.376221e-06,26693.96076951668,381.495466710782,24696.26275403,241.09569198497215,False,26508.348244477274,307.81051275429536,False,26999.77103466001,422.5683455919449,False,27229.01220370913,609.6179822421919,False,28324.749222578062,845.1955259065898,False,0.6169462917198623,13.276447504204397,26516.53737418297,218.95261435514175,0.0,1.7983842792390625e-05,False,50444.46875,585.7527465820312,False,51379.62930220738,804.1329285159468,False,53901.01691106334,1608.3778174718002,False,False,1.174027428871386,25.26461984957451,False,False
[MBR2003] CDFS-H 4705,53.31686051836,-28.03158908471,2025071900576,-1,g,20250719,g_6,0.1315248454244804,53.316873774743264,-28.03162369487295,745548125829596669,745548125829595723,3083.0468034987903,1766.755970366686,0.042356066,0.053619158,53.316873774743264,-28.03162369487295,2.969977e-06,2.3756822e-06,26862.288900903808,387.0436243190335,25154.517035054567,243.021750948077,False,27199.148359240746,310.4574645390113,False,28474.34227024956,426.8295263392545,False,29217.749332324864,615.0754769533467,False,29479.27348148182,851.6187811975726,False,0.0304530457282652,13.333109706296414,26588.29145065016,222.29610449374428,0.0,0.0247140770738533,False,51430.16796875,587.0360107421875,False,53841.39923855662,807.0809403189213,False,55741.59774139524,1610.3039839279716,False,False,0.0575828785621737,25.211233185822344,False,False
[MBR2003] CDFS-H 4705,53.31686051836,-28.03158908471,2025071900577,-1,g,20250719,g_6,0.1291482921354152,53.316868115928,-28.0316243268342,745548125963814487,745548125963813492,3082.2229593847123,1767.1976674072887,0.042690895,0.04903613,53.316868115928,-28.0316243268342,2.720934e-06,2.3857008e-06,26887.56629458768,382.9158726631166,24808.02965020581,241.05508313234355,False,26566.716308656905,307.86834077115924,False,27205.53479922137,423.7655678292833,False,27178.291556808104,610.3366996623058,False,27799.25458554554,844.9154961781609,False,0.2363801028252081,13.327556007026397,26182.555420044937,216.75408108640852,0.0,0.0048857209544006,False,50625.98046875,586.6790771484375,False,51843.32370570302,807.5347781412977,False,52974.72609496117,1610.0851497902822,False,False,0.4504498911267631,25.39721440425171,False,False
[MBR2003] CDFS-H 4705,53.31686051836,-28.03158908471,2025071900578,-1,g,20250719,g_6,0.131846925637296,53.3168657358519,-28.031625418140585,745548126098032307,745548126098031245,3079.686971937431,1763.390241079997,0.035877157,0.04561824,53.3168657358519,-28.031625418140585,2.525174e-06,2.0128018e-06,26445.0505092328,378.5307489010894,25015.13984333098,239.3587542983651,False,26851.68977347308,305.3390293782351,False,28309.760329862616,420.6405136456289,False,28816.58663259813,605.8005058942357,False,29754.553232396214,839.3755261117843,False,0.614347466710316,13.05833892617132,26653.00213913755,212.0891957527168,0.0,0.0035022296889116,False,51613.5546875,586.9140014648438,False,54416.21645796299,808.5432364958618,False,57193.35629966855,1613.423772798047,False,False,1.1808812345770927,25.10036783456693,False,False
[MBR2003] CDFS-H 4705,53.31686051836,-28.03158908471,2025071900579,-1,g,20250719,g_6,0.134230749156936,53.31687312356512,-28.031624672225803,745548126232249982,745548126232248932,3077.1800005964365,1752.5754622450752,0.039455477,0.048213296,53.31687312356512,-28.031624672225803,2.669798e-06,2.209253e-06,26716.375275630267,380.04595406026266,25135.89659467264,240.21588742768705,False,26870.326924104105,306.4641180403254,False,27702.832408528764,421.56633500158506,False,28184.88680281321,606.9891376873593,False,28209.44240552168,841.4155357776336,False,0.0888059024836385,13.218399087090946,26512.47146292031,213.88793765258384,0.0,0.0082347015716626,False,51524.62890625,587.65380859375,False,53120.98224681616,808.3656381136029,False,54092.421566069126,1613.4386216940889,False,False,0.1702878860788799,25.34666249580001,False,False
[MBR2003] CDFS-H 4705,53.31686051836,-28.03158908471,2025071900580,-1,g,20250719,g_6,0.1307401829474491,53.31687156710419,-28.031624067431128,745548126366467564,745548126366466639,3078.1712585620503,1748.9079625441166,0.044572953,0.04868371,53.31687156710419,-28.031624067431128,2.7044532e-06,2.4860058e-06,26593.715858740605,384.77742737922114,24487.965167556,241.7215226977608,False,26750.720198746672,309.18347977268786,False,28083.263110517524,424.9504087457581,False,28615.830312453618,612.891283016787,False,29598.50219042189,849.5816224060541,False,0.0406095136306468,13.139395049802514,26643.009106570105,225.3934061733012,0.0,0.0015018534804245,False,50846.0390625,587.6759643554688,False,53378.85045751929,807.7182566368623,False,56258.9189144969,1614.829807896696,False,False,0.0771879374099892,24.974512424199297,False,False
[MBR2003] CDFS-H 4705,53.31686051836,-28.03158908471,2025071900586,-1,i,20250719,i_39,0.1372821185452404,53.31686868206297,-28.03162653159857,745548127171774492,745548127171773200,3130.655777431672,1742.1353628220843,0.018181391,0.01911366,53.31686868206297,-28.03162653159857,1.0614635e-06,1.0124872e-06,98237.38917382163,931.3595006891256,94489.37848133066,582.8646472240832,False,98200.14352064896,750.6032794234176,False,100216.16824860589,1042.7793239055754,False,100301.0798973779,1509.5317799124816,False,99743.02056646688,2098.764098299632,False,-0.1231305225512475,32.66543673784329,98531.12230704578,444.7664722905553,0.0,0.0004116240205606,False,159995.109375,1222.939697265625,False,163279.7695118189,1698.9750320189603,False,162508.88148212433,3419.4653838684503,False,False,-0.2006135705783902,53.22100290570778,False,False
[MBR2003] CDFS-H 4705,53.31686051836,-28.03158908471,2025071900587,-1,i,20250719,i_39,0.1450580012531845,53.31686429202493,-28.03162924068273,745548127305992119,745548127305990909,3129.5736268204973,1740.3776034287746,0.020827454,0.02111847,53.31686429202493,-28.03162924068273,1.1745179e-06,1.1587633e-06,97147.82457548103,932.0654294893044,93486.05543384596,581.5428224017512,False,97246.00370898758,749.3412741261442,False,99919.65559637744,1043.222787586334,False,101048.96116115132,1510.638094672322,False,99521.25606699304,2097.8664740348627,False,-0.2301150488294007,32.61748557124301,97489.74305947313,459.9179802088966,0.0,2.731201430794528e-06,False,157666.859375,1214.9217529296875,False,162001.7037909031,1691.39763356639,False,161355.77079439163,3401.3121951931907,False,False,-0.37309005676398,52.88337118836246,False,False
[MBR2003] CDFS-H 4705,53.31686051836,-28.03158908471,2025071900588,-1,i,20250719,i_39,0.1335590671200012,53.3168695452474,-28.031625318711605,745548127440209909,745548127440208642,3129.0810708914955,1741.4177045302022,0.019173134,0.020559924,53.3168695452474,-28.031625318711605,1.1413858e-06,1.06844e-06,97841.38650415024,930.8727885575488,93514.6987490786,581.3736358543604,False,97340.77623247284,748.9893818897984,False,99186.16818367,1040.9664706995356,False,98251.5652611254,1505.624543136485,False,100608.00682749409,2093.338879915812,False,0.3850802990730079,33.30991371490213,98038.78173762254,455.4087010090428,0.0,0.0008879391241876,False,157746.234375,1213.7796630859375,False,160736.79642426968,1686.945052413765,False,163040.96637886763,3392.374073418777,False,False,0.624044408334,53.98059949032001,False,False
[MBR2003] CDFS-H 4705,53.31686051836,-28.03158908471,2025071900589,-1,i,20250719,i_39,0.1395737389024187,53.31686157446026,-28.031627843984293,745548127574427623,745548127574426360,3126.724652064363,1740.3434683767991,0.020397313,0.020896928,53.31686157446026,-28.031627843984293,1.1613091e-06,1.1349075e-06,97332.104065556,933.8601685575528,93375.5196890318,582.6781789163085,False,97109.88956987968,750.7352833494738,False,99086.0588915278,1043.3778188995154,False,101078.87366711398,1512.1680973612083,False,102514.25875495072,2102.308723065189,False,0.8150046476460568,33.312805533735464,99557.26130896526,467.7489115208769,0.0,0.0057705188793576,False,157304.015625,1216.0828857421875,False,160505.12491703033,1690.1215875530645,False,166058.31427055597,3405.436930124913,False,False,1.3201899867830509,53.961940492378666,False,False
[MBR2003] CDFS-H 4705,53.31686051836,-28.03158908471,2025071900590,-1,i,20250719,i_39,0.1338128024970817,53.316867221174576,-28.0316257810386,745548127708645379,745548127708644121,3127.721348834575,1738.538030832072,0.019231884,0.018651057,53.316867221174576,-28.0316257810386,1.0385841e-06,1.0683373e-06,96944.01202246123,927.3553007729312,93815.06961307736,579.9195738413612,False,96971.78989829143,746.5163752214993,False,98958.06906096752,1038.5173833017311,False,99801.55362728548,1503.5091551036944,False,99345.44247446884,2089.1759369421075,False,0.2102577996427317,32.4850120516429,97543.55535233131,446.1865837120446,0.0,4.28808213011056e-05,False,157741.4375,1214.33837890625,False,160972.46510839462,1689.3286705605085,False,161602.59516125917,3398.407060747301,False,False,0.3420207835290854,52.842507120942194,False,False
[MBR2003] CDFS-H 4705,53.31686051836,-28.03158908471,2025072100524,-1,g,20250721,g_6,0.1372205444053823,53.31688892360927,-28.031617794240265,745556914943297278,745556914943296646,3835.9589561269695,3621.196641053693,0.055513438,0.04511092,53.31688892360927,-28.031617794240265,2.7011959e-06,2.92306e-06,26972.73098618644,392.454570962923,25195.52649945938,247.68664817860255,False,27106.55465081625,316.5843546626932,False,28552.48705179322,435.5097829057072,False,29212.14739295483,628.4690869896276,False,30470.848034549064,870.5986719105744,False,0.4222651742803731,13.891987273991765,26461.444265450693,227.8053897784486,0.0,0.0017235384798978,False,50727.35546875,592.4577026367188,False,53433.281317055225,815.0154031807466,False,57023.31261181831,1629.2431432004023,False,False,0.7902293697494724,25.99754139517362,False,False
[MBR2003] CDFS-H 4705,53.31686051836,-28.03158908471,2025072100525,-1,g,20250721,g_6,0.1119809606619907,53.31687239972112,-28.03161836923961,745556915077514291,0,3835.102949282154,3620.432292497049,0.030217629,0.031893544,53.31687239972112,-28.03161836923961,1.7469816e-06,1.7093857e-06,25190.106317522383,393.04672709216106,24217.25626006364,246.88293893460508,False,26021.670899277586,315.909346593151,False,27820.801514859908,436.3944946746884,False,30013.061108973943,627.9964457432678,False,31212.636834720368,871.7419772171041,False,0.460652407782998,13.79871072364685,26582.14056968866,231.4285889863989,0.0,0.0006682252224295,False,48588.28515625,589.8734741210938,False,51947.66479492188,814.8462191357604,False,58280.98068237305,1627.737432221301,False,False,0.8601411736359652,25.765282099842835,False,False
[MBR2003] CDFS-H 4705,53.31686051836,-28.03158908471,2025072100526,-1,g,20250721,g_6,0.1118633838722325,53.31687903359829,-28.031615512755863,745556915211732672,745556915211732051,3835.698229825831,3620.4737490209154,0.06824158,0.05733165,53.31687903359829,-28.031615512755863,3.388097e-06,3.6210513e-06,25855.33208121342,392.8643616720241,24579.029187265816,246.75847090319616,False,26264.27332851676,315.52574822821225,False,27495.99797985544,435.9266837734141,False,27991.74551320414,627.91853593929,False,28193.549154898432,870.1618893888216,False,0.2341163051718381,13.632859866433344,25642.18138260128,228.3473698436304,0.0,0.0204227346213679,False,49093.9140625,589.78955078125,False,51396.28822016716,814.8463459480461,False,52700.17038029432,1626.5309336289174,False,False,0.4376167435882125,25.482922841124005,False,False
[MBR2003] CDFS-H 4705,53.31686051836,-28.03158908471,2025072100527,-1,g,20250721,g_6,0.1216452101112504,53.31687646816474,-28.03161980240465,745556915345950654,745556915345949960,3825.01579165328,3618.3048574659056,0.040492676,0.03961293,53.31687646816474,-28.03161980240465,2.219626e-06,2.2373151e-06,27093.252046051573,385.9554295852264,25687.16322050957,244.7010747755203,False,27075.248390197477,312.1618466234661,False,27506.207647246916,429.6530311780437,False,28541.948621815314,618.7276518085264,False,28633.06664565981,856.6999468632698,False,0.2619149841568333,13.496472061311414,25630.549977091305,209.60036565034463,1.0,0.0040016466162334,False,51302.1953125,591.4844360351562,False,52118.7771461457,814.106796157185,False,54253.95018659532,1623.275523267223,False,False,0.4962766538219081,25.57312257086361,False,False
[MBR2003] CDFS-H 4705,53.31686051836,-28.03158908471,2025072100528,-1,g,20250721,g_6,0.1020903267368255,53.31686023471771,-28.03161744202886,745556915480168464,745556915480167761,3817.6292794406263,3618.403749939481,0.044572476,0.03926627,53.31686023471771,-28.03161744202886,2.2793822e-06,2.3928562e-06,26709.47008777254,382.8618009529324,25567.887009328275,243.2580628266492,False,27096.181716679952,310.093553421816,False,28090.5140182711,427.78643010482176,False,29029.818248544427,616.0185239315219,False,29964.779660506,853.4502482728254,False,0.3589421056054331,13.231817715316163,26676.31620026693,212.4339597230571,0.0,0.0002184539859436,False,51570.87109375,590.186279296875,False,53463.33636748791,814.1855215345962,False,57030.53682553768,1624.3311769463462,False,False,0.6831574002510457,25.183487949245198,False,False
[MBR2003] CDFS-H 4705,53.31686051836,-28.03158908471,2025072100529,-1,g,20250721,g_6,0.1416320460822994,53.31688872266695,-28.03161954812566,745556915614386152,745556915614385455,3810.492758962848,3618.391802714867,0.045654044,0.041139103,53.31688872266695,-28.03161954812566,2.3697867e-06,2.465444e-06,26913.540027649447,384.7525945707383,25380.46256696899,244.15137546266487,False,26940.019390163237,311.46944821781256,False,27543.46354281538,428.7983850795899,False,27787.90334430193,618.4685746056177,False,27927.37000957047,856.1667960287394,False,0.4088471733638087,13.41081296223121,26661.7148642964,215.60832529521852,0.0,0.0031744726383611,False,51003.4140625,589.6805419921875,False,52145.86728554964,811.8101649002981,False,52872.68712192774,1620.9130725556315,False,False,0.7740381092290931,25.389634525547983,False,False
[MBR2003] CDFS-H 4705,53.31686051836,-28.03158908471,2025072100530,-1,i,20250721,i_39,0.1378772307463135,53.3168675060487,-28.031626884014788,745556915748604606,745556915748603644,3813.95864940941,3621.624953989779,0.017028833,0.01706071,53.3168675060487,-28.031626884014788,9.4847536e-07,9.471618e-07,97862.45993043558,850.4987486094011,95314.96514411368,539.5068404064938,False,98202.644608605,689.1634099308587,False,101147.47785273608,952.7965456622084,False,101353.55274831236,1373.926973058784,False,102899.16794923722,1906.6872461677567,False,0.4710409404619717,30.01745003205993,97251.19458138688,415.8239477412126,0.0,7.702676915422035e-05,False,157980.0625,1108.66748046875,False,162717.4597647488,1532.778047204548,False,165535.4298105538,3067.3162776630643,False,False,0.7577706029285535,48.28952062396824,False,False
[MBR2003] CDFS-H 4705,53.31686051836,-28.03158908471,2025072100531,-1,i,20250721,i_39,0.1264616111507189,53.31685584899705,-28.031623970304253,745556915882822143,745556915882821284,3814.309703713999,3621.520152681641,0.018276399,0.018357545,53.31685584899705,-28.031623970304253,1.0199817e-06,1.0173391e-06,98399.14153629204,854.0342223663523,93826.58220023046,539.6278165976179,False,97085.346789931,690.0922764118342,False,98027.96426938265,955.3793809102176,False,98620.94154796458,1379.1571504170624,False,100279.86141586036,1913.8916392101096,False,0.6279853395547258,29.941815777749923,95369.51851047436,425.44152665506056,0.0,0.0207361506223027,False,156052.265625,1109.2349853515625,False,157567.4025447294,1535.650042483155,False,161187.03890883178,3076.3357842839614,False,False,1.0094060355868617,48.12763556537911,False,False
[MBR2003] CDFS-H 4705,53.31686051836,-28.03158908471,2025072100532,-1,i,20250721,i_39,0.1407086005703887,53.3168688808164,-28.031627467101558,745556916017039649,745556916017038840,3814.516605369912,3624.0537723158727,0.026311921,0.02616267,53.3168688808164,-28.031627467101558,1.4575796e-06,1.4598406e-06,97857.97039148504,879.8989986661774,92702.76337396204,550.8672696857737,False,98121.35489179696,706.5539449697347,False,100942.3560878405,977.6172728037868,False,103938.48649464844,1410.473628801168,False,103004.13635811183,1959.054521651071,False,0.2436769040698316,30.68033908668633,97057.11974498612,475.11110605159854,0.0,0.0038592307390135,False,153976.375,1108.7557373046875,False,158403.21499335766,1534.120314275212,False,161638.65189099312,3074.235104109931,False,False,0.3823885881036909,48.14494664844571,False,False
[MBR2003] CDFS-H 4705,53.31686051836,-28.03158908471,2025072100533,-1,i,20250721,i_39,0.1371629909989235,53.3168623775597,-28.031627150181496,745556916151257552,745556916151256712,3816.1723789796274,3626.902361491839,0.019133676,0.02055731,53.3168623775597,-28.031627150181496,1.1198564e-06,1.0883276e-06,99128.48495154711,858.0993604696051,93674.59105260018,541.5739916427816,False,98937.47394117116,693.7411854924569,False,100688.49902952812,957.41741313523,False,103729.0843389608,1384.3614463487377,False,105261.9495882888,1920.7304272236167,False,1.400422540061272,30.8799957259878,98081.85950400106,441.0268662981538,0.0,0.0340688180417072,False,158373.625,1110.50244140625,False,161176.56891661882,1532.580733226613,False,168497.49510258436,3074.5988177146914,False,False,2.2417187883035004,49.4309857356694,False,False
[MBR2003] CDFS-H 4705,53.31686051836,-28.03158908471,2025072100534,-1,i,20250721,i_39,0.1449999392918161,53.316865411796975,-28.03162913019636,745556916285475288,745556916285474433,3903.447046939216,3601.697170064941,0.017941607,0.018659005,53.316865411796975,-28.03162913019636,1.025314e-06,1.0101726e-06,99426.81746572124,852.6244100687521,94691.52867187868,539.164258160979,False,99018.219887593,689.447949835097,False,100289.30145344263,952.7441661337498,False,102209.65452111636,1376.185546177819,False,104152.73942555171,1910.319582589482,False,0.9154748984737704,30.21909832422236,96793.4375656997,424.9208503156779,0.0,0.0004954785250018,False,159111.359375,1107.8668212890625,False,161153.84727317095,1530.9548038960083,False,167361.9660244584,3069.6728942567115,False,False,1.4710672009172652,48.55875836701719,False,False
[MBR2003] CDFS-H 4705,53.31686051836,-28.03158908471,2025072100535,-1,i,20250721,i_39,0.1322925087619959,53.3168679822093,-28.03162523722679,745556916419693064,745556916419692219,3901.980250513134,3601.7718603133367,0.019660477,0.017186457,53.3168679822093,-28.03162523722679,1.00171e-06,1.0509815e-06,98858.87239530247,849.1465169151061,94821.71653418597,538.455407543088,False,99261.57648001808,688.3016601922664,False,101935.35558980706,948.7791716445328,False,103243.92300080556,1371.0761820736257,False,106498.7386933945,1902.854006033463,False,0.6141695449196815,29.62385382211839,98154.08099107556,428.71432198725415,0.0,4.8599888360589816e-05,False,159582.96875,1106.58349609375,False,163881.6069869995,1525.353538281551,False,171218.16408228874,3059.2209206125144,False,False,0.9874011956061308,47.62630925674802,False,False
[MBR2003] CDFS-H 4705,53.31686051836,-28.03158908471,2025072200465,-1,r,20250722,r_57,0.1316210618791772,53.31688258822745,-28.0316200239107,745561305070960941,0,2990.924817254643,1955.4723288263092,0.1318434,0.09105593,53.31688258822745,-28.0316200239107,5.0719473e-06,7.326783e-06,67123.49757833975,1689.232440727678,60953.083823251465,1006.7549268688764,False,67875.39383307692,1322.4144527408257,False,71472.09036469315,1862.6675541092457,False,73433.67835279494,2709.966688058833,False,73601.91288501793,3781.048669519114,False,0.1632512765421273,59.25653868413121,66928.7620053324,975.08799915148,0.0,0.0109218861684773,False,43284.0078125,843.3011474609375,False,45577.6142578125,1187.819508825678,False,46935.79797363281,2411.167448300743,False,False,0.1041050243719774,37.78778049749953,False,False
[MBR2003] CDFS-H 4705,53.31686051836,-28.03158908471,2025072200466,-1,r,20250722,r_57,0.1529282438938583,53.31686679400154,-28.03163120205561,745561305205178635,0,2990.127074072236,1954.409952588816,0.10199027,0.09440706,53.31686679400154,-28.03163120205561,5.252858e-06,5.669655e-06,64722.189135987486,1934.1190839957096,58196.2395105558,1152.919191328842,False,65943.51614818796,1519.3041578521006,False,69020.399844947,2142.390286160028,False,72081.05693712286,3127.1275612559384,False,72498.35176133532,4365.1456079945965,False,1.0201298617831438,69.33634966240487,64394.93295370922,1114.189855464453,0.0,0.0334250637807809,False,36304.359375,836.4334716796875,False,37998.29833984375,1179.4655701324773,False,39913.040283203125,2403.1750827589644,False,False,0.5616194475908608,38.17224047073771,False,False
[MBR2003] CDFS-H 4705,53.31686051836,-28.03158908471,2025072200467,-1,r,20250722,r_57,0.1795771265955292,53.31688446941686,-28.03163426558939,745561305339396343,0,2990.218294575172,1954.1249552268105,0.12534581,0.121459864,53.31688446941686,-28.03163426558939,6.757823e-06,6.969197e-06,62514.15798954989,2043.0220885092203,58032.8868778751,1206.4599220058908,False,64906.16589980661,1590.1683878018666,False,68627.3925437359,2243.7106221577706,False,73148.80109134947,3279.0721761869577,False,71160.08249479621,4574.878253080275,False,-0.0920186607638194,71.63628275814685,65382.396696633885,1183.4733382004474,0.0,0.0006468096157845,False,34034.96875,833.839599609375,False,35986.275390625,1176.5387748686956,False,37314.34680175781,2398.937546534476,False,False,-0.0482519988678422,37.5640528328751,False,False
[MBR2003] CDFS-H 4705,53.31686051836,-28.03158908471,2025072200468,-1,r,20250722,r_57,0.1262704108825516,53.31686111011056,-28.031624155934693,745561305473614584,745561305473614132,2988.1111419796543,1938.947721276908,0.0828878,0.074138194,53.31686111011056,-28.031624155934693,4.125553e-06,4.607915e-06,66775.48383106486,1570.6091493272936,61947.65241613424,945.8214899495146,False,67766.99940774412,1238.9941407582808,False,71925.13293608058,1735.926131121029,False,72212.9585447726,2536.987318428033,False,72207.04972643632,3535.6680930723924,False,1.26186840083434,57.05544397091178,67168.45178771838,860.7392527092194,0.0,0.0220171564067641,False,46055.81640625,842.0453491210938,False,48881.76762214303,1179.7703290458169,False,49073.36394560337,2402.911180827193,False,False,0.8575911565450447,38.77602779327293,False,False
[MBR2003] CDFS-H 4705,53.31686051836,-28.03158908471,2025072200469,-1,r,20250722,r_57,0.1466869181707444,53.31686810802996,-28.0316292765692,745561305607831823,0,2986.925960910541,1926.04841217032,0.091369145,0.0874882,53.31686810802996,-28.0316292765692,4.8678826e-06,5.079983e-06,66684.27189157576,2100.721037179786,63120.877195458204,1262.242316193433,False,66479.77890851516,1659.9375457327812,False,69065.8486350138,2331.2312802862143,False,68812.20706324444,3414.85546936466,False,62102.60952359917,4771.463090716252,False,-0.515707600826513,75.52793165623603,67045.97482166314,1089.334716305208,0.0,0.0034713900982755,False,33395.8359375,833.8626098632812,False,34694.93713378906,1171.084179987165,False,31196.9833984375,2396.924315567879,False,False,-0.2590635334787192,37.941137225522525,False,False
[MBR2003] CDFS-H 4705,53.31686051836,-28.03158908471,2025072200470,-1,r,20250722,r_57,0.1257236630395315,53.31685714213502,-28.031623880562485,745561305742050203,745561305742049657,2985.4270707820297,1911.982257268932,0.05538198,0.06188475,53.31685714213502,-28.031623880562485,3.4420057e-06,3.0800184e-06,67510.72111391969,1410.4378996605951,62067.7959883499,857.0741298296714,False,66919.18462693068,1120.294385671362,False,69714.36791371705,1573.4213019937306,False,68429.95396735395,2286.9788332913013,False,69481.23359651858,3188.112956445794,False,0.0828151783773345,50.32578098885403,65093.51476398829,704.6280275383693,0.0,0.0137452121876054,False,50387.42578125,843.5361328125,False,52492.08517291956,1184.7222813432406,False,52316.54450890236,2400.5194604613625,False,False,0.0623564629083902,37.89326735817448,False,False
[MBR2003] CDFS-H 4705,53.31686051836,-28.03158908471,2025072200474,-1,z,20250722,z_20,0.1309102273205652,53.316868118175286,-28.031624824549528,745561306278920586,0,2976.568877753448,1882.032894237128,0.04721377,0.05827904,53.316868118175286,-28.031624824549528,3.2400503e-06,2.62601e-06,112743.77323624304,3362.503505625981,109799.14846056064,2003.990128056816,False,114848.00226415324,2653.3273625602087,False,119791.43121000644,3766.3037215172617,False,124090.7063699602,5508.625009207138,False,128744.7365106231,7703.321884998091,False,0.1714328931063839,123.36905838169434,116111.462207362,1412.0375262074162,0.0,0.0002756105744202,False,69591.2265625,1607.762451171875,False,72586.65771484375,2282.161556319058,False,78011.84130859375,4667.76616061428,False,False,0.1038783876883761,74.75449222787645,False,False
[MBR2003] CDFS-H 4705,53.31686051836,-28.03158908471,2025072200478,-1,z,20250722,z_20,0.1407323412434646,53.31687235989256,-28.03162675375449,745561306815791637,0,3024.202007201614,1856.3424962749475,0.026051076,0.033816244,53.31687235989256,-28.03162675375449,1.8803839e-06,1.4487277e-06,116498.39829638202,2607.5358863515385,114155.9913590869,1573.988296168765,False,118692.26992824068,2076.419687597288,False,120054.79348632383,2938.3805193894736,False,125668.63130617856,4298.605206197156,False,129236.76685960132,6007.619919383154,False,1.2606327924167149,96.2601195731107,119093.40996479768,980.5180458514074,0.0,5.828050055378675e-05,False,90403.7578125,1581.536376953125,False,91441.54443359376,2238.0618467947047,False,98435.13295945524,4575.7943339513295,False,False,0.9601799824456818,73.31797211521052,False,False
[MBR2003] CDFS-H 4705,53.31686051836,-28.03158908471,2025072200479,-1,z,20250722,z_20,0.1289300764128771,53.31686137306673,-28.031624890672887,745561306950009265,0,3023.989298010645,1856.5902110141408,0.0320144,0.04008022,53.31686137306673,-28.031624890672887,2.2286479e-06,1.7801973e-06,119152.77158141712,3400.342854742981,116358.96113386264,2045.57337481142,False,117942.31658704871,2704.7865365512403,False,120123.63769970147,3839.7146406753495,False,124978.768976325,5611.398284137436,False,131671.9445484922,7847.377195165096,False,4.066949435881742,124.9332335556436,119690.76624017477,1223.632378603727,0.0,0.0001900938398712,False,68123.5390625,1562.2860107421875,False,69383.47119140625,2217.821032197904,False,76053.77880859375,4532.648860584655,False,False,2.3490719597322687,72.1614960822883,False,False
[MBR2003] CDFS-H 4705,53.31686051836,-28.03158908471,2025072200480,-1,z,20250722,z_20,0.1214421179733245,53.3168665147001,-28.03162240081236,745561307084227025,0,3027.186531478955,1855.855377825988,0.032402046,0.03710729,53.3168665147001,-28.03162240081236,2.063229e-06,1.8015832e-06,115249.80265120284,3155.673199022123,114645.73997728356,1897.6002759567396,False,120306.65211383632,2508.857703171714,False,129712.4195233106,3557.896925002013,False,141159.66816319368,5208.020480957644,False,150806.61472956743,7275.376530901319,False,7.275982397405613,115.68593299305128,119426.06430078676,1167.3309004759558,0.0,0.0006299746724034,False,74863.25,1561.1875,False,80716.17919921875,2213.973394576938,False,93842.46923828124,4527.250343244799,False,False,4.527627355943438,71.98791397625467,False,False
[MBR2003] CDFS-H 4705,53.31686051836,-28.03158908471,2025072200481,-1,z,20250722,z_20,0.1231370508602931,53.31687066872893,-28.03162209515243,745561307218444754,0,3031.3563548807165,1852.1957970116032,0.030310892,0.040220603,53.31687066872893,-28.03162209515243,2.23602e-06,1.685531e-06,113994.94077878314,3217.7794774498643,111576.78315934334,1935.780826029204,False,116702.22837302096,2560.8616013653086,False,123360.25697470554,3629.5214694942415,False,129300.84748485532,5315.565012897276,False,124287.72282682068,7431.95285953278,False,1.4955371856605648,113.66457887099564,115712.56185695338,1156.9168275161635,0.0,5.777583634669625e-05,False,70945.9453125,1556.80615234375,False,74993.5126953125,2206.4688504680817,False,75557.34033203125,4518.05358379415,False,False,0.9091711517927892,69.09928892509676,False,False
[MBR2003] CDFS-H 4705,53.31686051836,-28.03158908471,2025072200482,-1,z,20250722,z_20,0.1524363772183039,53.3168691337881,-28.03163073965806,745561307352663242,745561307352662506,3034.715445098975,1849.5827296606424,0.029882826,0.036668014,53.3168691337881,-28.03163073965806,2.038859e-06,1.6614765e-06,117411.60143030858,2805.696419638144,113419.90575229732,1692.7958952018837,False,114883.29072746742,2235.619983578511,False,114260.28559218578,3171.228475466761,False,115017.44120132692,4640.492258255895,False,115055.38250510498,6481.471227067575,False,0.4466560388860509,105.34958760854444,117045.81410331716,1050.1179111152735,0.0,0.0004817453196027,False,80324.8984375,1563.1163330078125,False,79889.3013728559,2217.281587261084,False,80445.22276380658,4531.760143212068,False,False,0.312296076590711,73.65905756619848,False,False
[MBR2003] CDFS-H 4705,53.31686051836,-28.03158908471,2025072300437,-1,g,20250723,g_6,0.1165992781737055,53.31685818380102,-28.0316214077776,745565699359899978,0,387.2938176710261,3121.0211083518493,0.13593791,0.10493975,53.31685818380102,-28.0316214077776,6.452016e-06,7.0392007e-06,27129.01508059006,1196.8933592686012,22064.647193288067,703.9645036042109,False,26345.73464801858,929.8399864368544,False,26960.394724235382,1310.7146264143646,False,28759.861644978,1915.0996770049971,False,25335.868533455305,2670.8981893860614,False,-0.3711445507111067,42.738680855699286,23520.033021869454,655.3991782233692,1.0,0.0209595315381634,False,15888.4814453125,560.7642211914062,False,16259.168212890623,790.4605925821305,False,15279.45538330078,1610.7547157570257,False,False,-0.2238283876417073,25.774674604641596,False,False
[MBR2003] CDFS-H 4705,53.31686051836,-28.03158908471,2025072300438,-1,g,20250723,g_6,0.1951136064579744,53.31686605753772,-28.031643061941946,745565699494117730,0,376.5821020739597,3113.363573815186,0.43863353,0.36658022,53.31686605753772,-28.031643061941946,2.1776814e-05,2.3145712e-05,27219.580404541524,1115.8803591563897,24183.748206127624,658.3694247219365,False,27679.58007427531,867.0901764922409,False,29705.73174090904,1224.7067196377195,False,32303.937867243592,1785.8353012131852,False,30291.63637849264,2489.0284142878304,False,0.1417723886063528,39.85331404566195,25463.254005481256,622.433995509628,1.0,0.2163116114851613,False,17911.970703125,561.1101684570312,False,19223.131103515625,792.5304799858129,False,19602.280883789062,1610.6965465637234,False,False,0.0917435475688129,25.789820210161796,False,False
[MBR2003] CDFS-H 4705,53.31686051836,-28.03158908471,2025072300445,-1,i,20250723,i_39,0.1394083987384595,53.31686787483716,-28.03162726095818,745565700433642922,745565700433642368,350.1566063770581,3090.1766291356853,0.023942914,0.0213484,53.31686787483716,-28.03162726095818,1.2357754e-06,1.2848523e-06,100957.98933941536,1538.68841352023,96714.32799229244,941.0594811452936,False,101453.14546954798,1231.5704721742018,False,106333.99798570914,1734.7718032462367,False,106373.91365899675,2527.93596990007,False,106017.1548278876,3525.2820506418548,False,0.1500687735633935,55.94409917033981,99159.94765731892,630.4070878280651,0.0,0.0013516762129007,False,114780.6171875,1393.356689453125,False,120302.64670776064,1962.6614565227292,False,119944.18120096855,3988.383481457872,False,False,0.1697826752483265,63.2932394658746,False,False
[MBR2003] CDFS-H 4705,53.31686051836,-28.03158908471,2025072300446,-1,i,20250723,i_39,0.1462469134615872,53.316866701327534,-28.031629340581556,745565700567860719,745565700567860129,350.2954564555685,3090.09258709735,0.0242413,0.022190697,53.316866701327534,-28.031629340581556,1.2720571e-06,1.3106235e-06,98896.43825639924,1455.1896038704192,94638.54118168975,886.5871326410711,False,98188.59093239956,1159.9942287961014,False,101149.47603399112,1632.2440890215437,False,100591.1502404168,2376.9304595740373,False,103628.96578154288,3316.826145017962,False,0.6828977329711461,53.63017179027021,99389.3644759748,627.4490259538335,0.0,0.0009618519953921,False,118446.5390625,1399.3204345703125,False,122018.30426979063,1969.0033374949887,False,125009.35421204568,4001.142839699882,False,False,0.8237909540808889,64.69497298579459,False,False
[MBR2003] CDFS-H 4705,53.31686051836,-28.03158908471,2025072300447,-1,i,20250723,i_39,0.1273680280268595,53.31686410884237,-28.0316243224828,745565700702078495,745565700702077897,349.05594024075253,3085.8919192734315,0.021543711,0.019459715,53.31686410884237,-28.0316243224828,1.1208984e-06,1.1603781e-06,97688.70995890917,1465.258251618022,94807.22966634083,898.276830007945,False,98296.00626639242,1175.6228657954473,False,100427.87660351626,1647.3834241946786,False,102142.42458447274,2409.6488147469413,False,103252.54534758988,3360.5733918644223,False,1.330050183916326,52.172094826027084,98000.6121107813,593.3004264919176,0.0,0.0003120081964078,False,116964.6640625,1398.9005126953125,False,119501.42529296876,1960.259181546637,False,122862.56317931414,3998.8230729490897,False,False,1.582657107415245,62.08076784142487,False,False
[MBR2003] CDFS-H 4705,53.31686051836,-28.03158908471,2025072300448,-1,i,20250723,i_39,0.1219710299983517,53.31686624635133,-28.031622586172244,745565700836295325,0,349.05636677908154,3086.122348485096,0.036864053,0.032991193,53.31686624635133,-28.031622586172244,1.9066763e-06,1.9801544e-06,97871.71829605976,1595.537657062155,87317.8533047046,937.951187318562,False,98550.65058531132,1233.4613554266853,False,105021.2179106336,1733.7262768830203,False,110742.12472567552,2532.7305086738056,False,113328.7295715781,3531.048706107973,False,1.4044300662419582,56.51001598624373,98644.51916830488,866.4252011292696,0.0,0.0020499833347434,False,111466.296875,1395.11376953125,False,118784.87036132812,1960.9413710743663,False,128181.13061523438,3993.813546815689,False,False,1.5884889422255608,63.91598818397329,False,False
[MBR2003] CDFS-H 4705,53.31686051836,-28.03158908471,2025072300449,-1,i,20250723,i_39,0.1353677905346466,53.31687164253104,-28.031625382182256,745565700970513073,0,348.85641025089967,3083.7565836952517,0.034156173,0.030731404,53.31687164253104,-28.031625382182256,1.7727317e-06,1.8373747e-06,98342.07091880904,1502.2189559900853,86754.6264837999,880.6176756605201,False,98607.80428988527,1157.367871758302,False,106355.78413050403,1629.476262174967,False,108363.54200236742,2373.6198993022213,False,110784.8078477402,3310.822524792221,False,0.5220084805273667,52.4863455483509,99102.52295249852,836.1205405071807,0.0,0.0010878332485368,False,118698.453125,1393.1734619140625,False,128025.02954101562,1961.470627167339,False,133356.43579101562,3985.379403733002,False,False,0.6283640488999899,63.18007049886749,False,False
[MBR2003] CDFS-H 4705,53.31686051836,-28.03158908471,2025072300450,-1,i,20250723,i_39,0.1303881495440197,53.31686689200775,-28.03162486402888,745565701104731636,745565701104731038,350.7439997913428,3085.3863774570164,0.025170926,0.022048956,53.31686689200775,-28.03162486402888,1.2849583e-06,1.344017e-06,97262.40759427362,1482.5557658149978,94512.616938171,903.3750122798488,False,98964.26886272886,1182.7096737817124,False,103220.51000324932,1664.000739396498,False,104865.46285911225,2425.9562941050403,False,103372.37729201782,3384.085185437571,False,0.2816822275838671,54.270264960191234,99018.88745686624,632.7162718082981,0.0,0.0007742616884036,False,115748.875,1383.3004150390625,False,120726.98608398438,1946.2197396867816,False,120904.6104733348,3958.035133487312,False,False,0.32945629089173,63.474647842922906,False,False
[MBR2003] CDFS-H 4705,53.31686051836,-28.03158908471,2025072800366,-1,z,20250728,z_20,0.1222241175098183,53.31686552337848,-28.031622747190116,745587680062998209,745587680062997560,1689.1725021397313,3345.084738457054,0.032278918,0.028678095,53.31686552337848,-28.031622747190116,1.6929004e-06,1.7016274e-06,117075.95821371606,1342.570147261886,111547.89762787908,832.4788627252623,False,116679.91731260896,1079.3812119585912,False,118064.57294517772,1504.8830159767715,False,118882.5399398197,2187.978424359637,False,120736.34185042158,3045.6272440893517,False,1.197121795920682,48.41084536122676,115727.31122169498,689.7334073466926,0.0,0.0002693099614956,False,132425.34375,1225.038818359375,False,133996.8523895461,1707.9601638758202,False,137029.1644090135,3456.620848061855,False,False,1.3586679609198031,54.94366970635284,False,False
[MBR2003] CDFS-H 4705,53.31686051836,-28.03158908471,2025072800368,-1,z,20250728,z_20,0.1574507942822896,53.31688885534592,-28.031624962697773,745587680331433526,745587680331432946,1685.0,3343.0,,,53.31688885534592,-28.031624962697773,,,118115.62088897068,1390.527917221758,111486.74660633015,860.2109991479902,True,117300.80734278148,1116.7751830442735,True,119637.83581874172,1554.341886911885,True,118979.06950911766,2264.6331322907386,True,119842.10276489716,3157.087315635933,True,0.5053233136039862,49.81631184150282,208.91967183679068,10.133725975831878,,,True,128683.375,1225.1441650390625,True,131247.18268871307,1705.1712127367427,True,131471.27117222548,3463.4429220808183,True,True,0.554358584001221,54.6503581947558,True,False
[MBR2003] CDFS-H 4705,53.31686051836,-28.03158908471,2025072800369,-1,z,20250728,z_20,0.1296147236992638,53.31686190733092,-28.0316250679192,745587680465650647,0,1683.3355273806542,3342.281432996244,0.031234995,0.029873073,53.31686190733092,-28.0316250679192,1.6973321e-06,1.7004106e-06,116224.53451734486,1367.0300481774025,109316.84334899494,840.0697784682272,False,116636.49428735222,1091.2400882042332,False,119747.62819410108,1524.4845738857275,False,123007.32423049527,2215.769962033088,False,119562.44211425682,3084.2430303547767,False,-1.1981961208160268,49.16639437220685,116661.11620620763,753.954306768794,0.0,0.0023795785514602,False,130545.7109375,1221.3734130859375,False,134027.85595703125,1706.2834726570202,False,133820.5859375,3452.047333570745,False,False,-1.3410842411734298,55.02961956092712,False,False
[MBR2003] CDFS-H 4705,53.31686051836,-28.03158908471,2025072800370,-1,z,20250728,z_20,0.1362869422003048,53.316867413818464,-28.03162644970834,745587680599869077,745587680599868449,1675.4544978771696,3343.744141696789,0.034338437,0.032041326,53.316867413818464,-28.03162644970834,1.8433104e-06,1.8487116e-06,118047.26898312187,1361.2333208763769,110636.9359611514,838.2786148010698,False,115951.52466471615,1087.733377265951,False,116662.23034127332,1521.7671671105509,False,112222.36675591096,2207.2083246778398,False,109359.189469692,3073.476014611781,False,-2.250938839667838,48.89491926003044,116076.51605167512,712.1705081392594,0.0,0.0003202058012149,False,130221.703125,1221.6009521484375,False,131019.87549823524,1709.0513715439251,False,122818.04785484076,3451.729352364211,False,False,-2.5279623547800867,54.91242722863522,False,False
[MBR2003] CDFS-H 4705,53.31686051836,-28.03158908471,2025072800371,-1,z,20250728,z_20,0.1365894808485788,53.316865607736645,-28.031626759344185,745587680734086859,745587680734086196,1665.336076630188,3345.8205018331278,0.029134694,0.027533343,53.316865607736645,-28.031626759344185,1.5738744e-06,1.5773909e-06,116432.9801647889,1357.9717586270233,112633.38064538872,838.2657476780787,False,117861.18535878108,1087.0557206980695,False,121930.61890746768,1517.2891277703295,False,124733.12927830288,2205.005952444337,False,126397.1936438435,3068.8129888928142,False,0.8603686889704003,48.7533862240102,116868.36992919006,688.308341698316,0.0,0.0010877156247389,False,133153.078125,1228.095703125,False,137750.50009715557,1714.1497190377927,False,142796.59031772614,3466.9759549522114,False,False,0.9719971754063504,55.07889153653651,False,False
[MBR2003] CDFS-H 4705,53.31686051836,-28.03158908471,2025072800396,-1,r,20250728,r_57,0.1286559209938742,53.316865148487615,-28.031624588004885,745587684089531077,745587684089530094,1646.4343737529691,3284.992698863314,0.017329944,0.016892638,53.316865148487615,-28.031624588004885,9.508131e-07,9.518378e-07,66830.3031570426,453.7621575930018,63708.67524423381,302.0347940002826,False,66913.66481412954,373.5961384204361,False,68449.30789507821,500.879905084733,False,69207.38062861345,709.7452058604708,False,69591.72720163444,976.2029313291612,False,0.2908830088867892,15.425033021508936,66201.83617211726,271.53373278403103,0.0,0.0005433511031524,False,133899.859375,747.5972290039062,False,136972.81006691605,1002.3027290600144,False,139258.88698289543,1953.463998564848,False,False,0.5820813146718188,30.86678570321924,False,False
[MBR2003] CDFS-H 4705,53.31686051836,-28.03158908471,2025072800397,-1,r,20250728,r_57,0.142182304499501,53.316869630828144,-28.031627752064303,745587684223748622,745587684223747627,1643.8887183111317,3282.8345252606496,0.021545358,0.018111937,53.316869630828144,-28.031627752064303,1.102097e-06,1.1107692e-06,66492.94727538188,455.6786251961992,63481.40927863694,303.0278192177055,False,66693.84505013184,375.1061049051411,False,68907.99049807632,503.0854475037288,False,69938.38249522273,713.7742794206673,False,70287.92949863376,981.531052134402,False,0.267494152776179,14.95323724473568,66138.2907231365,276.33111404682904,0.0,0.0013651193510596,False,133081.859375,748.4921264648438,False,137499.99710446596,1003.8639506835244,False,140253.5472691059,1958.5612038736108,False,False,0.5337616866539299,29.837905052694094,False,False
[MBR2003] CDFS-H 4705,53.31686051836,-28.03158908471,2025072800398,-1,r,20250728,r_57,0.1336613905466656,53.3168678725734,-28.03162564098525,745587684357966468,745587684357965420,1642.3313636160026,3281.8544584347114,0.019526605,0.018234545,53.3168678725734,-28.03162564098525,1.0485901e-06,1.0517596e-06,67111.90224506125,456.500058645528,63306.701175224334,302.63690994803005,False,66659.42845895875,374.6778969260293,False,67822.62621263911,502.50040448115664,False,68721.17593979118,712.9003028405308,False,68927.40819470995,980.2095676317432,False,0.0478282978827548,15.29629218944037,65896.94963219417,276.1915043330025,0.0,0.0007922107426714,False,132878.625,746.88134765625,False,135197.3385216333,1001.6821978980846,False,137399.60628924146,1953.945639347072,False,False,0.0953407283211823,30.491564670142463,False,False
[MBR2003] CDFS-H 4705,53.31686051836,-28.03158908471,2025072800399,-1,r,20250728,r_57,0.129514027823652,53.3168669122243,-28.03162461538347,745587684492184335,745587684492183278,1641.978535284621,3281.3637561127475,0.018057413,0.016482262,53.3168669122243,-28.03162461538347,9.591029e-07,9.628822e-07,66415.64628816095,453.92993999851575,63815.1057388164,302.18791476911724,False,66495.94813498705,373.47924449218976,False,68483.09933920467,501.43903637105626,False,69054.5779969775,709.9256098730815,False,69921.02823453299,976.2831971910384,False,0.3322045182204156,15.157507481413628,65508.12258836055,269.5208859430824,0.0,0.0008793798287179,False,133117.921875,747.6663208007812,False,137095.99040663242,1003.8284187363372,False,139974.57341384888,1954.4166827688648,False,False,0.6650386428540833,30.34374203725218,False,False
[MBR2003] CDFS-H 4705,53.31686051836,-28.03158908471,2025072800400,-1,r,20250728,r_57,0.1326924137492078,53.31686697047424,-28.03162550106321,745587684626402188,745587684626401023,1642.825187028245,3289.6716760277973,0.017528435,0.0153774535,53.31686697047424,-28.03162550106321,9.138734e-07,9.1933845e-07,66231.18293014816,452.4782496292926,63769.20248321524,301.7885470073086,False,66203.61080122022,372.8355610134394,False,67439.94276556435,499.79661960394594,False,68406.68308221018,709.0281995462517,False,68638.6048481168,975.0318525330948,False,0.2415645460494382,15.550097040696842,65974.29602191689,268.1485333915379,0.0,0.0008184144457721,False,132607.671875,746.7999877929688,False,135084.07915055752,1001.1065157106608,False,137485.0326062441,1953.015891483655,False,False,0.4838604975087978,31.14727642558023,False,False
[MBR2003] CDFS-H 4705,53.31686051836,-28.03158908471,2025072800401,-1,r,20250728,r_57,0.1318188540893545,53.31686612647894,-28.03162536490115,745587684760619974,745587684760618842,1639.837808103615,3296.261539011229,0.017198076,0.01452734,53.31686612647894,-28.03162536490115,8.815413e-07,8.8817006e-07,66516.39994762877,450.34743929041775,64272.567463332605,301.04944375887953,False,66747.53523777638,371.5402958629889,False,68634.71060284067,498.5220501975757,False,69063.01203000941,705.831169921804,False,69123.82290789888,970.336509925237,False,0.0957221325561045,15.183480144419024,65100.90817349581,262.507691178437,0.0,5.646610328202684e-07,False,134187.890625,746.9370727539062,False,137981.8296906948,1002.2186153804652,False,138965.1311453581,1950.744832741028,False,False,0.1924378332184572,30.52456043010637,False,False
[MBR2003] CDFS-H 4705,53.31686051836,-28.03158908471,2025081000328,-1,i,20250810,i_39,0.1264058820010334,53.31685235024467,-28.031623449258365,745644849563698264,745644849563697573,3636.195851839048,1968.5015172359572,0.042478878,0.040789653,53.31685235024467,-28.031623449258365,2.3284433e-06,2.3009918e-06,97092.05882526064,1536.9120165837708,90678.7883900467,918.728242495038,False,95921.879010249,1210.459231083553,False,97116.15599823548,1712.283509214715,False,98109.09003975542,2500.8357227180013,False,93354.02239574808,3494.203836540736,False,-0.6968544623105408,55.20928044711633,96105.40076243518,762.241793536067,0.0,0.0040266617177596,False,149898.5,1891.60205078125,False,151764.8138267398,2675.81006809299,False,145885.6735343337,5460.442593453964,False,False,-1.088984491301464,86.2763366449256,False,False
[MBR2003] CDFS-H 4705,53.31686051836,-28.03158908471,2025081000329,-1,i,20250810,i_39,0.1220615041376303,53.316868101441294,-28.031622323423985,745644849697915278,0,3637.384058785258,1968.123501217112,0.041582737,0.032445822,53.316868101441294,-28.031622323423985,2.1419596e-06,2.001411e-06,94909.58691898844,1529.6455943072654,88992.95602913809,912.281342096382,False,97553.579133323,1202.8736464558244,False,105455.80781609414,1700.9524195306358,False,109957.84527072684,2484.5091558060208,False,111994.74771496764,3468.5786890173645,False,-1.271448586759934,55.10682471257527,97391.65201332456,796.4865544133642,0.0,0.0023826985301034,False,152873.265625,1884.9869384765625,False,165256.609375,2665.511130975721,False,175503.58447265625,5435.504837220662,False,False,-1.99244865497598,86.35623958524945,False,False
[MBR2003] CDFS-H 4705,53.31686051836,-28.03158908471,2025081000330,-1,i,20250810,i_39,0.126292369824794,53.31685928654495,-28.03162414906974,745644849832133682,745644849832133014,3637.5964482911136,1969.503108720084,0.044543028,0.05553945,53.31685928654495,-28.03162414906974,2.7140736e-06,2.880869e-06,96721.98136237044,1518.7099748748878,88697.96813337223,908.558490118224,False,96431.53240498091,1198.0829927849504,False,99899.08124017016,1693.187335216924,False,101198.75918903472,2478.893920893627,False,102291.79665338478,3457.183930126975,False,-0.2731004795435401,55.50780698997461,96145.09734910452,798.9144984497553,0.0,0.0029665582631204,False,151534.5625,1882.693115234375,False,156983.5425440073,2660.7106168872265,False,160743.5064716339,5432.692411582602,False,False,-0.4291559063105064,87.22614934952311,False,False
[MBR2003] CDFS-H 4705,53.31686051836,-28.03158908471,2025081000331,-1,i,20250810,i_39,0.1124563673998539,53.316858533008464,-28.031620273394903,745644849966351486,745644849966350763,3637.4940594908735,1969.532272709141,0.043862462,0.047614004,53.316858533008464,-28.031620273394903,2.515989e-06,2.5726856e-06,98019.8130534976,1507.8596711398316,91189.61741905604,905.236050335106,False,97162.33754778636,1192.7158259957278,False,98399.17115430972,1684.944798290588,False,98388.79722142172,2468.600419710104,False,94609.43866378808,3440.651440424729,False,-1.275845712932029,53.77983304175008,94415.62360330304,736.3293968536707,0.0,0.0363988532864032,False,152893.375,1876.8419189453125,False,154839.64007747173,2651.4069484242405,False,148876.16693091393,5414.163802578598,False,False,-2.007654014432501,84.6272371395517,False,False
[MBR2003] CDFS-H 4705,53.31686051836,-28.03158908471,2025081000332,-1,i,20250810,i_39,0.1235318343943347,53.31686761039601,-28.0316228232578,745644850100569282,745644850100568533,3638.0030676645392,1948.320510658539,0.0292233,0.03256012,53.31686761039601,-28.0316228232578,1.6943515e-06,1.7446492e-06,98952.36568557644,1501.171050257132,91856.86030974724,902.9236111166992,False,97694.7343857726,1188.4729939229237,False,101169.1579618953,1677.2757859821677,False,98665.76532822147,2452.3952250918355,False,96859.98006084988,3419.440413802612,False,-0.2579837638294028,53.06808695586474,97655.57971699108,702.7577524861617,0.0,0.0002770528288463,False,154122.65625,1874.92822265625,False,159603.8870845621,2646.0607219484364,False,152805.75258387974,5394.4897110095135,False,False,-0.4069937156874106,83.7199115711498,False,False
[MBR2003] CDFS-H 4705,53.31686051836,-28.03158908471,2025081000333,-1,i,20250810,i_39,0.1372644141553788,53.3168631049348,-28.03162714529609,745644850234787080,745644850234786276,3630.971882721401,1933.23199161187,0.02904095,0.03333074,53.3168631049348,-28.03162714529609,1.7048494e-06,1.7697532e-06,96568.49585334177,1499.832219782076,91076.3392712732,902.5770255318324,False,94929.50994549904,1188.385914841699,False,95859.65531964588,1675.9503441418567,False,96537.04927213729,2452.103277184207,False,93321.69203871964,3422.175025717467,False,-1.440565728700475,54.02878902738944,95107.24254398794,650.626346600902,0.0,0.0005164807736716,False,149711.609375,1874.181884765625,False,151178.5247840881,2643.1109082740927,False,147175.94889867306,5397.050200272165,False,False,-2.2718900980110184,85.20782381070674,False,False
[MBR2003] CDFS-H 4705,53.31686051836,-28.03158908471,2025081300305,-1,r,20250813,r_57,0.1326312377333543,53.31686613173492,-28.03162559201181,745658040619370394,745658040619368712,3387.006001429661,526.5332514625801,0.011262024,0.013236051,53.31686613173492,-28.03162559201181,7.1089823e-07,6.5428947e-07,65228.59309201693,819.6125455053027,64916.390864108245,509.0325484236992,False,65436.2438213022,662.097887701243,False,65338.76026641204,926.7493409837128,False,65944.87343160692,1348.7634496622486,False,65021.08992029539,1880.5252991311709,False,0.502215042029787,29.22159806076059,66504.94484033957,296.42340972933323,0.0,0.0005224671865386,False,133924.59375,1355.07763671875,False,133725.07976931334,1896.7245329402533,False,133074.92215687037,3848.76288759032,False,False,1.027854619263504,59.80616276967822,False,False
[MBR2003] CDFS-H 4705,53.31686051836,-28.03158908471,2025081300306,-1,r,20250813,r_57,0.1332364586707408,53.316867853361394,-28.03162552411321,745658040752539818,745658040752538944,128.99914711996843,3123.3636468677178,0.011739748,0.012552233,53.316867853361394,-28.03162552411321,6.878398e-07,6.6325623e-07,64819.48321806032,818.3436137627303,64307.68691329153,508.27028969712,False,65582.99974433925,661.1255193189502,False,67483.52371599595,926.6427579721988,False,68891.13094977982,1346.4751767607615,False,69072.65200079691,1877.2720220408987,False,2.426533331485002,29.281988475243683,65713.07632816207,294.73954781700144,0.0,0.0009918068646821,False,134228.96875,1353.1280517578125,False,138118.77820968628,1896.563168612916,False,141371.25296247003,3842.2196081923953,False,False,4.966394766821371,59.93155438609839,False,False
[MBR2003] CDFS-H 4705,53.31686051836,-28.03158908471,2025081300307,-1,r,20250813,r_57,0.1312875252757088,53.31686942799142,-28.03162469539653,745658040888329627,745658040888328309,723.6343971757444,318.1049776189424,0.014380567,0.016394049,53.31686942799142,-28.03162469539653,8.888112e-07,8.245037e-07,66214.28561924369,826.3337322393476,64843.97901512401,510.7984476303978,False,66584.15611285527,664.5442631040036,False,68022.37080564821,931.6680546726571,False,67076.84322718282,1354.8139518014673,False,66415.99286833734,1887.9319458433756,False,0.2665030488521015,30.60739974886754,64869.63510272974,314.65948189118984,0.0,0.001176217451337,False,135577.875,1353.13720703125,False,138506.35083007812,1897.051527450621,False,135235.46298074722,3844.18480769244,False,False,0.5426503714058967,62.32242712806303,False,False
[MBR2003] CDFS-H 4705,53.31686051836,-28.03158908471,2025081300308,-1,r,20250813,r_57,0.1344790351331102,53.316868678123,-28.03162573905608,745658041020974673,0,2985.0940295108044,3630.055058359162,0.013021567,0.013849269,53.316868678123,-28.03162573905608,7.6102833e-07,7.3320984e-07,65211.36304779061,826.5869078948726,65089.74805244426,514.041484461638,False,66232.56723564214,668.6781965552988,False,69183.74311283372,934.3541645609796,False,69652.77340016542,1363.402777817135,False,72138.6830391281,1900.3571638669448,False,1.9806330326109884,29.08052872897528,65071.2905026356,305.3326483461378,0.0,1.5983306560052313e-05,False,133704.0625,1349.864501953125,False,139661.61813163757,1886.1860989191548,False,145626.77227073908,3836.2618816511176,False,False,3.998315237270096,58.70502976094188,False,False
[MBR2003] CDFS-H 4705,53.31686051836,-28.03158908471,2025081300309,-1,r,20250813,r_57,0.1291080872374644,53.31686835707689,-28.031624274280148,745658041156764889,0,2468.228491320875,2950.113170041945,0.012471454,0.014092085,53.31686835707689,-28.031624274280148,7.6764104e-07,7.106223e-07,67313.85049297848,824.4065850194387,65516.04155498629,510.4844560069881,False,67417.77598493753,663.920210952514,False,68733.2778706034,929.783600306328,False,69750.06027419955,1353.879159415368,False,68598.10199154727,1885.4149747856948,False,1.673042446458642,30.52722090132742,66505.67022555058,308.86817763713407,0.0,9.139939534619224e-05,False,137099.40625,1350.134521484375,False,139774.58389878273,1890.7888562130088,False,139499.69300410151,3834.141215748931,False,False,3.402264798704925,62.0795301964522,False,False
[MBR2003] CDFS-H 4705,53.31686051836,-28.03158908471,2025081300310,-1,r,20250813,r_57,0.1362747002471366,53.31686727210016,-28.03162646642694,745658041289409776,0,871.8491354390642,3098.259748568401,0.012269602,0.012672337,53.31686727210016,-28.03162646642694,7.0070024e-07,6.8597103e-07,66391.40236598406,827.8353845188273,64855.210864997614,512.7762054697048,False,66568.40566350601,667.197762923516,False,67700.29075687437,935.852437951593,False,67817.88705580875,1361.4579369355451,False,68210.48680024897,1896.7475043967136,False,0.9399760589633044,29.260007752136847,65828.74188001678,304.44131375644133,0.0,0.0001180682527078,False,134917.5625,1352.2435302734375,False,137211.61140060425,1896.7395798293996,False,138245.6515865326,3844.234324383919,False,False,1.9050971315842984,59.30274107216002,False,False
[MBR2003] CDFS-H 4705,53.31686051836,-28.03158908471,2025081300332,-1,z,20250813,z_20,0.1285415723575999,53.31686477407247,-28.031624592551854,745658044240102260,0,3758.6100453599056,2036.335852562927,0.011369073,0.0130960895,53.31686477407247,-28.031624592551854,6.9034115e-07,6.7316864e-07,117823.2016178943,1475.444245243042,115877.53900701187,913.3499730879332,False,117781.14031597407,1189.9210995609324,False,119251.78937230133,1670.004788077761,False,115957.2584436581,2435.566181477691,False,110339.41832679296,3392.4492542169296,False,-1.2644943451025004,52.83102125567503,117967.76200863362,528.7020270640113,0.0,5.507899770273994e-06,False,142778.25,1442.4622802734375,False,144561.02012825012,2024.435834919702,False,133757.1449253559,4112.440807004191,False,False,-1.532862470547375,64.04353651494615,False,False
[MBR2003] CDFS-H 4705,53.31686051836,-28.03158908471,2025081300334,-1,z,20250813,z_20,0.1234467531422754,53.31686362216728,-28.03162326585421,745658044510635179,0,331.3932861516261,2596.9156342344795,0.01168889,0.011382335,53.31686362216728,-28.03162326585421,6.410705e-07,6.418214e-07,118472.19123594332,1500.7329216682317,115711.81445932612,927.5460324552706,False,117557.94074952092,1209.1330658832192,False,118006.59282985092,1698.1034420006167,False,119711.2114408198,2472.8943691272434,False,122672.9927887458,3447.584322103224,False,2.645533303765773,53.21695728354675,116912.30330591244,523.5674916956465,0.0,7.634338491480097e-05,False,142649.046875,1467.2056884765625,False,143193.4574969411,2060.5399852372966,False,148855.83557391167,4183.4232076000535,False,False,3.2101855634094654,64.57537607144985,False,False
[MBR2003] CDFS-H 4705,53.31686051836,-28.03158908471,2025081300335,-1,z,20250813,z_20,0.1298681371661149,53.31686423466645,-28.03162500973825,745658044646424604,0,1754.4896500256225,65.06029018295062,0.009184514,0.010243435,53.31686423466645,-28.03162500973825,5.4348027e-07,5.3819593e-07,118112.53001503705,1486.9260931508,114877.26101177176,919.8221438425904,False,117744.96825014276,1199.395665120977,False,119747.58379243448,1684.1421222547951,False,119325.4604062225,2448.330357957982,False,120831.88980710394,3417.630048009274,False,2.6961485074474525,53.09372895418351,117242.15934529876,498.58574092183096,0.0,2.7361594316932525e-06,False,142731.078125,1453.913818359375,False,145158.65935984254,2041.5260575252737,False,146473.06089046595,4142.869361079196,False,False,3.268285591920552,64.36050124203888,False,False
[MBR2003] CDFS-H 4705,53.31686051836,-28.03158908471,2025081300336,-1,z,20250813,z_20,0.1334743518434786,53.31686454576291,-28.0316259900978,745658044779071276,0,2571.887976215693,3741.8712435822913,0.010328113,0.0104570715,53.31686454576291,-28.0316259900978,5.782474e-07,5.773405e-07,117529.74269796132,1478.7966691791191,113604.47716100069,917.98831835826,False,116004.59578105313,1196.657652215795,False,114590.12904751718,1674.8247410424872,False,110614.72513305138,2443.819705821015,False,115284.86332518808,3408.886042573885,False,-2.0187750038738272,55.39899955847851,117208.92992392756,510.21432780997714,0.0,3.3533430183529944e-05,False,140222.6875,1446.48193359375,False,138512.92483568192,2024.475191687419,False,139352.69766414163,4120.553664728352,False,False,-2.4402313942396905,66.96455903835785,False,False
[MBR2003] CDFS-H 4705,53.31686051836,-28.03158908471,2025081300337,-1,z,20250813,z_20,0.1290591149644829,53.31686730442565,-28.03162443050168,745658044914860824,0,3549.966719884479,1507.970425677796,0.011632063,0.011731778,53.31686730442565,-28.03162443050168,6.4987245e-07,6.4896017e-07,114629.66440717752,1466.0974680443433,113655.04166221176,913.3185571149398,False,115076.73951444622,1190.158286177855,False,114960.94988501495,1660.882460126045,False,116408.96849433484,2426.7337599342795,False,118741.53947622902,3390.989689342943,False,1.2372488929878178,52.90577022408048,116053.40866529584,517.458464497621,0.0,0.0006222039459103,False,139040.140625,1437.9949951171875,False,138900.23914337158,2006.7420383294009,False,143468.09282627702,4097.124103911372,False,False,1.494891676589049,63.92278546357881,False,False
[MBR2003] CDFS-H 4705,53.31686051836,-28.03158908471,2025082600426,-1,g,20250826,g_6,0.1192835811803377,53.31687225009623,-28.031620559270674,745715231468553892,745715231468552268,992.870128212376,207.06515157296369,0.037442245,0.035492152,53.31687225009623,-28.031620559270674,1.995787e-06,2.0600448e-06,27257.809538396206,293.8868835997509,25293.90792324982,191.46739265658385,False,27416.85920421888,239.3425790240336,False,28880.62354752405,322.6013860776364,False,29246.10144303952,458.7852138137795,False,30397.168144628537,631.6021478942481,False,0.2609642216899834,9.850060328845194,27310.143629321145,187.9911126556073,0.0,0.0255238953726296,False,58149.8671875,507.6343383789063,False,61254.442424327135,684.2223471035412,False,64470.96209380031,1339.5984106647293,False,False,0.5534928242118531,20.89151407332142,False,False
[MBR2003] CDFS-H 4705,53.31686051836,-28.03158908471,2025082600427,-1,g,20250826,g_6,0.1180717000213725,53.31686515684035,-28.03162162584085,745715231602772037,745715231602771001,788.5241086966217,2562.42174603847,0.034741934,0.033003926,53.31686515684035,-28.03162162584085,1.8535762e-06,1.9134075e-06,27557.386642669564,294.9258150722238,25004.29183929644,191.6670255475171,False,27546.038846132476,240.1080250733811,False,29101.09940343666,324.2359301100698,False,29175.262429669725,461.1922531461193,False,29461.71944848626,633.2789844990509,False,0.3448173741364821,10.160668299389169,26914.060385565568,185.42371497659735,0.0,0.0005129071166734,False,58444.9765625,509.4419555664063,False,61744.37936711311,687.9377990372664,False,62509.51406392455,1343.640572545239,False,False,0.7316058567375106,21.558091307945464,False,False
[MBR2003] CDFS-H 4705,53.31686051836,-28.03158908471,2025082600428,-1,g,20250826,g_6,0.1210085307867903,53.316874178168455,-28.031620461234056,745715231736989548,745715231736988316,559.5570608372462,1699.0768425648232,0.03645719,0.04355131,53.316874178168455,-28.031620461234056,2.3569385e-06,2.100895e-06,27369.503348880007,299.214152044285,25082.354946772444,193.16787094091663,False,27275.87476065267,241.77652901744543,False,28534.00224911904,326.7137394224046,False,28463.420205274782,463.5352610028757,False,28058.215668504687,638.1158768833928,False,0.0235362084597155,9.98475523105906,26912.660507109635,188.1211683670524,0.0,0.0101825109398744,False,57223.22265625,507.2333068847656,False,59862.7020509243,685.4267083963156,False,58864.529061853886,1338.7305530549684,False,False,0.0493776169964344,20.94744446397281,False,False
[MBR2003] CDFS-H 4705,53.31686051836,-28.03158908471,2025082600429,-1,g,20250826,g_6,0.1557635090413034,53.31687692926601,-28.031629855444443,745715231871205782,0,110.04892383413772,1113.645925249498,0.027145114,0.03098094,53.31687692926601,-28.031629855444443,1.6893802e-06,1.5454721e-06,26210.955452458373,310.6932335236428,23607.956432159943,195.9650667568806,False,26706.70580192213,247.2123257702573,False,28994.25015077833,335.04670503970584,False,31152.252511695235,476.5621338525108,False,31889.13749371038,656.1837894718822,False,0.1333892981133413,10.291601863181477,26747.08937569847,200.66759227406317,0.0,0.001896443940618,False,54628.46875,505.6719055175781,False,59307.63232421875,685.3368061116222,False,65229.11376491189,1342.2215342950076,False,False,0.2728473199807613,21.051433858599943,False,False
[MBR2003] CDFS-H 4705,53.31686051836,-28.03158908471,2025082600430,-1,g,20250826,g_6,0.1059063314293876,53.31686390005878,-28.03161835130542,745715231999658433,745715231999657310,4044.730174654505,2970.7852601843488,0.03408046,0.040323056,53.31686390005878,-28.03161835130542,2.1931946e-06,1.9511951e-06,27091.791027373525,291.66347986888235,24982.955552317984,190.4119117714013,False,26815.592685651565,237.7249369810164,False,27281.520750536965,320.7892366928494,False,27338.28289181125,455.92870284254633,False,27606.95040111164,627.8929324803939,False,0.1432264640552946,9.62958071036221,25081.54945462884,173.1122756985938,1.0,0.0200525357265606,False,57367.7109375,508.5748291015625,False,58364.490194156766,686.2777346817198,False,59060.69535894692,1343.2774234189635,False,False,0.3064103219661777,20.60096187756375,False,False
[MBR2003] CDFS-H 4705,53.31686051836,-28.03158908471,2025082600441,-1,i,20250826,i_39,0.1396507132976391,53.31686858275217,-28.031627217870447,745715233475004750,745715233475003833,2399.6802805619977,3514.8902345450347,0.020540256,0.018168798,53.31686858275217,-28.031627217870447,1.1357439e-06,1.0169796e-06,98986.04832980174,641.317975560763,94364.24361390762,422.1291656880764,False,98290.46127272071,525.3389401367957,False,100117.64252043916,709.3975262500877,False,100633.29774102976,1008.8378966961432,False,100023.59512305509,1390.4376978473874,False,0.0556748282273146,21.52579419293073,96481.388084706,382.6162696986062,0.0,0.0135420244181417,False,163486.296875,873.7950439453125,False,166525.44321779814,1179.939264473676,False,166369.01439927425,2312.711806547993,False,False,0.0926038130066396,35.80380368885629,False,False
[MBR2003] CDFS-H 4705,53.31686051836,-28.03158908471,2025082600442,-1,i,20250826,i_39,0.1373219828371285,53.31686769365938,-28.03162670022216,745715233609222306,745715233609220547,257.1655449559928,1002.2274996154364,0.017070195,0.016215172,53.31686769365938,-28.03162670022216,9.4699146e-07,9.034149e-07,98373.16689779292,632.2756126163246,95037.20906105753,417.9667180176727,False,99190.31018291392,519.2642635755772,False,101901.048575972,700.3435773127461,False,104472.39946420594,996.464027398958,False,104165.57402914963,1371.7186404811234,False,0.65729286460294,21.65265727122261,97594.01114579114,367.2992612359423,0.0,0.0001020493851063,False,166193.984375,870.030517578125,False,170735.84348714352,1173.4300389867665,False,174530.07003092766,2298.323151552009,False,False,1.1012983008942832,36.27916252681171,False,False
[MBR2003] CDFS-H 4705,53.31686051836,-28.03158908471,2025082600443,-1,i,20250826,i_39,0.1342354180988531,53.31686548584307,-28.03162611362265,745715233743440283,745715233743439355,1394.1460730084425,3488.1431388791307,0.01871321,0.019163247,53.31686548584307,-28.03162611362265,1.0412365e-06,1.064322e-06,98444.6767202375,632.7332234514283,93696.4195106958,417.8163343087663,False,98209.170048429,519.7961386823469,False,100392.84745314073,700.0180630348789,False,100821.56472849172,995.7885095565406,False,102342.83360212056,1372.5604655494478,False,0.4035797366505897,21.392808950949608,97904.9499031342,382.59412230636144,0.0,7.40625614028545e-05,False,163174.25,863.6397705078125,False,166802.42364794016,1163.077972920883,False,170042.31995511055,2280.505215910484,False,False,0.6705465570138064,35.54408976517289,False,False
[MBR2003] CDFS-H 4705,53.31686051836,-28.03158908471,2025082600444,-1,i,20250826,i_39,0.1321428020076181,53.31686656567286,-28.03162540084749,745715233879230359,745715233879228518,1520.0862836887543,283.6531150952393,0.019566445,0.019079674,53.31686656567286,-28.03162540084749,1.0871564e-06,1.0614298e-06,97707.32383057142,628.5087784783018,93187.6939296424,414.52814829854094,False,98095.61903909378,515.779487176605,False,101076.53125271194,696.0083460235369,False,102086.66561785518,988.375634973896,False,103046.6203929086,1360.3784329104042,False,0.4269065279323429,21.291849190087355,96778.56109079233,384.68686227457897,0.0,0.0120792530414295,False,163894.0,861.7424926757812,False,168874.38170434535,1162.8612264297033,False,172165.92308719456,2272.8625912902694,False,False,0.7132573215227835,35.573518627467685,False,False
[MBR2003] CDFS-H 4705,53.31686051836,-28.03158908471,2025082600445,-1,i,20250826,i_39,0.137360596920091,53.31686727787333,-28.031626771039356,745715234011875674,745715234011873941,2077.453608785894,1327.7999884638798,0.015573411,0.018105274,53.31686727787333,-28.031626771039356,8.6929265e-07,1.0031953e-06,98430.98058656888,627.1717012458748,94643.7765925356,415.0933425179912,False,98495.32301720172,515.2886770848945,False,100633.93546393044,695.3162497817782,False,102261.31330856492,987.0565709916268,False,103392.2109127926,1359.9554969804378,False,0.6156577029757637,21.0763576987405,98175.41420616453,368.8790610761756,0.0,9.138966250432643e-10,False,164851.890625,862.4400634765625,False,168431.29210679233,1163.7527026414475,False,173047.82524441183,2276.1612224362448,False,False,1.030427975708798,35.275557333005,False,False
[MBR2003] CDFS-H 4705,53.31686051836,-28.03158908471,2025082600446,-1,i,20250826,i_39,0.1359247969660497,53.316868319321046,-28.031626208396517,745715234147666249,745715234147664115,2272.658984581165,481.0513880348346,0.015706541,0.014741704,53.316868319321046,-28.031626208396517,8.721117e-07,8.204639e-07,98239.60542163436,623.8485726208387,95280.67412064513,413.9873632499654,False,98829.17553727551,513.4598646722711,False,101381.02544623696,691.4318775948692,False,103927.02607090677,982.9142940802878,False,106172.38177573406,1353.0813128334023,False,1.4490065254431534,21.368170569252463,96970.21049397248,361.4200893122412,0.0,0.0055649037800097,False,166481.296875,864.9415893554688,False,170779.9797281623,1164.7418392081368,False,178851.1916065216,2279.3140842591547,False,False,2.440903551250692,35.995451028260455,False,False
[MBR2003] CDFS-H 4705,53.31686051836,-28.03158908471,2025090600252,-1,z,20250906,z_20,0.0878580539335325,53.31686547487527,-28.03161309436668,745763586597454563,0,3459.2896283019027,3790.930865613387,0.027165744,0.025667446,53.31686547487527,-28.03161309436668,1.465816e-06,1.4713465e-06,121174.85404471256,2138.3932367244875,106488.1482339281,1261.6300913867487,False,120024.18826241553,1667.2620962300352,False,125383.50386956654,2357.7209000389803,False,129638.13888076272,3445.786751032728,False,131423.05374281676,4813.084827069899,False,0.3928039665561382,77.06597722437479,122481.0545488057,1278.6029708442757,0.0,0.0001241666918703,False,134095.984375,1862.734130859375,False,140083.63330078125,2634.1432468678563,False,146831.26806640625,5377.377319605008,False,False,0.4388568281468989,86.10129530832195,False,False
[MBR2003] CDFS-H 4705,53.31686051836,-28.03158908471,2025090600253,-1,z,20250906,z_20,0.1244649368695867,53.316882209442106,-28.03161787266067,745763586736914804,0,2310.897134061472,2380.862417038077,0.054791503,0.05783561,53.316882209442106,-28.03161787266067,3.1301079e-06,3.1307236e-06,116934.21971582789,2310.9155061936804,99080.23651875748,1327.4390153170225,False,116207.3338894263,1758.0484150976272,False,122272.280413043,2486.070079189596,False,128385.5964329074,3638.314250160232,False,129266.0241833698,5081.572225090076,False,-0.866547234985622,80.85044185107792,116780.09485216196,1420.321301365302,0.0,0.0161059369167025,False,122394.5390625,1851.65185546875,False,128782.400390625,2618.4354397891407,False,136148.5107421875,5352.129417188998,False,False,-0.9126846460729234,85.15514668616407,False,False
[MBR2003] CDFS-H 4705,53.31686051836,-28.03158908471,2025090600254,-1,z,20250906,z_20,0.1466975689007107,53.31687268322178,-28.03162839383714,745763586867462742,0,898.6526856975032,3292.080602130818,0.054444592,0.05620579,53.31687268322178,-28.03162839383714,3.072316e-06,3.0779165e-06,113282.89053853787,2108.7531920758165,103884.40553784532,1250.411020096561,False,114726.85537105885,1652.327476663365,False,120753.45374796297,2340.2545002778693,False,126406.95828174456,3420.191339410118,False,126536.85499777796,4774.231076514113,False,0.5410913849159047,75.50989107030105,115690.50351943244,1166.8130633206283,0.0,0.0033774812048882,False,127292.640625,1833.3033447265625,False,133979.3193359375,2596.5775328838813,False,140396.1640625,5297.142318752365,False,False,0.6003559583553164,83.7803267295813,False,False
[MBR2003] CDFS-H 4705,53.31686051836,-28.03158908471,2025090600255,-1,z,20250906,z_20,0.1252798129553048,53.31686345679106,-28.03162378786554,745763587021602984,0,1839.7621785716265,1126.8934469590567,0.109058954,0.13659745,53.31686345679106,-28.03162378786554,6.771675e-06,6.9664393e-06,112558.76465267764,2475.0000818018634,95072.6514884097,1391.77060702883,False,115762.6819547846,1845.890780151952,False,129795.17661310536,2615.071081557241,False,141397.9999007912,3828.1697622162847,False,140219.923641184,5343.883907065268,False,1.0400440375578317,84.6631870600002,113566.35923016004,1517.3391268411597,0.0,0.1402681546415789,False,115397.78125,1840.072265625,False,129386.04345703124,2606.8279995500816,False,139777.93017578125,5327.039212634841,False,False,1.0367656684331417,84.39631645795617,False,False
[MBR2003] CDFS-H 4705,53.31686051836,-28.03158908471,2025090600256,-1,z,20250906,z_20,0.0960513191617368,53.31686758640679,-28.031615025949904,745763587135374322,745763587135373710,3238.9259074668657,2043.070775775078,0.062576465,0.06699303,53.31686758640679,-28.031615025949904,3.5791504e-06,3.627027e-06,117832.32406653714,2190.180163794404,106867.6513115898,1288.963633151943,False,117540.60837284612,1702.6976770142253,False,124242.78064680412,2401.2826459252237,False,127445.1105964142,3519.466386813437,False,137213.86449677302,4920.31174739136,False,2.565820540579802,78.69240207990626,117559.7526824952,1180.4945822072602,0.0,0.0055220799706198,False,127567.15625,1847.942626953125,False,134841.04286265373,2606.118878689781,False,148918.59702140093,5340.028320145965,False,False,2.78469232328066,85.40508757596585,False,False
[MBR2003] CDFS-H 4705,53.31686051836,-28.03158908471,2025090600257,-1,z,20250906,z_20,0.1332292775456068,53.31686547147656,-28.03162583368255,745763587291611510,0,2162.360037079203,2043.6020673373896,0.061963677,0.059360594,53.31686547147656,-28.03162583368255,3.392976e-06,3.3525585e-06,112546.77818254592,2194.08913019532,102928.32149806632,1286.6967811616337,False,114681.25810955728,1701.4291274885932,False,123502.403585128,2414.3547392671157,False,131431.5727808168,3530.7022158375416,False,135541.4705735751,4928.033421621379,False,0.3275097800304969,78.65676488018157,114548.74341154494,1185.2257046206628,0.0,0.0010754035449026,False,125107.9453125,1856.12109375,False,134731.09912109375,2633.8650766862565,False,147864.744140625,5376.0845143623255,False,False,0.3572865900217189,85.80814686988366,False,False
[MBR2003] CDFS-H 4705,53.31686051836,-28.03158908471,2025090600258,-1,z,20250906,z_20,0.1135728365327216,53.31686390490872,-28.03162049077985,745763587425828885,0,1030.080004181187,134.00299569644517,0.03313431,0.033803374,53.31686390490872,-28.03162049077985,1.8548274e-06,1.8666433e-06,114356.39080437394,2128.8184686162986,106892.0640704624,1263.5340295058747,False,115393.09348889175,1668.23390753598,False,120549.31219638191,2347.9570833882253,False,126805.65360424622,3445.3787561305467,False,126725.16956065848,4817.718601657451,False,-0.462842002650384,76.75399573494141,116836.37488003368,1100.5847212699653,0.0,0.0006229302546322,False,127615.3515625,1844.9306640625,False,133317.708984375,2596.6490679019253,False,140147.70361328125,5328.003908127276,False,False,-0.511865512053425,84.88366030748698,False,False
[MBR2003] CDFS-H 4705,53.31686051836,-28.03158908471,2025090600259,-1,z,20250906,z_20,0.1364797711193566,53.31686523699281,-28.031626766265312,745763587538551376,0,1151.8674918964307,3520.4576912875914,0.06859455,0.07765797,53.31686523699281,-28.031626766265312,3.96928e-06,4.172877e-06,119579.65548851556,2277.1447046107974,105602.31421342364,1315.7825329707994,False,120512.08167765556,1740.6645781880134,False,129646.55132966806,2463.726005228252,False,138633.02902427982,3601.041787858134,False,146298.20274930703,5034.711713782094,False,0.5376530896396532,78.20183345017979,117860.3315812135,1257.5009348832136,0.0,0.0874934289651617,False,126747.6640625,1830.730712890625,False,136354.77294921875,2591.205061812608,False,153868.0205078125,5295.21969968846,False,False,0.5654725421646013,82.24818273181279,False,False
[MBR2003] CDFS-H 4705,53.31686051836,-28.03158908471,2025090600260,-1,z,20250906,z_20,0.1258865760204225,53.31686249312046,-28.03162400973161,745763587671720321,0,2884.053009642821,2001.6615810969745,0.052127484,0.049748745,53.31686249312046,-28.03162400973161,2.8630088e-06,2.8005363e-06,117897.00494322232,2235.398603049072,105922.63049007236,1302.6206028138508,False,118084.78334196054,1719.8182097815634,False,125937.64323707036,2432.693251331,False,131423.27460048586,3553.9224254877176,False,132867.14684211966,4959.3753880372005,False,1.0532538587180085,78.91013300221042,118344.11334208824,1188.7262283743728,0.0,0.000103928341451,False,126021.6328125,1835.41259765625,False,134402.30810546875,2596.2022115659333,False,141797.5654296875,5292.710596933354,False,False,1.1240463613108398,84.21393108367111,False,False
[MBR2003] CDFS-H 4705,53.31686051836,-28.03158908471,2025090600262,-1,z,20250906,z_20,0.1415248265282977,53.31686910208959,-28.03162766011135,745763587962175862,0,3254.0466179646646,1970.47862417146,0.050937742,0.051175572,53.31686910208959,-28.03162766011135,2.8348968e-06,2.841504e-06,113883.8049453456,2186.971897296319,105785.55011385056,1280.201700250556,False,116313.1034712246,1691.501110014496,False,125981.1983342349,2394.359139391864,False,129052.35842624732,3497.351170821641,False,125086.45478761752,4888.831216997234,False,-1.954224400519025,78.43990422494551,116994.48818555343,1152.9547988167576,0.0,0.000550147931821,False,126147.875,1834.5247802734373,False,136633.44873046875,2596.812469162916,False,135663.05078125,5302.202854646021,False,False,-2.119462451275856,85.07233439634246,False,False
[MBR2003] CDFS-H 4705,53.31686051836,-28.03158908471,2025090600263,-1,z,20250906,z_20,0.1446797837491599,53.31687019424355,-28.031628355524287,745763588097442806,745763588097441850,948.1821737383746,274.7187013679992,0.03567921,0.03498799,53.31687019424355,-28.031628355524287,1.9768245e-06,1.9514596e-06,118818.5723544969,2166.0682026870577,105389.00586234363,1271.187162634343,False,118431.84497983864,1679.846215097018,False,126709.56324986224,2378.0052499782983,False,124979.10491496012,3475.3660048068023,False,123198.71522612308,4853.185250258023,False,0.947948409306172,77.3413416804472,116854.17440264094,1125.3473504820267,0.0,0.0102629962640238,False,128911.3828125,1828.48876953125,False,137921.5616955757,2588.424972711295,False,134100.0534377098,5282.623282297895,False,False,1.0318283929408634,84.18495301071916,False,False
[MBR2003] CDFS-H 4705,53.31686051836,-28.03158908471,2025090600265,-1,z,20250906,z_20,0.4525702898382883,53.31695254564951,-28.03149313967816,745763588367975234,0,1047.0,3991.0,,,53.31695254564951,-28.03149313967816,,,,,66428.73260368571,1234.5543445707417,True,70389.09011114767,1634.1180698543176,True,,,True,,,True,,,True,3.216146072751309,74.97832524801822,81123.19972387684,1054.794558621139,,,True,77923.6640625,1809.0369873046875,True,,,True,,,True,True,3.5604080938291807,83.00413912681238,True,False
[MBR2003] CDFS-H 4705,53.31686051836,-28.03158908471,2025090600266,-1,z,20250906,z_20,0.1347270709248772,53.31686443686946,-28.03162634871767,745763588497998953,745763588497997864,657.1328552256145,208.86984597955217,0.034095418,0.028050642,53.31686443686946,-28.03162634871767,1.861806e-06,1.5992497e-06,118485.42545251532,2010.973338126934,110219.23600147585,1207.0832223990703,False,119334.62330390356,1591.3693048621667,False,126740.48097162336,2244.1846334887805,False,124851.01260485272,3285.9692413817947,False,122019.71568523046,4589.247370109993,False,1.333383980474998,73.71380900101296,117942.31370954732,961.5244880032902,0.0,0.0039482319694398,False,135222.5,1803.23974609375,False,143614.35276449844,2542.9690746927595,False,138265.07804216072,5200.246879937979,False,False,1.510906979951748,83.52785856838096,False,False
[MBR2003] CDFS-H 4705,53.31686051836,-28.03158908471,2025090600268,-1,z,20250906,z_20,0.1248052674615143,53.316871637618966,-28.031622334493555,745763588768531172,0,2070.386729833305,3686.0470111262057,0.04725427,0.043108538,53.316871637618966,-28.031622334493555,2.612246e-06,2.4123324e-06,112438.46206834858,2120.256641167713,104387.81750867525,1249.28691456826,False,115984.3399833089,1650.4576421486595,False,125211.43425651178,2335.2664167339403,False,132666.02222796643,3413.30957300764,False,128463.67132168524,4765.921212418123,False,1.0021294114944794,75.67816851095475,116322.8979091826,1102.0831613888597,0.0,0.0139245766377285,False,127183.3828125,1809.820068359375,False,137301.4130859375,2560.7515867348093,False,140867.6748046875,5226.1019211767525,False,False,1.0988915278399602,82.9853881796694,False,False
[MBR2003] CDFS-H 4705,53.31686051836,-28.03158908471,2025090600269,-1,z,20250906,z_20,0.1499844817955659,53.31687263209712,-28.031629351557665,745763588902224923,745763588902223991,1005.8149120629917,680.5945520847257,0.048745967,0.042289797,53.31687263209712,-28.031629351557665,2.692449e-06,2.3699308e-06,117165.31327403842,2090.5936639921847,109033.29575156025,1238.7224333558452,False,118708.06685753237,1634.9352938575453,False,126765.4816017417,2312.660545883016,False,132573.80173416488,3379.905957508622,False,131406.2012025775,4722.903654087376,False,-0.3245773173617461,74.12213066543546,118046.77311343822,1061.324732383542,0.0,0.0026294788273166,False,131701.875,1813.8956298828125,False,140641.25593304634,2565.804820129544,False,145789.9496061802,5239.873608877577,False,False,-0.3601056138022651,82.23555353949747,False,False
[MBR2003] CDFS-H 4705,53.31686051836,-28.03158908471,2025090600270,-1,z,20250906,z_20,0.1270001474269168,53.31686864170304,-28.031623626136227,745763589039064191,745763589039063351,2428.505706311386,1329.3066477687862,0.050235536,0.04011131,53.31686864170304,-28.031623626136227,2.7739734e-06,2.251478e-06,116997.80887904172,2035.957599235632,108561.37045994756,1214.5814053350432,False,115922.82906122632,1602.434558929744,False,119193.85321021428,2270.926173529648,False,120447.20178559332,3316.431581020486,False,117940.26709276928,4630.656858048178,False,-1.0922449336293694,72.74750430515431,117680.72582557373,986.196781315332,0.0,0.0024021728283528,False,130571.7578125,1804.930908203125,False,134256.13453483582,2557.898428993394,False,132844.13532596827,5215.823411819197,False,False,-1.2302696725116955,81.94045634082565,False,False
[MBR2003] CDFS-H 4705,53.31686051836,-28.03158908471,2025090600271,-1,r,20250906,r_57,0.1306453000276466,53.31686263831541,-28.03162532679459,745763589171184326,745763589171184094,350.61268164083606,3605.137508028012,0.09246092,0.07424571,53.31686263831541,-28.03162532679459,5.1228767e-06,4.1493167e-06,65589.71775070374,1849.3783733969035,58248.655482231305,1073.2819032055263,False,64628.08804520891,1427.475055541858,False,67755.97078962922,2029.9653648861715,False,68884.1657465228,2978.284089042704,False,72463.9859027259,4163.8397498395925,False,3.397866583899768,66.6475558538428,64364.28414990728,948.8144837867112,0.0,0.0012212319408093,False,118139.5,2609.41015625,False,123857.23844254762,3710.756429266646,False,132463.44308633357,7611.457510271213,False,False,6.211266206851456,121.83106700119632,False,False
[MBR2003] CDFS-H 4705,53.31686051836,-28.03158908471,2025090600273,-1,r,20250906,r_57,0.1354485207040335,53.31686398683055,-28.03162658452917,745763589439095581,745763589439095338,237.16700006186497,3617.6904938628304,0.0675827,0.055811476,53.31686398683055,-28.03162658452917,3.7321e-06,3.1333063e-06,68237.15807694793,1747.7086244916688,63058.396397272045,1035.0578927099468,False,67672.84028441733,1375.0145138485366,False,70230.61566607759,1954.2437063534728,False,66221.50323167835,2865.6652636458143,False,65411.038124097926,4005.8366987820336,False,-0.4538682920600355,63.50651978661516,65798.77761469226,793.9906257092058,0.0,0.031506073440784,False,128426.84375,2609.4482421875,False,133280.88885742426,3708.686528753096,False,124134.48493343592,7602.118688092916,False,False,-0.8613333204649817,120.520165245967,False,False
[MBR2003] CDFS-H 4705,53.31686051836,-28.03158908471,2025090600274,-1,r,20250906,r_57,0.1229326328289155,53.3168629235548,-28.031623166603183,745763589576459088,745763589576458796,2779.655980805333,3436.4505997297742,0.06450714,0.052456137,53.3168629235548,-28.031623166603183,3.546659e-06,2.9604828e-06,66570.79237991806,1724.6699893673567,62817.46789286424,1023.2742380875098,False,66718.92452527104,1359.2614092141678,False,68693.21899614525,1934.7747863223176,False,68202.60881540964,2840.066525787317,False,67624.72007871904,3967.523030922196,False,-0.668346727372167,64.19985500172963,65543.12641000526,769.8894661636814,0.0,0.0166192670416159,False,127698.0625,2601.58642578125,False,131476.80414682627,3703.102130994786,False,129431.7285927832,7593.722584376951,False,False,-1.2791960117899508,122.87663739838294,False,False
[MBR2003] CDFS-H 4705,53.31686051836,-28.03158908471,2025090600275,-1,r,20250906,r_57,0.117160836270597,53.316866184594666,-28.031621242769347,745763589730075441,745763589730074836,3778.4376241379855,1215.000321617372,0.08279839,0.052638352,53.316866184594666,-28.031621242769347,4.493027e-06,3.0907383e-06,66670.98346114912,1725.2992322192513,61549.13234556427,1023.252278040588,False,65585.15241751916,1359.1943836382698,False,65042.16840994731,1929.4770037629032,False,63883.53165124988,2829.07550554996,False,56598.27393238271,3956.714516303375,False,-0.3648095076327574,63.37453292519107,66046.47284709093,801.6013067724912,0.0,0.0004070053919258,False,125330.078125,2597.355224609375,False,124292.46175023912,3687.137937601255,False,108156.58471795917,7561.091514886219,False,False,-0.6971334579096454,121.10569038683688,False,False
[MBR2003] CDFS-H 4705,53.31686051836,-28.03158908471,2025090600276,-1,r,20250906,r_57,0.1428617462342616,53.31686802484246,-28.031628211466632,745763589843320908,0,3072.3028724600404,467.0142346532797,0.06733291,0.055972856,53.31686802484246,-28.031628211466632,3.6873466e-06,3.178098e-06,66233.05500235659,1710.829438563661,63799.93298202239,1017.1296349941792,False,65923.85693861623,1350.2774785969395,False,66106.3206322011,1917.5661547219847,False,70032.34677616526,2813.363478390212,False,73813.29771795211,3931.7342329022326,False,2.5524266461321035,62.01614713956543,64906.86704818483,754.1565732182778,0.0,0.0108582113543281,False,126536.328125,2591.76513671875,False,126886.5546875,3680.6368957026734,False,141679.5693359375,7546.6945670071555,False,False,4.8992081259853615,119.03574681328482,False,False
[MBR2003] CDFS-H 4705,53.31686051836,-28.03158908471,2025090600277,-1,r,20250906,r_57,0.1115281498717384,53.31686808946032,-28.031619335354915,745763589978587214,0,3528.2592001496223,439.10530022718433,0.06804315,0.06056466,53.31686808946032,-28.031619335354915,3.7348989e-06,3.4169304e-06,67563.73694121216,1749.8170158818857,61793.11626612012,1030.8705555092558,False,67358.97640451188,1369.7913427409476,False,69476.27167837358,1947.175492901544,False,73136.71412642451,2854.1944078552838,False,74032.53924705269,3992.0536563108553,False,1.2652940407862654,63.54932060483456,65546.45715572718,814.5827778847212,0.0,1.075721297094656e-05,False,126939.265625,2581.397705078125,False,130929.3486328125,3669.48906152563,False,139515.72108131647,7523.100654388102,False,False,2.3844705622091205,119.75989718283542,False,False
[MBR2003] CDFS-H 4705,53.31686051836,-28.03158908471,2025090600278,-1,r,20250906,r_57,0.1123098394223264,53.316866613497055,-28.031619814473032,745763590113329562,0,1696.137343695118,3036.468050728901,0.09923117,0.0857735,53.316866613497055,-28.031619814473032,5.412318e-06,4.881468e-06,67780.87067379287,1886.3715810996755,61323.91506582973,1086.3077194142284,False,68280.24350841159,1443.9653671195692,False,73586.65931173708,2053.095159570507,False,75562.0442041109,3006.967659711198,False,77853.07522246958,4209.974568338795,False,0.8768254417828769,67.07988781540904,67482.44663103137,966.013388684929,0.0,0.0093702202922636,False,122222.328125,2584.712646484375,False,131720.8662109375,3675.061150506334,False,139357.7939453125,7535.897159271562,False,False,1.5695264303023857,120.07367926497074,False,False
[MBR2003] CDFS-H 4705,53.31686051836,-28.03158908471,2025090600279,-1,r,20250906,r_57,0.1261775741844786,53.31686815569631,-28.03162347960703,745763590244401242,0,1176.1630591295325,642.5345025285746,0.082407884,0.07827048,53.31686815569631,-28.03162347960703,4.5446204e-06,4.388754e-06,66889.10146374394,1830.464197644449,61184.13661938632,1065.4830221408304,False,68790.29425973729,1416.5665924191885,False,75524.80306829915,2014.5567570666635,False,80651.0500138025,2951.8572998248733,False,83112.86930857493,4133.01793333172,False,1.1325258572922914,65.10304202072128,65572.79439059984,905.5867769386967,0.0,0.0555629653163631,False,125370.703125,2581.70068359375,False,137644.3837890625,3671.541164877581,False,151473.677734375,7532.448725594549,False,False,2.064034825899584,118.65066491642332,False,False
[MBR2003] CDFS-H 4705,53.31686051836,-28.03158908471,2025090600280,-1,r,20250906,r_57,0.1430217174872482,53.31687288630084,-28.031627283564685,745763590377046538,0,825.4344448835255,3705.857420503852,0.1135979,0.100763105,53.31687288630084,-28.031627283564685,6.1877836e-06,5.742285e-06,64450.30362653866,1821.301886455494,60113.949658665566,1061.7525003067865,False,65802.50690500347,1410.929118903702,False,73364.10701832216,2004.2169138715528,False,74744.71107397029,2941.5482025607585,False,80370.66087554442,4114.878751598925,False,1.751436144685107,65.06837580118163,66350.31356583447,950.0358634569576,0.0,8.983938427631344e-07,False,120160.609375,2576.46875,False,133968.6923828125,3659.859434203041,False,146763.216796875,7514.09576249396,False,False,3.198261651802824,118.8200276107866,False,False
[MBR2003] CDFS-H 4705,53.31686051836,-28.03158908471,2025090600281,-1,r,20250906,r_57,0.1264601504339289,53.31686518875209,-28.03162396978834,745763590535381086,0,1530.550516552481,609.0318353404864,0.06491519,0.059119534,53.31686518875209,-28.03162396978834,3.5386345e-06,3.3605681e-06,66545.35311227659,1707.7277060714937,62531.803751487016,1012.2397021071496,False,67171.42609345273,1344.658400790222,False,69643.39831894233,1911.1055003922263,False,73838.13286877038,2799.340483752425,False,73599.46377089614,3916.4355440975673,False,2.4642381648962144,62.57503381972862,67125.20752257873,784.7034150408538,0.0,0.0042192920925467,False,128542.4296875,2573.2021484375,False,133272.9130859375,3657.182208217354,False,140843.427734375,7494.676975480456,False,False,4.715683132940072,119.74655523577476,False,False
[MBR2003] CDFS-H 4705,53.31686051836,-28.03158908471,2025090600282,-1,r,20250906,r_57,0.1485616075851867,53.31687492799946,-28.0316283427794,745763590651249379,745763590651248985,2576.892047615446,2311.2125928497944,0.08296386,0.06476105,53.31687492799946,-28.0316283427794,4.3772175e-06,3.8801086e-06,68454.81600034992,1744.628966584103,60619.54075841287,1025.6482199639977,False,68205.78458608745,1362.707805532982,False,70238.83942474211,1937.7139193879095,False,72231.33343735228,2841.732593028129,False,68457.14976420352,3970.767401356998,False,0.2981138449879846,63.776606467713655,65871.71999524879,842.3403034274638,0.0,0.0012333177308294,False,128473.3671875,2566.8154296875,False,132302.85763884336,3649.9049659877705,False,128946.84214306624,7479.39286185926,False,False,0.5615313965412714,120.1305055051091,False,False
[MBR2003] CDFS-H 4705,53.31686051836,-28.03158908471,2025090600283,-1,r,20250906,r_57,0.1350697444101283,53.31687099900368,-28.03162544567437,745763590803816776,0,2249.945059617221,2141.168482802989,0.07146746,0.05915224,53.31687099900368,-28.03162544567437,3.7896568e-06,3.4968596e-06,63760.35471591084,1718.8743296919545,60620.68708602838,1018.16024735477,False,64504.62170036851,1352.3469163058096,False,66922.45408534851,1919.5649238386816,False,71316.39983301709,2817.9483887715446,False,75363.54214127728,3940.700281446294,False,1.9460375124075613,62.16062666479832,65104.932998147495,796.5466289835704,0.0,0.0022156947893587,False,122592.7890625,2570.172119140625,False,127187.9453125,3648.185379538239,False,143230.462890625,7489.408132737255,False,False,3.698497254576248,118.13796270456848,False,False
[MBR2003] CDFS-H 4705,53.31686051836,-28.03158908471,2025090600284,-1,r,20250906,r_57,0.1526797789005382,53.31686228447557,-28.031631467098723,745763590915490530,745763590915489950,1265.7256436891803,850.2227885574229,0.05994317,0.049798038,53.31686228447557,-28.031631467098723,3.1679094e-06,2.9558742e-06,66389.5355300288,1678.351620852024,63433.29111023806,999.620631128233,False,67259.00834048395,1327.0062126717023,False,69308.74082796536,1888.174736616782,False,72206.81501605154,2766.6613290642063,False,73524.6826921588,3866.3890395347817,False,0.6089667688082689,60.90983948207085,65920.59620531047,722.262596960521,0.0,0.0202998604217603,False,130028.109375,2565.427490234375,False,133990.74347633123,3650.303464616204,False,142141.1899869442,7474.675427474677,False,False,1.17728166938615,117.7536134653545,False,False
[MBR2003] CDFS-H 4705,53.31686051836,-28.03158908471,2025090600285,-1,r,20250906,r_57,0.1605075652264969,53.316877875434194,-28.03163095512148,745763591048659779,745763591048659421,1568.008251436726,2818.891723550329,0.05682891,0.053818397,53.316877875434194,-28.03163095512148,3.1026295e-06,3.0509234e-06,66312.96554098678,1670.8135081149508,62695.25090453654,997.8602463601092,False,64383.92624625107,1324.268323928547,False,66042.36636953526,1874.599450630172,False,65237.298440495775,2756.8531592871354,False,65015.57786829662,3856.527806866792,False,1.5081454784434911,62.27205346251343,64730.63964663292,716.8486171401379,0.0,0.0089925069119713,False,124153.9375,2553.63623046875,False,127351.96973286197,3614.8603634532874,False,125371.97499130294,7436.687077290994,False,False,2.9082134375500828,120.08153407748614,False,False
[MBR2003] CDFS-H 4705,53.31686051836,-28.03158908471,2025110300325,-1,y,20251103,y_10,0.1352957151217757,53.31687005445237,-28.031625712088783,746018683111866691,0,2234.2801099058825,1703.3836605018091,0.057214785,0.052887693,53.31687005445237,-28.031625712088783,3.0922324e-06,3.0321312e-06,134642.59929357722,4300.01878771104,124025.0709492927,2557.0311972186,False,130389.98518945968,3389.440680621479,False,126481.24350191731,4807.95432733878,False,134361.27926104152,7055.0694027530735,False,142294.08077776842,9864.098632513214,False,2.339680935059309,157.63175386037807,129808.65506135496,1747.9747822582217,0.0,0.0003433789410014,False,62095.08203125,1614.1392822265625,False,60233.63818359375,2289.6721548422943,False,67764.1201171875,4697.538793798119,False,False,1.1142165510515274,75.06831657713256,False,False
[MBR2003] CDFS-H 4705,53.31686051836,-28.03158908471,2025110300326,-1,y,20251103,y_10,0.1456473783224042,53.316864293261965,-28.03162940486836,746018683246084822,0,2664.0414389741686,3447.1293964739616,0.054863553,0.044808846,53.316864293261965,-28.03162940486836,2.8830088e-06,2.6815192e-06,125528.31836631573,4300.228245216804,124932.87612145692,2560.3361163925388,False,126226.988835319,3391.7552657260358,False,130001.88811396855,4806.761710569265,False,131146.9640533916,7055.349530650115,False,133770.9952783583,9860.40519691318,False,-0.8373637011059416,153.75713247600072,129760.87969083054,1711.627211549172,0.0,0.0040092464272032,False,60281.640625,1619.784912109375,False,62084.40185546875,2295.5430108895257,False,63884.39697265625,4708.988212280685,False,False,-0.3998959189967174,73.42908429465244,False,False
[MBR2003] CDFS-H 4705,53.31686051836,-28.03158908471,2025110400327,-1,r,20251104,r_57,0.1366479846113023,53.31686656212247,-28.03162666572796,746023081432056010,0,1070.6866361010657,814.3267404057044,0.019164834,0.021555826,53.31686656212247,-28.03162666572796,1.1458081e-06,1.1218667e-06,63170.2216710706,1323.687175509679,63489.247152517855,799.9624764412587,False,63987.41267133968,1057.9816556103303,False,65529.64154190656,1502.5955666369923,False,66737.5748166173,2199.886771814613,False,64409.37105929275,3074.796673718161,False,0.5277798689827691,48.83476574026899,66234.88103723867,428.8208757656887,0.0,0.0003548620809445,False,133274.859375,2203.59521484375,False,136487.05888843536,3129.650105867468,False,134153.72667825222,6404.276672372069,False,False,1.099275386878395,101.71448203531736,False,False
[MBR2003] CDFS-H 4705,53.31686051836,-28.03158908471,2025110400329,-1,z,20251104,z_20,0.1309208863664913,53.31686709105751,-28.031624985869808,746023081700492707,746023081700492147,3429.8891675967225,3139.607815933741,0.030978568,0.03365384,53.31686709105751,-28.031624985869808,1.7692178e-06,1.8263141e-06,119494.95076703066,1926.0777991934265,110123.6283413979,1142.9370048852024,False,118359.43185970672,1504.789420742234,False,122220.97055203252,2124.886196008797,False,121829.00827042884,3100.8347245196155,False,118569.33763542192,4328.135186709751,False,-1.8556593626975049,68.28956370452329,117181.42656336492,876.9755645727553,0.0,0.0076466220848406,False,130739.8984375,1662.1912841796875,False,135005.35636100173,2347.1505489036595,False,130971.7604815066,4780.860687172996,False,False,-2.049762429590196,75.43269245879162,False,False
[MBR2003] CDFS-H 4705,53.31686051836,-28.03158908471,2025110400330,-1,z,20251104,z_20,0.1358396873788916,53.316867830013415,-28.03162626191953,746023081851487236,0,3089.1232347768664,2650.623773786025,0.01602782,0.015049145,53.316867830013415,-28.03162626191953,8.77194e-07,8.5058383e-07,117224.2531379138,1779.7615582349406,114916.37293969224,1085.4486582290572,False,118432.67480617193,1424.6076866592125,False,121247.61238635585,2009.705436446773,False,124168.35154892008,2934.123703928392,False,126199.0468152295,4093.332981214009,False,2.089408095629977,64.96339536001912,116753.40883712392,622.3667740663332,0.0,1.1620892492736347e-07,False,139433.15625,1677.2191162109375,False,142747.23855113983,2366.0663967538308,False,148576.66131401062,4819.162769792883,False,False,2.4599019311586745,76.48270437688389,False,False
[MBR2003] CDFS-H 4705,53.31686051836,-28.03158908471,2025110500321,-1,i,20251105,i_39,0.1455534702281795,53.31686589682276,-28.031629236533707,746027478672213218,746027478672211970,1857.1598586208577,26.02176624351968,0.022214467,0.024477057,53.31686589682276,-28.031629236533707,1.2372635e-06,1.3588909e-06,98565.89221701348,1332.9070130346963,93204.03871933075,806.1957623273175,False,99876.1960418966,1058.0573083515449,False,105629.53187418677,1487.9670160922512,False,107630.8752230749,2174.7027142448737,False,,,True,-0.5866612030752976,46.86363845790645,99196.11342339493,605.848963062404,0.0,4.724361923180709e-05,False,163835.171875,1735.6187744140625,False,173272.84373569489,2440.8351688078124,True,,,False,False,-0.9623488163077066,76.87429603564588,False,False
[MBR2003] CDFS-H 4705,53.31686051836,-28.03158908471,2025110500322,-1,g,20251105,g_6,0.1484590338446682,53.31686438547845,-28.03163018181582,746027478808002693,0,1465.6837580900294,1461.3074156349132,0.15603033,0.16936792,53.31686438547845,-28.03163018181582,8.721134e-06,9.375259e-06,28720.80918849318,1408.9497523092325,26375.423968510717,811.8191615497832,False,29307.208747618275,1081.6880956566536,False,31716.37400314476,1541.5380309114578,False,33176.18321869863,2262.547797917264,False,36494.199318758256,3165.4137452201694,False,1.1589494445613278,50.18026229941606,28284.16122492212,720.1510421004309,0.0,0.0669678466894929,False,61539.22265625,2271.32666015625,False,66597.9833984375,3236.918702639904,False,76630.4521484375,6646.729920401884,False,False,2.4335598975113206,105.36842185094652,False,False
[MBR2003] CDFS-H 4705,53.31686051836,-28.03158908471,2025110500323,-1,g,20251105,g_6,0.0894635267011538,53.31688329646967,-28.03160369021862,746027478935928861,0,3185.0,408.0,,,53.31688329646967,-28.03160369021862,,,25502.395577471754,1354.295011975024,25095.40097898888,791.5461884456731,True,27157.83340567001,1054.2728891625911,True,27148.867118206545,1494.935642118347,True,31578.78260992183,2202.5226476962457,True,31346.327741267687,3085.2434007436627,True,0.0629837670544814,48.40498137795588,16534.81708394806,555.2584856667008,,,True,57794.27734375,2243.586181640625,True,57775.1962890625,3181.355589787453,True,66707.7646484375,6565.671499344502,True,True,0.1340350405323889,103.01009203453496,True,False
[MBR2003] CDFS-H 4705,53.31686051836,-28.03158908471,2025110800168,-1,z,20251108,z_20,0.1411885472025342,53.31686932471616,-28.03162752569669,746040652276434969,746040652276434072,3935.3772659920455,2657.678211221575,0.017964555,0.01664078,53.31686932471616,-28.03162752569669,9.431574e-07,9.818273e-07,117340.89630613722,1459.4894538336634,114945.32039907853,902.31411113486,False,117843.75863530362,1175.5521712640596,False,121780.55816665852,1648.878931913315,False,123631.17953753128,2404.450878336021,False,121828.82058503838,3350.4840369333438,False,0.3343609017591149,52.96613023360739,117567.37931360064,603.1733691716713,0.0,9.6484627668314e-05,False,142615.6875,1422.6649169921875,False,147380.0414056778,1995.489665318899,False,147438.44906389713,4054.789069175832,False,False,0.4046468852463318,64.10013703701985,False,False
[MBR2003] CDFS-H 4705,53.31686051836,-28.03158908471,2025110800169,-1,z,20251108,z_20,0.1273678081909638,53.31686619128549,-28.031624108506414,746040652412749421,746040652412748391,1503.803798653739,1613.4223904658866,0.020229217,0.021946697,53.31686619128549,-28.031624108506414,1.2024042e-06,1.1435878e-06,117112.39729257274,1482.1847261772596,112437.8360402199,912.6097115607053,False,116311.3456465861,1190.570349449962,False,116526.90401651672,1670.563680275746,False,116612.42345703323,2432.440745182343,False,118353.80645253218,3393.6891841845554,False,0.0102455220658355,52.73016630250287,116471.8227222145,657.90187669878,0.0,0.0020183085527387,False,138987.359375,1422.6834716796875,False,139244.9429190755,1996.25611154747,False,141428.0175280571,4055.321478976921,False,False,0.0122429849765096,63.01041857135966,False,False
[MBR2003] CDFS-H 4705,53.31686051836,-28.03158908471,2025110800174,-1,r,20251108,r_57,0.1426484221809406,53.31686890605387,-28.03162801144647,746040653059722146,746040653059721240,3726.960247864003,3721.398186014661,0.011841288,0.012399191,53.31686890605387,-28.03162801144647,6.630254e-07,6.849485e-07,65969.41937502181,533.5044199072457,64785.02609013414,346.25586316315315,False,66097.10045054769,437.0017564538095,False,67060.43955381565,598.3742692700376,False,68015.80495021181,859.3811800042025,False,67122.89924610175,1189.750888174057,False,0.6078270882526872,18.11757489913481,65760.52562847838,260.9250636238572,0.0,0.0015051925966276,False,141624.34375,936.3510131835938,False,143688.4625597368,1282.119224967495,False,143822.2931343089,2549.2447870643964,False,False,1.3023735065604811,38.82000326702952,False,False
[MBR2003] CDFS-H 4705,53.31686051836,-28.03158908471,2025110800175,-1,r,20251108,r_57,0.1275548692125362,53.316867141541934,-28.03162403098281,746040653218056734,746040653218054839,2961.788911635524,1314.868844296724,0.012319191,0.011442692,53.316867141541934,-28.03162403098281,6.8001776e-07,6.414126e-07,65497.24601415423,538.9629885799901,65315.18426355722,349.8890039442601,False,66064.81511235614,441.45253590682233,False,67354.05607005117,604.7450067055695,False,68537.80183485374,869.6250929287478,False,70112.12566305224,1203.522347229603,False,1.3258995062035466,18.67028041685278,66339.95055219498,261.18570825601,0.0,2.8265491489931627e-05,False,140887.875,941.4286499023438,False,143637.2722182274,1289.6613540309932,False,149519.05003595352,2566.596239281349,False,False,2.8275741569074504,39.81568901859432,False,False
[MBR2003] CDFS-H 4705,53.31686051836,-28.03158908471,2025110900380,-1,g,20251109,g_6,0.1373657283567949,53.31686275577235,-28.03162719071306,746045078774482241,746045078774481414,3759.549292326679,1790.15855035283,0.03034954,0.03186777,53.31686275577235,-28.03162719071306,1.7322606e-06,1.7277073e-06,25943.233378831388,528.7947882834926,25621.248822723544,323.77888707483777,False,26326.114858385543,423.2772712910572,False,27335.426215015115,595.2651751926695,False,26984.79437870859,866.4750077611807,False,26502.89214115824,1209.0284645336656,False,-0.1418149975219368,19.05953220308797,26680.59002378349,225.50018671957685,0.0,0.0033357849471399,False,60514.15625,972.9603881835938,False,62834.1957039237,1368.2979815124108,False,60920.5028821826,2779.1163947681184,False,False,-0.3259810634725055,43.810927514136935,False,False
[MBR2003] CDFS-H 4705,53.31686051836,-28.03158908471,2025110900381,-1,g,20251109,g_6,0.1169077239496593,53.31686490711208,-28.03162132718902,746045078912369849,746045078912369046,4078.988437861995,1557.0854921175492,0.03921197,0.03744537,53.31686490711208,-28.03162132718902,2.1348262e-06,2.1284845e-06,,,25848.835993655543,331.60733244754056,False,27073.689595587875,433.5258548962977,False,,,True,,,True,,,True,-0.1119893990536526,20.17787207058084,25606.497363822076,233.6810004572943,0.0,0.0137010471254142,False,61938.8125,991.814453125,True,,,True,,,False,False,-0.256207797813501,46.16265656796068,False,False
[MBR2003] CDFS-H 4705,53.31686051836,-28.03158908471,2025110900382,-1,i,20251109,i_39,0.1316670105183271,53.316868008910845,-28.03162505627765,746045079039772657,746045079039771515,2267.5079384637725,2114.287678093372,0.019281005,0.018854743,53.316868008910845,-28.03162505627765,1.0717093e-06,1.0481627e-06,98402.96403410316,868.087871140355,94400.13769602616,544.3802070769431,False,98919.04771776634,698.9141608005377,False,101211.29085055432,969.5286541483034,False,101938.02601089398,1401.5094592025264,False,100653.80987669616,1945.3507126488475,False,-0.1266086707634622,30.40144248861743,97801.03479579104,427.5781515304027,0.0,0.0001255706104389,False,169043.65625,1194.3807373046875,False,172960.8912934065,1656.836295108561,False,172008.20700979233,3324.427445894643,False,False,-0.2163627037724117,51.95330032101562,False,False
[MBR2003] CDFS-H 4705,53.31686051836,-28.03158908471,2025110900383,-1,i,20251109,i_39,0.1409119280841493,53.31686537334606,-28.03162799161169,746045079201253352,746045079201251667,1398.2738835643738,750.2387281009832,0.01692439,0.017247265,53.31686537334606,-28.03162799161169,9.4090484e-07,9.584836e-07,99907.725635565,857.9947128482419,95954.70045258389,542.2562147403112,False,98833.4864368782,694.8548048832831,False,99221.22241234958,962.8788469173325,False,98991.73179505485,1391.006244753725,False,98503.24765543884,1930.893351355801,False,-0.1427759418248756,31.09828804896209,97778.74895794272,408.5752514772004,0.0,0.0012168251279149,False,170010.890625,1195.2718505859375,False,170677.86434912682,1656.3201019215146,False,169442.82213550806,3321.47443342038,False,False,-0.2455996029743723,53.49449704471881,False,False
[MBR2003] CDFS-H 4705,53.31686051836,-28.03158908471,2025111100196,-1,g,20251111,g_6,0.1403313951318183,53.31686754895679,-28.03162756849411,746053850195560753,746053850195559383,691.9911963973659,2036.0626919574413,0.025059532,0.022230208,53.31686754895679,-28.03162756849411,1.2700493e-06,1.3621333e-06,26853.931650857656,324.4145393605233,26114.72896641514,211.23830424025,False,26696.80662095448,266.6012733128494,False,26930.731609085124,363.0405496993785,False,26579.73547696717,522.2086854510247,False,26126.552114068287,724.3969852525377,False,-0.2670525169496469,11.439737842107208,26374.305585751623,168.1829727352034,0.0,9.193536986251694e-06,False,61142.99609375,610.5899047851562,False,61678.74835950136,831.4622504220821,False,59836.95715126395,1659.0674183801175,False,False,-0.6116233762528779,26.200131578451597,False,False
[MBR2003] CDFS-H 4705,53.31686051836,-28.03158908471,2025111500098,-1,u,20251115,u_24,0.1162902311592705,53.316867318540666,-28.03162082497307,746071429205721505,0,3163.160028465484,3386.591507142144,0.40824604,0.3669782,53.316867318540666,-28.03162082497307,2.1488957e-05,2.168797e-05,3024.2111331222677,666.6487334131804,3012.4381791416586,398.2029557089661,False,3073.081081430002,525.9083666159522,False,2931.6730433181465,743.6857944413183,False,3535.396823967174,1089.2594083306471,False,2232.065499081104,1519.9872119157772,False,-0.0838798938385988,24.34452748166806,3102.404406593172,327.96713724299,0.0,0.1352606737331975,False,994.8253784179688,170.24835205078125,False,949.0484199523926,240.74779749543168,False,722.5697422027588,492.05400482988495,False,False,-0.0271538058770688,7.880870410710871,False,False
[MBR2003] CDFS-H 4705,53.31686051836,-28.03158908471,2025111500099,-1,u,20251115,u_24,0.2055977442575382,53.316916686721335,-28.031560738416676,746071429346754631,0,1581.6981116037246,743.0058957186751,1.7084882,0.66590273,53.316916686721335,-28.031560738416676,6.6600456e-05,7.720065e-05,3360.0438513123067,730.189481711849,3672.427004046609,430.2011303785654,False,4263.094338033368,569.4966331607801,False,5967.313753566559,809.4465401318577,False,6617.400833134436,1182.6612243950233,False,6991.868151639006,1649.4403322037626,False,1.1467552727147057,26.19253826736753,3723.1493338879727,390.70480023366247,1.0,0.9999975422612472,False,1319.7852783203125,176.30697631835938,False,1847.3841342926023,250.59159909329125,False,2164.569658279419,510.6401349106744,False,False,0.3550169446785574,8.108787576833238,False,False
[MBR2003] CDFS-H 4705,53.31686051836,-28.03158908471,2025111700047,-1,u,20251117,u_24,0.3652833458472143,53.3168862696344,-28.031687973558714,746080218456785094,0,2306.0,2984.0,4.284436,11.415408,53.3168862696344,-28.031687973558714,0.00046624022,0.0004923308,3578.0560969246526,1107.8622833842976,2247.833697413139,660.0846500665024,True,2564.0025757279263,879.329229682872,True,443.4587055163865,1241.8919323829562,True,-273.9881929813178,1829.3462457626745,True,-690.8734725527421,2559.581543836492,True,-0.3552624958983836,40.50095659622768,3374.060817644848,556.6965560927197,,,True,531.3251953125,182.2189178466797,True,91.89568901062012,257.3509401967195,True,-143.16619110107422,530.4090473899371,True,True,-0.0736192376744495,8.392806964214694,True,False
[MBR2003] CDFS-H 4705,53.31686051836,-28.03158908471,2025111700048,-1,u,20251117,u_24,0.0947672956323697,53.31686185977278,-28.03161538231637,746080218595196964,0,1095.0,556.0,11.257045,4.5566926,53.31686185977278,-28.03161538231637,0.00047311553,0.0004816049,1484.3021703303784,1162.147856967597,2677.580854977089,695.4810925500224,True,2993.4422074799936,922.7243578888616,True,5148.364319407215,1309.131524164443,True,9013.566819590324,1926.1349575428935,True,11285.009727696024,2692.7341143502063,True,1.410514344489424,43.84444969446747,2926.23285281638,552.2787056089068,,,True,592.3641357421875,182.5954132080078,True,1018.7958106994628,259.06047624595925,True,2233.1598777771,532.8578291723126,True,True,0.2791228467807392,8.676258885324954,True,False
[MBR2003] CDFS-H 4705,53.31686051836,-28.03158908471,2025111700049,-1,u,20251117,u_24,0.2961047833424681,53.316857270625256,-28.03167128606577,746080218723647712,0,829.0,3443.0,4.2664475,6.9620476,53.316857270625256,-28.03167128606577,0.0003303892,0.00031141553,2502.711848628708,1207.5306163975888,2488.023414002452,721.6225551434899,True,2582.925769778222,959.8194133715104,True,3582.160625539832,1362.4635735469546,True,7172.340089850428,2008.7713539481283,True,9705.465211726883,2807.3637441542487,True,0.7243977185849453,44.44187225942812,3540.7168064905068,565.3147042168209,,,True,495.66510009765625,184.18995666503903,True,687.4189052581787,261.4576274174334,True,1862.4849548339844,538.7348903086078,True,True,0.139012383512574,8.5284235883744,True,False
[MBR2003] CDFS-H 4705,53.31686051836,-28.03158908471,2025112200246,-1,z,20251122,z_20,0.1283686579097169,53.31686529577716,-28.03162449243944,746102235414399355,746102235414398307,3430.257645741157,2876.006246999403,0.016680673,0.018568255,53.31686529577716,-28.03162449243944,1.0107925e-06,9.503079e-07,114499.03210161884,1182.2721663114835,111652.8348177456,744.3608952895296,False,114218.16647482596,955.9804085199708,False,114632.47915608548,1323.3224602035752,False,116309.27037269532,1918.59019164366,False,114184.26076964948,2665.205443405747,False,-0.49120340559333,42.3466696765309,116974.62351604427,551.9246150619726,0.0,0.0011968643977628,False,130008.6328125,1088.14306640625,False,130480.22351396084,1506.2695290162942,False,129970.0397015214,3033.6655416192807,False,False,-0.5591114370419162,48.20102439677798,False,False
[MBR2003] CDFS-H 4705,53.31686051836,-28.03158908471,2025112200247,-1,z,20251122,z_20,0.1349082943355843,53.31686432806286,-28.03162640805149,746102235530266406,746102235530264731,3389.24081531852,329.9616464443825,0.01580736,0.017295009,53.31686432806286,-28.03162640805149,9.41691e-07,9.001979e-07,114105.09266723171,1183.6783956870902,113400.6465843647,746.6410558491751,False,115410.46471189798,958.2491793077186,False,118170.99220566548,1327.6454151790972,False,120299.67366836012,1925.343584962142,False,117884.53847836722,2673.765766610581,False,0.2287121569382283,42.49278240658936,117850.59659214476,542.5434252918758,0.0,2.0489207724905256e-05,False,130763.2578125,1085.722900390625,False,133891.01203536987,1504.2590820687533,False,133566.45201659203,3029.4507793753974,False,False,0.2591372179050181,48.14550114562076,False,False
[MBR2003] CDFS-H 4705,53.31686051836,-28.03158908471,2025112200248,-1,r,20251122,r_57,0.1434732455212106,53.31687073238749,-28.03162790520753,746102235687028797,746102235687026763,1086.1614924343378,156.24091258914834,0.013933387,0.016079633,53.31687073238749,-28.03162790520753,8.7216193e-07,7.993529e-07,65957.61609023722,431.071285363912,62666.922310324415,289.48677709087104,False,65637.17151008968,356.67101904698563,False,66682.01516515813,476.3970346313737,False,67107.5781244527,673.0383705282045,False,67312.90461698451,923.9119064725934,False,0.288852506574891,14.771589014790516,65395.03186283992,273.21334780739414,0.0,0.0020717322833607,False,132940.203125,722.394287109375,False,135056.40838709474,964.8849439270414,False,136334.19915634394,1871.2725379580384,False,False,0.5850360400025554,29.91807841389701,False,False
[MBR2003] CDFS-H 4705,53.31686051836,-28.03158908471,2025112200252,-1,u,20251122,u_24,0.0884441690107641,53.31686599150627,-28.03161317285324,746102236201877718,0,334.8611058676162,1657.674009784936,0.23976567,0.24375199,53.31686599150627,-28.03161317285324,1.3461019e-05,1.3430326e-05,3929.256647620352,687.9679158178186,3399.881358084394,416.59812927002014,False,3397.729388838996,549.4879534958018,False,2935.812009661369,776.4078049781751,False,1467.728283494754,1133.06069044812,False,2670.8834796320352,1582.8740441953537,False,-0.4103307154887061,24.39642491085503,3433.367670178809,264.90873716764435,0.0,0.4833059235503197,False,1114.2066650390625,180.1918487548828,False,962.731558084488,254.60495881063343,False,875.8543821424246,519.0668850065299,False,False,-0.1345584552935766,8.000242552597163,False,False
[MBR2003] CDFS-H 4705,53.31686051836,-28.03158908471,2025112200253,-1,u,20251122,u_24,0.1615757992426567,53.31687113718274,-28.031632977233684,746102236357591469,0,3614.986682921549,3150.1954475546463,0.2849714,0.2764153,53.31687113718274,-28.031632977233684,1.5610303e-05,1.5612655e-05,2469.949207315485,672.3121624638056,3175.183327751689,407.1605478685141,False,3053.0191165025312,536.7282715401088,False,3006.5784602658287,757.0673665986307,False,4570.593833010513,1112.9950635000823,False,1642.5928589581529,1549.524821833603,False,-0.4032584106731458,25.569474357324523,3420.387699592752,263.56688608091696,0.0,0.0249196038171203,False,997.7880249023438,175.41358947753906,False,982.610284805298,247.4248354205613,False,536.832368850708,506.415863286726,False,False,-0.1317929556798052,8.356618266449956,False,False
[MBR2003] CDFS-H 4705,53.31686051836,-28.03158908471,2025112200254,-1,u,20251122,u_24,0.0586421516821142,53.31686364855396,-28.03160513816069,746102236471886004,0,329.89327251038355,1404.8718906890006,0.24559613,0.3885473,53.31686364855396,-28.03160513816069,1.7729279e-05,1.8420646e-05,3862.716056962609,656.2728287400162,3543.6527241479403,398.2998575048591,False,3511.161745714901,524.9409218436125,False,2911.8387612098577,739.8135744427976,False,2435.891700200402,1084.886015776249,False,3920.818075804323,1517.9831405620328,False,0.2010805278673763,23.4372736006438,3412.639882983235,262.3714390576967,1.0,0.2540967694218723,False,1170.0042724609375,174.9230499267578,False,970.2953147888184,246.5238304612569,False,1306.5116996765137,505.82880784366506,False,False,0.0670049099847518,7.8098681386738305,False,False
[MBR2003] CDFS-H 4705,53.31686051836,-28.03158908471,2025112600270,-1,i,20251126,i_39,0.1373745248725482,53.3168654766947,-28.0316269924814,746119830801746781,746119830801745233,3473.8372100365355,2243.566682708052,0.010086697,0.011452227,53.3168654766947,-28.0316269924814,5.6680335e-07,6.312099e-07,99254.02056872944,689.952662622805,97001.8052650724,452.50595662650966,False,98806.75852456337,567.708936925137,False,98907.2302655081,772.1098491650793,False,99591.47912099508,1106.776625025955,False,99539.21115709448,1530.9703967471644,False,0.1649161830176828,23.61821263824748,98437.77170804497,344.2723827429391,0.0,2.0657831844128616e-05,False,169977.34375,976.630126953125,False,170150.18536430597,1328.2611756934298,False,171237.38258498907,2633.7295675403966,False,False,0.2837054382647906,40.63042962161305,False,False
[MBR2003] CDFS-H 4705,53.31686051836,-28.03158908471,2025112600271,-1,i,20251126,i_39,0.1331842217744533,53.31686993955447,-28.031625133568088,746119830938062256,746119830938061221,726.6828305547664,3855.823029530843,0.010675006,0.010867166,53.31686993955447,-28.031625133568088,5.940738e-07,6.0355615e-07,97264.81827454072,693.596537581508,96891.3485505748,454.60514356716754,False,97643.22014131304,570.2017737783252,False,98656.93842722944,777.1684539828137,False,99768.45280152991,1113.4642288555406,False,100435.31630554482,1539.7268776801304,False,0.523903667417792,23.49618267986309,97938.70892961622,345.8334209578983,0.0,0.0002062748550188,False,167343.625,977.2274169921876,False,169080.9631628394,1331.9325820769766,False,172128.79587817192,2638.8260941007893,False,False,0.8978804542661076,40.26840140687754,False,False
[MBR2003] CDFS-H 4705,53.31686051836,-28.03158908471,2025112600272,-1,i,20251126,i_39,0.1316878388454916,53.3168660182964,-28.031625341084847,746119831070182161,746119831070180680,3477.932672585417,2243.5319901200846,0.011673676,0.011427383,53.3168660182964,-28.031625341084847,6.479245e-07,6.362648e-07,99146.47022493504,696.4289314132856,97099.81542797892,455.7775133405378,False,98985.58594390008,571.9480494221524,False,100375.71919795072,779.966740212958,False,100594.73761614723,1115.598159647452,False,101052.4395027837,1543.7959120603364,False,0.3930721259274177,24.03802362842568,99049.06355593172,351.1100750898261,0.0,0.0004156404710272,False,169528.03125,979.5489501953124,False,171908.8481284082,1335.8129332458768,False,173067.83567079902,2643.9878001198526,False,False,0.6731964357466498,41.16881040818968,False,False
[MBR2003] CDFS-H 4705,53.31686051836,-28.03158908471,2025112600273,-1,i,20251126,i_39,0.1366328696859265,53.316868510506815,-28.031626376891595,746119831206497660,746119831206496640,730.8794696834715,3855.199152737363,0.01079556,0.011526424,53.316868510506815,-28.031626376891595,6.025742e-07,6.3854327e-07,99013.59416118184,697.9106472384215,97354.43427763236,456.86497134669673,False,98973.1746404313,573.1855666507871,False,100347.02859344504,781.58763391124,False,100876.97398935496,1119.644599506243,False,100142.87495584352,1547.1894802405018,False,0.67982678213659,24.70451094952708,97472.1462462586,350.06732031216995,0.0,2.7171683134596947e-05,False,169072.21875,979.1517333984376,False,171419.1227158308,1335.1572877501087,False,171070.3745969534,2643.006644995105,False,False,1.1613229831121568,42.20180361542064,False,False
[MBR2003] CDFS-H 4705,53.31686051836,-28.03158908471,2025112600274,-1,i,20251126,i_39,0.1386351384836742,53.316865401075006,-28.03162735253317,746119831338617832,746119831338616225,3502.725115263917,2234.036640411233,0.00947218,0.009757237,53.316865401075006,-28.03162735253317,5.277385e-07,5.412374e-07,97275.83340277376,695.2165923668261,96849.11554265882,455.4234871763682,False,97976.82802649286,571.2561666410837,False,99680.68151362556,777.8587862024993,False,101005.5413800138,1115.7321545445773,False,100376.68305616558,1541.7021328899625,False,1.003009284336903,24.81502784649338,97781.02022387336,338.3872756257155,0.0,0.0005714004421459,False,168165.03125,980.4901123046876,False,171089.4837014675,1335.097795311967,False,172284.08372586966,2646.139833038158,False,False,1.7215406034470402,42.59190685522905,False,False
[MBR2003] CDFS-H 4705,53.31686051836,-28.03158908471,2025112600275,-1,i,20251126,i_39,0.1374963778750418,53.31686686943211,-28.031626864483552,746119831474933411,746119831474932352,746.5095396007594,3846.069648011753,0.0099363085,0.009702231,53.31686686943211,-28.031626864483552,5.516593e-07,5.4013856e-07,98608.5788565526,697.0914834949173,96513.36021639056,456.1719633958185,False,98618.84688002476,573.0462263709579,False,100028.41630699651,782.2954055645052,False,100020.38080477544,1117.235273152333,False,101964.9934236884,1547.3325031227068,False,0.7433897855798353,23.41971811959601,96172.3152047348,337.8316821594732,0.0,0.000887195331809,False,168806.21875,980.8851928710938,False,171218.98357701302,1339.0577312214532,False,174533.82927566767,2648.574357383027,False,False,1.2724628479358444,40.08761190210815,False,False
[MBR2003] CDFS-H 4705,53.31686051836,-28.03158908471,2025112800039,-1,i,20251128,i_39,0.1278662954058987,53.31686724383797,-28.03162410350177,746128595890997870,746128595890996769,3802.7154417565466,2973.0309948079066,0.016262442,0.011752613,53.31686724383797,-28.03162410350177,8.9254956e-07,6.689992e-07,96653.75378792414,842.7530301135633,95202.28303576524,534.2446928325184,False,96368.80900617225,682.7292476355201,False,97501.13543043962,943.5736368154134,False,96835.03375303117,1363.0973778922053,False,95210.96504509148,1892.576030413068,False,-0.6863677567360644,29.590103075184125,96774.13817941627,386.01527946328633,0.0,3.103309254126607e-06,False,163355.796875,1157.3016357421875,False,165275.2154842615,1599.461744332146,False,161393.12321668863,3208.125832237375,False,False,-1.1634693113592878,50.15849959451611,False,False
[MBR2003] CDFS-H 4705,53.31686051836,-28.03158908471,2025112800040,-1,i,20251128,i_39,0.1415489566349242,53.31686599006583,-28.03162810609952,746128596027312565,746128596027310528,3383.0431080325848,797.3574376974794,0.015998514,0.011158696,53.31686599006583,-28.03162810609952,8.736726e-07,6.421732e-07,98343.92188495598,830.5502391330631,96028.63714288008,528.2315598004546,False,97772.33759598115,674.5627330215804,False,98653.12261830052,931.6606692790906,False,99928.6304410793,1344.9615897935569,False,99662.29376055338,1866.551207365758,False,0.3264442402691915,29.061714041295154,97856.8818663055,384.10504675928274,0.0,2.6360221248022956e-05,False,166149.359375,1146.3177490234375,False,167646.1208394766,1583.216962606071,False,169361.05517476797,3171.922600705017,False,False,0.55474281096266,49.38600517309414,False,False
[MBR2003] CDFS-H 4705,53.31686051836,-28.03158908471,2025112800298,-1,i,20251128,i_39,0.1424062429494091,53.31686840215984,-28.03162802507897,746128630685371312,746128630685370268,3811.5055473102993,3524.3574906249946,0.012743661,0.011854946,53.31686840215984,-28.03162802507897,7.0486567e-07,6.605165e-07,97601.32856197593,800.2066318815615,95891.63097558856,511.4061874859028,False,98479.73986164744,650.0789067879148,False,101279.9589184381,895.7642739227093,False,102613.1900317602,1291.375164513233,False,103954.8671348505,1788.6994232529892,False,1.7630542531544149,28.094502428169356,96526.48680897956,375.8570110694504,0.0,5.4291437886822e-05,False,167061.0625,1102.7940673828125,False,171811.35501211882,1519.5748035210684,False,176349.07017415762,3034.3502791700266,False,False,2.9908458043340853,47.65952299074529,False,False
[MBR2003] CDFS-H 4705,53.31686051836,-28.03158908471,2025112900038,-1,z,20251129,z_20,0.1373758203209528,53.31686472731884,-28.03162706337617,746132993805387462,746132993805385752,1811.1711784855177,65.72714870771807,0.017944727,0.016259689,53.31686472731884,-28.03162706337617,9.95408e-07,9.0621927e-07,118037.71853329823,1550.948730796405,113911.65356038032,952.1339325424092,False,116949.56872804814,1243.6842686081102,False,117507.87456662166,1747.921093897513,False,116992.48446641312,2546.7630030527025,False,118870.00284060463,3551.0822985456894,False,0.111103411712646,56.38053168851375,117084.8624320601,608.9303354142179,0.0,0.0001192225070001,False,139406.609375,1482.5006103515625,False,140072.12293606997,2083.5626484602267,False,141695.81155908108,4232.972795333695,False,False,0.1324378540708548,67.20690672859588,False,False
[MBR2003] CDFS-H 4705,53.31686051836,-28.03158908471,2025112900039,-1,z,20251129,z_20,0.1277886475539665,53.31686770275574,-28.031624010494674,746132993944848112,746132993944846604,2372.4647069601883,736.3617919909971,0.016821573,0.015521106,53.31686770275574,-28.031624010494674,9.338524e-07,8.637271e-07,116427.90643127862,1563.299740828918,113795.4519178062,960.7874534269264,False,115030.50920552756,1255.2683824179437,False,116246.10185991973,1767.9413384394977,False,115468.82770978769,2577.813629621574,False,114404.7354298362,3592.15040661026,False,-0.7199918169766674,56.0891222852525,118907.9047706622,605.7104249301314,0.0,0.0025859790817168,False,137139.578125,1496.533203125,False,138588.80985444784,2107.7428151703766,False,136393.52951413393,4282.568118027649,False,False,-0.8583755276368685,66.86955157137946,False,False
[MBR2003] CDFS-H 4705,53.31686051836,-28.03158908471,2025112900046,-1,z,20251129,z_20,0.131231974168225,53.31686470498278,-28.031625350236173,746132994857108404,0,1095.0412871339404,2498.8243727659733,0.014900411,0.014259652,53.31686470498278,-28.031625350236173,8.2700205e-07,7.9387013e-07,116038.93077640914,1463.6676809672756,114448.31498624044,906.2804937302568,False,116933.11702331038,1180.5155665855475,False,119570.0399650558,1653.826606716618,False,121641.15147758248,2409.924534085954,False,122821.0698723237,3358.826370822564,False,1.7009566230158748,52.48808424543441,116563.4170354258,559.2311849042156,0.0,0.0008631284351936,False,140283.125,1416.2490234375,False,143446.60682678223,1984.0740630569496,False,147346.82471603155,4029.539891059844,False,False,2.040615324729147,62.96926542841553,False,False
[MBR2003] CDFS-H 4705,53.31686051836,-28.03158908471,2025112900047,-1,z,20251129,z_20,0.1297761604871289,53.316865499875206,-28.03162486446526,746132995012822987,746132995012821497,2638.1054292035105,1202.2868876971916,0.016813435,0.014624469,53.316865499875206,-28.03162486446526,9.31874e-07,8.1616713e-07,118085.85709080649,1469.787614668895,113883.2607410195,906.7848322150116,False,117257.44074198283,1181.743292351353,False,118600.92162165724,1658.350852777753,False,117010.98484887811,2413.199897776147,False,111211.65881887404,3363.1613147593075,False,-2.2693606298034594,53.64082013085734,117406.15872800672,577.0286245051037,0.0,7.879643802399805e-05,False,140371.71875,1414.6934814453125,False,141980.03220963478,1985.251921088492,False,133134.16696339846,4026.1217642049874,False,False,-2.716706505389717,64.2147233410675,False,False
[MBR2003] CDFS-H 4705,53.31686051836,-28.03158908471,2025112900053,-1,z,20251129,z_20,0.123697401984928,53.31686444017871,-28.031623270272583,746132995855877925,746132995855876197,1797.8755782650155,310.03602150838896,0.017023508,0.01736654,53.31686444017871,-28.031623270272583,9.456663e-07,9.629516e-07,118806.84336481044,1438.5845165158992,113320.92274533832,887.6952320042278,False,118103.91197457344,1156.5709482128773,False,120398.9457142039,1617.4986163280012,False,119917.18295014076,2359.0906023517305,False,120399.2319129841,3287.435911553779,False,-0.1661495943505271,52.28435884938252,116040.9543652972,586.3985400243646,0.0,0.0007352020040911,False,141097.515625,1381.7432861328125,False,143839.36857062578,1932.4087786346192,False,143839.71048933268,3927.465501705883,False,False,-0.1984971927941558,62.46357987940392,False,False
[MBR2003] CDFS-H 4705,53.31686051836,-28.03158908471,2025113000041,-1,z,20251130,z_20,0.133732287122248,53.31686699451643,-28.03162579010148,746137392256124375,0,2728.95065561553,3064.234935816001,0.012239314,0.009413444,53.31686699451643,-28.03162579010148,6.7398025e-07,5.313374e-07,115806.80011633708,1319.9387968033184,113330.82953798372,823.354604714776,False,115666.01896976796,1066.6804572506946,False,116318.2160346238,1487.7802414238452,False,116827.83628546476,2164.89035301971,False,117208.84427550662,3013.351281634658,False,1.9786354197101463,46.52052917049935,116193.54144706253,499.3080142337049,0.0,0.0001194884209134,False,137151.09375,1264.8173828125,False,137924.43704980612,1764.1368587627528,False,138980.50034695864,3573.084193700652,False,False,2.34616886068039,55.161762412091136,False,False
[MBR2003] CDFS-H 4705,53.31686051836,-28.03158908471,2025121000243,-1,z,20251210,z_20,0.4720060881694811,53.31672402179477,-28.031537372293094,746181399825350657,0,525.0,11.0,,,53.31672402179477,-28.031537372293094,,,,,59809.58842502913,776.8751825044951,True,,,True,,,True,,,True,,,True,-0.105838862052053,47.1394932351517,63018.09938089239,530.5248843276946,,,True,,,True,,,True,,,True,True,-0.1253751659114875,55.8407532994252,True,False
[MBR2003] CDFS-H 4705,53.31686051836,-28.03158908471,2025121000244,-1,z,20251210,z_20,0.1305424951836239,53.31686777436518,-28.03162477640487,746181399959570340,746181399959569059,1733.6241217211948,1659.59283884183,0.017969897,0.016778545,53.31686777436518,-28.03162477640487,9.684853e-07,9.638559e-07,115407.6072402827,1295.0249372983767,113513.72479151103,807.2719583488486,False,116809.50592619012,1044.9167426626846,False,120054.28115073968,1460.978013034351,False,122247.0212092078,2121.221648847729,False,124778.5184393717,2950.250700479379,False,1.712626713265773,47.152259004242126,116910.6729529674,570.1285434881579,0.0,0.0009918983553619,False,138557.6875,1239.464599609375,False,142406.5913028717,1732.9902508302391,False,148010.41086125374,3499.54322092569,False,False,2.0314921723132304,55.93130384574287,False,False
[MBR2003] CDFS-H 4705,53.31686051836,-28.03158908471,2025121000245,-1,z,20251210,z_20,0.1369700773939242,53.3168641982035,-28.031626993049997,746181400117380911,746181400117379203,907.8018702957818,305.951325917008,0.01809455,0.015497779,53.3168641982035,-28.031626993049997,9.76085e-07,8.943978e-07,116139.26933286453,1312.0161356261297,114701.49033622844,819.1871608993997,False,117227.16285576786,1059.7153524297864,False,120438.07112560108,1477.0819554147388,False,121922.42058523378,2147.0142620678803,False,124863.8262438572,2988.134357070129,False,3.0242406498283665,46.8744116960746,116332.02633377862,551.245754476504,0.0,0.0019565660379995,False,138819.90625,1254.910400390625,False,142622.25012779236,1749.1541514702096,False,147863.2104618549,3538.535960485967,False,False,3.581292878367708,55.50847839914957,False,False
[MBR2003] CDFS-H 4705,53.31686051836,-28.03158908471,2025121400776,-1,i,20251214,i_39,0.1373888314565769,53.31686686226222,-28.031626835221505,746199063578806996,746199063578804790,548.3017396556412,892.1958524361121,0.0120289195,0.012314473,53.31686686226222,-28.031626835221505,6.764686e-07,6.763846e-07,98817.49033483106,632.3705230163538,96086.57170134837,420.0927105809692,False,98591.34265836084,521.4496540107924,False,100338.9426958515,703.5992703693009,False,100311.1861374454,1001.123766903488,False,100016.18324643586,1379.8826210845607,False,0.0648313990601754,21.365169151057756,97566.01883279004,347.3411589407631,0.0,4.092766299090833e-05,False,167307.5625,884.8897705078125,False,170273.20526957512,1193.9940742077258,False,169725.48885452747,2341.633571922868,False,False,0.1100176045660425,36.25627034465114,False,False
[MBR2003] CDFS-H 4705,53.31686051836,-28.03158908471,2025121400777,-1,i,20251214,i_39,0.1347763564626957,53.31686627513346,-28.031626176132335,746199063689431634,746199063689429426,2705.4589491414968,708.5671087143105,0.011004791,0.011815484,53.31686627513346,-28.031626176132335,6.3382214e-07,6.354897e-07,99168.3938110517,630.5617855818531,96036.3843121274,420.1383900272814,False,98903.24028693954,521.8911851262937,False,100253.96962572334,704.0257904083911,False,100653.10102482242,1004.1197833671145,False,101681.66499916404,1382.1206352299253,False,1.07678127452229,21.398250933699007,98417.5163888264,346.4917308782136,0.0,1.2122767906186382e-06,False,167410.53125,883.3894653320312,False,169696.87005472183,1191.6832172942854,False,172113.48694449663,2339.473905244577,False,False,1.822635180453568,36.220173841002165,False,False
[MBR2003] CDFS-H 4705,53.31686051836,-28.03158908471,2025121400778,-1,i,20251214,i_39,0.1343634478284242,53.31686717000744,-28.0316259431855,746199063825220356,0,22.027081042233505,1096.5374516289662,0.01045186,0.010930958,53.31686717000744,-28.0316259431855,5.9224686e-07,5.9657697e-07,99153.98885112796,633.4290301346127,96834.3200406545,421.88529912744747,False,98547.35207922016,523.4231649212327,False,99895.67137956094,706.6991946247143,False,,,True,,,True,-0.2754066241902604,22.05266601756301,99002.11117881411,343.2060665167553,0.0,0.0014003153949975,False,167114.421875,887.6094360351562,False,169400.8719482422,1198.4048770209415,True,,,False,False,-0.4670284671383427,37.39642369451946,False,False
[MBR2003] CDFS-H 4705,53.31686051836,-28.03158908471,2025121400782,-1,i,20251214,i_39,0.137686110119052,53.31686929614033,-28.03162653781596,746199064382541424,746199064382540078,1220.233364442755,3373.2203020514653,0.010642282,0.0122308675,53.31686929614033,-28.03162653781596,6.110409e-07,6.6206167e-07,98320.8211320442,628.3725458257193,96030.81401466602,418.0702158730179,False,98732.0747981678,518.6591798126217,False,100602.77239891433,700.0370342860525,False,101805.6662920973,995.9207639809484,False,101539.70467835158,1372.103994012734,False,1.0485458597649664,21.45806361964608,98422.08158272743,344.93307347648664,0.0,5.217673771085174e-05,False,168145.96875,883.3041381835938,False,171331.8661491871,1192.2002604678337,False,172927.51159775257,2336.76599798647,False,False,1.7857293055919228,36.544222353276005,False,False
[MBR2003] CDFS-H 4705,53.31686051836,-28.03158908471,2025121400783,-1,i,20251214,i_39,0.1317902503500406,53.31686696928361,-28.0316252475604,746199064490543793,746199064490541781,3671.098100018575,1191.8398071413287,0.010575934,0.013208437,53.31686696928361,-28.0316252475604,6.1861664e-07,7.084254e-07,98598.90830156894,631.1432239154639,96571.71834472484,421.16056797819897,False,98299.43088166932,522.1465689232612,False,99238.8845046179,703.0090101437008,False,98855.14656468442,1002.230840474868,False,98167.54194946756,1381.5367682890658,False,-0.6454647349825485,21.562213114887907,97212.12849617876,342.100154006576,0.0,0.0001052406128221,False,167279.609375,888.5552368164062,False,168878.31074756384,1196.3352335732936,False,167055.16932624578,2351.0098569623606,False,False,-1.098410110463348,36.69317873733044,False,False
[MBR2003] CDFS-H 4705,53.31686051836,-28.03158908471,2025121400784,-1,i,20251214,i_39,0.1406939971632277,53.31686879291547,-28.03162747781244,746199064625809812,746199064625807594,3573.1923799575134,422.0089300178424,0.011011344,0.01311601,53.31686879291547,-28.03162747781244,6.302942e-07,7.1300303e-07,99539.09584790951,631.4052330005582,96699.82981568814,420.6391557184255,False,99200.2985710154,521.7889328657435,False,100712.85156338396,701.8553551374283,False,101561.16265041276,1001.4226164190892,False,101042.00410015431,1379.247683840619,False,0.6146389261656767,20.860547871472576,98216.54118507692,347.8364072662776,0.0,0.0003775224040732,False,168249.359375,884.9837646484375,False,170814.7354439497,1190.3866780325227,False,171372.99690330029,2339.282669189867,False,False,1.0424626444070844,35.38067794296212,False,False
[MBR2003] CDFS-H 4705,53.31686051836,-28.03158908471,2025121400785,-1,i,20251214,i_39,0.1352390444879049,53.31686543318605,-28.031626399773984,746199064760027688,746199064760025706,4068.050321856504,1104.6245097945514,0.010934254,0.013100654,53.31686543318605,-28.031626399773984,6.2177804e-07,7.158664e-07,97221.87512569388,629.1295059247428,95415.52658215733,417.67077421691687,False,97651.465565776,518.3481868616085,False,99590.81529253683,699.8973746065778,False,100935.7129615281,997.1246521731204,False,,,True,1.435261893476641,20.50097131227717,95947.2429283904,342.9297422343617,0.0,0.0046362821631635,False,166033.3125,881.3289794921875,False,169330.71983909607,1190.0106039648672,True,,,False,False,2.440324731413622,34.85707210561107,False,False
[MBR2003] CDFS-H 4705,53.31686051836,-28.03158908471,2025121400786,-1,i,20251214,i_39,0.1426825181932389,53.31686595430829,-28.03162842722348,746199064894245871,746199064894244469,4025.2834139035367,2751.799411804881,0.01215926,0.011769865,53.31686595430829,-28.03162842722348,6.74659e-07,6.551289e-07,99060.14167090422,628.8407673323607,96098.23692273076,418.5850420342032,False,98639.40482386736,519.2001788007874,False,100253.57015721672,700.0048140449878,False,99554.8640485536,995.4249731643256,False,98994.83839625202,1372.0394549394846,False,-0.4054946861626501,21.20498111496179,98029.0982293504,347.8615625714035,0.0,1.034741664807104e-05,False,167407.953125,881.1715698242188,False,170147.46797653288,1188.0279823886626,False,168011.18473341316,2328.585793560897,False,False,-0.6881938869640071,35.98848240060632,False,False
[MBR2003] CDFS-H 4705,53.31686051836,-28.03158908471,2025121400787,-1,i,20251214,i_39,0.1352984542073073,53.316866952630754,-28.03162623600125,746199065031609063,746199065031607415,3381.5198617897845,1975.7958615434773,0.011821402,0.01212641,53.316866952630754,-28.03162623600125,6.581193e-07,6.731194e-07,98836.96877662344,631.0186108185436,95488.98262709926,419.3416638539241,False,97991.2990842414,520.6679224420108,False,99308.88972427668,703.1644010326336,False,97248.01393122096,998.9544328826177,False,96350.53162620198,1379.2886392496318,False,-0.9809809261801566,21.71556902621934,99060.0744148822,353.08855691589736,0.0,7.33182735427329e-05,False,165790.359375,880.912109375,False,168019.5759254694,1189.6758164894518,False,163014.3636584282,2333.6026904436203,False,False,-1.6597104213468197,36.74032313618444,False,False
[MBR2003] CDFS-H 4705,53.31686051836,-28.03158908471,2025121400788,-1,i,20251214,i_39,0.1402426942517952,53.31686682893229,-28.03162764071754,746199065165302946,746199065165301078,2268.901297668919,2129.204608425796,0.01137274,0.010647183,53.31686682893229,-28.03162764071754,6.284975e-07,5.956876e-07,98743.27133389378,629.2631028671653,96474.16443214184,419.27853612293865,False,98523.09108509395,519.8838348597347,False,99442.5934760317,700.7453726615346,False,100219.99844751888,998.0392732177164,False,97864.50037612692,1374.0245511780868,False,-0.1338333366705087,21.178403718375797,98560.359734711,343.98259381378733,0.0,0.0004455048572786,False,167526.65625,883.9998779296875,False,169090.15937674046,1191.5331509773152,False,166406.80203008652,2336.3633451721635,False,False,-0.2275674782455437,36.0113260817986,False,False
[MBR2003] CDFS-H 4705,53.31686051836,-28.03158908471,2025121600059,-1,i,20251216,i_39,0.1389106740861386,53.3168676595309,-28.031627152665045,746207763415173670,746207763415172042,2229.066619694941,1656.9899038207425,0.010427893,0.015436948,53.3168676595309,-28.031627152665045,6.0680105e-07,8.3891194e-07,98999.58433615186,673.0524427671023,96320.2287424382,443.36335924206,False,99049.78196895467,554.5978989606124,False,100795.6365880032,749.078413952965,False,102445.31268457226,1072.6992402761905,False,102479.5674253254,1484.5127215610694,False,0.6753851452991049,22.53149481202608,98453.53996101212,361.11326930905074,0.0,7.846429543878486e-07,False,165963.890625,929.2622680664062,False,168889.17545938492,1255.1261142786173,False,171710.7032583356,2487.390704502552,False,False,1.131648592818738,37.75288007976536,False,False
[MBR2003] CDFS-H 4705,53.31686051836,-28.03158908471,2025121600060,-1,i,20251216,i_39,0.1446106577441908,53.316867875027896,-28.031628725995407,746207763566166017,0,2227.723000022101,15.017709369044264,0.010644726,0.014281624,53.316867875027896,-28.031628725995407,6.0397036e-07,7.8436136e-07,,,96102.98070263148,445.5218703973893,False,97555.53908132136,555.6246717575932,False,,,True,,,True,,,True,1.189305602309462,22.73500456551168,98819.80382362308,360.2768905921416,0.0,0.0005199742407338,False,164639.34375,937.698486328125,True,,,True,,,False,False,2.007128408354198,38.36866944786091,False,False
[MBR2003] CDFS-H 4705,53.31686051836,-28.03158908471,2025121600061,-1,i,20251216,i_39,0.1405971664016716,53.31686617208637,-28.031627819320587,746207763678366746,746207763678365187,768.1415527224452,2502.370685205672,0.011164439,0.014478054,53.31686617208637,-28.031627819320587,6.2756754e-07,7.990119e-07,97118.72566534068,679.3787090146443,95468.98380849697,445.1491153232346,False,97361.93153807556,556.9036323255373,False,99655.9599395073,757.5930749773263,False,100040.01428076306,1083.0948622250153,False,101463.82552053125,1495.8618454524044,False,0.8690832129069685,22.87538665712709,97501.86278539368,352.6833026193114,0.0,5.791977069991017e-05,False,164308.421875,939.8330078125,False,168179.8342475891,1278.5173897692523,False,171230.79611623287,2524.422998666485,False,False,1.466668634598261,38.60460266180209,False,False
[MBR2003] CDFS-H 4705,53.31686051836,-28.03158908471,2025121600086,-1,i,20251216,i_39,0.133948133035765,53.31686778841447,-28.031625734963857,746207767032237847,746207767032236648,228.53865139906765,3808.930750357848,0.009456542,0.009479009,53.31686778841447,-28.031625734963857,5.260265e-07,5.263446e-07,98443.88823632132,679.6711435723267,96690.7349428512,445.9807493495774,False,98625.42802357471,557.8572542681924,False,99279.66002517198,758.3012400198376,False,100755.46885146596,1082.5297871155287,False,102503.18945635982,1496.653563089071,False,1.4198112891512904,23.92162965258354,93621.30104353363,335.1396190730036,0.0,0.0006339163618866,False,166210.6875,940.1412963867188,False,167313.24647438526,1277.9439639610237,False,172745.77086156607,2522.268573687684,False,False,2.3927684291893607,40.31445632586653,False,False
[MBR2003] CDFS-H 4705,53.31686051836,-28.03158908471,2025121600087,-1,i,20251216,i_39,0.1417728180136444,53.31687049333453,-28.03162746915209,746207767146007464,746207767146006322,4039.489844383249,3196.959193505233,0.009996044,0.011464224,53.31687049333453,-28.03162746915209,5.9207275e-07,6.0337914e-07,99524.33461112303,675.8352377936384,96325.83431814288,443.1389590958105,False,99063.78762531697,554.3740519314327,False,100385.71048114476,753.1882120363124,False,99398.51155440924,1073.0224409709158,False,101070.38349914522,1484.499719120175,False,0.2353360038215868,22.98175390124467,98461.7267269656,359.13537335334604,0.0,0.0006891110323039,False,166651.75,932.605224609375,False,168875.57731944323,1267.063743716017,False,170027.38020688295,2497.325026593885,False,False,0.3958980149558829,38.66144832052597,False,False
[MBR2003] CDFS-H 4705,53.31686051836,-28.03158908471,2025121600088,-1,i,20251216,i_39,0.1301776025596281,53.31686881395876,-28.031624496005104,746207767301720644,746207767301718722,3971.74779601808,1270.5313662516776,0.01152859,0.010826842,53.31686881395876,-28.031624496005104,6.219336e-07,6.210986e-07,97021.36995839055,673.8713558547722,95821.57147748688,442.33152550078273,False,98300.79884079123,552.9997964007597,False,101320.68630966828,751.6881935073926,False,103199.56438541428,1074.3379497627625,False,105029.22120402814,1482.904876355714,False,2.2842651422009466,23.716523724306278,98560.937206131,359.7836111988344,0.0,0.0003912683426735,False,165366.1875,930.2820434570312,False,170446.3830151558,1264.52492975569,False,176685.05334055424,2494.611729710024,False,False,3.8426973357226415,39.89704209213791,False,False
[MBR2003] CDFS-H 4705,53.31686051836,-28.03158908471,2025121600092,-1,i,20251216,i_39,0.1382598920775248,53.31686457271658,-28.03162732313386,746207767844359589,746207767844358532,362.6851656512854,3810.2470665808937,0.013801897,0.010766476,53.31686457271658,-28.03162732313386,7.37602e-07,6.34433e-07,97533.7066193144,664.2500628738403,95028.64580959966,436.7896397885419,False,97905.34448254424,545.7085297691154,False,100046.2510742914,740.3543440663843,False,102782.2036686447,1057.6043711230443,False,103721.78162985128,1459.2821126398594,False,1.9824084420957289,22.960227521028173,101115.9448299434,367.7416835681461,0.0,0.0025650877800778,False,163809.53125,913.0477905273438,False,167391.57171058655,1238.717852446129,False,173541.25578129292,2441.586004282584,False,False,3.316850569926163,38.41571803348847,False,False
[MBR2003] CDFS-H 4705,53.31686051836,-28.03158908471,2025121600093,-1,i,20251216,i_39,0.1384709571351806,53.31686848449409,-28.031626900680124,746207767973333487,746207767973331003,3699.050441763973,147.0514957328228,0.011652774,0.01013729,53.31686848449409,-28.031626900680124,6.2908015e-07,5.8416634e-07,97493.43325040396,663.4167019605054,95664.89004536194,438.1582908963808,False,98403.81392386164,546.5402331814452,False,101225.66558713156,737.8638332885515,False,103342.19543239856,1055.858751217495,False,104875.47764953776,1458.6525223976716,False,2.372021167536817,22.569213081732325,98658.6244356848,361.8322311539248,0.0,0.0020860089035861,False,164287.671875,912.4628295898438,False,168998.82504731417,1231.882449449904,False,175092.2791788578,2435.2575111034444,False,False,3.9601497108065575,37.67987566129786,False,False
[MBR2003] CDFS-H 4705,53.31686051836,-28.03158908471,2025121600094,-1,i,20251216,i_39,0.1422775793591881,53.31686463173703,-28.031628439124884,746207768111222295,746207768111220455,153.94753971002078,2557.2488955459594,0.010380284,0.010060093,53.31686463173703,-28.031628439124884,5.720923e-07,5.6425347e-07,99250.66287732412,657.6148337483353,96241.10867645992,434.4941667201023,False,98896.91051571284,541.5886824937118,False,100306.57563807804,732.3800600332502,False,100702.65718228644,1046.276557792806,False,100865.73658231148,1443.2719409123995,False,0.6914299140372057,22.4432860831033,98053.81882982704,348.216951775255,0.0,0.0004002822765299,False,166013.09375,909.13671875,False,168379.4251843691,1229.408269003642,False,169318.05954384804,2422.7454506313056,False,False,1.1606673913476364,37.67437564169739,False,False
[MBR2003] CDFS-H 4705,53.31686051836,-28.03158908471,2025121600095,-1,i,20251216,i_39,0.1401405484856514,53.31686573207278,-28.031627739652325,746207768245439590,746207768245437328,678.9428568353998,1328.8738922364173,0.009893775,0.010273361,53.31686573207278,-28.031627739652325,5.5699536e-07,5.6421936e-07,98226.644587478,656.2019592682786,96187.67067978208,434.46422162233415,False,98771.84402179637,541.5330846021315,False,100904.7324895603,732.2858581513955,False,102888.42786140196,1045.9730889060318,False,103996.99297067492,1442.884668491956,False,2.1322290642487878,21.94249248387982,98356.4553645148,348.38602075820546,0.0,0.0002895202692723,False,165889.328125,909.515869140625,False,169471.55784225464,1229.889045884037,False,174665.07243824005,2423.3542523026467,False,False,3.581122235591484,36.852864007838384,False,False
[MBR2003] CDFS-H 4705,53.31686051836,-28.03158908471,2025122000261,-1,r,20251220,r_57,0.1412243952319469,53.31686502313879,-28.031628111665377,746225382734169127,0,1906.292364411731,3808.69078005848,0.04438169,0.0435382,53.31686502313879,-28.031628111665377,2.4375604e-06,2.4512244e-06,65027.22240716734,639.3509138444371,58348.35565708336,392.946436308145,False,65820.6066863596,505.0048763422898,False,70295.29532182783,696.8809750285681,False,72757.24226732121,1003.20885814216,False,74028.20263809641,1390.5110878914395,False,-0.0399525183434202,22.18212085042364,66010.4914393685,404.2435905302593,0.0,0.0005792335529719,False,119086.7734375,913.6865234375,False,127182.6610107422,1260.8408060044446,False,133936.47125673294,2515.7999481091992,False,False,-0.0722846041649512,40.13328550229056,False,False
[MBR2003] CDFS-H 4705,53.31686051836,-28.03158908471,2025122000262,-1,r,20251220,r_57,0.1222806485530461,53.316882885794826,-28.031616724206568,746225382846366600,0,2305.5153355527327,3307.0230335197457,0.04371237,0.047714453,53.316882885794826,-28.031616724206568,2.5685954e-06,2.5208471e-06,65005.20014820892,645.2526043115697,58036.741683813474,395.4553706996202,False,66028.51372856219,508.582400790792,False,70956.16942020263,702.0104052801472,False,74922.88222472748,1008.91384999272,False,75210.96583264212,1398.9724399257366,False,-0.236689460663856,22.11566218836181,65707.38687429522,405.202441110192,0.0,0.0021266031143637,False,118990.40625,916.5195922851562,False,127870.56604003906,1265.0974344115505,False,135538.16182613373,2521.097167863541,False,False,-0.4265395885672149,39.85477606082471,False,False
[MBR2003] CDFS-H 4705,53.31686051836,-28.03158908471,2025122000265,-1,u,20251220,u_24,0.5768288526459666,53.31694691556883,-28.031730002662,746225383226474747,0,148.94728442521756,3965.8061538842217,1.3772001,0.85002244,53.31694691556883,-28.031730002662,6.94955e-05,5.7239056e-05,2623.888912876603,1064.8144436393898,3633.863448582631,622.8264366864689,False,3413.014939921001,825.9091996139791,False,4491.338876079648,1172.510863885611,False,6349.012134110318,1721.8083818312332,False,8136.757231540827,2402.143392530012,False,0.6846967969169828,38.27484406429,3523.434882457408,612.3530621253486,,,False,960.0123901367188,232.31163024902344,False,1263.3232040405271,329.80370045674283,False,2288.705996111036,675.6745752092256,True,True,0.1925914243265641,10.765943067661974,False,False
[MBR2003] CDFS-H 4705,53.31686051836,-28.03158908471,2025122000269,-1,z,20251220,z_20,0.1142288238401927,53.3168653063974,-28.0316205322127,746225383807911202,746225383807910564,2748.707961888972,2489.050130902021,0.04325525,0.03882826,53.3168653063974,-28.0316205322127,2.3356781e-06,2.2343208e-06,118435.86709751489,1832.214840843892,109687.13848954068,1099.8382781939963,False,118577.23678681738,1445.6258800720066,False,123789.86974501908,2037.895323999764,False,121810.02400157132,2971.152974151035,False,121516.634468446,4146.099899495775,False,0.9664807716604532,65.40794973579526,116711.1564237545,922.1298947164968,0.0,0.0067080195654393,False,129229.9609375,1575.497802734375,False,134910.8856396079,2220.9754608186454,False,132433.42779058218,4518.57660520538,False,False,1.053307327384193,71.28405938953787,False,False
[MBR2003] CDFS-H 4705,53.31686051836,-28.03158908471,2025122300330,-1,g,20251223,g_6,0.1348203416653195,53.31687110756593,-28.03162534962086,746238586113754357,746238586113753289,3982.791111900436,687.5560587385762,0.060287777,0.04698002,53.31687110756593,-28.03162534962086,3.19e-06,2.8099682e-06,26398.718376187782,385.9532020412356,24943.24946166669,243.70935970228817,False,26138.49701758729,311.43095622691754,False,26535.126510583294,429.8818008652672,False,27297.684861537982,619.4875401442885,False,27694.259730457936,859.7224989071149,False,0.3864690323790615,13.093700326801311,25071.52236357309,214.25237833298843,1.0,0.0115207968425125,False,51430.62890625,612.7777709960938,False,52211.04502022266,845.8440192248205,False,54491.77869990468,1691.6071637131606,False,False,0.7604241886850351,25.76342633871618,False,False
[MBR2003] CDFS-H 4705,53.31686051836,-28.03158908471,2025122300331,-1,g,20251223,g_6,0.1460390992166325,53.316865773247066,-28.03162938507139,746238586247971484,0,1162.1582405565075,2507.3419150758077,0.046076607,0.036177415,53.316865773247066,-28.03162938507139,2.4644805e-06,2.1325927e-06,26285.052089493056,397.8934631999285,24586.69020141141,248.3967706320788,False,27135.87648460012,318.79816514908174,False,29244.948403021244,439.9684845805964,False,31300.703155333755,634.0651216594731,False,32264.472298969577,879.0388059612568,False,-0.0172037801924014,13.798265390986831,26851.31753182755,243.46450225778497,0.0,0.0328513164982262,False,52180.34375,613.0260009765625,False,56235.93774414063,846.0278324752406,False,62042.26557517052,1690.328561551302,False,False,-0.0330816351094611,26.533074458237127,False,False
[MBR2003] CDFS-H 4705,53.31686051836,-28.03158908471,2025122300332,-1,g,20251223,g_6,0.1413494489943187,53.31687744585288,-28.03162539430194,746238586382188784,0,3287.261103969662,950.8101487834534,0.05961163,0.036963522,53.31687744585288,-28.03162539430194,3.149909e-06,2.3031093e-06,26015.34835051315,406.2633925645188,23925.429548979184,250.8458030921364,False,26792.64299099856,322.7427496761702,False,28777.09649519539,446.02847032916856,False,30854.163372822262,643.2103970250059,False,31793.634465023635,891.7513222865731,False,0.1100162084455379,14.146624735680549,27033.024671180392,249.0467319290875,0.0,0.0254574283481801,False,51093.25390625,615.4666137695312,False,54877.58331298828,850.5710277108857,False,60630.08561229706,1700.559244794533,False,False,0.2097996108035812,26.977446375088817,False,False
[MBR2003] CDFS-H 4705,53.31686051836,-28.03158908471,2025122300334,-1,g,20251223,g_6,0.1106994525224258,53.31686014828343,-28.031619832822766,746238586650625114,746238586650624120,2406.061725498479,454.5408346863786,0.043419454,0.03985523,53.31686014828343,-28.031619832822766,2.3986527e-06,2.2355036e-06,25626.41728003496,412.0129964051663,23748.27624588337,253.80242988281535,False,26496.183718762863,326.8298904272877,False,28575.54615547309,452.4176811136976,False,30386.142930386806,651.6831020417923,False,29738.851133551383,904.134351846793,False,-0.0091967925706005,14.139370105207838,26403.482361464045,247.91062913143355,0.0,0.001298630559961,False,50136.86328125,618.4371948242188,False,54071.49444580078,856.078130525459,False,56272.7345662415,1710.829788454561,False,False,-0.0174024431832308,26.754934724648653,False,False
[MBR2003] CDFS-H 4705,53.31686051836,-28.03158908471,2025122300335,-1,g,20251223,g_6,0.1168845682831856,53.3168589662068,-28.031621523725992,746238586781697646,746238586781697039,368.7444305847117,3555.717439445279,0.07275519,0.04444505,53.3168589662068,-28.031621523725992,3.9684724e-06,2.6005534e-06,26885.670044366307,404.754103296955,24294.672943297413,251.39551163057345,False,26261.896056414007,322.9591334995185,False,26594.355336854343,446.3380266078231,False,26670.950941409483,644.4720181227865,False,26055.50830731227,893.6734353354103,False,-0.074573758444265,14.172107801204447,24792.83968391361,229.93117575283324,1.0,9.498523546358496e-05,False,50338.8046875,619.048095703125,False,50976.06266570091,855.5407689433735,False,49943.20063173771,1712.9933200222697,False,False,-0.1429429867925253,27.16509748886881,False,False
[MBR2003] CDFS-H 4705,53.31686051836,-28.03158908471,2025122300336,-1,g,20251223,g_6,0.1215560599383204,53.31685786806344,-28.031622769144654,746238586919060717,746238586919059600,3365.537681550932,513.7953238820197,0.055968534,0.040358316,53.31685786806344,-28.031622769144654,3.0827823e-06,2.2855295e-06,26435.53974930131,409.1037840622392,24517.924660734447,254.01176203666043,False,26236.876173014425,326.1680693460536,False,27102.071753557648,451.667070065098,False,27458.420064687205,650.9222001612306,False,26573.0796174078,903.335542733774,False,0.1168566997719388,14.548619285917123,26650.859743531128,234.82953752583572,0.0,0.0078933423782578,False,49995.36328125,621.525634765625,False,51644.02629560232,860.6687435338821,False,50636.01170402765,1721.3401597821132,False,False,0.2226748763236934,27.72294619388212,False,False
[MBR2003] CDFS-H 4705,53.31686051836,-28.03158908471,2025122400056,-1,g,20251224,g_6,0.1330953359199801,53.31686903084903,-28.031625284034373,746242947380939855,746242947380936986,1082.0115553091673,402.2214781627248,0.015823996,0.0153527865,53.31686903084903,-28.031625284034373,8.7233786e-07,8.611605e-07,26239.19539299181,297.4817300484724,26001.03344942252,195.87455197719703,False,26484.27274700256,244.952015528388,False,26814.407938052296,332.0304433837324,False,27528.765870062587,476.3491258239273,False,27970.863559591256,658.0693474233564,False,0.5429356445907901,10.334337062672276,26602.04988832835,150.21579484704847,0.0,0.0245572261209029,False,60844.828125,562.75146484375,False,61603.27896672487,762.8049844123889,False,64260.1139947772,1511.8450380268305,False,False,1.2473374781190294,23.742051306101175,False,False
[MBR2003] CDFS-H 4705,53.31686051836,-28.03158908471,2025122400058,-1,g,20251224,g_6,0.1304313755389839,53.31686418945272,-28.031625170447462,746242947653045222,746242947653042605,3734.9391172741903,658.4658644406385,0.017198125,0.015742952,53.31686418945272,-28.031625170447462,9.2648446e-07,9.069133e-07,25860.27520948065,299.7645330598027,25759.109271924965,196.91729915462312,False,26127.716719931515,246.3090727196621,False,26526.4034773361,334.9187602915653,False,27440.469446571675,479.37951694815104,False,26687.03420625448,662.1536028632444,False,0.609325448639741,10.388423621342575,26402.184186919323,151.99432985814664,0.0,4.832875536653347e-06,False,60027.83203125,565.8894653320312,False,60943.80574464798,769.4681974089185,False,61312.85117322207,1521.2827694675816,False,False,1.3999112924938468,23.8671658490431,False,False
[MBR2003] CDFS-H 4705,53.31686051836,-28.03158908471,2025123000109,-1,y,20251230,y_10,0.1250648088094783,53.316859283394535,-28.031623807827863,746269342773018644,0,2903.736045541061,104.85579468737347,0.049069796,0.04752197,53.316859283394535,-28.031623807827863,2.7220517e-06,2.6452924e-06,129316.69979946036,3304.0967221075302,119874.98338048712,1977.6078301478935,False,127647.98686739257,2604.454275806492,False,131141.96555409153,3679.378296665818,False,135852.998349441,5375.264237960887,False,126981.95685635826,7502.674842479358,False,-3.8358228523424938,118.62304012046688,130615.90449036502,1587.8272447162435,0.0,0.0135931365094549,False,53745.75390625,1096.5966796875,False,55216.8818359375,1549.1898095191464,False,53465.32421875,3158.975911946126,False,False,-1.615060261499765,49.9458305484208,False,False
[MBR2003] CDFS-H 4705,53.31686051836,-28.03158908471,2025123000110,-1,y,20251230,y_10,0.1369937073903251,53.31687071594224,-28.031626058607323,746269342907236372,0,2904.199221942971,105.05040722970963,0.060104713,0.045833398,53.31687071594224,-28.031626058607323,3.302845e-06,2.5940767e-06,125818.36531680627,3314.005174027669,121983.64604563452,1989.2316340479929,False,127735.43805603735,2618.1958340111955,False,132303.44661525183,3693.1337031189423,False,140234.12978283144,5403.395498653639,False,132669.50549053593,7541.694767308321,False,-2.539401488736538,117.44374431615532,130311.46512117468,1579.0319147494545,0.0,0.0034148555883833,False,53707.12109375,1100.8359375,False,55627.767333984375,1552.7999279401508,False,55781.678955078125,3170.950209934984,False,False,-1.0677063885856863,49.37991753646351,False,False
[MBR2003] CDFS-H 4705,53.31686051836,-28.03158908471,2025123000111,-1,y,20251230,y_10,0.1176359269469039,53.31686022943054,-28.03162176036112,746269343041454099,0,2901.018147834302,109.71297282170504,0.047764227,0.04298668,53.31686022943054,-28.03162176036112,2.640234e-06,2.4033277e-06,127349.89241843218,3327.0182837888638,122834.4700990411,1991.9342776351184,False,130224.16452253298,2622.674676908727,False,135394.8492454451,3701.14712393744,False,149036.4170254149,5410.4745504068105,False,147948.28131022354,7550.086585152462,False,-0.4809639820885746,120.65172096176136,132017.37575946187,1531.5016032825251,0.0,0.0096623668731076,False,54926.6171875,1106.2052001953125,False,57107.53515625,1561.0888499572782,False,62402.38623046875,3184.514311269717,False,False,-0.2028634594970554,50.88910276044084,False,False
[MBR2003] CDFS-H 4705,53.31686051836,-28.03158908471,2025123000112,-1,y,20251230,y_10,0.1382660425279071,53.31686772168104,-28.0316269619828,746269343175672708,746269343175671825,2902.743560520441,116.60332471361173,0.05286733,0.04744194,53.31686772168104,-28.0316269619828,2.9224525e-06,2.6528603e-06,127957.90396989856,3358.2396164241923,121110.113316182,2011.3429433619776,False,126549.57430133985,2648.2957652246387,False,129689.40456116654,3743.8835583676255,False,124363.01444598704,5469.425136819177,False,122132.91373726445,7639.294426764432,False,-0.387473388033452,120.19915364399186,129881.79722688255,1564.5703752952734,0.0,0.0056633327471116,False,53148.8359375,1112.24267578125,False,54467.515389978886,1572.3723616720056,False,51293.90778774023,3208.383816444511,False,False,-0.162732744416029,50.4817588847728,False,False
[MBR2003] CDFS-H 4705,53.31686051836,-28.03158908471,2025123000113,-1,y,20251230,y_10,0.1408472309654289,53.31686975634091,-28.03162734975272,746269343309890488,746269343309889555,2906.0165793513843,115.10799014720216,0.047562044,0.042001143,53.31686975634091,-28.03162734975272,2.6275677e-06,2.3511348e-06,131224.6230240749,3332.6021865065463,125216.94947019932,2005.266310410689,False,130928.34257849856,2637.9872297892,False,133114.0338707556,3708.1085836561033,False,134239.07735744704,5439.192482016343,False,125375.16818198773,7593.834158408281,False,-1.110988971316619,118.65773707224191,130736.61169765943,1491.663031445649,0.0,0.0024846587209009,False,55017.84375,1108.517578125,False,55936.30051524192,1558.1969086739878,False,52684.325466282666,3191.030856746913,False,False,-0.4668524509521208,49.86157091276954,False,False
[MBR2003] CDFS-H 4705,53.31686051836,-28.03158908471,2025123000168,-1,y,20251230,y_10,0.1346991249726113,53.31686425919153,-28.031626355149022,746269350695010369,0,60.43723046353441,435.249617978633,0.067839295,0.06856936,53.31686425919153,-28.031626355149022,3.7785665e-06,3.803359e-06,128113.30200467416,4524.593443459483,121987.07560378705,2635.87264043169,False,133770.60865124044,3493.1128665536385,False,143581.73701691054,4961.79605370261,False,164855.24732261826,7262.116483644468,False,183671.58555476292,10156.440025729218,False,9.844361548426289,161.37011085333646,135039.1984763351,2134.235487639632,0.0,0.0042544473828382,False,51914.00390625,1355.615234375,False,55721.529052734375,1925.5851663611647,False,71279.68920898438,3941.534485680246,False,False,3.820422356094293,62.62488187545839,False,False
[MBR2003] CDFS-H 4705,53.31686051836,-28.03158908471,2025123000169,-1,y,20251230,y_10,0.1008563787771362,53.31685944654101,-28.03161708439173,746269350825034655,746269350825034297,642.5845990206349,3077.881515577207,0.07268593,0.06743072,53.31685944654101,-28.03161708439173,4.000319e-06,3.7882214e-06,128630.1682788294,4480.303267475376,118818.4417296211,2614.28742314848,False,126743.73714492106,3463.0706318850644,False,132431.84870618515,4914.425823113422,False,141299.56444664538,7196.971193943149,False,150694.18456240828,10063.087259294953,False,4.269008276760133,159.55299165094564,132397.55705936556,2074.590053779028,0.0,0.0418092171530291,False,49663.9140625,1356.9873046875,False,51892.77278262377,1925.693744272052,False,59048.77984833717,3943.171568924266,False,False,1.6727900325890972,62.52006011710757,False,False
[MBR2003] CDFS-H 4705,53.31686051836,-28.03158908471,2025123100238,-1,i,20251231,i_39,0.1334223921893618,53.31686587657981,-28.03162584346035,746273758158259777,746273758158258361,2330.417299121744,444.5098537476017,0.013969071,0.015523769,53.31686587657981,-28.03162584346035,8.607769e-07,7.788454e-07,98153.8636623485,1168.634075298336,96401.46622256278,722.8807762608086,False,98358.21232897858,942.9262627769256,False,100198.3007993463,1324.6929740487255,False,99009.1216946028,1934.2675884905227,False,98314.2557411222,2691.660589351488,False,-0.4070596247890784,43.43167563462415,98260.35685100163,444.1172693739977,0.0,0.0007658144762603,False,166557.875,1596.73291015625,False,169673.84486341476,2243.20919992952,False,166483.43977296352,4558.005451381582,False,False,-0.6893068153414486,73.54635093607742,False,False
[MBR2003] CDFS-H 4705,53.31686051836,-28.03158908471,2025123100248,-1,i,20251231,i_39,0.1297157321260751,53.31686687262542,-28.031624677639424,746273759476319851,746273759476318859,3612.623931452486,1743.6563772497846,0.020210825,0.017836511,53.31686687262542,-28.031624677639424,1.0471674e-06,1.0718571e-06,97635.14092662573,1209.4154612565626,97029.66738998303,743.9724747720489,False,99125.38183712006,971.8060916341136,False,101367.07801613768,1367.2855902776623,False,104335.5666419468,1993.2710953569049,False,107325.44285791815,2779.299929033148,False,1.723503230520096,44.096394949919976,98274.14145478784,490.49347493000704,0.0,0.0010696676208855,False,166266.640625,1630.0460205078125,False,170026.71989107132,2293.398296754969,False,180020.90389823914,4661.821764772212,False,False,2.8908952170875883,73.964501484027,False,False
[MBR2003] CDFS-H 4705,53.31686051836,-28.03158908471,2025123100249,-1,i,20251231,i_39,0.1359127804950359,53.31686445130961,-28.031626678309912,746273759613159143,746273759613158209,2560.8187018328867,2279.596002619203,0.020459272,0.018849166,53.31686445130961,-28.031626678309912,1.089771e-06,1.0974233e-06,97515.61074192464,1220.9806830835191,96263.96111421644,750.4642627997573,False,98213.9822559062,980.3610435005672,False,100240.09254996073,1378.168102013401,False,100798.52514989724,2007.774639156328,False,101907.72601198204,2802.154956395113,False,0.5396369434326256,43.923319161873415,98239.309709968,496.5464060114761,0.0,6.551613931582434e-05,False,163659.078125,1633.626708984375,False,167035.29132080078,2296.5133466343127,False,169814.155885458,4669.376868683537,False,False,0.8992251679018469,73.19171626186724,False,False
[MBR2003] CDFS-H 4705,53.31686051836,-28.03158908471,2025123100251,-1,i,20251231,i_39,0.1407717993339367,53.31687083263443,-28.03162711335976,746273759881594815,746273759881594034,3420.950177863142,3223.8999211827518,0.018615544,0.017511554,53.31687083263443,-28.03162711335976,1.0085527e-06,1.0007948e-06,96953.56421904416,1222.7421500137373,96682.3439955466,755.4248819719775,False,98044.74156072042,986.7531195947912,False,101759.36467114768,1382.0345429756248,False,102073.45823704467,2021.5679884559584,False,102069.9164982042,2818.54050016522,False,-0.2782107599831736,44.99812727089448,99630.6191768142,489.6069494515037,0.0,0.0007733765229217,False,163870.71875,1649.2464599609375,False,170079.2919921875,2309.9147418781704,False,170598.34431767464,4710.872304171589,False,False,-0.4649978823616106,75.20929058412291,False,False
[MBR2003] CDFS-H 4705,53.31686051836,-28.03158908471,2025123100252,-1,i,20251231,i_39,0.132654355437149,53.316865068760194,-28.03162571357818,746273760017909801,746273760017909079,1012.120456016756,3457.535535126382,0.018229023,0.016562376,53.316865068760194,-28.03162571357818,9.789245e-07,9.571451e-07,99155.56169865812,1224.5702081738111,97383.71010574412,753.5093442312487,False,99363.05998466832,984.5655904436452,False,101308.07580840212,1384.7979955280396,False,102462.15750102578,2015.996691347896,False,99849.65151095352,2814.0011374991705,False,0.2400491267157531,44.07324140957719,97844.9425692139,474.7280918869656,0.0,6.787717194389753e-05,False,166524.65625,1650.0543212890625,False,169784.34945487976,2320.8122839270227,False,167340.14529252052,4716.044093060975,False,False,0.4023034145246882,73.86327853314457,False,False
[MBR2003] CDFS-H 4705,53.31686051836,-28.03158908471,2025123100253,-1,i,20251231,i_39,0.1397907653189422,53.31686863153048,-28.031627249391004,746273760167855895,746273760167855009,3721.068999039504,2357.1244877549657,0.018637449,0.01743948,53.31686863153048,-28.031627249391004,1.0141756e-06,9.919335e-07,97787.79330894904,1227.582927325855,97314.21652978568,756.9577646409082,False,99373.61802643204,988.947128766699,False,101501.26957456088,1386.700204467198,False,103521.86529646072,2026.341928365542,False,104560.06518896304,2825.302063062085,False,0.8212416382672565,44.7294268869946,97900.4879475181,474.9463636679234,0.0,0.0004695671471048,False,167061.640625,1662.5653076171875,False,170638.53523111343,2331.2466207247626,False,175780.81971091032,4749.747541553771,False,False,1.3806277577817267,75.19673318093038,False,False
[MBR2003] CDFS-H 4705,53.31686051836,-28.03158908471,2026010100044,-1,i,20260101,i_39,0.1435716570233051,53.31686848997614,-28.031628340075816,746278130143463388,746278130143461859,1738.3222812603744,1157.182656907943,0.012241904,0.014733365,53.31686848997614,-28.031628340075816,7.429255e-07,7.6269026e-07,96689.244992696,1008.3800800330456,96404.19964557928,629.722710132634,False,97805.72117831798,815.3182407052195,False,99258.32191886468,1138.9477461057006,False,100405.81354678568,1654.9400477332645,False,100201.34720784696,2304.278493237032,False,0.7619146030958782,36.169053010178914,96949.58933762384,402.7436934377852,0.0,0.0011575337277518,False,170118.234375,1418.12255859375,False,172644.81329345703,1981.0270532092372,False,174285.06291484833,4007.943339664977,False,False,1.3252350216495667,62.91058808195205,False,False
[MBR2003] CDFS-H 4705,53.31686051836,-28.03158908471,2026010100045,-1,i,20260101,i_39,0.1344781352603299,53.316866365713246,-28.031626081451368,746278130275059514,746278130275057733,2991.603145681969,211.5868014892925,0.0127000315,0.01432103,53.316866365713246,-28.031626081451368,7.5245003e-07,7.5206043e-07,97205.69155020082,1009.33295828048,95639.88389040186,629.6716119171759,False,97970.30052450404,815.9494983507503,False,99430.73323771804,1142.8773885641967,False,102259.97199684451,1659.4441169091554,False,105159.46113527578,2308.1678848622296,False,2.0434598340223613,36.947066511545,96005.6528963276,410.5791141944998,0.0,0.0001106536776865,False,170065.53125,1416.3974609375,False,172600.6797990799,1983.907870030153,False,182545.11344957352,4006.722399050955,False,False,3.5472187019996797,64.13599285472635,False,False
[MBR2003] CDFS-H 4705,53.31686051836,-28.03158908471,2026010100046,-1,i,20260101,i_39,0.1348723411750045,53.31686786852717,-28.031625983202524,746278130407704335,746278130407702765,3806.78368558926,653.444057825616,0.01572841,0.013799457,53.31686786852717,-28.031625983202524,8.496445e-07,7.9398e-07,98116.206126504,1006.9822334828796,96043.5475851652,627.8725608540391,False,97611.9729877313,813.1880609743529,False,98417.16867869864,1136.9519956577917,False,97822.9370563058,1650.2257652326125,False,96329.76291280624,2299.0433796423736,False,-0.8293552261838354,35.92701503371315,98182.42616540048,423.4116035102089,0.0,0.0017341828534653,False,169521.15625,1412.250732421875,False,170919.52676093578,1974.5263926678208,False,167294.36246842146,3992.7119599853622,False,False,-1.4403279903207673,62.39387385286923,False,False
[MBR2003] CDFS-H 4705,53.31686051836,-28.03158908471,2026010100047,-1,i,20260101,i_39,0.1410659326396182,53.316866968914944,-28.03162785380921,746278130545067829,746278130545066403,2732.043211233924,1100.8926518809787,0.013494562,0.012413998,53.316866968914944,-28.03162785380921,7.3264374e-07,7.0835756e-07,96591.53639784471,1010.0676233907792,95853.2633215083,631.6846834172857,False,97519.25641697003,818.278236380057,False,99720.4604485495,1139.219522018995,False,100964.90282772144,1660.7980046663258,False,102547.81326637726,2311.5558057736607,False,1.120789708114658,36.711785190987726,97418.56566219448,414.01689749272015,0.0,0.0004483767954382,False,169075.296875,1418.70068359375,False,172891.6633937359,1975.13687007194,False,177793.6236281395,4007.690362539525,False,False,1.9431839371670447,63.649541721662914,False,False
[MBR2003] CDFS-H 4705,53.31686051836,-28.03158908471,2026010100311,-1,i,20260101,i_39,0.1349514936516253,53.31686636839256,-28.03162621387985,746278166012102741,746278166012101855,567.5031135852245,3030.7306880913234,0.018075237,0.0135005005,53.31686636839256,-28.03162621387985,9.790319e-07,7.815611e-07,96005.13564124708,1276.3946322675788,95055.77630274386,781.8238417298808,False,96633.55409300652,1023.9534124361415,False,98200.749973501,1442.020687274557,False,100253.2275912839,2106.991050174434,False,98029.90265765856,2936.8203087388083,False,1.4947359806064509,46.60496942651289,97088.34035617628,469.6189171354658,0.0,4.931781205641528e-09,False,163850.015625,1736.1959228515625,False,166507.32314014435,2445.062839291853,False,166217.63768219948,4979.616635144498,False,False,2.5344458876250857,79.02249938346648,False,False
[MBR2003] CDFS-H 4705,53.31686051836,-28.03158908471,2026010100363,-1,i,20260101,i_39,0.1334750745064304,53.31686976106611,-28.0316252523774,746278172991424329,746278172991423591,411.38283267405455,3123.335382610502,0.02416077,0.015426823,53.31686976106611,-28.0316252523774,1.297245e-06,9.225376e-07,96291.53265869782,1444.478150215576,95379.10899971056,877.50847436501,False,96763.10595446709,1153.630002616136,False,99305.01556667314,1629.316945287316,False,98723.71113004404,2383.57397216264,False,98923.35913611542,3326.377390903026,False,0.206722745252475,52.052379726215406,98248.55365024596,549.9611812654991,0.0,0.0016602382619057,False,158356.859375,1887.963623046875,False,162516.800491333,2666.445148046189,False,161892.2038218975,5443.7553603051965,False,False,0.3383103960611226,85.18589079103306,False,False
[MBR2003] CDFS-H 4705,53.31686051836,-28.03158908471,2026010200115,-1,g,20260102,g_6,0.1560894867625641,53.31685669278637,-28.031632311206486,746282537722053127,0,1533.9589921467907,3752.234763028608,0.048444107,0.04365119,53.31685669278637,-28.031632311206486,2.635037e-06,2.490812e-06,27109.760533446413,1173.2786319420188,26468.93827557737,699.4731222392181,False,27972.901779021115,930.3603224753808,False,29156.66433613406,1322.322175036463,False,32364.528619074605,1943.5592819641213,False,34284.95717647945,2717.7550287731524,False,0.2451802596108113,42.779059096161305,27748.58019653416,469.9688927047949,0.0,0.0004947786604093,False,64117.1171875,2132.4931640625,False,66830.4375,3030.914937828438,False,78585.076171875,6229.407983602605,False,False,0.5619814333784209,98.0545374558401,False,False
[MBR2003] CDFS-H 4705,53.31686051836,-28.03158908471,2026010200116,-1,g,20260102,g_6,0.1528093546861873,53.31685908276684,-28.031631512834014,746282537856270876,0,1534.8919575864754,3751.563437285351,0.052241705,0.050666563,53.31685908276684,-28.031631512834014,2.8849277e-06,2.8375882e-06,24825.783990850283,1173.3273495390358,25653.80699043363,699.0764034429578,False,25929.975356659,929.8470324434908,False,28184.46291628712,1324.013037620687,False,30749.921955651804,1941.406665474588,False,29159.60491750403,2718.689930183076,False,0.3273545133102405,43.195192687001935,25833.21152930021,434.94275346855744,0.0,0.0025902438000717,False,59475.0234375,2132.77001953125,False,64646.0927734375,3036.860057170224,False,66882.7548828125,6235.800269490402,False,False,0.750845964321292,99.07587886646496,False,False
[MBR2003] CDFS-H 4705,53.31686051836,-28.03158908471,2026010200117,-1,g,20260102,g_6,0.1453475125809278,53.31686657570848,-28.031629103419103,746282538011460365,746282538011460082,700.1270710008648,3333.196588666025,0.04571277,0.039096154,53.31686657570848,-28.031629103419103,2.4790124e-06,2.2448667e-06,27460.306390062,1182.9872988937277,26689.836163022803,705.1719497262791,False,28247.629044608257,938.090905544766,False,28867.981092721668,1334.8418403528904,False,29952.92045969585,1960.3948537451936,False,28564.341036854035,2740.2249867690025,False,-0.0389275747399412,44.03514102565796,27609.30448504069,453.5511842781736,0.0,0.0038945030728473,False,64730.66796875,2149.676025390625,False,66152.23161172867,3058.848012420025,False,65456.42724502087,6279.344489341249,False,False,-0.0892042270641756,100.90843688819324,False,False
[MBR2003] CDFS-H 4705,53.31686051836,-28.03158908471,2026010200118,-1,i,20260102,i_39,0.1381989403855698,53.31686658537768,-28.031627097932667,746282538145679188,746282538145677786,862.6915878431013,1063.519295276488,0.015730536,0.011061645,53.31686658537768,-28.031627097932667,8.299786e-07,6.7332314e-07,98319.34013235277,1062.2290730312748,95936.44616723622,659.3175058809877,False,97668.15723605448,856.7521980377023,False,98257.89430342655,1201.7092533249788,False,98265.86303558874,1747.485749456126,False,94377.72700833472,2432.698663307592,False,-1.03054749383892,37.96348906740941,96492.43989866327,420.23375877784736,0.0,0.0002107431231931,False,169736.078125,1488.937255859375,False,170760.97364646196,2088.4331339734404,False,164017.6870136857,4227.751828794933,False,False,-1.7909735872562695,65.97619867721482,False,False
[MBR2003] CDFS-H 4705,53.31686051836,-28.03158908471,2026010200119,-1,i,20260102,i_39,0.1346649300255159,53.31686611692272,-28.03162616377124,746282538279896915,746282538279895513,862.8000918842042,1063.4297983971892,0.014794203,0.011913248,53.31686611692272,-28.03162616377124,7.93479e-07,6.962364e-07,96891.8180199228,1063.935616143052,96063.75209799512,661.0690058900486,False,98132.9517615468,859.0294471045523,False,100146.32412611834,1203.5198755794136,False,101412.70613743186,1749.3081699776365,False,102862.1820944677,2439.513141214064,False,0.6841432333032325,38.17864859117797,97182.43582588328,420.94024669894543,0.0,0.0008248930174939,False,170322.96875,1490.96142578125,False,173817.4479455948,2088.8710109975527,False,178531.18562054634,4234.103968724522,False,False,1.187422822352019,66.2641921412223,False,False
[MBR2003] CDFS-H 4705,53.31686051836,-28.03158908471,2026010200120,-1,i,20260102,i_39,0.1379094037791897,53.3168667274405,-28.03162699879471,746282538414114725,746282538414113259,859.9926625509281,1061.5943329715726,0.015061553,0.011717289,53.3168667274405,-28.03162699879471,8.0413537e-07,6.9139156e-07,97187.0837404825,1076.356121786626,95604.49842981184,666.9292370659783,False,97589.09696806902,867.1165862268166,False,99242.57783916612,1215.311412081536,False,100953.71318837444,1765.0395190064876,False,102441.34484723762,2460.163727531893,False,0.8176263191988754,38.69170450827148,97152.8131819088,419.5318146651492,0.0,0.000100506787566,False,168797.828125,1499.83349609375,False,171657.8195437007,2102.0988330490677,False,177190.66020331904,4255.293951281909,False,False,1.414231212158526,66.92423529226275,False,False
[MBR2003] CDFS-H 4705,53.31686051836,-28.03158908471,2026010200121,-1,i,20260102,i_39,0.1401368165096296,53.31686742058544,-28.031627531872434,746282538548332503,746282538548331019,856.3455843936069,1059.8930382874937,0.013293124,0.011225532,53.31686742058544,-28.031627531872434,7.178185e-07,6.4787696e-07,99632.02716854656,1070.725340576373,96439.73172964806,664.8142719839412,False,98281.25657089376,864.0605169801712,False,97980.32885599176,1210.5778878891676,False,98626.5346538774,1759.478361811046,False,100519.86217928752,2451.4565449645124,False,0.3594979144928633,39.89408078795923,97095.81110262404,407.116969217972,0.0,0.0005826747483019,False,170777.390625,1501.4256591796875,False,170254.48674982786,2103.547920074744,False,174667.28008896112,4259.747652672999,False,False,0.6246777657745434,69.32152941528743,False,False
[MBR2003] CDFS-H 4705,53.31686051836,-28.03158908471,2026010200122,-1,i,20260102,i_39,0.1354626929869049,53.31686715875866,-28.03162625391644,746282538682550278,746282538682548740,854.2559636757643,1059.7636226973802,0.01213776,0.0113344425,53.31686715875866,-28.03162625391644,6.660577e-07,6.3883465e-07,98921.14295537458,1073.0709330082914,97451.61525859576,667.0847951840278,False,98840.37134101478,866.4683565415758,False,98843.46275284803,1214.782310318259,False,100110.88728554569,1765.653435905183,False,102388.92512919503,2457.732075703996,False,0.6847628845363457,39.96357950580517,98633.57253949936,403.3428955943632,0.0,0.0001504414226056,False,171060.484375,1499.574462890625,False,171065.83460181952,2102.3924495009846,False,177201.87499910593,4253.53358784319,False,False,1.1851014835493927,69.16393751735241,False,False
[MBR2003] CDFS-H 4705,53.31686051836,-28.03158908471,2026010200123,-1,g,20260102,g_6,0.1444579688084131,53.31686789186152,-28.031628680576382,746282538792124584,0,3734.699604570132,1305.8500855548557,0.04596083,0.043429114,53.31686789186152,-28.031628680576382,2.5545023e-06,2.4157453e-06,24002.4059826105,1203.3842516965549,25841.60421816326,714.6678969987312,False,26035.344855868392,951.0288372921804,False,30135.63650852402,1355.3508822730132,False,29290.006146553304,1988.865250207573,False,30465.299679473304,2780.2897509331765,False,0.6045464252001072,44.26937190790328,27090.04301712363,436.3043163946136,0.0,1.1647517377477712e-05,False,59280.515625,2165.4208984375,False,68616.5703125,3086.03168495511,False,69367.1884765625,6330.509963845231,False,False,1.376506591462911,100.7980192935249,False,False
[MBR2003] CDFS-H 4705,53.31686051836,-28.03158908471,2026010200124,-1,g,20260102,g_6,0.1340104700731584,53.31686010645462,-28.03162630806494,746282538926342309,0,3734.8839239796,1305.4708810206992,0.044225898,0.04596771,53.31686010645462,-28.03162630806494,2.4599183e-06,2.5550596e-06,26248.81132202728,1210.039051112083,26080.11399501225,719.034664033901,False,26081.57841110913,956.804781964509,False,25690.437442541843,1363.1007159585083,False,27547.94447548008,1997.557349721352,False,26831.17057925888,2798.125225694169,False,0.2733152044430435,45.30095053266059,26670.37395076754,425.9149196047774,0.0,0.0187018636422982,False,59065.9375,2166.838623046875,False,58180.1357421875,3086.9612423731637,False,60763.509765625,6336.805506664764,False,False,0.6189663266911926,102.59130297547568,False,False
[MBR2003] CDFS-H 4705,53.31686051836,-28.03158908471,2026010200125,-1,g,20260102,g_6,0.1192597087790845,53.31686401522952,-28.031622068295533,746282539060560037,0,3730.822644148167,1303.8892213655904,0.037532106,0.04276353,53.31686401522952,-28.031622068295533,2.0891382e-06,2.3758982e-06,24780.67701642403,1202.126543835277,26296.33090221377,716.6018435229996,False,26426.418906156367,953.0726741955158,False,28670.313903343253,1356.1486892237124,False,30722.8916613093,1991.9937360204017,False,31810.69794139989,2786.3645348681457,False,1.2652697970518134,44.65935500880399,27505.71531556247,429.1849836845547,0.0,0.0006213076160883,False,60181.796875,2170.46533203125,False,65291.896484375,3088.40426835683,False,72443.6015625,6345.484231239272,False,False,2.8814426271168165,101.70429225589194,False,False
[MBR2003] CDFS-H 4705,53.31686051836,-28.03158908471,2026010200126,-1,g,20260102,g_6,0.164821522001788,53.31685843423541,-28.031634831492127,746282539194778205,746282539194777769,3726.97591888806,1300.200733709522,0.04011018,0.044833355,53.31685843423541,-28.031634831492127,2.2321972e-06,2.4909186e-06,28050.553778089696,1203.8911234397358,25374.54272044732,717.8721694697834,False,27890.91350249805,955.2463418387358,False,28201.306675918684,1357.0624689562808,False,28016.861044331148,1995.9596841561436,False,27184.09732681331,2791.749254123031,False,-0.7352135009212334,44.35553267168856,26420.05907115896,433.0868400690041,0.0,0.0077670552357674,False,63431.03125,2172.47314453125,False,64136.94427365437,3086.305217964921,False,61823.551490549,6349.147874435224,False,False,-1.6720624997879605,100.87576295255732,False,False
[MBR2003] CDFS-H 4705,53.31686051836,-28.03158908471,2026010200127,-1,g,20260102,g_6,0.135603590794396,53.31686365150608,-28.031626650710862,746282539328995509,0,3725.124788039676,1297.9782934326993,0.03454223,0.034186482,53.31686365150608,-28.031626650710862,1.920487e-06,1.9008224e-06,24809.557455772272,1184.8109483646858,26070.975180965976,710.2867000617314,False,25313.730000768468,944.4524675096686,False,25701.52893538949,1340.056080320922,False,29060.9233619877,1971.802705493296,False,26150.40823127103,2758.445967073868,False,0.3913299018053117,45.26064271374195,26455.898482265253,363.9378673839217,0.0,4.52042331067215e-06,False,58296.66796875,2175.042236328125,False,59189.755859375,3086.1040380695304,False,60223.509765625,6352.608195132088,False,False,0.9012195891753304,104.23373640530804,False,False
[MBR2003] CDFS-H 4705,53.31686051836,-28.03158908471,2026010400131,-1,y,20260104,y_10,0.1346571547566281,53.31686750384627,-28.031625977755457,746291335963083477,0,621.112946729254,2569.343813370188,0.019212395,0.018206209,53.31686750384627,-28.031625977755457,1.0344826e-06,1.0458193e-06,125192.92712439554,3376.491822664646,126458.63574758908,2034.1140176043157,False,127084.40915719792,2682.8587503516496,False,131234.96252230954,3801.6497255706554,False,139101.99814954805,5558.441132219277,False,146871.86326211315,7762.99311290126,False,7.4333582810132,122.93551479686928,130803.21796191984,1081.6192864774096,0.0,0.0005219020815458,False,63834.93359375,1347.609130859375,False,65919.77075195312,1909.5816661374915,False,73774.23950195312,3899.3780050377104,False,False,3.7338013009926616,61.75092975932637,False,False
[MBR2003] CDFS-H 4705,53.31686051836,-28.03158908471,2026010500062,-1,z,20260105,z_20,0.1356390416454157,53.31686591096944,-28.031626460334856,746295724748573415,746295724748571555,1799.8297107415683,1615.7544669884776,0.009269199,0.00917339,53.31686591096944,-28.031626460334856,5.149225e-07,5.100739e-07,118045.24955539084,1161.6174278702442,116393.08773296396,735.3925249025751,False,116915.51989209485,943.6341447022186,False,117181.69896221066,1309.938881635979,False,116016.98032945194,1896.7467004979844,False,116448.50797658131,2635.753344152929,False,-0.7724492364506053,41.79883207555414,117059.31230612734,451.5337685279261,0.0,2.3863851241090472e-05,False,142037.234375,1146.3934326171875,False,142360.60751658678,1591.406308756749,False,141469.875302732,3202.0993948764253,False,False,-0.9384259107925568,50.78017455335437,False,False
[MBR2003] CDFS-H 4705,53.31686051836,-28.03158908471,2026010500066,-1,r,20260105,r_57,0.1282497551306184,53.31686678870425,-28.031624277070016,746295725305366288,746295725305364519,1483.3283944037769,98.32117027135364,0.0135302935,0.010667164,53.31686678870425,-28.031624277070016,6.31306e-07,7.202485e-07,66671.08310510621,720.5479341996588,65872.70257538425,451.986695436214,False,66658.42530676913,583.7357147550989,False,67707.31504160316,815.1135698945436,False,66793.75282717017,1182.5325645488297,False,66074.72994208147,1645.6597599124757,False,-0.0839058219463683,25.68906509345323,66730.90467795297,279.40159926353084,0.0,0.0002142801273656,False,141137.09375,1235.9542236328125,False,143357.92702287436,1725.854755819155,False,139901.22496029735,3484.385278327049,False,False,-0.1776553196946406,54.39192377795902,False,False
[MBR2003] CDFS-H 4705,53.31686051836,-28.03158908471,2026010500067,-1,r,20260105,r_57,0.1357848983733566,53.31686810867734,-28.03162620291468,746295725439584025,746295725439582244,1483.2481925950356,97.48570745630342,0.01360838,0.009934714,53.31686810867734,-28.03162620291468,6.0294815e-07,7.167164e-07,66530.15178872377,721.3499260385016,65387.781557256734,452.24907434218704,False,66616.34738892059,584.3678693342947,False,67730.6369225525,815.9502542116948,False,68097.08828534592,1184.1764505430094,False,69185.87860784559,1647.930884758942,False,0.2343007473066996,26.282406664167613,66129.38031916236,275.9491650910277,0.0,0.0001490166976926,False,141100.578125,1237.75390625,False,143460.76302790642,1728.2702685326014,False,146543.12120506167,3490.494595748462,False,False,0.4962741458501714,55.66895995031968,False,False
[MBR2003] CDFS-H 4705,53.31686051836,-28.03158908471,2026010500068,-1,r,20260105,r_57,0.1373603098586324,53.31686937772277,-28.031626430388343,746295725573801701,746295725573799970,1483.3921144250353,96.85209667744176,0.013488668,0.009999305,53.31686937772277,-28.031626430388343,6.0369644e-07,7.117933e-07,65644.9363875605,722.4183420118205,65378.6310550895,452.5708327208621,False,66458.96736443658,584.7996876977078,False,67706.14008567827,815.6061787871791,False,69178.07288435102,1184.233372106252,False,68285.67495082978,1647.8716504944548,False,0.936967489615782,26.018638232336905,66420.36969361713,278.4047451854253,0.0,0.0014408235540434,False,140761.296875,1238.6163330078125,False,143402.83129286766,1727.4686625176355,False,144630.296636343,3490.2220092464213,False,False,1.9845141174824616,55.10794714010298,False,False
[MBR2003] CDFS-H 4705,53.31686051836,-28.03158908471,2026010500069,-1,r,20260105,r_57,0.1367311074381543,53.31686921330419,-28.031626282041405,746295725708019497,746295725708017700,1483.48990189004,96.26000348113352,0.013659655,0.01091295,53.31686921330419,-28.031626282041405,6.4321813e-07,7.2856676e-07,66118.45368641689,722.1700772636447,65327.364515917245,452.3470500018538,False,66641.38831766631,584.6418486186966,False,68303.02077646075,816.0626263378626,False,68944.6927601014,1185.519683441424,False,69894.67382387513,1648.8824870623168,False,1.4277907597820474,26.54493826523846,66143.7062360146,278.0014262209153,0.0,8.304083740040547e-05,False,141194.359375,1238.691650390625,False,144714.8912315369,1729.0071927434524,False,148087.15639662743,3493.5182522856144,False,False,3.025087062832522,56.24125858758097,False,False
[MBR2003] CDFS-H 4705,53.31686051836,-28.03158908471,2026010500070,-1,r,20260105,r_57,0.1344984302596397,53.316865162717576,-28.03162621978736,746295725842237130,746295725842235425,1482.0215971755847,96.57294329374544,0.0133970985,0.01111206,53.316865162717576,-28.03162621978736,6.476787e-07,7.188002e-07,65145.27490643586,722.326255702054,64722.53547445842,452.56126593320494,False,64858.9482623338,584.6501790163851,False,65627.64290924343,816.2514811942431,False,65389.42808105009,1183.5512918278932,False,63455.33434391402,1647.5881785808551,False,-0.1437820367265759,26.007308573020357,65156.626711851786,275.8480036980784,0.0,0.000545901338246,False,137311.625,1237.7515869140625,False,138939.0135704875,1728.0702246065914,False,134340.0611190796,3488.077068667332,False,False,-0.304398169222262,55.05957000094836,False,False
[MBR2003] CDFS-H 4705,53.31686051836,-28.03158908471,2026010500071,-1,r,20260105,r_57,0.1350259611305209,53.31686786768202,-28.0316260266596,746295725956007662,746295725956006121,1673.4665753094114,594.2823240565448,0.014137331,0.011069578,53.31686786768202,-28.0316260266596,6.643523e-07,7.4498234e-07,65891.91545217349,725.9723141223513,65640.07478769727,454.2351353656133,False,66513.53546294104,586.920195653383,False,68261.69616061261,819.9765964921673,False,68085.00821665018,1190.1118663316129,False,68252.10162788972,1655.5860063267064,False,0.5371950106745529,26.05983196714361,65225.53233751543,279.5680993759664,0.0,0.0002507688202165,False,140996.625,1244.164306640625,False,144702.40844112635,1738.2015837783629,False,144682.06977286935,3509.541894962931,False,False,1.138755938092511,55.24211470433074,False,False
