simbad_id,target_ra,target_dec,visit,detector,band,day_obs,physical_filter,sep_arcsec,src_ra,src_dec,sourceId,parentSourceId,x,y,xErr,yErr,ra,dec,raErr,decErr,calibFlux,calibFluxErr,ap09Flux,ap09FluxErr,ap09Flux_flag,ap12Flux,ap12FluxErr,ap12Flux_flag,ap17Flux,ap17FluxErr,ap17Flux_flag,ap25Flux,ap25FluxErr,ap25Flux_flag,ap35Flux,ap35FluxErr,ap35Flux_flag,sky,skyErr,psfFlux,psfFluxErr,extendedness,sizeExtendedness,apFlux_12_0_flag,apFlux_12_0_instFlux,apFlux_12_0_instFluxErr,apFlux_17_0_flag,apFlux_17_0_instFlux,apFlux_17_0_instFluxErr,apFlux_35_0_flag,apFlux_35_0_instFlux,apFlux_35_0_instFluxErr,extendedness_flag,sizeExtendedness_flag,localBackground_instFlux,localBackground_instFluxErr,localBackground_flag,sky_source
COSMOS 1426817,149.53735835662,1.97582477413,2025051500122,-1,i,20250515,i_39,0.1302456759436019,149.53732219960034,1.975822993774871,745262191846359936,0,2062.7165275545804,2047.9586843986235,0.014747762,0.015623465,149.53732219960034,1.975822993774871,8.6036533e-07,8.2695396e-07,140304.68154586194,1261.6118061327002,135252.90174863976,785.1595858029629,False,139514.62396002945,1015.8945443582404,False,141327.68973067027,1416.3430095456297,False,142448.70415063656,2056.833247435636,False,142981.99022820676,2863.553890237617,False,0.5361869910420118,43.39248843629705,138074.91088322044,553.2633999009954,0.0,0.0016929949176205,False,211787.375,1542.1583251953125,False,214539.66310691836,2150.0510812200414,False,217050.94077724215,4346.960514750149,False,False,0.8139479010778838,65.8710962319915,False,False
COSMOS 1426817,149.53735835662,1.97582477413,2025051500123,-1,i,20250515,i_39,0.1355753597368984,149.53732106779626,1.975819346544248,745262191980579079,745262191980577677,3739.5301432667984,1852.0377041277752,0.010396855,0.012186258,149.53732106779626,1.975819346544248,6.6119543e-07,5.9534193e-07,139734.11173892117,1073.1497160447925,137999.9329418606,679.0423149508764,False,140407.77432522338,871.0231584773112,False,142181.14622917885,1208.0795104371864,False,141873.0144414281,1744.1947921729231,False,140835.95982110832,2427.4525028146804,False,-0.0596302492008226,38.121976686230056,141716.26256860365,477.59908151864767,0.0,0.0009272677806272,False,232779.8125,1444.055419921875,False,235719.85753154755,2002.855776869481,False,233489.6944130659,4024.434837554057,False,False,-0.0988600403005049,63.201817903582,False,False
COSMOS 1426817,149.53735835662,1.97582477413,2025051500124,-1,i,20250515,i_39,0.1317899972758872,149.53732218464555,1.9758190023355544,745262192114795233,0,3994.537065467626,1511.8458437746272,0.010123808,0.011492755,149.53732218464555,1.9758190023355544,6.252529e-07,5.768997e-07,140515.15930397162,1015.8902840691636,137992.40712498338,646.462293464046,False,140603.30729066863,826.6564871989009,False,141045.53046870336,1143.324717923667,False,142193.963655158,1650.3890926090637,False,141955.28873705957,2295.993114064633,False,-0.1191784567589786,36.312434398784646,139171.33921953288,455.8143372161776,0.0,0.0015767285826999,False,240024.46875,1411.1885986328125,False,240779.3897075653,1951.7742030139607,False,242332.44168949127,3919.499036518012,False,False,-0.2034500206377233,61.989102130928,False,False
COSMOS 1426817,149.53735835662,1.97582477413,2025051500125,-1,i,20250515,i_39,0.1294910236801108,149.53732248046396,1.9758219013586376,745262192249539397,745262192249538523,2109.707105778188,3747.147069478561,0.0100456,0.011326191,149.53732248046396,1.9758219013586376,6.157613e-07,5.7278675e-07,142494.58386999057,1076.2514527621634,138125.66984670566,681.2742778896065,False,141218.67953469168,874.2691436934296,False,141779.6012809859,1211.7606406477794,False,141256.80403226105,1753.7829599848703,False,141720.9396587778,2437.593661296848,False,-0.0437210313081031,37.15197244692763,140205.28718991517,465.05333305605023,0.0,0.0003087422439471,False,235796.046875,1459.787109375,False,236732.63069534305,2023.304351555504,False,236634.682048142,4070.105676637173,False,False,-0.0730020021552196,62.03349489925241,False,False
COSMOS 1426817,149.53735835662,1.97582477413,2025051500126,-1,i,20250515,i_39,0.1209083188538457,149.5373247948577,1.9758230587387848,745262192384805169,745262192384803675,3063.191263981282,1719.8138674558534,0.010130986,0.012225518,149.5373247948577,1.9758230587387848,6.563987e-07,5.891675e-07,137500.2724125518,1082.5377034929652,136620.40272442505,684.1272524033227,False,138686.65265287677,878.3484904954905,False,140767.91906400814,1219.5582668993582,False,143844.04932647388,1766.4326331049751,False,140753.66270357344,2453.1918485886067,False,2.482031865954133,38.1214760944636,138239.3578084417,465.65976258591775,0.0,0.0004204599462964,False,232259.25,1470.9747314453125,False,235744.7575557232,2042.4004976910749,False,235720.8823556304,4108.37299740311,False,False,4.1566715227130375,63.842231946820185,False,False
COSMOS 1426817,149.53735835662,1.97582477413,2025051500127,-1,i,20250515,i_39,0.1335014131107037,149.5373214142259,1.9758212978485428,745262192517972854,0,1199.1988655905525,2079.0402223258934,0.0131047005,0.013957199,149.5373214142259,1.9758212978485428,7.647944e-07,7.3885536e-07,137364.76735551044,1294.1011228670927,135836.18297111205,807.5282540181669,False,138543.73207474122,1045.9689847393963,False,141049.34332105884,1458.2175236535577,False,141947.40021576927,2122.187564438776,False,139341.24331961444,2953.7976096237285,False,0.026239073072015,47.62497975689662,138979.4390914703,540.831162598737,0.0,0.0004228678501584,False,208033.296875,1570.5970458984375,False,211795.65090179443,2189.6176352669145,False,209230.8169004917,4435.337823150425,False,False,0.0393998400098716,71.51230448366601,False,False
COSMOS 1426817,149.53735835662,1.97582477413,2025051500128,-1,i,20250515,i_39,0.1186419947910258,149.53732538780525,1.9758240999735293,745262192653239763,745262192653238298,2216.0605844583915,62.68709367839542,0.017220171,0.017413305,149.53732538780525,1.9758240999735293,9.647342e-07,9.592375e-07,139826.3237356796,1468.0825360843671,135390.9714174024,904.9239866640812,False,138622.62512000874,1177.1486841983765,False,139656.28790583482,1649.8149869462336,False,142514.28340249468,2399.698878665226,False,142839.70147654763,3343.9092793796854,False,0.9053360112585084,53.881498863089625,138832.75028098185,623.3683149651167,0.0,0.0004501090291494,False,190967.015625,1621.6441650390625,False,192390.99311208725,2272.7909251304814,False,196776.47483682632,4606.5811771422805,False,False,1.2471940713733023,74.22734222770725,False,False
COSMOS 1426817,149.53735835662,1.97582477413,2025051500129,-1,i,20250515,i_39,0.1264705270141358,149.5373233016598,1.9758221709124364,745262192787458038,745262192787456257,649.5755403611646,571.1422989277928,0.011749127,0.0142232,149.5373233016598,1.9758221709124364,7.577315e-07,6.899827e-07,138162.94324857893,1100.0550893705813,136482.22331454736,692.1480023064835,False,139744.3392848563,889.9304917680973,False,143335.9249670298,1236.201869063179,False,146426.95958297988,1789.7429685749285,False,146186.40664369406,2489.494837900136,False,0.8269693522206134,39.13684136483559,138550.37272386294,490.7213419688513,0.0,0.0002712021584899,False,231589.921875,1474.8284912109375,False,237542.04166603088,2048.683300827593,False,242265.9741858244,4125.690657438934,False,False,1.3704867664328026,64.85914263504446,False,False
COSMOS 1426817,149.53735835662,1.97582477413,2025051500131,-1,i,20250515,i_39,0.1228237438101361,149.53732427345454,1.9758228410942893,745262193056416033,0,500.2624130664369,656.0207930784306,0.010399904,0.012849908,149.53732427345454,1.9758228410942893,6.776359e-07,6.198735e-07,139507.4652832554,1106.9884831245367,136281.64483672468,696.4615934690944,False,139637.79046880058,895.8438002633812,False,142504.4439293477,1241.7127619157193,False,142761.08541845216,1801.585555641795,False,140987.97716140194,2503.527883211421,False,-0.0035197983696812,39.90359508122013,138725.13304300266,482.74949839196046,0.0,4.970875698839805e-07,False,230682.5625,1479.93994140625,False,235418.2931632996,2051.317776126445,False,232913.07993412015,4135.844784212962,False,False,-0.0058147304155662,65.92100559164142,False,False
COSMOS 1426817,149.53735835662,1.97582477413,2025051500132,-1,i,20250515,i_39,0.1203044732122416,149.53732520821438,1.975820387098548,745262193190633928,0,194.44819241314883,1143.8619279495083,0.014282665,0.01386804,149.53732520821438,1.975820387098548,7.774512e-07,7.8669757e-07,141145.44883996088,1516.6956743625074,139078.46183982515,937.7883958507334,False,141247.82472110077,1220.777825685696,False,142480.5944798048,1711.7399210336434,False,147754.5713692688,2492.3879597091577,False,149021.05817954766,3475.7702349294923,False,3.96246367095869,54.74099682261883,141123.90687597054,597.6422918260503,0.0,0.0002297232120295,False,191375.390625,1654.020751953125,False,193045.65913772583,2319.2208211563548,False,201907.2738059759,4709.289419117051,False,False,5.368705920706523,74.1680777797179,False,False
COSMOS 1426817,149.53735835662,1.97582477413,2025051500133,-1,i,20250515,i_39,0.1276638451918003,149.53732296305256,1.975822254079947,745262193324852312,0,1299.5107882047746,3219.9314689619896,0.01816391,0.01796543,149.53732296305256,1.975822254079947,1.0016043e-06,1.0057312e-06,139051.52665303502,1837.1794328746903,138564.78798610746,1126.5692126520096,False,140432.2688421781,1474.8303645947176,False,143512.3837450602,2079.675946611441,False,143311.72655501906,3024.9468528687057,False,147892.66611979326,4226.273090690562,False,1.453659600648436,65.44269530356584,139152.1424410499,705.9288310561393,0.0,0.001354055717269,False,165081.28125,1733.6961669921875,False,168702.025390625,2444.7057124545304,False,173851.14555096626,4968.078793255608,False,False,1.7088094592140688,76.92935589687825,False,False
COSMOS 1426817,149.53735835662,1.97582477413,2025051500134,-1,i,20250515,i_39,0.1315071729342038,149.53732190941588,1.975822016500736,745262193459071316,745262193459070369,2220.5194086492806,3137.9948662815336,0.012698099,0.013201788,149.53732190941588,1.975822016500736,7.240702e-07,7.150951e-07,141919.0443021201,1215.9625246163537,138534.65066715894,761.9999010039708,False,141388.05997582228,983.7112501123132,False,143157.07829781322,1370.6371297870337,False,142884.41667067682,1985.375439445975,False,140098.2267183916,2765.5452326643745,False,-0.3204709204047938,42.18152562479066,141220.63486820098,520.2076019408048,0.0,2.799654086860226e-05,False,220277.0625,1532.5836181640625,False,223033.123793602,2135.39899164433,False,218267.552778244,4308.611209223465,False,False,-0.4992811484612687,65.71716563609583,False,False
COSMOS 1426817,149.53735835662,1.97582477413,2025051500135,-1,i,20250515,i_39,0.125691267142281,149.53732351618729,1.9758222067583904,745262193591716137,745262193591714669,1575.8663477898135,1738.0934398349077,0.012701533,0.011719373,149.53732351618729,1.9758222067583904,6.702926e-07,6.87133e-07,139892.7927960484,1085.362939053544,137401.38977507246,686.8206610852513,False,139828.98517433397,882.0669878783568,False,141519.18505596212,1222.8095951465125,False,140716.48668086898,1772.4111701098152,False,140639.53977659988,2464.005216377524,False,0.4339993760045119,39.24490211909264,140101.1890282615,484.20748875901967,0.0,5.566802879442001e-06,False,234843.34375,1481.43505859375,False,237682.0412583351,2053.713639813367,False,236204.6734689474,4138.306684483854,False,False,0.7289036998962727,65.91197116462286,False,False
COSMOS 1426817,149.53735835662,1.97582477413,2025051500136,-1,i,20250515,i_39,0.1205772356662508,149.5373248431498,1.97582468032106,745262193725933552,745262193725932377,592.5976545686631,2099.825661699856,0.013911597,0.01593815,149.5373248431498,1.97582468032106,8.458222e-07,8.1567765e-07,138972.16714956917,1181.9047486920429,135026.77276904264,738.7781671375367,False,138005.52110101338,953.756491065732,False,139004.11462078703,1328.4919594884325,False,138283.25202462223,1925.416281651289,False,135843.65092440866,2682.3738330780097,False,-0.7688852883951635,43.066198707611086,140908.93843836655,538.0897113833937,0.0,0.0002174716647309,False,221894.09375,1533.5106201171875,False,223499.6962094307,2136.0342474202853,False,218418.10076206925,4312.892020848202,False,False,-1.2362628893758034,69.24458570384408,False,False
COSMOS 1426817,149.53735835662,1.97582477413,2025051500137,-1,i,20250515,i_39,0.1279563510364869,149.53732279403937,1.9758251505689703,745262193859626919,745262193859625694,3777.111157467855,1783.745024451972,0.013247899,0.015614468,149.53732279403937,1.9758251505689703,8.196641e-07,7.8853685e-07,140490.64584274965,1130.6689035732588,136208.01579534097,709.0657794769178,False,141032.5320369679,913.7565629862806,False,143635.16667901713,1270.8608665005047,False,144336.62939247914,1840.1149549819856,False,145706.94367260503,2560.946550189788,False,0.6519457600655059,40.123226766551184,140381.44697467,517.853619770519,0.0,3.027190550208836e-05,False,231625.3125,1500.7115478515625,False,235899.759349823,2087.2031516107268,False,239302.35013252497,4205.980254456612,False,False,1.0707255852758877,65.89653326138061,False,False
COSMOS 1426817,149.53735835662,1.97582477413,2025051500138,-1,i,20250515,i_39,0.1349996508014196,149.53732104901346,1.9758207691649832,745262193994369059,745262193994368101,359.2336508349562,2855.39664940077,0.015607292,0.017922735,149.53732104901346,1.9758207691649832,9.4619327e-07,9.205677e-07,139328.4467639897,1172.587864368423,134729.42724682056,730.2609257958586,False,139125.7676520077,942.6340016331392,False,141315.8568825373,1311.59639985967,False,143857.34962214227,1903.3369125338168,False,142431.41044862193,2649.424456941111,False,0.0227719470636631,41.13349092550995,140010.48564854462,557.4840412857383,0.0,0.0001115782354055,False,224161.140625,1518.783447265625,False,227689.8392138481,2113.260181734167,False,229487.23278099296,4268.785130826341,False,False,0.036690439982411,66.274784314675,False,False
COSMOS 1426817,149.53735835662,1.97582477413,2025051500139,-1,i,20250515,i_39,0.1336984935302211,149.53732134745496,1.97582142512265,745262194133829417,745262194133827935,679.7556314307091,905.158431926398,0.013909891,0.015933545,149.53732134745496,1.97582142512265,8.3970133e-07,8.2182754e-07,139518.99178986598,1134.0479296670862,135186.2908341431,709.2389295255904,False,139584.15989550686,913.915603998826,False,142144.8384776004,1271.8819326947596,False,144256.67343466613,1841.8851564215825,False,142997.4469168045,2561.6818800080805,False,0.0966574255863994,39.90462844015893,138663.1156921793,522.2377171823606,0.0,0.0007588433992814,False,229652.8125,1503.632568359375,False,233865.80513989925,2092.5817315514,False,235268.5712286234,4214.643329977732,False,False,0.1590269959825192,65.65365411025394,False,False
COSMOS 1426817,149.53735835662,1.97582477413,2025051500140,-1,i,20250515,i_39,0.1292779488944506,149.53732262007014,1.975821034598228,745262194263852612,745262194263851401,2507.746864269254,1161.03090269647,0.01804204,0.01958513,149.53732262007014,1.975821034598228,1.0516715e-06,1.0404183e-06,141335.50915658654,1571.5531096772345,135514.44490106052,965.599833752565,False,140283.34875080534,1260.0730703593397,False,141251.36330389584,1765.1094774958954,False,142865.9386931448,2575.3155787545384,False,141711.7886317915,3589.693093945457,False,-0.1160236493041128,56.23268314720375,138423.18918337298,658.3915326295567,0.0,0.0007734024693436,False,188011.3125,1688.781982421875,False,189308.67022824287,2365.644622297252,False,189925.7439649105,4810.997998513325,False,False,-0.1554978461873989,75.36447239139432,False,False
COSMOS 1426817,149.53735835662,1.97582477413,2025051500141,-1,i,20250515,i_39,0.1350660805024449,149.53732084812918,1.9758232208997344,745262194398069665,0,3511.7595714425856,2961.6002911554706,0.017662419,0.017517142,149.53732084812918,1.9758232208997344,9.769441e-07,9.776599e-07,138855.04915504588,1684.3078663183312,135893.63108210452,1033.286723737105,False,139890.21347380252,1350.7406291496818,False,143940.19549002947,1897.8992204329693,False,144903.8451243109,2768.166092119672,False,144334.66717860475,3861.715527446549,False,0.3432028390007097,60.9874815058453,140982.80389153032,688.7542178356489,0.0,0.0015693897727693,False,177224.015625,1711.225341796875,False,182354.85400390625,2404.4092345293143,False,182854.60202032328,4892.327461517949,False,False,0.4347965721919261,77.26377783636339,False,False
COSMOS 1426817,149.53735835662,1.97582477413,2025051500142,-1,i,20250515,i_39,0.1280087067901708,149.53732290447854,1.9758217725912812,745262194531239764,745262194531238540,2476.0933501251548,1617.3275285559523,0.014881778,0.016175376,149.53732290447854,1.9758217725912812,8.653789e-07,8.6097043e-07,139209.65340009276,1322.5163249976424,135597.06796909688,819.1341177758658,False,139601.61510780262,1062.4808978315032,False,143568.44051309506,1486.5086457561113,False,143079.9351726403,2156.284097226125,False,143503.23889740813,3004.014609662649,False,0.1481323175977684,46.65803963650742,139498.89955054884,572.9084345914694,0.0,5.681197186802045e-05,False,209741.484375,1596.3018798828125,False,215701.35703206065,2233.3733721948297,False,215603.3962481022,4513.318007304448,False,False,0.2225582573158091,70.10038160254554,False,False
COSMOS 1426817,149.53735835662,1.97582477413,2025051500143,-1,i,20250515,i_39,0.1384493192118472,149.5373201797967,1.9758199479991392,745262194670698763,0,1281.0066795072466,793.8625669662925,0.016148068,0.016372846,149.5373201797967,1.9758199479991392,9.0324545e-07,9.0327956e-07,136715.27184743632,1613.07422751067,135574.33723998934,993.9639526785008,False,139375.47292376435,1297.5169938527267,False,144814.7206474547,1818.2009906066987,False,152298.27889561374,2654.751443316272,False,157370.87524903423,3703.848664087031,False,5.634423905083643,58.55480038719961,138228.5904882798,643.6886426089553,0.0,4.438629554903706e-06,False,183719.5625,1710.338623046875,False,190889.37646484372,2396.68489386251,False,207440.43226894736,4882.275495520522,False,False,7.427087945005339,77.18475915267655,False,False
COSMOS 1426817,149.53735835662,1.97582477413,2025051500144,-1,i,20250515,i_39,0.1341725852192962,149.5373212707817,1.9758208574313505,745262194801246249,0,2830.808087553733,130.56433760735382,0.012979061,0.014043744,149.5373212707817,1.9758208574313505,7.507949e-07,7.515633e-07,140619.96047006702,1430.4516168585965,135798.23963014822,884.8168811517368,False,140165.64869539707,1151.7100509081172,False,142322.97271844695,1614.5279906508492,False,144966.0252613844,2347.6030790508357,False,146451.10466657247,3275.263706854675,False,2.4721177282449225,50.48459792469326,139744.08990957247,573.7764461491544,0.0,9.857051186390464e-08,False,201614.671875,1656.623046875,False,204717.77294921875,2322.341701392658,False,210655.68980634207,4711.14872800704,False,False,3.555901244388405,72.61719073157323,False,False
COSMOS 1426817,149.53735835662,1.97582477413,2025051500145,-1,i,20250515,i_39,0.1249414457948414,149.53732367286392,1.9758230506126573,745262194933892748,745262194933891714,3318.11880866102,1814.371571033735,0.01780315,0.018014679,149.53732367286392,1.9758230506126573,9.943478e-07,9.950498e-07,141366.23129255342,1516.971316925158,136280.96293620125,932.2893213918906,False,140190.51162683807,1215.0794500452364,False,141176.04000292314,1704.8201601054295,False,142240.0674260633,2482.4477576236177,False,136144.23240749445,3457.9665178379023,False,-1.4795920647798508,53.65959463500811,140267.47120950924,644.6256525486139,0.0,5.361692670957652e-07,False,192899.625,1671.927490234375,False,194255.6943371296,2345.801907422532,False,187332.0174993277,4758.099794435652,False,False,-2.035892095241983,73.83463804096351,False,False
COSMOS 1426817,149.53735835662,1.97582477413,2025051500147,-1,i,20250515,i_39,0.122132101504838,149.53732471703404,1.9758202278493435,745262195202328424,745262195202327683,2743.3190666392256,3116.175727838807,0.0177621,0.01894431,149.53732471703404,1.9758202278493435,1.0162645e-06,1.0236588e-06,138648.750245529,1360.178455651167,134686.2565220498,840.2801411520901,False,138158.296641256,1090.9764759400634,False,140874.64077753015,1526.199532952476,False,142070.5075672661,2218.9344601034645,False,138826.71889750852,3090.3552244112684,False,-0.6186660886896714,48.50427684637387,141079.42548330425,621.0032819100517,0.0,0.0059936658113499,False,203666.234375,1608.264404296875,False,207670.5366496444,2249.8490451748576,False,204651.58992159367,4555.651211242592,False,False,-0.9120074268584272,71.50264339198255,False,False
COSMOS 1426817,149.53735835662,1.97582477413,2025051500149,-1,z,20250515,z_20,0.131545231972592,149.53732179685267,1.9758243631745085,745262195470762484,0,507.7657256804186,2056.0823555091583,0.028401563,0.030127147,149.53732179685267,1.9758243631745085,1.651424e-06,1.600327e-06,140425.9236945878,3464.9598578243244,136483.2857786768,2088.8917581106434,False,137939.64267817102,2763.664711065156,False,134295.08066821107,3913.723446283696,False,136960.5439773479,5743.858353589063,False,138709.40555756757,8025.691339923741,False,2.7935946128675573,128.4646155410931,140840.28289219475,1209.7221910459182,0.0,0.0007890404323994,False,95842.515625,1920.2353515625,False,93310.2197265625,2719.313268249708,False,96377.3583240509,5576.369727466279,False,False,1.9410310925507812,89.25912582638051,False,False
COSMOS 1426817,149.53735835662,1.97582477413,2025051500150,-1,z,20250515,z_20,0.1437368040173092,149.53731866347545,1.9758202482378768,745262195604980030,0,810.8000643229324,1760.3230050841355,0.040951226,0.05680835,149.53731866347545,1.9758202482378768,2.9622802e-06,2.5194095e-06,137854.67942699196,4618.557098806069,135786.30004975738,2765.779748520947,False,136757.88685407586,3671.34196039534,False,138215.22033034498,5218.339632219843,False,139175.8064974197,7649.796652808983,False,137366.86627823376,10704.667220781834,False,-0.5839893280910091,168.4154316816924,140533.0774754099,1772.21067607179,0.0,0.0143502794306025,False,77164.6640625,2071.528564453125,False,77986.9541015625,2944.410987528161,False,77508.2763671875,6040.032271585714,False,False,-0.329511820889069,95.02720835782934,False,False
COSMOS 1426817,149.53735835662,1.97582477413,2025051500152,-1,z,20250515,z_20,0.1242400966472785,149.5373239857925,1.9758214470956408,745262195874465194,745262195874464346,3789.1487274536858,1895.2589972285505,0.028860668,0.029714987,149.5373239857925,1.9758214470956408,1.6374017e-06,1.6166197e-06,143012.91158913588,2039.8134973659264,136724.1604577843,1241.0511566565897,False,143814.22298196523,1629.26129625454,False,148732.58373875328,2297.4556934767334,False,148711.09068692735,3352.6380053764224,False,152340.41275050942,4679.503009025486,False,0.9253178569263808,72.16543302600111,142336.74839062706,928.7495490944868,0.0,0.0009926111569146,False,150598.875,1706.1241455078125,False,155749.26681423187,2405.8416172323214,False,159527.30057957768,4900.265593387994,False,False,0.9689711169110102,75.56994574150362,False,False
COSMOS 1426817,149.53735835662,1.97582477413,2025051500153,-1,z,20250515,z_20,0.145843821122628,149.53731782158596,1.9758250908505468,745262196007633272,0,2234.5006048204737,2446.651540462225,0.06400502,0.07408943,149.53731782158596,1.9758250908505468,3.958258e-06,3.7277355e-06,120473.11497235855,6475.360628416012,127262.29705299264,3859.685326429815,False,128662.5307248632,5137.629501823573,False,133755.7865532835,7326.869198432318,False,154591.19877215012,10759.75472751956,False,154327.67807912512,15045.60999281051,False,7.80929122152895,237.25575542092008,133827.35578882854,2409.150395221904,0.0,0.0205346091950376,False,55982.19140625,2235.427490234375,False,58198.3115234375,3187.9848123952065,False,67149.3212890625,6546.47638046606,False,False,3.3978908501781797,103.23205238836256,False,False
COSMOS 1426817,149.53735835662,1.97582477413,2025051500154,-1,z,20250515,z_20,0.1136375264608372,149.53732690010324,1.97582193249818,745262196142900475,745262196142899246,3058.6198808393187,149.91686266696206,0.026416784,0.028658532,149.53732690010324,1.97582193249818,1.5546378e-06,1.5068291e-06,136243.20249142728,2554.3451264631613,136550.34278881364,1543.7051961942188,False,139817.7278882002,2034.8504499752487,False,144932.33027062053,2879.6914435904405,False,147582.26201640817,4209.001821670697,False,149314.3112696019,5878.626699185843,False,2.041825439394529,92.12287482302402,136407.94211319683,968.5285883302056,0.0,0.0018198211681397,False,124898.2890625,1817.718994140625,False,129467.13091430068,2572.410092516749,False,133381.52673336864,5251.339925596148,False,False,1.8239497079267455,82.29277948297711,False,False
COSMOS 1426817,149.53735835662,1.97582477413,2025051500155,-1,z,20250515,z_20,0.1341122192977595,149.53732112127508,1.9758230442176865,745262196277118440,745262196277117109,1426.0823358026928,532.0180574030311,0.025184162,0.025740389,149.53732112127508,1.9758230442176865,1.4197512e-06,1.4089727e-06,140765.31631993563,2085.269396633085,137320.85239913568,1274.4915806922068,False,139361.6285173213,1672.716428499051,False,138417.81540767435,2346.1107337672875,False,139676.93077071593,3440.1698638964094,False,136812.53413150532,4806.247603016377,False,-0.7773041904442891,77.09143765988776,139585.29512812098,871.6154592807798,0.0,0.0004622677996393,False,144880.546875,1738.9583740234375,False,143899.35742616653,2439.0200498788317,False,142230.50473225117,4996.581832101103,False,False,-0.8080865400177255,80.14436804716517,False,False
COSMOS 1426817,149.53735835662,1.97582477413,2025051500156,-1,z,20250515,z_20,0.1190275721732971,149.53732541338235,1.975827808815224,745262196411860402,745262196411859105,4061.3103863317474,467.6090156973551,0.022211876,0.025199357,149.53732541338235,1.975827808815224,1.344781e-06,1.2933236e-06,142505.00590062205,2023.4228454949912,136448.19416556077,1229.8398179190349,False,142044.46244604062,1614.004138881014,False,143748.5573394451,2274.6049424023613,False,142950.12049952152,3326.585240380109,False,,,True,-1.30337765815346,71.34801146119801,137043.10939248008,815.1985707813974,0.0,3.2750367266798364e-05,False,149135.09375,1694.5726318359375,False,150924.254322052,2388.1495659026664,True,,,False,False,-1.3684401763582432,74.9095895391481,False,False
COSMOS 1426817,149.53735835662,1.97582477413,2025051500157,-1,z,20250515,z_20,0.1343643242440224,149.5373214162357,1.975819290695349,745262196546076902,0,1255.3656026863746,905.9011189730832,0.032397456,0.030390386,149.5373214162357,1.975819290695349,1.7288829e-06,1.7605578e-06,139765.29261714272,3189.981433522628,136502.3806009754,1918.8383872009565,False,140791.65038901637,2537.846806665775,False,145444.1822338458,3599.831088614316,False,151672.99315278264,5269.425958517079,False,144633.81152802496,7364.305956956772,False,0.1873575983606629,117.03818031403584,141144.0292124672,1187.5852192091104,0.0,0.0001702392594837,False,106042.53125,1911.474853515625,False,109546.7607421875,2711.348291282517,False,108936.39954066277,5546.704242882237,False,False,0.1411154278267876,88.1517111213756,False,False
COSMOS 1426817,149.53735835662,1.97582477413,2025051500158,-1,z,20250515,z_20,0.1225197665519103,149.5373245274699,1.97582087382872,745262196680295621,745262196680294768,911.3009547795568,1362.382440239289,0.03383359,0.031784985,149.5373245274699,1.97582087382872,1.8095241e-06,1.8374465e-06,139242.44744321462,2701.455367943867,135575.60647162283,1625.4421443738784,False,141381.0963447491,2145.06742146653,False,145321.67430167735,3036.379023848561,False,156357.0198728061,4446.443542981257,False,157058.2695399359,6211.471265332563,False,1.5824669658465793,98.642746339977,142073.50845554407,1131.7065808111895,0.0,0.0001096945785555,False,119918.9296875,1819.4383544921875,False,123261.31352213024,2575.4456011404304,False,133216.25074878335,5268.54724698849,False,False,1.342242702287514,83.66841726620218,False,False
COSMOS 1426817,149.53735835662,1.97582477413,2025051500159,-1,z,20250515,z_20,0.1456270383484459,149.53731801192248,1.9758215182240864,745262196814512950,0,1854.682912457248,3523.5615210175083,0.044182695,0.04318058,149.53731801192248,1.9758215182240864,2.4211572e-06,2.4328574e-06,145015.8498430813,4381.81769973076,139389.1317123122,2619.160187847122,False,144466.93328590583,3476.410651656913,False,143469.03937140977,4947.558876228529,False,155164.45695836633,7255.400929871746,False,166495.85672101326,10141.87323020926,False,7.319426668861786,159.00513989227264,143214.69734342338,1626.981936593601,0.0,0.0026481319796262,False,86663.8984375,2085.455078125,False,86065.2744140625,2967.978417001893,False,99878.77287170292,6083.982345284573,False,False,4.390832109626099,95.38518594696832,False,False
COSMOS 1426817,149.53735835662,1.97582477413,2025051500160,-1,z,20250515,z_20,0.1306209857728853,149.53732207724607,1.9758234060071689,745262196948730911,0,2772.337020693478,3513.7712597029067,0.023648359,0.024701392,149.53732207724607,1.9758234060071689,1.3482633e-06,1.3383592e-06,140661.79127805997,2618.8662720089574,132512.17339137086,1583.650655582352,False,137292.15030626435,2089.5501990340053,False,135295.0605874206,2957.384465524454,False,131492.58032873974,4323.93963745923,False,130269.94173718015,6044.944955064227,False,-3.216607457867414,96.10997479253932,137781.04650354575,968.7145927221076,0.0,0.0036351979437122,False,118645.0546875,1805.746337890625,False,116919.2107963562,2555.7108753951966,False,112576.60636144876,5223.917195386793,False,False,-2.7797260578668825,83.05626497828099,False,False
COSMOS 1426817,149.53735835662,1.97582477413,2025051500161,-1,z,20250515,z_20,0.125668507738622,149.53732355318004,1.9758218206179308,745262197081375474,0,2574.9178576000027,2078.5662251710573,0.02027412,0.02201022,149.53732355318004,1.9758218206179308,1.1822834e-06,1.1681084e-06,139969.82144683224,2038.1119867432835,135105.2393365701,1240.2456890630497,False,138290.937394187,1627.1235272863526,False,138557.77833145866,2294.915037322493,False,135243.7701640153,3347.293734971136,False,135862.1097437014,4673.649909902459,False,-0.7227062654593319,74.46816256151419,140665.01216087406,808.3522132396882,0.0,0.0019780501405276,False,145634.21875,1713.524169921875,False,145915.22900390625,2416.775566466997,False,143076.41977906227,4921.821821190887,False,False,-0.7610821384187398,78.42243953760334,False,False
COSMOS 1426817,149.53735835662,1.97582477413,2025051500162,-1,z,20250515,z_20,0.1357782491657577,149.53732061928105,1.975825084567819,745262197215592873,0,1564.2137953093074,2352.911935730861,0.051493555,0.05576123,149.53732061928105,1.975825084567819,2.9940368e-06,2.9675136e-06,134681.31725350005,5179.001152299423,133888.6392043382,3085.869720893109,False,134938.56077961923,4100.145679374391,False,137626.12429423124,5829.341854420651,False,129524.72474092332,8558.37941834712,False,123252.55833146108,11965.595493927589,False,-5.554813161369994,188.93053227001187,143106.68864757032,1986.591332864912,0.0,0.0262797658442176,False,71288.828125,2166.130859375,False,72708.68359375,3079.675276960777,False,65115.044921875,6321.493838762767,False,False,-2.934640168381013,99.81310134586754,False,False
COSMOS 1426817,149.53735835662,1.97582477413,2025051500163,-1,z,20250515,z_20,0.1432428307205052,149.5373186435202,1.975821952300768,745262197349810613,0,556.0915092984059,1965.2855991925005,0.038534913,0.044127207,149.5373186435202,1.975821952300768,2.312923e-06,2.2880986e-06,137115.36371852882,4042.6701009099615,133082.63857654604,2416.514194895493,False,138527.2831598125,3205.8679540142334,False,138682.03998143776,4556.1024370083705,False,148109.014512568,6674.584024640611,False,138656.07511423263,9331.97171376574,False,1.1490772231338982,149.41586954009708,138752.1283168701,1514.326716385751,0.0,9.022490567978104e-05,False,90781.8828125,2100.919921875,False,90883.30049228668,2985.7768670816645,False,90866.28478622437,6115.574803782884,False,False,0.7530313988235129,97.9175628765377,False,False
COSMOS 1426817,149.53735835662,1.97582477413,2025051500164,-1,z,20250515,z_20,0.1223458439381453,149.53732439539002,1.975823046946255,745262197484029796,745262197484029057,1272.0375236155555,3115.6897170323696,0.02280342,0.026713338,149.53732439539002,1.975823046946255,1.3840332e-06,1.3747448e-06,137603.85830353046,1845.78089564218,133094.13336667477,1121.8882370011738,False,137773.24026083198,1468.6289671111515,False,141017.72905196587,2066.329887757693,False,141498.5098316262,3012.332403663139,False,136419.52393956218,4201.807362127503,False,-1.8069811003657112,66.61097193798646,139508.28541710883,806.2889177618589,0.0,0.0002462384984748,False,154554.75,1647.5157470703125,False,158194.43469524384,2318.019802795555,False,153036.14386713505,4713.6097341712775,False,False,-2.0270809606642035,74.7245408153424,False,False
COSMOS 1426817,149.53735835662,1.97582477413,2025051500165,-1,z,20250515,z_20,0.1249764343259707,149.53732363180214,1.9758238805013224,745262197623489091,0,1389.9561040686924,1521.2739035908678,0.017836722,0.018365663,149.53732363180214,1.9758238805013224,1.0055389e-06,1.0056962e-06,139624.79153156903,2012.7586223301005,136310.85336935372,1229.6280794107788,False,138999.64303726872,1612.2640025861117,False,140876.60364598644,2268.467224801055,False,140669.25486247984,3317.2655141906403,False,139402.4330001821,4629.081094867433,False,0.3344841438604368,74.78299226108211,139488.76537661726,757.327619508268,0.0,8.148595158052885e-05,False,146492.703125,1699.1763916015625,False,148470.8451347351,2390.753590802196,False,146917.2063047886,4878.621180272708,False,False,0.3525151958370783,78.81432243077464,False,False
COSMOS 1426817,149.53735835662,1.97582477413,2025051500166,-1,z,20250515,z_20,0.1295599690003524,149.53732237618598,1.975823308941381,745262197753513190,745262197753512318,3237.299109653067,1267.428782302764,0.030675838,0.03534706,149.53732237618598,1.975823308941381,1.8351164e-06,1.8416259e-06,148465.54514561107,3064.580926944491,142499.28746364205,1844.8756859564885,False,146281.11547448146,2437.540579796167,False,150421.69135639502,3458.0726704824924,False,150434.23077834933,5063.806576086703,False,148282.17388529034,7071.684040658899,False,-1.5068507824908004,109.40221737130868,143407.74521110317,1199.228708086317,0.0,0.0009817259151424,False,114065.2109375,1900.714111328125,False,117293.8960609436,2696.491528085181,False,115625.5705846548,5514.267027324014,False,False,-1.1749927651196657,85.30825705704639,False,False
COSMOS 1426817,149.53735835662,1.97582477413,2025051500168,-1,z,20250515,z_20,0.1385798700998447,149.53731991749063,1.9758223227589984,745262198020900244,745262198020899413,3488.610501060553,2049.571723130793,0.034071345,0.033855524,149.53731991749063,1.9758223227589984,1.8864936e-06,1.8859375e-06,144318.18204007842,2142.816893651386,133831.995108632,1286.79018113492,False,143231.9808009502,1691.5285905438077,False,147479.1309493766,2389.533470272504,False,151681.1883244522,3488.8457411894374,False,156629.40805303716,4866.084157568517,False,3.445724921771626,78.21038579414687,142408.44236261147,1006.2837956367722,0.0,5.4967996798716e-07,False,142946.734375,1688.159912109375,False,147185.42632579803,2384.7747154310773,False,156317.48065668344,4856.393353136731,False,False,3.438862762125109,78.05462984568331,False,False
COSMOS 1426817,149.53735835662,1.97582477413,2025051500169,-1,z,20250515,z_20,0.12658924816141,149.537323281029,1.9758220083052611,745262198160359870,0,2002.9851391994,1439.9692460001572,0.024371311,0.023927547,149.537323281029,1.9758220083052611,1.3427763e-06,1.3402205e-06,137258.00937064766,2642.6543807074254,135143.40069388054,1609.6301794881217,False,139569.68772234948,2123.1374166644428,False,143816.08731254473,2986.883896600017,False,154343.60740834617,4383.488349771479,False,152831.3086813699,6138.104675940582,False,5.539210489369402,95.29539913143564,142090.47387012804,1000.9645392220996,0.0,0.000922594651007,False,119630.1953125,1819.8173828125,False,123269.93701171876,2560.165532768493,False,130997.20724308492,5261.1901138026005,False,False,4.747856382960138,81.68111139687502,False,False
COSMOS 1426817,149.53735835662,1.97582477413,2025051500170,-1,z,20250515,z_20,0.127404621749923,149.53732294620806,1.9758245341639555,745262198290908575,745262198290907336,3600.398403769906,565.1204256444839,0.022510648,0.023593847,149.53732294620806,1.9758245341639555,1.2755811e-06,1.2861352e-06,136938.10162814942,2267.96851714542,134839.31252856713,1376.044795235813,False,137698.92270409397,1809.8820249363328,False,140540.94021171582,2556.430870134743,False,143829.25731524738,3735.639649570469,False,152229.38121889133,5218.525501182106,False,4.3865781578942125,83.24972101489969,139050.61899548216,868.5078815535448,0.0,0.0009727997446418,False,131570.28125,1729.32861328125,False,134285.8075261116,2442.6503996883503,False,145454.02468052506,4986.261725346188,False,False,4.191342318628679,79.54448003527288,False,False
COSMOS 1426817,149.53735835662,1.97582477413,2025051500171,-1,z,20250515,z_20,0.137550426607862,149.53732070790485,1.9758181299630624,745262198427222718,0,41.536718852237854,2288.4081433054084,0.022142138,0.024165718,149.53732070790485,1.9758181299630624,1.2761071e-06,1.2983267e-06,141894.0408745904,2559.3384398363623,135551.3751121847,1550.9007480006674,False,140807.2955916865,2044.8937489666384,False,140364.99286084782,2892.6126864496146,False,139286.31813295622,4239.9870476993865,False,130995.01668297798,5915.80103978497,False,-4.235280808070101,93.75117994080664,142727.20156245865,959.941049986312,0.0,0.0022076971749727,False,124109.90625,1802.403564453125,False,123720.05322265624,2549.597219549314,False,115461.1994458437,5214.286016616842,False,False,-3.733047366780327,82.6338585965099,False,False
COSMOS 1426817,149.53735835662,1.97582477413,2025051500172,-1,z,20250515,z_20,0.1306129968272881,149.53732214472183,1.9758222058007613,745262198563013340,0,588.1732715544418,2258.2010664766703,0.021617606,0.021367932,149.53732214472183,1.9758222058007613,1.195518e-06,1.1924301e-06,137038.57867188452,2600.426730350272,134711.91549569726,1573.6082512535638,False,136871.61538734168,2074.1930945781696,False,138147.1420352737,2936.951600135785,False,144065.4291054387,4294.671993377999,False,140189.14044202617,5996.563685169949,False,2.391939109722962,96.61556673960352,137135.7511400783,916.7184416954684,0.0,0.0035176036651406,False,119817.4296875,1815.7489013671875,False,120934.02587890624,2571.0078079300924,False,122721.59154641628,5249.392620092615,False,False,2.0939038038307367,84.57727953147995,False,False
COSMOS 1426817,149.53735835662,1.97582477413,2025051500173,-1,z,20250515,z_20,0.1327999789043932,149.53732154599473,1.975822057827696,745262198691988645,0,3616.9662597628094,3541.5179192686364,0.019115461,0.018166313,149.53732154599473,1.975822057827696,1.0424925e-06,1.028763e-06,140700.44943954167,2232.198333517827,136360.91301428847,1359.462710209802,False,138750.4057898156,1786.721873302619,False,138349.85584960968,2521.593475945237,False,136301.80253362583,3678.967584966677,False,134207.4512368742,5143.007879602971,False,-2.178595950218166,80.39006358487401,143233.3231058993,819.9557845557118,0.0,0.0002298399811168,False,135646.96875,1746.7581787109375,False,135255.3779296875,2465.192872660081,False,131205.62668135762,5027.973973512623,False,False,-2.1298671891870717,78.59197514295364,False,False
COSMOS 1426817,149.53735835662,1.97582477413,2025051500174,-1,z,20250515,z_20,0.1350379054131037,149.53732099728091,1.975821171532626,745262198831449165,0,1052.5954678303403,2924.106923342207,0.018786188,0.019602822,149.53732099728091,1.975821171532626,1.0593786e-06,1.0736044e-06,143868.96445160027,2418.594292993721,138746.65014504633,1468.568847596884,False,141547.90207881707,1933.5988702845232,False,141401.53488888952,2733.201538048924,False,137082.33779544203,3991.774387636,False,130876.2355330292,5577.6832132614745,False,-2.3295789142631675,88.52602833769575,141950.86243529862,852.5781764095899,0.0,0.0037602225929108,False,130885.53125,1787.94677734375,False,130750.189453125,2527.3178200949583,False,121017.72872763872,5157.533384743728,False,False,-2.1540988549046327,81.85763319883105,False,False
COSMOS 1426817,149.53735835662,1.97582477413,2025051500175,-1,z,20250515,z_20,0.1328581229966243,149.53732160611875,1.9758211702866977,745262198961996175,0,2077.801145498286,1120.940379179426,0.018992655,0.020361578,149.53732160611875,1.9758211702866977,1.0808786e-06,1.1064587e-06,143174.8539466356,2485.601180029168,138969.73473505583,1511.3520675273533,False,141344.48104505328,1990.5166079442693,False,141602.76976019144,2810.1647058430203,False,143622.12931510963,4114.343901001099,False,138652.06949827453,5745.667596537404,False,-0.9245214012750942,91.64149775080745,141973.58536000224,873.8663070307729,0.0,4.642944267496674e-06,False,128826.0078125,1814.2222900390625,False,129061.42064070702,2561.2765187057485,False,126372.05539500712,5236.790380542847,False,False,-0.8426392058811626,83.52507446988074,False,False
COSMOS 1426817,149.53735835662,1.97582477413,2025051500176,-1,z,20250515,z_20,0.1258293332273733,149.53732338773375,1.9758242134917048,745262199099884326,0,1275.801108032808,3513.841923438193,0.029349733,0.030299362,149.53732338773375,1.9758242134917048,1.6469477e-06,1.6668856e-06,145123.3484009065,5197.460793313972,141438.29482989208,3119.918722413709,False,147269.97255530796,4145.16525678024,False,144751.5711677842,5892.4726607749935,False,145873.64114610755,8650.401499405669,False,145447.11318978592,12096.62077067816,False,-2.268943340482245,192.07900268946705,142439.96393267892,1519.1422983979285,0.0,0.0016173692176063,False,76193.0078125,2144.58251953125,False,74890.0634765625,3048.5862643096552,False,75249.91577908397,6258.423933222301,False,False,-1.1738823241958474,99.37583811961056,False,False
COSMOS 1426817,149.53735835662,1.97582477413,2025051500178,-1,z,20250515,z_20,0.1290073996232143,149.53732259600497,1.9758221523632344,745262199362552539,0,3831.6040657241942,2210.9236703729784,0.015187854,0.020661974,149.53732259600497,1.9758221523632344,1.0737062e-06,9.3573914e-07,137114.551948685,2186.840601299597,136543.62504824766,1332.0617046216837,False,138616.0748261273,1750.2325177668513,False,141292.31430434503,2471.752382768506,False,142603.61954154848,3610.2304438917367,False,136798.963500955,5037.544361265115,False,0.6147442905526473,80.81768802211316,142362.7849180824,800.6841310162595,0.0,0.0003872064531408,False,139081.359375,1756.107421875,False,141766.58203125,2480.0491708126347,False,137258.14865750074,5054.453594617001,False,False,0.6168077671029727,81.0889640740391,False,False
COSMOS 1426817,149.53735835662,1.97582477413,2025051500179,-1,z,20250515,z_20,0.1278775251799334,149.5373230665016,1.9758205471458683,745262199497294610,0,1289.9407271722223,2247.9599644346717,0.015806526,0.022792775,149.5373230665016,1.9758205471458683,1.1675394e-06,1.004876e-06,141503.46842744687,2414.0693144895527,139592.74215853817,1477.764330203447,False,143000.93039786725,1944.706595219668,False,146048.84587449106,2734.9359769686225,False,144493.0570659582,4009.589139512597,False,144065.37792032302,5609.613329242327,False,-0.4455488350264801,88.79123318043071,141558.12632283135,847.629904507315,0.0,4.067210572777924e-07,False,133039.140625,1809.233642578125,False,135874.73095703125,2544.413739322964,False,134029.4361652732,5218.834132648935,False,False,-0.4145108283804345,82.60582168586132,False,False
COSMOS 1426817,149.53735835662,1.97582477413,2025051500180,-1,z,20250515,z_20,0.127449302338366,149.53732305232836,1.975821870416017,745262199631512055,0,1605.542775868933,1953.831750410061,0.027898077,0.03553741,149.53732305232836,1.975821870416017,1.855196e-06,1.6894486e-06,140442.15195817733,3636.268314851401,133390.15230114674,2181.4549405720613,False,137624.54831857426,2890.6385124523536,False,137754.2577176223,4102.122948094249,False,135564.00944883,6008.776795060945,False,120792.30779620104,8408.029674155367,False,-3.866502218094931,134.49857637906948,140542.8872153258,1312.2129952317816,0.0,0.0152519803808333,False,95077.015625,1996.9786376953125,False,95166.62451171876,2833.924705996582,False,83448.57277303934,5808.632097048941,False,False,-2.671147671656295,92.91745843431896,False,False
COSMOS 1426817,149.53735835662,1.97582477413,2025051500181,-1,z,20250515,z_20,0.1273097260246232,149.53732301596654,1.9758230071743887,745262199767302222,0,3596.236813957306,296.01846419961043,0.019649936,0.024695365,149.53732301596654,1.9758230071743887,1.2881046e-06,1.189035e-06,139546.33597387982,2618.9996030576385,138533.60577138758,1589.1642882365052,False,141906.22054046893,2095.295672457897,False,147717.7568842878,2958.7602616519875,False,154660.23575190792,4334.565571447131,False,163013.94619891944,6052.167237448391,False,5.992608858011014,97.14221148523797,140057.87548349396,950.0447171475348,0.0,0.0009458644799223,False,123489.84375,1823.371337890625,False,128547.16761016846,2574.776785778144,False,141858.24038231373,5266.726036778861,False,False,5.214897054633378,84.53524075373737,False,False
COSMOS 1426817,149.53735835662,1.97582477413,2025051500182,-1,z,20250515,z_20,0.1324633751835023,149.53732161334955,1.9758224423787851,745262199901520469,0,46.49420350329556,1995.7023185069872,0.021971392,0.028123958,149.53732161334955,1.9758224423787851,1.4554272e-06,1.3462019e-06,145659.69472603803,2893.7029271169467,136618.78917394526,1748.1583002879129,False,141198.6447903673,2307.631318562418,False,138445.4907395228,3273.5015710818457,False,132191.85564904503,4784.288207122031,False,130980.93735064124,6684.54798862478,False,-4.2139673960670745,104.52135607294714,140505.2720456322,1045.0748451947868,0.0,9.393302112803426e-07,False,114822.65625,1876.564453125,False,112583.79296875,2662.0095836486958,False,106513.62247169018,5435.870556860005,False,False,-3.426795848399861,84.99670628543176,False,False
COSMOS 1426817,149.53735835662,1.97582477413,2025051900219,-1,y,20250519,y_10,0.1228649546821256,149.5373242760431,1.975822607538928,745279797051523549,0,3128.959651118399,2112.9119372677246,0.05125708,0.042682543,149.5373242760431,1.975822607538928,2.4834205e-06,2.749557e-06,139855.6650187819,4226.856812667001,126729.5623128622,2516.3195352620137,False,133520.89038391333,3329.8726398039503,False,128898.48362704078,4698.946666569923,False,127886.74882977374,6903.571584706789,False,99077.61671276148,9652.08313340128,False,-12.89101243899146,153.93016204605524,138592.8908800305,1737.6627321616904,0.0,0.0104537671900414,False,55934.9609375,1394.9599609375,False,53998.52881336212,1968.4964464081424,False,41505.884245336056,4043.4788255227913,False,False,-5.400340539570633,64.48487256482895,False,False
COSMOS 1426817,149.53735835662,1.97582477413,2025051900220,-1,y,20250519,y_10,0.1169100919867642,149.53732595893018,1.975827277063015,745279797186266282,745279797186265515,592.4212350130679,2055.8719169854257,0.056605026,0.049629383,149.53732595893018,1.975827277063015,2.852396e-06,3.0580516e-06,138267.95856947472,4247.754682249079,137160.10682392775,2517.7946708249465,False,135923.27295561723,3325.634777212945,False,136347.64918870648,4713.794240810534,False,136482.00786637963,6901.923339127026,False,135974.61780333862,9651.534436766688,False,-2.060167112054265,155.72344329599375,142126.174407149,1807.0529408458008,0.0,0.0080755138843058,False,56789.26171875,1389.462890625,False,56966.56772708893,1969.441207593163,False,56810.713791906834,4032.447889156135,False,False,-0.860745674870655,65.0618483853662,False,False
COSMOS 1426817,149.53735835662,1.97582477413,2025051900221,-1,y,20250519,y_10,0.1331746040073071,149.53732192868455,1.9758182120449932,745279797320483213,0,876.5833490152867,1762.3451208170532,0.040710878,0.0401067,149.53732192868455,1.9758182120449932,2.2355282e-06,2.2533686e-06,143054.84940346028,4171.59060133957,135351.32750669305,2483.094603720855,False,141836.73252290156,3283.2061726231814,False,146241.99596725896,4661.244772329296,False,157542.744927382,6824.735267463594,False,157506.83563688412,9534.589873677256,False,4.938039297878493,151.56637534882398,141173.13009928193,1624.8025361655118,0.0,9.542386663063953e-06,False,59789.2109375,1383.98779296875,False,61646.18564796448,1964.879914863497,False,66394.71491259336,4019.16763746511,False,False,2.081558619879027,63.89060030905565,False,False
COSMOS 1426817,149.53735835662,1.97582477413,2025051900223,-1,y,20250519,y_10,0.1258419718311868,149.53732346521343,1.9758223315774188,745279797589967275,0,3756.890268060265,1830.436875255504,0.04136287,0.039875787,149.53732346521343,1.9758223315774188,2.238876e-06,2.275216e-06,140369.36630442803,4179.467829840641,130348.40413553148,2485.513716243677,False,135531.52528577784,3288.4998577577267,False,136343.48069501985,4661.050408487466,False,123030.15621028857,6818.259444619639,False,114294.28996941792,9539.490910518924,False,-7.719046534926172,146.7505997056072,138827.0677227336,1603.245569762558,0.0,0.0026484072531638,False,57347.421875,1391.462158203125,False,57690.98437309265,1972.2291444190007,False,48361.31557554007,4036.442507119512,False,False,-3.266158313925653,62.09454615065729,False,False
COSMOS 1426817,149.53735835662,1.97582477413,2025051900224,-1,y,20250519,y_10,0.1201056567291647,149.53732498860197,1.975825757746856,745279797723136585,0,2213.10735391912,2399.627058689192,0.03972398,0.04040146,149.53732498860197,1.975825757746856,2.2325262e-06,2.2181525e-06,146950.05430541025,4269.679112282426,137429.72898658217,2540.364562374952,False,144607.5558010583,3359.9373749090905,False,147701.51231829257,4763.568337952133,False,153073.83124058196,6969.819069668742,False,143911.7142571114,9741.48652704976,False,-1.1259229466437397,157.76476155976792,143746.79829301347,1645.277202892379,0.0,0.0024737120474819,False,60787.51171875,1412.3897705078125,False,62088.09326171875,2002.422795698844,False,60495.00642210245,4094.950109216553,False,False,-0.4732951465390507,66.31830016761826,False,False
COSMOS 1426817,149.53735835662,1.97582477413,2025051900225,-1,y,20250519,y_10,0.1103820409187827,149.53732767677946,1.975824843195524,745279797858402338,0,3037.099273097077,100.66706909454594,0.039790586,0.038563777,149.53732767677946,1.975824843195524,2.1638223e-06,2.189533e-06,140837.51027787622,4257.115978944995,133894.06172325683,2529.59699959763,False,136625.63565039108,3345.203442282408,False,133455.21814261118,4745.171290238002,False,128569.21559047904,6939.354366595077,False,100572.10550808551,9697.725575957184,False,-9.93033270551698,153.50765034571677,137048.9991955493,1625.1609959076925,0.0,0.0008653135011537,False,57565.67578125,1409.4638671875,False,56229.85600280762,1999.3245829744449,False,42374.92613121867,4086.0276599158815,False,False,-4.184034059234017,64.67872290347677,False,False
COSMOS 1426817,149.53735835662,1.97582477413,2025051900226,-1,y,20250519,y_10,0.1248229137619525,149.5373239961684,1.9758199801823624,745279797992620160,0,1419.3600620083707,474.5974215674033,0.0398788,0.035347506,149.5373239961684,1.9758199801823624,2.0499974e-06,2.136039e-06,137560.2343646341,4251.802980294184,132809.2430725103,2532.17813685221,False,136540.2763387135,3349.88787155868,False,141714.2899410699,4761.940559338795,False,147357.46937683466,6971.11170285449,False,149634.12884273884,9737.200927672722,False,2.039055293672168,156.91349621581855,140600.20253882228,1571.998731394734,0.0,0.0033726246505326,False,57800.26171875,1418.0753173828125,False,59990.5263671875,2015.8257914765431,False,63343.15442362428,4121.954174395964,False,False,0.8631733638863119,66.42465792276171,False,False
COSMOS 1426817,149.53735835662,1.97582477413,2025051900227,-1,y,20250519,y_10,0.1400426927978836,149.53731948219854,1.9758228135260736,745279798127363066,745279798127362158,4054.923292923697,465.2957242884456,0.035394035,0.039280314,149.53731948219854,1.9758228135260736,2.109028e-06,2.0442137e-06,146659.2887018085,4249.210421080281,135464.946952472,2525.2516895076046,False,146445.22898182867,3341.8472193139523,False,154211.26467510956,4737.29623324911,False,147544.61794670133,6934.985302013592,False,122014.0165803578,9701.702677944231,False,-9.211482331208996,156.00100639365283,136592.18858089784,1617.2542663235238,0.0,0.0049812523909262,False,62343.3828125,1422.6619873046875,False,65649.47164535522,2016.7203439745383,False,51942.740620821714,4130.124062008081,False,False,-3.921431740984884,66.41138484574013,False,False
COSMOS 1426817,149.53735835662,1.97582477413,2025051900228,-1,y,20250519,y_10,0.1286944597058495,149.53732259620747,1.9758255899157533,745279798261579975,0,1251.0310328006346,906.2499652292428,0.040437076,0.038341142,149.53732259620747,1.9758255899157533,2.1730382e-06,2.204972e-06,139548.01120282075,4231.317851592013,134887.9253956051,2516.448185695056,False,139630.50540331824,3328.6140058250708,False,141442.27610696122,4710.27049332803,False,151713.127400086,6910.975754464782,False,147162.41716482458,9653.104426495078,False,3.619847645908794,154.5138203640812,141545.29346463297,1594.03371815451,0.0,1.43978053384064e-05,False,59628.33203125,1421.4637451171875,False,60402.03735280037,2011.491486920371,False,62844.78773373365,4122.297732954413,False,False,1.5458332454596904,65.98415838626192,False,False
COSMOS 1426817,149.53735835662,1.97582477413,2025051900229,-1,y,20250519,y_10,0.1203001064891836,149.53732494268547,1.9758235445926475,745279798395797851,0,905.1212634082882,1365.7308489329996,0.038766228,0.038153756,149.53732494268547,1.9758235445926475,2.1326057e-06,2.141113e-06,140620.36086179756,4181.721456530342,136670.30570484852,2489.558130131185,False,139802.0963296046,3292.142610562963,False,142450.60336673714,4668.159932444296,False,146689.60489035057,6835.5518188206415,False,151181.8204246448,9554.939289686288,False,3.937096951581051,151.14729950936268,143885.19157008847,1597.3692981899671,0.0,0.0080521663214856,False,59793.44140625,1408.0513916015625,False,60926.20947265625,1996.5748348832465,False,64660.55630481243,4086.653330370336,False,False,1.6838987544941124,64.64579168840535,False,False
COSMOS 1426817,149.53735835662,1.97582477413,2025051900230,-1,y,20250519,y_10,0.1317208596835616,149.53732202527866,1.9758202611522395,745279798530016689,745279798530016112,1836.655000806948,3529.7583510581617,0.04549191,0.039580125,149.53732202527866,1.9758202611522395,2.3364075e-06,2.401196e-06,139658.17692259612,4216.30878818991,132039.84146459776,2506.268595169244,False,140183.41578231248,3317.7023760744114,False,147598.1517494847,4708.13065613944,False,149965.38068812437,6891.236120064034,False,135893.59557816997,9630.934033272026,False,-3.6279624535769934,152.15104618326146,143181.84646617636,1647.00225739442,0.0,0.0003409555612586,False,59846.12109375,1416.3702392578125,False,63011.56819099188,2009.9621328250505,False,58014.74112647772,4111.570838708577,False,False,-1.54882429643109,64.95525796406733,False,False
COSMOS 1426817,149.53735835662,1.97582477413,2025051900231,-1,y,20250519,y_10,0.1281364808684443,149.53732309243094,1.9758197931560888,745279798664233812,0,2760.4921769889806,3521.7903872099723,0.03647306,0.039999068,149.53732309243094,1.9758197931560888,2.1422004e-06,2.1107555e-06,139495.84610848562,4182.225097321912,130414.03060376518,2489.5145091104405,False,135305.40740725174,3294.924214391909,False,134478.3403564566,4676.913745955265,False,129991.37372494995,6841.316969662718,False,114961.0800448694,9572.86747554008,False,-6.734361123092466,151.0002343357326,138935.6845891552,1557.7000433763833,0.0,0.0068544625581006,False,58133.05078125,1415.641845703125,False,57777.70703125,2009.4042766140915,False,49392.2484856844,4112.917596875897,False,False,-2.893372590569711,64.87622674383469,False,False
COSMOS 1426817,149.53735835662,1.97582477413,2025051900232,-1,y,20250519,y_10,0.1275363588382631,149.5373230063405,1.9758221475379305,745279798796878330,0,2594.8120769542,2085.606096325923,0.035449386,0.042518146,149.5373230063405,1.9758221475379305,2.2008535e-06,2.1470487e-06,134463.8127343175,4310.824326625954,132906.11905900974,2568.826902350489,False,138679.2435955994,3399.4438986780115,False,149374.40928616718,4822.543202064939,False,157103.69288532255,7061.134760880708,False,161633.2110065282,9873.24689302635,False,5.290550556882713,155.64463888867346,138335.24446995137,1571.843551757765,0.0,0.0004348101934011,False,58420.25,1432.055419921875,False,62925.71337890625,2031.552611593378,False,68089.87668579817,4159.220492176276,False,False,2.228706172295094,65.5671207837808,False,False
COSMOS 1426817,149.53735835662,1.97582477413,2025051900233,-1,y,20250519,y_10,0.1295922445510675,149.53732244268633,1.9758220232236168,745279798931096887,745279798931096113,1583.1322993114711,2359.5725027402623,0.04088456,0.04508534,149.53732244268633,1.9758220232236168,2.402202e-06,2.3784144e-06,152850.26095809956,4325.4301677544445,141103.60035006292,2571.2432902307205,False,148846.74196304372,3401.27443192204,False,147809.36448329323,4818.199750924799,False,150635.8103198926,7054.818443915866,False,138745.84500634315,9863.53884684477,False,-3.1459867856164663,156.8701867873207,145835.28248709752,1668.5066894606143,0.0,5.192582685331626e-05,False,62456.19140625,1427.177001953125,False,62020.90712940693,2021.7198032592512,False,58217.84836035967,4138.747425956237,False,False,-1.3200581366623372,65.82283416291139,False,False
COSMOS 1426817,149.53735835662,1.97582477413,2025051900234,-1,y,20250519,y_10,0.1350559310191099,149.53732121504197,1.975819337358569,745279799065313807,0,569.7249831028796,1947.9245400505856,0.034289915,0.039294995,149.53732121504197,1.975819337358569,2.0576347e-06,2.038878e-06,136918.2344006678,4317.071626984711,133083.02819238833,2565.749457167485,False,138639.5065655221,3394.843205211296,False,145539.34326959046,4811.172241793478,False,146129.27053959502,7047.6820813326585,False,155760.486120743,9854.818216922517,False,0.9016825762936292,155.93512947530812,139512.68665692725,1591.919760341287,0.0,0.0052850764704068,False,58258.16796875,1426.558349609375,False,61157.5712890625,2021.718682737266,False,65452.63170731068,4141.125925831494,False,False,0.3788990330788809,65.52601917194416,False,False
COSMOS 1426817,149.53735835662,1.97582477413,2025051900235,-1,y,20250519,y_10,0.143801766942335,149.53731854382983,1.9758212493915384,745279799199531780,0,1284.2277672051746,3087.8722223861464,0.03718449,0.043183587,149.53731854382983,1.9758212493915384,2.2436711e-06,2.233052e-06,144897.9966281905,4259.984838118394,133974.6970115453,2533.998256167411,False,141750.65595115803,3352.726459021377,False,143100.6563516171,4749.991645453299,False,146417.7544338717,6958.846754118122,False,153301.65935334231,9727.621509941351,False,4.724969512700464,158.663404479635,139229.43240813885,1609.6567133420288,0.0,0.0029093051256503,False,59754.58984375,1413.3323974609375,False,60323.6787109375,2002.345602076787,False,64623.88280010224,4100.6514543542535,False,False,1.991797592477617,66.88411135931779,False,False
COSMOS 1426817,149.53735835662,1.97582477413,2025051900236,-1,y,20250519,y_10,0.137952607732826,149.53732002050006,1.9758240500736584,745279799338992038,0,1395.2669100993255,1523.1341936651618,0.03862542,0.03743689,149.53732002050006,1.9758240500736584,2.1127046e-06,2.113061e-06,139725.0676227925,4184.97303971436,134625.32134673593,2493.8364621846795,False,137347.62942511064,3296.661754245009,False,142860.55557655715,4675.546362730468,False,140046.94672283076,6844.310965316104,False,129129.26229508652,9565.602971821436,False,-2.76133964533724,154.46142296698906,136126.0081368688,1518.893786214226,0.0,0.00040768516777,False,57948.6015625,1390.90087890625,False,60274.57080078125,1972.6687267550976,False,54481.17453587055,4035.8418826688808,False,False,-1.1650421019725865,65.16911499496472,False,False
COSMOS 1426817,149.53735835662,1.97582477413,2025051900237,-1,y,20250519,y_10,0.1308519888513499,149.53732211031942,1.9758217861289709,745279799469015326,0,3225.208020321944,1218.4933583805691,0.031297527,0.039011095,149.53732211031942,1.9758217861289709,1.9569693e-06,1.972416e-06,139959.03406121358,4124.633809815946,135551.63581806942,2459.395496185888,False,138808.17780489757,3250.863496615787,False,141251.73119073446,4612.229957166426,False,135424.89542642215,6743.832547914767,False,142609.59388656289,9436.80966690476,False,-0.3969684885529604,148.32909234214776,141118.618534102,1488.1631495036706,0.0,0.0023659702990056,False,58712.29296875,1375.03173828125,False,59745.853271484375,1950.8547750336224,False,60320.19430577755,3991.528039741299,False,False,-0.1679074717920614,62.73939520783538,False,False
COSMOS 1426817,149.53735835662,1.97582477413,2025051900238,-1,y,20250519,y_10,0.1471242111047138,149.53731764667677,1.9758209204775783,745279799603233999,745279799603233503,4071.350980007543,3095.9880819495147,0.03562288,0.05207125,149.53731764667677,1.9758209204775783,2.4448432e-06,2.511943e-06,144686.8395644254,4142.750069286325,136017.12152020706,2470.2814606541274,False,143704.13515140358,3267.121916596588,False,151402.87920459113,4634.226945336937,False,,,True,,,True,0.9810031385848804,151.48279144810087,139736.78464454474,1597.968321767166,0.0,9.596051524651816e-05,False,60759.1484375,1381.36279296875,False,64014.23314481974,1959.3846938929855,True,,,False,False,0.4147752272551773,64.04802061976099,False,False
COSMOS 1426817,149.53735835662,1.97582477413,2025051900239,-1,y,20250519,y_10,0.1253898862902146,149.537323899969,1.9758195476665947,745279799736402404,0,3499.735418327712,2041.357387477065,0.03348055,0.03978922,149.537323899969,1.9758195476665947,2.0238583e-06,2.0606415e-06,143200.12540116935,4158.7460412821465,136355.9893310714,2479.9714014855635,False,143188.75403280265,3278.7538492150647,False,148478.5480952132,4646.39207232663,False,151730.41710768588,6802.628469917167,False,155013.74967079298,9508.939113773724,False,1.243065876598623,152.91050892504114,143259.55860967413,1548.005457512303,0.0,0.0013488379612932,False,60142.5625,1377.15185546875,False,62364.39739310741,1951.591292884576,False,65109.33202058077,3993.9726329891655,False,False,0.5221161932718765,64.22592264350813,False,False
COSMOS 1426817,149.53735835662,1.97582477413,2025051900240,-1,y,20250519,y_10,0.119676217145465,149.53732539828428,1.97582028385442,745279799875862907,0,1997.962507186404,1455.9458232557029,0.034157783,0.04509507,149.53732539828428,1.97582028385442,2.177967e-06,2.2650704e-06,142744.93205271638,4158.493368763984,130765.17650197072,2488.142485581034,False,136177.4808759839,3289.9712478460565,False,134601.99973707128,4639.785857363377,False,124551.29843067992,6810.859990855258,False,103338.12483964808,9536.065382624747,False,-10.632514115020763,155.23325897111323,141689.37835018637,1634.2260871644871,0.0,0.022060433176979,False,57157.4921875,1380.892822265625,False,56496.21875,1947.4477144678203,False,43373.89724937081,4002.552985271069,False,False,-4.462763142286625,65.15573448565941,False,False
COSMOS 1426817,149.53735835662,1.97582477413,2025051900241,-1,y,20250519,y_10,0.1361311038527139,149.5373210790811,1.9758182972222875,745279800006410378,0,3609.027210970999,569.5497908774369,0.03416722,0.03863066,149.5373210790811,1.9758182972222875,2.0036077e-06,2.0480006e-06,148686.661361079,4064.742138108264,139862.08840314214,2421.509488993679,False,148672.35878714922,3201.187846160056,False,150935.6911810538,4533.723669449788,False,160899.51966135178,6630.541932474107,False,172512.4019379536,9270.8770862856,False,10.388854434611243,146.90903945742082,140968.8161425292,1536.7710683177509,0.0,0.0022240957690456,False,63618.60546875,1369.824951171875,False,64587.111328125,1940.0322950683587,False,73820.03303700686,3967.114509470328,False,False,4.445509824015349,62.8640609275282,False,False
COSMOS 1426817,149.53735835662,1.97582477413,2025051900242,-1,y,20250519,y_10,0.1258248511653823,149.5373234873989,1.975822094683389,745279800142727318,745279800142725986,55.38305189065575,2299.0363756324805,0.04117088,0.04814855,149.5373234873989,1.975822094683389,2.4475248e-06,2.528077e-06,143401.52137961634,4123.785821724468,139810.5713797674,2457.1635877529625,False,146647.1405961126,3246.1484540412803,False,152979.38754395235,4600.436509702661,False,171803.16204099273,6727.862999795456,False,196602.1461040718,9404.271725218896,False,14.450132336289627,149.5373650688177,139993.64956601593,1616.124396547964,0.0,0.0019784526125005,False,61313.453125,1357.220947265625,False,63960.97782158852,1923.451402772663,False,82199.7375497818,3931.9441978554105,False,False,6.041628278939841,62.521861567248415,False,False
COSMOS 1426817,149.53735835662,1.97582477413,2025051900243,-1,y,20250519,y_10,0.1281514600611768,149.53732306037185,1.9758199942864,745279800278517602,745279800278516467,583.0819230624243,2279.072918880603,0.042924043,0.03566222,149.53732306037185,1.9758199942864,2.2413426e-06,2.1419219e-06,143070.76124216808,4060.460615473099,134870.64579932165,2426.337438144988,False,142261.75383496203,3205.427667477857,False,151405.17245436803,4524.407609145232,False,153237.1177450044,6639.202576367175,False,154244.48174135882,9284.089625072016,False,-0.5497634330089778,147.43615955060824,142066.03792403455,1606.0805579003288,0.0,0.0055806810160697,False,59522.27734375,1341.1500244140625,False,63347.88109362125,1893.0108568753765,False,64535.8472917676,3884.460458633541,False,False,-0.2300208640122255,61.68724722351882,False,False
COSMOS 1426817,149.53735835662,1.97582477413,2025051900244,-1,y,20250519,y_10,0.1289819383988071,149.53732256294234,1.975826775094116,745279800407491342,0,3632.8337096745367,3552.068451397142,0.03664133,0.040353466,149.53732256294234,1.975826775094116,2.1119768e-06,2.1693106e-06,132801.3635473319,4120.932583988492,136461.21562872542,2459.243421783392,False,141296.09431738386,3249.6030946147907,False,152829.41867679707,4598.541299892943,False,165836.56648021977,6739.36593868835,False,162582.88947146016,9415.99068374232,False,4.006506143080233,149.19393809204274,140177.83290966754,1615.026593453716,0.0,0.0028259211143744,False,58812.82421875,1352.6087646484375,False,63613.43375778198,1914.0883011653884,False,67673.20035034418,3919.294497160012,False,False,1.6676606856169087,62.10020806237415,False,False
COSMOS 1426817,149.53735835662,1.97582477413,2025051900245,-1,y,20250519,y_10,0.1332608615969087,149.53732133164772,1.975825790158258,745279800546953332,745279800546952160,1052.0566160591711,2949.130684669883,0.04342155,0.03982228,149.53732133164772,1.975825790158258,2.3455127e-06,2.2829265e-06,145558.430918258,4069.969425077328,135088.38596175562,2428.766825135993,False,143427.462498562,3210.7429467180477,False,146390.1253039888,4539.822671325628,False,149324.907162853,6653.301623497528,False,153714.47876279266,9295.418248515854,False,2.1178862336513498,151.08934122279015,140718.1004014426,1591.7079173534228,0.0,0.0010945199642119,False,60072.07421875,1344.7633056640625,False,61312.93351328373,1901.4250109498469,False,64380.61035087705,3893.222714755663,False,False,0.8870394609125037,63.28111758714613,False,False
COSMOS 1426817,149.53735835662,1.97582477413,2025051900246,-1,y,20250519,y_10,0.1370414035560266,149.53732050854805,1.9758204931191916,745279800677499157,0,2090.759380360647,1115.655002304049,0.040829036,0.03886229,149.53732050854805,1.9758204931191916,2.2331885e-06,2.1956025e-06,135773.46137982444,4046.028678787367,135793.15933677155,2412.553830063085,False,137153.96274061463,3187.4123915808336,False,147076.26341508326,4521.040788245049,False,146586.10735225055,6613.675949245857,False,143721.2352920774,9245.378962631734,False,-1.3633956598084342,145.00995671881503,139219.78128262714,1526.8750797578823,0.0,0.0078080316334745,False,58411.140625,1357.4554443359375,False,62636.850830078125,1925.4212126044692,False,61208.01118463278,3937.422732283781,False,False,-0.5806430526779268,61.75685196895618,False,False
COSMOS 1426817,149.53735835662,1.97582477413,2025051900247,-1,y,20250519,y_10,0.1302477457260706,149.53732226172963,1.9758220001636213,745279800815388286,745279800815387621,1275.389496791497,3526.594582363763,0.040700726,0.040056016,149.53732226172963,1.9758220001636213,2.2499498e-06,2.2368065e-06,141074.62808236695,4173.405346579075,129253.87514379632,2484.897335935136,False,137667.12909670625,3288.704077223742,False,138572.9789136674,4674.077783281563,False,139234.0816699748,6836.06095698974,False,132937.87774875425,9546.772145447863,False,-1.0904291548480711,154.24231068220502,139654.45484615277,1593.5647734009085,0.0,6.234188203402269e-05,False,57311.015625,1369.092041015625,False,57688.12215256691,1945.825024664687,False,55342.22176930308,3974.334404923446,False,False,-0.4539471603824455,64.21128656888257,False,False
COSMOS 1426817,149.53735835662,1.97582477413,2025051900249,-1,y,20250519,y_10,0.1286800292814715,149.53732269322643,1.975822072250347,745279801078055964,745279801078055364,3936.197218715248,2231.009911094382,0.04645984,0.045956068,149.53732269322643,1.975822072250347,2.5605045e-06,2.5733395e-06,140448.1131347353,4625.966522335847,134136.38802191764,2748.3903060129787,False,141414.54255934036,3636.918177871255,False,149575.94668628293,5143.116886007439,False,157822.9927223751,7557.537411088466,False,140490.88917791797,10555.625625573852,False,-3.5995178941982537,168.9947830072811,144883.2163922598,1869.612561252092,0.0,0.0102408443646323,False,53744.21484375,1382.200927734375,False,56845.93443274498,1954.6276775043411,False,53393.18287155032,4011.637001144929,False,False,-1.3679870509678076,64.22601071318412,False,False
COSMOS 1426817,149.53735835662,1.97582477413,2025051900250,-1,y,20250519,y_10,0.1214170442816586,149.53732490802912,1.975820298716455,745279801212797536,0,1398.3685886667822,2291.3332124536573,0.06254237,0.04535248,149.53732490802912,1.975820298716455,2.836885e-06,3.2204011e-06,144128.82707125,4527.824635005952,133342.05596087317,2692.5067328792347,False,141195.29516385202,3564.79598264454,False,139435.53329276995,5051.16031376655,False,143563.58113669517,7408.87702035187,False,142711.83206439723,10355.6717173975,False,1.1833972764313934,165.11136634211078,138567.61002491147,1842.891579830019,0.0,0.0002414860073132,False,54663.640625,1380.1077880859375,False,53982.35028600693,1955.552497769672,False,55250.76661974192,4009.1896584328806,False,False,0.4581512674369246,63.92272761180886,False,False
COSMOS 1426817,149.53735835662,1.97582477413,2025051900251,-1,y,20250519,y_10,0.1293213378253225,149.53732242695747,1.975823760885031,745279801347016099,745279801347015189,1706.4883163827176,1997.4601553253797,0.05551428,0.05464872,149.53732242695747,1.975823760885031,3.0502363e-06,3.069165e-06,125992.1104929087,4505.320546045818,119639.0888896458,2684.602536389963,False,120864.14819358222,3552.8046840580782,False,116396.11443405435,5039.69931215479,False,110684.31951487702,7403.36997091893,False,74684.64767742717,10325.108424116834,False,-14.535012471687176,165.0437365135749,130000.7550489784,1783.598852483378,0.0,0.0038992553886284,False,46762.44921875,1374.5833740234375,False,45033.76288032532,1949.8642623530395,False,28895.55833250284,3994.79387044974,False,False,-5.623609587787262,63.855572251479394,False,False
COSMOS 1426817,149.53735835662,1.97582477413,2025051900252,-1,y,20250519,y_10,0.1200786925293339,149.53732507178466,1.975827224753592,745279801482805315,0,3672.7105885364217,332.6866644206083,0.04346835,0.04022981,149.53732507178466,1.975827224753592,2.296159e-06,2.3566743e-06,134768.08089001875,5057.38931928158,137776.05239183796,3007.155945521566,False,142538.4761915062,3984.053341970888,False,156751.13258821698,5661.4210499723085,False,179636.77496545593,8299.177483636286,False,196926.95205352787,11598.60154801613,False,11.104104123835612,187.0031209639571,140796.25041985774,1838.8421219531124,0.0,5.560994072340009e-06,False,49410.85546875,1381.069091796875,False,54337.662109375,1962.5273450523243,False,68264.57968264818,4020.646495186789,False,False,3.8492293353525193,64.82449110611344,False,False
COSMOS 1426817,149.53735835662,1.97582477413,2025051900253,-1,y,20250519,y_10,0.128194124657779,149.53732326697272,1.9758185922775,745279801617023543,0,96.55773998107348,1987.2909155992372,0.037095785,0.036733806,149.53732326697272,1.9758185922775,2.0478215e-06,2.054188e-06,146483.9808173416,4167.405683329926,134207.71109500094,2482.8754658741827,False,140184.05888576823,3283.377127893276,False,139420.40231690832,4664.94171713964,False,135994.13761057652,6828.528187633433,False,131117.72815826765,9538.817300309423,False,-1.368398317026478,152.2654933012508,140422.57181027692,1530.2374633064014,0.0,0.0024052441483939,False,59131.02734375,1384.9610595703125,False,58808.909423828125,1967.7187151355072,False,55306.759060919285,4023.5678085997743,False,False,-0.5772039912695721,64.22709628662285,False,False
COSMOS 1426817,149.53735835662,1.97582477413,2025051900254,-1,y,20250519,y_10,0.125186832114622,149.53732388441082,1.975820049851128,745279801749668480,0,3028.637711033524,2758.752680966451,0.038547613,0.035953104,149.53732388441082,1.975820049851128,2.0504544e-06,2.0905986e-06,139767.2483939415,4214.4995613734845,133667.0273816233,2509.1007342132148,False,142402.3360096842,3319.962049466993,False,146515.5348488274,4707.580106345741,False,152285.41341950165,6887.99948836053,False,158938.64343713992,9630.07850295041,False,6.040520136842314,149.90330619796674,139888.87285576906,1583.0059260717346,0.0,0.005392200322542,False,59537.109375,1388.045654296875,False,61256.800048828125,1968.1960249866977,False,66450.78770047426,4026.2474140944137,False,False,2.52548601481238,62.6731961488014,False,False
COSMOS 1426817,149.53735835662,1.97582477413,2025051900255,-1,y,20250519,y_10,0.1278417506361456,149.53732302519674,1.9758209994819125,745279801884934195,0,3723.866413931945,214.8671815942488,0.03529198,0.03427328,149.53732302519674,1.9758209994819125,1.9256477e-06,1.939696e-06,141437.32552926437,4170.605622998917,138153.28597033827,2492.573635754314,False,145171.7805456959,3295.359260257147,False,155505.875675521,4658.670495284813,False,158979.4345749219,6830.896037209652,False,168110.850919695,9546.434661965037,False,5.448788318734314,150.09751591612587,143031.7822523124,1619.302289628873,0.0,0.000902559424448,False,60734.8828125,1378.6650390625,False,65058.31298828125,1949.027597027453,False,70331.80134415627,3993.9001112487545,False,False,2.2795857346688653,62.795641173139394,False,False
COSMOS 1426817,149.53735835662,1.97582477413,2025051900256,-1,y,20250519,y_10,0.125293649138378,149.53732372659522,1.9758211011424056,745279802019151985,0,2082.4602110319324,474.30932394741336,0.03827386,0.041993327,149.53732372659522,1.9758211011424056,2.253496e-06,2.210516e-06,145959.39253424638,4209.184944337547,136033.70993755086,2507.4575091552965,False,145563.72710655967,3316.474776297237,False,148412.49717872782,4707.964141040578,False,156483.20430932497,6891.0920695866735,False,170614.1082014563,9626.432707551674,False,7.335456707088281,153.81326651499356,141607.59108810325,1608.5436842981248,0.0,0.0019758931396972,False,60362.16796875,1375.271240234375,False,61543.49205970764,1952.2921535549008,False,70750.02586019039,3991.8759953688873,False,False,3.0418571898520934,63.78307572739909,False,False
COSMOS 1426817,149.53735835662,1.97582477413,2025051900257,-1,y,20250519,y_10,0.1306509070189129,149.53732232414274,1.9758202677680767,745279802157564123,0,453.7213267906311,941.0088409708748,0.040748768,0.035921212,149.53732232414274,1.9758202677680767,2.1111302e-06,2.156597e-06,145175.77613805083,4194.189891433185,137625.98216997777,2493.669988699428,False,146042.1356484925,3297.670806645777,False,154798.85646684983,4666.863851635417,False,160556.62339565868,6832.602684743639,False,166638.80022442638,9549.638013786403,False,4.213255656986384,152.3026506945267,143961.20668151762,1611.086544548786,0.0,0.0005701275543131,False,60787.03515625,1372.587646484375,False,64431.84008789063,1942.4860897788624,False,69359.97315198183,3974.840405447657,False,False,1.753681008609273,63.39284577734004,False,False
COSMOS 1426817,149.53735835662,1.97582477413,2025051900258,-1,y,20250519,y_10,0.1350683558138413,149.53732097315597,1.975821337224629,745279802288111919,0,1874.732246991886,1186.8032482872086,0.037615143,0.04104399,149.53732097315597,1.975821337224629,2.199674e-06,2.1746682e-06,146636.68786211728,4163.580472281102,136785.94038934732,2481.9620903078003,False,142298.77258967445,3281.9417425469296,False,142321.7414137273,4649.8164617923285,False,139750.0550185062,6808.820790433005,False,131435.01507963525,9513.36848653093,False,-2.103807358643858,156.35917190621072,142601.47261905528,1593.4937446535064,0.0,0.005711707386126,False,60106.21484375,1386.2740478515625,False,60115.91674804688,1964.056766971545,False,55517.42373174429,4018.394254095491,False,False,-0.8886365974015829,66.04524978220012,False,False
COSMOS 1426817,149.53735835662,1.97582477413,2025051900259,-1,y,20250519,y_10,0.1280974880487399,149.53732322713986,1.9758189853001136,745279802422329751,0,1497.0453510827483,1620.3805975451537,0.043115884,0.045831155,149.53732322713986,1.9758189853001136,2.4791289e-06,2.4647848e-06,129896.64109616744,4154.596017467193,133635.93395021462,2475.077726255909,False,131155.64156754155,3270.422580231944,False,132305.13572781743,4636.512482716725,False,143282.137409614,6791.607420109789,False,152812.86674735474,9490.044074581852,False,6.867710883169905,152.23071340205735,138901.43398385364,1618.2744483008726,0.0,0.0057286034577537,False,55506.7421875,1384.0845947265625,False,55993.2227935791,1962.2312845364768,False,64672.35641640425,4016.307827098381,False,False,2.90650293692544,64.42598168738145,False,False
COSMOS 1426817,149.53735835662,1.97582477413,2025051900260,-1,y,20250519,y_10,0.1430163004015599,149.53731864808475,1.975822951703996,745279802556548549,745279802556548045,2274.137131755693,3841.784231648084,0.05605285,0.04727303,149.53731864808475,1.975822951703996,2.8664736e-06,2.895704e-06,149433.3667840873,4126.22727148457,139494.20581045165,2453.716567860448,False,153299.64699320437,3246.267720476241,False,162308.69917206635,4598.236120779322,False,175519.71159504465,6733.235152957675,False,204216.8610354605,9411.81117772889,False,11.751347826875437,151.2629951869306,133074.19678529262,1562.925962639643,1.0,0.0048182286089586,False,64797.75,1372.15478515625,False,68605.75818705559,1943.6140946132532,False,86319.78851032257,3978.2491330114863,False,False,4.967140587627528,63.936883995619525,False,False
COSMOS 1426817,149.53735835662,1.97582477413,2025051900261,-1,y,20250519,y_10,0.1431847831295974,149.53731856119342,1.9758251508522215,745279802690765714,0,3196.883895963479,3898.36984760338,0.02497384,0.026686503,149.53731856119342,1.9758251508522215,1.4370985e-06,1.4351664e-06,136569.33316758682,4098.96486506553,135185.1491672268,2437.7248567808097,False,145290.12618150082,3224.4542384376227,False,158731.34447851533,4572.860649688765,False,178229.64338858277,6694.868529920721,False,194356.70957857344,9349.33806391868,False,14.023012174234612,146.79071201216576,142696.82472709025,1584.930983222285,0.0,6.628074211700864e-08,False,61489.4140625,1364.6474609375,False,67177.98120117188,1935.3174873532944,False,82255.28124445677,3956.809279003748,False,False,5.934792849638114,62.12448917670845,False,False
COSMOS 1426817,149.53735835662,1.97582477413,2025051900262,-1,y,20250519,y_10,0.1240098558982257,149.5373238897096,1.975824544761963,745279802823410205,0,3432.327875724804,2469.937417482522,0.038148265,0.040600143,149.5373238897096,1.975824544761963,2.1877424e-06,2.1883125e-06,142966.99829222678,4189.534303300307,139280.87255891657,2497.4855597302526,False,142121.29902596748,3299.6174647329567,False,143229.17840509804,4676.1951112391525,False,150239.4105918906,6839.357799918685,False,145725.1142993321,9559.43023746695,False,0.366889522345825,152.70299206114728,142527.52785215984,1595.1213123258085,0.0,0.0153468062759414,False,58828.1015625,1365.8067626953125,False,59286.68476629257,1935.6119231627613,False,60319.82456508279,3956.923675364013,False,False,0.1518661469512302,63.20816927116213,False,False
COSMOS 1426817,149.53735835662,1.97582477413,2025051900263,-1,y,20250519,y_10,0.1278476856530962,149.5373232166359,1.975819497766619,745279802957628018,0,2402.2639715075247,2668.5032696757703,0.046049234,0.04285189,149.5373232166359,1.975819497766619,2.473541e-06,2.4682563e-06,144268.22943857918,4325.783834642911,137637.4852226862,2568.1567811239097,False,146617.09649272525,3397.7147817932664,False,155569.86032638478,4816.161883460841,False,161017.14185453218,7059.243458633558,False,151850.30511075948,9856.526987479609,False,-1.8829182975664325,159.15359877007825,143455.82432562212,1711.9908618534662,0.0,0.0022329006096426,False,59521.3828125,1379.3526611328125,False,63155.88994789124,1955.19227982166,False,61645.881393790245,4001.403179148486,False,False,-0.7643985829420188,64.61076167096846,False,False
COSMOS 1426817,149.53735835662,1.97582477413,2025051900264,-1,y,20250519,y_10,0.1189336410488479,149.53732553763533,1.97582081861992,745279803091845637,0,1420.0293797748284,2186.665465973329,0.048450105,0.056580413,149.53732553763533,1.97582081861992,2.9096793e-06,2.9414255e-06,142630.29445109694,4467.965492284049,130997.89523778066,2649.6550476670523,False,139369.42490530093,3506.48893843324,False,142862.5200168932,4970.810262498775,False,138414.81237482763,7279.220462480684,False,125529.2963977982,10163.936162757249,False,-9.509685095671088,163.26240785087882,139382.2702131473,1849.1444491760612,0.0,0.0001187219827176,False,54473.89453125,1370.5452880859375,False,55839.20471191406,1942.889512231275,False,49064.34576451778,3972.673252606192,False,False,-3.716952863075807,63.81269917867351,False,False
COSMOS 1426817,149.53735835662,1.97582477413,2025051900265,-1,y,20250519,y_10,0.1149671359372454,149.5373287105656,1.9758128568911109,745279803226064065,745279803226063571,2051.07140417078,3372.257313628792,0.05156346,0.05710481,149.5373287105656,1.9758128568911109,3.0055864e-06,3.0387819e-06,148687.97624571642,4738.252312080019,136709.19329050303,2810.6588783636566,False,146615.0342122253,3720.89325369187,False,147027.9925072686,5274.4709839644265,False,156072.7768156284,7729.468833178479,False,174151.71329890334,10800.933056408165,False,7.013754971619591,169.54690204235925,141745.0013188938,1960.0575111685876,0.0,0.0124137909238476,False,54160.24609375,1374.5145263671875,False,54312.79472565651,1948.4130535505285,False,64332.41789013147,3989.9127365780582,False,False,2.590912298627728,62.631380119961904,False,False
COSMOS 1426817,149.53735835662,1.97582477413,2025051900266,-1,y,20250519,y_10,0.1324650439309033,149.53732160543618,1.9758225627325203,745279803365523959,0,1963.7959630754697,2105.34716722931,0.041153383,0.052413326,149.53732160543618,1.9758225627325203,2.5716088e-06,2.663029e-06,136000.91677463954,4861.076311177769,130851.8394236599,2887.097760115052,False,134472.86308605026,3822.22600246701,False,133826.3048358398,5419.217623317782,False,135984.72895842057,7943.52305284343,False,115918.66307953488,11108.460420182786,False,-5.9533697656562286,173.48315073147754,140576.4603432188,1878.4686483316373,0.0,0.0230375597072592,False,47669.44921875,1354.945556640625,False,47440.2499961853,1921.06506377271,False,41092.14823246002,3937.851680599263,False,False,-2.110417308083856,61.498253657401335,False,False
COSMOS 1426817,149.53735835662,1.97582477413,2025051900267,-1,y,20250519,y_10,0.1171804237208302,149.53732607952472,1.9758204223830635,745279803495547168,0,3828.914420220635,1335.1754326156013,0.03689229,0.04772075,149.53732607952472,1.9758204223830635,2.3167918e-06,2.4209876e-06,139178.54620615966,4907.919670328715,134243.17143475145,2924.610724188876,False,135185.71839367933,3870.098962613456,False,131215.98789079866,5481.871845849267,False,118243.54883835372,8039.247592102405,False,111439.93200798937,11237.612922953096,False,-8.672427797876045,180.50945168560787,145010.90755286932,1871.5696686177064,0.0,0.0001442020022245,False,46982.65234375,1345.0201416015625,False,45603.006103515625,1905.178166649956,False,38730.0052472651,3905.537266852467,False,False,-3.014028885931003,62.73453227217807,False,False
COSMOS 1426817,149.53735835662,1.97582477413,2025051900268,-1,y,20250519,y_10,0.1124219891686659,149.53732711390447,1.9758252856569505,745279803630289576,0,316.1454265906582,3263.8034137840987,0.04581755,0.06259488,149.53732711390447,1.9758252856569505,2.9459516e-06,3.1464663e-06,141072.6727733424,5543.705650266584,132530.65159141464,3285.0152120087064,False,136800.3111975817,4354.622338052011,False,138761.83592513695,6186.226936533686,False,140574.27320557274,9066.01462681765,False,139662.8520940161,12674.986686720067,False,-0.4650850680430133,203.2299136593641,138863.206104339,2191.7460592013595,0.0,2.293834923539073e-05,False,42246.62109375,1344.7928466796875,False,42852.37842869759,1910.42829581157,False,43130.62990599871,3914.284662326517,False,False,-0.1436273972914869,62.76138615563659,False,False
COSMOS 1426817,149.53735835662,1.97582477413,2025051900269,-1,y,20250519,y_10,0.1300455764329667,149.53732371483255,1.9758144639442217,745279803766604399,0,84.15905793970079,2484.9534312662354,0.042162612,0.04787493,149.53732371483255,1.9758144639442217,2.4667145e-06,2.544081e-06,148028.19628017026,5452.496168085713,130485.0835049616,3237.299622873755,False,142639.42946825086,4293.395963744021,False,144064.6224365008,6085.46197048109,False,142680.663781437,8925.040229914757,False,145999.84268031086,12476.003926800096,False,-0.1168774570115007,192.6702387968845,139146.01625572823,2024.477369296659,0.0,0.0017929376061307,False,44809.6875,1348.755615234375,False,45257.40698242188,1911.7270042859195,False,45865.34978401661,3919.2938396680793,False,False,-0.0367166522188435,60.52669463993083,False,False
COSMOS 1426817,149.53735835662,1.97582477413,2025051900270,-1,y,20250519,y_10,0.1316314122987988,149.5373217805519,1.975823920794423,745279803902394849,0,2571.747533405972,2080.8555882434453,0.043351583,0.056111194,149.5373217805519,1.975823920794423,2.6844298e-06,2.8826287e-06,137862.86289322938,4958.081085022065,134787.84877832342,2938.247248664836,False,141101.79316223448,3891.3906106964714,False,147728.3977304566,5523.245307688343,False,147302.05978733415,8088.2355429589425,False,144735.11039695385,11306.627531713706,False,-1.7852022025663383,178.25007830275248,140459.37467909517,1921.395193902966,0.0,0.0030749859772909,False,48903.6328125,1348.6939697265625,False,51200.308349609375,1914.268801318449,False,50162.882662951946,3918.6969121142392,False,False,-0.6187226331701705,61.77863642097416,False,False
COSMOS 1426817,149.53735835662,1.97582477413,2025051900272,-1,y,20250519,y_10,0.1190464235531139,149.5373252694948,1.975825030952324,745279804169258546,745279804169257706,871.5155634636952,2795.432404666245,0.055540655,0.07632517,149.5373252694948,1.975825030952324,3.506568e-06,3.8970425e-06,136205.58986736363,4616.391661651781,130819.77820631844,2734.813522198634,False,135274.96125956596,3620.3912832929,False,141094.17056448272,5137.668370026335,False,147714.08301697366,7545.386763032338,False,146942.28615394,10524.026490971602,False,-2.691787730247218,170.28862329595853,139379.03980450597,1998.6555488802453,0.0,0.0006795484663819,False,50218.7421875,1344.014404296875,False,52379.03385639191,1907.2801124234725,False,54550.05653741956,3906.882457799633,False,False,-0.9992846628089624,63.21702398683419,False,False
COSMOS 1426817,149.53735835662,1.97582477413,2025051900273,-1,y,20250519,y_10,0.1171666644990893,149.53732591824152,1.9758218994487609,745279804305048302,0,1100.079614730921,2799.025776639623,0.05161349,0.052713092,149.53732591824152,1.9758218994487609,2.8861712e-06,2.9099094e-06,140770.51969829146,4461.443085119869,132686.02946744964,2658.432130560632,False,140839.25992841236,3518.208573342097,False,147974.1553339871,4965.4016874512345,False,146445.73545994726,7295.341604592977,False,129714.00229481292,10201.860470956128,False,-5.95787553231221,162.98132711393197,136592.01965553092,1848.2163033205384,0.0,0.0003723392862873,False,54595.22265625,1363.8056640625,False,57361.00830078125,1924.798602619124,False,50282.60472625494,3954.6703398111495,False,False,-2.3095232210829737,63.178419477062185,False,False
COSMOS 1426817,149.53735835662,1.97582477413,2025051900275,-1,y,20250519,y_10,0.1448527877049548,149.53731811363767,1.9758235764431331,745279804573484515,745279804573483928,1520.1775322169494,3497.503843230137,0.04424582,0.051378794,149.53731811363767,1.9758235764431331,2.5741354e-06,2.7510132e-06,141865.16145636057,4211.839063500423,133981.50538869578,2505.5879126548266,False,137723.89342238804,3312.0072967905203,False,137760.21202673134,4694.337717113316,False,136994.4045938929,6872.247835883785,False,113693.06361408986,9610.908554790936,False,-7.990752875925317,149.14232790041854,139263.29655199358,1689.617431110181,0.0,0.0107670138804654,False,56213.92578125,1351.8419189453125,False,56228.749725580215,1916.0593377404016,False,46405.40781289339,3922.826219648348,False,False,-3.261537108350121,60.874518887759805,False,False
COSMOS 1426817,149.53735835662,1.97582477413,2025051900276,-1,y,20250519,y_10,0.1481139484154909,149.53731753012556,1.9758194915460947,745279804704031817,745279804704031053,2694.74297091483,1445.1241238891116,0.047171157,0.053771835,149.53731753012556,1.9758194915460947,2.7216538e-06,2.8962609e-06,137580.12023641283,4204.947477234077,132243.30818525708,2490.3631321797275,False,139133.81346355684,3293.9837548126734,False,144025.3777056138,4670.1774726613385,False,149710.0225398027,6836.597235132405,False,139282.75821965074,9554.921856875268,False,-3.1007542576897094,151.79191210072148,140998.7560863619,1775.689429359177,0.0,0.0203684946326839,False,56770.02734375,1344.026611328125,False,58765.90619492531,1905.547589210538,False,56830.80047765374,3898.64377018806,False,False,-1.2651842108920657,61.93484377379734,False,False
COSMOS 1426817,149.53735835662,1.97582477413,2025051900278,-1,y,20250519,y_10,0.1312822439848798,149.53732187316194,1.9758241394925704,745279804976137322,745279804976136325,2055.8933308857618,459.6384000867877,0.05265679,0.06375537,149.53732187316194,1.9758241394925704,3.080135e-06,3.408383e-06,142885.47742241068,4202.052793004816,132185.9662994373,2485.666029444769,False,141938.65279556694,3287.727970787172,False,146306.93597444938,4660.01745571156,False,143425.94476734177,6818.884618090802,False,151105.85329365433,9528.114206437906,False,0.0716651231936054,151.8697443190473,139385.51440523288,1870.7119015886756,0.0,0.0063283341724137,False,57350.16015625,1328.4029541015625,False,59115.160281181335,1882.8750460306287,False,61054.157667815685,3849.824307641458,False,False,0.0289562160258789,61.36280701586401,False,False
COSMOS 1426817,149.53735835662,1.97582477413,2025051900279,-1,y,20250519,y_10,0.1231549858159602,149.53732415596983,1.9758233561105076,745279805105112276,745279805105111594,284.27118166346435,2357.977277459545,0.04873364,0.04783341,149.53732415596983,1.9758233561105076,2.6734951e-06,2.691124e-06,142382.29012127238,4201.47056731762,136673.27365860043,2486.4617926433625,False,145256.002653842,3286.6578576432994,False,157879.0117664954,4653.157285034009,False,160487.97325432836,6812.071833276779,False,169485.28654088572,9514.223428534458,False,1.5583772486848306,150.63755958547654,145446.7908290879,1810.1002400028349,0.0,0.0033022186743719,False,59258.375,1340.8189697265625,False,64408.03486919403,1898.2935940185323,False,69142.90964454412,3881.4053082918726,False,False,0.6357527517406965,61.45382519078228,False,False
COSMOS 1426817,149.53735835662,1.97582477413,2025051900280,-1,y,20250519,y_10,0.1398329715176035,149.5373196046717,1.975821805829758,745279805239329399,0,1967.0655478219703,2505.86427565542,0.04550932,0.046242084,149.5373196046717,1.975821805829758,2.5546508e-06,2.5421755e-06,132576.74082119897,4120.698455414777,130898.5297701137,2454.590420435673,False,139188.61661871985,3245.2807502204723,False,150500.50604651944,4592.659702421145,False,156717.17014077248,6729.267261689607,False,152461.12249680667,9400.599778340847,False,2.2275279705004256,149.20837018076926,138737.86735449042,1665.403868601619,0.0,0.000746284880752,False,57205.35546875,1333.783203125,False,61854.447265625,1887.5446656940956,False,62660.244202911854,3863.567761525659,False,False,0.9154953362179056,61.32339024882425,False,False
COSMOS 1426817,149.53735835662,1.97582477413,2025051900281,-1,y,20250519,y_10,0.1033096629097524,149.5373296665222,1.9758235985713768,745279805373547767,745279805373547043,2288.737231392691,2227.702649976099,0.04571791,0.045449685,149.5373296665222,1.9758235985713768,2.529752e-06,2.534068e-06,144916.48747634227,4123.266938766178,133800.11709985547,2453.877342782252,False,143695.10992924988,3243.834699180577,False,148123.40721200063,4597.280689654575,False,146126.03127431095,6729.272964566395,False,145918.43499695568,9400.77493523739,False,-1.3311375966278636,150.61459867532722,142254.32812714195,1712.6711371708109,0.0,0.0241561370543567,False,58928.52734375,1330.2777099609375,False,60744.54625797272,1885.3180248137185,False,59840.29999983311,3855.2030274122217,False,False,-0.5458917725161324,61.76616936217883,False,False
COSMOS 1426817,149.53735835662,1.97582477413,2025051900283,-1,y,20250519,y_10,0.1141916444556049,149.53732664396802,1.975823487535798,745279805643556020,745279805643555329,474.10575581050085,2134.185566920865,0.04296201,0.04596414,149.53732664396802,1.975823487535798,2.4890492e-06,2.453981e-06,145982.3399364907,4010.770632495549,134496.49390845234,2385.3883223611265,False,143353.31754653194,3153.054217604872,False,145260.93326442587,4463.638974403633,False,139072.29860702352,6534.144441617186,False,139577.4902149616,9128.147412268663,False,-2.956429537574294,145.96406493641484,142531.44690877397,1658.5327362171238,0.0,0.0011342771665922,False,59928.13671875,1318.1185302734375,False,60725.60591936112,1866.0019265642268,False,58349.67100602389,3815.976326699071,False,False,-1.2359205671650628,61.01954659468982,False,False
COSMOS 1426817,149.53735835662,1.97582477413,2025051900284,-1,y,20250519,y_10,0.1231045787975771,149.53732420979745,1.9758269484300823,745279805776200930,745279805776200353,3573.82903679319,3049.987659822718,0.043176793,0.04823865,149.53732420979745,1.9758269484300823,2.567181e-06,2.518062e-06,137180.60056286224,4168.69785602841,133510.79994247033,2482.3306269361624,False,142424.5147068616,3282.27558547776,False,153508.3361311739,4636.804166177427,False,153644.82015938166,6801.299601586347,False,155878.84575946294,9505.443029290842,False,0.2507181991010584,151.87129291394604,141031.60596288615,1717.2263367767275,0.0,0.0033057447561005,False,58385.59375,1345.5380859375,False,62929.30236792565,1900.814371050829,False,63901.070552796125,3896.667201318587,False,False,0.1027795737873824,62.25821185777728,False,False
COSMOS 1426817,149.53735835662,1.97582477413,2025052000110,-1,g,20250520,g_6,0.1239890008254666,149.53732487360804,1.975816623677388,745284180467778318,0,3624.131983427414,2279.8664834134643,0.013075566,0.018164491,149.53732487360804,1.975816623677388,1.001621e-06,7.3814266e-07,90751.33291412702,583.8043712073581,88466.2912317018,398.28913111780713,False,91030.38798255924,487.3406737950791,False,92727.220684851,647.2339156922101,False,94018.74408281136,913.7376045412472,False,93657.43504429547,1255.0326671331902,False,0.1940477057332215,19.432081482582703,91322.80087648644,358.3607748250942,0.0,0.0017441555734379,False,130150.9140625,696.7764892578125,False,132576.96466064453,925.3842327435937,False,133906.9408569336,1794.3859454600754,False,False,0.2774401695151357,27.78306478908644,False,False
COSMOS 1426817,149.53735835662,1.97582477413,2025052000111,-1,g,20250520,g_6,0.1266092059633988,149.5373240968287,1.9758167406846645,745284180602520053,0,988.9282250715868,1726.1600503670652,0.0130725205,0.018924931,149.5373240968287,1.9758167406846645,1.0409826e-06,7.424605e-07,91232.12525090652,601.3704580490132,88320.35298850034,408.8512750678856,False,90854.90821620174,501.0545585963218,False,92001.54454198494,666.7432056625272,False,91730.14489964933,941.5064779996663,False,92746.39345366848,1294.964451136648,False,0.1127522218041675,20.269421975733334,91101.45834182612,366.055118224124,0.0,0.0017465890484774,False,127333.453125,702.2296142578125,False,128940.46771240234,934.4427988701884,False,129984.37591552734,1814.896943651804,False,False,0.1580226102444109,28.407661662880116,False,False
COSMOS 1426817,149.53735835662,1.97582477413,2025052000112,-1,g,20250520,g_6,0.114683849703045,149.53732733806325,1.975817436731806,745284180736737727,0,1165.478595957857,1338.3088882296545,0.012150653,0.018296212,149.53732733806325,1.975817436731806,1.0036487e-06,6.9523037e-07,90584.93289821965,528.7929887374147,87602.83490469315,363.6974797069127,False,90177.78992316844,441.98684384698805,False,91512.60266996956,585.1989225049279,False,92089.86980082208,821.3120365108033,False,92442.4563466649,1125.602440031707,False,0.1633510624361471,17.93849228459666,89738.75095313971,333.23278524833745,0.0,0.0013954889311287,False,143431.703125,702.9993286132812,False,145554.78094482422,930.7843782078749,False,147033.75372314453,1790.319713456678,False,False,0.2598169805720116,28.53195340079332,False,False
COSMOS 1426817,149.53735835662,1.97582477413,2025052000113,-1,g,20250520,g_6,0.1221207923937948,149.53732558134288,1.9758159542522435,745284180870956401,0,3961.829672350736,2988.822209500299,0.011247693,0.013846479,149.53732558134288,1.9758159542522435,7.6238547e-07,6.3430525e-07,91424.99181765172,432.8629342268808,88549.41455098655,306.56484771771176,False,91416.10489466012,366.1253877201803,False,92727.23464176238,475.52620571515246,False,94202.58768610138,659.3268272583099,False,93820.2857869492,896.7536609802272,False,0.3982295580496394,13.988871592064292,91421.94504177244,295.0523792899901,0.0,6.462065264312145e-05,False,177975.421875,712.7991333007812,False,180528.02319335935,925.7884830281791,False,182656.05346679688,1745.8642688267653,False,False,0.775301831976429,27.234537350084302,False,False
COSMOS 1426817,149.53735835662,1.97582477413,2025052000114,-1,g,20250520,g_6,0.1196380378148908,149.53732593462806,1.9758173929230267,745284181006746416,0,1252.429288631377,1623.1513578588624,0.011228022,0.0129523575,149.53732593462806,1.9758173929230267,7.1433544e-07,6.30981e-07,90649.32475422633,407.0310963455205,88134.0384453628,291.3767035463093,False,90463.7649382899,345.74246484962595,False,91902.68724047956,446.1112040119218,False,92524.24983073137,616.1321174328432,False,92675.22313393786,837.7994236485702,False,0.3141837611856345,12.935161116966889,90547.13641585896,281.9660410053067,0.0,8.471726175995897e-05,False,186963.8125,714.554931640625,False,189937.6705932617,921.989611618865,False,191534.2905883789,1731.5018279693586,False,False,0.6493317391435796,26.733433429170347,False,False
COSMOS 1426817,149.53735835662,1.97582477413,2025052000115,-1,g,20250520,g_6,0.1227283826341849,149.53732534687182,1.9758161797769285,745284181139391281,0,2677.717838883936,1577.0508565546093,0.011644269,0.01375521,149.53732534687182,1.9758161797769285,7.5675916e-07,6.5649584e-07,91656.2454704404,383.850788752856,87965.87099587859,276.451420082596,False,91320.18050453522,326.9327891038543,False,92805.71008811877,419.0955495019815,False,93015.00088089802,575.3686174272552,False,92848.69839381376,779.8919197672897,False,-0.268373092290007,11.8811002334348,90235.8105571068,272.32938812313057,0.0,0.0044675541715676,False,199569.203125,714.4720458984375,False,202815.64825439453,915.8826054137146,False,202909.59399414065,1704.3594098442982,False,False,-0.5864969152776576,25.9647067355181,False,False
COSMOS 1426817,149.53735835662,1.97582477413,2025052000116,-1,g,20250520,g_6,0.1246115908776134,149.53732508253964,1.975815166655039,745284181275183356,745284181275181157,29.151029806998555,231.9221093158054,0.011921996,0.013494548,149.53732508253964,1.975815166655039,7.435094e-07,6.704939e-07,91366.05923349631,377.2529543703217,88208.10585554203,273.2558560474895,False,91296.96770657507,322.2588084933485,False,92932.13073787026,412.4013158706344,False,94148.55235032106,566.8419022646775,False,,,True,0.8172171235208855,11.437559001015217,84456.46184175374,252.8876199620682,1.0,0.0164398327535129,False,202287.875,714.0330200195312,False,205910.92692810297,913.762942300507,True,,,False,False,1.8107185756920472,25.34234776491775,False,False
COSMOS 1426817,149.53735835662,1.97582477413,2025052000117,-1,g,20250520,g_6,0.1168541584367238,149.53732689083068,1.9758167305340544,745284181408876808,745284181408875038,2847.120013291149,1062.1267850832064,0.012609623,0.013228541,149.53732689083068,1.9758167305340544,7.323598e-07,7.0440495e-07,90775.81144553651,395.21141204810897,87694.1346000307,283.45406719781926,False,91076.18348551262,336.2947169241031,False,93033.10509524764,432.1052809567977,False,93609.4949233071,595.580150813398,False,93569.1209205614,808.6027767861242,False,0.1184965057058088,12.366066600800186,90934.46690680344,280.4117522480069,0.0,0.0011851917402229,False,191331.78125,706.4840087890625,False,195442.8592841029,907.7617213302192,False,196568.91506192088,1698.7032579246695,False,False,0.2489360735257383,25.978488110051213,False,False
COSMOS 1426817,149.53735835662,1.97582477413,2025052000118,-1,g,20250520,g_6,0.1186440144699829,149.53732615668642,1.9758176650566948,745284181542569464,0,911.421605402711,3225.236564221034,0.011724987,0.015951796,149.53732615668642,1.9758176650566948,8.6558117e-07,6.797179e-07,91116.35221818436,382.447113714768,87580.09821839746,275.4422607283254,False,91300.5589985546,325.7058900938328,False,93411.4904801956,417.4485462462339,False,94402.07589929237,572.6069846908388,False,94773.77969610666,776.1101898637885,False,0.1459763043133401,11.941619199089285,91855.80940803,276.64390777200265,0.0,4.352926218020858e-05,False,201036.125,717.1768798828125,False,205684.21795654297,919.1864655018678,False,208683.8638305664,1708.9291331250272,False,False,0.3214275014618397,26.29443758442398,False,False
COSMOS 1426817,149.53735835662,1.97582477413,2025052000119,-1,g,20250520,g_6,0.1221702955678685,149.53732520979972,1.975817408020378,745284181677834380,0,2615.9448747033757,255.05052531719437,0.012197503,0.012511978,149.53732520979972,1.975817408020378,6.9366195e-07,6.8027776e-07,91168.89987547732,379.5349021992079,87504.03628263557,273.85106819199746,False,91179.60507406628,323.6984570446332,False,92915.1680115218,412.98278234535576,False,94313.6653602962,567.7222822816877,False,93768.84669005287,769.5928675015822,False,-0.1247203447152318,11.723771646688425,91254.95677103702,278.9608729154129,0.0,5.9933630226827184e-05,False,200435.015625,711.5681762695312,False,204250.20635986328,907.8369045907498,False,206126.8003540039,1691.7528683883456,False,False,-0.274165743769634,25.771710145915986,False,False
COSMOS 1426817,149.53735835662,1.97582477413,2025052000120,-1,g,20250520,g_6,0.1198964765748066,149.537326079806,1.975816489173091,745284181812054611,745284181812052443,2447.401958619836,790.0779940104295,0.011635846,0.0103649665,149.537326079806,1.975816489173091,5.854927e-07,6.3863973e-07,90890.66612015408,375.9873406607717,87671.93104972327,271.9273014926067,False,90693.46892577,320.41742042156733,False,92509.81326431036,410.19692250241474,False,92825.72591420649,561.7733179363285,False,92905.30736906648,760.2619164190208,False,0.2635519702665043,11.623295029162476,90877.67136112392,276.35434086483315,0.0,0.0031573063663657,False,201099.328125,710.4781494140625,False,205126.8025446087,909.5508914946706,False,206003.75211645663,1685.7681418716554,False,False,0.584387440180429,25.77293435403107,False,False
COSMOS 1426817,149.53735835662,1.97582477413,2025052000121,-1,g,20250520,g_6,0.1184721148624168,149.53732647692985,1.9758165345588623,745284181946271227,0,3996.974168507869,2568.058013422707,0.010716626,0.009140551,149.53732647692985,1.9758165345588623,5.211625e-07,5.846823e-07,91187.58015309396,371.8644530550103,88153.06987345056,271.0923651831534,False,90981.62242180073,319.17959180751984,False,92236.04299295008,406.121358904812,False,92422.97099792965,557.8491316694648,False,91827.5714688944,756.557927353264,False,0.1469717450198589,11.46939333393243,90732.80117044583,273.43272197034906,0.0,0.0001718274332543,False,204324.390625,716.8060302734375,False,207141.53887939453,912.057808700267,False,206224.203125,1699.0600229385225,False,False,0.3300656928390836,25.757694152007616,False,False
COSMOS 1426817,149.53735835662,1.97582477413,2025052000122,-1,g,20250520,g_6,0.1228954705439388,149.5373251964732,1.9758165833058292,745284182081014306,745284182081012874,630.9584107539388,2284.9418992850246,0.011678348,0.011898762,149.5373251964732,1.9758165833058292,6.596802e-07,6.5135964e-07,91340.30216419935,375.6232996968844,88142.11131540195,272.49996485464726,False,91427.72768258008,321.4165937404922,False,92931.3521582976,409.78018577929606,False,93884.11245705555,563.155151432717,False,93415.7337509453,763.8165701851007,False,0.1764334754616867,11.500075866326412,91179.39290134738,272.97384552104506,0.0,0.0004237663632431,False,203609.40625,715.7942504882812,False,206957.97560071945,912.5798314621596,False,208036.6926483512,1701.018304635514,False,False,0.3929170733204448,25.61065092968302,False,False
COSMOS 1426817,149.53735835662,1.97582477413,2025052000123,-1,g,20250520,g_6,0.1169388845580169,149.53732666776548,1.9758175521494328,745284182213132878,0,2965.1762221249323,1182.279530539627,0.0132408915,0.013026147,149.53732666776548,1.9758175521494328,7.2586994e-07,7.343079e-07,91107.90024006096,379.99031355021935,87011.28957851935,272.6248525358864,False,90846.94025775288,322.67653369302,False,92691.3359441051,413.9078802836931,False,93216.30558914064,567.9143824866204,False,94369.62248897528,769.8261932250346,False,0.3920886415603228,12.01856101709466,90226.51264956806,272.82176923925533,0.0,0.055021814550942,False,200744.5625,713.0186157226562,False,204820.12524414065,914.612601229148,False,208528.63647460935,1701.085605321878,False,False,0.8663986105413083,26.557424679477045,False,False
COSMOS 1426817,149.53735835662,1.97582477413,2025052000124,-1,g,20250520,g_6,0.1213414790807613,149.53732582910425,1.9758158684802347,745284182347352414,745284182347350903,2088.7611112396157,1759.5931746145848,0.014500389,0.013003837,149.53732582910425,1.9758158684802347,7.3774646e-07,7.92584e-07,91178.98707138113,384.6638726540807,86889.85568959304,275.2265702992376,False,91203.93139109958,326.2931272585373,False,93265.56455480796,418.8301826816536,False,94191.74861542026,575.2637988029805,False,93698.1941907646,779.7088518329771,False,0.0929449225116049,11.918678399766335,90904.27939528282,280.6182752310182,0.0,0.0005915251931497,False,199284.109375,712.9630737304688,False,203788.8573899269,915.1601105566727,False,204734.1698383689,1703.693927874937,False,False,0.2030882421529161,26.0427722094475,False,False
COSMOS 1426817,149.53735835662,1.97582477413,2025052000125,-1,g,20250520,g_6,0.1207938451521992,149.53732566077684,1.9758171509304103,745284182481568575,0,1025.24106036257,1679.7058885747,0.013621326,0.011659152,149.53732566077684,1.9758171509304103,6.69589e-07,7.383904e-07,90893.77643692865,390.6351633732567,86875.45950476936,279.15966351181964,False,90970.77345616714,331.29813830474615,False,93064.45746103044,425.76285179433467,False,94283.6426621826,585.5748313670795,False,95308.80096085712,793.6177724701765,False,0.4394818949338265,12.26089815682281,90537.18681034404,283.95661365463025,0.0,0.0004576586067692,False,195364.265625,711.479248046875,False,199860.5562744141,914.3469238643372,False,204680.395690918,1704.3336822929202,False,False,0.94380925210667,26.330889287917977,False,False
COSMOS 1426817,149.53735835662,1.97582477413,2025052000126,-1,g,20250520,g_6,0.1172711544457299,149.53732668948084,1.9758170581810843,745284182615786800,0,2054.257880773426,2553.7526946604125,0.011761813,0.01210214,149.53732668948084,1.9758170581810843,6.690247e-07,6.577991e-07,91338.4198579303,397.6532884888149,87519.52897333297,284.3762907091556,False,91469.66240091714,337.61441089442303,False,94062.76267992212,435.16692942783214,False,94997.62128238934,597.9664211931831,False,94348.57270819283,810.198789878712,False,0.1269707849171756,12.489742101625817,90846.270678311,285.6074501958583,0.0,0.0008489501898034,False,193244.84375,713.2664794921875,False,198723.19848632807,919.3623664408047,False,199327.01960915327,1711.6794185848107,False,False,0.2682468574617636,26.386653208881604,False,False
COSMOS 1426817,149.53735835662,1.97582477413,2025052000127,-1,g,20250520,g_6,0.1198077513341884,149.53732587558898,1.9758174399264328,745284182750529460,0,2773.791694583704,3776.5057425529226,0.011444432,0.0117677385,149.53732587558898,1.9758174399264328,6.502469e-07,6.402158e-07,90918.44162073948,391.42122991070886,88094.7723677119,281.3543063343852,False,91118.3333321136,332.8248352931208,False,93252.33278468411,428.1488652938775,False,94454.11835905438,588.0839624907704,False,95266.93995359344,798.5641729380219,False,0.6336033898528325,12.206247661334729,91216.47021422934,280.7976648595325,0.0,0.0003220811092831,False,196402.609375,717.3931274414062,False,201002.37591552731,922.8609794493084,False,205344.79626464844,1721.2791496828202,False,False,1.3657115371323827,26.310170562774307,False,False
COSMOS 1426817,149.53735835662,1.97582477413,2025052000128,-1,g,20250520,g_6,0.1174810575758655,149.537326654001,1.97581695797418,745284182885794347,0,615.6696497635827,1256.4729170439562,0.012871989,0.013635098,149.537326654001,1.97581695797418,7.485014e-07,7.2571635e-07,91010.78397264222,422.5787845125351,87757.45690969625,298.9152928321526,False,91166.46922700014,356.83012430784464,False,93416.13559996364,463.2007234606142,False,94809.84808959144,640.9944780859795,False,95617.09858699708,871.5002273928694,False,0.6958175767699412,13.257518098163365,91662.1243171879,297.31769466240314,0.0,0.0004885828033189,False,181617.328125,710.8593139648438,False,186099.00213623047,922.7655572688226,False,190483.65167236328,1736.159622078973,False,False,1.3861733401203378,26.410971434705534,False,False
COSMOS 1426817,149.53735835662,1.97582477413,2025052000129,-1,g,20250520,g_6,0.1200021622938113,149.53732587206423,1.9758172137610752,745284183020012761,0,1982.153281924216,2807.633044223498,0.013749529,0.015179878,149.53732587206423,1.9758172137610752,8.250891e-07,7.8498607e-07,90683.97724913324,424.8606021687017,86968.77209510395,299.3984619672179,False,91165.45164964048,357.97327456136424,False,94249.80973602696,464.1653507818763,False,95657.0968812697,641.5722307618322,False,96277.743027272,871.8654660580235,False,0.4153143122839076,13.88029774827548,90266.75187515956,297.79568497389204,0.0,0.0007250113823434,False,181673.78125,713.3662719726562,False,187820.26531982425,924.9849902115706,False,191861.5145263672,1737.446511742031,False,False,0.8276350322908576,27.660546085991022,False,False
COSMOS 1426817,149.53735835662,1.97582477413,2025052000130,-1,g,20250520,g_6,0.1144804831378397,149.53732785781662,1.975815708963531,745284183152656687,0,3846.2980150276862,907.7075053210962,0.016073657,0.017595174,149.53732785781662,1.975815708963531,9.568939e-07,9.1599617e-07,91948.74830038135,516.4348179506202,87273.5978610711,353.8566796193906,False,91550.04007718497,430.5947785974341,False,93871.01817267969,568.4310659974227,False,93450.684987627,795.8979472069292,False,92752.8299383972,1088.8551692304447,False,-0.8115092532888842,16.802954201486443,91232.81972219254,341.09832942462083,0.0,0.0020341819188784,False,150569.765625,708.1870727539062,False,154387.01275634766,934.8825222691544,False,152547.96014404297,1790.8093485527063,False,False,-1.3346663526002818,27.63534427502588,False,False
COSMOS 1426817,149.53735835662,1.97582477413,2025052000131,-1,g,20250520,g_6,0.1176521198306546,149.53732658999664,1.9758170192351547,745284183287399805,0,3343.3951653381305,3541.58586554144,0.014052784,0.014935688,149.53732658999664,1.9758170192351547,8.169378e-07,7.9515985e-07,90814.6709238842,479.6649604623785,87541.48959815191,333.13233814119513,False,91177.23883155746,402.2505443136258,False,93528.5987684027,528.7975697246467,False,94463.45566633133,736.8878075783803,False,94225.61967183206,1005.6550803828004,False,0.1184266512925962,15.829821886602456,90760.82933824464,318.48646378151614,0.0,0.00230879743068,False,161796.84375,713.8060913085938,False,165969.40502929688,938.3677205029144,False,167206.29028320312,1784.566192091938,False,False,0.2101517729706908,28.090510868711267,False,False
COSMOS 1426817,149.53735835662,1.97582477413,2025052000132,-1,g,20250520,g_6,0.1203645762639763,149.53732586317554,1.9758168177539048,745284183421617508,0,583.3985357493482,3493.954519221423,0.013707351,0.013478477,149.53732586317554,1.9758168177539048,7.529451e-07,7.5853427e-07,91194.0503600043,481.15157697627774,88147.23885415998,334.32812646793843,False,91296.63705176424,403.2544425593884,False,93207.75336669548,528.5180641825924,False,94121.01355823057,736.6494420514512,False,93828.9450296742,1006.4753867563325,False,0.2512146094199421,15.940552022016965,91482.77644945384,321.11641444636035,0.0,2.7983714829260545e-05,False,162152.703125,716.2235107421875,False,165547.05242919922,938.7052527357412,False,166650.3560180664,1787.609159128007,False,False,0.4461843206649366,28.31214470922054,False,False
COSMOS 1426817,149.53735835662,1.97582477413,2025052000133,-1,g,20250520,g_6,0.1154296411695465,149.53732765105104,1.9758154802948376,745284183555834188,0,498.2744780808337,914.1739078693068,0.01449006,0.013753808,149.53732765105104,1.9758154802948376,7.7704766e-07,7.934318e-07,92115.40844564357,473.3995615723391,88632.07333747613,329.5625874971615,False,91987.76754548744,397.0084069339558,False,93906.937581788,519.6278643176366,False,95138.65679802946,723.649001195956,False,95777.61997541889,987.9857229043932,False,0.2363982079135448,15.436716010552855,92383.0784484405,318.3177387727837,0.0,4.153678899987412e-05,False,164807.875,711.2914428710938,False,168246.31408691406,930.9799160701464,False,171597.88134765625,1770.1030459478695,False,False,0.4235376870166336,27.65685515109011,False,False
COSMOS 1426817,149.53735835662,1.97582477413,2025052000134,-1,g,20250520,g_6,0.1172643437216814,149.5373266936169,1.9758170492195584,745284183691624704,0,2266.2272725372973,545.3406711016172,0.012613803,0.014293054,149.5373266936169,1.9758170492195584,7.655125e-07,7.330009e-07,91383.31890703372,445.47989765169297,87851.08734420853,313.39857610296536,False,91031.71804872648,375.7211150987524,False,92637.97793653928,489.3929291692276,False,93152.33563438152,679.0279005392745,False,93746.6246389952,926.3852865391484,False,0.2897105414621524,14.150151903905936,91224.84373407815,303.06978886669447,0.0,4.286052474100632e-05,False,171321.421875,707.1060180664062,False,174344.39819335938,921.0360331325876,False,176430.86798095703,1743.4543464181772,False,False,0.5452343749999834,26.630543681783426,False,False
COSMOS 1426817,149.53735835662,1.97582477413,2025052000135,-1,g,20250520,g_6,0.1162921834449887,149.5373271582151,1.9758163287056,745284183824270439,0,230.051794305877,2318.3103119322186,0.011872928,0.012503295,149.5373271582151,1.9758163287056,6.8336817e-07,6.7217934e-07,91754.9369908745,412.54856610397184,88264.41521735728,293.4949865005568,False,91574.01505710548,349.2214669883843,False,93556.26572663905,451.35270977563073,False,94091.0349132956,622.0538366415611,False,94472.73045626904,846.0273244380992,False,0.2837947653260473,13.070276599505652,91144.2955423166,288.65300310721824,0.0,0.0001257322191603,False,187561.796875,715.2750244140625,False,191621.84051513672,924.4601235091192,False,193498.942565918,1732.8322349741277,False,False,0.5812681260626039,26.7705261490151,False,False
COSMOS 1426817,149.53735835662,1.97582477413,2025052000136,-1,g,20250520,g_6,0.1206841176064628,149.53732565195887,1.975817324790935,745284183960060382,0,2907.6527973074344,1050.0277254589298,0.013351731,0.012922571,149.53732565195887,1.975817324790935,7.270067e-07,7.3399997e-07,90353.59555271416,426.9284894540432,87080.4037946112,300.8610030351488,False,90441.20717272843,359.6336915315515,False,93039.66816007344,467.20979014764697,False,93684.98108319628,646.0492316404682,False,93307.69345524692,878.8356198580238,False,-0.1544949861622575,13.473429967223591,90038.3660587818,295.38991217675846,0.0,0.0031314685066026,False,178225.484375,708.7022705078125,False,183346.07025146484,920.6941587453208,False,183874.2469482422,1731.8533103617176,False,False,-0.3044513071313818,26.551045227812413,False,False
COSMOS 1426817,149.53735835662,1.97582477413,2025052000137,-1,g,20250520,g_6,0.1117022524211649,149.5373284217513,1.9758165442660405,745284184093755095,745284184093753441,3520.689809841851,274.0390609479418,0.014390981,0.012990134,149.5373284217513,1.9758165442660405,7.521297e-07,7.721005e-07,91737.00919562846,464.4885359164971,87611.86376377998,322.8500600513727,False,91576.9735599101,389.1182638791723,False,93311.4220486748,508.6338489108429,False,94124.39527873736,707.4786043938756,False,94263.69133478188,965.6423164177424,False,0.164073001130734,14.65066930460054,91092.17426649612,314.3528331352793,0.0,0.0005097451880049,False,167352.140625,711.0933227539062,False,170521.75473338366,929.5018179856734,False,172261.97716361284,1764.6609453070837,False,False,0.2998348481131368,26.77333367115356,False,False
COSMOS 1426817,149.53735835662,1.97582477413,2025052000138,-1,g,20250520,g_6,0.1153144392545621,149.53732699809498,1.9758181523985427,745284184228496032,0,3279.72551456601,1534.038634892269,0.0138129275,0.012091693,149.53732699809498,1.9758181523985427,7.1123577e-07,7.3207065e-07,90785.1788033834,427.9313175244715,87017.77458183609,301.31664241933817,False,90588.07641445647,360.59632028476864,False,92211.91754103676,467.6341645681374,False,93367.86422467868,648.6177687886371,False,94227.37553639196,882.9115570791073,False,0.4112020743527925,13.760384869299122,90702.86971654154,300.556186571008,0.0,4.161764774712751e-05,False,178807.125,711.762451171875,False,182012.34112548828,923.0389233086928,False,185990.54956054688,1742.7335185736958,False,False,0.8116505352499731,27.160912945273942,False,False
COSMOS 1426817,149.53735835662,1.97582477413,2025052000139,-1,g,20250520,g_6,0.1184858211315324,149.53732643409464,1.975816686398392,745284184361141248,0,2271.868572818321,2264.204635404347,0.013753171,0.014229911,149.53732643409464,1.975816686398392,7.8027654e-07,7.7550004e-07,91602.0705653176,426.3486545808774,86895.48086878004,299.66567017478,False,91525.74491029588,359.0313753904665,False,93603.17040029976,465.67134939568217,False,94434.27719456736,644.3998233255599,False,94105.5144108568,876.0613753756346,False,-0.0366769091770597,13.489162268302069,91146.66930227488,300.2632865384955,0.0,0.0007450951514952,False,183237.484375,718.7923583984375,False,187396.55700683597,932.2890154284636,False,188402.26586914065,1753.903043774909,False,False,-0.0734283515402317,27.005736613150383,False,False
COSMOS 1426817,149.53735835662,1.97582477413,2025052000140,-1,g,20250520,g_6,0.1146890797442182,149.53732741594982,1.975817109273108,745284184494834516,0,832.7857179235473,2091.8035313419628,0.016863098,0.011841812,149.53732741594982,1.975817109273108,6.866103e-07,9.169928e-07,90950.75931379604,439.216603505013,86006.11037878718,306.73547949908846,False,90509.7479863684,368.5955951232561,False,92677.36007932248,479.7541492373165,False,93062.79761418625,665.7911807015204,False,94455.5162408054,906.558294100194,False,0.1862796773817027,13.568576903983864,90688.26787743114,307.97275971665294,0.0,0.0003266908940149,False,175645.859375,715.307373046875,False,179852.39068603516,931.024908435297,False,183303.13244628903,1759.293492505852,False,False,0.3614997803632681,26.3315764745579,False,False
COSMOS 1426817,149.53735835662,1.97582477413,2025052000141,-1,g,20250520,g_6,0.1198686499681579,149.53732594371303,1.975817071380067,745284184629052280,0,2493.8615790620524,1736.3103936794228,0.01321073,0.012004456,149.53732594371303,1.975817071380067,6.739179e-07,7.2837736e-07,90630.11441058484,395.09926947208936,87013.09622437826,281.86981161341777,False,90786.75120195247,334.8795941159889,False,92821.99419195318,431.5498835920922,False,94165.03186764124,594.1511333153661,False,95351.94195430554,806.5392163324542,False,0.5819915856503822,12.469357131339214,90662.08959602586,282.2724122159692,0.0,0.0001183145344983,False,194713.765625,718.2288818359375,False,199078.82794189453,925.5612936553624,False,204504.9022216797,1729.8150430230532,False,False,1.248219279837095,26.743500013180224,False,False
COSMOS 1426817,149.53735835662,1.97582477413,2025052000142,-1,u,20250520,u_24,0.1142422269089049,149.53732661417249,1.9758255855885516,745284184763269376,0,1223.7096258940453,2073.8168830894333,0.05567814,0.05786634,149.53732661417249,1.9758255855885516,3.2055689e-06,3.1098132e-06,36580.42758257019,737.193823005831,35032.741104004046,495.3241343835502,False,36734.38239222225,608.9028358095309,False,37943.99218150519,812.3978341288959,False,38834.28252134896,1146.3194170487002,False,40861.13046009054,1575.2505621232556,False,0.929992057389884,24.283288220612224,36449.072987886735,464.8704969657658,0.0,0.0007677808549193,False,14365.7587890625,238.12435913085935,False,14838.802333831787,317.7053911303421,False,15979.611083984377,616.0351184395894,False,False,0.3636931044479941,9.496494522702504,False,False
COSMOS 1426817,149.53735835662,1.97582477413,2025052000143,-1,u,20250520,u_24,0.1356627660913517,149.5373209571919,1.9758199744448988,745284184897487060,0,2876.705390038817,1749.7941200169842,0.07750317,0.08005872,149.5373209571919,1.9758199744448988,4.435721e-06,4.327442e-06,36543.534143001794,786.8784258860707,33638.55349111196,515.3165900540154,False,36437.11887294965,642.0227284701663,False,37894.016202645565,862.4104426879506,False,39288.89828767,1222.257611308199,False,39190.11794303405,1680.2473844483966,False,-0.7286746396424031,26.17225053822589,36139.22920615131,502.9607199560836,0.0,0.0144278735634361,False,13836.025390625,243.79103088378903,False,14389.243347167969,327.47739533898795,False,14881.4034614563,638.0291909143831,False,False,-0.2766947861808443,9.938215044920154,False,False
COSMOS 1426817,149.53735835662,1.97582477413,2025052000144,-1,u,20250520,u_24,0.1139050233482341,149.53732669751378,1.9758247682526775,745284185031704730,0,3107.3281136624587,1396.3164433719498,0.068675414,0.065592505,149.53732669751378,1.9758247682526775,3.6688148e-06,3.799393e-06,35983.09639967959,776.7710280257513,33592.92146197079,514.5321664193524,False,35445.67583823838,638.0855428692838,False,35883.37987281719,855.7730306546462,False,36706.20181258347,1211.7056591586866,False,37131.60590577443,1668.6819983891949,False,-0.3729553813951444,27.036469215922867,36466.159550774384,494.7840175726972,0.0,0.0043832334201046,False,13306.837890625,239.546875,False,13471.158544540403,321.27002013050605,False,13939.761302947998,626.4482286895718,False,False,-0.1400130392014569,10.149895706122868,False,False
COSMOS 1426817,149.53735835662,1.97582477413,2025052000145,-1,u,20250520,u_24,0.1275688159362956,149.53732290052457,1.9758250072373105,745284185166447031,0,1398.5644571019268,3420.619204400776,0.06517663,0.06634491,149.53732290052457,1.9758250072373105,3.6803306e-06,3.6344234e-06,35276.71628392846,759.8740995629018,33740.21800171804,503.70009383985786,False,35847.47575955347,623.9990309356681,False,37873.65530820203,838.7191997877524,False,39731.3241629576,1187.4292092927724,False,39883.92162276909,1627.422098150269,False,0.6071353415827851,25.446691513002207,36377.18416711245,482.3419064319825,0.0,0.0034059761028848,False,14036.9912109375,244.3426971435547,False,14830.393365859984,328.4218424424946,False,15617.564289093018,637.2585294832862,False,False,0.2377392905099003,9.964299509157383,False,False
COSMOS 1426817,149.53735835662,1.97582477413,2025052000147,-1,u,20250520,u_24,0.1382068559412093,149.5373199431874,1.9758248977187711,745284185434882276,0,370.7477830257749,1808.8726276766988,0.054407474,0.056416217,149.5373199431874,1.9758248977187711,3.1190482e-06,3.044817e-06,34248.932527369914,823.9324149547754,33372.16137238043,544.5276950183979,False,34190.77013548179,674.9036580202343,False,34746.47522026425,909.2572117388124,False,34770.505755718135,1294.022839606561,False,34115.17479273375,1787.0569492191914,False,-0.6414745647353515,28.376419965332047,35728.764000485746,498.7438074100303,0.0,0.0012610765442438,False,12170.123046875,240.2303466796875,False,12367.9249458313,323.6479349330658,False,12143.21506500244,636.0986569647546,False,False,-0.2283313406903404,10.100518977474184,False,False
COSMOS 1426817,149.53735835662,1.97582477413,2025052000148,-1,u,20250520,u_24,0.1388272742560599,149.53732073020308,1.9758162271539828,745284185570148427,0,45.50666439925447,670.0609895827314,0.0521735,0.049796782,149.53732073020308,1.9758162271539828,2.7951385e-06,2.8779011e-06,36640.25537000191,734.0681658247505,34353.30950361447,488.467919377448,False,36872.811640256805,604.8523905656714,False,38384.21363258065,810.6528785255427,False,39496.16634762462,1143.0798240636511,False,43427.26504521576,1575.5403929941588,False,1.8548120757059727,24.78211410286775,36328.78974751974,457.050541619813,0.0,0.0003561699357284,False,14471.5595703125,237.38784790039065,False,15064.743083953856,318.1588520258009,False,17044.0013961792,618.3560634078551,False,False,0.7279624810603952,9.726294919327026,False,False
COSMOS 1426817,149.53735835662,1.97582477413,2025052000149,-1,u,20250520,u_24,0.1336974438900906,149.53732126127323,1.975822579743669,745284185703317849,0,2537.798398869724,3766.116202806145,0.068240605,0.0755385,149.53732126127323,1.975822579743669,4.121142e-06,3.882437e-06,34711.318521497815,1062.4656403458305,33661.28159757823,681.3365779281099,False,35663.48508217195,860.5213840032045,False,38001.98228661103,1174.7206672491025,False,41567.13671434741,1679.7135930493976,False,41246.53161682592,2309.6936118293065,False,1.2968464977878102,36.1468800897388,35849.034642774604,616.1144828249077,0.0,3.830408882954384e-05,False,10107.9248046875,243.893310546875,False,10770.71347618103,332.94525601487044,False,11690.300010681152,654.6250120100683,False,False,0.3675587748269272,10.244931055652287,False,False
COSMOS 1426817,149.53735835662,1.97582477413,2025052000150,-1,u,20250520,u_24,0.1264251694957381,149.5373238288715,1.9758182524075791,745284185838583869,0,4069.0781594485175,434.7894306752029,0.06338954,0.07248104,149.5373238288715,1.9758182524075791,3.927152e-06,3.6420083e-06,34147.550023354735,775.525153699436,33340.49949647954,515.0787424958442,False,34400.72491439307,637.046401475162,False,35311.78727295814,856.9259300410009,False,36438.01671547065,1204.0893073743862,False,,,True,1.0605398147167586,26.86809133761157,35021.29182644518,479.4885053879151,0.0,4.5994084219014297e-07,False,12780.765625,236.6793365478516,False,13119.249029159546,318.37031042496585,True,,,False,False,0.3940181737915844,9.982195986615148,False,False
COSMOS 1426817,149.53735835662,1.97582477413,2025052000151,-1,u,20250520,u_24,0.1250432837881542,149.5373238622747,1.9758290194056485,745284185972801650,0,3808.4258814289024,947.710770967196,0.05306862,0.06241657,149.5373238622747,1.9758290194056485,3.358111e-06,3.0804326e-06,35852.89530399677,723.4210236615313,34795.620443372645,483.973110727043,False,36447.70386716975,596.0721747896545,False,37936.85432895339,798.571860801247,False,39306.22993699018,1129.9867193867171,False,40712.74069150699,1555.1048170134256,False,0.944436636064614,24.19015599168613,36456.91503922542,458.7871525513469,0.0,0.0001269868184579,False,14170.501953125,231.74688720703125,False,14749.468727111816,310.47673550123864,False,15828.705522537231,604.6091662485305,False,False,0.3671874981406243,9.40489019488966,False,False
COSMOS 1426817,149.53735835662,1.97582477413,2025052000153,-1,u,20250520,u_24,0.1303185302677211,149.53732357635064,1.9758146656556257,745284186239664331,0,4035.0298865171417,1894.5604688956148,0.06408216,0.06552481,149.53732357635064,1.9758146656556257,3.620667e-06,3.5876346e-06,35354.26535065998,798.0927537908924,32940.81908192007,518.9731964806592,False,35549.90097193749,646.8158619941979,False,37790.14373696156,872.5510528929636,False,37278.6114287426,1233.632879893757,False,35996.51083763116,1700.9318291639242,False,-0.5466269198015608,26.564226184996837,36072.56734032213,514.6382526871406,0.0,0.0007580965324689,False,13023.76953125,236.96214294433597,False,13844.486457824709,319.66063213784946,False,13187.385850906372,623.1394047731751,False,False,-0.200257745547374,9.73185157062731,False,False
COSMOS 1426817,149.53735835662,1.97582477413,2025052000154,-1,u,20250520,u_24,0.1255707012808271,149.53732381906767,1.975829798290005,745284186373882125,0,3869.8605183128,2673.475888729083,0.0714037,0.059535958,149.53732381906767,1.975829798290005,3.538259e-06,3.7709294e-06,35426.48906619173,813.7119509087818,33044.696653409024,528.2120378130602,False,36165.76181395481,659.0559026312937,False,39465.94503268368,889.4765100300958,False,40325.79928788747,1256.174766677102,False,40899.76335816853,1729.3294183969747,False,0.6015898088803198,27.711099097116552,36256.495754420575,517.324999974205,0.0,0.0029047863587366,False,13184.294921875,240.26004028320312,False,14387.382778167725,324.2602960956266,False,14910.083883285522,630.4302170242893,False,False,0.2193106702154996,10.102132093473982,False,False
COSMOS 1426817,149.53735835662,1.97582477413,2025052000155,-1,u,20250520,u_24,0.1223370733425684,149.5373248007625,1.9758192828088728,745284186513866804,0,110.50878008804034,377.183769809763,0.06274161,0.050874826,149.5373248007625,1.9758192828088728,3.0716728e-06,3.2787057e-06,34760.2267108477,799.0763127373048,33271.23637206152,524.8132423161628,False,35429.84421606034,653.2603631161137,False,37213.53556105879,880.6639533507145,False,37670.3753608092,1246.609215217924,False,40748.13640004092,1716.173987367286,False,1.2737187404267436,27.34779233510193,35935.79692706078,493.4003154588437,0.0,0.0018056646118445,False,13099.3876953125,241.5283203125,False,13758.867435455322,325.6056810150544,False,15065.706563949583,634.5167163603803,False,False,0.4709288444478045,10.111230865813573,False,False
COSMOS 1426817,149.53735835662,1.97582477413,2025052000156,-1,u,20250520,u_24,0.1372564781016525,149.53732033900351,1.9758216068321264,745284186643890316,0,2013.787206224995,1158.2897936367235,0.07050272,0.067954175,149.53732033900351,1.9758216068321264,3.8313747e-06,3.871842e-06,36332.311819513525,774.6855213935936,34632.308563130005,511.8591063529026,False,37143.30772225609,635.3031486663523,False,39192.0890677051,853.8228460009531,False,42244.0234827351,1211.3591721761504,False,45403.96335525051,1666.7943309268712,False,0.7364697231306961,26.38597801907186,36170.72014790095,482.78898634485256,0.0,0.0258221756050253,False,14029.560546875,239.96311950683597,False,14803.414672851562,322.50114620507765,False,17149.72876739502,629.5721468800349,False,False,0.2781751870044486,9.966362688406162,False,False
COSMOS 1426817,149.53735835662,1.97582477413,2025052000157,-1,u,20250520,u_24,0.1418757944547842,149.5373200509115,1.9758154167517084,745284186778108251,0,3139.90788754433,2879.944517668124,0.058553983,0.064337514,149.5373200509115,1.9758154167517084,3.4609866e-06,3.382356e-06,35895.34055725776,761.4921583919336,33929.389347948934,507.1936012806684,False,36055.40459482061,628.4816696920109,False,36951.17108522554,837.6620282335394,False,37866.7375090696,1188.3612707374612,False,38193.570169804174,1636.8010011747194,False,-0.3083335542892711,25.639032605315982,36317.935420663154,481.6332740933953,0.0,0.0100926477568215,False,13589.6259765625,236.8807373046875,False,13927.24891281128,315.7228101136823,False,14395.52098083496,616.9259131604024,False,False,-0.1162138582523974,9.663595996844991,False,False
COSMOS 1426817,149.53735835662,1.97582477413,2025052000158,-1,u,20250520,u_24,0.1352787934139439,149.53732077694016,1.9758260031975043,745284186911277246,0,1638.953587308902,1307.747031124022,0.05639602,0.060373254,149.53732077694016,1.9758260031975043,3.2726023e-06,3.2247578e-06,36299.73827955972,783.3285350537503,33826.12892595579,517.705589077733,False,35971.65782525223,643.359411063243,False,37046.414495418,864.2461106116981,False,37129.72967026754,1227.793090862553,False,34357.193171360035,1689.4171618189105,False,-0.6832617500859658,27.406058693371865,36118.691464693016,475.8927789063359,0.0,0.0069275992282338,False,13531.9560546875,242.0214080810547,False,13936.26213645935,325.11541297443904,False,12924.620555877686,635.5314203984168,False,False,-0.2570320228477635,10.309716156883685,False,False
COSMOS 1426817,149.53735835662,1.97582477413,2025052000159,-1,u,20250520,u_24,0.1174831315360704,149.53732571401576,1.9758239266422464,745284187050737701,0,685.0721134036743,219.1021080213318,0.045324787,0.04756723,149.53732571401576,1.9758239266422464,2.594783e-06,2.5733843e-06,36641.03297524291,774.5797222582189,35433.25864637593,516.9582445759346,False,37460.00346840304,640.3745603048977,False,38896.433312966685,857.7629488971497,False,41304.3024165256,1218.117173772721,False,44689.72466546375,1677.7619731250838,False,1.4083212799447753,25.696851603669007,36835.08210638987,466.13000717421096,0.0,0.0001962450676923,False,14089.701171875,240.8618621826172,False,14629.980546951294,322.62740275668074,False,16808.99112892151,631.0507915143972,False,False,0.5297069981627612,9.66526766232433,False,False
COSMOS 1426817,149.53735835662,1.97582477413,2025052000160,-1,u,20250520,u_24,0.1443186585348174,149.53732457811327,1.975803153354825,745284187179713046,0,2190.096151508703,3992.8760014257264,0.18243858,0.261781,149.53732457811327,1.975803153354825,1.2862397e-05,1.2226751e-05,,,28719.130661658364,513.3718687427173,True,,,True,,,True,,,True,,,True,-1.4502459386688713,28.72165139949309,33936.7865846101,492.2114588916999,,,True,,,True,,,True,,,True,True,-0.5400806928712942,10.696123308908504,True,False
COSMOS 1426817,149.53735835662,1.97582477413,2025052000161,-1,u,20250520,u_24,0.1207716303703073,149.5373248101686,1.9758235825571693,745284187313930421,0,2455.2958201324595,1424.0980179360274,0.056199964,0.058152765,149.5373248101686,1.9758235825571693,3.1859415e-06,3.1743373e-06,37390.50340195983,792.0987213103704,35560.494429769016,525.946119116363,False,37386.34807374734,651.9204859809706,False,38392.546946136485,876.3539449869359,False,39902.53289265557,1240.8284004060538,False,41469.89731899772,1710.349335998112,False,1.0257367317916393,27.280847767424746,36507.80615782718,477.970398082096,0.0,0.0015820759527054,False,13836.939453125,241.28016662597656,False,14209.340438842772,324.34450276801374,False,15348.288557052612,633.0118191596432,False,False,0.3796320791923933,10.09682566596669,False,False
COSMOS 1426817,149.53735835662,1.97582477413,2025052000162,-1,u,20250520,u_24,0.1251133677802248,149.53732372523513,1.975821625568932,745284187449721000,0,3674.279575848582,1275.553807788065,0.05355231,0.05124375,149.53732372523513,1.975821625568932,2.91021e-06,2.9203106e-06,34449.6743352047,742.4094808834334,33778.83675868233,493.7652845874583,False,35595.60083359608,612.0376381916075,False,38424.46855199586,824.4553126239515,False,39766.27763507066,1165.382787510984,False,40745.17223569364,1602.571991380153,False,0.6499698183431295,24.98484735830077,35550.97357882925,452.2439032762727,0.0,0.0007367979821882,False,13142.0244140625,225.9665069580078,False,14186.45259475708,304.3918797005142,False,15043.264778137209,591.6753683823973,False,False,0.2399712048969569,9.224495900473938,False,False
COSMOS 1426817,149.53735835662,1.97582477413,2025052000163,-1,u,20250520,u_24,0.1211823255417119,149.5373249299174,1.9758206391994733,745284187582366039,0,2016.937236599964,2788.5737369830167,0.06075975,0.060724147,149.5373249299174,1.9758206391994733,3.3776826e-06,3.3787562e-06,34873.66214582643,797.8531795645953,33132.6635485216,526.1437295179489,False,34610.73555579677,653.9911103995944,False,35316.43345145889,881.1836259470693,False,35882.27905751596,1254.219127685045,False,36197.19195416677,1734.521106513099,False,0.3137161891132485,27.902229857205068,35744.78113378219,491.2754144074608,0.0,0.0174754715635279,False,12862.501953125,243.0448760986328,False,13124.76279258728,327.4771809323087,False,13452.081983566284,644.6058068975261,False,False,0.1165873833767818,10.36939782618211,False,False
COSMOS 1426817,149.53735835662,1.97582477413,2025052000164,-1,u,20250520,u_24,0.2514837959143041,149.53728878397882,1.975831508177812,745284187721826556,0,13.890370825483917,1877.5769588713983,1.9182285,0.40898398,149.53728878397882,1.975831508177812,7.701881e-05,7.727939e-05,,,38248.08021170771,539.4656702002719,True,41278.21754815309,660.1683594692469,True,,,True,,,True,,,True,2.2431013009713907,28.089712104576336,37231.2918281686,492.1529294069056,,,True,15341.140625,245.35302734375,True,,,True,,,True,True,0.8336535475200584,10.439603478744475,True,False
COSMOS 1426817,149.53735835662,1.97582477413,2025052000165,-1,u,20250520,u_24,0.1408839866149643,149.53732114994628,1.9758125752177416,745284187852374092,0,813.6099322887563,599.2874108901576,0.05245684,0.060599532,149.53732114994628,1.9758125752177416,3.1452917e-06,3.1596676e-06,35244.708016396275,754.8918521753372,34381.80854111693,503.01159449212247,False,36127.56672929014,622.6692055680809,False,37728.016445811336,836.4796642616535,False,38781.31364530022,1186.984441007717,False,38820.6664028607,1635.2286995716927,False,-0.2637405522276551,25.67816855697534,36252.90731747576,460.79667265336366,0.0,0.004756601837944,False,13340.56640625,229.92857360839844,False,13931.552947998049,308.88082200989004,False,14335.02792930603,603.8291263705772,False,False,-0.0973895744869394,9.481992390798943,False,False
COSMOS 1426817,149.53735835662,1.97582477413,2025052000166,-1,u,20250520,u_24,0.1372091788062331,149.537320596567,1.9758194333028365,745284187990262098,0,331.16089534589025,2429.2570784780737,0.049203962,0.052736975,149.537320596567,1.9758194333028365,2.8299814e-06,2.843751e-06,34597.44824311799,774.0746782731889,35104.273582577414,518.892486089253,False,35745.21086875776,638.9517630678162,False,37288.45318897533,858.7446583138255,False,39223.10251839,1217.1898909422991,False,40990.60410481206,1678.0930711625265,False,0.785718295410863,26.74699811472952,37032.93911038658,470.721679695522,0.0,0.0032020049898504,False,13267.5927734375,237.16049194335935,False,13840.39987564087,318.74128438365875,False,15214.5316696167,622.8598171054856,False,False,0.29163600171295,9.927715357480125,False,False
COSMOS 1426817,149.53735835662,1.97582477413,2025052000167,-1,u,20250520,u_24,0.1016248643216462,149.53733018925746,1.9758226701954689,745284188119236960,0,4084.5415204869455,3060.949094810438,0.30814496,0.21438769,149.53733018925746,1.9758226701954689,1.4997675e-05,1.4526398e-05,,,37664.0604114689,526.3357722707941,True,,,True,,,True,,,True,,,True,0.4870368280211988,27.68859990158496,37626.90018737138,479.5255151894606,,,True,,,True,,,True,,,True,True,0.1786313614768606,10.155396908902562,True,False
COSMOS 1426817,149.53735835662,1.97582477413,2025052000168,-1,u,20250520,u_24,0.1099000681018637,149.53732802925114,1.975821128531028,745284188252930307,0,3806.2332597030254,2145.2960563297797,0.05127841,0.04980131,149.53732802925114,1.975821128531028,2.790481e-06,2.8317916e-06,37109.25556512493,815.0795255838298,36222.863057020775,545.8121843353249,False,37400.65180955901,674.2468602338556,False,38688.26782328399,904.7362135638318,False,41659.95710655198,1282.6477222998706,False,45246.87443356581,1763.783609322842,False,1.9900290597498504,28.03823218978089,36820.417301525405,480.8356582741157,0.0,0.0032777243483,False,13209.697265625,238.14015197753903,False,13664.475910186768,319.5476792030535,False,15980.93842124939,622.9583281024871,False,False,0.7028669329867983,9.902943964084743,False,False
COSMOS 1426817,149.53735835662,1.97582477413,2025052000169,-1,u,20250520,u_24,0.1141553277880777,149.53732760888664,1.975816950256892,745284188387672325,0,1265.423607060491,2163.53621950386,0.062167477,0.06504399,149.53732760888664,1.975816950256892,3.5747769e-06,3.5018754e-06,36811.439408441445,942.2599733912244,35742.92088914254,619.816796178686,False,37053.93141950284,774.8632151777008,False,38473.371671938665,1051.4489370178164,False,37993.92369749159,1502.4862680571898,False,38679.44775139299,2075.225982292843,False,0.3806371889614003,33.04945774767103,36537.5779460799,531.7271868268477,0.0,0.0069593810130169,False,11250.3369140625,235.26443481445312,False,11681.30821609497,319.2415578109804,False,11743.877159118652,630.0813592298715,False,False,0.1155692919424872,10.034496212530668,False,False
COSMOS 1426817,149.53735835662,1.97582477413,2025052000170,-1,u,20250520,u_24,0.1363033471620303,149.5373206518518,1.9758210897663,745284188521889981,0,1583.0558253050112,1874.800573618107,0.065817066,0.059048362,149.5373206518518,1.9758210897663,3.3948402e-06,3.5584358e-06,36035.56889970467,1119.5758691189264,36175.93166611543,726.8787002932331,False,37082.32582753401,916.1836766269236,False,37770.08154042041,1250.6729168786765,False,41331.90807779389,1795.595455684413,False,47343.420182688176,2487.173856080856,False,3.031222979676074,40.30731273539891,36521.58255991996,586.0688470112989,0.0,0.010054077956103,False,9514.298828125,235.0673828125,False,9690.757915496826,320.88806734423144,False,12147.011739730837,638.1399973213836,False,False,0.7777279498985383,10.341741241012562,False,False
COSMOS 1426817,149.53735835662,1.97582477413,2025052000171,-1,u,20250520,u_24,0.1460041562121847,149.53731789327117,1.9758216902364187,745284188657680396,0,3630.664521032936,146.44655762928963,0.06863547,0.05729704,149.53731789327117,1.9758216902364187,3.3899316e-06,3.638914e-06,33737.927968732554,1039.6117340302849,34221.98510053345,673.3165244543247,False,36119.19865949877,848.7836984201857,False,39415.43350231544,1162.4928695003885,False,47189.59236112471,1670.7297624325154,False,56855.079944751305,2312.3001336304246,False,5.3364552796131,35.705461387219934,34977.65944863884,551.6391892542181,0.0,0.0014127766418053,False,9244.392578125,217.2387542724609,False,10088.035018920898,297.529869259889,False,14551.559795796871,591.8129689211432,False,False,1.3658189940871712,9.138500146645423,False,False
COSMOS 1426817,149.53735835662,1.97582477413,2025052000172,-1,u,20250520,u_24,0.1209073258093182,149.5373247636782,1.9758238616181465,745284188791898376,0,150.54619438651167,1919.842703970111,0.06872925,0.06405657,149.5373247636782,1.9758238616181465,3.6481943e-06,3.7426692e-06,37877.67798478797,1204.8033126135138,35973.74285541559,773.773185980648,False,38610.11888614562,982.3337317135564,False,40302.40515203599,1345.2318625486294,False,43889.26402306046,1930.6684408274025,False,49180.88471831879,2680.053087607398,False,2.970756156682008,43.19145663600192,37224.19140129466,631.9012115272565,0.0,0.0134915564178415,False,8837.603515625,224.84976196289065,False,9224.95676612854,307.91476899742213,False,11257.18263053894,613.4466112094698,False,False,0.6799866411128385,9.886241742401449,False,False
COSMOS 1426817,149.53735835662,1.97582477413,2025052000173,-1,u,20250520,u_24,0.1250191864962319,149.53732397937887,1.9758197132045736,745284188924543152,0,2982.722454390129,2592.107596197593,0.075255476,0.07682272,149.53732397937887,1.9758197132045736,4.2431197e-06,4.2154284e-06,34137.2242901318,1577.2024553446809,35701.795028221604,1001.2929409723054,False,35452.41917397753,1275.9675908483252,False,36164.315349964,1762.9523664489377,False,37857.43801782524,2544.6823861532607,False,38575.114049970856,3533.362116733472,False,1.3009009910771898,55.35774439759509,36748.402427167326,772.8465602280859,0.0,0.0104948012306745,False,6338.88916015625,228.14288330078125,False,6466.176128387451,315.2157146375408,False,6897.226705551148,631.764808792192,False,False,0.232600972878843,9.897959407807782,False,False
COSMOS 1426817,149.53735835662,1.97582477413,2025052000174,-1,u,20250520,u_24,0.1500954435313596,149.5373172956566,1.975817403742081,745284189059809289,0,3738.5942403345935,151.13627766822276,0.07063896,0.061236985,149.5373172956566,1.975817403742081,3.597287e-06,3.7558639e-06,36106.14726451792,1270.8140140361538,33971.45710464918,812.4165455498097,False,35973.459009604114,1034.1925499815004,False,35913.42399248752,1418.8564018133538,False,36609.47211083587,2040.3923762740908,False,41397.29418542464,2832.748795193616,False,1.0150723940509312,45.322263919237,35480.82463752796,648.9874134726862,0.0,0.0003975153533196,False,7724.427734375,222.06776428222656,False,7711.536670684814,304.66499588867873,False,8889.064775466919,608.2640913755082,False,False,0.2179621745829921,9.731856820022555,False,False
COSMOS 1426817,149.53735835662,1.97582477413,2025052000175,-1,u,20250520,u_24,0.1135785857697488,149.5373274466428,1.9758311840254417,745284189194027040,0,2101.325438175563,465.3702786998061,0.08119297,0.075346194,149.5373274466428,1.9758311840254417,4.313139e-06,4.4011294e-06,34660.932991575595,1475.3666436300578,34044.88206879232,938.5129892005044,False,35064.32903294783,1197.34513189294,False,36374.73407957432,1653.0704282032823,False,35474.57987934333,2382.2947278236456,False,34035.55747566178,3302.684672896958,False,-1.198535411422468,52.933807298888816,34824.52224016149,719.8344248430781,0.0,0.0211665486569235,False,6595.6787109375,225.22329711914065,False,6842.168830871582,310.9462445648318,False,6402.164480209351,621.242373281903,False,False,-0.225447191360653,9.95696753706847,False,False
COSMOS 1426817,149.53735835662,1.97582477413,2025052000176,-1,u,20250520,u_24,0.126089397046297,149.53732331686697,1.9758241306317728,745284189332439103,0,454.90164238359074,712.2597535387172,0.056944847,0.05919899,149.53732331686697,1.9758241306317728,3.2445676e-06,3.21671e-06,38377.65156157109,1044.232660874662,35541.54935886004,678.6861784033142,False,36851.34996186367,852.7200605202376,False,35984.50683775599,1160.6775241254172,False,35852.02142650472,1659.5580090094822,False,37076.42873966012,2297.3210522958752,False,-0.030343485035181,36.47157821967198,36615.11015451772,570.892507021274,0.0,0.0028974980744402,False,10233.9169921875,236.80723571777344,False,9993.18766784668,322.3295062159103,False,10296.423183441162,637.9845779851,False,False,-0.0084266304334871,10.128451317535411,False,False
COSMOS 1426817,149.53735835662,1.97582477413,2025052000177,-1,r,20250520,r_57,0.1229945474812368,149.53732434013995,1.975821381167596,745284189461416249,745284189461414888,65.51020795858041,2184.460892489302,0.009403115,0.012264606,149.53732434013995,1.975821381167596,6.402327e-07,5.724947e-07,126031.34051315358,647.8678194844889,122329.16669153882,431.6035393192334,False,125812.0926283791,535.1837636759301,False,128309.601365214,721.3811953998871,False,128387.81114900096,1027.450357712313,False,127525.06809386938,1414.0787963368618,False,0.0614677777135235,22.48359445602109,127287.08757080778,372.8051175975672,0.0,5.736360457608836e-05,False,252098.0,1072.383056640625,False,257102.4232186675,1445.4791490917412,False,255530.4020837545,2833.483085381242,False,False,0.1231670462059263,45.051863272922574,False,False
COSMOS 1426817,149.53735835662,1.97582477413,2025052000178,-1,r,20250520,r_57,0.1284294390191344,149.53732267405894,1.975823792868318,745284189595633868,745284189595632646,1753.797513477573,2262.389900515072,0.012858595,0.013332999,149.53732267405894,1.975823792868318,7.330418e-07,7.2274844e-07,126282.73233127246,667.6055448977022,121285.2542246456,440.2165623581988,False,126303.22346614888,547.8991735282109,False,129331.79135356058,739.0931890324254,False,130632.3972300859,1051.49287614072,False,128486.81061589588,1451.131346301124,False,-0.3163356680248508,22.271908103268064,126800.93212515804,391.9827561355783,0.0,0.0006280359270239,False,247744.25,1074.706298828125,False,253684.79735302925,1449.7340825669548,False,252027.364443779,2846.3996181159705,False,False,-0.6204936079408144,43.68643188740075,False,False
COSMOS 1426817,149.53735835662,1.97582477413,2025052000179,-1,r,20250520,r_57,0.1271243871427404,149.53732318842057,1.9758213640579332,745284189729851158,745284189729850084,2065.395419720136,1979.7307229641835,0.015560811,0.016902981,149.53732318842057,1.9758213640579332,9.162502e-07,8.892003e-07,127784.63637830608,776.4051621384572,120527.4626798286,500.1793235680017,False,126881.26147572557,629.3144795373654,False,130011.46505234289,856.6843686876465,False,131810.77171023635,1225.735397237121,False,129874.72232442752,1694.3680330926836,False,-0.6356816930690535,26.94485270897261,127438.57136543604,447.6831083377392,0.0,0.0001270423942839,False,219415.15625,1088.2705078125,False,224828.2022653818,1481.4601654042838,False,224591.7337225676,2930.062504124472,False,False,-1.0992812996006929,46.59560441400201,False,False
COSMOS 1426817,149.53735835662,1.97582477413,2025052000180,-1,r,20250520,r_57,0.4056937044121171,149.5373994179017,1.975719818811358,745284189865117061,745284189865115723,4085.5234162941097,224.3759723790645,0.11833326,0.13152611,149.5373994179017,1.975719818811358,7.039463e-06,6.8676927e-06,,,56370.44241820216,558.5224898772392,True,,,True,,,True,,,True,,,True,0.4509892123849368,31.932539864940725,58602.440448336296,436.8178119651771,,,True,,,True,,,True,,,True,True,0.6640616149118583,47.01924881708788,True,False
COSMOS 1426817,149.53735835662,1.97582477413,2025052000181,-1,r,20250520,r_57,0.1271230554322178,149.53732315660403,1.975821713696262,745284190003529013,745284190003527969,811.1227052782442,981.132579287028,0.016623426,0.016019834,149.53732315660403,1.975821713696262,9.0461873e-07,9.102279e-07,128511.35841246806,1012.251958919162,121396.87413819302,642.0172906040297,False,127752.16493045712,819.6432326669502,False,131372.6898886073,1127.1239206031032,False,129831.6826257914,1625.8594722039948,False,128993.1405353576,2256.08872320562,False,-0.6746429726211997,35.7743465236018,126044.46127277832,520.1240812757546,0.0,0.0003438008408579,False,175020.8125,1122.9134521484375,False,179980.94151383638,1544.1628287045166,False,176720.9524450302,3090.847670741874,False,False,-0.9242627025526612,49.0109517801573,False,False
COSMOS 1426817,149.53735835662,1.97582477413,2025052000182,-1,r,20250520,r_57,0.130767009037262,149.5373221539575,1.9758215538091044,745284190134077171,745284190134075902,2242.4773458981144,1220.1907994361952,0.015170609,0.013289985,149.5373221539575,1.9758215538091044,7.8619354e-07,7.992677e-07,125916.53203396662,763.083937375233,119683.28834670909,493.1993531595134,False,125969.28067649357,620.2923759948178,False,130202.32409863806,845.1121184196584,False,130713.78256566644,1206.1060435110326,False,129521.36955672612,1669.089217170745,False,-0.4851529807955201,26.345371958369476,125958.5043810792,432.8497898895839,0.0,6.915257962825105e-05,False,222066.90625,1093.4920654296875,False,229529.1927037239,1489.8190460720598,False,228328.7613953352,2942.3798939062026,False,False,-0.855259480126022,46.44334883379493,False,False
COSMOS 1426817,149.53735835662,1.97582477413,2025052000183,-1,r,20250520,r_57,0.1272837601080182,149.53732316407127,1.975821162215678,745284190268294942,745284190268293776,1867.0131709719303,1647.5587518774155,0.014793587,0.014270752,149.53732316407127,1.975821162215678,8.0659964e-07,8.093375e-07,126451.83819724686,778.9980352200752,120115.41917925228,502.9339763341191,False,126130.99950404494,633.207517115032,False,128964.4061674347,862.6294996336815,False,130583.68894215632,1232.911084580674,False,130513.29273800532,1705.5574714431546,False,0.0485636737937503,26.341439236356933,126385.50722057362,439.1466631531308,0.0,0.0003049362794516,False,219051.859375,1099.6922607421875,False,223972.6401538849,1498.1296952334385,False,226662.5933341384,2962.043723268562,False,False,0.0843405910080084,45.74720937775905,False,False
COSMOS 1426817,149.53735835662,1.97582477413,2025052000184,-1,r,20250520,r_57,0.1272567218449196,149.53732311034216,1.975821818666456,745284190402512983,745284190402512386,2625.223169719788,3861.377384435303,0.012778482,0.01398757,149.53732311034216,1.975821818666456,7.4642264e-07,7.431379e-07,126641.49047658833,756.8271114027848,119876.42133282182,489.6455116075052,False,125918.26318745736,615.726015234709,False,128807.58888114696,837.4577907460916,False,129932.52326247764,1196.7596010453449,False,133536.94820375877,1655.9393474968754,False,1.3585710066008685,25.790817374614377,126141.517749633,427.6064219457708,0.0,0.0007167649833945,False,224442.6875,1097.499267578125,False,229592.7587234974,1492.7245060793384,False,238022.5932022333,2951.624872206912,False,False,2.4215814303850096,45.97077673921363,False,False
COSMOS 1426817,149.53735835662,1.97582477413,2025052000185,-1,r,20250520,r_57,0.1285201832332979,149.53732275214188,1.9758218893969328,745284190536730580,745284190536730071,3550.39341437683,3933.307361686672,0.014447242,0.014150735,149.53732275214188,1.9758218893969328,7.9479327e-07,7.9522687e-07,126397.36241900933,759.4840178193372,119521.48678950685,491.2665873977127,False,125742.16389582877,617.8799044459497,False,129221.4276435293,841.2659724356458,False,130585.7539849516,1202.907216476383,False,131550.27490613086,1663.1523531195758,False,-0.2096383160867716,25.29123466062249,126902.6960970681,435.7570167421552,0.0,5.853942286471181e-07,False,223586.53125,1098.673828125,False,229773.1315799952,1495.8843939680592,False,233914.13619709012,2957.3092593057936,False,False,-0.3727652082539613,44.97122726059543,False,False
COSMOS 1426817,149.53735835662,1.97582477413,2025052000186,-1,r,20250520,r_57,0.135714835679045,149.53732075088408,1.9758218293822576,745284190669374738,745284190669374109,3800.404956931905,2518.141823646701,0.018549448,0.01656563,149.53732075088408,1.9758218293822576,9.777488e-07,9.771154e-07,127096.4403864191,1130.807509956252,121289.1326430456,709.465318522444,False,126322.62666732918,909.8484219528686,False,128418.0063677502,1259.4549533145723,False,130079.95885774234,1820.130424587019,False,128277.42149425954,2527.8812621107645,False,-0.834718106858305,39.5007846343676,127153.59398552772,569.5906922408044,0.0,7.085252608052262e-05,False,159119.078125,1146.0673828125,False,161758.4697767496,1586.4403424664536,False,161581.3856227994,3184.1812242854203,False,False,-1.051431395638402,49.756156929725336,False,False
COSMOS 1426817,149.53735835662,1.97582477413,2025052000187,-1,r,20250520,r_57,0.1358638410600942,149.53732075766217,1.9758212665515325,745284190803591779,0,2751.8347639224376,2719.977608811491,0.023883488,0.022616738,149.53732075766217,1.9758212665515325,1.2941205e-06,1.2913926e-06,127402.54828774148,1410.1080637524403,122020.0330982727,874.8174704722373,False,127447.37804065245,1131.1247531805047,False,131846.62842763602,1572.65139179198,False,132549.02043240244,2284.381450951704,False,133084.70920614246,3178.971990647196,False,-0.3003069413233273,50.60504858062722,128717.98866493467,698.7943049223584,0.0,0.0018594301792588,False,131836.734375,1170.081298828125,False,136387.49731445312,1626.8143526500746,False,137668.21826171875,3288.4574979866247,False,False,-0.3106496741077211,52.34791370623609,False,False
COSMOS 1426817,149.53735835662,1.97582477413,2025052000188,-1,r,20250520,r_57,0.1283413393336878,149.53732286523118,1.9758211953451643,745284190937809492,0,1769.304178634023,2232.0867455223765,0.021543862,0.018461037,149.53732286523118,1.9758211953451643,1.1215889e-06,1.1085062e-06,124528.49373194911,1314.742808680936,120264.48558496776,817.9107623263385,False,125102.72296786068,1055.1929491777994,False,129256.26981125528,1468.6816231373389,False,131516.56318716306,2125.042701974316,False,133135.92378338453,2957.77835547962,False,1.6750256815510944,47.64936172292473,126706.84051667123,636.3240799404409,0.0,0.0009542261100081,False,136434.109375,1150.768798828125,False,140963.87060546875,1601.7098945132482,False,145194.9306640625,3225.6840305721034,False,False,1.826743907895484,51.96528160801568,False,False
COSMOS 1426817,149.53735835662,1.97582477413,2025052000189,-1,r,20250520,r_57,0.1329445154943234,149.53732155760963,1.9758214280921371,745284191072027522,0,2396.1790051815924,3429.668649416873,0.020823682,0.01839242,149.53732155760963,1.9758214280921371,1.0995827e-06,1.0842966e-06,125277.0014288184,1265.6319887870166,120356.51123892014,791.2639689814046,False,125435.12359616355,1019.449673739412,False,128356.33519064606,1415.59116401582,False,128710.95782903352,2050.0986226396576,False,129970.84483337303,2850.459864647904,False,0.7560907535653628,45.62703627356113,126336.99905493384,617.136904842898,0.0,0.0013813977733948,False,141050.03125,1146.3568115234375,False,144334.892578125,1591.812342486201,False,146150.38595056534,3205.3020036068638,False,False,0.8502134120071315,51.30696018565183,False,False
COSMOS 1426817,149.53735835662,1.97582477413,2025052000190,-1,r,20250520,r_57,0.1203173215383352,149.53732520447437,1.9758203881382976,745284191211487584,0,2305.1829821460115,2188.64699953965,0.033607226,0.03361856,149.53732520447437,1.9758203881382976,1.8679772e-06,1.8684524e-06,127197.59599140612,2307.673185285734,120929.0628081171,1399.6870978790969,False,125971.83151950376,1834.491789012379,False,129722.61766122717,2582.365114188162,False,128682.84343267148,3766.149387458605,False,126842.35883251482,5253.516982532057,False,-1.7586947342961472,81.93588634027367,126455.6206218404,1036.1156958370166,0.0,0.001854951319301,False,82270.3828125,1198.080078125,False,84719.96704101562,1686.5053396720057,False,82838.91162109375,3430.9960254722887,False,False,-1.148578116993325,53.51114335629975,False,False
COSMOS 1426817,149.53735835662,1.97582477413,2025052000192,-1,r,20250520,r_57,0.1300837922579563,149.53732279624026,1.9758182429373252,745284191476253162,0,664.6010745471278,3330.0054919327617,0.044800922,0.042033546,149.53732279624026,1.9758182429373252,2.4322221e-06,2.3978332e-06,126276.5743483579,3098.962153509008,117816.51257922116,1859.7088304872568,False,124187.84651176992,2451.8091593947915,False,126290.17494116082,3467.893245272903,False,125661.19239853404,5059.8850169747775,False,129178.66680141374,7072.121755415101,False,0.1260599773716672,114.13692280218396,124777.62780457888,1366.798089715799,0.0,2.906291196080879e-05,False,63333.56640625,1250.3785400390625,False,64405.716064453125,1768.563134867319,False,65878.794921875,3606.654800856198,False,False,0.0642883194474443,58.20777622560713,False,False
COSMOS 1426817,149.53735835662,1.97582477413,2025052000193,-1,r,20250520,r_57,0.1275215713025943,149.53732295855366,1.975822976592553,745284191612567993,0,442.1334381355188,2564.712664046572,0.036675297,0.028360473,149.53732295855366,1.975822976592553,1.8782122e-06,1.7643657e-06,128344.93145336107,2908.222905855212,126063.40775838569,1761.37069194658,False,127468.72644053923,2316.205777625914,False,131831.14155990136,3273.5178214953467,False,132544.15943605648,4780.783011002985,False,134862.49836735602,6675.371026490916,False,1.029359836254475,108.08248181884798,128517.33633978516,1163.6771984525258,0.0,0.0038323006594218,False,69435.7109375,1261.7008056640625,False,71812.0380859375,1783.1749288570363,False,73463.30126953125,3636.257660518798,False,False,0.5607205315115383,58.87549185236355,False,False
COSMOS 1426817,149.53735835662,1.97582477413,2025052000194,-1,r,20250520,r_57,0.1307875977285161,149.53732219559242,1.9758210599333543,745284191748358859,0,2904.3839269855584,2175.025692743002,0.017356487,0.0147458,149.53732219559242,1.9758210599333543,9.1567506e-07,8.741598e-07,127543.12674431296,988.1988405222388,121205.78665738352,628.4719539327167,False,125775.8594303516,801.2836672016923,False,126530.8616597165,1104.002836515581,False,126138.02382090598,1588.313418027395,False,126419.69215281768,2205.5340119662064,False,-0.1761297332063403,35.74943095217346,125393.7807819793,496.0688650262129,0.0,0.0004351564281619,False,178984.78125,1140.26318359375,False,180059.18383789062,1571.0463604706408,False,179900.98456209898,3138.575434579345,False,False,-0.2506406389297177,50.87306982251212,False,False
COSMOS 1426817,149.53735835662,1.97582477413,2025052000195,-1,r,20250520,r_57,0.1280712306280864,149.5373228223864,1.9758226707602489,745284191882576200,0,338.47090187098263,1094.1369516522489,0.016012508,0.015709,149.5373228223864,1.9758226707602489,8.843278e-07,8.790932e-07,124953.13639591224,1050.7606376369451,121141.95392767875,666.3844504958835,False,124553.71447296444,851.7201448927088,False,127119.3418558716,1176.9776590213623,False,127372.7230383203,1696.6407805752892,False,125791.25452974733,2359.4252410427707,False,-0.1689263138864618,37.93957713083275,126149.09152026202,517.8655732137037,0.0,1.3940321541561218e-07,False,167759.5625,1147.1693115234375,False,171215.16821289062,1585.253864047195,False,169426.386965096,3177.875086773971,False,False,-0.227524362739754,51.10025732941936,False,False
COSMOS 1426817,149.53735835662,1.97582477413,2025052000196,-1,r,20250520,r_57,0.1224110735964661,149.53732451038184,1.975821309581426,745284192015221544,0,1233.0261154918448,2890.5839678868074,0.019294722,0.016262494,149.53732451038184,1.975821309581426,1.0204895e-06,9.621392e-07,127148.73959207191,1335.9942991841503,121778.87996088428,832.7276079575969,False,126517.1649047129,1075.1631940066848,False,127066.19065198395,1496.645893397996,False,130863.16180622016,2166.9673279526187,False,129804.19339043956,3014.9225072077597,False,1.0711602677830143,47.88450072700587,126324.42826120116,615.0332277986553,0.0,0.0004924432423483,False,137986.0,1172.627197265625,False,138584.79516601562,1632.317483575882,False,141570.9990234375,3288.226521617801,False,False,1.1682614040681931,52.22525119253996,False,False
COSMOS 1426817,149.53735835662,1.97582477413,2025052000197,-1,r,20250520,r_57,0.1295919542634918,149.53732258650578,1.975820548140827,745284192151011939,0,1442.8125536296204,2896.268033820162,0.023711057,0.025830664,149.53732258650578,1.975820548140827,1.3550664e-06,1.4010046e-06,122844.97156412076,1904.9021356457336,119141.19580820094,1167.2200775115448,False,123917.91807954086,1524.1762786595475,False,126619.0305610174,2140.2570104756787,False,129322.43958120252,3118.6072192656984,False,131893.25145653804,4347.813962368672,False,1.6952527191214517,69.92116122987623,126084.5563212428,822.5349464461024,0.0,0.0015759121376746,False,98985.5,1217.5103759765625,False,101143.14575195312,1709.635003506551,False,105356.18774414062,3473.029128005495,False,False,1.3541660530552562,55.85294856614135,False,False
COSMOS 1426817,149.53735835662,1.97582477413,2025052000199,-1,r,20250520,r_57,0.1246725419677439,149.53732401460712,1.9758201532666848,745284192419448384,745284192419447868,1866.0692995887105,3621.641763235913,0.018418571,0.016975334,149.53732401460712,1.9758201532666848,1.002454e-06,9.664469e-07,126565.76558735392,1074.285120656719,122400.92036984088,677.8242049953167,False,127705.95235548324,867.1387250344708,False,131640.2214031001,1198.561834816948,False,133754.47150854507,1728.6511944880267,False,131274.00147141513,2398.0723148008715,False,-0.1174425707806783,37.7373866450352,127769.62060792456,547.6282409887582,0.0,0.0002071009978629,False,168559.40625,1144.53857421875,False,173752.25781613588,1581.9847666010608,False,173268.88321140409,3165.221652333125,False,False,-0.1550127432130987,49.8096711154646,False,False
COSMOS 1426817,149.53735835662,1.97582477413,2025052000200,-1,r,20250520,r_57,0.1307189419262685,149.5373222985003,1.9758203207037053,745284192549994912,0,3047.6668179146063,1568.2161760114675,0.017589554,0.016418528,149.5373222985003,1.9758203207037053,9.613394e-07,9.3006e-07,128896.00781919366,1269.580294158991,124606.4846651616,795.5050816840258,False,129448.6048470156,1023.9668547922096,False,132801.7017108898,1422.4108580953443,False,135878.36035433994,2058.5747109229887,False,138355.22552441145,2863.989725262128,False,1.979775988344996,46.604900754123314,128042.0721819912,598.001071317395,0.0,0.0009862577285708,False,147172.453125,1164.1663818359375,False,150984.6494140625,1617.164554109556,False,157298.55078125,3256.1215633784386,False,False,2.250843021344636,52.985952067521424,False,False
COSMOS 1426817,149.53735835662,1.97582477413,2025052000202,-1,r,20250520,r_57,0.1378926509288869,149.53732004779778,1.9758259307898705,745284192822100020,0,2403.004383902092,602.3825218289561,0.10013428,0.09954177,149.53732004779778,1.9758259307898705,5.557302e-06,5.5401724e-06,133054.44123741714,8127.522483138104,123965.37901247691,4829.601539884264,False,130563.50711182388,6421.887069918333,False,134184.32777609216,9140.296385577984,False,125498.83304268224,13383.092151034529,False,125318.94477821614,18737.643426865685,False,-1.5251947035682103,294.7683597079371,128078.31898244288,3151.0518947244987,0.0,0.0032320426465838,False,26817.8671875,1319.0616455078125,False,27561.587158203125,1877.425476269381,False,25740.629150390625,3848.729587188834,False,False,-0.3132764269294552,60.54569838534002,False,False
COSMOS 1426817,149.53735835662,1.97582477413,2025052000203,-1,r,20250520,r_57,0.1327470344052079,149.537322234374,1.9758172615225136,745284192951075106,0,743.3847167455856,2349.066392488689,0.049064882,0.03776868,149.537322234374,1.9758172615225136,2.3301104e-06,2.5331587e-06,125393.61233958745,3933.261766044335,122874.43331291134,2363.6679565161903,False,128056.45786213288,3125.1936386926754,False,133353.750911746,4427.334311990915,False,141434.71349692097,6483.6308954111655,False,150760.66558897562,9053.19050711476,False,7.827342131696716,145.46611941693595,129913.14432945306,1554.9657603062674,0.0,0.0060005502854129,False,52557.8515625,1282.6644287109375,False,54732.00463867188,1817.098360144396,False,61876.275634765625,3715.6754980076153,False,False,3.212553999654777,59.70324995182465,False,False
COSMOS 1426817,149.53735835662,1.97582477413,2025052000204,-1,r,20250520,r_57,0.1302085712739586,149.53732217801547,1.9758238443548108,745284193085292946,0,2425.95592458392,2522.8059318340465,0.036582977,0.030523079,149.53732217801547,1.9758238443548108,1.8228432e-06,1.9211166e-06,125118.00873531944,2658.4626069166766,119114.63402165446,1614.010555445385,False,122799.67943714892,2121.040906129107,False,123394.38926486178,2988.5173389283427,False,117314.93979323895,4370.083166996101,False,117723.79027030722,6098.654367168876,False,-2.2347402940547343,94.12990518312834,125601.74090592432,1105.0990036403743,0.0,0.0008987495179999,False,70736.7734375,1221.7913818359375,False,71079.34643554688,1721.4871804776324,False,67812.88940429688,3513.0314201255105,False,False,-1.2872860792206642,54.222012688886686,False,False
COSMOS 1426817,149.53735835662,1.97582477413,2025052000205,-1,r,20250520,r_57,0.1350614484191335,149.53732090123225,1.9758222657329436,745284193219510419,0,2775.616031857189,2245.215018344869,0.118803285,0.10539624,149.53732090123225,1.9758222657329436,6.144311e-06,6.3376797e-06,124441.4394761792,10912.90864856224,114367.5200724815,6490.475745949546,False,125597.54844242729,8648.241742640394,False,134073.5365410472,12320.403663072606,False,143262.21873288203,18084.157572746008,False,118105.9609476626,25311.97879394895,False,-2.860827662677657,403.70728213722936,125600.81547490884,3922.4223102411847,0.0,0.0530452211700391,False,19418.86328125,1337.1202392578125,False,20729.35107421875,1904.879810712928,False,18260.575439453125,3913.530651459384,False,False,-0.442317719905344,62.41791033892231,False,False
COSMOS 1426817,149.53735835662,1.97582477413,2025052000206,-1,r,20250520,r_57,0.1247189303949823,149.53732383867262,1.9758215890715345,745284193358970948,0,352.56208892788936,689.2653622827075,0.050051525,0.044048186,149.53732383867262,1.9758215890715345,2.5835552e-06,2.6573125e-06,136528.15118350202,5145.562872683118,131313.57605189842,3089.416654732219,False,132326.67851848222,4091.923468166848,False,133525.91285659946,5815.528864280392,False,128170.08886265116,8516.837985987313,False,127978.56253638216,11910.861704093708,False,-0.6324011924875329,187.6282419192128,139834.9663347252,1993.4417235715644,0.0,0.001766048577906,False,42502.5234375,1314.3009033203125,False,42887.710205078125,1867.9124619682184,False,41105.93505859375,3825.696257224175,False,False,-0.2031234125010562,60.26504888501701,False,False
COSMOS 1426817,149.53735835662,1.97582477413,2025052000207,-1,r,20250520,r_57,0.1298191767553761,149.53732250687457,1.9758206862528325,745284193489520080,745284193489519250,920.4226400772004,2143.540847968192,0.016508808,0.017395413,149.53732250687457,1.9758206862528325,9.472867e-07,9.382358e-07,127836.63780745077,1105.8513372260177,122229.12929265416,699.3218914708582,False,126378.3085976702,895.7250947529163,False,128001.26931431008,1239.4056537940996,False,128520.7648246844,1794.567200843856,False,130572.77399506138,2488.5939659809083,False,0.4862914600575395,39.10532267996045,126022.2699076034,537.9779587841167,0.0,0.0023227602404047,False,162432.53125,1151.2647705078125,False,164518.50328308344,1592.9932899501405,False,167823.62754887342,3198.5601139403702,False,False,0.6250246079322871,50.26160437449555,False,False
COSMOS 1426817,149.53735835662,1.97582477413,2025052000208,-1,r,20250520,r_57,0.1065002637351682,149.53732893139383,1.9758215549289968,745284193622163739,0,4055.5769578453232,3109.924659626253,0.0860168,0.08643842,149.53732893139383,1.9758215549289968,4.794167e-06,4.791806e-06,109224.20530364833,6439.579004826876,113017.08961963515,3845.185591325836,False,114444.22241895476,5107.4079944771,False,120710.84677457344,7267.912762563603,False,120279.0092167094,10651.83750978888,False,110702.7898106098,14915.838777071338,False,-4.314509224789682,237.7739647360788,118123.2408575547,2523.22343922663,0.0,0.0309537655702552,False,29083.591796875,1297.9403076171875,False,30676.12255859375,1846.98714827118,False,28132.785400390625,3790.546670956218,False,False,-1.096441763903775,60.42525156921612,False,False
COSMOS 1426817,149.53735835662,1.97582477413,2025052000209,-1,r,20250520,r_57,0.1366104934257985,149.5373205211524,1.9758215833393675,745284193757954097,0,433.17728123987695,331.2803034125167,0.027350396,0.025513511,149.5373205211524,1.9758215833393675,1.464227e-06,1.4764565e-06,126248.31235954528,1905.7852344613805,122372.91831823476,1169.334535065607,False,126977.26073745902,1525.5866888727492,False,131531.07158023465,2141.846259176451,False,130909.37815112445,3117.097633680876,False,130383.98476978412,4344.348027383977,False,0.3959186670523738,69.24822615372712,125680.682556039,824.9769822330616,0.0,0.0007231417416599,False,99696.0390625,1197.8125,False,103271.4580078125,1681.6679386573924,False,102370.82421875,3410.95947513535,False,False,0.3108550512649551,54.37015903111351,False,False
COSMOS 1426817,149.53735835662,1.97582477413,2025052000210,-1,r,20250520,r_57,0.1251105518425066,149.5373238989704,1.9758200999453528,745284193891647574,0,2984.0867655946195,500.0142520253562,0.025861016,0.026395336,149.5373238989704,1.9758200999453528,1.4539635e-06,1.4514768e-06,126804.88560387904,1802.6352583009389,123911.595726681,1115.0482973982923,False,126706.75213507062,1451.1174043422996,False,129287.05470264032,2023.3303583742493,False,127834.50140737018,2954.302425466657,False,129833.22156035191,4121.644123079489,False,-0.0263322416745268,65.34635256521194,129770.75933926972,830.2797503940054,0.0,0.0026339938849286,False,103581.6484375,1186.275634765625,False,105691.02294921876,1654.0546602491097,False,106137.50952148438,3369.407591524401,False,False,-0.0215263745123428,53.4200648665292,False,False
COSMOS 1426817,149.53735835662,1.97582477413,2025052000211,-1,r,20250520,r_57,0.1172031911196439,149.5373260077625,1.9758209378213447,745284194030059732,0,1327.0594628933288,1394.110470442124,0.03364053,0.037935875,149.5373260077625,1.9758209378213447,1.998212e-06,1.9874878e-06,126677.48336275162,2759.364113793852,122971.03459746778,1680.929413028257,False,126983.60089517216,2208.476577625033,False,129784.39881250824,3105.1566674939504,False,128245.30776117706,4548.33843909522,False,127138.84878170709,6348.613959900542,False,0.1507383354951345,98.3689872962564,128823.88027906242,1179.3700631390116,0.0,0.0005227587549284,False,68898.34375,1198.2679443359375,False,70417.99145507812,1684.7856728461738,False,68982.57763671875,3444.6100430430165,False,False,0.0817871093750142,53.37272099152239,False,False
COSMOS 1426817,149.53735835662,1.97582477413,2025052000212,-1,r,20250520,r_57,0.1324446158420431,149.53732192403183,1.9758195052562848,745284194160607415,0,2740.977248987429,1476.751047005294,0.039395332,0.044435445,149.53732192403183,1.9758195052562848,2.3356972e-06,2.3328857e-06,127286.3401258216,3385.137229781171,123828.37661853476,2048.2961574248006,False,125859.55249548332,2699.1879833531098,False,127279.71540212676,3810.965955320481,False,125696.49465785666,5581.014942356926,False,126133.94114676642,7792.784206952187,False,0.5779291010321247,122.0457646157479,129544.0363181859,1398.196640491223,0.0,0.0120050842853874,False,56997.8203125,1222.3770751953125,False,57640.96728515625,1725.8662408338605,False,57122.08227539063,3529.106096081888,False,False,0.2617258555338963,55.27067611113356,False,False
COSMOS 1426817,149.53735835662,1.97582477413,2025052000213,-1,r,20250520,r_57,0.127792414201629,149.53732368642295,1.9758170600717184,745284194294825293,0,2375.003459915857,1915.27670316692,0.027105322,0.029003896,149.53732368642295,1.9758170600717184,1.5592638e-06,1.5616669e-06,132858.23898199596,2438.40728952131,125802.88309142436,1486.034098172796,False,130889.18351880203,1947.8660391352,False,130382.38378190518,2739.9376242575454,False,129879.81348241004,3996.114933796128,False,127282.37048515173,5576.257871545394,False,-0.8521420495581313,88.0989221561316,129462.41518243832,1009.1407490457924,0.0,0.0008414007184326,False,81289.25,1209.72998046875,False,80974.5,1701.649200758313,False,79049.22436523438,3463.157214357648,False,False,-0.5292262220590046,54.7141873404045,False,False
COSMOS 1426817,149.53735835662,1.97582477413,2025052300085,-1,u,20250523,u_24,0.1215330077668556,149.5373247044078,1.97582184901736,745297371249770647,0,1960.168266138192,1084.447465200807,0.048807833,0.0482429,149.5373247044078,1.97582184901736,2.6853231e-06,2.7105646e-06,35816.11765252066,745.8299860267475,34518.50407954244,493.1199614526616,False,36002.9280990521,614.6524048772877,False,37228.81153216224,831.4581308555994,False,38683.227402181255,1184.2384724786027,False,41100.48572345502,1635.9980448630006,False,1.0836819259744033,26.407420997781085,36123.63703255587,423.8027396040368,0.0,0.0124830842262377,False,15187.736328125,259.2894287109375,False,15704.871887207031,350.74832870726897,False,17338.12701034546,690.1412815743021,False,False,0.4571482438865089,11.139898013757673,False,False
COSMOS 1426817,149.53735835662,1.97582477413,2025052300086,-1,u,20250523,u_24,0.1263301524940701,149.53732334453431,1.9758274272580327,745297371382415848,0,3440.8822959591207,3774.347529044572,0.051036295,0.050143782,149.53732334453431,1.9758274272580327,2.7914598e-06,2.834014e-06,36866.14512100809,767.067216456649,35568.003310079526,507.5501221455647,False,37011.352647470914,631.6382515944329,False,38106.61121125102,854.416961351857,False,38127.01451830095,1214.1599276260793,False,37833.19568028521,1675.7725064020738,False,-0.2900978567908099,27.175184350635664,35994.91120335539,435.5484675193412,0.0,0.0092714180440618,False,15663.82421875,267.31988525390625,False,16127.35598373413,361.6035657926306,False,16011.641952514648,709.214986572231,False,False,-0.1227742708646414,11.50099308271485,False,False
COSMOS 1426817,149.53735835662,1.97582477413,2025052300087,-1,u,20250523,u_24,0.1351280211661794,149.53732090988646,1.9758218884049228,745297371516633496,0,3821.07305187272,3110.408445697454,0.052363876,0.0517957,149.53732090988646,1.9758218884049228,2.8807287e-06,2.910014e-06,37419.008777111376,771.5392073353335,35252.35627891972,510.17549270284417,False,37114.26034566569,635.4680641244347,False,37849.31002852247,857.3611607931363,False,38589.96454236572,1219.592208592621,False,43557.71640253774,1685.4712514302134,False,2.1891629061806337,26.392394166633743,36653.02659671719,449.1062962085126,0.0,0.0002073637330162,False,15621.671875,267.4732971191406,False,15931.059825897217,360.8697737079816,False,18333.771087646484,709.4275515492874,False,False,0.9214351648872092,11.108757599556077,False,False
COSMOS 1426817,149.53735835662,1.97582477413,2025052300088,-1,u,20250523,u_24,0.1129236352178684,149.5373270585562,1.9758224232237556,745297371654521253,0,3191.766422461781,3266.738331209424,0.05505449,0.05955637,149.5373270585562,1.9758224232237556,3.3024967e-06,3.070539e-06,35884.1083235943,784.6948034078101,35157.56779119728,513.4088907167838,False,37065.97868121861,643.2851970231428,False,39227.44892385068,875.1396877195715,False,40248.970394879085,1247.2804623019354,False,43485.42448230448,1722.3479970426138,False,0.3542102142988106,27.816785241356317,36995.765337919,456.978547587979,0.0,7.992355754582459e-05,False,15579.369140625,270.3821105957031,False,16487.86647415161,367.8339202062652,False,18277.55543899536,723.9278764313149,False,False,0.14887969718542,11.691798813885567,False,False
COSMOS 1426817,149.53735835662,1.97582477413,2025052300089,-1,u,20250523,u_24,0.138828718841211,149.5373198326014,1.9758225809022945,745297371790311758,0,2187.670102994225,2589.6564260840823,0.060695443,0.06198466,149.5373198326014,1.9758225809022945,3.445286e-06,3.37677e-06,35417.000993875256,761.2565842356698,33814.117729877966,500.4939322905356,False,35013.33880705645,624.7184622016136,False,35468.767669162924,845.6261710052504,False,36953.58048427342,1205.8695688379246,False,38784.53070083051,1664.7907450237851,False,0.9744538659095544,26.6579575435794,36009.326955942866,454.7980359536471,0.0,0.0143057118043462,False,14725.931640625,262.7444763183594,False,14917.476192474363,355.6539767991829,False,16312.02185434103,700.1787188094341,False,False,0.4098364082157988,11.211820233102651,False,False
COSMOS 1426817,149.53735835662,1.97582477413,2025052300090,-1,u,20250523,u_24,0.143654214820406,149.53731843047868,1.9758244230111563,745297371922956556,0,2330.006478063469,2167.2892050921155,0.05998613,0.05948233,149.53731843047868,1.9758244230111563,3.3063711e-06,3.335596e-06,37050.3212303543,794.9491208563895,35403.24674608187,521.0300983503922,False,36211.61463038253,651.1238201884051,False,36280.42562113412,883.4081962652042,False,34696.105792004215,1260.6715469218016,False,33592.71389508547,1742.519847351831,False,-0.6445624205492618,27.41174660383421,36372.10332026106,458.7210204156888,0.0,0.0009661423988835,False,15125.591796875,271.97442626953125,False,15154.334148406982,368.9996125030551,False,14031.676933288574,727.8505578396051,False,False,-0.2692337295739861,11.44988683330056,False,False
COSMOS 1426817,149.53735835662,1.97582477413,2025052300091,-1,u,20250523,u_24,0.1311178593330255,149.53732192803963,1.975823739253704,745297372058747047,0,1166.7588301849712,1339.6339872069173,0.0544058,0.060337823,149.53732192803963,1.975823739253704,3.3544022e-06,3.0258318e-06,36833.38060018594,744.7200211988588,34315.31657232611,491.9529006948844,False,35811.368932280115,613.8777430987915,False,34990.322353824566,828.349164282322,False,33457.45711663119,1179.0541314854984,False,32531.080950978227,1628.7921773599287,False,-1.280689638952497,25.5641428091476,36507.31218617565,440.15772117279874,0.0,0.0039876143459972,False,15186.333984375,260.3238220214844,False,14838.157192230225,351.2735603114604,False,13795.279960632324,690.713109663589,False,False,-0.5430951445681844,10.840848096539256,False,False
COSMOS 1426817,149.53735835662,1.97582477413,2025052300092,-1,u,20250523,u_24,0.1320617535902863,149.5373219140539,1.9758203899826972,745297372192964905,0,359.0821098433984,2367.8175592623857,0.051538985,0.056293663,149.5373219140539,1.9758203899826972,3.1298318e-06,2.8663396e-06,36070.10746841952,750.8531262319104,35265.311315553205,497.8016040927183,False,36325.090101070615,618.8277834597262,False,37211.09784098173,834.4625062037536,False,39208.76485627617,1189.8763258522424,False,39191.74365374487,1638.9280981202926,False,0.94741715553042,25.708947077562502,36058.62101810002,438.37785143128406,0.0,0.002423867339924,False,15329.1181640625,261.1441345214844,False,15703.011726379396,352.1415728215928,False,16538.840450286865,691.6245055025403,False,False,0.3998082176087361,10.849126224575274,False,False
COSMOS 1426817,149.53735835662,1.97582477413,2025052300093,-1,u,20250523,u_24,0.1391979314319907,149.53731966921512,1.975824412806492,745297372326134111,0,2228.744688839034,2811.7352776803946,0.06253288,0.061091665,149.53731966921512,1.975824412806492,3.396491e-06,3.4765162e-06,36383.50910439142,794.1680113095446,35034.665329779826,522.5054684097692,False,36835.69392641522,653.0356111690436,False,37199.48531217943,882.6717969463817,False,39825.51568250248,1258.3412973391369,False,42276.43257453318,1734.1029736836713,False,1.3172604224471764,27.374738291297454,36620.97786253011,471.7018606470263,0.0,0.0034953289589847,False,15353.6611328125,272.19488525390625,False,15505.29475402832,367.9106382216676,False,17621.44133758545,722.7997246510034,False,False,0.549053594329494,11.410195126597168,False,False
COSMOS 1426817,149.53735835662,1.97582477413,2025052300094,-1,u,20250523,u_24,0.1177634103763678,149.53732570067314,1.9758225525169728,745297372461924383,0,441.9167462653848,372.89972068345423,0.050711524,0.056192048,149.53732570067314,1.9758225525169728,3.119286e-06,2.8253958e-06,36675.13474323645,779.2419786282344,35127.35755681438,513.1568889160637,False,36940.04488381906,641.6719426236939,False,37116.14853710583,863.7439307796155,False,39194.3868468936,1236.1497515384017,False,43456.0331295244,1707.1831919082051,False,1.172045836963152,27.513461111615257,36929.56137916146,459.94764470499854,0.0,0.0036744133145412,False,15453.572265625,268.4383239746094,False,15527.24382019043,361.3403636968675,False,18179.483821868896,714.1864312777273,False,False,0.4903159998072656,11.51003635493829,False,False
COSMOS 1426817,149.53735835662,1.97582477413,2025052300095,-1,u,20250523,u_24,0.1225381805906095,149.53732440592967,1.9758220662982575,745297372596142185,0,710.6275938489889,889.7118353112917,0.05724284,0.06288763,149.53732440592967,1.9758220662982575,3.4865695e-06,3.1942552e-06,37022.29196249652,781.1866613381468,35182.55544170925,514.3571881826227,False,37025.16816486904,642.4787750496101,False,37998.32806151701,868.5613473400336,False,38019.11775852686,1237.3578263091583,False,39010.79319373629,1706.7770543578458,False,0.5304845659061732,26.7990276146578,36401.76929626912,460.7224561651257,0.0,0.0085968126291176,False,15553.5556640625,269.89288330078125,False,15962.361278533936,364.86579084128033,False,16387.678260803223,716.9839662278082,False,False,0.2228462862884847,11.25775218336007,False,False
COSMOS 1426817,149.53735835662,1.97582477413,2025052300096,-1,u,20250523,u_24,0.1245746292950314,149.53732376962446,1.9758231607541996,745297372730360105,0,2831.6691760584617,2390.5181091242466,0.05563046,0.06833732,149.53732376962446,1.9758231607541996,3.7640743e-06,3.1368415e-06,35895.66186370377,776.2862750438236,34581.35488394248,511.0887071062752,False,35870.430204019955,637.8951722922845,False,36860.11885105808,864.5964305506311,False,37380.44937240429,1231.529214676117,False,38610.68749412497,1698.1207037971296,False,0.2417914099834096,26.238768483518783,36459.99416494855,459.5585297026066,0.0,0.0114608840057457,False,14976.978515625,266.34033203125,False,15390.203155517578,360.99489444070514,False,16121.117973327637,709.0162329543905,False,False,0.1009551525305756,10.955471390194775,False,False
COSMOS 1426817,149.53735835662,1.97582477413,2025052300097,-1,u,20250523,u_24,0.1233407798883154,149.5373241007597,1.9758261043685807,745297372864577772,0,3953.4463570762136,2042.7187053609207,0.05521884,0.060417924,149.5373241007597,1.9758261043685807,3.336725e-06,3.0954961e-06,36228.58869978616,784.9250472144132,34946.43583527685,518.7208382010006,False,35977.13309562922,646.050991754812,False,36504.0466152892,874.4284015400577,False,35551.896590565215,1242.1450649000608,False,34700.48702283659,1713.4131364474792,False,-0.0076858314199534,26.96957553331668,36479.52549691877,460.43185579972726,0.0,0.0046515923883219,False,14988.5576171875,269.1535339355469,False,15208.076877593994,364.29863501771325,False,14456.68968963623,713.8309617229892,False,False,-0.0032020207604579,11.235887965773374,False,False
COSMOS 1426817,149.53735835662,1.97582477413,2025052300098,-1,u,20250523,u_24,0.1304478160165073,149.53732217536847,1.97582711612825,745297372997222532,0,1990.817519094752,1147.9148289712805,0.06738816,0.07008462,149.53732217536847,1.97582711612825,3.8794683e-06,3.7635969e-06,37233.41754555945,798.8925553877832,34636.202972633895,525.7396219240651,False,36315.075607359606,656.9084248872085,False,36046.07127495048,884.5813174789314,False,36279.3518412608,1259.1915256282648,False,37710.07137403451,1734.1048422880465,False,0.9247168994003672,27.282279311856108,36700.49389614907,488.95777340766665,0.0,0.0047969468822453,False,14984.21875,271.0516052246094,False,14873.222980499268,364.9933186585821,False,15559.817764282228,715.521194922485,False,False,0.3815539433884246,11.25713314292545,False,False
COSMOS 1426817,149.53735835662,1.97582477413,2025052300099,-1,u,20250523,u_24,0.141679765632355,149.53731899343163,1.9758236624168817,745297373131440345,0,1615.750730560098,1752.313165951507,0.06794589,0.06905216,149.53731899343163,1.9758236624168817,3.829637e-06,3.7869252e-06,34401.40806994151,788.0704662989376,33681.96140866169,516.8089662813214,False,35181.77635385739,646.5596392458335,False,36829.47089511042,876.0341864504694,False,37652.87730045652,1248.1040292839746,False,39915.938856604575,1721.3091908419913,False,0.3325382084819209,27.46028455014272,35349.33180633001,469.5234973023464,0.0,0.0013827380135147,False,14559.1494140625,267.5634765625,False,15241.008987426758,362.52611249859945,False,16518.27104949951,712.3232620549549,False,False,0.1376131044230836,11.36379191593506,False,False
COSMOS 1426817,149.53735835662,1.97582477413,2025052300100,-1,u,20250523,u_24,0.1175395998173085,149.5373257756136,1.9758223751481427,745297373265658040,0,986.6051621827016,1661.0309014600027,0.06666397,0.07384855,149.5373257756136,1.9758223751481427,4.0351397e-06,3.782645e-06,35884.116141575054,803.8079290250014,34942.62399108537,526.7243553124721,False,35854.633975529905,657.6291519073575,False,36947.336382313006,893.1097646207121,False,37845.49448731425,1271.9017165824653,False,39609.274424435134,1759.1214653510697,False,0.0585178755747366,27.367691445268957,36829.757037248746,483.709353467805,0.0,0.000619622193127,False,14817.716796875,271.7797241210937,False,15269.300121307371,369.0972712120071,False,16369.40461730957,726.9956709826005,False,False,0.0241838002979753,11.310300964082304,False,False
COSMOS 1426817,149.53735835662,1.97582477413,2025052300101,-1,u,20250523,u_24,0.1390549150754002,149.5373197088451,1.9758244261014437,745297373399875875,0,2444.5690998485443,2534.020583601297,0.07479644,0.07506886,149.5373197088451,1.9758244261014437,4.169666e-06,4.1618678e-06,36479.94230612975,806.7474582882638,34251.02848643978,528.701540349235,False,36715.06828003564,661.2731499769322,False,37675.886959058895,892.777948331418,False,36723.65392107531,1266.7283648776852,False,36309.50552340403,1749.546851518751,False,0.1118301306342024,27.53967259964853,36274.707218855554,500.1229775183289,0.0,0.003727615030541,False,15040.51171875,270.89385986328125,False,15434.11590576172,365.7309606971877,False,14874.370903015137,716.7106355915076,False,False,0.0458117734518192,11.281764895716815,False,False
COSMOS 1426817,149.53735835662,1.97582477413,2025052300103,-1,u,20250523,u_24,0.1278258575802481,149.53732371886085,1.9758168740128037,745297373669884024,0,1558.8360154224254,1128.8335467647812,0.068072796,0.07576049,149.53732371886085,1.9758168740128037,4.0802183e-06,3.9276006e-06,36764.89413304444,802.6732919240148,34090.99256972971,524.2977212890953,False,36114.10839124053,656.6899354870529,False,36891.01845566036,890.2382378452462,False,34407.5773855177,1266.6273912514523,False,33493.25656434348,1744.6607126551785,False,-0.7557509140349252,27.71450042453653,36238.35090993229,498.94583514577954,0.0,0.0001896391272093,False,14915.0751953125,271.2120056152344,False,15235.937942504885,367.6671209865702,False,13832.6671333313,720.5423829837939,False,False,-0.3121240482982851,11.446049099546478,False,False
COSMOS 1426817,149.53735835662,1.97582477413,2025052300104,-1,u,20250523,u_24,0.1335027677919035,149.5373213406038,1.975822190732489,745297373804101939,0,3037.060730223545,2835.952944075197,0.063292064,0.07322997,149.5373213406038,1.975822190732489,3.8754483e-06,3.735391e-06,36164.13282908559,783.0716520631565,34202.46261364476,518.5796838677611,False,34950.69788368976,646.9093784777524,False,35148.40669723912,871.4787070281469,False,35388.711401663626,1246.2515745476553,False,37700.09446280923,1725.6116560262783,False,0.4914783279643292,26.734429032545645,35419.593116111566,471.9078724519498,0.0,0.0001866572574956,False,14429.4072265625,267.0767517089844,False,14511.03137588501,359.7902735686303,False,15564.496517181396,712.4193451749585,False,False,0.2029069908940733,11.03731790317863,False,False
COSMOS 1426817,149.53735835662,1.97582477413,2025052300105,-1,u,20250523,u_24,0.1249211366838602,149.5373236449613,1.9758239710416168,745297373937270938,0,1966.34939388547,1375.2849631427791,0.077651344,0.08157371,149.5373236449613,1.9758239710416168,4.4442327e-06,4.410111e-06,35530.124349676174,819.2601963155005,34122.77475921082,533.6901089265808,False,35867.87472907566,669.3415320106633,False,37525.51343467263,910.318326102913,False,38151.78980887785,1298.73485882779,False,40859.83094870432,1794.5227207940843,False,0.81710622085138,27.798513834244723,36199.060609603664,507.3428060426522,0.0,0.0057780441120514,False,14550.1767578125,271.5253601074219,False,15222.615154266356,369.2801051280667,False,16575.21576309204,727.9668221406613,False,False,0.3314676443223472,11.276756511165065,False,False
COSMOS 1426817,149.53735835662,1.97582477413,2025052300111,-1,u,20250523,u_24,0.1167299990637443,149.53732604097368,1.975821889517187,745297374747820394,0,1781.2485476640015,3510.314596588492,0.06501121,0.06543535,149.53732604097368,1.975821889517187,3.620857e-06,3.6331287e-06,36126.46739670248,832.0634489319011,35193.06659800067,546.1805384353075,False,37476.41813044484,683.2085017853725,False,39771.56359529666,924.4041906568474,False,40461.33135546391,1313.515645044003,False,41597.69122655028,1808.4339538357665,False,-0.1916993605940884,28.4209440332256,37847.831989505976,517.8334052621952,0.0,0.0081428798226018,False,14901.662109375,271.6626281738281,False,15814.2755317688,367.5687162447373,False,16540.394469678402,719.0834415760048,False,False,-0.076224976683022,11.30095473207803,False,False
COSMOS 1426817,149.53735835662,1.97582477413,2025052300112,-1,u,20250523,u_24,0.1368407332679998,149.5373206989657,1.9758194405718617,745297374878367948,0,3283.1567440831186,1664.6972487730054,0.05248466,0.052506257,149.5373206989657,1.9758194405718617,2.9185676e-06,2.9199966e-06,36719.06069509622,775.5976772333645,35577.27334270755,511.25107723470654,False,37439.15542404427,638.6294348254179,False,38501.78342112879,863.3344492179914,False,40704.00493636467,1230.0842817845055,False,44719.44635159968,1696.9211499756375,False,1.5199414342315896,26.81326032117634,36749.441081267614,450.8351639967315,0.0,0.0013659614862611,False,15151.1005859375,258.4443664550781,False,15581.131217956545,349.3793311108233,False,18097.33211517334,686.7201660530498,False,False,0.6150989597374121,10.85095001641427,False,False
COSMOS 1426817,149.53735835662,1.97582477413,2025052300113,-1,u,20250523,u_24,0.1410120338214797,149.5373191752446,1.9758238075092311,745297375036702774,0,2372.4218555324605,496.9491865569513,0.050018676,0.042293135,149.5373191752446,1.9758238075092311,2.7063809e-06,2.4379103e-06,36722.80577090683,802.9164863434072,35413.62687636354,529.212146067442,False,36593.47424167272,660.5094056516547,False,37512.94629506235,894.1419436235651,False,36894.449882900844,1272.3323221471253,False,34489.1791403106,1757.0783506346054,False,-0.8922731398420604,28.159517802998813,37099.05753076189,452.8869652378253,0.0,0.0001850625679229,False,14921.7236328125,269.3359680175781,False,15296.656818389893,364.6043248897804,False,14063.655067443848,716.4839658626827,False,False,-0.3638422826369075,11.48260860705869,False,False
COSMOS 1426817,149.53735835662,1.97582477413,2025052300114,-1,u,20250523,u_24,0.1282611171826916,149.53732276804072,1.9758226958481129,745297375150473418,0,3320.886024186781,1513.9538496088048,0.05141738,0.044199187,149.53732276804072,1.9758226958481129,2.8023471e-06,2.5218887e-06,35339.936666677044,803.9825771195949,34381.034075050455,530.4925976899314,False,35088.96656705804,662.7600432310903,False,34832.296651352364,895.3123095041203,False,36345.877693779854,1280.5332956759746,False,35484.56133893592,1764.3475647425855,False,0.1625500273603604,27.76690423611393,35455.69022621049,445.1966285825697,0.0,0.0010967890934889,False,14114.138671875,266.58770751953125,False,14010.896110534668,360.1292180215187,False,14273.26218032837,709.6887891118558,False,False,0.065383904165336,11.168922177523225,False,False
COSMOS 1426817,149.53735835662,1.97582477413,2025052300115,-1,u,20250523,u_24,0.1353641183961395,149.5373207506229,1.975825921350584,745297375274730004,0,3986.802139701928,3862.083544946027,0.034511738,0.035961665,149.5373207506229,1.975825921350584,1.9974786e-06,1.921165e-06,37746.43360341649,789.6621955879082,35893.67487771971,523.0730331142886,False,37493.5688961002,651.4007037240023,False,38448.502351990326,879.6086736926924,False,38143.23337433332,1253.4864775080691,False,38967.87503423116,1732.6611455965838,False,0.1044791132532218,27.242697394293177,36889.04856169206,437.993433764405,0.0,0.001078166604837,False,15415.376953125,267.82159423828125,False,15807.995197296144,361.6486687033289,False,16021.533836364746,712.3788286311382,False,False,0.0429562978917745,11.20075954136834,False,False
COSMOS 1426817,149.53735835662,1.97582477413,2025052300116,-1,u,20250523,u_24,0.1236565209477692,149.53732413591686,1.975821581694872,745297375412617561,0,1483.7114897709791,2648.907372406934,0.04760074,0.04947745,149.53732413591686,1.975821581694872,2.7494816e-06,2.6479731e-06,37483.31094324046,805.6245355940488,36349.80053845911,529.9597484072784,False,37883.54409490242,661.7366562795474,False,39057.32381885276,896.4161329716708,False,39734.32567277031,1276.1951539578308,False,39378.69883311193,1762.8561218881846,False,-0.2925186798122882,27.593817148170217,37112.538506485245,447.7677727480772,0.0,0.0002948544841242,False,15412.7353515625,269.2243347167969,False,15890.281913757324,364.70253648265503,False,16021.031772613524,717.2094247961459,False,False,-0.1190097997706056,11.22641007342769,False,False
COSMOS 1426817,149.53735835662,1.97582477413,2025052300117,-1,u,20250523,u_24,0.1281904143098893,149.53732312289486,1.975819480558118,745297375546835219,0,1993.8607083922884,2053.1701201528117,0.04857252,0.04743055,149.53732312289486,1.975819480558118,2.6367068e-06,2.7009755e-06,36425.12409961356,805.9978910302153,35674.04079807509,528.9052013890164,False,36726.89059323692,661.5868103904003,False,37692.23134578587,899.6003924278393,False,37694.70734618042,1284.5941232768855,False,37229.89862068149,1775.0202278516615,False,-0.3783546392024152,28.18895101149593,37055.57710080393,448.4861992698241,0.0,0.0020087920092641,False,14943.2080078125,269.18231201171875,False,15335.97982788086,366.0237926712588,False,15147.868774414062,722.2091512355385,False,False,-0.1539425740376634,11.469344441709648,False,False
COSMOS 1426817,149.53735835662,1.97582477413,2025052300118,-1,u,20250523,u_24,0.1238004635153392,149.537324131513,1.9758212189928896,745297375681577363,0,1310.4912678445685,2890.632480259474,0.042060655,0.040552013,149.537324131513,1.9758212189928896,2.2544875e-06,2.3392558e-06,36880.9035078307,799.5626856129561,35604.35105881152,531.7458295947304,False,36527.83834189386,661.5095494016331,False,36014.61175397547,893.135519234836,False,36575.99856614439,1273.5588120706268,False,37776.825154399616,1757.724973780956,False,0.1857796555740335,27.42302829144605,36348.99460474159,432.669842781665,0.0,0.0014519572034136,False,14953.9365234375,270.8118591308594,False,14743.829433441162,365.6359770445881,False,15465.252559661863,719.5856332247024,False,False,0.0760553403351527,11.2265669956273,False,False
COSMOS 1426817,149.53735835662,1.97582477413,2025052300119,-1,u,20250523,u_24,0.1307906903900703,149.5373222047077,1.9758209641371227,745297375816843544,0,3851.692148243693,1948.096796522889,0.042820696,0.033456527,149.5373222047077,1.9758209641371227,1.8629985e-06,2.3799576e-06,36079.73329704122,766.9541094963167,35388.28934604866,507.5835927919501,False,36518.88053088802,632.8038460412639,False,37554.03181875491,856.7895236535546,False,37849.22329659897,1219.869438817998,False,38957.4004041045,1683.9746073336592,False,0.509546287665362,25.95480988949225,35859.47117532803,408.0680738848867,0.0,8.376528243903003e-05,False,15114.2646484375,261.90191650390625,False,15542.68825531006,354.6040683682926,False,16123.507926940918,696.9555886293383,False,False,0.2108886507594123,10.742056160179056,False,False
COSMOS 1426817,149.53735835662,1.97582477413,2025052300120,-1,u,20250523,u_24,0.1319486063855944,149.53732176054856,1.9758223830392327,745297375950012654,0,692.0807725161854,1627.9128554918775,0.04157647,0.03455552,149.53732176054856,1.9758223830392327,1.92646e-06,2.3075074e-06,36729.58027993623,804.0659575394326,36325.656081043904,534.984218325327,False,36694.54255814639,665.5728048222871,False,37200.759307345405,898.0679678284973,False,37957.94269596352,1283.8744952933666,False,37153.73460589752,1770.8407732036285,False,0.3875830545410804,27.552109511962,36331.111711499245,428.4728515806356,0.0,0.003905688815325,False,15046.7734375,272.9213256835937,False,15254.350047111511,368.2570840603509,False,15235.06734240055,726.1417652518708,False,False,0.158930293262346,11.297874851410132,False,False
COSMOS 1426817,149.53735835662,1.97582477413,2025052300121,-1,u,20250523,u_24,0.134126273528951,149.53732112918212,1.9758267417594744,745297376085278777,0,3095.045274713118,501.0561236418959,0.053302925,0.043085024,149.53732112918212,1.9758267417594744,2.413613e-06,2.950242e-06,36345.41739258471,770.2903393065687,34809.421315833606,508.74537578013206,False,36166.85989707711,634.5647744569346,False,37456.04934536389,856.671304793785,False,36872.72215938005,1223.5284264285465,False,37705.22381175352,1691.6255311587563,False,-0.3080804956230517,26.94142745776393,36713.63565201325,441.35993806093904,0.0,5.253914409464322e-05,False,14756.755859375,258.914306640625,False,15282.769287109377,349.5379287156686,False,15384.437133789062,690.2148829020334,False,False,-0.125702609291553,10.992606729715414,False,False
COSMOS 1426817,149.53735835662,1.97582477413,2025052300122,-1,u,20250523,u_24,0.1334676752406251,149.53732127614643,1.975823687545833,745297376219496640,0,2096.3157235235744,1359.4679519605004,0.044455178,0.041557334,149.53732127614643,1.975823687545833,2.3189261e-06,2.464789e-06,36216.17222092929,770.9825283710792,35255.45044864769,508.6805225179758,False,37117.57162626557,634.586671748758,False,38548.07201751645,859.3747274531322,False,39336.88826791171,1222.7856919344622,False,38736.0375550973,1685.537777719466,False,0.3098245417928049,27.388870547727137,36443.65806411004,427.6562811826763,0.0,0.0004744233940745,False,15223.1884765625,260.2657470703125,False,15809.885723114014,352.45903422076304,False,15886.976833343506,691.2968211646808,False,False,0.1270696650596324,11.23311467426866,False,False
COSMOS 1426817,149.53735835662,1.97582477413,2025052300123,-1,u,20250523,u_24,0.1208736758167975,149.53732551289443,1.9758177086391548,745297376353190307,0,372.9428636380159,3055.221067082985,0.04670182,0.045689315,149.53732551289443,1.9758177086391548,2.5443242e-06,2.5935453e-06,34385.940779872304,825.919420395073,34432.32425437895,543.2600136805911,False,34971.60737446777,678.5982235504238,False,35962.69917808124,920.693239579362,False,37400.68369411439,1315.390162947234,False,37966.80497594522,1815.7998540062424,False,0.7986539503579052,28.992366976326583,36266.10412842168,458.7078535433042,0.0,2.438165565554762e-06,False,14113.3134765625,273.8584289550781,False,14513.283348083496,371.55948157596384,False,15322.07011795044,732.7930991526677,False,False,0.3223087071749914,11.700301881553504,False,False
COSMOS 1426817,149.53735835662,1.97582477413,2025052300124,-1,u,20250523,u_24,0.1299704456915609,149.53732232293748,1.9758222174347797,745297376488456236,0,2495.42091464704,244.2668825662493,0.0457607,0.036879558,149.53732232293748,1.9758222174347797,2.1064343e-06,2.4991957e-06,35101.97992185734,791.4519264154555,35735.27914151562,523.224600052067,False,36275.03148842768,651.2746558309253,False,37198.73614591541,884.4657485664811,False,39769.63571388625,1262.8588996416352,False,37643.61424225223,1740.7471114211876,False,0.1036019447410983,26.77852194069161,36556.93386872073,432.6326190380604,0.0,0.0009949273820535,False,14812.9970703125,265.9495849609375,False,15190.194107055664,361.1737331361561,False,15371.861156463625,710.8383040236106,False,False,0.0423061053556396,10.935074368751634,False,False
COSMOS 1426817,149.53735835662,1.97582477413,2025052300125,-1,u,20250523,u_24,0.1364266817448513,149.53732093801037,1.975818638852684,745297376622674035,0,2658.94322431204,810.53723699825,0.044691373,0.038278222,149.53732093801037,1.975818638852684,2.1804528e-06,2.440036e-06,36262.88756539325,793.2971688725167,35125.249280809665,524.0280325731759,False,36251.152865437776,652.8031290170567,False,36991.86962514802,883.4084363783483,False,37242.51071112868,1257.7753897415,False,39480.82663159958,1737.56952335222,False,0.4050085257328549,27.31102896477603,36029.24720017985,432.02407109189227,0.0,0.0011007619811329,False,14745.01953125,265.52520751953125,False,15046.303276062012,359.3230454441291,False,16058.677139282228,706.749841965994,False,False,0.1647356883909572,11.10865789562508,False,False
COSMOS 1426817,149.53735835662,1.97582477413,2025052300126,-1,u,20250523,u_24,0.1160734281037744,149.53732618080954,1.9758224216087397,745297376757416321,0,219.28803043409303,2698.677163125805,0.047567092,0.042095654,149.53732618080954,1.9758224216087397,2.397747e-06,2.5942775e-06,35324.4429062826,783.974556548712,34243.30997513518,518.8506696446807,False,34698.21737039542,645.5272564429343,False,35559.4523812391,874.9011463728984,False,34343.33651461355,1244.9549917102206,False,32344.41472701228,1718.4859716224255,False,-1.1513991598655418,26.622203296912588,34889.510100085274,431.7674106337312,0.0,0.0029067962630642,False,13821.77734375,257.1409912109375,False,14164.84391784668,348.5103777485507,False,12884.15753173828,684.5461314214012,False,False,-0.4586513091309558,10.604757081380278,False,False
COSMOS 1426817,149.53735835662,1.97582477413,2025052300127,-1,u,20250523,u_24,0.1319577140496145,149.53732246083942,1.975817250314014,745297376891634004,0,1388.0856490025808,2588.692281902432,0.054277454,0.04346389,149.53732246083942,1.975817250314014,2.5608722e-06,2.897888e-06,35599.04403654698,785.9496275166908,33776.3976214306,518.9132544594324,False,34305.62784538411,647.1008178995282,False,34070.975129934566,875.4541263130147,False,32946.07030011188,1246.4306321180377,False,33259.1098666703,1723.5063810215902,False,0.0122305518681603,26.629242841073875,35982.62131059982,445.19643297773416,0.0,0.0081161820596266,False,13696.5693359375,258.3558959960937,False,13602.88391494751,349.5262700196337,False,13278.745586395264,688.1123049251867,False,False,0.0048830647389413,10.631762012347506,False,False
COSMOS 1426817,149.53735835662,1.97582477413,2025052300128,-1,u,20250523,u_24,0.1334436313989797,149.5373219977442,1.9758174518247356,745297377024278691,0,454.3690022660918,1406.3897250986013,0.05219169,0.047898542,149.5373219977442,1.9758174518247356,2.7261726e-06,2.8424902e-06,34184.41345722895,822.2920626664613,34050.865822712374,537.9441126734048,False,35221.74289547404,674.634597850384,False,36510.83356640026,918.854307196289,False,38643.02367409869,1312.9125881507766,False,38186.68566737174,1811.810377001183,False,0.2867259925356165,27.860668671961022,35998.569301604475,457.0239592708849,0.0,0.0001030542284842,False,14128.5537109375,270.61724853515625,False,14645.648700714111,368.58148872062833,False,15317.885917663574,726.7743763124365,False,False,0.1150148531230655,11.175794307584258,False,False
COSMOS 1426817,149.53735835662,1.97582477413,2025052300130,-1,u,20250523,u_24,0.1347352419023758,149.53732155814018,1.975817829983432,745297377292189901,0,3582.144042626545,1709.3765790358414,0.046425115,0.040988725,149.53732155814018,1.975817829983432,2.390026e-06,2.4792064e-06,36652.36641871384,804.7696611401352,36078.08217157752,533.5903920460854,False,36847.38951071176,663.623989384688,False,37340.99315410977,896.1667373542815,False,39008.910967514326,1275.6278870330805,False,39196.00841615022,1756.6427510158244,False,0.532672939135198,27.317103021292755,36480.38327378545,441.7680618930442,0.0,0.0050778874250286,False,14794.2763671875,266.4459228515625,False,14992.458892822266,359.81214841951703,False,15737.250011444092,705.2944233509324,False,False,0.2138689003354567,10.967853544426877,False,False
COSMOS 1426817,149.53735835662,1.97582477413,2025052300131,-1,u,20250523,u_24,0.1292722263460334,149.53732249924442,1.97582248724775,745297377426932115,0,610.4919667306232,2850.230595295311,0.046072256,0.03591004,149.53732249924442,1.97582248724775,2.2433628e-06,2.3492225e-06,36221.720819673785,819.1182423185724,35190.28070061024,541.7277676380346,False,36148.51297697921,675.4642974579818,False,36184.81746535275,914.105960334567,False,36006.911343570675,1300.5177599189085,False,35173.0415842966,1796.1551822639117,False,-0.6106829724331243,28.19541642959513,36621.65237849807,442.7641870052578,0.0,0.0005186307852259,False,14471.048828125,270.4032897949219,False,14485.582317352297,365.9368227541135,False,14080.54606628418,719.0406244921805,False,False,-0.2444698933594348,11.287248472484343,False,False
COSMOS 1426817,149.53735835662,1.97582477413,2025052300132,-1,u,20250523,u_24,0.133771418167106,149.53732136387285,1.975821041250773,745297377566392493,0,1236.1590226311555,1195.9414414993937,0.042435057,0.037676953,149.53732136387285,1.975821041250773,2.220382e-06,2.242282e-06,35589.714404848164,817.0485658055636,34573.49160666742,538.4418093414561,False,36001.83405429578,674.0440919591582,False,36419.24512766575,912.6453095890544,False,37204.722676293735,1303.3926964910786,False,39597.57618341112,1800.5930765123992,False,1.169450727239856,28.828004936305195,35513.74160642738,436.14699086619856,0.0,0.0005261308903449,False,14273.3515625,267.23272705078125,False,14438.83910369873,361.8289928225723,False,15698.9259223938,713.8663536781211,False,False,0.4636425283151388,11.429202431209813,False,False
COSMOS 1426817,149.53735835662,1.97582477413,2025052300133,-1,u,20250523,u_24,0.1289422551948939,149.53732256677398,1.9758229064969035,745297377696415916,0,3397.4440366956337,1216.1545095483648,0.04276399,0.03493638,149.53732256677398,1.9758229064969035,2.1763437e-06,2.16668e-06,36725.894232936815,797.2082538174202,35536.7633027114,528.5328639278196,False,35915.94227459528,657.7436822496628,False,35337.58501522965,889.4397943951749,False,34096.038025534195,1266.8275135382298,False,29636.567818268013,1746.6438862799546,False,-1.6727670311823482,27.408655522377504,36924.97540624164,432.9815791421864,0.0,0.0010647227837952,False,14493.9619140625,265.4339904785156,False,14260.564498901367,358.9354946127615,False,11959.905769348145,704.8621966150838,False,False,-0.6750490201730218,11.060826588364232,False,False
COSMOS 1426817,149.53735835662,1.97582477413,2025052300134,-1,g,20250523,g_6,0.1135544331407814,149.53732817417313,1.9758155514830695,745297377828538251,0,520.3944275513463,3373.285495326404,0.010873158,0.009811836,149.53732817417313,1.9758155514830695,5.4565004e-07,6.040363e-07,91630.56902435244,394.7081850799848,89394.78262897886,284.24373203492064,False,91398.4358933131,336.5757813323975,False,92319.76999632978,434.1226246325732,False,92941.9298563211,598.951332620757,False,93985.2036098261,814.4992279179608,False,0.4746772543609272,12.646517981147326,89994.98170891935,267.6346396915748,0.0,0.0079194332855568,False,200759.828125,739.3003540039062,False,202783.5703735352,953.5653718203912,False,206441.75295326117,1789.0757473752171,False,False,1.0426450197854942,27.778514494913928,False,False
COSMOS 1426817,149.53735835662,1.97582477413,2025052300135,-1,g,20250523,g_6,0.1158004773801421,149.53732714437427,1.9758169219491613,745297377962755433,0,2353.2920365773643,2282.001260719609,0.011308753,0.009386408,149.53732714437427,1.9758169219491613,5.216671e-07,6.2849915e-07,90967.4993670714,394.4327490721725,89483.13410218197,283.7303888128587,False,91011.70900930998,335.89677900892497,False,92046.11217041912,433.1096808091364,False,92942.15144733748,598.3459063803286,False,93596.8151480987,813.5789703372074,False,0.638964289351937,12.552411997301874,90095.83865230212,264.9560352217115,0.0,0.00685606981418,False,198908.109375,734.10986328125,False,201168.8204345703,946.5708170906064,False,204557.91619873047,1778.0948910703248,False,False,1.3964706314891102,27.433574928518016,False,False
COSMOS 1426817,149.53735835662,1.97582477413,2025052300136,-1,g,20250523,g_6,0.1134252643643811,149.53732783512996,1.9758168850120088,745297378096972878,0,2915.696143017928,1731.8208276115136,0.009740913,0.008824871,149.53732783512996,1.9758168850120088,4.9038215e-07,5.4142333e-07,91480.6134332396,392.626307932886,89640.06428762796,283.0387185100871,False,91273.2015089331,334.7836227044722,False,92059.14613645902,431.6290358370068,False,92692.27876660557,595.4522187204192,False,91455.8219282808,808.6526436695448,False,-0.0202981856263085,12.40578312780439,91632.55438076888,268.0099750956172,0.0,0.0003564736350326,False,199780.453125,732.780517578125,False,201500.74310302731,944.7575294374273,False,200180.17603954676,1769.993699160638,False,False,-0.0444290400139234,27.154005049342675,False,False
COSMOS 1426817,149.53735835662,1.97582477413,2025052300137,-1,g,20250523,g_6,0.1139309393786502,149.5373280119005,1.9758157267126508,745297378231715545,0,2170.087627570665,2829.768204338652,0.010104996,0.0089697465,149.5373280119005,1.9758157267126508,4.989215e-07,5.613883e-07,90803.73394664135,392.57985791902337,89357.01809189061,283.0204411568332,False,90832.231694473,334.6334260954592,False,91662.51338978136,431.09561694923656,False,92213.9644868642,595.3707960018394,False,92135.6834621478,808.7315976877896,False,0.5811935693757817,12.604466384654796,90805.95637659656,268.3212528962135,0.0,0.0020804153322563,False,199809.671875,736.1152954101562,False,201636.09747314453,948.309561072019,False,202676.9609985352,1779.020422095105,False,False,1.2784899613988143,27.72687894478528,False,False
COSMOS 1426817,149.53735835662,1.97582477413,2025052300138,-1,g,20250523,g_6,0.1140879210392748,149.53732763114502,1.975816938791267,745297378367505462,0,257.77727355144106,1772.8678349584486,0.009810273,0.008478796,149.53732763114502,1.975816938791267,4.7271178e-07,5.441476e-07,91383.11578336691,393.1175873003893,90102.42151324368,283.78537991626933,False,91557.95608325744,335.2560629800754,False,92649.72034643553,431.8863039840026,False,93648.16736760431,595.8999537290795,False,94254.47247895642,809.827381845267,False,1.1508895182686332,12.391940532170103,91663.52784622445,269.3869248188924,0.0,0.0018004210537104,False,201370.234375,737.3536376953125,False,203771.43286132807,949.8797262089004,False,207300.8837890625,1781.1136973960304,False,False,2.5312370649989298,27.254518078745814,False,False
COSMOS 1426817,149.53735835662,1.97582477413,2025052300139,-1,g,20250523,g_6,0.11615899542671,149.53732735279343,1.9758157727331789,745297378500150185,0,1651.6462370448387,1542.3378397407462,0.0101475,0.008166091,149.53732735279343,1.9758157727331789,4.5790352e-07,5.6072685e-07,90974.89576130288,394.1869416969152,88970.30177822917,283.8330986668124,False,91008.99452499051,336.2387809655879,False,92010.89689792262,433.6796810896882,False,93017.03591172506,598.8834009854561,False,94483.78654234527,814.496894720968,False,1.2183214413648418,13.43045657320107,90704.79353817763,269.89277720055605,0.0,0.0008103094759781,False,199404.4375,736.7129516601562,False,201599.64666748047,950.2099579742356,False,207017.8492431641,1784.5960828930306,False,False,2.6693922175223683,29.42668087176756,False,False
COSMOS 1426817,149.53735835662,1.97582477413,2025052300140,-1,g,20250523,g_6,0.1174021899475925,149.5373264753791,1.975817822946636,745297378635415733,0,3843.9256464204714,293.38896206108086,0.010250093,0.008386674,149.5373264753791,1.975817822946636,4.7255668e-07,5.645808e-07,91536.1946495555,392.8345185413697,89999.41082093008,282.90770523725126,False,91463.32713497842,334.6102816126755,False,92460.6833592466,431.5398255026146,False,93061.93533051768,595.7087777316812,False,93587.28275777333,809.3748464358866,False,0.3839717701916434,11.99412565376812,91762.3986822271,268.6138809617771,0.0,3.962570611537597e-05,False,199373.84375,729.39111328125,False,201547.90356445312,940.6803408177904,False,204003.6905939281,1764.2937254004237,False,False,0.8369904103928342,26.145068290411213,False,False
COSMOS 1426817,149.53735835662,1.97582477413,2025052300141,-1,g,20250523,g_6,0.114808692965379,149.53732807714587,1.9758147094113996,745297378769633944,0,2786.119398322764,1077.660148122126,0.010204348,0.00912787,149.53732807714587,1.9758147094113996,5.1258445e-07,5.6261126e-07,91208.86819009902,392.4424303893857,89353.67560825653,282.18985209733154,False,91217.4342357655,334.00124496303727,False,92506.44991879366,430.8671368498317,False,93243.62583847524,593.9285518736477,False,94028.52709889482,807.2113967616252,False,0.6087524723327071,12.147757336080502,91919.2583291293,272.70696380561566,0.0,0.0009057618755086,False,199145.671875,729.190673828125,False,201959.84765625,940.668044170594,False,205282.84270885587,1762.3018812145174,False,False,1.3290268589985292,26.52095311314596,False,False
COSMOS 1426817,149.53735835662,1.97582477413,2025052300142,-1,g,20250523,g_6,0.1129978700279213,149.53732809743715,1.9758163660704304,745297378903328664,0,1229.00180275019,3252.32875473029,0.010120222,0.009081761,149.53732809743715,1.9758163660704304,5.1160185e-07,5.5633967e-07,90901.42486293752,395.0614178628768,89065.56573467706,284.07261334771914,False,91140.7698241322,336.69574265376707,False,92494.57938856032,434.2144926497834,False,94060.08003293912,600.0180956267576,False,94068.67883758896,814.6599865724426,False,1.1820588219579211,12.463954743933854,90990.71656145934,271.14080563611094,0.0,0.0010407565215015,False,199883.34375,738.416748046875,False,202852.42095947263,952.2878165614056,False,206304.62200927731,1786.6533544718209,False,False,2.592405904602912,27.33504396960359,False,False
COSMOS 1426817,149.53735835662,1.97582477413,2025052300143,-1,g,20250523,g_6,0.1133156416468155,149.53732934670543,1.975812518538376,745297379038593201,0,3242.6389646789207,288.5788425854331,0.013436801,0.007700257,149.53732934670543,1.975812518538376,4.8850393e-07,7.088776e-07,91933.21525967334,393.7374960391896,89674.01094363602,283.37525134012185,False,91635.29378367044,335.59588800131144,False,92392.5043125462,433.4480284668225,False,92473.26011699144,597.7867989061469,False,92911.93725750867,812.226447382517,False,0.1597924510230293,12.572842450916587,91925.785949636,270.4481546325183,0.0,6.426270160753145e-05,False,200751.8125,735.2132568359375,False,202410.68627929688,949.5847478231418,False,203548.64416503903,1779.400979031215,False,False,0.350068438067332,27.544200559416247,False,False
COSMOS 1426817,149.53735835662,1.97582477413,2025052300144,-1,g,20250523,g_6,0.1158624326927434,149.53732708583445,1.975817085774427,745297379172811260,0,3357.4722042436265,867.8110807874135,0.010544744,0.008743207,149.53732708583445,1.975817085774427,5.062635e-07,5.688392e-07,90963.86441045988,394.5004320263085,89053.55068181745,283.3504094274367,False,90844.16936678624,335.6937429692099,False,92000.85336634844,433.73106165061967,False,92457.2239660743,598.1720325953586,False,93321.30672521872,814.3204869708493,False,0.6593876864106153,12.509847562068671,92135.33235039534,273.30298499935816,0.0,0.0005520710386166,False,198743.328125,734.4102783203125,False,201273.85076904297,948.8903394074064,False,204162.65802001956,1781.520650901876,False,False,1.44256812776586,27.368280828058836,False,False
COSMOS 1426817,149.53735835662,1.97582477413,2025052300145,-1,g,20250523,g_6,0.1167927906747959,149.5373266846556,1.975817661386428,745297379307554616,0,778.4358735023985,2873.300961135663,0.010566233,0.007750097,149.5373266846556,1.975817661386428,4.7210366e-07,5.548228e-07,90505.27322197786,394.7678881463653,88892.98520783131,283.8610938826248,False,90685.8749686557,336.344635721037,False,92088.01565105196,434.7992033115914,False,92933.04341494886,600.6603979392405,False,94251.91804207496,816.8611273912558,False,1.3180687540888991,12.577113546463496,91371.0352926512,270.7071135556077,0.0,0.0023279768595306,False,199011.90625,738.1148071289062,False,202088.9310913086,954.1752595641724,False,206837.65673270824,1792.6175400507109,False,False,2.8925273689034654,27.60071888670119,False,False
COSMOS 1426817,149.53735835662,1.97582477413,2025052300146,-1,g,20250523,g_6,0.1186874312124978,149.5373268827368,1.975814899443164,745297379441772223,0,1951.5334334696847,2845.4130302232925,0.010695923,0.008305089,149.5373268827368,1.975814899443164,5.0234894e-07,5.607652e-07,91283.49389419836,396.1731226726319,89474.76393726809,285.1414882430255,False,91313.9311099058,337.7918137293382,False,92547.81128145532,436.0323909781089,False,92980.66217903682,603.0146319185519,False,92471.8441894642,818.0222173878985,False,0.2428716671995199,12.569506983003231,91520.05324870883,270.96772637859004,0.0,8.168833957977739e-05,False,199428.515625,737.7332153320312,False,202123.294921875,952.2894419310647,False,201957.38371634483,1786.5505797312285,False,False,0.5304287690634198,27.451650468769227,False,False
COSMOS 1426817,149.53735835662,1.97582477413,2025052300147,-1,g,20250523,g_6,0.117627045364509,149.5373269530734,1.975815686141113,745297379574416321,0,1407.2459530724248,1613.4851652211871,0.011090509,0.008623302,149.5373269530734,1.975815686141113,5.271907e-07,5.759373e-07,90181.8350515426,397.1933372334004,88714.2718572883,284.8571368799368,False,90388.99177933794,337.7523293165008,False,91376.93910706756,436.8238798591534,False,92476.88833306044,603.7400057018226,False,92993.35886420746,821.0500205410765,False,0.7803440160228997,12.941679924830227,91235.81275877656,272.1736167846012,0.0,0.0003777762823389,False,197456.234375,737.8255004882812,False,199614.42150878903,954.2489268232172,False,203145.51696777344,1793.5972301288216,False,False,1.7046742959264705,28.27131196110601,False,False
COSMOS 1426817,149.53735835662,1.97582477413,2025052300148,-1,g,20250523,g_6,0.1142881893072803,149.53732731803163,1.9758180209516945,745297379708634316,0,870.3290582520208,2099.464107628553,0.010750184,0.008742398,149.53732731803163,1.9758180209516945,5.3007807e-07,5.587562e-07,91083.77428349732,397.5354193886035,88932.85725760838,285.1499379895296,False,90735.01781848284,338.3093200915551,False,91847.29869221392,437.826518134558,False,91638.55493992644,605.1442242724969,False,91930.72842900464,823.0172108216648,False,0.3511010430731233,12.74974973977605,90687.2821696926,270.49217713963884,0.0,0.0007790129437342,False,197975.0625,738.1583251953125,False,200401.9521484375,955.2952583890929,False,200583.98779192567,1795.744219469413,False,False,0.7660686316860751,27.81872492317242,False,False
COSMOS 1426817,149.53735835662,1.97582477413,2025052300149,-1,g,20250523,g_6,0.113654127837249,149.53732841689853,1.9758147053243813,745297379842851857,0,278.86882420410655,1852.6199542581755,0.011850245,0.009367726,149.53732841689853,1.9758147053243813,5.829285e-07,6.0434604e-07,92064.964631446,401.559135681745,88754.31865081617,286.67768677399323,False,91379.84990194353,340.81178477895537,False,91890.58180183911,440.1270649351519,False,92927.64018964076,608.6849269469982,False,93068.16961411136,827.6077294659264,False,0.6858910235761985,12.67798893420854,89733.47973650786,272.2651431866109,0.0,0.0036217080809551,False,198570.109375,740.59033203125,False,199679.93927001956,956.4042785893442,False,202238.8594360352,1798.4069522546806,False,False,1.4904539208261465,27.549505192033443,False,False
COSMOS 1426817,149.53735835662,1.97582477413,2025052300150,-1,g,20250523,g_6,0.1109451915242659,149.53732858871723,1.97581673167104,745297379977070335,0,1444.8945097797566,3080.942668525942,0.011667385,0.00930524,149.53732858871723,1.97581673167104,5.8331267e-07,5.8980186e-07,90420.8834059482,400.8540749836003,88165.68682119879,286.9222691764168,False,90426.069520887,341.0375810788202,False,91628.06151649384,439.7396227083962,False,92290.11264021856,609.4095209852687,False,92489.37542674717,829.2140297018543,False,1.0054611746461253,12.869110843434177,91082.82801623564,276.5076655270188,0.0,4.6481275134846456e-05,False,196282.109375,740.2685546875,False,198891.1968383789,954.5147895766244,False,200760.79608154297,1799.922077069035,False,False,2.1824905284490006,27.93415920335324,False,False
COSMOS 1426817,149.53735835662,1.97582477413,2025052300151,-1,g,20250523,g_6,0.1121876891760156,149.5373278426962,1.9758183588957896,745297380116530200,0,1885.120307431862,1763.6351696745803,0.012184503,0.009379419,149.5373278426962,1.9758183588957896,6.0893325e-07,5.9974445e-07,91165.35508801414,399.3927071884648,88445.20891531195,285.05388992338374,False,91080.74128253094,338.80852412087245,False,92685.90725180236,438.134447823474,False,93184.3133368326,605.1811332018066,False,93301.88286164663,822.3835333885903,False,0.3153565059801799,12.728101343435776,90571.73424830368,274.4080158048987,0.0,0.0024588692203454,False,198196.671875,737.265869140625,False,201689.60076904297,953.4045086769452,False,203029.99736779928,1789.551523486374,False,False,0.6862329956836664,27.69704429316637,False,False
COSMOS 1426817,149.53735835662,1.97582477413,2025052300152,-1,g,20250523,g_6,0.1159630559485845,149.537327732385,1.9758147301554527,745297380246553394,0,4056.2181234385935,1347.173187811159,0.010353919,0.008939474,149.537327732385,1.9758147301554527,5.439823e-07,5.31398e-07,91238.50047824836,401.137643423448,89684.45698859855,287.7355420698921,False,91510.72674037308,340.9587627504164,False,93072.83847085333,440.4719922900866,False,93787.4893296613,608.8796581117489,False,93306.42790462475,827.769466231676,False,0.7317862269342135,12.428166138372871,90115.59669796618,269.6095359870539,0.0,0.0006640993028496,False,198349.390625,739.0277099609375,False,201735.26593017575,954.7225158203588,False,202241.57074815035,1794.1893267972214,False,False,1.586145770560596,26.938035222104155,False,False
COSMOS 1426817,149.53735835662,1.97582477413,2025052300153,-1,g,20250523,g_6,0.100135198752457,149.53733152753244,1.975817374910598,745297380381296581,0,806.6824200911497,3369.128200775337,0.010917887,0.009474992,149.53733152753244,1.975817374910598,5.7905015e-07,5.573705e-07,90802.14311177636,399.7488305739801,89031.05636547209,286.2515586846051,False,91049.63234311422,339.6450173650368,False,92314.93831469808,438.9543813198193,False,93611.8391931181,606.1816040260421,False,94623.583057311,824.523906954958,False,0.9528333009488452,12.491856285993586,91378.82462928418,273.94758088434435,0.0,0.0008033936977437,False,198366.46875,739.9720458984375,False,201123.1441040039,956.3336866273312,False,206152.90307617188,1796.359761303066,False,False,2.0759026956238187,27.21554558558784,False,False
COSMOS 1426817,149.53735835662,1.97582477413,2025052300154,-1,g,20250523,g_6,0.1160297913302856,149.53732713258472,1.9758167104135744,745297380517611162,0,1114.0129545152372,2956.5739234872776,0.011882776,0.009549768,149.53732713258472,1.9758167104135744,6.2170625e-07,5.756735e-07,91423.3799512855,400.9279475788041,88914.48801857572,286.44081263741856,False,91646.76274948416,340.5231944174775,False,93288.58926348476,440.3094928025109,False,94127.70281805196,607.4202213304558,False,93552.37854308065,825.9817041631445,False,0.569386846927388,12.807908270112137,91870.1875502797,276.7694072054635,0.0,0.0001469504663943,False,198261.6875,736.6621704101562,False,201813.49102783203,952.5323147956613,False,202384.15284007788,1786.8664598568434,False,False,1.2317685177893911,27.707661796182,False,False
COSMOS 1426817,149.53735835662,1.97582477413,2025052300155,-1,g,20250523,g_6,0.1140684179042339,149.53732786245902,1.975816102722247,745297380653401727,0,3628.4907343287136,3052.847226556744,0.012479568,0.010076407,149.53732786245902,1.975816102722247,6.601693e-07,5.992597e-07,91444.82885037916,401.8072675263978,88641.46522614679,286.8215007825431,False,91476.89882983216,341.1130798784532,False,93155.0797553206,440.96178141272713,False,94105.98113781885,608.6265536762171,False,94238.33425761938,828.389711898724,False,0.693008578256098,12.921747129310258,91383.81229484368,278.6964066577268,0.0,0.0018163899007631,False,198071.84375,738.6006469726562,False,201705.5523071289,954.799672758688,False,204051.08674550056,1793.684303668175,False,False,1.5005481010576946,27.979023240992056,False,False
COSMOS 1426817,149.53735835662,1.97582477413,2025052300156,-1,g,20250523,g_6,0.1075859503689731,149.53733205743026,1.975810551359891,745297380787618816,0,1475.565203456989,2009.4378488834584,0.013853969,0.010204726,149.53733205743026,1.975810551359891,7.2929595e-07,6.1882673e-07,91388.10255972146,402.2146459671659,88156.25294866966,286.5586794548521,False,91175.27993245811,341.4059241993805,False,92576.3416812888,441.9710946621983,False,93614.23198548977,611.7159572454486,False,93660.18752620666,830.2762291249215,False,0.1919923980465929,12.770469909017088,91542.9315435706,278.5303888425935,0.0,0.0016188718032601,False,197511.328125,739.5813598632812,False,200546.42236328125,957.4338347439982,False,202894.3376367092,1798.612089225958,False,False,0.4159095925581751,27.664433543596694,False,False
COSMOS 1426817,149.53735835662,1.97582477413,2025052300157,-1,g,20250523,g_6,0.1089471411551934,149.53732967083633,1.975815080890995,745297380921835528,0,3028.4568148997832,29.65169407085372,0.011488156,0.010482528,149.53732967083633,1.975815080890995,6.2842446e-07,5.9351504e-07,90429.00547379386,400.7646649705722,88603.80520268745,286.2604020463293,False,90571.04241255108,340.06006187217184,False,92196.36349720888,440.7130605569741,False,93729.00235563148,610.9140069114575,False,,,True,0.7216933323569528,12.832687232113717,91033.94099787544,274.35348552107496,0.0,8.032999892892967e-05,False,195129.984375,732.639404296875,False,198631.64306640625,949.4903705383836,True,,,False,False,1.5548458416201123,27.647269948442244,False,False
COSMOS 1426817,149.53735835662,1.97582477413,2025052300158,-1,g,20250523,g_6,0.1099351271917847,149.5373290358736,1.975816180129754,745297381076500666,0,2758.2897702225864,321.0754126940127,0.0108449375,0.009248385,149.5373290358736,1.975816180129754,5.907609e-07,5.2793683e-07,91040.96172753112,399.3553176402037,89110.02803422348,285.94431027288414,False,91133.60815476936,339.22745239156666,False,92887.18627666788,438.4792664091458,False,94120.71257130853,605.6912891514754,False,94938.77296165764,823.6310932395814,False,1.001548492814889,12.826204788022688,91932.2071293086,275.0463725147648,0.0,0.0010414213413133,False,197933.171875,736.7684326171875,False,201741.7698974609,952.3335436735186,False,206197.6130069196,1788.8451696428592,False,False,2.175264142212085,27.85724660983679,False,False
COSMOS 1426817,149.53735835662,1.97582477413,2025052300159,-1,g,20250523,g_6,0.1128826554316541,149.53732770433723,1.975818082974956,745297381190271988,0,2706.7141150227785,1713.373361344281,0.010432689,0.009221893,149.53732770433723,1.975818082974956,5.727686e-07,5.2052604e-07,91212.01832780844,398.0414017140241,89246.7760785622,285.690453548083,False,91052.54378750104,338.8312400319595,False,92169.54320949945,437.68487936322856,False,92961.4874950872,605.5767374439123,False,94265.88973122484,823.9650144879633,False,0.9492490377101892,12.621043089827143,91399.11216551372,272.7238383747448,0.0,0.0010483189029705,False,197628.125,735.4279174804688,False,200052.5548095703,949.9881985864948,False,204602.6422119141,1788.4032022091312,False,False,2.060330218983634,27.39377701745372,False,False
COSMOS 1426817,149.53735835662,1.97582477413,2025052300160,-1,g,20250523,g_6,0.1143195065303231,149.53732755793953,1.975816965452073,745297381344936975,0,3375.2156014583807,1764.4021117695618,0.012025209,0.009701762,149.53732755793953,1.975816965452073,6.5910547e-07,5.5079624e-07,90206.0234033295,397.5101548830827,88048.76423147996,284.1512523280566,False,90437.30374810065,337.7671384919772,False,91912.3956843804,436.5739441513641,False,92203.08687598744,603.575874697454,False,91322.13489891063,821.1276904970296,False,-0.0392217437411452,12.735440200317209,91068.79701882384,274.3677305922215,0.0,0.0011481062303039,False,196541.578125,734.047607421875,False,199747.30059814453,948.778085984975,False,198464.52478027344,1784.5040203978017,False,False,-0.0852380941516175,27.677113440475377,False,False
COSMOS 1426817,149.53735835662,1.97582477413,2025052300161,-1,g,20250523,g_6,0.1106153166360043,149.5373286161389,1.9758169849338143,745297381458708584,0,1213.3536715877735,3475.8124603647207,0.00935305,0.008820885,149.5373286161389,1.9758169849338143,5.18367e-07,4.919956e-07,91181.44915086708,398.8596248929455,89596.24293578765,286.94102796048134,False,91198.57128272562,339.89960055456083,False,92340.90073325657,438.8212929369909,False,92947.48304711994,606.2565261561101,False,92579.79864414818,824.5558041458837,False,0.7909381402103263,12.739884554102323,92193.49715499174,272.2673186256607,0.0,0.0001635952934199,False,199154.515625,742.25439453125,False,201649.07299804688,958.274244997479,False,202170.76535636187,1800.6204425217836,False,False,1.7272080032328567,27.82067198865485,False,False
COSMOS 1426817,149.53735835662,1.97582477413,2025052300162,-1,g,20250523,g_6,0.1164821420720902,149.53732708833175,1.975816385039237,745297381613373283,0,3640.4590713649927,3074.9735142452155,0.009452973,0.00873809,149.53732708833175,1.975816385039237,5.241836e-07,4.871565e-07,90673.64604413358,395.6711119691161,89145.82705104143,284.467836153777,False,90834.77665815396,337.0200898200108,False,91821.3314240794,435.0632827259849,False,92340.36326425476,600.2701654973597,False,93142.59586575882,817.0447398994834,False,0.488273950765126,12.58202663455245,90209.59083903408,266.6972541079467,0.0,0.0028414156172943,False,198511.203125,736.5269775390625,False,200667.2294921875,950.7915235424822,False,203554.73363557455,1785.577509974971,False,False,1.06707863427417,27.4968832077994,False,False
COSMOS 1426817,149.53735835662,1.97582477413,2025052300163,-1,g,20250523,g_6,0.1111456120580935,149.53732839268088,1.975817262806076,745297381748113506,0,1177.3968659239952,181.79856431193943,0.00955788,0.009568558,149.53732839268088,1.975817262806076,5.3117225e-07,5.319285e-07,90614.98373764704,396.3873348099208,88891.37255824296,284.26143164748805,False,90917.77120149032,337.3014925483817,False,92259.09933832804,435.9521865046046,False,93752.59665990616,602.3888858468198,False,94434.26205918334,819.57986292873,False,1.3077883646865751,12.643772691735968,91455.49769178958,270.91086637137846,0.0,0.0002329986597018,False,197081.78125,731.1659545898438,False,199989.368347168,945.0103353914084,False,204704.45251464844,1776.597216672391,False,False,2.834883180750805,27.40781269577125,False,False
COSMOS 1426817,149.53735835662,1.97582477413,2025052300164,-1,g,20250523,g_6,0.1179585996244644,149.53732675664065,1.975816041589732,745297381855069743,0,1569.3964781689726,2908.791419082192,0.011115983,0.010054148,149.53732675664065,1.975816041589732,5.587641e-07,6.1791445e-07,90876.1978606007,403.6958081248336,88508.79167644192,288.33477663245105,False,90818.73809219988,343.0067100060829,False,92003.68064617574,443.6484269888248,False,93126.1022509703,614.4117459559415,False,94251.60354541685,836.9809449198584,False,0.888411965432567,13.233349927377107,90857.94108380306,275.70484503608924,0.0,0.0009239721407731,False,195334.234375,737.7437133789062,False,197882.82568359372,954.205350547346,False,202717.69024658203,1800.1905278226532,False,False,1.9108090986816295,28.462477354138443,False,False
COSMOS 1426817,149.53735835662,1.97582477413,2025052300165,-1,r,20250523,r_57,0.1283393832278084,149.53732281051066,1.975821793128204,745297381989287524,0,1726.339140260298,2848.5878076236622,0.007923398,0.008919215,149.53732281051066,1.975821793128204,4.9550044e-07,4.4035107e-07,126899.35170745428,618.5077747978778,124262.34851429117,416.3966191272784,False,126775.83064394529,512.9270562027453,False,128783.35162842502,688.9476347304933,False,128945.55057217984,976.18492155785,False,128628.97369933566,1343.6751730454491,False,1.112464168053677,21.09567326853565,129114.69193212524,355.4365019116317,0.0,0.0004474579451734,False,260941.890625,1055.7545166015625,False,265073.95837402344,1418.056560426747,False,264756.2032586932,2765.6781127712447,False,False,2.2897779631180684,43.42109090303853,False,False
COSMOS 1426817,149.53735835662,1.97582477413,2025052300166,-1,r,20250523,r_57,0.1383988397220068,149.53731988964995,1.97582473288551,745297382123504768,0,3660.02137629231,1946.9707457014877,0.008157145,0.008409743,149.53731988964995,1.97582473288551,4.6712216e-07,4.5338618e-07,127227.92427697028,613.8970544997021,124939.81119685288,416.4564983433447,False,127904.31226095388,513.0928161421393,False,129827.23160487675,683.8273462580322,False,131838.84763989077,972.2687022810826,False,133482.81210065837,1341.60249153894,False,1.96128209795854,21.593324250666605,126966.87120358807,348.03881448596496,0.0,0.0006401545394469,False,264112.65625,1059.49755859375,False,268083.3381347656,1412.0513502947194,False,275631.8332387209,2770.306891209776,False,False,4.049898047929503,44.58856878472977,False,False
COSMOS 1426817,149.53735835662,1.97582477413,2025052300167,-1,r,20250523,r_57,0.1298539375313262,149.53732238496866,1.9758218309718436,745297382258246466,0,44.73678322922772,1456.0092812723285,0.008550705,0.008228893,149.53732238496866,1.9758218309718436,4.574388e-07,4.7489863e-07,126133.48685117846,611.7209827050838,123309.24892674816,411.97363247194215,False,126333.09843760266,507.3725397979951,False,128422.1340937357,678.3169272434891,False,129665.21403273396,962.193078414148,False,129796.20664672468,1324.957926811536,False,1.1779396406469402,21.0967626915284,126147.6739587743,348.85857857942545,0.0,3.82969422899615e-05,False,260819.78125,1047.4910888671875,False,265132.6796875,1400.4126770404591,False,267969.5079385638,2735.4291227735685,False,False,2.4319039364888444,43.55511816252431,False,False
COSMOS 1426817,149.53735835662,1.97582477413,2025052300168,-1,r,20250523,r_57,0.1348895049232455,149.53732091950852,1.975822754803616,745297382392465138,0,3386.354897251503,2887.737164212798,0.008226706,0.00816691,149.53732091950852,1.975822754803616,4.5385394e-07,4.5715646e-07,126950.39209128729,613.3843023498202,124290.9409755564,413.4335427445049,False,127308.6947591713,509.167057398312,False,129520.45287124238,682.2309642684957,False,130403.35404480608,965.8552529262714,False,130711.90646682867,1330.2568817390595,False,1.5298589188877894,20.41785210346372,127336.01539888444,347.9747565567093,0.0,0.0001026459909757,False,262182.96875,1048.5924072265625,False,266737.92321777344,1405.004897139625,False,269191.6349725723,2739.566995908887,False,False,3.1506328289786403,42.049076774458925,False,False
COSMOS 1426817,149.53735835662,1.97582477413,2025052300169,-1,r,20250523,r_57,0.1297547012267895,149.53732240885364,1.975821877567086,745297382528254915,0,1156.3233439857186,1628.9654693046289,0.008287468,0.007989432,149.53732240885364,1.975821877567086,4.4491122e-07,4.5977646e-07,127002.45011150636,614.8072866769136,124150.96601452764,414.5131904572015,False,126683.58701179428,510.3434713785062,False,128615.88172754792,683.799892911276,False,128297.15727596276,968.0145407681484,False,126687.2206986407,1332.2414241607285,False,0.3967432717805144,20.89571743961592,127034.94179769554,346.2691987533502,0.0,9.5780992873995e-05,False,261175.5,1052.1427001953125,False,265159.1892089844,1409.7467804919513,False,261182.99134123325,2746.5974739371422,False,False,0.8179403885150862,43.0793726234032,False,False
COSMOS 1426817,149.53735835662,1.97582477413,2025052300170,-1,r,20250523,r_57,0.1317547268580422,149.5373218800867,1.9758215342331449,745297382660899756,0,2987.1464861509016,1561.2246549758877,0.008055142,0.007700964,149.5373218800867,1.9758215342331449,4.2939084e-07,4.461254e-07,125993.31320857308,612.878997676156,124146.08569260997,413.4379488273959,False,126365.3047281769,508.8018850099239,False,128517.63206087952,682.1206204528319,False,129658.01661919142,966.163238609397,False,129828.33542355156,1330.1373259509808,False,2.0562543438782286,20.88354525518506,127051.35848770964,345.46214204210315,0.0,0.0004228689951596,False,260525.3125,1048.9886474609375,False,264962.7310791016,1406.3170914551065,False,267664.9870811701,2742.322691000669,False,False,4.239346446168197,43.05526873391708,False,False
COSMOS 1426817,149.53735835662,1.97582477413,2025052300171,-1,r,20250523,r_57,0.1309149157947304,149.53732231222162,1.975819796434572,745297382796691811,745297382796689473,653.9324201463601,108.2738010716567,0.009401823,0.009174695,149.53732231222162,1.975819796434572,5.112798e-07,5.212222e-07,125426.11996283432,616.6776492225935,123613.32641452552,414.8342578709716,False,126486.22811777082,511.1516867949945,False,128847.18418568643,684.8759116587302,False,132124.10466950937,971.3437088697174,False,133497.56036627066,1337.0524718874265,False,1.9735164359730395,20.808838833095805,126085.17099163242,349.3614259769275,0.0,2.6598619647155708e-05,False,260072.265625,1050.994873046875,False,264926.70078969,1408.1946522369935,False,274488.4838176966,2749.155151496014,False,False,4.057808493378364,42.78570039506435,False,False
COSMOS 1426817,149.53735835662,1.97582477413,2025052300172,-1,r,20250523,r_57,0.1312617934077934,149.5373219476106,1.9758224484537807,745297382930385356,745297382930383311,3751.02261487928,783.7164517757951,0.009376032,0.00768351,149.5373219476106,1.9758224484537807,4.4186194e-07,5.0863196e-07,127287.300960875,619.2700786273754,124328.27068352768,416.9841931453434,False,127066.4792896761,513.8766668319348,False,128312.75705014337,688.3312346177263,False,129116.48560886904,975.695861851866,False,128473.17244708772,1343.3833291002045,False,0.285005643618631,20.83680406705173,126897.51178105554,348.64382956052714,0.0,0.0010792450192201,False,261695.734375,1058.33837890625,False,264262.46618014574,1417.6307468619048,False,264592.84461939335,2766.7224969266435,False,False,0.5869743273343141,42.91377846335061,False,False
COSMOS 1426817,149.53735835662,1.97582477413,2025052300173,-1,r,20250523,r_57,0.1289559708300973,149.53732259725382,1.975822337081769,745297383064078486,0,2367.897336771732,3645.30701597338,0.008836391,0.007848172,149.53732259725382,1.975822337081769,4.4671225e-07,4.8152083e-07,126527.8164930069,619.692889462276,124025.64827833092,417.197468804364,False,126459.82524707522,514.0555620689939,False,128062.44906649474,689.621814476693,False,128539.28515384356,976.6429111216244,False,128843.48516386175,1345.7694138614838,False,0.8784233303170721,20.65614555646919,126791.22515987624,349.3160399151085,0.0,2.1570318506247688e-05,False,260692.40625,1059.7071533203125,False,263996.1579275131,1421.630702613818,False,265606.2359043956,2774.255508196002,False,False,1.810838274045396,42.58190518961469,False,False
COSMOS 1426817,149.53735835662,1.97582477413,2025052300174,-1,r,20250523,r_57,0.126462791443922,149.5373232479472,1.9758230825093697,745297383199867111,0,49.30712856197976,448.7144434560492,0.00976117,0.007581083,149.5373232479472,1.9758230825093697,4.516621e-07,5.1758775e-07,125731.94885676328,618.7522278241113,123545.02893590213,416.74374530087687,False,126434.2565317487,513.7818961156611,False,128948.74188818382,689.5779611498903,False,130571.18306768812,977.8513948066326,False,131983.87680242903,1346.296689201367,False,1.7146039336745529,21.396411197167943,126418.45273382773,350.32921054892023,0.0,0.0011050386736793,False,259154.21875,1053.1065673828125,False,264308.19763183594,1413.4384358414986,False,270529.3598316908,2759.5248017935746,False,False,3.514449762952703,43.85654948240568,False,False
COSMOS 1426817,149.53735835662,1.97582477413,2025052300175,-1,r,20250523,r_57,0.1285062141974647,149.53732272171425,1.9758223493457705,745297383334085141,0,105.49865656053215,1033.7385048254955,0.008874821,0.008784787,149.53732272171425,1.9758223493457705,4.89577e-07,4.9188867e-07,126292.81541087203,621.1451402202639,123664.93672568609,417.21505440618944,False,126469.67295798108,514.567611334543,False,128549.41476670111,690.42547118993,False,128348.80908818085,979.6991663397216,False,127683.80566628938,1348.524440296867,False,0.5489575539486169,20.830001747334045,126089.26943297723,349.5746477394561,0.0,7.329958625623689e-07,False,259406.28125,1055.447265625,False,263672.11096191406,1416.1553499166878,False,261896.6304652691,2766.004703343958,False,False,1.1259856557170007,42.725130581322766,False,False
COSMOS 1426817,149.53735835662,1.97582477413,2025052300176,-1,r,20250523,r_57,0.130933397423816,149.5373221050853,1.9758215813959408,745297383468304406,0,1533.3229663544855,3202.476323212979,0.007991677,0.008097793,149.5373221050853,1.9758215813959408,4.481325e-07,4.4608458e-07,125748.92901663572,620.9491269466446,123133.24364962491,417.3415208634515,False,125637.75847776738,514.8705912117371,False,126980.10062354656,692.0812137327289,False,127655.38783333068,981.628174297482,False,127275.04844340414,1352.0146644421418,False,0.7819301708745203,21.461975320313385,125662.1429731793,343.7472386801314,0.0,8.588727075831137e-05,False,258616.859375,1059.826416015625,False,261379.98022460935,1424.6025406420245,False,261987.11043590307,2783.0310774674103,False,False,1.6095505641953176,44.17802992167677,False,False
COSMOS 1426817,149.53735835662,1.97582477413,2025052300177,-1,r,20250523,r_57,0.1265999998458034,149.5373234236264,1.9758205514522107,745297383602522084,0,2702.8930318622274,3285.354768030388,0.007905138,0.008248998,149.5373234236264,1.9758205514522107,4.5143514e-07,4.466452e-07,126475.3909365242,622.5743112752388,124216.74043744223,418.9272611548198,False,126564.29545472845,516.402294480376,False,128190.9077350969,693.4406649135937,False,129299.19928042949,982.5346533285136,False,129708.73510762122,1353.0314055714532,False,1.3755361689036345,21.34669432711678,127132.934268025,348.024973328773,0.0,3.1884908896495645e-06,False,259959.53125,1060.6759033203125,False,263300.5474853516,1424.3077761619331,False,266418.1225554943,2779.088752441223,False,False,2.8253129083590243,43.845514495826095,False,False
COSMOS 1426817,149.53735835662,1.97582477413,2025052300178,-1,r,20250523,r_57,0.1297369733837403,149.5373224833352,1.975821116520737,745297383735166140,0,2713.1076639268663,2034.402936139775,0.009130743,0.00804723,149.5373224833352,1.975821116520737,4.731493e-07,4.832173e-07,127321.0341883587,620.8456728762062,124300.18674322216,417.5741868255883,False,127254.52796665128,515.0378654307609,False,128811.49370645056,691.0669429333518,False,129779.60431734998,978.6775724861236,False,128325.98563991436,1348.7380296803333,False,0.9498801448730222,21.58908167715202,126192.6856388962,348.0101171796634,0.0,0.0015220800437407,False,261596.25,1058.759765625,False,264796.893666029,1420.621518612719,False,263798.83810305595,2772.5914074289467,False,False,1.952662021687418,44.38052537640714,False,False
COSMOS 1426817,149.53735835662,1.97582477413,2025052300179,-1,r,20250523,r_57,0.1371632135033398,149.53732037492725,1.975821490246454,745297383869384073,0,2134.7035429317925,2466.764677249354,0.009396892,0.007960833,149.53732037492725,1.975821490246454,4.814318e-07,4.863434e-07,126134.75922669531,624.1523965570503,123360.88869062818,419.17088107620697,False,126397.07339789346,517.3549986065509,False,128373.76904468457,694.5754867015629,False,130000.08118718474,985.8322935725762,False,130461.45856855591,1356.8269630064958,False,1.6453905997244973,21.24293275095061,125906.89043140812,351.1472101441283,0.0,0.0003591916065943,False,259256.171875,1061.15966796875,False,263310.6213378906,1424.661006142119,False,267592.73309469223,2783.0214329290707,False,False,3.3749014645365434,43.57190618704075,False,False
COSMOS 1426817,149.53735835662,1.97582477413,2025052300180,-1,r,20250523,r_57,0.1281685255146435,149.53732311438935,1.9758195789202335,745297384003601708,0,1569.7463355050634,2162.375129952562,0.008801147,0.007751561,149.53732311438935,1.9758195789202335,4.620388e-07,4.5955386e-07,126156.14476951164,622.499603355914,123839.80405410274,418.8000997425948,False,126314.00732309643,516.634448596231,False,128081.60939024114,693.5243852803346,False,129871.95255959428,983.7903301152304,False,130100.19925469592,1355.5182497289547,False,1.8398117828657183,21.243860677240686,125354.02273765346,345.4814330712958,0.0,0.0005608439472413,False,259235.296875,1060.293212890625,False,262862.96142578125,1423.3259138737312,False,267005.73033851385,2781.941475335594,False,False,3.775861156121429,43.59895348224494,False,False
COSMOS 1426817,149.53735835662,1.97582477413,2025052300181,-1,r,20250523,r_57,0.1313787645100576,149.5373221655723,1.9758199177460245,745297384137820096,0,2613.207878623068,3498.282352762385,0.009401883,0.008466479,149.5373221655723,1.9758199177460245,5.009726e-07,4.932972e-07,126377.0350658841,625.1712662973455,123825.06509659524,420.023248503312,False,126233.58188513892,518.2043151551459,False,127509.0249807183,695.8534930655098,False,128459.91937810664,986.4414537712544,False,129149.4592142517,1359.1181236001094,False,0.8284555617664827,20.572329605125404,126032.2607525119,352.77646411198185,0.0,0.0001340995902407,False,258472.234375,1061.0601806640625,False,261083.7947998047,1424.8095036544717,False,264442.7005311847,2782.8909941423003,False,False,1.6963216675972956,42.12330760109504,False,False
COSMOS 1426817,149.53735835662,1.97582477413,2025052300182,-1,r,20250523,r_57,0.1339141487512919,149.5373212745518,1.9758215688410448,745297384277281498,745297384277280155,2738.6105946350026,2639.3128974657207,0.009927379,0.009101445,149.5373212745518,1.9758215688410448,5.3498457e-07,5.2331364e-07,126746.82716670429,626.8122598782984,123678.47412917402,420.16766293982414,False,127008.03534467595,518.8998776983274,False,128552.58312479896,696.5736295967021,False,131007.13153632428,989.2133012055332,False,131118.63703842674,1362.4579125712962,False,1.8010103800189967,21.666864858772914,125828.54322840336,355.9839824839349,0.0,0.0005001960663837,False,259413.171875,1059.8499755859375,False,262567.90171289444,1422.7475781967255,False,267809.0518742204,2782.812344802775,False,False,3.678553203288424,44.2544451801637,False,False
COSMOS 1426817,149.53735835662,1.97582477413,2025052300183,-1,r,20250523,r_57,0.1316301970608333,149.53732268105722,1.975816669247132,745297384407829020,745297384407827316,752.3995693022881,1594.8715483095118,0.0103684105,0.008607775,149.53732268105722,1.975816669247132,5.466932e-07,5.1193655e-07,126146.95906201072,628.1502231291454,123237.16710831918,420.8435936254731,False,126375.07064270304,519.835943318501,False,128139.79646120266,697.8998171253347,False,129467.24320676483,989.7096519242232,False,129397.55055571804,1363.7604034413146,False,0.7698375472131929,21.23678540392766,126819.9781924612,356.3584081041696,0.0,0.0002270129723896,False,257702.140625,1060.0416259765625,False,261300.742934227,1423.146795490076,False,263865.53613978624,2780.959674080569,False,False,1.5698411311771985,43.30573293255692,False,False
COSMOS 1426817,149.53735835662,1.97582477413,2025052300184,-1,r,20250523,r_57,0.128733996667229,149.53732294906874,1.9758196230715952,745297384542046424,0,1511.4143577192146,3713.043736557151,0.008815289,0.007878412,149.53732294906874,1.9758196230715952,4.7633273e-07,4.5268075e-07,125119.724423062,625.2734372379541,123176.28983408352,419.8082486815292,False,125559.37814825974,518.2458880282117,False,127327.65545456704,696.1289106941618,False,128134.91960089323,987.009602001455,False,126910.06777940148,1360.3023698021384,False,0.3706514156890441,21.28791010553168,125752.62914083632,346.2181906642169,0.0,0.0001554120937808,False,257361.171875,1062.25732421875,False,260985.6396484375,1426.8671514187477,False,260129.7031582594,2788.2346755750496,False,False,0.759730448698326,43.63418784266432,False,False
COSMOS 1426817,149.53735835662,1.97582477413,2025052300185,-1,r,20250523,r_57,0.1310970925466387,149.53732193043012,1.9758238659703,745297384678361234,0,2254.179202138165,3780.38856314495,0.008725038,0.007665384,149.53732193043012,1.9758238659703,4.7174296e-07,4.403424e-07,125874.79337996582,627.1356848275453,123641.04044676988,421.1082913050976,False,126223.11037383374,519.8340696258483,False,128072.87960375583,698.335852695147,False,129847.72514307444,990.5173758940316,False,129393.02745410916,1365.2013150178811,False,2.1421643826054018,21.573940087814837,127690.6131419282,352.9579367400213,0.0,9.333185492854668e-05,False,257970.203125,1062.41796875,False,261750.6942138672,1427.233422118098,False,264448.76438581944,2790.14880475238,False,False,4.37807766954231,44.092034257253545,False,False
COSMOS 1426817,149.53735835662,1.97582477413,2025052300186,-1,i,20250523,i_39,0.1266409866653821,149.53732319540828,1.9758231449741923,745297384807859860,0,2399.150060718936,2608.5806295224024,0.0076263635,0.009610646,149.53732319540828,1.9758231449741923,5.332954e-07,4.2448207e-07,140666.92909799903,942.9695475891848,138451.03174004224,606.0229388744018,False,140405.54249723928,769.4891130067919,False,141457.31039238887,1058.585889972765,False,143260.9157671457,1525.712350210904,False,143695.79188420778,2117.211936366568,False,1.8015896431007112,33.25287683875847,141118.58629973547,432.16588935698735,0.0,7.870141948829179e-05,False,237786.109375,1303.180908203125,False,239567.34814453125,1792.785496490247,False,243358.36518973112,3585.639000545973,False,False,3.0511116890676604,56.31595497143496,False,False
COSMOS 1426817,149.53735835662,1.97582477413,2025052300187,-1,i,20250523,i_39,0.1262671347386181,149.53732356353586,1.9758201828228463,745297384942601258,0,156.6643356242496,1819.4650450968584,0.008614191,0.009204148,149.53732356353586,1.9758201828228463,5.107662e-07,4.790949e-07,141004.14375938132,942.8826257746846,137580.53385062353,606.129244964295,False,140285.06598939034,770.0531925154716,False,140601.47452721567,1060.7569270874603,False,140760.6357339676,1528.547533263818,False,140828.3009005916,2119.5029959221183,False,0.2593158030956541,33.40495077183798,138842.2657965054,427.6288199559269,0.0,0.0005413042777265,False,238141.703125,1307.2081298828125,False,238678.82421875,1800.6938902345742,False,239063.87460517883,3597.9742367274253,False,False,0.4402030006607875,56.70676214540127,False,False
COSMOS 1426817,149.53735835662,1.97582477413,2025052300188,-1,i,20250523,i_39,0.1240892311407533,149.53732392163684,1.9758228326468528,745297385076818720,0,786.57776681423,1361.5408951940506,0.007994205,0.008468195,149.53732392163684,1.9758228326468528,4.695161e-07,4.4503346e-07,139979.73255827712,939.3509029189312,138395.75767356882,605.521179518346,False,140239.58750705977,768.5001925634302,False,142079.1626607365,1057.4134849704312,False,142013.17006886227,1526.1130467934263,False,141802.21547596072,2113.467160584493,False,1.3447576558174026,33.02026907861229,140853.89868098198,428.49995075131096,0.0,0.0003867573849271,False,237963.203125,1304.0167236328125,False,241084.65551757807,1794.254421195198,False,240614.72231000665,3586.2014725825325,False,False,2.2818295810308644,56.0298923982532,False,False
COSMOS 1426817,149.53735835662,1.97582477413,2025052300189,-1,i,20250523,i_39,0.1275661875906193,149.53732290258833,1.9758243884314637,745297385211037515,0,4040.5138805661672,2979.2951865163363,0.0076370835,0.008446482,149.53732290258833,1.9758243884314637,4.668613e-07,4.2697943e-07,139329.8775904582,940.8549017437452,137322.38984308532,605.2641546840221,False,139260.8012950925,768.3299543398764,False,140039.4149890591,1058.5036793146317,False,141830.20628028965,1523.9991835757576,False,138697.04250251007,2113.703986949898,False,1.0266979362059716,33.79980222789211,139808.97057810047,426.9092649181306,0.0,0.0003110692713572,False,236016.890625,1302.15283203125,False,237336.47216796875,1793.934436565426,False,235061.44159662724,3582.2703737319407,False,False,1.7400305919608208,57.28334284579592,False,False
COSMOS 1426817,149.53735835662,1.97582477413,2025052300190,-1,i,20250523,i_39,0.1266974989415675,149.53732325614916,1.9758219419015703,745297385346827219,0,1647.566516942361,1586.256092597196,0.007332778,0.008663989,149.53732325614916,1.9758219419015703,4.7587997e-07,4.1393596e-07,139699.99594555164,940.748185801777,137852.4649099417,605.6620596518793,False,140356.518563336,769.1191446738852,False,143819.42246323553,1059.600460493729,False,144330.70902115694,1524.2918402929504,False,143796.0290703658,2115.767962921884,False,2.869094761089064,33.37213395368771,141378.64973432486,430.6804838659969,0.0,0.0001614365486138,False,237757.390625,1302.8519287109375,False,243623.38818359372,1794.913718085383,False,243583.7608680725,3584.0121654576506,False,False,4.860112596370603,56.53083711132602,False,False
COSMOS 1426817,149.53735835662,1.97582477413,2025052300191,-1,i,20250523,i_39,0.1290912654891709,149.53732259780566,1.9758218292221756,745297385479472095,0,3723.3796859852255,1630.7737419915848,0.0071887476,0.0077494257,149.53732259780566,1.9758218292221756,4.2712145e-07,4.0298502e-07,138766.9783616512,937.7563724645512,137831.59900473533,604.2566463829996,False,139230.55004504643,766.6886566753936,False,141563.96410667524,1055.000148177961,False,142743.5688554226,1519.037377671495,False,142922.3117641514,2109.011530486496,False,2.895717113227232,32.87984389131873,139725.1638102642,422.1447986339441,0.0,0.0001295345410621,False,236320.46875,1301.3251953125,False,240281.04711914065,1790.685517424669,False,242586.6140729189,3579.6927708931075,False,False,4.91499333547022,55.80801137616216,False,False
COSMOS 1426817,149.53735835662,1.97582477413,2025052300192,-1,i,20250523,i_39,0.1269177744538899,149.53732323600067,1.975821469748144,745297385615261718,0,1238.5721166076798,45.8328931544965,0.007872179,0.00805055,149.53732323600067,1.975821469748144,4.4588248e-07,4.3891373e-07,140041.05517185456,938.2262078187252,138836.9502193672,604.4508881674108,False,140451.5900384164,766.5687888891549,False,142682.4959873906,1053.3875717114568,False,143219.68299959,1517.3899624447404,False,142052.36251721325,2107.217846820842,False,1.9752682208630663,34.22071116536256,138798.63998460685,420.9665384506037,0.0,8.249220794898093e-05,False,238402.34375,1301.1728515625,False,242189.08056640625,1788.0186753631142,False,241119.49284493923,3576.788794890181,False,False,3.352817673761076,58.08619001310534,False,False
COSMOS 1426817,149.53735835662,1.97582477413,2025052300193,-1,i,20250523,i_39,0.1282416996580819,149.53732277024852,1.9758227512856177,745297385749479778,0,72.12956556575003,667.3651023633927,0.01084677,0.007905897,149.53732277024852,1.9758227512856177,4.7370085e-07,5.7608145e-07,139521.2323588901,937.8025851179472,137127.3204639809,603.0263652214499,False,138701.16996951125,765.507713672226,False,139894.8952901746,1053.664054969979,False,139804.14631741575,1516.757015040917,False,138141.3197580409,2103.6814723008324,False,0.1039654951457834,33.65055705761123,136510.90025183233,421.5173543645178,0.0,0.0005510511316871,False,235464.5,1299.5556640625,False,237491.0145263672,1788.7410749744586,False,234514.0765093565,3571.2914760810136,False,False,0.176495867606131,57.12649427566917,False,False
COSMOS 1426817,149.53735835662,1.97582477413,2025052300194,-1,i,20250523,i_39,0.1225697160844143,149.5373245358472,1.975820684752692,745297385882651098,0,2992.349369536315,3923.9786311561456,0.0082212025,0.007727464,149.5373245358472,1.975820684752692,4.357681e-07,4.5075853e-07,140220.76767762715,941.849645711092,137881.23458893923,606.150232528673,False,140469.5800841691,769.6276064172266,False,142165.4784011938,1058.918841684246,False,143773.31713528174,1523.6032583226706,False,143531.00661257794,2112.8557034675614,False,2.1153084965912674,32.55233535860405,139362.03725319085,420.6564630157101,0.0,2.693299319012077e-06,False,238412.46875,1306.2530517578125,False,241290.837890625,1797.253576899413,False,243608.48525476456,3586.0514716024954,False,False,3.590214483007565,55.24956102077333,False,False
COSMOS 1426817,149.53735835662,1.97582477413,2025052300195,-1,i,20250523,i_39,0.1286684882732236,149.53732264708444,1.9758228294941635,745297386018439516,0,619.1429587483366,591.9299041323403,0.0075245253,0.0080037,149.53732264708444,1.9758228294941635,4.3756035e-07,4.2567137e-07,139010.42481172044,936.8235790190844,137246.34869254695,603.8092088663893,False,138968.91603116406,766.2315622844703,False,140227.5543514596,1052.8312418711116,False,143103.72735000958,1518.9040957656096,False,140540.6658015247,2106.579154397195,False,2.9398934124722125,31.887013117459396,139331.03990087143,418.0871227506865,0.0,3.322284356732652e-05,False,235760.171875,1299.9085693359375,False,237895.44640398023,1786.1237003765657,False,238426.6386402845,3573.802528599997,False,False,4.987516604527575,54.09618141848893,False,False
COSMOS 1426817,149.53735835662,1.97582477413,2025052300196,-1,i,20250523,i_39,0.1196452704080997,149.53732532800697,1.9758209064129737,745297386152657586,0,641.6454446999282,1177.825309272244,0.008979319,0.007444193,149.53732532800697,1.9758209064129737,4.4300901e-07,4.7309192e-07,138195.69897946832,936.7700756052903,137466.79201150392,602.9100931238464,False,138645.78017117362,764.8631000150792,False,141206.30475267186,1052.5740807787677,False,141599.3048256284,1515.615984791216,False,141302.36601381312,2102.6194236226693,False,2.470032411643054,33.40166735661043,138863.56043856248,421.67721600754857,0.0,0.0001082159265689,False,235334.171875,1298.2611083984375,False,239680.34765625,1786.6151377368951,False,239843.39984083176,3568.938053618528,False,False,4.1925764446690605,56.695225176759145,False,False
COSMOS 1426817,149.53735835662,1.97582477413,2025052300197,-1,i,20250523,i_39,0.123064778281912,149.53732459326048,1.975819298577833,745297386286876914,0,1948.5761929169096,3418.7302875953665,0.008742886,0.007073696,149.53732459326048,1.975819298577833,4.301931e-07,4.5343623e-07,138884.0878149796,940.3722020323976,137824.11243844978,606.3173407835735,False,139807.29532025836,769.8289858004142,False,141718.0143687612,1061.1439651367432,False,141965.49530517764,1527.5678212087842,False,142472.29220724985,2119.330023078136,False,1.2756202017329,32.95540978224707,140061.70079548957,420.9581497736018,0.0,1.6176679951684925e-05,False,236365.6875,1301.5140380859375,False,239596.05126953125,1794.0267157122976,False,240871.27370661497,3583.052635391822,False,False,2.156631707099449,55.716177558413406,False,False
COSMOS 1426817,149.53735835662,1.97582477413,2025052300198,-1,i,20250523,i_39,0.1255829003455025,149.5373235925812,1.975821643415875,745297386421094590,0,3117.2467825585686,3567.245368898806,0.00952795,0.006878984,149.5373235925812,1.975821643415875,4.5087245e-07,4.724296e-07,140337.94670392538,944.337379309619,138083.15352665,608.2197762874761,False,139960.4125412605,772.4283704045223,False,141073.74448881135,1064.0568590086664,False,140689.10590229166,1532.2063979380348,False,139921.9589232479,2124.378975666384,False,0.608919230267873,33.73247059346162,140266.35763706153,427.6197345174709,0.0,3.6468587215177095e-05,False,237144.296875,1308.777099609375,False,239030.6897277832,1802.9027714550532,False,237079.1423356533,3599.4775189157226,False,False,1.0317326170567778,57.15518320857206,False,False
COSMOS 1426817,149.53735835662,1.97582477413,2025052300199,-1,i,20250523,i_39,0.1271910278673425,149.53732350409646,1.975818856878415,745297386553738658,0,3438.145665416142,2327.178135522557,0.00803974,0.0065095173,149.53732350409646,1.975818856878415,4.0408068e-07,4.087297e-07,141069.44513655343,947.8226895725768,139054.8911554891,610.2574687561861,False,141787.00845734845,775.1860902597812,False,144061.82999621885,1067.3993825482137,False,145263.32204348018,1536.193143516612,False,145392.9827290131,2131.322299467365,False,3.858173176888668,32.944700022385724,139372.9353683044,415.89824847351895,0.0,0.0007071173609272,False,240972.75,1317.4600830078125,False,244838.90112304688,1814.088380588964,False,247101.2489797473,3622.268367369285,False,False,6.5571212096683045,55.990848870384674,False,False
COSMOS 1426817,149.53735835662,1.97582477413,2025052300200,-1,i,20250523,i_39,0.1264802951330631,149.53732326489956,1.975822678455717,745297386687956658,0,2835.0015190505846,2727.284132054501,0.007929497,0.0069976416,149.53732326489956,1.975822678455717,4.1679476e-07,4.1430823e-07,138778.53292529786,954.356529337584,138683.44945532686,614.0427642537836,False,140080.76946560317,779.8660719421109,False,142472.1638163297,1072.639684120225,False,143997.1978893789,1545.2830496497727,False,146043.10153867656,2145.4591251032152,False,3.735825782581481,34.14107924042534,139408.41367852606,419.0864397677654,0.0,0.0005868578205,False,237754.453125,1323.640869140625,False,241813.28759765625,1820.5558298335748,False,247874.12199026343,3641.416755040093,False,False,6.340693439194985,57.94652367252876,False,False
COSMOS 1426817,149.53735835662,1.97582477413,2025052300201,-1,i,20250523,i_39,0.1230024306568,149.53732453043156,1.9758198186917608,745297386822174173,0,2285.768998677108,2388.793144072164,0.008696988,0.007118343,149.53732453043156,1.9758198186917608,4.482068e-07,4.3478514e-07,139064.29257137488,959.9745195507302,138522.55639045782,616.475915594385,False,140141.91054549153,783.486705837096,False,143110.58768915234,1079.8698562815268,False,145038.79747341492,1556.6553178863358,False,149167.15540332146,2159.6398380244154,False,3.981890824777693,32.541438495172144,141491.9017856293,431.5455787355312,0.0,0.0004544930975139,False,237545.21875,1328.0361328125,False,242577.22565460205,1830.41547124233,False,252843.31020373103,3660.661651806119,False,False,6.7494379327973615,55.158825048742855,False,False
COSMOS 1426817,149.53735835662,1.97582477413,2025052300202,-1,i,20250523,i_39,0.1234246510692939,149.53732417187513,1.9758219057014492,745297386956392652,0,3250.100768907896,3790.990669810559,0.0090627605,0.0069185467,149.53732417187513,1.9758219057014492,4.629651e-07,4.3253937e-07,139194.290476437,960.0760456938362,137833.27388567824,618.346576376931,False,139402.61928020002,786.2153502031437,False,141238.90395124612,1078.8807211066571,False,141645.9317825321,1559.3502355359467,False,138422.82211388688,2164.833523358436,False,1.3269675396415974,34.65547247640028,141347.13533226753,429.6941034632711,0.0,7.544451803287444e-07,False,235290.078125,1327.010009765625,False,238389.44287109372,1820.9839274719936,False,233636.33192569017,3653.9044350006175,False,False,2.239716137930249,58.49308189856352,False,False
COSMOS 1426817,149.53735835662,1.97582477413,2025052400145,-1,i,20250524,i_39,0.1329862280931037,149.5373214405887,1.975822920501887,745301777349346227,0,1493.6319138041963,1532.02842371929,0.007909048,0.009023231,149.5373214405887,1.975822920501887,4.924767e-07,4.4908393e-07,138480.77472082514,1011.1131986615928,137476.24853053258,642.7415144668305,False,139037.19918515248,822.0503326331489,False,141625.7063528026,1138.4336588028266,False,142225.05327876058,1642.9161905685587,False,144338.74353010015,2283.8098109854645,False,2.155265115696253,35.89515201518601,139310.54253284424,429.7286037385307,0.0,0.0003706315577439,False,241883.71875,1430.1251220703125,False,246386.95776367188,1980.538795050774,False,251106.84226506948,3973.155480953405,False,False,3.749525624308101,62.4469775384898,False,False
COSMOS 1426817,149.53735835662,1.97582477413,2025052400147,-1,i,20250524,i_39,0.1323925788557874,149.53732165059054,1.9758221813874903,745301777616210099,0,3256.217874833062,3455.3680088043548,0.006468083,0.008153118,149.53732165059054,1.9758221813874903,4.4583422e-07,3.6792355e-07,139456.98745278787,999.4960157067188,137486.62126201895,638.4614192410594,False,138973.995747021,815.5234709819267,False,140020.0028210453,1127.5553188245397,False,140640.84549564915,1628.5535599822313,False,139656.77264742416,2264.1060069997598,False,1.9621903848013789,35.35991752560034,141245.4234256181,420.2390654337235,0.0,1.120770647622393e-06,False,242759.296875,1424.5535888671875,False,244586.4584274292,1969.609745435985,False,243951.9692118168,3954.932571056245,False,False,3.4275474025828974,61.766582085603815,False,False
COSMOS 1426817,149.53735835662,1.97582477413,2025052400148,-1,i,20250524,i_39,0.1309460171213949,149.53732211039917,1.9758214827261904,745301777754097850,0,2649.770961164965,3415.11544417708,0.006550985,0.007665708,149.53732211039917,1.9758214827261904,4.2262351e-07,3.6761492e-07,139648.16638685908,1010.5512936545608,139207.99943846648,644.2281066201816,False,140080.59079210268,822.9058448252081,False,142227.338707066,1138.1142172306827,False,143172.50267603734,1644.8800674003614,False,144195.67768683852,2285.4939657739187,False,1.898548721015556,36.00775618668258,140442.8681999053,419.76438232582217,0.0,2.174583071812286e-05,False,242228.265625,1422.97412109375,False,245940.43603515625,1968.034481894011,False,249344.10055810213,3952.090980594511,False,False,3.2829827551104733,62.26484540668935,False,False
COSMOS 1426817,149.53735835662,1.97582477413,2025052400149,-1,i,20250524,i_39,0.1305221999621459,149.5373221673294,1.9758222439741029,745301777889887984,0,1833.3252547488703,2782.813768074372,0.0066994205,0.007199742,149.5373221673294,1.9758222439741029,3.9909372e-07,3.731527e-07,139498.2608348069,996.4347531107284,138670.99295594607,636.7257833180502,False,140258.85891998117,812.6417039161427,False,142440.07869816854,1123.1307246505248,False,145385.77992480964,1622.2011940009868,False,147620.8966151887,2253.270826486909,False,3.1880075285410263,35.4323641168394,140741.62653589254,417.0795176418939,0.0,4.347967739626313e-06,False,244561.421875,1416.957275390625,False,248364.69116210935,1958.3393811062977,False,257398.18969488144,3928.9006158925104,False,False,5.55874801871162,61.78140486477683,False,False
COSMOS 1426817,149.53735835662,1.97582477413,2025052400150,-1,i,20250524,i_39,0.1314786391781451,149.53732197077196,1.975821384595139,745301778022532693,0,1746.0779291352287,2357.1475655667427,0.006041253,0.0068064197,149.53732197077196,1.975821384595139,3.7727477e-07,3.364234e-07,140373.4474656365,990.969033087282,138984.51174870544,634.760224425896,False,140995.82606507302,810.0904981341025,False,143349.36715157825,1117.2969465496783,False,142700.7939460223,1615.2971736803013,False,142903.75689017074,2243.902778224476,False,3.510661819868925,36.1266103974422,142134.3815118196,413.5328235442063,0.0,1.984840090396567e-06,False,245712.859375,1411.741455078125,False,249814.36596679688,1947.108897968184,False,249037.80275529623,3910.440352628441,False,False,6.118016242980957,62.95769873489219,False,False
COSMOS 1426817,149.53735835662,1.97582477413,2025052400151,-1,i,20250524,i_39,0.1314051025066754,149.53732195076873,1.9758218512934609,745301778158322659,0,760.3795287379758,1588.752947604578,0.006901303,0.0077815615,149.53732195076873,1.9758218512934609,4.319788e-07,3.8375703e-07,139665.768866073,995.8356723615294,138072.85675045304,635.8358205802231,False,139191.5844130824,811.5191848065723,False,140377.5176025773,1121.9323251264857,False,140584.99325107806,1620.3056591398718,False,141157.53119231437,2251.623826034133,False,0.9950954549482224,36.91281511205864,141047.13081323673,421.8579540694962,0.0,0.000107796075657,False,242761.96875,1415.3585205078125,False,244830.33715820312,1956.745454119364,False,246190.7472397089,3927.023571125316,False,False,1.7355311584103394,64.37909092344432,False,False
COSMOS 1426817,149.53735835662,1.97582477413,2025052400152,-1,i,20250524,i_39,0.4000531221572501,149.53732518419378,1.9759308394714816,745301778292540939,0,9.17020330810908,2661.812772008348,0.04711652,0.054990217,149.53732518419378,1.9759308394714816,3.0545666e-06,2.6178689e-06,,,33130.55014703106,584.3299200503573,True,,,True,,,True,,,True,,,True,3.2256924916910075,33.62697009117503,27449.377781884126,279.8878094642885,,,True,,,True,,,True,,,True,True,5.609365968461061,58.476120131653225,True,False
COSMOS 1426817,149.53735835662,1.97582477413,2025052400153,-1,i,20250524,i_39,0.1308107530022227,149.53732222036606,1.9758207676870831,745301778425710515,0,1676.9127140035428,2803.021164995057,0.0065897848,0.0070213475,149.53732222036606,1.9758207676870831,3.8995134e-07,3.661301e-07,139740.4942969087,987.043892066774,138942.4430432937,633.6060010185485,False,139923.75317485578,808.0056274462389,False,141068.47423618528,1111.0658827256962,False,144488.4183875813,1610.173998043481,False,142418.1879415187,2237.040019996317,False,2.150560227446779,34.176932851946184,140785.71420297225,410.6783102012613,0.0,0.0001049401098441,False,244310.171875,1410.796875,False,246308.8818359375,1939.9472256433287,False,248665.5137861967,3905.9246151979655,False,False,3.7549288585654983,59.673730512252696,False,False
COSMOS 1426817,149.53735835662,1.97582477413,2025052400155,-1,i,20250524,i_39,0.1281963178782857,149.5373228424306,1.975821889685504,745301778695717455,0,271.60399256977684,962.4437407533202,0.007113706,0.0072225216,149.5373228424306,1.975821889685504,4.0110498e-07,3.953622e-07,139389.49272947203,977.538765740332,137065.62199485092,625.2221025177396,False,138995.5263077999,797.502512803868,False,139516.00204996104,1102.8670849761309,False,141681.98989953857,1592.4134781200794,False,142899.45666806828,2208.9803674745945,False,1.4415349919195644,34.45177844405945,139739.94132646715,415.5555970050265,0.0,8.447354159835108e-06,False,241830.671875,1387.53076171875,False,242736.21899414065,1918.8177866817705,False,248622.9056040645,3843.2834539012665,False,False,2.508047452227017,59.94075456763824,False,False
COSMOS 1426817,149.53735835662,1.97582477413,2025052400156,-1,i,20250524,i_39,0.1316303026068123,149.53732179762378,1.9758233767368465,745301778829936015,0,2461.430069217167,2358.972184646954,0.008582874,0.0080886055,149.53732179762378,1.9758233767368465,4.5031496e-07,4.759457e-07,139533.2679536524,991.6687541234456,137349.96684398185,632.0489419120586,False,139874.65539151407,807.007188538091,False,141734.35159538165,1115.4606980932592,False,143901.54324504026,1608.1305642375107,False,144721.8720342649,2234.2580875201625,False,2.4925383565571666,33.74926513976095,142029.1765011332,436.3067174216667,0.0,0.0010347876949621,False,242154.109375,1397.1087646484375,False,245373.65673828125,1931.1103296986296,False,250545.71846091747,3867.997213526356,False,False,4.315137750478739,58.42747722312071,False,False
COSMOS 1426817,149.53735835662,1.97582477413,2025052400157,-1,i,20250524,i_39,0.1280450135971466,149.5373227857472,1.975823632235186,745301778964153468,0,3564.048074770932,1956.5881194042145,0.008469273,0.008196223,149.5373227857472,1.975823632235186,4.5619063e-07,4.6974367e-07,140113.68285873558,995.4767152905988,137299.90342081053,634.4637979755546,False,140023.33913702605,810.2797536475399,False,141015.97797208108,1119.32280822914,False,142460.99282695173,1615.169737335821,False,142952.22333026805,2244.462591426012,False,1.746751118314687,37.04719327122862,139195.5835023568,428.81726095972505,0.0,0.0006885650265382,False,242135.296875,1401.1759033203125,False,243851.81713867188,1935.5884678931664,False,247200.068562448,3881.2359371600105,False,False,3.0205685938254083,64.06384247368955,False,False
COSMOS 1426817,149.53735835662,1.97582477413,2025052400158,-1,i,20250524,i_39,0.1279812957440303,149.53732281850563,1.9758232340585624,745301779096797818,0,1334.4476400927774,1161.6773006381563,0.007960326,0.0091949,149.53732281850563,1.9758232340585624,5.055067e-07,4.480953e-07,139848.7700527845,1001.3062641060916,137109.6898311321,637.0129904623161,False,140311.8194419245,814.236782715022,False,141778.77110064938,1127.6067575613145,False,143449.46755448473,1628.4794701734777,False,143352.1023997523,2261.0684066838785,False,1.829015039151086,35.93078011049105,139551.73027227187,435.1683369783955,0.0,9.066908408672524e-05,False,242671.125,1408.233154296875,False,245208.23706054688,1950.2106201984352,False,247929.33409905437,3910.547351850436,False,False,3.163305407613388,62.142753662669584,False,False
COSMOS 1426817,149.53735835662,1.97582477413,2025052400159,-1,i,20250524,i_39,0.1340073876154622,149.53732134548082,1.9758205967491225,745301779231015874,0,988.984316433084,1788.0023628705103,0.008856111,0.009260903,149.53732134548082,1.9758205967491225,5.1188357e-07,4.9449756e-07,140250.5471072321,994.347052576603,138064.98393294998,637.2862984004155,False,140482.53640149842,813.7220454669102,False,143107.72068653835,1116.542923000912,False,143676.737007124,1618.2157448657122,False,144006.18957711715,2254.452648184838,False,2.2994831912119724,35.28168362941017,141340.22180216853,445.3750316427307,0.0,5.387938507950274e-05,False,242431.53125,1404.244873046875,False,246961.8270599842,1926.824625061188,False,248512.3200572133,3890.5220650916303,False,False,3.9682315354551694,60.88580692272247,False,False
COSMOS 1426817,149.53735835662,1.97582477413,2025052400160,-1,i,20250524,i_39,0.1310442011229844,149.53732205828186,1.9758217671673308,745301779365233602,0,356.81548275704057,1732.6567757086475,0.009011916,0.008672746,149.53732205828186,1.9758217671673308,4.844706e-07,4.9795835e-07,138404.26060462624,1001.7323257133772,136438.42770254964,636.1400590053616,False,138717.24897058675,812.8150679066144,False,141353.5989940042,1123.5196213180884,False,142139.52752875042,1623.1413706250128,False,142394.38286694905,2255.0730906775448,False,1.1040533203840386,35.19344707993008,139979.07995780837,438.5878595700199,0.0,9.682398138810555e-07,False,239900.859375,1405.701416015625,False,244460.2248535156,1943.0411479399736,False,246260.1808604002,3899.976220849732,False,False,1.9093756711691563,60.864371673302365,False,False
COSMOS 1426817,149.53735835662,1.97582477413,2025052400161,-1,i,20250524,i_39,0.1261146981335274,149.53732331879394,1.97582375367318,745301779499451914,0,1858.2957087158704,2535.472946534084,0.008671779,0.008793361,149.53732331879394,1.97582375367318,4.871415e-07,4.8302877e-07,140889.36340470688,991.42765301753,137779.83939394195,630.922756783847,False,140761.03359019343,805.236164223518,False,142509.12249759215,1114.0511776543854,False,144154.42273278174,1607.3187392210075,False,142623.7682174952,2231.2203585846737,False,2.781197383843867,36.88394104750018,140398.26408874354,437.2321127872279,0.0,2.992682634039845e-05,False,242663.875,1388.1805419921875,False,245677.47910118103,1920.5597516780424,False,245875.12168687585,3846.494760541225,False,False,4.794623320742893,63.585779612245695,False,False
COSMOS 1426817,149.53735835662,1.97582477413,2025052400162,-1,i,20250524,i_39,0.1339029264335991,149.53732131225394,1.9758211917604307,745301779634194833,0,2976.9964930746405,3836.0796712198894,0.0070207138,0.007847128,149.53732131225394,1.9758211917604307,4.257696e-07,4.0103765e-07,140921.02172800005,982.9892347633518,138318.1117779745,630.9814802519782,False,140476.66579843248,804.5505708620576,False,140903.53461565514,1104.827601701793,False,143336.86724247274,1599.3564736262538,False,145070.06294033135,2224.486245023608,False,1.7827132620707526,35.82986721522899,139396.4203216939,418.6809917623611,0.0,4.2079876167999686e-05,False,243386.53125,1393.9451904296875,False,244126.11401367188,1914.1980348059808,False,251344.941927433,3854.091979706389,False,False,3.088686612845379,62.07797606170112,False,False
COSMOS 1426817,149.53735835662,1.97582477413,2025052400163,-1,i,20250524,i_39,0.1274011301227762,149.5373230036431,1.975822762066177,745301779769459379,0,1102.8343788820755,1177.1543946601548,0.0078515485,0.007835996,149.5373230036431,1.975822762066177,4.3556224e-07,4.360045e-07,141193.60582479107,995.422116832076,139026.58670975672,635.3742897277571,False,141385.5119982781,811.0484273412609,False,143292.37755692398,1120.6685140574723,False,145383.06220233327,1617.7942029710996,False,146041.55509666057,2246.2382082716326,False,2.4721813785366704,34.627873060877896,141121.48464359553,428.37665954059617,0.0,8.146337489456368e-05,False,245015.359375,1405.5140380859375,False,248319.88006830213,1942.0730938498348,False,253084.09327065945,3892.6397341775223,False,False,4.28419008667396,60.00869991902854,False,False
COSMOS 1426817,149.53735835662,1.97582477413,2025052400164,-1,i,20250524,i_39,0.1322064124080833,149.53732178875856,1.97582116393572,745301779903678134,0,2658.666633709623,2798.779695788639,0.007571159,0.008060983,149.53732178875856,1.97582116393572,4.392027e-07,4.297322e-07,139784.17874693865,995.2699235689154,137302.97115128863,635.0021234341887,False,140019.7471832779,811.0678920069494,False,141794.84139474243,1120.7937352222502,False,143448.41395340336,1618.1209564456617,False,141814.16021987682,2248.5242046972758,False,2.694233071642497,35.31968488687133,139256.79451083968,424.06015108519154,0.0,0.0004401117366344,False,242365.875,1403.910400390625,False,245438.45776367188,1940.027458956163,False,245471.89750379324,3892.061993347305,False,False,4.66355759811396,61.13627902160055,False,False
COSMOS 1426817,149.53735835662,1.97582477413,2025052400165,-1,i,20250524,i_39,0.1307594080543007,149.53732216727596,1.975821430466271,745301780036846269,0,1295.502153442757,1183.5041998191452,0.00802678,0.00911229,149.53732216727596,1.975821430466271,4.846798e-07,4.6903384e-07,140322.21944836454,982.503062007356,138049.53015038278,629.6368959856715,False,140241.65368531158,803.4103754347951,False,140782.05868033582,1112.0687717775809,False,143690.96867613107,1607.7156619539771,False,145370.7737656533,2227.3651039739507,False,2.1342951459655466,36.08892834692732,140758.56623285537,433.171380644388,0.0,8.745935819165496e-05,False,243391.84375,1394.332763671875,False,244329.72607421875,1930.0148110567536,False,252293.52139258385,3865.631109692272,False,False,3.704106569142925,62.63296658659023,False,False
COSMOS 1426817,149.53735835662,1.97582477413,2025052400166,-1,i,20250524,i_39,0.1277271474579836,149.5373229274519,1.975822520299102,745301780176306319,0,777.0362824207039,280.67537535991534,0.010601378,0.00925117,149.5373229274519,1.975822520299102,5.467376e-07,5.5855855e-07,138854.44113065812,999.485059860871,135738.6132876207,634.955441734395,False,138712.7886312747,811.7677431371634,False,140680.55323396207,1122.4054059124542,False,140400.9357723191,1620.4763219268443,False,140457.76703091184,2250.1220386315654,False,0.0604783456255358,35.49286670902297,138589.47213967482,444.14606505240977,0.0,7.000545329616248e-05,False,240498.765625,1407.434326171875,False,243910.455078125,1946.014619966419,False,243524.190715909,3901.237788788062,False,False,0.1048567159056027,61.53715685655333,False,False
COSMOS 1426817,149.53735835662,1.97582477413,2025052400168,-1,i,20250524,i_39,0.1323165785722575,149.53732173053518,1.9758214536569547,745301780439501214,745301780439499723,3507.180349119712,1817.168668000556,0.010823916,0.010828214,149.53732173053518,1.9758214536569547,6.0121914e-07,6.0143583e-07,139136.30185896048,984.7371915388086,136833.73817824785,626.4059154439703,False,139742.03188442966,799.3641667705218,False,142086.04385501277,1104.5995698284282,False,143762.85581345594,1594.4472649969882,False,144342.67901819877,2211.726404550217,False,2.007741149997277,33.6749665357731,138884.39078813797,452.1324795699461,0.0,0.0021537290793227,False,240215.921875,1374.1033935546875,False,244245.26786923409,1898.8016732754356,False,248124.4135260582,3801.947703491973,False,False,3.451297971907524,57.88711543274641,False,False
COSMOS 1426817,149.53735835662,1.97582477413,2025052400169,-1,i,20250524,i_39,0.1335191045573717,149.53732140202064,1.9758213758689167,745301780578960538,0,424.925702123666,1975.0336173587127,0.008559385,0.008828334,149.53732140202064,1.9758213758689167,4.817572e-07,4.842829e-07,141885.7340980516,974.3257843125448,138069.11082954082,624.8117550203629,False,141502.67166917576,796.9429209430241,False,142269.98242548236,1094.4346261125663,False,145016.30078470852,1583.651226656911,False,145814.08948682775,2203.486808601236,False,1.6339043581509691,34.44310551173297,141287.6687575018,433.391571639151,0.0,4.362662077239676e-05,False,244283.28125,1375.80322265625,False,245607.92895507807,1889.3783306469772,False,251726.301787436,3803.991694620815,False,False,2.8206924515951712,59.46089025454724,False,False
COSMOS 1426817,149.53735835662,1.97582477413,2025052400170,-1,i,20250524,i_39,0.1301128858489264,149.53732230673637,1.97582190554916,745301780707936201,0,3738.037741025048,3507.104241815982,0.008794444,0.0081879785,149.53732230673637,1.97582190554916,4.7622387e-07,4.676749e-07,139730.17098390195,980.8391965946688,137372.60490139227,628.372376203065,False,139291.36898040122,801.4450679297263,False,140565.71731618242,1102.7635591144722,False,142592.38770283246,1596.6277388901412,False,143645.61452411002,2217.124782987214,False,1.7476624258946156,32.70927075768347,140348.8469752706,429.1805001836026,0.0,5.442205150640866e-06,False,241174.203125,1387.6514892578125,False,243380.65673828125,1909.3654154705227,False,248713.304125309,3838.811454576672,False,False,3.025967050090114,56.63403531409138,False,False
COSMOS 1426817,149.53735835662,1.97582477413,2025052400171,-1,i,20250524,i_39,0.1311474187328663,149.53732196873406,1.975822622653852,745301780847396736,0,1454.4493733464176,3158.893706017119,0.00871656,0.008368866,149.53732196873406,1.975822622653852,4.781164e-07,4.7123314e-07,140018.80519106935,983.6199946937996,137710.32127166307,627.8330216059802,False,140055.36151236168,800.8672857680456,False,141462.8999675749,1105.0499148862796,False,142486.49070197938,1594.3269783964902,False,141800.88884796962,2216.097865768569,False,1.693663785207934,34.36562168437017,140146.62333280404,431.31039015336864,0.0,1.9697941312735168e-05,False,242053.28125,1384.11376953125,False,244485.8857421875,1909.8230510771884,False,245070.02130573988,3830.0123193288737,False,False,2.927105910955732,59.39302430891769,False,False
COSMOS 1426817,149.53735835662,1.97582477413,2025052400172,-1,i,20250524,i_39,0.1278225047262076,149.53732292971875,1.9758221057091276,745301780977943387,0,2873.880495487827,1428.2504029140616,0.008300601,0.00775563,149.53732292971875,1.9758221057091276,4.531167e-07,4.3931377e-07,140367.5533935368,979.202611097032,138605.08486102847,626.0619872167662,False,140519.93605745258,798.2746284393291,False,141772.68818226573,1102.1955518358543,False,143492.55339163053,1590.1430453690857,False,144392.5186350484,2209.6645053586017,False,1.3629341419156284,33.9099170630029,140448.16497123922,424.225954811334,0.0,6.384027603845155e-05,False,243748.109375,1384.6998291015625,False,245921.15307617188,1911.8858822400944,False,250465.55252343416,3832.919090669047,False,False,2.3641671752451185,58.82067986275349,False,False
COSMOS 1426817,149.53735835662,1.97582477413,2025052400174,-1,z,20250524,z_20,0.1329407125829159,149.53732157163623,1.975821288609169,745301781243758746,745301781243757710,896.7671314794198,2866.2989139501856,0.020875156,0.017008074,149.53732157163623,1.975821288609169,9.494029e-07,1.1557273e-06,140066.6680879825,1739.435042949976,136319.8296605649,1065.7266614298069,False,139962.877097433,1393.7476057475797,False,142320.22480210068,1959.8899124593463,False,147423.1180055514,2859.9947081913574,False,144841.70128141553,3986.971866097184,False,2.283080671677172,64.39673586268175,139746.21079755906,695.9483414290526,0.0,0.0012647798902384,False,168860.078125,1681.50537109375,False,171704.1316757202,2364.5353010563,False,174746.2005736828,4810.135335548165,False,False,2.7544530991364957,77.69230008895599,False,False
COSMOS 1426817,149.53735835662,1.97582477413,2025052400175,-1,z,20250524,z_20,0.1322419952979717,149.53732173305426,1.9758216616808304,745301781377975223,0,1393.66278110462,2250.2141231431374,0.016911943,0.016389359,149.53732173305426,1.9758216616808304,9.103669e-07,9.392115e-07,140307.59855827616,1718.330860717575,137746.10786508356,1053.3659316201768,False,140394.101222077,1375.9611202411156,False,143393.6679538292,1934.2346160488544,False,142015.50973943184,2818.6074115012675,False,139898.75684891234,3933.677749477597,False,0.7449309106052013,63.64818417639875,142808.52251042618,683.3930266723231,0.0,0.0037001911973076,False,168959.296875,1655.920166015625,False,172569.1685256958,2327.7824201598974,False,168363.16757702827,4734.04096681559,False,False,0.896497799983895,76.59832109900478,False,False
COSMOS 1426817,149.53735835662,1.97582477413,2025052400176,-1,z,20250524,z_20,0.1394086325888117,149.53731973601083,1.9758216407949487,745301781512718298,745301781512717429,765.6294471839932,2922.297437519257,0.017270496,0.018729191,149.53731973601083,1.9758216407949487,1.0399766e-06,9.595142e-07,137948.11692864724,1717.126051729014,135291.4025387849,1049.4486749469763,False,138809.77644721224,1371.365839135589,False,143145.56815902935,1927.0630620110585,False,146253.10500514897,2811.610568256493,False,141380.1969385379,3921.465284475379,False,0.8751324831834602,62.96418466558446,140318.00788341227,703.3887726436321,0.0,1.9888423807956634e-05,False,166757.828125,1647.4775390625,False,171966.59099149704,2315.05920624462,False,169845.77876847982,4711.015683793594,False,False,1.0513322328763304,75.6414350143935,False,False
COSMOS 1426817,149.53735835662,1.97582477413,2025052400177,-1,z,20250524,z_20,0.1278530088374999,149.53732286995745,1.975822906134369,745301781647983494,0,3474.147113272208,2055.751574791656,0.013885744,0.0152996145,149.53732286995745,1.975822906134369,8.4986965e-07,7.7153567e-07,142153.3557581359,1682.824058849702,138227.24590746372,1033.6482638512496,False,141910.52340728452,1349.0389616759053,False,144586.51840737002,1895.2390846913563,False,144538.31274457407,2760.505927751298,False,139077.1754745221,3850.043499395125,False,-0.5649575085525672,61.3661543041088,141584.3216351958,646.2429009440849,0.0,2.96957207013282e-06,False,171338.484375,1628.7889404296875,False,174569.4000005722,2288.254489537105,False,167917.58556601405,4648.426361383714,False,False,-0.6821126504752508,74.09164322657034,False,False
COSMOS 1426817,149.53735835662,1.97582477413,2025052400178,-1,z,20250524,z_20,0.1225064084290859,149.53732458380674,1.975820442415595,745301781781153644,745301781781152404,94.49913412009276,1700.4277778964938,0.018166734,0.018417489,149.53732458380674,1.975820442415595,1.0226383e-06,1.0092086e-06,137278.5615836697,1700.1722284698828,136796.06476047728,1043.5669273382352,False,140207.50265378985,1363.2904008596352,False,144057.75638300471,1916.6439791243508,False,150694.11674019176,2800.2625314243933,False,153992.97126979375,3897.8717887179,False,3.671733408346179,62.91426031474777,139279.40278832638,686.0917454372895,0.0,0.0006265781257881,False,169196.578125,1645.162109375,False,173842.90406024456,2312.9261745177973,False,185832.3078365326,4703.789427371381,False,False,4.430895042852575,75.9223105685427,False,False
COSMOS 1426817,149.53735835662,1.97582477413,2025052400179,-1,z,20250524,z_20,0.1263996236338063,149.5373232597578,1.9758232065526464,745301781916418329,0,2649.890489432151,667.4391221234852,0.014688352,0.01640106,149.5373232597578,1.9758232065526464,9.0965915e-07,8.174812e-07,143518.1686754066,1717.095666828209,137944.8036776462,1052.6097229367565,False,142154.34910023437,1375.039244905287,False,144986.84323439898,1932.0943208601736,False,144509.3136626428,2812.9727031923658,False,141826.44372291697,3927.512449888359,False,0.9777132783084416,60.3763550993143,142742.87713537412,671.506407153523,0.0,0.0002960495600411,False,171922.234375,1662.9798583984375,False,175347.8680153489,2336.6852633633675,False,171525.6638480425,4749.954680910453,False,False,1.1824516973896535,73.01948858964194,False,False
COSMOS 1426817,149.53735835662,1.97582477413,2025052400180,-1,z,20250524,z_20,0.1358980729337055,149.53732067338643,1.9758221887857808,745301782050636429,0,1691.3091657788914,1576.320052304511,0.016570054,0.017193899,149.53732067338643,1.9758221887857808,9.539875e-07,9.215703e-07,140545.9521035641,1705.310959608361,137606.6016208082,1044.548108152586,False,141202.22596836655,1364.0176256420648,False,143649.50192224432,1917.252026887376,False,146645.04694017378,2794.171566438416,False,143523.3391625361,3897.458503232694,False,1.2783168798313802,60.51201190256595,141822.41910996768,684.9987137836173,0.0,2.901942441013716e-06,False,169161.671875,1634.106689453125,False,172093.53282165527,2296.8870076216745,False,171942.38858002424,4669.194072181131,False,False,1.5314363431264488,72.49399244068002,False,False
COSMOS 1426817,149.53735835662,1.97582477413,2025052400181,-1,z,20250524,z_20,0.1299809978810122,149.53732237633136,1.975821520074096,745301782183807017,745301782183806159,4065.0595404955975,2965.773065818531,0.015330668,0.016681913,149.53732237633136,1.975821520074096,9.227681e-07,8.5557895e-07,140798.77068184334,1673.7182882992045,136934.9187406044,1027.2104573310178,False,141352.5716566124,1340.5173493813572,False,144725.94183069922,1880.952612074444,False,146417.79066696772,2743.812914152149,False,,,True,2.347686998731468,59.8488294860472,140814.47457817892,678.0223487911221,0.0,1.66107959634898e-05,False,169210.25,1604.7056884765625,False,173248.4419041872,2251.6496021059897,True,,,False,False,2.8103677161399427,71.64380018598467,False,False
COSMOS 1426817,149.53735835662,1.97582477413,2025052400182,-1,z,20250524,z_20,0.1272956340117197,149.53732300063623,1.975823446434325,745301782319597300,745301782319595613,2021.711119156156,245.85355434833997,0.018768309,0.018054642,149.53732300063623,1.975823446434325,1.005859e-06,1.0397835e-06,144044.8343808425,1682.618681163483,138968.46322679496,1029.884371919478,False,143159.04300385652,1343.513846541084,False,146059.16294766814,1886.7520564519969,False,147974.31549387664,2746.926220582865,False,149574.5842766421,3829.811675548519,False,0.6129425254787135,63.41896823071006,141598.6403251867,697.5973491261551,0.0,0.0033926722290041,False,171146.828125,1606.172607421875,False,174613.9254117012,2255.614616754468,False,178816.61633050442,4578.545000252366,False,False,0.7327736121830799,75.81746166991196,False,False
COSMOS 1426817,149.53735835662,1.97582477413,2025052400183,-1,z,20250524,z_20,0.1293649766367493,149.5373224950279,1.9758221705243335,745301782453814960,745301782453813544,2207.282760779187,805.6352385475594,0.021338105,0.022871595,149.5373224950279,1.9758221705243335,1.261679e-06,1.1946914e-06,140967.17687888784,1729.7239778747344,135265.3474045951,1052.5981599466468,False,141063.5827404392,1375.9924831384956,False,144919.85996095525,1932.666791314148,False,146721.81262148963,2819.5124672567017,False,143894.87839762168,3932.0301803116263,False,-1.0662122630086617,61.46779639946358,141743.65843233053,757.6936604512324,0.0,6.69252214408056e-05,False,166642.15625,1625.4964599609375,False,171197.67893445492,2283.110602755386,False,169986.84099519253,4645.011667489467,False,False,-1.2595448596742644,72.6135401706777,False,False
COSMOS 1426817,149.53735835662,1.97582477413,2025052400184,-1,z,20250524,z_20,0.1337681770215864,149.53732124055162,1.975822597170242,745301782588033035,745301782588032061,4078.607844136327,2603.2943929149046,0.015758336,0.016673533,149.53732124055162,1.975822597170242,9.1921646e-07,8.829059e-07,,,141539.8319853036,1065.5951484321358,False,146401.62189370676,1391.9442172262534,False,,,True,,,True,,,True,3.404385273329781,60.982800765626216,142234.45358298483,672.1331717902785,0.0,0.0061240289063088,False,175746.1875,1670.94384765625,True,,,True,,,False,False,4.086756176808266,73.20612025331388,False,False
COSMOS 1426817,149.53735835662,1.97582477413,2025052400185,-1,z,20250524,z_20,0.1329441041437033,149.53732174807175,1.9758197589263289,745301782722773995,0,1017.7384444877414,2429.754021455147,0.016836386,0.016067488,149.53732174807175,1.9758197589263289,9.0044654e-07,9.278778e-07,140350.97405640813,1725.9494306190784,136636.67278756807,1058.069127241101,False,140646.3203021568,1383.4260497214325,False,143573.295210771,1947.9985945275512,False,144801.61248077467,2836.9798306061243,False,141877.29891734183,3953.6009270636782,False,-0.4427230411354614,64.39714328255938,139603.5864731342,673.8179845706524,0.0,8.44825910406577e-06,False,169146.671875,1663.7613525390625,False,172666.76442623138,2342.737999640792,False,170627.09408199787,4754.7524691584895,False,False,-0.532435749542277,77.4464802285723,False,False
COSMOS 1426817,149.53735835662,1.97582477413,2025052400186,-1,z,20250524,z_20,0.127843901554692,149.53732293982983,1.975821900451664,745301782854894090,0,4051.178678430137,1303.157425175246,0.014371685,0.014906086,149.53732293982983,1.975821900451664,8.213717e-07,8.0485256e-07,139803.33176354173,1728.584380416475,135858.3562172984,1060.9508117216528,False,138345.79446429983,1386.632761171583,False,137724.939397156,1950.6788597113136,False,136577.71767389838,2842.297296541341,False,134944.96870416595,3966.1074873613406,False,-2.7882101169553923,60.983750296359815,138287.6474107116,646.4425652212881,0.0,0.0006902432245438,False,167964.828125,1683.5028076171875,False,167211.05158233643,2368.307910386324,False,163835.90525823832,4815.22813916709,False,False,-3.385149761033387,74.04001817770641,False,False
COSMOS 1426817,149.53735835662,1.97582477413,2025052400187,-1,z,20250524,z_20,0.137672636971086,149.53732034408762,1.9758203870904727,745301782989112014,0,3580.136498788505,1843.827813364635,0.018254535,0.017614776,149.53732034408762,1.9758203870904727,9.876112e-07,1.0048292e-06,139129.8128810022,1745.5484752860268,136860.54978501855,1067.905724643029,False,141357.83738571327,1395.620649505543,False,146046.42154322882,1962.7329269157904,False,149644.1123718433,2860.518845752548,False,154010.98001635587,3989.141263578784,False,2.287529910802696,64.21895037067335,141421.4030874256,705.8904619114122,0.0,4.1291751295968737e-07,False,169605.984375,1674.5135498046875,False,175231.50854873657,2354.95432224561,False,184787.65913033485,4786.30858630122,False,False,2.744656889807224,77.05210050311754,False,False
COSMOS 1426817,149.53735835662,1.97582477413,2025052400188,-1,z,20250524,z_20,0.1333165583156583,149.53732141897612,1.975821836561488,745301783123329747,0,2966.8450841233616,1659.8978386705971,0.014427628,0.013666047,149.53732141897612,1.975821836561488,7.722625e-07,7.885658e-07,141818.77299802942,1708.5545963022903,139238.03247435702,1051.3390161671923,False,142021.328985234,1372.5986775418326,False,145404.93039582862,1925.811802337216,False,145713.29221661467,2809.7584344610336,False,149207.8855183793,3919.0843222502,False,2.005060971851926,63.10435643038048,142425.68585525543,647.684972192866,0.0,5.7303023474064574e-05,False,171871.734375,1661.094970703125,False,175966.509765625,2330.5838419661272,False,180568.7797016501,4742.807467299827,False,False,2.4264898041873915,76.36779111844055,False,False
COSMOS 1426817,149.53735835662,1.97582477413,2025052400189,-1,z,20250524,z_20,0.132671691507422,149.5373215430727,1.975822644436948,745301783258072238,0,58.26730273592575,2735.2189290348592,0.014625735,0.014313781,149.5373215430727,1.975822644436948,8.011798e-07,8.062914e-07,142088.63761417964,1733.3391019638275,139068.5264639521,1063.0263233753922,False,142038.61036263726,1388.7406532854736,False,143824.21637614205,1952.7341308753053,False,144755.84589148694,2846.2234260016617,False,149361.98267902338,3969.137024523476,False,2.110545724089913,63.61581006311979,140260.2667919869,652.0564810033273,0.0,0.0022651757461227,False,172701.90625,1688.5419921875,False,174872.98889827728,2374.2903844285443,False,181606.24821722507,4825.99434444319,False,False,2.5661703451443625,77.349191445122,False,False
COSMOS 1426817,149.53735835662,1.97582477413,2025052400190,-1,z,20250524,z_20,0.1278545993259013,149.5373228548919,1.975823208058139,745301783397532013,0,811.2268153873729,851.0122357305968,0.013264346,0.013280966,149.5373228548919,1.975823208058139,7.3717325e-07,7.3730354e-07,139888.1853128634,1716.0715176994888,139190.92310849624,1057.043564804742,False,140839.06779539742,1380.116221939141,False,143414.98979913487,1935.091686331608,False,144678.39544173572,2826.718248785564,False,140826.56158391788,3940.3744540108255,False,2.215748418517831,60.19310188905991,141980.45028371972,630.2886935322086,0.0,0.0001203877251674,False,169864.734375,1664.5457763671875,False,172971.53076171875,2333.8966980916875,False,169849.65074568987,4752.450228802622,False,False,2.672394261371685,72.59835941577151,False,False
COSMOS 1426817,149.53735835662,1.97582477413,2025052400191,-1,z,20250524,z_20,0.1298804799986853,149.53732236079782,1.9758220434383107,745301783527555596,0,2985.576502477556,1181.1446682357207,0.012460911,0.011336946,149.53732236079782,1.9758220434383107,6.595116e-07,6.640166e-07,141456.85734125072,1705.6074484708613,138091.87088943445,1049.6462347473223,False,140635.6871079234,1370.6404693880986,False,140823.56390096256,1925.659811082831,False,140940.24295154563,2806.879171527036,False,148475.5843106755,3917.275447934619,False,0.6672812584085073,62.14381577698181,141564.3717978503,604.7961767430622,0.0,6.48376451417576e-08,False,170712.421875,1663.7694091796875,False,170940.478515625,2337.48671348998,False,180228.98105180264,4755.034747014211,False,False,0.8099878632320211,75.43406310306784,False,False
COSMOS 1426817,149.53735835662,1.97582477413,2025052400193,-1,z,20250524,z_20,0.130210229010119,149.53732239002505,1.97582075230434,745301783794942849,0,3934.400585061538,2152.052246868728,0.014005012,0.015185105,149.53732239002505,1.97582075230434,8.067486e-07,8.1565065e-07,142295.9072294661,1735.5680116824017,141539.4403311264,1065.711793910147,False,144874.81846009413,1391.9005703445505,False,150714.18806865157,1955.410313749328,False,153452.06119164292,2850.5732616940877,False,151673.1753349929,3974.4671823972662,False,2.536010132649706,61.86325774419271,143152.67985609107,656.8288340199481,0.0,0.0009750958286545,False,174920.71875,1680.56982421875,False,181971.127784729,2360.9470656655985,False,183129.0014834404,4798.740482181968,False,False,3.06195873013335,74.69321186284274,False,False
COSMOS 1426817,149.53735835662,1.97582477413,2025052400194,-1,z,20250524,z_20,0.1321803575357349,149.53732168728286,1.975822520462601,745301783934403493,0,2687.124310330778,1919.7904484295077,0.012284725,0.0118253585,149.53732168728286,1.975822520462601,6.726296e-07,6.667253e-07,140181.6213195021,1708.3186119757554,139151.0378966357,1050.983720476006,False,141911.44879386478,1372.2942188018353,False,147999.3404113693,1928.65955816546,False,149867.65069573536,2812.85552644262,False,155386.63923200394,3920.974086349759,False,4.743237736002582,60.36170350289607,141696.3542446488,613.1573572312436,0.0,0.0001544193622454,False,171435.546875,1657.79443359375,False,178789.99951171875,2329.909312461941,False,187714.1957200468,4736.716751813862,False,False,5.730048999858386,72.91970970824849,False,False
COSMOS 1426817,149.53735835662,1.97582477413,2025052400195,-1,z,20250524,z_20,0.1282745206859053,149.5373227203421,1.9758236826713715,745301784068620806,0,421.6816425621818,1139.5289452754723,0.012078318,0.012299607,149.5373227203421,1.9758236826713715,6.7491084e-07,6.792679e-07,141625.73419225024,1697.7808103713662,138458.02079306176,1044.9471828025394,False,141961.93744763167,1364.8666752188258,False,145672.86322431843,1921.3612408340853,False,144302.97547156116,2798.919643533328,False,147311.95734742677,3903.393312201566,False,1.4735217574973694,60.51764036474991,141399.284292331,611.9250165717065,0.0,6.758646631133125e-06,False,172187.765625,1655.46728515625,False,176688.80322265625,2330.4479000911097,False,178676.88509714603,4734.484361566936,False,False,1.7872566660122595,73.40275472886933,False,False
COSMOS 1426817,149.53735835662,1.97582477413,2025052400196,-1,z,20250524,z_20,0.1290549680717387,149.53732259859137,1.975821944711614,745301784201266766,0,1717.5267433689812,3214.53463319002,0.011592504,0.011828503,149.53732259859137,1.975821944711614,6.47449e-07,6.533444e-07,140304.26422304433,1696.265516512346,139463.56818280244,1047.9416007473317,False,139788.52325099814,1367.67018128554,False,141842.83153105187,1924.9337911921425,False,139754.74338415428,2809.021498123628,False,140234.05960077635,3912.179153343696,False,-0.9334213765369884,63.2462764101925,141016.83961697176,595.5111554610747,0.0,0.0003276150059751,False,170222.78125,1665.4344482421875,False,172724.34619140625,2344.02350091708,False,170765.31818252802,4763.924825464375,False,False,-1.1366425447319055,77.01602981325121,False,False
COSMOS 1426817,149.53735835662,1.97582477413,2025052400197,-1,z,20250524,z_20,0.1315752944101278,149.53732198779386,1.9758209416706989,745301784337057449,0,1996.1884518105603,3521.4840135010813,0.012434286,0.011123214,149.53732198779386,1.9758209416706989,6.742301e-07,6.3580757e-07,142358.28069553548,1719.9753535964503,141318.11243780146,1058.9718302620597,False,144491.8022059885,1383.175498243365,False,148100.36203305193,1945.968607401584,False,149487.16792983256,2832.9584790792483,False,155156.00289455708,3955.3990207738048,False,3.4321644094331845,62.0431529702997,143353.1849133963,611.8527952653832,0.0,4.492583205739642e-05,False,174510.3125,1670.533447265625,False,178868.55908203125,2350.248142858072,False,187390.02585613728,4777.142430498543,False,False,4.145204603287448,74.93276329889648,False,False
COSMOS 1426817,149.53735835662,1.97582477413,2025052400198,-1,z,20250524,z_20,0.1320713783688463,149.53732172765157,1.9758223632390697,745301784471273802,0,1614.8065385308532,685.222775041383,0.012379063,0.010747652,149.53732172765157,1.9758223632390697,6.7087e-07,6.156532e-07,141411.22059919906,1697.9625532521184,139012.120067129,1046.7337190259805,False,142628.6731482736,1366.896848424454,False,145681.54818935625,1921.3386949976696,False,144112.19154469806,2800.890930441673,False,147400.2687521529,3902.88514014804,False,1.312003547349806,61.39693413989324,141618.06284140795,601.2109113236096,0.0,0.0018090074028003,False,173417.59375,1661.9656982421875,False,177129.48583984375,2336.0936192604136,False,179219.22262102363,4745.391895944291,False,False,1.595222707683315,74.65054779762836,False,False
COSMOS 1426817,149.53735835662,1.97582477413,2025052400199,-1,z,20250524,z_20,0.135685316324012,149.5373207065078,1.9758226020893488,745301784625938743,0,2775.044189614113,633.3560718575025,0.010602796,0.010117072,149.5373207065078,1.9758226020893488,5.848421e-07,5.662681e-07,140285.0412261932,1678.6475154387554,139597.7024370942,1035.986328070751,False,140828.4151520784,1351.195415907257,False,142791.64584134473,1897.480005483579,False,143879.5749103109,2764.4420581810286,False,140876.9991079414,3854.218604227568,False,1.7553619246310352,61.93930995533124,142217.39119951575,578.2714492148997,0.0,1.2929099422187562e-06,False,171263.46875,1643.208251953125,False,173650.98193359375,2307.552827829226,False,171322.55240011215,4687.17088641507,False,False,2.134720978002502,75.32528902974649,False,False
COSMOS 1426817,149.53735835662,1.97582477413,2025052400200,-1,z,20250524,z_20,0.129818647102395,149.53732240541686,1.9758217042718744,745301784739710285,0,338.0505392080553,2620.403505492388,0.012333594,0.011918973,149.53732240541686,1.9758217042718744,6.824469e-07,6.6491833e-07,138420.96199369917,1663.5998151503716,137897.68819568088,1025.8437742384597,False,140013.9984970563,1338.208335769412,False,143963.4163995632,1879.806789414679,False,147533.45092120525,2737.532857041252,False,143619.69366075454,3818.534069200294,False,4.325764817263097,59.94136663821047,141995.6768896735,603.2123008552387,0.0,0.0004383273076349,False,170198.375,1626.7008056640625,False,174999.212890625,2285.0576678522048,False,174581.3900141716,4641.737972176343,False,False,5.258318099856494,72.86359440207775,False,False
COSMOS 1426817,149.53735835662,1.97582477413,2025052400201,-1,z,20250524,z_20,0.1340033794562939,149.53732124929047,1.9758215730962083,745301784894374849,0,3194.787411606996,1912.8100932045672,0.011326517,0.010790732,149.53732124929047,1.9758215730962083,6.2660234e-07,6.021113e-07,141823.92389452344,1667.8961764332726,138933.6620688075,1028.723666238953,False,141582.3984374729,1341.9137135593244,False,145249.4308575887,1885.1383076892484,False,142425.31368240624,2747.922640665408,False,140361.42236742147,3827.9686423577664,False,1.2179186881259234,58.9136870310521,141430.39677050355,589.6522640383333,0.0,2.4239559999084115e-05,False,171681.234375,1627.1895751953125,False,176127.8369140625,2285.897648319747,False,170200.69243502617,4641.752003932957,False,False,1.4768345928126183,71.43807862204191,False,False
COSMOS 1426817,149.53735835662,1.97582477413,2025052400202,-1,z,20250524,z_20,0.1334959551620169,149.5373213156702,1.9758226086556283,745301785008670278,0,382.8596601414616,3077.152872131397,0.011148054,0.010196618,149.5373213156702,1.9758226086556283,6.16036e-07,5.6974693e-07,140610.07266308856,1645.4263663421225,137604.18465144027,1019.3262774509644,False,139734.5446098704,1329.5844205591295,False,140390.19672789355,1866.1676988793909,False,138313.77634333243,2718.9337547213354,False,139983.27188105707,3792.4091853750792,False,-1.1684491165002255,59.364472618391325,141905.0908105191,588.0507042715388,0.0,0.0011318983097741,False,169360.5625,1611.4781494140625,False,170155.2236328125,2261.8258934034493,False,169662.0240367651,4596.462203805839,False,False,-1.4161795150626482,71.95071557456824,False,False
COSMOS 1426817,149.53735835662,1.97582477413,2025052400203,-1,z,20250524,z_20,0.1317814830076833,149.53732177208337,1.9758229966177392,745301785136072226,0,425.5481227195661,3442.715221381616,0.011471754,0.0146503495,149.53732177208337,1.9758229966177392,8.1244366e-07,6.38831e-07,142033.221176244,1657.5764398051676,139688.24876143204,1021.718397536334,False,142728.5700148093,1332.8621859180694,False,144510.01105916032,1872.3024705852804,False,147863.6751478561,2729.0866745837643,False,152781.22132930302,3805.2882807529386,False,3.03415683619729,58.37610981029288,141504.71168883238,608.5112967142184,0.0,4.0548728441613946e-07,False,173612.25,1621.267578125,False,175779.16015625,2277.432223731676,False,185840.09907740357,4628.678478678809,False,False,3.690689223120756,71.00756190130994,False,False
COSMOS 1426817,149.53735835662,1.97582477413,2025052400204,-1,z,20250524,z_20,0.1306232338919886,149.53732211026963,1.9758226982478728,745301785270289557,0,2246.4134702085285,2335.281285812024,0.012999545,0.01375805,149.53732211026963,1.9758226982478728,7.6395077e-07,7.222306e-07,138772.23259658893,1658.195154457423,138447.35908847532,1023.9741832558628,False,139909.06571424674,1335.302916379613,False,141309.33814181917,1878.3079245040992,False,143972.89441536803,2735.908345270768,False,142850.59211281716,3815.2503072729537,False,2.215412683413225,59.54751600962467,142028.66595467308,617.63887901678,0.0,7.279855867903251e-06,False,169791.640625,1620.5045166015625,False,171490.9912109375,2279.487626283351,False,173361.4349811077,4630.133192297816,False,False,2.6885931391067928,72.26601354817046,False,False
COSMOS 1426817,149.53735835662,1.97582477413,2025052400205,-1,z,20250524,z_20,0.1291572379975294,149.5373224986616,1.9758230726149688,745301785404506951,0,2799.064387848705,1778.3612444066234,0.014455439,0.013117422,149.5373224986616,1.9758230726149688,7.2843136e-07,8.029979e-07,141122.52115878617,1648.8415527116867,138573.22702038972,1016.583051928956,False,141112.4058259918,1325.659066100964,False,142171.09142410246,1861.2659757884385,False,144136.9752936969,2710.8520839185894,False,140821.1859298254,3776.812061341136,False,0.8208046614528131,59.80428042274396,140556.3223647142,619.4831370213637,0.0,3.302033875396404e-05,False,171158.46875,1607.9222412109375,False,172442.57275772095,2257.5721283163425,False,170805.24146848917,4580.981844876264,False,False,0.9955727717544798,72.53798134853334,False,False
COSMOS 1426817,149.53735835662,1.97582477413,2025052400206,-1,z,20250524,z_20,0.1279162585572358,149.53732282889754,1.9758234231002616,745301785539249575,0,2065.1457818461045,2834.390087221293,0.011369433,0.011740836,149.53732282889754,1.9758234231002616,6.519433e-07,6.317203e-07,139108.26154555098,1635.5155005713252,138802.2441388493,1010.6725386441784,False,138919.85051081434,1316.4242754951017,False,140220.59341523857,1847.6189764684943,False,140649.32789942046,2691.881265238116,False,137687.68604251035,3753.865566712496,False,1.612932340408728,60.12564427990367,140835.00663903813,589.7792731575558,0.0,2.429571878359571e-05,False,169100.0625,1602.416259765625,False,170683.390625,2249.012529513821,False,167600.21141439676,4569.389468917302,False,False,1.9633404338435771,73.18788616744875,False,False
COSMOS 1426817,149.53735835662,1.97582477413,2025052400207,-1,z,20250524,z_20,0.1289493424298342,149.53732261188068,1.9758221565097784,745301785675039545,0,175.7838825395733,1792.3736078829536,0.014141994,0.0120581575,149.53732261188068,1.9758221565097784,6.717726e-07,7.840882e-07,140374.3617107766,1627.6825827327802,139455.9208793027,1005.638467332698,False,141405.14198731843,1309.8028779185288,False,144216.5516129909,1838.009895571424,False,150259.12016384513,2676.648097602528,False,149468.08259244208,3734.32736820741,False,3.4698718768416943,60.05343885269964,141131.6082445082,605.8367133613865,0.0,0.0010647201788588,False,170941.890625,1583.3948974609375,False,174340.54833984375,2221.933956012828,False,180689.02069160345,4514.354793344815,False,False,4.194659759310812,72.59741924331122,False,False
COSMOS 1426817,149.53735835662,1.97582477413,2025052400208,-1,r,20250524,r_57,0.1347691619465852,149.53732107817353,1.9758211115687137,745301785807162104,745301785807161023,787.6987962899674,3233.936714057256,0.009650653,0.009175277,149.53732107817353,1.9758211115687137,5.097999e-07,5.36146e-07,125818.835772295,611.1062117973613,122695.70402963192,410.76705576589785,False,125839.16317898504,506.1081912973518,False,127669.20798768608,678.4794776336938,False,128915.62868966986,960.5544359949204,False,129462.4753074732,1322.660919768086,False,1.0664945977052511,20.37266464744493,124818.54209512164,346.4873464893748,0.0,0.0003470055246828,False,261489.453125,1051.6754150390625,False,265292.22329711914,1409.8570197151337,False,269018.5711121559,2748.443901268128,False,False,2.21613909429815,42.333696464448806,False,False
COSMOS 1426817,149.53735835662,1.97582477413,2025052400209,-1,r,20250524,r_57,0.1268380242978964,149.53732318269533,1.975822404569337,745301785941379709,745301785941378203,2642.3535321632958,2180.983274324177,0.011654756,0.009968552,149.53732318269533,1.975822404569337,5.5371186e-07,6.4759763e-07,126795.11873742024,621.3840433683383,122413.90089790992,415.6908778669774,False,126729.2693632494,513.8849461527262,False,128864.1286610652,690.017101132305,False,130006.77487112652,977.2720939877546,False,130249.6291033373,1345.537520819805,False,0.6181606022242855,21.183854076392773,124896.03073245085,355.7104913813447,0.0,0.0042850909524154,False,261476.5625,1060.2828369140625,False,265881.3513338566,1423.690837774304,False,268740.0113325119,2776.2057449434174,False,False,1.275431557008636,43.70798768293925,False,False
COSMOS 1426817,149.53735835662,1.97582477413,2025052400210,-1,r,20250524,r_57,0.1302685337527475,149.53732249904735,1.975819757352541,745301786075597301,745301786075595645,3201.1006664170545,1652.110051974258,0.010343762,0.009828787,149.53732249904735,1.975819757352541,5.4601634e-07,5.747347e-07,126898.4489708662,618.0992645207963,123082.85683423108,415.3539972729659,False,126215.1665763176,512.6068930468197,False,127785.27287063256,685.9643845029949,False,128883.84412850002,974.9323252549316,False,128208.66663021906,1342.216321921428,False,0.3619274603081001,20.25670097409165,126037.37630776232,353.37026103627164,0.0,0.0006425641272929,False,261401.140625,1061.6475830078125,False,264652.949320972,1420.6840382275748,False,265529.82976800203,2779.831354923605,False,False,0.7495790998369495,41.95315732301744,False,False
COSMOS 1426817,149.53735835662,1.97582477413,2025052400211,-1,r,20250524,r_57,0.1307506637554522,149.53732209869642,1.9758223162550916,745301786210339523,745301786210338282,2424.319044097227,2821.898433054097,0.010545708,0.010263871,149.53732209869642,1.9758223162550916,5.703195e-07,5.858556e-07,126060.9940594684,621.7334945416044,123018.22131313792,415.8882083520799,False,126282.44719622168,513.3417903739004,False,129060.49250913528,689.4863842563457,False,130911.33808142976,976.88749100439,False,130046.87367692911,1344.6183169007843,False,0.8298282732281519,21.28941854149633,126917.47852641564,361.37468419866326,0.0,0.0001715457762182,False,260674.0625,1059.6475830078125,False,266408.5440024137,1423.2478132393617,False,268444.6463419795,2775.580668260339,False,False,1.71294357974886,43.94592710775973,False,False
COSMOS 1426817,149.53735835662,1.97582477413,2025052400212,-1,r,20250524,r_57,0.1346897969947298,149.5373211633883,1.9758205193944864,745301786346129740,745301786346128192,443.7832386217673,1736.6123468441945,0.011611665,0.010056777,149.5373211633883,1.9758205193944864,5.6100816e-07,6.434416e-07,125810.6914499332,623.3706508824164,122090.18636602182,416.6709675257369,False,125779.47202526333,514.9520866708446,False,128448.79333754056,691.7587555881465,False,127720.8633026016,980.4222603680364,False,126900.0999385224,1351.3458924552233,False,-0.2662829176065018,21.8479508100658,126050.45192151167,361.1993669073906,0.0,0.0004321964033121,False,258881.21875,1059.8822021484375,False,264375.2563972473,1423.788372173109,False,261187.71213305,2781.360630304985,False,False,-0.5480675433939732,44.96778402571009,False,False
COSMOS 1426817,149.53735835662,1.97582477413,2025052400213,-1,r,20250524,r_57,0.1328841915846429,149.53732166426377,1.9758205566096851,745301786478774402,745301786478772916,1909.8899369963608,1536.397361578042,0.013277443,0.0116021205,149.53732166426377,1.9758205566096851,6.485237e-07,7.342814e-07,126133.58550465154,635.4109651024856,121285.84433058032,420.70574533164256,False,126349.31282601856,521.4362931334861,False,129679.68175056991,701.5191238647051,False,131315.65469956218,994.4210088431583,False,130211.72756311813,1370.4271163485732,False,-0.1255539455010434,21.30365604441285,126688.09659752644,378.7038154084317,0.0,8.548361435378737e-07,False,257504.0625,1062.704345703125,False,264291.46409732103,1429.7190881073238,False,265375.79099315405,2792.975615988064,False,False,-0.2558830776859166,43.41755293194858,False,False
COSMOS 1426817,149.53735835662,1.97582477413,2025052400214,-1,r,20250524,r_57,0.1392669514864269,149.53731978558693,1.9758215193539173,745301786614040335,745301786614038629,4038.025232009324,252.0031982702932,0.013558749,0.012906238,149.53731978558693,1.9758215193539173,7.1960466e-07,7.511322e-07,125270.9272693066,640.1533725403923,119779.52137173255,424.4088411749815,False,125946.96881443418,527.5241221972897,False,129978.72644820117,705.4991123927875,False,131589.81023151404,1005.8783176378272,False,131846.34919206574,1389.4333667895712,False,-0.1355078670172829,21.80461168111812,124827.35269289697,383.1479816133244,0.0,8.83298526531684e-05,False,255746.765625,1071.1856689453125,False,263933.61588686705,1432.5800600378216,False,267725.9935887456,2821.3707162054616,False,False,-0.2751610382737612,44.2762455154535,False,False
COSMOS 1426817,149.53735835662,1.97582477413,2025052400215,-1,r,20250524,r_57,0.1352593085430588,149.5373208685154,1.9758219510044808,745301786748258337,745301786748256705,2968.7646733214647,1021.173949302032,0.013132445,0.01208977,149.5373208685154,1.9758219510044808,6.773863e-07,7.246659e-07,127388.0503725076,637.6879587548134,122237.19845572684,422.4589128570275,False,127540.31465637364,523.5736164773757,False,131034.35064779918,703.5152956294854,False,132328.0342872072,999.061438258419,False,132138.09342178717,1375.7425192414828,False,0.3712754229508155,21.66152757363129,126761.38435942722,377.0538243650358,0.0,0.0001452347002498,False,260121.796875,1067.842041015625,False,267247.9743733406,1434.837786947889,False,269499.0865368247,2805.8627352974795,False,False,0.7572259047164382,44.17925022916467,False,False
COSMOS 1426817,149.53735835662,1.97582477413,2025052400216,-1,r,20250524,r_57,0.1342714587797809,149.53732130489826,1.9758203115258808,745301786881951472,0,1453.5452305967774,3328.507148764154,0.0102709355,0.009993731,149.53732130489826,1.9758203115258808,5.571448e-07,5.6885153e-07,126569.97247397686,630.0381737586955,122789.51034026146,420.8962449862048,False,126568.55423381778,520.9665489427922,False,129457.70347837466,700.7758656729878,False,128843.49846418836,996.3790074610656,False,129662.59739361494,1370.6771352945102,False,0.1464486373506305,21.33627153037721,127097.792228579,362.01078821711326,0.0,2.539914206101113e-05,False,260950.9375,1074.095458984375,False,266907.6003417969,1444.814790148561,False,267330.0374913216,2825.9743158964566,False,False,0.3019384194090262,43.98975790085194,False,False
COSMOS 1426817,149.53735835662,1.97582477413,2025052400217,-1,r,20250524,r_57,0.1292256438509301,149.5373225516723,1.97582193628905,745301787017218073,745301787017216169,3446.156528492398,315.39800458642986,0.011203695,0.010250256,149.5373225516723,1.97582193628905,5.784985e-07,6.1437635e-07,126857.20207482672,634.8579925380877,122245.97557757056,422.398272874782,False,126559.7506210008,523.6643022235128,False,128494.96183242089,704.5932311457325,False,130669.10127640972,1000.7865966504576,False,129578.51173810508,1379.2581092959056,False,0.277240572642985,21.97449187892776,127666.81409674766,366.8754777111688,0.0,0.0004209421683463,False,260989.921875,1079.8939208984375,False,264980.6900331378,1453.003276697863,False,267215.17298561335,2844.288681229957,False,False,0.571722013038372,45.31552006529094,False,False
COSMOS 1426817,149.53735835662,1.97582477413,2025052400218,-1,r,20250524,r_57,0.1284865019376039,149.5373228182961,1.9758212592244209,745301787151435870,745301787151434156,3546.89182417824,887.5172311004055,0.010993377,0.010593206,149.5373228182961,1.9758212592244209,5.931649e-07,6.065265e-07,125650.12913950597,634.7393079622042,122033.53229988176,421.9394187696709,False,125778.66568123762,522.6435944784519,False,128653.15274836076,703.7662018949355,False,130862.9954714072,997.7585236268296,False,131589.91658098096,1376.365438433371,False,0.9145254208543806,22.021034371648444,126948.66157333758,366.7875477562797,0.0,0.0004171376677425,False,258490.40625,1074.095947265625,False,264397.8256499171,1446.3248631836768,False,270433.2313528061,2828.597834156963,False,False,1.8794606086989536,45.25589526604215,False,False
COSMOS 1426817,149.53735835662,1.97582477413,2025052400219,-1,r,20250524,r_57,0.131388516354821,149.53732205223056,1.9758208275877829,745301787286178263,745301787286177122,935.827865632249,2924.9382225373847,0.010898801,0.011210331,149.53732205223056,1.9758208275877829,6.1868525e-07,6.1007756e-07,125537.55059949722,630.9016165231345,121856.28981519696,420.208018953579,False,126032.3734223641,520.178651007601,False,128903.24169171398,698.642493986128,False,131876.65403703207,992.2880173921592,False,133932.68912911284,1367.3633093519352,False,1.6728466367544437,21.623254388803648,127392.54193463916,369.76097072053057,0.0,0.0004467053677668,False,258672.796875,1067.6309814453125,False,264565.0569707751,1433.915771223974,False,274887.6526661515,2806.419350598041,False,False,3.433402914837309,44.38024563376932,False,False
COSMOS 1426817,149.53735835662,1.97582477413,2025052400220,-1,r,20250524,r_57,0.1294762303241683,149.53732246791623,1.9758221174782795,745301787420396171,745301787420394960,2103.8039379119828,2916.8953321784493,0.011034548,0.011037702,149.53732246791623,1.9758221174782795,6.1331434e-07,6.133095e-07,126634.55304129585,633.8161489850958,122735.60993385992,422.0673576712339,False,126698.9289007767,522.4048463397918,False,129487.36611587506,702.0247312853139,False,130911.82632388172,997.2985376166224,False,131279.71989908058,1373.2296067624452,False,0.8130682020790759,21.110094919812205,125674.04174073448,363.75783419222745,0.0,0.0029974675914461,False,260045.765625,1072.2203369140625,False,265768.94968652725,1440.8847834676149,False,269447.70226848125,2818.512733829975,False,False,1.6687981891352783,43.327839023312656,False,False
COSMOS 1426817,149.53735835662,1.97582477413,2025052400221,-1,r,20250524,r_57,0.123714720387475,149.53732416709707,1.9758211090214688,745301787553040635,745301787553039161,1659.84015031934,1676.0039098599111,0.0124022495,0.011969326,149.53732416709707,1.9758211090214688,6.731957e-07,6.811238e-07,126645.72367163586,645.0649004102735,121422.33568218636,427.2262179919194,False,126638.7468322552,530.8891485805218,False,129355.96853045007,713.4857078464398,False,131923.35153081233,1016.0449946686796,False,132494.84454625795,1400.83846229694,False,0.926185471100994,21.823884471479005,126840.25802256777,378.5168185888127,0.0,0.0002082535314708,False,258198.65625,1082.4085693359375,False,263738.69047141075,1454.697362597474,False,270138.4187511802,2856.1132957789323,False,False,1.8883623697991332,44.49584179915384,False,False
COSMOS 1426817,149.53735835662,1.97582477413,2025052400222,-1,r,20250524,r_57,0.1278784146532799,149.53732285295715,1.975823105206944,745301787687258410,745301787687257094,1120.705720348947,2151.1780599257345,0.012116894,0.012073704,149.53732285295715,1.975823105206944,6.7162586e-07,6.7239796e-07,125528.97837466568,645.7403548179298,120963.81934019866,426.5804619428101,False,125972.73770459346,529.8167817935248,False,129682.332983421,714.3391066506375,False,130966.7159353743,1014.5157992200232,False,131550.53302308766,1398.2219196976569,False,0.449968615246538,21.80269908830003,126399.02112869611,378.1461917516453,0.0,4.545310123194035e-05,False,256398.71875,1078.363037109375,False,263949.04665350914,1453.930707830957,False,267751.489192009,2845.872172591294,False,False,0.9158440034658164,44.37614211926491,False,False
COSMOS 1426817,149.53735835662,1.97582477413,2025052400223,-1,r,20250524,r_57,0.1337909922567161,149.53732132353548,1.9758214042573337,745301787821474797,0,536.8305938910547,1890.5948893608129,0.009367715,0.008792352,149.53732132353548,1.9758214042573337,5.0284467e-07,5.066616e-07,125824.65837502762,630.5021484354936,123023.3220921021,421.7079866594357,False,125783.7252987022,521.6377728223473,False,127375.77985805618,701.2307758822066,False,127680.28484515044,995.862803290998,False,128945.0656655808,1374.0648744756932,False,1.0038621214461492,20.9187157294152,126044.6543691122,354.56119694488603,0.0,9.113143580363749e-05,False,260689.703125,1081.1064453125,False,263989.2733154297,1453.31713107349,False,267241.6547368765,2847.7814864436577,False,False,2.0805276501134875,43.35452603512437,False,False
COSMOS 1426817,149.53735835662,1.97582477413,2025052500521,-1,g,20250525,g_6,0.1196943709462288,149.53732584233157,1.975817735930323,745306225861723141,0,1025.272460616413,2052.631557371076,0.012235311,0.014263065,149.53732584233157,1.975817735930323,7.723533e-07,7.028698e-07,91700.81083941025,391.4802116761864,87920.35172144396,279.44527928525764,False,91560.74548979066,332.1427825634693,False,93160.47441864831,427.78615898147183,False,93910.9505469893,589.7018169699156,False,94176.85588778596,800.9414730446597,False,0.189467436560087,12.222701602380958,91912.48385975289,277.8627119141662,0.0,0.0003506568382548,False,201852.0,732.2317504882812,False,205378.7131347656,943.0841929127404,False,207619.39642333984,1765.7309074120374,False,False,0.4176940762107608,26.945791568712163,False,False
COSMOS 1426817,149.53735835662,1.97582477413,2025052500522,-1,g,20250525,g_6,0.1207492692764043,149.5373258815581,1.975816309273509,745306225995940027,0,2324.30850840335,374.0656080805454,0.013138876,0.015076262,149.5373258815581,1.975816309273509,8.22241e-07,7.475172e-07,91877.65807554028,391.6269182994279,87671.55567970662,278.7250616122607,False,91604.2930904949,331.5695627953371,False,93370.87297214002,427.3224443018096,False,94578.9737556589,588.4127330758661,False,94011.8811704778,798.6870162706128,False,0.1288565109065628,12.285837328861753,91305.61992885522,279.36604471463136,0.0,0.0007861334960612,False,201414.28125,729.0361938476562,False,205298.53607177731,939.5721540694128,False,206707.9482421875,1756.1073384075328,False,False,0.2833223275135033,27.01339655230497,False,False
COSMOS 1426817,149.53735835662,1.97582477413,2025052500523,-1,g,20250525,g_6,0.1212610627469621,149.53732525904368,1.9758184149278089,745306226128586684,0,2663.786239119918,3884.904729479928,0.012474145,0.013665547,149.53732525904368,1.9758184149278089,7.5184755e-07,7.01435e-07,91347.53751950744,387.7778355205753,87687.11204312512,277.10530565312416,False,91064.94094658818,329.0118578597062,False,92823.74064236911,423.8085223246981,False,93028.7750889155,583.7418025387084,False,92776.31720026204,792.4592639653575,False,-0.0878610011094891,11.940585590462398,91536.82763508936,276.7926680595942,0.0,0.0001340633283778,False,201649.859375,728.5481567382812,False,205544.4614868164,938.4613665848294,False,205439.4492797852,1754.78397589646,False,False,-0.1945552079001155,26.440662895549867,False,False
COSMOS 1426817,149.53735835662,1.97582477413,2025052500524,-1,g,20250525,g_6,0.1219681062637694,149.53732539977588,1.975816837256977,745306226266474267,0,2046.280027343104,3647.0853986424186,0.013104534,0.01352973,149.53732539977588,1.975816837256977,7.498848e-07,7.303999e-07,92081.1492683221,392.6887991745667,88101.12697370767,280.2749522531319,False,91649.755855926,332.8990168302103,False,93553.29336398764,428.6131167908477,False,93150.56646371757,590.0046583606832,False,93015.59250439328,801.5786975712975,False,-0.3427213571438271,12.270515599606744,91224.03138366372,277.9608331212437,0.0,0.0004711147283229,False,202650.046875,736.0848999023438,False,206859.02661132807,947.721763115738,False,205670.09704589844,1772.3992728598378,False,False,-0.7578034272065052,27.1317750736806,False,False
COSMOS 1426817,149.53735835662,1.97582477413,2025052500525,-1,g,20250525,g_6,0.1194496831049086,149.53732663746334,1.975814974410748,745306226402265514,745306226402264475,1438.867060557773,3057.4160070276016,0.014447496,0.01377827,149.53732663746334,1.975814974410748,7.678645e-07,8.011453e-07,91152.07654958694,387.7896099247921,87162.23457701273,276.45398778473253,False,91090.10109391624,328.5821983427447,False,93264.74029441769,423.3727572396779,False,93768.32713568106,582.7227313945072,False,93896.2266854534,791.1823978705006,False,-0.1018512223495546,12.030661009146586,90474.07871748669,276.65947565048185,0.0,0.0019153338269676,False,201813.0,727.9842529296875,False,206630.98192888495,937.9957342315174,False,208030.06000107527,1752.8896262483506,False,False,-0.2256546044980018,26.654309975302663,False,False
COSMOS 1426817,149.53735835662,1.97582477413,2025052500526,-1,g,20250525,g_6,0.1217300472531511,149.53732509206165,1.975818596389416,745306226534909210,0,1074.1069765416812,2646.496410815438,0.01332408,0.013094825,149.53732509206165,1.975818596389416,7.2802237e-07,7.4002867e-07,91064.84846835352,390.27453734267925,87695.71282576935,278.8253697035574,False,90976.41587380896,330.96864553772684,False,92703.46961206444,426.33199679316107,False,93121.58371801594,586.8365220147404,False,93084.90361100071,797.2758904531631,False,-0.0062323479753815,12.252196709009253,91073.66427764951,276.536158834433,0.0,2.281107108681457e-05,False,200878.21875,730.787109375,False,204691.59692382807,941.3517919933348,False,205533.81280517575,1760.405256552412,False,False,-0.013761181377615,27.053159074701924,False,False
COSMOS 1426817,149.53735835662,1.97582477413,2025052500527,-1,g,20250525,g_6,0.122524936758024,149.53732494950154,1.9758181671483384,745306226670699467,0,276.44324625096414,1929.3191618490537,0.01207433,0.013304258,149.53732494950154,1.9758181671483384,7.3824566e-07,6.72483e-07,90940.92983436333,384.88828045969007,87988.52223341692,276.1059621150206,False,90834.52074523768,327.02193953251964,False,92453.70832366588,421.5034757495862,False,93452.79398746807,580.5127476882461,False,95407.5014777546,787.839337783937,False,0.6741297805654202,12.078991389308587,91067.2952345214,272.07421310310394,0.0,0.0001652134571739,False,201220.53125,724.4330444335938,False,204807.42510986328,933.7326009781358,False,211350.7945556641,1745.2555348770686,False,False,1.493361240461343,26.757900458766706,False,False
COSMOS 1426817,149.53735835662,1.97582477413,2025052500528,-1,g,20250525,g_6,0.1190489531398198,149.53732561100716,1.975820023509501,745306226801247648,0,3828.847921071461,3050.1358234528766,0.0128235975,0.014049068,149.53732561100716,1.975820023509501,7.8039176e-07,7.1335194e-07,91347.04881989054,388.1894424646704,87504.41263649386,277.63755036663105,False,91283.70247321264,329.7075817531895,False,93016.98282733424,424.0074290167607,False,94440.26362393957,584.5434303694688,False,93708.4493144419,792.8985395166065,False,-0.113993429361433,12.193723552725682,91595.63731852476,278.5170249553105,0.0,5.603633044204415e-05,False,201334.765625,727.2009887695312,False,205157.6779785156,935.1881445584391,False,206682.7721557617,1748.812080281547,False,False,-0.2514231978047678,26.89440072070365,False,False
COSMOS 1426817,149.53735835662,1.97582477413,2025052500529,-1,g,20250525,g_6,0.1181283103126705,149.53732636014652,1.9758174145673035,745306226938086746,0,992.2865890255348,2871.706950056121,0.012636543,0.014424386,149.53732636014652,1.9758174145673035,8.014014e-07,7.024246e-07,91119.74451261546,389.27159633980045,87759.11960865062,278.3780555480538,False,91294.52497146688,330.4089113125359,False,93417.24313439184,425.898853773474,False,94932.01888809356,586.9545612908967,False,93646.86052454736,795.7779885252365,False,-0.3183783591830954,12.248280067990397,91892.31597605624,279.1737151447179,0.0,0.000252047341638,False,202432.0,732.6325073242188,False,207138.8110961914,944.3672202031572,False,207647.95343017575,1764.5190642427674,False,False,-0.7059565513517434,27.158735219865108,False,False
COSMOS 1426817,149.53735835662,1.97582477413,2025052500530,-1,g,20250525,g_6,0.1259798369854365,149.53732436107177,1.975816390546752,745306227073351996,0,3642.402163986085,604.9597424386611,0.011027915,0.012018794,149.53732436107177,1.975816390546752,6.678994e-07,6.1308526e-07,91337.37639780168,384.2675478041192,88417.53838311428,276.1659248707039,False,91116.47317313978,327.0581160235436,False,92152.45147757874,420.8076033973708,False,92939.93031032484,579.4227157279031,False,92661.25089398451,786.9402658483489,False,0.0237166417835369,12.162710726961828,91455.53090783716,270.04018962586355,0.0,1.5906875248994368e-05,False,203075.28125,728.9287719726562,False,205384.2115478516,937.8723674881109,False,206518.19512939453,1753.888295373718,False,False,0.052858320046534,27.107567003243936,False,False
COSMOS 1426817,149.53735835662,1.97582477413,2025052500531,-1,g,20250525,g_6,0.1242906917148794,149.5373249038121,1.9758161585153344,745306227207569988,0,3962.0129266957274,1096.5450839311231,0.011616363,0.011046571,149.5373249038121,1.9758161585153344,6.141135e-07,6.45552e-07,91135.98998078972,385.5463682913916,88717.27910850162,276.94643365440834,False,91064.73858906288,327.90111410008933,False,92471.3297381312,422.4441306982562,False,92956.96882571484,581.4665365109646,False,93732.23214562392,790.2786143107985,False,0.4265931638170808,12.21425028277244,90939.020224339,267.99095798903573,0.0,0.0003172375969446,False,202981.375,730.8846435546875,False,206116.63690185547,941.6190266219064,False,208927.1616821289,1761.5143056608572,False,False,0.9508671336326776,27.22530537510438,False,False
COSMOS 1426817,149.53735835662,1.97582477413,2025052500532,-1,g,20250525,g_6,0.1253875614207604,149.5373243187719,1.9758172959933848,745306227342312784,0,1999.2115567179155,2365.945619930198,0.010827152,0.011212661,149.5373243187719,1.9758172959933848,6.228605e-07,6.023162e-07,91671.78378034817,386.169160204868,88953.1034439611,278.27141015615985,False,91689.06885291376,329.37328347622184,False,93018.713590546,423.1994353533535,False,94034.53716497224,583.1799570558019,False,94770.8391816938,791.2473007526739,False,0.7432532377775258,12.14871758816076,91136.15559766648,269.8336031226097,0.0,8.506211189596158e-05,False,205953.75,739.8446044921875,False,208940.4235839844,950.5987114857248,False,212876.08178710935,1777.3149057583908,False,False,1.669509718388405,27.288683114302906,False,False
COSMOS 1426817,149.53735835662,1.97582477413,2025052500533,-1,g,20250525,g_6,0.118798577786877,149.5373260013328,1.9758181897741145,745306227476530206,0,3075.9307791916726,1897.933205191916,0.011407914,0.011444147,149.5373260013328,1.9758181897741145,6.3598975e-07,6.342964e-07,91535.61539252634,385.37514633703785,89192.86349121346,278.412491369618,False,91520.4163181082,329.13522834741366,False,92889.08251547642,422.0145480937059,False,94061.3381516383,582.3161366227058,False,94632.14772387508,791.027434227548,False,0.4575811973927894,12.328684030655106,91291.1752139195,270.38661678610447,0.0,0.0016077974913407,False,204875.5,736.7945556640625,False,207939.3646850586,944.7120656384624,False,211841.35038912296,1770.7758292727572,False,False,1.0243307491150218,27.598708645982388,False,False
COSMOS 1426817,149.53735835662,1.97582477413,2025052500534,-1,g,20250525,g_6,0.1191083177861826,149.53732639475484,1.9758161536109904,745306227609174697,0,573.3430250926626,1235.947994749741,0.011247026,0.010906684,149.53732639475484,1.9758161536109904,6.069712e-07,6.242004e-07,91386.41822956076,385.5619111704687,89046.86581962966,277.8107295414489,False,91243.73468473415,328.4970080261699,False,92507.05813587247,422.6081906661033,False,93100.1998575963,582.0078753006031,False,93203.4495645602,789.7757934988865,False,0.3046352326789436,12.097254493837797,90289.05823317762,266.7553668957058,0.0,0.0024869462428931,False,203538.34375,732.7816772460938,False,206356.45245361328,942.71646684092,False,207909.9000244141,1761.7610403391363,False,False,0.6795529679008417,26.98547086115652,False,False
COSMOS 1426817,149.53735835662,1.97582477413,2025052500535,-1,g,20250525,g_6,0.1182561374355399,149.53732625582452,1.975817716094526,745306227743394399,745306227743392747,267.3835593659703,1874.0239615191983,0.011777242,0.010775729,149.53732625582452,1.975817716094526,6.032277e-07,6.504236e-07,91821.72686598312,385.72170066567935,89036.59617589325,278.09904707593364,False,91348.6398156978,328.7163795939273,False,92274.72194814635,422.73005263513966,False,92891.77968465933,581.1634398293556,False,92415.97740230882,789.2679684681436,False,0.0254242474341349,11.90955276575789,91799.35660419113,272.7000707511829,0.0,0.0006986952797929,False,203142.0625,731.0029296875,False,205201.49365091324,940.0715210023168,False,205515.61901015043,1755.1823793248332,False,False,0.0565387078745858,26.48458824531821,False,False
COSMOS 1426817,149.53735835662,1.97582477413,2025052500536,-1,g,20250525,g_6,0.1275689488008288,149.53732409450097,1.9758156527321025,745306227877086175,0,3854.038954311032,1856.507491088068,0.012847983,0.010749923,149.53732409450097,1.9758156527321025,6.109374e-07,7.024921e-07,91501.7004602897,386.7924542594113,88395.27000811773,277.5344251582542,False,91204.04248256664,328.9000483493678,False,92365.79439282791,423.7172070674589,False,93182.6995212157,582.4549419474606,False,94050.02048110995,791.8640165684737,False,0.4981281038502333,12.237721012877364,90789.55004494984,271.2949718992827,0.0,0.0006657297137915,False,202905.046875,731.7162475585938,False,205489.63983154297,942.6595293536528,False,209236.60064697263,1761.689515365112,False,False,1.1082042364603102,27.22571596797028,False,False
COSMOS 1426817,149.53735835662,1.97582477413,2025052500537,-1,g,20250525,g_6,0.126812934250819,149.53732414470676,1.975816300973726,745306228011829951,745306228011828589,1168.7500034970694,2578.902430001438,0.0119886715,0.01060762,149.53732414470676,1.975816300973726,6.0105054e-07,6.55958e-07,91898.19781057152,386.27571722073344,89182.83825957752,278.2315828070257,False,91650.95383555251,328.9561750694292,False,92962.91013634852,422.974688411424,False,93548.61006768252,581.8946709042585,False,92865.9612889294,789.9293454348044,False,0.0789513908443651,12.29333288219999,91539.6227012779,272.0319385886472,0.0,0.0023730811129598,False,204648.84375,734.5313720703125,False,207578.33142876625,944.4667763548824,False,207361.85283583403,1763.8455512147425,False,False,0.1762917915480116,27.44997465809425,False,False
COSMOS 1426817,149.53735835662,1.97582477413,2025052500538,-1,g,20250525,g_6,0.1133194414563241,149.53732768309763,1.9758176261111944,745306228146571229,0,2351.18695506435,3579.124385272036,0.012056041,0.011089748,149.53732768309763,1.9758176261111944,6.263385e-07,6.6069435e-07,91199.63975707925,393.8271294441065,88809.35670244091,282.749712685453,False,91130.54743374996,335.1144309371138,False,92350.8335215159,431.9288891681839,False,93099.10309875286,595.9670250665955,False,93060.65213173702,809.4391209608029,False,0.2742643114411944,12.675200286931531,90637.44135554844,272.0715231071898,0.0,0.0011136465966178,False,200808.859375,738.4345703125,False,203497.7958984375,951.7680954131048,False,205061.9022216797,1783.6230681244028,False,False,0.6043495304120082,27.930179107272124,False,False
COSMOS 1426817,149.53735835662,1.97582477413,2025052500539,-1,g,20250525,g_6,0.1184742269852567,149.5373269194891,1.97581498039312,745306228281836073,0,581.1282395487486,1262.250857369128,0.0143156005,0.01271726,149.5373269194891,1.97581498039312,7.2790084e-07,7.765342e-07,91550.9199468878,404.50305651929904,87708.09696583735,287.2579495090884,False,91317.29604031722,342.2271414415819,False,93288.66214524416,442.5318842696371,False,93747.38176823496,610.8130874637922,False,93350.3987355078,830.6235459605012,False,-0.3348609839388071,12.605810800898388,91675.75374401704,284.5859208072964,0.0,0.0009850032823034,False,194616.921875,729.360107421875,False,198818.3297119141,943.13122357539,False,198949.9037475586,1770.2385502124291,False,False,-0.7136612315089972,26.865711121432263,False,False
COSMOS 1426817,149.53735835662,1.97582477413,2025052500540,-1,u,20250525,u_24,0.1445199044114934,149.53731823756084,1.9758227870041032,745306228411859087,0,1845.8354132938848,1232.208452708088,0.058494564,0.06253195,149.53731823756084,1.9758227870041032,3.4491222e-06,3.2818477e-06,36834.74670002656,778.2167877626865,35314.20242457558,513.0793589425175,False,37008.01237171515,638.5040303949507,False,38796.021630504285,861.6929498159529,False,38980.93141904393,1225.675903772107,False,37248.79426985559,1690.476060244694,False,-0.0521443820094049,26.833482490137936,36573.799009253016,466.68768421530245,0.0,0.0066189554123254,False,14425.2314453125,248.88038635253903,False,15122.173694610596,335.87646131974884,False,14519.08502960205,658.9251045653926,False,False,-0.0203251871919863,10.459334900671966,False,False
COSMOS 1426817,149.53735835662,1.97582477413,2025052500541,-1,u,20250525,u_24,0.1376605865945772,149.53732030383566,1.9758287656179516,745306228544504296,0,3300.8703474284484,3898.5540535850137,0.06021796,0.0635714,149.53732030383566,1.9758287656179516,3.5171765e-06,3.36617e-06,35711.63209990509,771.8476071429697,33204.209365282986,503.69695634987136,False,35739.89991936435,628.6562914569922,False,36608.31248219785,846.3063898500166,False,40038.87210367383,1204.6296144341336,False,42076.60428228795,1660.5796063282032,False,1.429783297610438,25.76861657844615,36444.340316244816,487.39541741150776,0.0,0.0188397067778178,False,14576.783203125,256.4021301269531,False,14930.97170639038,345.1723366908211,False,17161.25506591797,677.2797060873078,False,False,0.5831477201597935,10.509921352772018,False,False
COSMOS 1426817,149.53735835662,1.97582477413,2025052500542,-1,u,20250525,u_24,0.1704536074693948,149.53731140442375,1.9758184522516051,745306228678721930,0,3681.371058117839,3217.1988309658927,0.06421344,0.06766512,149.53731140442375,1.9758184522516051,3.749041e-06,3.583715e-06,36794.943540933535,760.3600968047823,34820.53698203216,498.9068215436921,False,37222.984177792336,620.6991638452604,False,38893.20469488776,834.2321918128982,False,39523.81442575045,1182.7043167878255,False,40242.306688722514,1628.2189553621713,False,-0.1563055631520675,25.49756780336346,37360.30890535356,484.8155912447095,0.0,0.0084835737382434,False,15312.498046875,255.3383331298828,False,15999.580207824709,343.17986829751493,False,16554.563159942627,669.8038893061906,False,False,-0.0642997514398557,10.488988613169866,False,False
COSMOS 1426817,149.53735835662,1.97582477413,2025052500543,-1,u,20250525,u_24,0.1268945495198381,149.53732323222397,1.97582158052444,745306228816609687,0,3072.314148048147,3301.0862327535237,0.059799254,0.063937336,149.53732323222397,1.97582158052444,3.545251e-06,3.334803e-06,37165.54065196742,767.9642816355389,34661.86332124579,504.0280690270317,False,36729.96010550383,629.0072798036858,False,37284.19107374843,848.0484710063952,False,38631.84338429595,1205.1719529951922,False,40201.545591630056,1661.9348025782751,False,0.927806359474216,26.96369233138182,36864.073169889394,469.1281345625052,0.0,0.0011326963588558,False,15147.3955078125,259.40191650390625,False,15375.959754943848,349.73426497690787,False,16579.07357788086,685.3801008915119,False,False,0.3826263312361643,11.119797324070872,False,False
COSMOS 1426817,149.53735835662,1.97582477413,2025052500544,-1,u,20250525,u_24,0.1204853948410517,149.53732487266834,1.9758242489365911,745306228952400248,0,2132.383976909331,2636.745505494922,0.05450225,0.061017238,149.53732487266834,1.9758242489365911,3.38545e-06,3.0390838e-06,35411.231221758026,724.2850757001023,34364.46414065725,480.7157657302336,False,35288.13985988107,595.9302909796895,False,35914.77426313021,802.429807248294,False,36021.60024121745,1139.1871080535573,False,34553.25774740372,1569.1198091212225,False,-1.155724381552542,24.692899572395334,35316.02873322603,432.0822855125761,0.0,0.029326783763141,False,14816.63671875,250.2167205810547,False,15079.74535369873,336.92087464807014,False,14508.077487945557,658.8354691479578,False,False,-0.4852607243243833,10.367951497287905,False,False
COSMOS 1426817,149.53735835662,1.97582477413,2025052500545,-1,u,20250525,u_24,0.1201509218389921,149.53732502580718,1.9758227040495089,745306229085045072,0,2207.8346833766614,2218.851424860591,0.051227525,0.054636937,149.53732502580718,1.9758227040495089,3.0350793e-06,2.8501572e-06,36473.74106867142,756.3782162780789,34996.635203106365,499.8549533032786,False,36538.1185377805,621.9416189195476,False,36753.51283915345,838.7167945718822,False,37278.1734266642,1194.1612471911542,False,35287.023246268465,1646.843418617839,False,-0.8020396259901494,26.24438041069269,36200.3135704719,442.7207222873904,0.0,1.7167684464580724e-05,False,15209.388671875,258.88995361328125,False,15299.048889160156,349.12497481452914,False,14688.60666897893,685.5164589161564,False,False,-0.3338577050516744,10.92450837899697,False,False
COSMOS 1426817,149.53735835662,1.97582477413,2025052500546,-1,u,20250525,u_24,0.1368867923828788,149.53732059595592,1.975820120092316,745306229220835517,0,1106.296037961115,1406.5296881476922,0.052011605,0.05647843,149.53732059595592,1.975820120092316,3.1395662e-06,2.8931315e-06,36653.08200945192,715.3047613442118,34824.508218205825,476.2927704409736,False,36455.992725150325,589.4433990955378,False,37328.863750178745,792.5929462161545,False,36307.03365225999,1121.5057235832685,False,35182.15297854375,1542.8838197724613,False,-0.5208839644304488,24.513365931485275,36786.96083741749,438.5259287358335,0.0,0.0193490099346634,False,15278.875,247.0384521484375,False,15644.699279785156,332.1793660213216,False,14745.002876281738,646.6297379295617,False,False,-0.2183048762939552,10.273664928565667,False,False
COSMOS 1426817,149.53735835662,1.97582477413,2025052500547,-1,u,20250525,u_24,0.1291961079932263,149.53732267114555,1.9758207747002523,745306229355053399,0,308.6081048602788,2457.6661895873053,0.051041283,0.052296165,149.53732267114555,1.9758207747002523,2.9076432e-06,2.8382772e-06,36113.3297558921,713.2859452189005,35413.696348351434,477.2188559658787,False,36434.91316614168,589.166731795983,False,37676.3225422872,790.2592500428461,False,37952.99723571181,1120.106446500433,False,40609.06116830502,1542.0250295690648,False,0.7726650581719129,24.59262457552428,36593.91877857808,429.7597918562881,0.0,0.0085578102308657,False,15262.5283203125,246.801025390625,False,15782.552772521973,331.0383677646928,False,17011.072410583496,645.9518807444125,False,False,0.3236681882207308,10.301812092791112,False,False
COSMOS 1426817,149.53735835662,1.97582477413,2025052500548,-1,u,20250525,u_24,0.1086758316901986,149.53732871370687,1.9758189740150172,745306229488222585,0,2109.569932598616,2819.4978736893254,0.064040445,0.05705807,149.53732871370687,1.9758189740150172,3.1732739e-06,3.5594949e-06,36030.41871635856,747.9768161655319,34853.84189881088,498.537214118778,False,35900.38042910572,617.0656036349969,False,37013.51384805975,831.3361683626528,False,37103.94753612832,1181.8385655850427,False,37004.226762067374,1623.1063412725991,False,0.1766167873109664,25.11748241837613,35845.82319917363,451.93301616576696,0.0,0.00121371699154,False,14924.318359375,256.5232849121094,False,15387.064361572266,345.5987232449578,False,15383.203582763672,674.749277827529,False,False,0.0734222069497035,10.441708403010022,False,False
COSMOS 1426817,149.53735835662,1.97582477413,2025052500549,-1,u,20250525,u_24,0.1344360515740115,149.5373218829829,1.9758166635942715,745306229624012850,0,349.07125803978164,423.48988697008576,0.061301675,0.056086395,149.5373218829829,1.9758166635942715,3.1222485e-06,3.4055888e-06,36528.697143013305,739.1149254424325,34522.77208625645,488.0687952854268,False,36645.088481488085,607.6479049480096,False,38081.38526400805,819.2405408783142,False,38660.4667457582,1157.6185482151177,False,40115.51326702807,1594.949256143027,False,0.3249518080830063,24.902398044479803,36310.57904331973,453.06753259239935,0.0,0.0102227090005336,False,15257.2421875,252.9951934814453,False,15855.246688842772,341.0921315775565,False,16702.15919113159,664.05971676232,False,False,0.1352942137851025,10.3681539261691,False,False
COSMOS 1426817,149.53735835662,1.97582477413,2025052500550,-1,u,20250525,u_24,0.135850572871932,149.53732061923333,1.9758235058214864,745306229758230644,0,615.9059537003927,930.2854736442932,0.055545337,0.050702807,149.53732061923333,1.9758235058214864,2.8267154e-06,3.0819838e-06,36983.07035587639,750.5922102611237,34528.65395902124,494.5193528731535,False,37278.504077149846,617.0107004804759,False,38005.5120009438,830.3659765129311,False,40832.86177427884,1180.5885501638545,False,42044.18584099776,1626.7983701260318,False,1.7201230742036906,26.011338608935688,36175.61644655114,451.879112339391,0.0,1.9256560155223035e-05,False,15472.8125,256.0964050292969,False,15774.56434249878,344.6516264272345,False,17450.855937957764,675.2187830330495,False,False,0.7139541261901454,10.796263829072718,False,False
COSMOS 1426817,149.53735835662,1.97582477413,2025052500551,-1,u,20250525,u_24,0.127840157768368,149.53732286931591,1.975822987964955,745306229892448612,0,2753.486990965024,2385.178038879543,0.05212825,0.05072074,149.53732286931591,1.975822987964955,2.8240938e-06,2.8954169e-06,36669.39174458414,738.2851002119071,35513.44791770103,491.9063613036016,False,37539.145533891,610.0146717334491,False,38084.45484084368,817.4317654030012,False,42077.83636480393,1162.4662572491484,False,43160.17972656009,1599.133990151361,False,1.3774868176068342,25.11969889378955,37024.224012694925,440.9909251527743,0.0,0.0026592412838031,False,15647.017578125,254.26551818847656,False,15874.312690734863,340.7208400796215,False,17989.969703674316,666.5489397217502,False,False,0.574162254952518,10.470360061698296,False,False
COSMOS 1426817,149.53735835662,1.97582477413,2025052500552,-1,u,20250525,u_24,0.1329440024899066,149.53732140690371,1.9758250644574276,745306230026666244,0,3869.640140904663,2021.8237748935417,0.054457728,0.051415112,149.53732140690371,1.9758250644574276,2.8714994e-06,3.0168671e-06,36536.57082247168,742.4109612640809,34956.60248833127,494.5509084766931,False,36066.87504342607,612.2100005556478,False,36465.43218650959,822.4459389932731,False,36928.696911954445,1168.1776725651646,False,36483.50105617359,1609.1219655033492,False,-0.4455092952467536,25.032248362831115,36722.89434119724,450.9180167757066,0.0,0.0006584880720059,False,14971.705078125,254.1342315673828,False,15137.149963378906,341.40518208142475,False,15144.650524139404,667.9619310861286,False,False,-0.1849351730630032,10.391125914830134,False,False
COSMOS 1426817,149.53735835662,1.97582477413,2025052500553,-1,u,20250525,u_24,0.1272119893045971,149.5373230140374,1.975823741422608,745306230159310985,0,1810.877272926123,1166.1546831760666,0.06381995,0.056385696,149.5373230140374,1.975823741422608,3.1774302e-06,3.510379e-06,35828.64129784465,746.3056637888602,34550.69256489789,497.79373088293033,False,35599.50461377964,616.4626778838779,False,35168.074887980896,826.146994307566,False,37232.58382526552,1175.8097474621404,False,37292.90740429775,1619.190250002015,False,-0.063480457587607,25.5154405308906,36663.03007253177,458.6896365241181,0.0,0.0056312945751073,False,14704.24609375,254.62767028808597,False,14526.045612335203,341.2370156748813,False,15403.699966430664,668.8006523386954,False,False,-0.0262203724641361,10.539060046679246,False,False
COSMOS 1426817,149.53735835662,1.97582477413,2025052500554,-1,u,20250525,u_24,0.0963136098115266,149.53733159376705,1.975825379022356,745306230293528791,0,1438.1185688018977,1781.8102135539216,0.06760861,0.06485457,149.53733159376705,1.975825379022356,3.6258473e-06,3.739474e-06,36679.00857423188,804.1009708136145,34840.949245066535,530.3602834752176,False,36337.372647052645,659.2990604990526,False,36305.41431523695,887.1539219068212,False,37225.34587733161,1292.5827200229503,False,40515.4974998821,1765.366264654819,False,0.1858680392101206,27.67397869034057,36983.22857678212,497.2672543840818,0.0,8.824339741975162e-05,False,13787.75390625,250.1626434326172,False,13775.627723693848,336.61927269824,False,15373.090243577955,669.845776905137,False,False,0.0705252635780268,10.500539251843,False,False
COSMOS 1426817,149.53735835662,1.97582477413,2025052500555,-1,u,20250525,u_24,0.1419783869666718,149.53731889902895,1.9758241911699,745306230427746489,0,806.661203500999,1703.3413968521347,0.07281447,0.067529134,149.53731889902895,1.9758241911699,3.805438e-06,4.0006607e-06,35810.593358276004,880.9156691792588,33694.7703793216,573.0997669454468,False,35453.62955543231,719.4378373037828,False,36798.88855357655,978.0921819734244,False,38177.269785274846,1396.3983203521416,False,38596.94557928827,1927.8733557306632,False,0.3489860935953621,30.03613201444628,36266.774298441575,525.181071555555,0.0,0.0084979582730853,False,12632.169921875,256.3365478515625,False,13111.487285614014,348.49539516477085,False,13752.137119293213,686.9035447941502,False,False,0.1243441557309471,10.701909174323704,False,False
COSMOS 1426817,149.53735835662,1.97582477413,2025052500556,-1,u,20250525,u_24,0.1120652960288676,149.5373280414383,1.9758176248407544,745306230561964300,0,2274.5344091576635,2560.7526116472823,0.08583708,0.07683137,149.5373280414383,1.9758176248407544,4.3822424e-06,4.6727005e-06,37124.02207978962,893.8839216098878,33427.428092766226,577.9912955981677,False,36005.550147691094,727.3944646840946,False,36441.26208059576,985.4749623522764,False,35885.699509558195,1404.580672612016,False,34677.69802749352,1941.713990569412,False,-1.0893924478920824,30.782029896295608,36223.16522230348,547.900223179035,0.0,0.0062793142842848,False,12346.2626953125,249.42274475097656,False,12495.6678276062,337.91825746161027,False,11890.94369506836,665.8115459533061,False,False,-0.3735514465074123,10.555123469457648,False,False
COSMOS 1426817,149.53735835662,1.97582477413,2025052500558,-1,r,20250525,r_57,0.1355226157676498,149.53732094579084,1.975820386367684,745306230827779358,745306230827778176,2866.146123475214,375.9455706064166,0.020489592,0.020524004,149.53732094579084,1.975820386367684,1.1399468e-06,1.1385e-06,127208.6637682583,842.1544076803797,118460.516497593,539.6719381053987,False,127503.1512440864,681.076096141571,False,132272.32200728686,926.2300615256212,False,133216.24713042766,1325.113991393216,False,133354.00261801976,1831.244745701672,False,0.2472002415009131,28.69399892930501,126055.04405515292,501.77798903109743,0.0,0.0023347601489818,False,189336.890625,1011.3697509765624,False,196418.9113778472,1375.4132203128368,False,198025.16221547127,2719.3224852990006,False,False,0.3670821044880077,42.60939815104111,False,False
COSMOS 1426817,149.53735835662,1.97582477413,2025052500559,-1,r,20250525,r_57,0.1442653206289675,149.537318950357,1.9758173650961424,745306230964094257,745306230964093711,222.19570902178464,3206.2077306809806,0.022221975,0.02384736,149.537318950357,1.9758173650961424,1.3210197e-06,1.2386217e-06,126467.96379996095,1117.0625615886834,118582.27833254712,699.3141951283648,False,126999.37052808244,894.7899273614559,False,132023.62746118588,1234.6474174191844,False,135779.70615909054,1780.4528186277194,False,135002.95063813377,2467.3357932151625,False,-0.3117102717421692,37.86460402601973,127422.40485899142,623.8018564163115,0.0,0.000123587990245,False,146973.671875,1035.5213623046875,False,152788.13762259483,1428.8312111669743,False,156236.04500353336,2855.3952651069376,False,False,-0.3607356714336653,43.81990134798707,False,False
COSMOS 1426817,149.53735835662,1.97582477413,2025052500560,-1,r,20250525,r_57,0.1319526217845152,149.5373216816859,1.975824940275944,745306231098312027,745306231098311351,676.8495003496314,2564.400224567738,0.024500724,0.022699136,149.5373216816859,1.975824940275944,1.2632561e-06,1.3591552e-06,127070.4745106541,929.4171564799829,116159.35293362824,585.4839002141076,False,125657.67334660192,744.0603741319677,False,129845.04917171109,1018.8155669991122,False,130950.44347152975,1461.4878555756627,False,129091.19817751726,2023.354653728819,False,-0.8097483032019914,31.90942075616272,126287.25377327835,551.2567793621406,0.0,0.0045102829858573,False,173674.109375,1028.3814697265625,False,179461.56944549084,1408.1263921535228,False,178419.65615415573,2796.52096109431,False,False,-1.1191701360617812,44.10268058372071,False,False
COSMOS 1426817,149.53735835662,1.97582477413,2025052500561,-1,r,20250525,r_57,0.1270625936719361,149.5373232636619,1.9758208122008416,745306231233054919,745306231233053941,72.24471057223629,3015.745874611302,0.013278365,0.013670043,149.5373232636619,1.9758208122008416,7.5915193e-07,7.380953e-07,126772.96848398594,612.2048965079148,120518.72706985923,409.02180531940286,False,126239.79792468468,504.5298403515884,False,129160.4253405314,675.6539196416359,False,129766.13548560384,954.0373787541268,False,128477.89132257269,1310.4049135224852,False,-0.6168092540062109,20.469108470872428,125737.66871244894,377.5973856406701,0.0,0.0006926117006317,False,253855.234375,1014.5575561523438,False,259728.31536340716,1358.6704584979104,False,258355.80973565576,2635.089345175162,False,False,-1.2403398952985665,41.16126937576922,False,False
COSMOS 1426817,149.53735835662,1.97582477413,2025052500562,-1,r,20250525,r_57,0.1359731031948068,149.53732079378307,1.9758206140132464,745306231368321217,745306231368319943,2990.1179239470403,2239.525430699593,0.015471888,0.014994843,149.53732079378307,1.9758206140132464,8.33211e-07,8.5970095e-07,127021.69555417076,606.4343942363092,119124.10590588422,403.82543070699546,False,126561.9103948418,498.40833637837466,False,130415.62519587584,665.6858037395195,False,131157.9704805412,938.4155672274696,False,130977.64443631993,1291.349523010448,False,0.1135291104161272,19.91095131058589,126525.80360784476,385.30268265771343,0.0,0.0003273766392338,False,254202.484375,1001.0645141601562,False,261942.75847041607,1337.0451235749622,False,263071.58693659306,2593.704977442455,False,False,0.2280258082912079,39.99159995001846,False,False
COSMOS 1426817,149.53735835662,1.97582477413,2025052500563,-1,r,20250525,r_57,0.1355164644556112,149.5373208438236,1.9758213839765624,745306231500965724,745306231500964549,3544.976437586268,1842.978268468384,0.01556206,0.0159791,149.5373208438236,1.9758213839765624,8.874995e-07,8.6478445e-07,127144.46235933114,726.0201171710712,120913.11772270675,478.553741651099,False,126928.45125910795,596.8847623558898,False,129650.20259255556,800.865415440965,False,130735.0106016412,1144.125617758183,False,131763.72938373478,1582.080144631264,False,-0.0618889148762154,24.92762279984991,126312.90149897456,432.61377789989007,0.0,0.000295751478799,False,213072.421875,1001.9793090820312,False,217641.37503409383,1344.3978239015164,False,221189.31300723556,2655.808407594863,False,False,-0.1038917661807103,41.84553509368816,False,False
COSMOS 1426817,149.53735835662,1.97582477413,2025052500564,-1,r,20250525,r_57,0.1389211524981022,149.53732009209443,1.97581960754264,745306231636756292,745306231636754817,2087.132006403123,913.334783125679,0.01624522,0.015387352,149.53732009209443,1.97581960754264,8.550579e-07,9.026675e-07,127191.02123055994,659.344568854817,119765.79587682414,434.6594895414558,False,127161.8059844053,539.3098873694302,False,131666.83583696894,724.7236658103211,False,132801.297150128,1025.6074211055095,False,134069.55264491512,1412.08597554816,False,0.9013990867617568,22.16146465925382,126840.01246027974,408.5009349771783,0.0,1.3335771642197791e-05,False,235720.921875,999.7233276367188,False,244071.93404960632,1343.42642656702,False,248525.8706431389,2617.595789444761,False,False,1.6709311578574315,41.08089562852062,False,False
COSMOS 1426817,149.53735835662,1.97582477413,2025052500565,-1,r,20250525,r_57,0.132312630679838,149.53732181277095,1.9758206564896368,745306231770974258,745306231770972945,1182.68249938478,1882.8382764125788,0.015038727,0.014293886,149.53732181277095,1.9758206564896368,7.947468e-07,8.3523906e-07,127190.84139699022,615.8011593449487,119833.20355072696,409.6201774580443,False,127429.757459866,506.0711261698828,False,131396.89976452474,676.6696476866895,False,133927.7538173037,955.6397202355796,False,133203.99495551156,1313.4692286620805,False,0.3339315275498034,20.619723212885987,126836.09654008338,387.8114213256455,0.0,1.673423377968053e-05,False,252590.765625,1003.1322021484376,False,260454.41954737905,1341.291922635977,False,264036.436549902,2603.5535553547934,False,False,0.6619177646688689,40.87233450914184,False,False
COSMOS 1426817,149.53735835662,1.97582477413,2025052500566,-1,r,20250525,r_57,0.1314226204112757,149.53732199629843,1.975821280232664,745306231904143035,745306231904142276,3357.1975466962795,2867.1848787296017,0.0173097,0.017589292,149.53732199629843,1.975821280232664,9.766269e-07,9.625026e-07,125835.65130150047,856.2803776374566,119608.0723950714,551.6548313736885,False,125387.20722703924,695.3265292210502,False,128391.51930073476,948.3581644066506,False,130356.21637123828,1358.6473696263165,False,132721.15127375326,1878.198935756121,False,0.5651680976467476,29.186426561839752,126938.17642714012,487.6324953228897,0.0,5.450088499869832e-05,False,183335.390625,1016.6743774414062,False,187728.1571581364,1386.6455627253767,False,194058.74531453848,2746.2158474812263,False,False,0.826362722659879,42.6750466255609,False,False
COSMOS 1426817,149.53735835662,1.97582477413,2025052500567,-1,r,20250525,r_57,0.1367046476628065,149.53732041002246,1.9758228363137105,745306232039933858,745306232039932025,1411.5950191159454,278.4250732988208,0.012617706,0.01354698,149.53732041002246,1.9758228363137105,7.503994e-07,7.0368964e-07,127831.53911310108,592.4267139671526,121351.27530108484,398.466826915815,False,127054.5253937396,489.9765987482658,False,129815.49957548428,654.6665228599338,False,129887.45068296324,923.3421265253652,False,130538.47094081466,1267.6655535631855,False,0.2908549505374681,19.60480370554852,126904.56801130455,369.6329234606341,0.0,0.0001808264396989,False,260088.484375,1003.012451171875,False,265740.3695644736,1340.1429281957817,False,267220.3367366195,2594.9899186895864,False,False,0.5953981019080105,40.13224768219661,False,False
COSMOS 1426817,149.53735835662,1.97582477413,2025052500568,-1,r,20250525,r_57,0.125920206793085,149.53732357212422,1.9758209106972453,745306232174151673,745306232174150008,1625.4248044930962,821.5745548575161,0.013399951,0.013459397,149.53732357212422,1.9758209106972453,7.475872e-07,7.449979e-07,126744.60142820486,591.2385912395966,120607.29688392696,397.1984092220477,False,126101.79203634468,488.2849208325397,False,128569.4988855689,652.2976744667412,False,129952.6145077225,920.2625707787124,False,127758.95254607656,1261.869749411305,False,-0.7843363836975678,20.001748610989463,126663.62120702583,371.6410405358285,0.0,1.6959989206810633e-05,False,258236.9375,999.931884765625,False,263290.41889071465,1335.804599383598,False,261630.54553735256,2584.113788945593,False,False,-1.606199423696596,40.96048297599214,False,False
COSMOS 1426817,149.53735835662,1.97582477413,2025052500569,-1,r,20250525,r_57,0.1321011239967584,149.53732178977913,1.9758214634215088,745306232308369880,745306232308368611,3610.9437663436543,2504.369258924925,0.012310198,0.012475476,149.53732178977913,1.9758214634215088,6.922795e-07,6.851587e-07,125207.01080785358,589.488109555963,120804.215435167,396.8552822034092,False,125429.89307459503,487.3772837018899,False,128103.84667729508,650.1396330118033,False,131275.3401071338,917.8596827163764,False,129818.42361588847,1259.8396851521038,False,0.7341291763114467,20.126978430883035,125553.23493130908,363.6626623018802,0.0,0.0006416707334522,False,258385.859375,1003.998291015625,False,263894.2097580433,1339.2890934667191,False,267426.242074132,2595.272560179584,False,False,1.5123077399155829,41.46162043997734,False,False
COSMOS 1426817,149.53735835662,1.97582477413,2025052500570,-1,r,20250525,r_57,0.126187405764571,149.53732352792758,1.975820644861904,745306232443111741,745306232443110380,534.019980229599,2254.715149938384,0.01284921,0.012878169,149.53732352792758,1.975820644861904,7.153541e-07,7.144524e-07,127185.40990464496,595.9679481929676,121742.56260729113,400.304664443336,False,126934.60258876011,492.0380126857848,False,130583.99211266368,656.064548004528,False,131712.70002238505,925.9809418724308,False,130624.30275658278,1271.6313391394683,False,-0.0406166946091961,19.52704024094724,127321.63996607896,370.5162494535593,0.0,0.0005638416053656,False,260524.34375,1009.8734130859376,False,268014.45906460285,1346.526339868612,False,268097.19382596016,2609.9338822098225,False,False,-0.0833629088723516,40.07787664199212,False,False
COSMOS 1426817,149.53735835662,1.97582477413,2025052500571,-1,r,20250525,r_57,0.1299884186230111,149.53732265947949,1.9758192055630632,745306232575232330,745306232575230570,3235.9180967617744,1210.0755681954497,0.011411901,0.011038464,149.53732265947949,1.9758192055630632,6.1672415e-07,6.3075163e-07,127776.1324427389,586.8612107795277,122572.19434320762,397.9759422229766,False,127118.80212245512,488.3024645579104,False,128595.07985624146,648.4544179008471,False,129359.37862766138,917.3116587445156,False,129169.34183346517,1261.204388657172,False,0.1789299824510303,19.55888865425964,125933.25214020634,355.4513592862819,0.0,0.0010106800108523,False,262646.8125,1008.9072875976562,False,265697.0272178054,1339.805623318684,False,266883.53995501995,2605.840419049252,False,False,0.3696966048041643,40.41164387416973,False,False
COSMOS 1426817,149.53735835662,1.97582477413,2025052500572,-1,r,20250525,r_57,0.1380516891243693,149.53732018800264,1.9758208455345985,745306232709449470,745306232709448360,2799.5647094944384,1785.1597610596868,0.0149939135,0.013809755,149.53732018800264,1.9758208455345985,7.8141846e-07,8.19874e-07,127231.76922317978,884.3612322130348,123546.41828248688,573.3587579749556,False,127389.38452688948,722.1748970794749,False,130615.89529464318,985.2466648657075,False,130823.38780135424,1411.8928914843084,False,129419.52450356842,1955.334450521972,False,-0.7679959732141394,31.23396953061018,127057.51077702256,467.0622614117658,0.0,0.0003887893990618,False,180757.859375,1024.72265625,False,185336.08370503783,1398.0056404141876,False,183638.50565317276,2774.501744797571,False,False,-1.0897400018249177,44.31912041262239,False,False
COSMOS 1426817,149.53735835662,1.97582477413,2025052500573,-1,r,20250525,r_57,0.1331042461007636,149.5373214125154,1.9758228278483816,745306232843667747,745306232843666221,2173.319975157359,1641.101535839121,0.012270712,0.012378508,149.5373214125154,1.9758228278483816,6.861345e-07,6.833801e-07,126481.0483012447,644.2543197282739,121837.58136933549,430.5152563735412,False,126080.30884791806,531.625843899786,False,128199.9076159428,713.1813066077674,False,128893.04075530352,1009.6569666212412,False,129437.28504406674,1390.0269197759112,False,0.3215567473946272,21.657367376043823,127441.49478817177,385.8875693995412,0.0,0.000603922991997,False,237991.21875,1003.5054931640624,False,241992.20747435093,1346.2125045556052,False,244327.901008606,2623.8371697821253,False,False,0.6069756880278844,40.880794977734304,False,False
COSMOS 1426817,149.53735835662,1.97582477413,2025052500574,-1,r,20250525,r_57,0.1333676903627708,149.5373214340034,1.975821489304868,745306232977885255,745306232977884211,3551.0406270503145,2647.625330033261,0.015090477,0.014046808,149.5373214340034,1.975821489304868,7.9828857e-07,8.213401e-07,126778.39016687464,677.5338735807902,120864.1857071732,447.7521209697508,False,126620.83994778203,555.6765991478215,False,130057.68526043116,747.9989385316524,False,131423.3833659082,1060.362377212055,False,131116.28530285164,1460.5466539353758,False,0.3024513545888235,23.29216177273244,127494.6678560987,410.6197072281865,0.0,0.0009926253563412,False,228788.890625,1004.0419311523438,False,234998.86385416985,1351.5456650414676,False,236911.6289994717,2639.0351603869904,False,False,0.5464938466127869,42.08618308359937,False,False
COSMOS 1426817,149.53735835662,1.97582477413,2025052500575,-1,r,20250525,r_57,0.1350597618330755,149.53732095056586,1.9758216204500716,745306233117869635,745306233117868175,218.06965205655632,432.5177730590791,0.016167456,0.015507921,149.53732095056586,1.9758216204500716,8.746199e-07,8.8560824e-07,127519.51252210082,743.878469885904,120162.75779277545,484.0444655468192,False,127508.64734832548,605.3778580271681,False,132009.93937801206,820.200603110951,False,134936.3336875894,1164.69242582653,False,133609.43187955738,1607.8116183844932,False,0.1411054082059421,25.28668394216547,127524.88710656136,445.352123078597,0.0,0.0010946084163275,False,211970.203125,1006.3793334960938,False,219453.14491522312,1363.5003747607318,False,222112.13908934596,2672.8238627195483,False,False,0.2345734400094583,42.03654923054818,False,False
COSMOS 1426817,149.53735835662,1.97582477413,2025052500576,-1,r,20250525,r_57,0.1317561040497048,149.5373217401119,1.9758242210306096,745306233247892832,745306233247891814,2424.062414659614,1154.9121275170191,0.021566672,0.019072203,149.5373217401119,1.9758242210306096,1.117835e-06,1.1447127e-06,126763.08174453324,947.8655966218084,119195.14295364569,605.1594765601255,False,126575.74616456334,767.6906502749108,False,131000.40600059154,1048.2473256231597,False,130688.41551413151,1508.167514612251,False,130617.52786086067,2089.559671858966,False,-0.7997851774809128,32.87526932501579,126350.69140560603,535.650523871334,0.0,8.329437184095845e-06,False,167543.46875,1016.1627197265624,False,173400.22155952454,1387.5248486742414,False,172893.42042595148,2765.870130666281,False,False,-1.0586450165245114,43.51573524711853,False,False
COSMOS 1426817,149.53735835662,1.97582477413,2025052500577,-1,r,20250525,r_57,0.1405519809059581,149.53731932371218,1.9758231810500948,745306233382111098,745306233382110323,3742.386752503465,2977.849156246231,0.015838632,0.01393047,149.53731932371218,1.9758231810500948,8.2435207e-07,8.3363085e-07,126479.85171256847,720.3396542370366,120952.61952266238,473.44493981004985,False,125818.16824828244,589.5978513616694,False,128801.46817424808,796.1920969098004,False,130923.65252047474,1132.792960273201,False,128363.9696794513,1562.4231834092743,False,-0.7836814726488652,24.588566189155763,126859.71767611174,424.7662240354785,0.0,0.0004583723704391,False,214110.0,1003.3431396484376,False,219186.80532979965,1354.91314364835,False,218442.295979321,2658.84039210948,False,False,-1.333623294989745,41.843383829680015,False,False
COSMOS 1426817,149.53735835662,1.97582477413,2025052500578,-1,r,20250525,r_57,0.1354445927991573,149.5373212273582,1.975818562506741,745306233515279969,745306233515278964,3150.26102705429,1815.9010245179888,0.01775735,0.016644882,149.5373212273582,1.975818562506741,9.561672e-07,9.560084e-07,127623.87485178089,852.8250038927001,120951.47991189348,549.8127209012886,False,127549.93534383236,692.9220855488459,False,131310.50538222486,944.4448071849048,False,131722.75957183287,1349.6450098418477,False,131111.71623778433,1867.450641190845,False,-0.8253922231140643,29.72557582824937,126910.33082580542,482.7186455232156,0.0,6.222773853858943e-05,False,186278.578125,1011.9686889648438,False,191770.65178072453,1379.30164625874,False,191480.3328630924,2727.293034072645,False,False,-1.205432909884696,43.41231521840135,False,False
COSMOS 1426817,149.53735835662,1.97582477413,2025052500579,-1,r,20250525,r_57,0.1329816894147305,149.5373216351379,1.9758205727156783,745306233654740823,745306233654739501,2135.219357622875,1384.6730952387925,0.018689485,0.014680905,149.5373216351379,1.9758205727156783,9.4649397e-07,9.2061504e-07,126489.56914240394,664.5033695419804,119049.78788684851,437.6283971682724,False,126188.66703778214,543.7163639468337,False,129686.687623459,730.7723135609967,False,131732.41122123532,1036.172618963253,False,134413.66055986236,1427.707402735455,False,0.394737858909077,22.862741692539224,126936.94859338172,414.1034882696569,0.0,2.444548061197871e-06,False,232718.703125,1002.7284545898438,False,239169.7960267067,1347.6993543378348,False,247887.3380793333,2632.9956802466018,False,False,0.7279804498779194,42.163751479968944,False,False
COSMOS 1426817,149.53735835662,1.97582477413,2025052500581,-1,i,20250525,i_39,0.1678950194618961,149.53731233635446,1.975832501330557,745306233916883220,0,1716.1193713916052,2515.058949140845,0.10682784,0.09939891,149.53731233635446,1.975832501330557,5.5231503e-06,5.933335e-06,142670.8228337799,6662.87820965081,130778.16088905607,3945.050038347766,False,142465.2851216271,5252.9486172965535,False,147683.92698780948,7436.264234120385,False,141424.03760171283,10902.802792667377,False,167672.76943742737,15235.510498547224,False,-2.4281954889586754,243.38952495107824,140817.5270833408,3061.346526836756,0.0,0.0198393081783485,False,33030.12890625,1217.879638671875,False,34240.05463242531,1724.0745071631911,False,38874.40497422218,3532.3052580136696,False,False,-0.5629694977369922,56.42909693194211,False,False
COSMOS 1426817,149.53735835662,1.97582477413,2025052500582,-1,i,20250525,i_39,0.1257995831107504,149.53732355759777,1.9758213721216775,745306234051100961,0,2258.418765995792,1930.2734220230584,0.06514769,0.07461161,149.53732355759777,1.9758213721216775,4.1432695e-06,3.618609e-06,132476.73159859367,4802.838193088558,129605.24435116252,2870.589733458364,False,133668.68155456122,3797.5879818005264,False,134893.66621983625,5393.044128581623,False,139349.79171956165,7891.676578076277,False,141250.91035189753,11028.86585139808,False,0.4057936607359325,173.83785052791282,136913.06267359777,2083.285223862848,0.0,0.000516240364077,False,42574.578125,1209.5631103515625,False,42964.745849609375,1717.7290589953898,False,44989.58056640625,3512.7847851841825,False,False,0.129248629601989,55.36878992377664,False,False
COSMOS 1426817,149.53735835662,1.97582477413,2025052500583,-1,i,20250525,i_39,0.1377924757171625,149.53732021224155,1.9758282040345163,745306234185842987,0,1584.0312966802082,2827.914603674189,0.096448,0.089908734,149.53732021224155,1.9758282040345163,4.9940923e-06,5.357178e-06,143891.02749254322,6251.901712022955,139873.7494030772,3717.877124700351,False,145763.77108949088,4926.685949399433,False,149760.407816787,6962.953154056434,False,152320.89239294405,10235.299743918184,False,150038.11923724075,14315.30554270255,False,-1.372483813552334,225.47128613784653,150708.74861602072,2927.585754958526,0.0,8.864008416153978e-10,False,35682.52734375,1206.0377197265625,False,36660.891845703125,1704.509731436153,False,36728.874755859375,3504.343209863944,False,False,-0.3359798586431213,55.194684335552544,False,False
COSMOS 1426817,149.53735835662,1.97582477413,2025052500584,-1,i,20250525,i_39,0.2064513818597732,149.53730273949665,1.9758388865558807,745306234321109117,0,4076.748829770522,1862.099178775394,0.3299502,0.18327625,149.53730273949665,1.9758388865558807,1.0260574e-05,1.8295152e-05,,,138319.39742913382,6547.84396507486,False,165186.924316304,8726.813537760336,False,173798.85032330197,12406.43009296999,False,,,True,,,True,8.161761775043274,401.0190681015045,139011.55461463844,5605.623015671102,1.0,0.1554386835015624,False,23173.345703125,1224.2462158203125,False,24381.474853515625,1740.4434078301354,True,,,False,False,1.1449775939738909,56.25719794181054,False,False
COSMOS 1426817,149.53735835662,1.97582477413,2025052500585,-1,i,20250525,i_39,0.1296423675643702,149.537322330071,1.9758240826747813,745306234454278275,0,1002.9951620203678,1565.0420343013811,0.16521885,0.14556837,149.537322330071,1.9758240826747813,8.104087e-06,9.162069e-06,144000.360889907,7372.569066958772,128102.91614780796,4349.827804390192,False,139974.76134633494,5779.108235751744,False,143570.73609650295,8165.232625264822,False,138697.74802895996,12007.210630246827,False,131683.9015914381,16825.686684493936,False,-6.764256499679178,266.12669356982514,136869.92645228404,3706.193663725877,0.0,0.0208720665902981,False,29562.94921875,1220.5592041015625,False,30322.42626953125,1724.5134418391713,False,27811.903076171875,3553.6186398171453,False,False,-1.4286244854372894,56.20648931340066,False,False
COSMOS 1426817,149.53735835662,1.97582477413,2025052500586,-1,i,20250525,i_39,0.1229947381771574,149.53732479809614,1.9758182606505776,745306234589544490,0,3366.865041095889,446.0615982099079,0.052296262,0.05620116,149.53732479809614,1.9758182606505776,3.115121e-06,2.913097e-06,133340.57450364268,4505.0343262842525,123033.73965025584,2638.685185281889,False,134933.76960763603,3492.701630050079,False,141193.26306412576,4942.392257078705,False,150327.3768773,7243.998581840538,False,142836.6320236299,10116.564551562036,False,-1.936746742401988,160.1674238152859,140295.7731121381,2394.0857726134977,0.0,0.0797504251076223,False,47645.22265625,1233.2757568359375,False,49855.454833984375,1745.162684091461,False,50435.729736328125,3572.167085949565,False,False,-0.6838668336238903,56.55524626746512,False,False
COSMOS 1426817,149.53735835662,1.97582477413,2025052500587,-1,i,20250525,i_39,0.1030810448715997,149.53732996333912,1.9758209447281356,745306234723762259,0,2333.4475868616582,1304.2306433082497,0.22861175,0.243437,149.53732996333912,1.9758209447281356,1.3478764e-05,1.2749232e-05,147782.19873247613,9451.067869753417,122805.52514961804,5426.937186728312,False,151628.34030622558,7228.331011741202,False,169030.49376625684,10295.652120988634,False,167598.32067156766,15077.356316631956,False,192299.54423348705,21107.9427321289,False,-0.110585662270763,335.51425744591666,146078.2677213899,5138.035537578897,0.0,0.0384403826858537,False,25353.435546875,1208.633056640625,False,28263.21069335937,1721.5129568480463,False,32153.9765625,3529.411879767083,False,False,-0.0184907811767109,56.100588346698494,False,False
COSMOS 1426817,149.53735835662,1.97582477413,2025052500588,-1,i,20250525,i_39,0.2093176054868786,149.5373002421895,1.975827499326048,745306234857455890,0,645.207041794361,3112.1168924674275,0.17549,0.19701442,149.5373002421895,1.975827499326048,1.0847768e-05,9.853092e-06,128294.4462322592,7513.4854366738,125726.06132581772,4366.21393254312,False,137298.88500807827,5799.889144990781,False,161081.81225652536,8252.042408948357,False,166075.75561780407,12096.423141962186,False,175015.097555027,16906.033905089876,False,2.9247424977557945,271.38313382097243,137115.15031570784,3902.1347545463545,0.0,0.001710946852287,False,28926.935546875,1221.9547119140625,False,33937.662353515625,1738.5887647935629,False,36873.208740234375,3561.862524208005,False,False,0.6162019285066316,57.17659265831864,False,False
COSMOS 1426817,149.53735835662,1.97582477413,2025052500589,-1,i,20250525,i_39,0.0650960159098972,149.5373403497984,1.975823011537224,745306234992721953,0,2714.1062312948206,263.7403614104074,0.2659059,0.30663273,149.5373403497984,1.975823011537224,1.6795202e-05,1.5048154e-05,139392.27429033385,8452.111486459129,136061.20410144038,4935.097736839506,False,138694.0837337459,6554.274643031456,False,147387.53547983195,9327.102474199552,False,162721.6852065552,13676.429758501512,False,180712.6723938848,19134.04174961641,False,0.1105138562455429,304.023705832523,143320.45355258536,4199.428541035314,0.0,0.0002239233217273,False,26117.34375,1234.2288818359375,False,27754.39892578125,1756.377308622535,False,34029.822021484375,3603.11220384084,False,False,0.0208107533861637,57.25039900490663,False,False
COSMOS 1426817,149.53735835662,1.97582477413,2025052500590,-1,i,20250525,i_39,0.1075170902910949,149.537328724854,1.97582090480361,745306235126940837,745306235126939868,2868.186147244008,860.7734801952344,0.040438127,0.03639864,149.537328724854,1.97582090480361,2.056866e-06,2.2151698e-06,139687.82403829854,1697.8344673569848,129302.86645212476,1028.453155904427,False,139419.88821760693,1338.433379874638,False,143578.1808977914,1870.5960380641448,False,147536.31531144373,2719.8029635142616,False,151739.47244777673,3785.389761290911,False,-0.4342482205286119,59.435090087711885,138246.55668337565,909.9049299422086,0.0,0.0076518114309893,False,129636.78125,1244.515380859375,False,133503.2861328125,1739.3361341327902,False,141091.89906966686,3519.768597608782,False,False,-0.4037769811219813,55.264524098949245,False,False
COSMOS 1426817,149.53735835662,1.97582477413,2025052500591,-1,i,20250525,i_39,0.132592230604584,149.53732175923022,1.9758204430034467,745306235261681948,0,389.5106791057542,2767.691744920903,0.15327455,0.1427124,149.53732175923022,1.9758204430034467,8.043798e-06,8.409325e-06,128446.4559477895,6246.86213563125,116306.76449727436,3665.11382480544,False,128162.9264236754,4867.480126546112,False,130030.77053248142,6931.167457872033,False,141372.58673155462,10154.298241717795,False,142697.53974276452,14189.62515962293,False,-0.4105283010142391,223.51945630210923,125502.14504427498,3056.5932667680454,0.0,0.0113210338780009,False,32587.203125,1237.6243896484375,False,33062.12841796875,1762.345540522408,False,36282.830322265625,3607.909168800193,False,False,-0.1043825192434187,56.83292452942033,False,False
COSMOS 1426817,149.53735835662,1.97582477413,2025052500592,-1,i,20250525,i_39,0.1325349743387219,149.53732151956623,1.9758248672899783,745306235395899686,0,1560.1045343473525,2656.6650985556507,0.12544963,0.12236058,149.53732151956623,1.9758248672899783,6.837889e-06,6.9285993e-06,151653.0350228506,6353.726025313537,131882.12443378326,3730.004434125017,False,145874.02304612016,4950.523683214406,False,141418.20218607996,7032.948760468988,False,142671.7722475084,10294.451706497432,False,139930.338468016,14393.169410965356,False,-2.073055175552748,230.18630529161277,142938.4618193637,3115.360370660237,0.0,0.0043027261439269,False,36189.92578125,1228.1767578125,False,35084.47998046875,1744.8061577367762,False,34715.35546875,3570.805287073682,False,False,-0.5143048184800546,57.10698265811066,False,False
COSMOS 1426817,149.53735835662,1.97582477413,2025052500593,-1,i,20250525,i_39,0.0948951497433764,149.53733548751634,1.9758116416154528,745306235528544347,0,724.242429260103,1453.6775540802068,0.17844775,0.19115894,149.53733548751634,1.9758116416154528,1.0427498e-05,1.0109691e-05,132941.1018314624,10776.730390927682,127659.78413586016,6296.06211957583,False,130527.37947541074,8377.146658814738,False,141091.22726004725,11929.66907628726,False,145935.176547751,17513.35047178411,False,123421.28178995944,24493.252232435338,False,-3.865041383883652,381.6212264367966,144311.81200764494,5383.622945175874,0.0,0.0913083018791235,False,19098.73828125,1225.7423095703125,False,20644.438232421875,1745.5466307959816,False,18058.9755859375,3583.8474343388543,False,False,-0.5655320296298463,55.83873632933123,False,False
COSMOS 1426817,149.53735835662,1.97582477413,2025052500594,-1,i,20250525,i_39,0.1196436528787434,149.5373251119003,1.9758239840121137,745306235662762276,0,238.9542242455478,1977.0451182239167,0.05629354,0.05844027,149.5373251119003,1.9758239840121137,3.208133e-06,3.1660306e-06,141757.08575139186,4450.392608587098,130159.46680772224,2668.1725337224475,False,141519.42491816674,3529.3076051311746,False,140712.45443727853,4973.25291859143,False,139851.96336341737,7300.104043255807,False,147104.94617192,10224.167924439433,False,-1.877633924486342,165.21459160061335,139677.57043310296,2027.9594935308023,0.0,0.0307824300618901,False,50095.9375,1249.3265380859375,False,49810.281005859375,1760.4633959296634,False,52073.13549804688,3619.215366571725,False,False,-0.6646566842914924,58.48370186423711,False,False
COSMOS 1426817,149.53735835662,1.97582477413,2025052500595,-1,i,20250525,i_39,0.1428749781330066,149.53731872235835,1.975822306376849,745306235796456390,745306235796455780,3876.7009918476224,1779.5183125889275,0.04149812,0.04024367,149.53731872235835,1.975822306376849,2.2613426e-06,2.280015e-06,146498.3466468044,2731.0607981894163,135951.30960261013,1650.011265420953,False,144253.37146115475,2166.6412022760537,False,147282.0855550905,3058.692603084838,False,143095.37286291269,4459.939636539965,False,140586.91510143227,6221.2311714135785,False,0.0976959795099966,99.85403554702728,143418.5018330215,1274.9418573540495,0.0,0.0017389582073072,False,82653.1875,1241.4254150390625,False,84388.5568113327,1752.5461669761548,False,80552.40952932835,3564.593196562887,False,False,0.0559770910769343,57.213597430009365,False,False
COSMOS 1426817,149.53735835662,1.97582477413,2025052500596,-1,i,20250525,i_39,0.1194608715469418,149.53732517693786,1.9758235223224945,745306235936441322,745306235936440617,1480.5362678267816,1379.63303831351,0.041549586,0.040754773,149.53732517693786,1.9758235223224945,2.2848476e-06,2.2875008e-06,143008.1254019549,2620.867418551699,134804.71583765632,1582.5349942019318,False,142773.57022789298,2076.4293821116507,False,147064.72222992915,2930.2592023590146,False,143988.06634105463,4274.395875092977,False,142146.93017865525,5959.500290714342,False,-0.5042476168898138,94.56250469651928,142151.22203927112,1235.3649521213815,0.0,0.0009693150935773,False,85109.4296875,1237.7901611328125,False,87667.44864726067,1746.7707023873368,False,84735.88031750917,3552.5459660046868,False,False,-0.3005894370104412,56.37010289576666,False,False
COSMOS 1426817,149.53735835662,1.97582477413,2025052500597,-1,i,20250525,i_39,0.1255977950264712,149.53732358172832,1.9758217186026856,745306236066988989,745306236066988649,492.0486358448358,3274.6945124220683,0.0464939,0.045168824,149.53732358172832,1.9758217186026856,2.5526112e-06,2.5403506e-06,142398.26007597146,3270.035554083756,133782.45791425087,1972.1524695756373,False,141631.0628477068,2597.1784866313133,False,143959.4866010783,3666.642819572586,False,144361.21762615442,5355.014416469068,False,143870.08548867752,7482.043550406744,False,-1.9900505911705704,120.20106757845768,138694.59306162174,1451.3862055032466,0.0,0.0034758497085247,False,67727.1328125,1241.955322265625,False,68840.57121801376,1753.3668125065042,False,68797.82013720274,3577.868774395852,False,False,-0.9516303696508316,57.47943639203087,False,False
COSMOS 1426817,149.53735835662,1.97582477413,2025052500598,-1,i,20250525,i_39,0.1269059750617616,149.5373231148034,1.975826247307376,745306236203304251,745306236203303639,517.764223207825,2603.1043605761283,0.030877681,0.028730929,149.5373231148034,1.975826247307376,1.671623e-06,1.6414356e-06,140760.20679569588,1901.5592911853803,132646.60362725751,1159.6383678198777,False,142109.22302439797,1511.9809694845976,False,148197.38760470375,2117.8100887888777,False,151323.9265053241,3082.3870514765613,False,150172.1166654016,4292.469126061725,False,-0.3773212557075071,67.06049913500651,139691.2819286885,918.6267986187928,0.0,0.0001222906097809,False,117019.109375,1245.032958984375,False,122032.37721049786,1743.8998338124509,False,123658.45770704746,3534.6116420972216,False,False,-0.3107032488916542,55.220623376951046,False,False
COSMOS 1426817,149.53735835662,1.97582477413,2025052500599,-1,i,20250525,i_39,0.1347630192098438,149.53732090959636,1.9758239347425133,745306236339094627,745306236339094079,3243.2442960205303,2543.0686551848344,0.035819005,0.032801785,149.53732090959636,1.9758239347425133,1.937667e-06,1.8776053e-06,140163.34987395068,2554.562838022159,134214.23643769269,1547.1057933128352,False,142257.48108459107,2028.344228250557,False,147255.37334882322,2852.103104075697,False,154975.2433215462,4169.481146463245,False,154958.7149760995,5814.041905662017,False,1.747159899890904,91.33987264128362,141317.8507843635,1150.8881398711733,0.0,0.0004411629508949,False,87138.734375,1242.44677734375,False,90200.15513914824,1747.0339900675006,False,94918.77826350927,3561.3469984143967,False,False,1.0702094629154504,55.94954190987194,False,False
COSMOS 1426817,149.53735835662,1.97582477413,2025052500600,-1,i,20250525,i_39,0.1341555326294288,149.53732293087495,1.9758131457011348,745306236473311399,0,1026.8324615614144,1608.8220662559954,0.1544052,0.1414094,149.53732293087495,1.9758131457011348,8.387452e-06,8.059131e-06,138203.65837880474,7641.532455790498,125074.38182342022,4482.191552380356,False,140674.67336721913,5959.229451976459,False,153031.07809242085,8479.434905160917,False,164951.73147314612,12430.359984310557,False,174482.12019313287,17367.636498370186,False,1.2002181011378354,274.4235355419544,135353.53576505472,3642.1471928316287,0.0,0.0025898847156735,False,29297.517578125,1241.094970703125,False,31870.916015625,1765.9638884536305,False,36338.40307617188,3617.0593001714847,False,False,0.2499626270599433,57.152635680227085,False,False
COSMOS 1426817,149.53735835662,1.97582477413,2025052500601,-1,i,20250525,i_39,0.1331869074457537,149.53732150792797,1.975828312330441,745306236605956849,0,2462.679776727853,3779.8622849999424,0.036659982,0.03333032,149.53732150792797,1.975828312330441,1.995318e-06,1.8954746e-06,138308.70374154038,2776.721944377544,129508.86515553386,1662.4251051372232,False,139323.99971517635,2184.972878257594,False,147755.94007548818,3082.4123166670324,False,145086.55585361688,4495.208422521521,False,144607.936011493,6272.720981033819,False,-1.0375187468531786,100.08833587175556,139901.12850403468,1385.9551995890638,0.0,0.0018367359811541,False,78348.4921875,1228.7138671875,False,83090.17211914062,1733.386622582974,False,81319.90014648438,3527.4484782348786,False,False,-0.5834459934999732,56.28441773950826,False,False
COSMOS 1426817,149.53735835662,1.97582477413,2025052500603,-1,i,20250525,i_39,0.1313775735261877,149.53732185113446,1.9758256279184805,745306236875965257,745306236875964644,2247.6561294771823,1250.658155739057,0.054099124,0.04833636,149.53732185113446,1.9758256279184805,2.9606576e-06,2.7348365e-06,141017.47134657603,3254.2316420695074,132947.2174652721,1951.664586110158,False,139507.52817547193,2569.124961523355,False,145485.7079781561,3633.48484769014,False,141456.83395773495,5305.867246242965,False,145779.16555512528,7411.240918786928,False,2.008069339947056,116.0045881754455,141461.2736492841,1527.62716046053,0.0,0.005289704291745,False,66381.890625,1222.4671630859375,False,69226.48892724514,1728.92170696039,False,69366.12489551306,3526.492014449844,False,False,0.9554999721887264,55.19848272685906,False,False
COSMOS 1426817,149.53735835662,1.97582477413,2025052500604,-1,i,20250525,i_39,0.1080675146749084,149.53732847865618,1.9758216928908872,745306237030630186,745306237030629588,3132.259356826913,1261.6460824496328,0.055830322,0.053627953,149.53732847865618,1.9758216928908872,3.0879712e-06,2.993731e-06,144184.52725143833,3707.238645344319,133379.1248007059,2215.8940570823443,False,143334.6007078783,2923.5737165666724,False,147040.56543430316,4133.604766222926,False,154224.94406284377,6046.375925424297,False,145684.19200092927,8446.397400587204,False,-2.4917035647417127,135.14212868885994,142122.8129916802,1712.66413131102,0.0,0.000754711299073,False,59858.546875,1220.925537109375,False,61406.20991098881,1726.2515361936505,False,60839.76927250624,3527.3344484235054,False,False,-1.0405704825778224,56.43725524024692,False,False
COSMOS 1426817,149.53735835662,1.97582477413,2025052500605,-1,i,20250525,i_39,0.1507872240835485,149.5373179126304,1.975813791880186,745306237144400518,745306237144400244,842.3276163392275,3085.2993141975576,0.1037194,0.11098912,149.5373179126304,1.975813791880186,5.7949605e-06,6.135828e-06,137562.3261881906,5863.348341432091,127074.1053814579,3464.790545689326,False,137499.38546512273,4595.562690851759,False,139329.68116749352,6531.582800095266,False,144096.0482276294,9567.271801328976,False,146418.093529444,13376.842610005706,False,2.728652381774915,211.9173322087612,134126.1934928552,2765.4312328825845,0.0,0.0287209318078284,False,36672.73046875,1225.6915283203125,False,37160.89222121239,1742.0512444615624,False,39051.45656898618,3567.763898727121,False,False,0.7277642223726638,56.520886834943326,False,False
COSMOS 1426817,149.53735835662,1.97582477413,2025052500606,-1,i,20250525,i_39,0.138208690991214,149.53732041553826,1.9758307805985944,745306237299065115,0,3466.7146708024748,2562.883295447922,0.09568042,0.091957845,149.53732041553826,1.9758307805985944,5.304464e-06,5.1212864e-06,139936.02334539103,6313.978477394741,130955.22616444764,3732.7778679812272,False,139202.8872108059,4950.45650840579,False,140198.90009873273,7028.212048157881,False,148870.92117425933,10301.955699427635,False,152627.61731477905,14405.99282625584,False,-4.889170990400303,230.17007980147943,145792.0766919164,2895.3218324177983,0.0,0.0604388381789465,False,34288.76171875,1219.4073486328125,False,34534.101806640625,1731.2046686444469,False,37595.57080078125,3548.5158766388254,False,False,-1.2043113648798462,56.69600091804669,False,False
COSMOS 1426817,149.53735835662,1.97582477413,2025052500607,-1,i,20250525,i_39,0.1193576579262497,149.53732593149584,1.9758177663592995,745306237413360060,0,860.6042180955849,3822.05779366664,0.07213986,0.07235254,149.53732593149584,1.9758177663592995,4.007208e-06,4.0204122e-06,137299.34789008385,5195.146884919177,130929.26409030169,3072.8311975495403,False,140519.57618942592,4071.009563026855,False,147379.58407414076,5773.168176575977,False,155694.5957589718,8454.250061730749,False,157056.72115950703,11813.079190105813,False,-1.7668187944588751,185.25320503611692,140498.31165500695,2418.460779967545,0.0,0.005072576868399,False,42164.74609375,1221.5599365234375,False,44223.181640625,1732.3150049477686,False,47126.93383789063,3544.6697047016505,False,False,-0.5301572057234105,55.58765949358925,False,False
COSMOS 1426817,149.53735835662,1.97582477413,2025052500608,-1,i,20250525,i_39,0.1314527823765377,149.53732186447436,1.975822977794648,745306237540761917,0,1183.1013762498364,3077.926381110842,0.101482056,0.10083219,149.53732186447436,1.975822977794648,5.6007616e-06,5.637929e-06,134318.5571869144,7637.540445711801,130261.83125173573,4556.310305848271,False,138695.25935227427,6050.417877976196,False,149575.78443218448,8575.78877029436,False,148611.6424883409,12605.963192981706,False,174687.3877059503,17634.818565837413,False,0.5859947001250904,277.1576938664812,139073.06261010232,3126.022684611642,0.0,0.0007870043633771,False,27917.70703125,1217.877197265625,False,30107.827392578125,1726.2043386995967,False,35162.49462890625,3549.679351475428,False,False,0.117953767391612,55.78854919019565,False,False
COSMOS 1426817,149.53735835662,1.97582477413,2025052500609,-1,i,20250525,i_39,0.1464171973943425,149.5373186609419,1.9758158135166952,745306237674979564,0,3073.45952808962,2089.8220652833184,0.109047025,0.126482,149.5373186609419,1.9758158135166952,7.0238307e-06,6.059235e-06,136361.57992618298,6758.421184999965,125505.60901582016,4005.469033636356,False,138380.2065851138,5321.083416855915,False,143767.13967548538,7560.84991580572,False,155560.18271904398,11077.321109974762,False,156973.5489097388,15508.897118215293,False,0.8079983920316326,245.8734605829169,133323.8126181914,2997.211265306008,0.0,0.0018552927807267,False,31638.5625,1216.5860595703125,False,32870.2041015625,1728.6751372726485,False,35889.65185546875,3545.87713726906,False,False,0.1847367355277697,56.21528570965968,False,False
COSMOS 1426817,149.53735835662,1.97582477413,2025052500610,-1,i,20250525,i_39,0.1302431542512022,149.5373227274052,1.9758183738908643,745306237809198184,745306237809197432,3678.1482435858647,1580.1782903034466,0.03559936,0.031498898,149.5373227274052,1.9758183738908643,1.7509734e-06,1.9766599e-06,136262.09842698727,2177.780532719872,131526.7984300586,1325.622097255005,False,138511.947423545,1732.688369092266,False,144266.96038367416,2436.64507646289,False,149110.2928687477,3548.831272282099,False,148985.75484178186,4948.510370861279,False,0.4044715116991486,78.72018337869513,139483.6379908119,1035.5369851896533,0.0,0.0022860735585749,False,99070.3046875,1239.30078125,False,103186.56251251698,1742.8039575699513,False,106561.66778984666,3539.408977417533,False,False,0.2892971808339247,56.304403320067046,False,False
COSMOS 1426817,149.53735835662,1.97582477413,2025052500611,-1,i,20250525,i_39,0.137187198659616,149.53732033085976,1.9758219552370524,745306237943939494,0,2875.3602362212027,2849.0048605894617,0.06540487,0.06218598,149.53732033085976,1.9758219552370524,3.4573147e-06,3.6310555e-06,149522.23582714205,4364.349598335185,137020.51894915724,2599.7984548959835,False,146926.07156564237,3435.5225902671364,False,153590.77099603627,4863.830745678345,False,154705.4740923453,7105.579710374038,False,160049.66616632434,9934.452868855496,False,5.447472598494695,157.5052807022662,145456.1551039704,2035.966666898733,0.0,1.06388746667907e-06,False,52796.69921875,1234.52734375,False,55191.605224609375,1747.7783635953251,False,57512.55712890625,3569.8655414296377,False,False,1.9575053577649872,56.598252726624445,False,False
COSMOS 1426817,149.53735835662,1.97582477413,2025052500612,-1,i,20250525,i_39,0.1349728412943606,149.5373209443626,1.975822004460696,745306238079730808,745306238079730063,798.8022515860941,1692.9136563830664,0.032804746,0.03273326,149.5373209443626,1.975822004460696,1.8186297e-06,1.8226438e-06,139254.75645572858,1950.549954643246,130189.7085012937,1182.6640449593988,False,139427.78443010224,1543.1603999353767,False,145484.05959453672,2161.6523438576046,False,145841.54860282663,3148.4080073125097,False,155618.41983078854,4387.651394485337,False,0.8208147640935374,69.46427699978369,140381.4228263849,980.1246437484748,0.0,0.0070725779461872,False,112145.5859375,1241.2061767578125,False,117016.8139333427,1738.6761877193198,False,125168.1574510038,3529.1081941470843,False,False,0.6602037968376909,55.87202061416156,False,False
COSMOS 1426817,149.53735835662,1.97582477413,2025052500613,-1,i,20250525,i_39,0.1337084547508067,149.53732150351536,1.9758199851161056,745306238212375478,745306238212374812,2427.4020288316133,1537.3689350911648,0.04272724,0.044226177,149.53732150351536,1.9758199851161056,2.4516485e-06,2.3788673e-06,141390.608541568,2812.340241925541,134366.7045955526,1695.720630925544,False,142142.54688289206,2227.599681341175,False,146985.7232152438,3147.0765832692946,False,144893.28983901697,4592.749135953424,False,141900.95789402214,6406.6701549946,False,-0.653676172240718,100.23625030685504,142813.34824853178,1323.7831535866671,0.0,0.0004486397436729,False,79135.203125,1240.1744384765625,False,81831.5509197712,1752.0759978511471,False,79000.702976197,3566.7937235434,False,False,-0.3639219769353074,55.80465668070859,False,False
COSMOS 1426817,149.53735835662,1.97582477413,2025052500614,-1,i,20250525,i_39,0.1277247739316064,149.53732354377675,1.9758178262237165,745306238348166357,745306238348165177,210.18406647231797,181.0538768383843,0.022536954,0.022736453,149.53732354377675,1.9758178262237165,1.2621758e-06,1.2531934e-06,140554.70268845517,1636.9278701314129,132579.69848943694,1002.8888625516336,False,142217.99900197913,1302.3768880318032,False,150000.63646503977,1816.932775681266,False,151045.1120529144,2640.135120501478,False,150494.66314396798,3675.676786077181,False,-0.4413302567796758,58.34463200692742,138374.5531409309,807.0943613480748,0.0,0.0031568925632234,False,135685.40625,1242.553955078125,False,143110.55871510506,1733.4744091978257,False,143581.89294213057,3506.8395102059912,False,False,-0.4210583442446958,55.664649706233966,False,False
COSMOS 1426817,149.53735835662,1.97582477413,2025052800085,-1,i,20250528,i_39,0.1322976093934309,149.5373217235194,1.975821592169372,745319361482328159,745319361482326672,1705.189365085666,1390.3357832594438,0.0136254905,0.01743135,149.5373217235194,1.975821592169372,9.4295655e-07,7.8789975e-07,139498.25899275794,939.8569118654664,135138.38260272032,598.6410802977423,False,139967.5584539575,761.5276261563239,False,143269.7338314357,1047.688314888295,False,145146.96542855597,1508.302331117406,False,146259.29351529854,2092.61513356592,False,0.2532224051919047,32.42691981306246,140323.4315674869,484.0534981653126,0.0,2.3306037393866497e-05,False,237435.671875,1291.82666015625,False,243037.3572802544,1777.2588284657288,False,248108.73324757811,3549.833159213536,False,False,0.4295569100058372,55.00780021953396,False,False
COSMOS 1426817,149.53735835662,1.97582477413,2025052800087,-1,i,20250528,i_39,0.1412237797368939,149.53731917781113,1.9758223769406584,745319361749191033,745319361749190108,3500.7848877576707,3365.5651500223644,0.014512309,0.019586103,149.53731917781113,1.9758223769406584,1.070415e-06,8.287891e-07,140335.76743483564,943.5297748739404,133712.39388442974,599.831752909685,False,140316.26085154814,763.8394830699582,False,144436.98999250933,1052.1260758601547,False,146706.78101064576,1512.8715840195905,False,145171.25810690314,2099.3149062442694,False,-0.0447648357491882,33.858997730545525,140524.20109539432,502.2707861931028,0.0,7.38235602493198e-06,False,236126.796875,1285.4031982421875,False,243061.2360265255,1770.5372042685856,False,244296.8759790659,3532.765920607349,False,False,-0.0753310928750756,56.978547112014205,False,False
COSMOS 1426817,149.53735835662,1.97582477413,2025052800088,-1,i,20250528,i_39,0.1325530094461371,149.53732163021664,1.9758218573299555,745319361887079163,745319361887078153,2872.555175257968,3425.936505436208,0.012192772,0.013835923,149.53732163021664,1.9758218573299555,7.6454387e-07,6.816438e-07,140139.17136430895,923.913816593638,135709.3265929097,591.2666098056419,False,139870.1391114232,750.8983765069427,False,142202.9779606749,1032.546139309744,False,141578.4639796837,1483.8053749200292,False,141338.55567732383,2059.031431272997,False,-0.428264832877237,32.68219922135749,141012.68857095798,464.27424470009777,0.0,1.0919401743914037e-05,False,238131.46875,1278.418212890625,False,242103.16953659055,1757.9286777579982,False,240631.4747970104,3505.5386521125506,False,False,-0.7291287069199802,55.64204162521175,False,False
COSMOS 1426817,149.53735835662,1.97582477413,2025052800089,-1,i,20250528,i_39,0.1300296597995397,149.53732275621613,1.975818551168456,745319362022869521,745319362022868327,1958.0690035478283,2776.872109857469,0.012873664,0.0150943715,149.53732275621613,1.975818551168456,8.3566977e-07,7.1841765e-07,140744.03738506205,922.8582513404332,134796.1023418622,591.2040945127379,False,139427.03317941222,750.8317951701828,False,140473.9044214619,1029.3652830960712,False,140472.53859668836,1483.317446392871,False,138630.33026363963,2056.9149302389173,False,-0.6691068546501353,32.520399830161246,140087.03678622842,472.8751890219877,0.0,0.0001524309534502,False,236921.390625,1275.8509521484375,False,238700.28661680224,1749.148990485936,False,235567.5931696892,3495.212761519821,False,False,-1.1369798443350776,55.260290459802334,False,False
COSMOS 1426817,149.53735835662,1.97582477413,2025052800090,-1,i,20250528,i_39,0.1322147865540217,149.53732170279935,1.9758221439657984,745319362155514205,745319362155512908,1971.975370174037,2347.1792930536185,0.013016956,0.018875936,149.53732170279935,1.9758221439657984,1.0448622e-06,7.2776885e-07,140901.41707270328,922.1581757613812,134973.57690723293,589.9801722204057,False,140539.53562827926,749.5710795449628,False,143562.29878831716,1027.3899635890798,False,144833.94576083755,1481.51497134461,False,146350.99267901247,2053.574223519176,False,0.6677149768285442,32.273453992509474,140263.65016717784,484.0920964331297,0.0,0.0005659851151483,False,238150.125,1270.1795654296875,False,243272.3236837387,1740.9552917524504,False,247997.88219428065,3479.867468193496,False,False,1.1314709735250663,54.68871850286179,False,False
COSMOS 1426817,149.53735835662,1.97582477413,2025052800091,-1,i,20250528,i_39,0.1292573140053523,149.5373225796068,1.9758215057632176,745319362291304550,745319362291303130,895.5749031194812,1549.3560652553303,0.013595093,0.01668645,149.5373225796068,1.9758215057632176,9.263245e-07,7.557528e-07,139961.44489189098,926.0882334723764,134407.47250387122,591.1704463631039,False,140221.57783977996,751.5139889251412,False,143195.4993519935,1034.7932486329212,False,144428.28871813987,1488.2106432063172,False,144511.8048537812,2062.588797794451,False,-0.7227382467470818,32.46092691012671,140234.63877207917,484.0402219162777,0.0,0.0004350047309054,False,237780.65625,1274.37939453125,False,242823.68186491728,1754.7500287306104,False,245055.80612754825,3497.633712793149,False,False,-1.2255829470472688,55.045597275995725,False,False
COSMOS 1426817,149.53735835662,1.97582477413,2025052800092,-1,i,20250528,i_39,0.1401988919210627,149.53731940282572,1.97582374872734,745319362425522346,745319362425521211,110.3699312673672,2597.493064930474,0.014923265,0.018228142,149.53731940282572,1.97582374872734,1.0124608e-06,8.289094e-07,140150.9454372505,930.7836134366956,134685.82486537617,593.8475025681538,False,139978.16898948827,754.9909590025064,False,143004.70238174967,1039.8933006076304,False,145335.01843310092,1497.1790288636284,False,145978.8207629273,2074.11050290668,False,1.0476371066901715,32.73447998266405,140593.67534920006,495.3136614344575,0.0,0.0002981816403361,False,237387.1875,1280.3795166015625,False,242519.84679287672,1763.541755928207,False,247563.61613845825,3517.45748929036,False,False,1.7766743776773737,55.51398616982349,False,False
COSMOS 1426817,149.53735835662,1.97582477413,2025052800093,-1,i,20250528,i_39,0.1329663808449918,149.53732151700078,1.97582183172055,745319362558691817,745319362558690672,1875.69553074459,2878.4220331252577,0.012863432,0.01612625,149.53732151700078,1.97582183172055,8.9510047e-07,7.1511295e-07,138586.00612701225,930.08855943758,134137.75720743876,593.508135521533,False,138483.5515235976,754.4768410508043,False,141520.03301069155,1038.892066937122,False,144190.38105736903,1496.310133665927,False,143706.5693283924,2074.5871491526,False,0.5534544746771816,32.25225122499039,138922.57576293303,474.4626710862911,0.0,0.0001173764422098,False,235693.1875,1284.087890625,False,240861.15143942836,1768.150657828483,False,244582.54440367225,3530.8601819544933,False,False,0.9419562672796924,54.89197678450243,False,False
COSMOS 1426817,149.53735835662,1.97582477413,2025052800094,-1,i,20250528,i_39,0.1334998553338522,149.53732125289193,1.975824427015068,745319362694481936,745319362694480090,130.9320888397824,485.3825332715465,0.011986841,0.015659925,149.53732125289193,1.975824427015068,8.6777476e-07,6.683929e-07,141494.18908310853,927.8183399060522,135894.31954922408,593.6685412571507,False,140792.04661177602,754.2168042501024,False,142433.51390652076,1036.317598707497,False,144571.5702575366,1491.947050279941,False,141027.8100287364,2067.321156531096,False,-0.1285559042885815,32.39559792652807,139400.23501574335,467.6821666768716,0.0,0.0017173968425759,False,239430.15625,1282.6168212890625,False,242221.62622517347,1762.3558329779064,False,239831.09418022636,3515.6746381565163,False,False,-0.2186214419877652,55.09177016759148,False,False
COSMOS 1426817,149.53735835662,1.97582477413,2025052800095,-1,i,20250528,i_39,0.1297746310959017,149.53732232609414,1.975823089085443,745319362828699571,745319362828698017,410.0149580057033,992.865897319276,0.014625562,0.018665308,149.53732232609414,1.975823089085443,1.0318312e-06,8.186699e-07,138750.91408733142,933.9724038104176,134179.4422096953,596.5110734100698,False,139679.10324931308,758.4450491022998,False,142497.41812580876,1039.7292728797136,False,146569.87495226946,1499.838343276216,False,146100.09720903944,2081.0911416097065,False,0.1359403103631408,32.62452687866653,139430.99951690724,494.56792339486697,0.0,0.0001151199903551,False,235528.5625,1278.8990478515625,False,240280.8385104537,1753.2038460572912,False,246355.7187601328,3509.1605946233667,False,False,0.2292241655395354,55.01186461843016,False,False
COSMOS 1426817,149.53735835662,1.97582477413,2025052800096,-1,i,20250528,i_39,0.1304547335514603,149.53732223984434,1.9758215678630264,745319362962917611,745319362962916401,2564.433306431796,2436.376059939252,0.0143592,0.018155897,149.53732223984434,1.9758215678630264,1.0001258e-06,8.0815886e-07,140305.40196912218,935.6392481836876,134217.4097407147,595.4472892565383,False,140144.6036141217,757.3131543053166,False,143827.3113237514,1042.453438741052,False,144149.0844146052,1501.0042912481188,False,142199.60859465992,2079.412293576892,False,-0.7327961685620694,32.38969160985344,140024.93425832514,494.55441502471393,0.0,0.0002269306022434,False,235782.125,1274.1190185546875,False,241977.98718190196,1753.8448192888914,False,239239.50708037612,3498.445439116997,False,False,-1.2328711442301492,54.49307443113264,False,False
COSMOS 1426817,149.53735835662,1.97582477413,2025052800097,-1,i,20250528,i_39,0.1286534290145085,149.5373228116371,1.975820876209167,745319363097135385,745319363097134048,3676.62020467704,2055.8643027659477,0.014057478,0.014840314,149.5373228116371,1.975820876209167,8.2140855e-07,7.8398546e-07,140632.9408876773,930.2744267327978,135550.7665092395,593.7313526135209,False,140537.9053939376,754.2769390855361,False,143539.43169287866,1036.58957644339,False,145309.89598506523,1491.1544806343538,False,145038.23628148355,2068.1039459930494,False,-0.1326035701755791,31.4983270767788,140060.67501631056,477.0057050037401,0.0,4.014453681477903e-06,False,237586.140625,1275.1417236328125,False,242660.36631059647,1752.4049201455668,False,245194.1681113243,3496.229957053405,False,False,-0.2241727623789619,53.24944857644528,False,False
COSMOS 1426817,149.53735835662,1.97582477413,2025052800098,-1,i,20250528,i_39,0.1309844104077747,149.53732195570433,1.9758241540356016,745319363229780036,745319363229778480,1571.5522865763048,1205.3973055402428,0.013638893,0.01766335,149.53732195570433,1.9758241540356016,9.621779e-07,7.811121e-07,141066.61120125788,933.389529732438,134836.74784354804,594.3690517568192,False,141065.77410641324,755.8417106644715,False,144296.13429760552,1040.5890718479975,False,145938.2967262607,1497.5413901743598,False,145462.89501345408,2073.876092817661,False,0.1326781051485937,32.11194436963468,139879.58502841485,488.693775784633,0.0,0.0010458087025352,False,237632.421875,1273.2535400390625,False,243074.126786232,1752.9248528658957,False,245039.5941464901,3493.5490321923394,False,False,0.223502969844851,54.094192301494914,False,False
COSMOS 1426817,149.53735835662,1.97582477413,2025052800099,-1,i,20250528,i_39,0.1318790707143811,149.5373217073276,1.9758241352097616,745319363363997803,745319363363996456,1209.7550695807547,1816.6482363058765,0.017106356,0.016745836,149.5373217073276,1.9758241352097616,9.324149e-07,9.477008e-07,138068.4488526621,942.7874310411304,133219.1228259971,598.1694612455568,False,138740.907329221,760.901206463988,False,143409.6565337808,1047.57960767255,False,143866.85076139926,1506.6556041100373,False,142233.70206509763,2089.836786357501,False,-0.9198706293348042,32.38963266746537,139755.5678517234,503.49588326095903,0.0,0.0006457050717196,False,231896.625,1271.798095703125,False,239700.14311409,1750.9628566983108,False,237734.6098212004,3493.029610994051,False,False,-1.5375054011517169,54.13721623393927,False,False
COSMOS 1426817,149.53735835662,1.97582477413,2025052800100,-1,i,20250528,i_39,0.1353430937825883,149.5373210015351,1.975820339804612,745319363498215498,745319363498214117,575.4210944888982,1738.4830663169478,0.015041149,0.017275672,149.5373210015351,1.975820339804612,9.4023176e-07,8.568874e-07,140296.47202392298,940.8924082064729,133998.23851828667,597.6624255155459,False,139732.47292919297,760.263651641288,False,143388.34447819315,1046.126772272346,False,144121.6476933108,1508.4215914915014,False,145233.88212693197,2087.8788218992017,False,0.3515378217152375,32.37646243027268,139161.89262935915,493.5824923287044,0.0,0.0007476484888261,False,233648.703125,1271.2479248046875,False,239761.73918819427,1749.2438122785863,False,242847.6895700693,3491.172587105797,False,False,0.5878115116789918,54.13715437815081,False,False
COSMOS 1426817,149.53735835662,1.97582477413,2025052800101,-1,i,20250528,i_39,0.1263760729953122,149.53732339275095,1.9758214119165671,745319363632433596,745319363632432355,2055.0314741836155,2570.6566903003177,0.014721552,0.015291738,149.53732339275095,1.9758214119165671,8.4284136e-07,8.24346e-07,140413.85143936297,931.5748101519808,134649.56767872116,593.2866915420013,False,140209.1746677163,753.9122223231641,False,143271.1683608983,1035.7149019075728,False,145533.282854666,1489.5545652938847,False,143889.92383702932,2064.473696781889,False,-0.2432105242485693,31.709782592803503,138911.2212310863,479.79107223585567,0.0,4.150872405239703e-06,False,236097.984375,1269.511474609375,False,241254.07020777464,1744.0385146481633,False,242295.991473496,3476.36365281051,False,False,-0.4095417770624378,53.3960475330734,False,False
COSMOS 1426817,149.53735835662,1.97582477413,2025052800102,-1,i,20250528,i_39,0.9804750320878064,149.53711506283176,1.9757020741392484,745319363767175071,0,3150.0,3994.0,,,149.53711506283176,1.9757020741392484,,,,,19613.00092791295,531.3489550250032,True,,,True,,,True,,,True,,,True,-0.4214649475908925,31.56652234634368,23532.651290550904,362.1390238460229,,,True,,,True,,,True,,,True,True,-0.7134643984243271,53.43644828571467,True,False
COSMOS 1426817,149.53735835662,1.97582477413,2025052800103,-1,i,20250528,i_39,0.1325297454580725,149.53732156954757,1.9758228827835445,745319363902441476,745319363902439952,1238.212491677775,1184.942054188614,0.015131076,0.016022636,149.53732156954757,1.9758228827835445,8.755714e-07,8.5552784e-07,139276.38752846714,930.1892423637128,134931.21081072435,593.3031505607694,False,140074.34003618595,753.5285571290929,False,144356.07497932468,1035.0407118264104,False,145973.4803035926,1489.7437772526307,False,147446.23051865693,2065.025154300678,False,0.963887209095698,32.45630274486684,140013.29435640105,485.918100658805,0.0,0.0005889610147766,False,235299.25,1265.7900390625,False,242491.78091293573,1738.6789268420237,False,247682.67655164003,3468.8642467461186,False,False,1.619154067234729,54.52064733388876,False,False
COSMOS 1426817,149.53735835662,1.97582477413,2025052800104,-1,i,20250528,i_39,0.1245490368555641,149.5373237878706,1.9758229380047307,745319364036659540,745319364036658459,2756.7556752898804,2841.560706445834,0.015512933,0.01565315,149.5373237878706,1.9758229380047307,8.6682746e-07,8.6452536e-07,138746.37576307458,931.4835343173108,134331.10217809875,594.0089515340059,False,138783.37915329813,754.4442095990399,False,141912.26220348268,1038.5079458566552,False,144472.90177857605,1492.1937164647666,False,146332.1195686467,2070.549957125347,False,0.5029453636769324,32.55362793908625,140542.12786542892,489.2803151891933,0.0,0.000565385251549,False,232665.703125,1264.800537109375,False,237911.17112922668,1741.023910051523,False,245320.91448503733,3471.2078965729597,False,False,0.8431711159309342,54.57507073199948,False,False
COSMOS 1426817,149.53735835662,1.97582477413,2025052800105,-1,i,20250528,i_39,0.1351550511898383,149.53732094910248,1.975821335653463,745319364169828501,745319364169826916,1541.1217116116786,1290.1500961143463,0.014489004,0.014780454,149.53732094910248,1.975821335653463,8.1434865e-07,8.112142e-07,139622.4187531791,929.786069353884,133673.09414295168,593.119663503736,False,139029.08273280354,753.7946934040302,False,141849.87374005117,1034.9363814230353,False,142445.55471501037,1489.6757586704618,False,143069.43740740774,2065.7208855561944,False,0.0811059067749219,32.40986911494138,140296.9776511161,484.80690065843567,0.0,0.0015644728316156,False,233384.359375,1265.374755859375,False,238119.54491472244,1737.3197004867063,False,240166.79344451427,3467.669756907187,False,False,0.1361502911629828,54.4055703464229,False,False
COSMOS 1426817,149.53735835662,1.97582477413,2025052800106,-1,i,20250528,i_39,0.1338520233273478,149.53732133435585,1.9758211112381636,745319364309288881,745319364309287107,941.9664569927068,469.2849283451845,0.015242827,0.016388267,149.53732133435585,1.9758211112381636,8.821968e-07,8.757446e-07,140101.01300384128,934.5239889397265,134455.83165717515,593.9044000062768,False,139714.72316052995,754.6375955219436,False,143414.13534432385,1036.2474032496357,False,144217.5738475252,1491.5293405220104,False,142847.31097072127,2067.220372778371,False,-0.7841556867447765,32.34354889919782,139238.4219715941,486.731784600529,0.0,3.0948509820216685e-05,False,234149.53125,1264.7059326171875,False,240349.41920125484,1736.659088184615,False,239399.47163397077,3464.478691485888,False,False,-1.3141756453780946,54.204930177667165,False,False
COSMOS 1426817,149.53735835662,1.97582477413,2025052800107,-1,i,20250528,i_39,0.1302107075517769,149.5373223045851,1.975821605732208,745319364439836396,745319364439834661,2840.33089554538,95.8786436738407,0.01702709,0.016662715,149.5373223045851,1.975821605732208,9.35543e-07,9.357495e-07,140114.51448952136,944.938292171056,133960.18685355477,598.1548027106328,False,140773.61295689095,761.0578640296244,False,146104.2660126923,1047.3492774943727,False,148338.9722947479,1505.5622187983222,False,147615.0927677246,2087.13333700484,False,0.7582615265007494,33.12409998401248,138567.50410440372,499.7806627005535,0.0,0.0058233247299557,False,233502.640625,1262.37451171875,False,242344.6497106552,1737.2490256857518,False,244850.6735983491,3461.949546441914,False,False,1.2577361978802677,54.94328554998434,False,False
COSMOS 1426817,149.53735835662,1.97582477413,2025052800108,-1,i,20250528,i_39,0.132711312721791,149.53732165274616,1.9758211134956345,745319364572481521,745319364572480307,3752.571202914228,1966.4673731929483,0.016611958,0.01895294,149.53732165274616,1.9758211134956345,9.832308e-07,9.959555e-07,139749.0463661945,944.9298098156908,133621.7339765102,599.7785736718844,False,139726.4791817541,763.2510123203381,False,143312.59389534194,1050.3060181648773,False,144554.14735511303,1515.2140717792056,False,144185.34599263594,2096.1286042223587,False,-0.160150805714333,32.63811103147638,139672.04062101166,509.7032991970791,0.0,1.2526671449908378e-05,False,232192.671875,1268.3443603515625,False,238151.9543379545,1745.362525930882,False,239602.2638465166,3483.2746381228458,False,False,-0.2661331173554743,54.23689374934892,False,False
COSMOS 1426817,149.53735835662,1.97582477413,2025052800109,-1,i,20250528,i_39,0.1337797060217994,149.53732119113346,1.9758236292865656,745319364711942309,745319364711941054,565.4085065647525,2153.886552070549,0.016565936,0.016663646,149.53732119113346,1.9758236292865656,9.221765e-07,9.234994e-07,139121.23781486813,938.242875075696,134746.62683132789,596.9449499094352,False,139622.74541001517,758.7195062566103,False,143409.40677442655,1043.6087909339758,False,146447.65444820453,1500.714104515332,False,147542.71962851984,2081.7040772853256,False,0.4167499847609934,33.25808030685124,141527.81258580848,500.0724431493881,0.0,6.776163675381586e-05,False,233751.8125,1270.2232666015625,False,240091.31653034687,1747.1755458280238,False,247011.1730940938,3485.1205634521275,False,False,0.6977091304941633,55.6795852220751,False,False
COSMOS 1426817,149.53735835662,1.97582477413,2025052800110,-1,i,20250528,i_39,0.128367770167246,149.53732269802074,1.975823570651088,745319364840917320,745319364840916591,3947.214681635172,3660.279766351868,0.01520883,0.01604702,149.53732269802074,1.975823570651088,8.6105007e-07,8.755213e-07,141295.3996536942,934.0721017283056,135036.49478156742,596.293452715501,False,139971.17229465378,757.5288605301655,False,142103.89409806125,1041.695357028916,False,143883.06156478912,1498.010868366015,False,144950.96721686938,2077.44499276084,False,0.5689906755500701,33.145989109066164,141109.022356455,489.8102772962002,0.0,0.0005265757833613,False,235195.65625,1272.8870849609375,False,238779.30062425137,1750.3763031521876,False,243563.2802079916,3490.76192179841,False,False,0.9560835502214408,55.69570171314434,False,False
COSMOS 1426817,149.53735835662,1.97582477413,2025052800111,-1,i,20250528,i_39,0.1308387612765284,149.53732200093063,1.9758239205172512,745319364980378161,745319364980377208,1572.3511674554866,3356.646166676217,0.013985475,0.015122374,149.53732200093063,1.9758239205172512,7.9592587e-07,8.2184e-07,140589.19286664788,928.875500188175,135907.19558107923,594.009069529738,False,140046.72554207887,754.1856097489982,False,143060.0828885687,1037.46875162965,False,143540.9696233446,1493.6149308606628,False,142481.61682143997,2070.392772855461,False,-0.6053278777067366,32.31924759741075,140654.31186143382,477.07173693932185,0.0,0.0005572622752803,False,236590.390625,1274.0966796875,False,241681.0586783886,1752.6660209955414,False,240703.81688815355,3497.654322020353,False,False,-1.0226212607863383,54.59908744156988,False,False
COSMOS 1426817,149.53735835662,1.97582477413,2025052800112,-1,i,20250528,i_39,0.1273241128717439,149.53732316406794,1.975821054123513,745319365110925386,745319365110923953,3036.3559277674262,1552.8640408514195,0.016369775,0.015290456,149.53732316406794,1.975821054123513,8.946453e-07,8.647345e-07,141542.73908991698,936.4922936908076,134692.68783588076,595.5613945134126,False,140683.9490409883,757.2564036895162,False,143159.497161081,1040.658257345817,False,143416.68953551925,1496.922053039974,False,143553.52693326256,2076.062977350528,False,-0.1001928956134555,32.649437213522724,141430.71917891412,492.2406679715625,0.0,0.0001781447348319,False,236412.359375,1272.5316162109375,False,240572.39451622963,1748.7742958546128,False,241234.54189509156,3488.7202842417287,False,False,-0.1683691636896611,54.86575075928513,False,False
COSMOS 1426817,149.53735835662,1.97582477413,2025052800113,-1,i,20250528,i_39,0.1290561624114854,149.5373226557205,1.975821294628768,745319365269260147,745319365269258367,2208.311551698051,287.6393151830364,0.014388534,0.01723437,149.5373226557205,1.975821294628768,8.342361e-07,9.2702214e-07,139740.26630844155,943.795022729578,133581.19214955662,599.0447163996014,False,139197.7079739806,762.0794558537806,False,143035.47914151166,1048.019937008548,False,145097.90257588425,1510.383895909882,False,146056.3488546288,2095.3167853783807,False,0.4790985219141021,33.390487410686546,138248.47923055658,488.80506394610495,0.0,0.0001612064686221,False,232261.046875,1271.58251953125,False,238664.63470709324,1748.6940787917056,False,243705.16570615768,3496.1816339512634,False,False,0.7994091704213594,55.71434813511598,False,False
COSMOS 1426817,149.53735835662,1.97582477413,2025052800114,-1,i,20250528,i_39,0.1370619889189097,149.53732032451256,1.9758225799583613,745319365383030889,745319365383029330,3063.0632710406103,1245.128632530386,0.014632072,0.015379395,149.53732032451256,1.9758225799583613,8.1959354e-07,8.4750417e-07,139627.23509493607,934.1310998830376,134321.78203513194,595.6472514262027,False,139580.89644683537,757.2808949406628,False,142853.44347299435,1039.887435266598,False,144118.09601530962,1497.872382028064,False,144432.47429803593,2076.8313408511035,False,0.1609705903630787,32.56493088776358,138470.9371414373,480.8339451361987,0.0,1.6768898834285118e-05,False,234770.859375,1273.7236328125,False,240275.1848037243,1749.0593128823473,False,242931.0670427084,3493.1676975886176,False,False,0.2707476796298932,54.773231900826325,False,False
COSMOS 1426817,149.53735835662,1.97582477413,2025052800115,-1,i,20250528,i_39,0.1290021594724963,149.53732262480622,1.9758218032777837,745319365508859781,745319365508858029,2944.514813910886,346.2435442024309,0.01628103,0.015261586,149.53732262480622,1.9758218032777837,8.5095087e-07,9.0108534e-07,140423.3125061502,940.5047924779724,134161.47509781254,597.5699773052579,False,139597.7414443932,760.2864822558689,False,142235.65959699513,1046.9234664029088,False,143965.2734724255,1506.4272957012374,False,145714.33307924907,2089.9534438518267,False,0.954653080402075,32.68827174009427,140272.13164858788,491.6662451521996,0.0,0.0005182620372347,False,233905.359375,1273.910888671875,False,238325.36780136824,1754.1903408561811,False,244154.1180561781,3501.856880370142,False,False,1.5995851332512132,54.77138719869668,False,False
COSMOS 1426817,149.53735835662,1.97582477413,2025052800116,-1,i,20250528,i_39,0.1300321966610917,149.5373222985556,1.9758223205832384,745319365645174939,745319365645174038,315.5808320426058,3194.963012508519,0.017666584,0.01662686,149.5373222985556,1.9758223205832384,9.2545866e-07,9.792902e-07,141052.823446034,953.1789798872304,134234.47111069848,603.2555216684568,False,140953.2283861829,768.4113680127257,False,146226.82384909253,1058.163648790358,False,147633.41664524196,1520.5640347198344,False,145850.34101580712,2109.7863465982214,False,-0.0285426705772029,33.296158993848,139749.50726221083,506.17120460495056,0.0,0.0022995658355486,False,235152.671875,1281.94287109375,False,243950.6261871457,1765.3374253501215,False,243322.5388054252,3519.762563569629,False,False,-0.0476178185169907,55.54807676434662,False,False
COSMOS 1426817,149.53735835662,1.97582477413,2025052800117,-1,i,20250528,i_39,0.1270088748248366,149.53732311736704,1.9758226844519524,745319365779392557,745319365779391511,757.5722074931326,2572.4507197167754,0.019366328,0.018219514,149.53732311736704,1.9758226844519524,1.012944e-06,1.0745404e-06,139684.34677542106,950.3134473981614,132428.31938274362,601.1380136446553,False,140017.30375144503,766.3513385725329,False,144835.30267401287,1056.0695157412736,False,146790.02572133008,1522.7128116463296,False,146941.88571820004,2107.897338090992,False,-0.1483470917736926,32.88230659236596,140834.95109543312,523.9904790020404,0.0,0.0006696196461896,False,232638.96875,1273.2939453125,False,240644.0814807415,1754.6611489283605,False,244144.17249703407,3502.2747176653697,False,False,-0.2464789245517613,54.634003732487926,False,False
COSMOS 1426817,149.53735835662,1.97582477413,2025052800118,-1,z,20250528,z_20,0.1353625179969691,149.53732124966118,1.9758185674416329,745319365914134254,745319365914133502,449.2267239845924,3032.675231901003,0.029117638,0.02551883,149.53732124966118,1.9758185674416329,1.4177026e-06,1.6168739e-06,140079.16679845128,1647.2087837758206,134800.34603491693,1006.673536721441,False,140461.9843207843,1312.6846076885445,False,145798.74702555363,1842.7806511053132,False,144795.19281506495,2680.92146048564,False,147055.93109329848,3737.475193191447,False,0.6165104821606548,59.11872792930147,142105.84753501034,792.2323392540671,0.0,0.0003915657248724,False,164471.75,1537.0673828125,False,170720.7483010888,2157.775002389614,False,172192.82820010185,4376.337758420989,False,False,0.7218932466647677,69.22414407944052,False,False
COSMOS 1426817,149.53735835662,1.97582477413,2025052800119,-1,z,20250528,z_20,0.1355900393938447,149.53732102625514,1.975819609853276,745319366047827746,745319366047826571,3950.7855955620394,1830.2034963328583,0.031871203,0.029331407,149.53732102625514,1.975819609853276,1.6287472e-06,1.7700097e-06,142413.15468679994,1663.1479221084587,133155.06297841336,1010.7131513278288,False,141238.3219562042,1319.591033529861,False,145161.501444611,1852.0080035395392,False,148111.62777513993,2698.510019572811,False,152472.30822478552,3759.8033197165246,False,1.769692303489803,59.2170955536842,139141.3964016221,815.0409921580539,0.0,0.0050296461081956,False,164471.71875,1536.660888671875,False,169040.2527320385,2156.659292336797,False,177553.67132785916,4378.282788912509,False,False,2.0608028386507526,68.95817898571113,False,False
COSMOS 1426817,149.53735835662,1.97582477413,2025052800120,-1,z,20250528,z_20,0.1268984480713186,149.5373235116285,1.9758193150106445,745319366183618118,745319366183616804,2353.0053889487854,836.3713558695257,0.027722556,0.029606525,149.5373235116285,1.9758193150106445,1.6432521e-06,1.5408558e-06,143058.05620226156,1661.6463387798624,135487.57084303183,1011.5046978107348,False,143197.97743615328,1319.5617929517362,False,147828.88497430464,1851.9159586444027,False,149437.60597867946,2689.6740887914707,False,152264.52603918535,3751.878570729768,False,0.44796072340398,59.07823699798167,142945.57808808173,813.3508533034909,0.0,0.0025758023574905,False,166055.21875,1530.1900634765625,False,171425.3111076355,2147.5185273229454,False,176568.9685845971,4350.752908250748,False,False,0.5194641519948997,68.50829700048116,False,False
COSMOS 1426817,149.53735835662,1.97582477413,2025052800121,-1,z,20250528,z_20,0.1416248809594002,149.5373191244669,1.975821561242343,745319366317835961,745319366317834864,1414.9593794958114,1757.5118542363325,0.02665448,0.02825683,149.5373191244669,1.975821561242343,1.5674032e-06,1.4827209e-06,140328.59785865832,1639.4431027699216,133528.3452394901,999.007917729794,False,140697.38603628668,1302.9553266852631,False,147354.3838926322,1828.460465210532,False,147530.26361092235,2654.737411727217,False,149143.5197739119,3706.1083028522335,False,0.452892183751664,58.37065457298813,140919.82895215007,785.4492472424985,0.0,0.0003199246243645,False,163703.109375,1516.0042724609375,False,171448.60684931278,2127.435853335793,False,173530.28807389736,4312.101809062345,False,False,0.5269455302649343,67.9149621684358,False,False
COSMOS 1426817,149.53735835662,1.97582477413,2025052800122,-1,z,20250528,z_20,0.1284211776187077,149.53732273086695,1.975822572946022,745319366451005222,745319366451004486,3726.4845939049696,2993.6110344782783,0.027511934,0.028173028,149.53732273086695,1.975822572946022,1.5628656e-06,1.5297819e-06,142017.70648232472,1630.9800050151923,133330.25328298504,995.23569983214,False,140278.6119737019,1297.914607843681,False,143490.07145491426,1822.403064724554,False,147639.1713077488,2655.034534869631,False,148261.24766870102,3695.8491181470895,False,0.4197084103014663,58.69447194855948,142186.10573624546,800.1045930317769,0.0,0.0054799854340974,False,163259.40625,1510.542236328125,False,166996.97508335114,2120.953708544593,False,172549.77735888958,4301.3123963002745,False,False,0.4884660954358067,68.30994765100415,False,False
COSMOS 1426817,149.53735835662,1.97582477413,2025052800123,-1,z,20250528,z_20,0.1262397428587641,149.53732331400113,1.9758230019297744,745319366586795440,745319366586794081,1716.7702973156834,314.99540050924185,0.027920872,0.031372674,149.53732331400113,1.9758230019297744,1.7307211e-06,1.5637943e-06,143215.88986274324,1637.9829273990524,134534.51844464923,998.4630830043328,False,141003.0606035594,1301.7081748637602,False,142886.37119430793,1819.3898024104788,False,141990.48250532837,2655.159976503954,False,141596.9001409089,3698.469900716582,False,-0.9718309423771646,58.86536154795155,140771.92647505275,806.9704414763859,0.0,0.0046220148212238,False,163681.203125,1511.067626953125,False,165867.4148429036,2112.01026798411,False,164370.55248749256,4293.311084735475,False,False,-1.1281347880074413,68.33293659948825,False,False
COSMOS 1426817,149.53735835662,1.97582477413,2025052800124,-1,z,20250528,z_20,0.1314474558938348,149.53732182670623,1.975824170687508,745319366721013203,745319366721011994,1913.2196737028,862.9807670660516,0.029533187,0.033952028,149.53732182670623,1.975824170687508,1.8643184e-06,1.6645217e-06,139587.32538014837,1660.0054345439216,132216.39547622768,1007.0802681117416,False,140758.05701917692,1314.738963053339,False,145213.11717508335,1840.9593981087096,False,151186.39786482666,2685.3526643764626,False,154101.7628982965,3740.872909417538,False,-0.3620502739992863,59.16741096392742,140831.27648906282,841.3434787293679,0.0,0.000314164506598,False,162548.875,1518.2742919921875,False,167693.6250181198,2125.9591487717007,False,177958.32597506046,4319.999123467251,False,False,-0.4180994394090555,68.32714441020427,False,False
COSMOS 1426817,149.53735835662,1.97582477413,2025052800125,-1,z,20250528,z_20,0.1258837704824658,149.53732338400533,1.9758258282421912,745319366855230966,745319366855230183,3824.7490503670224,2620.2795175531955,0.039725482,0.04470913,149.53732338400533,1.9758258282421912,2.4500973e-06,2.2438937e-06,140659.9011277394,1704.7364626453912,129846.7290840919,1024.2647226787594,False,141884.6160293188,1339.2130677145135,False,150233.08188595407,1880.9002427832456,False,153397.59664426322,2738.0191949868054,False,150277.27805502163,3814.1933339601287,False,-1.9008610359883475,61.54305773382392,139963.35839119222,912.1662320524669,0.0,0.0001345769773646,False,159852.265625,1508.80517578125,False,169257.94482421875,2119.089254619297,False,169307.73780357838,4297.206159681962,False,False,-2.141577795708546,69.33660242777177,False,False
COSMOS 1426817,149.53735835662,1.97582477413,2025052800126,-1,z,20250528,z_20,0.1380432577671252,149.53732021133618,1.9758206470487,745319366989972884,745319366989972099,756.832768626512,2413.828233971781,0.04251631,0.04506308,149.53732021133618,1.9758206470487,2.4799676e-06,2.3854693e-06,140346.25259926915,1738.9022585742644,127993.38894389254,1037.0023354882744,False,140984.00401252255,1357.2326522157807,False,148349.0284460701,1907.0574081739244,False,154180.12546773296,2776.723138415185,False,154061.10996784526,3866.810343983617,False,-0.6267636743148415,61.17272532386853,139746.0029766415,958.4864866144726,0.0,0.0027420988211773,False,156172.546875,1503.4505615234375,False,164331.02294921875,2112.509249240107,False,170658.48063111305,4283.391040935944,False,False,-0.6942864191726855,67.76300886067041,False,False
COSMOS 1426817,149.53735835662,1.97582477413,2025052800127,-1,z,20250528,z_20,0.136047318993483,149.53732057266902,1.9758232828630669,745319367122093457,745319367122092413,3677.499632798479,1308.4688167134025,0.035685424,0.041434128,149.53732057266902,1.9758232828630669,2.24042e-06,2.049733e-06,144529.0678075851,1708.1499483133848,132633.96474152582,1026.548635701606,False,142486.32021504926,1341.293557891229,False,146817.79994351833,1881.9283632068848,False,149814.52961580243,2745.852818430804,False,147589.1827089258,3820.895959550986,False,-0.5118165106020192,60.38567462431936,143116.8319163909,909.8792029817224,0.0,0.0007458880214763,False,160941.671875,1515.0228271484375,False,165834.18077087402,2125.6826386306543,False,166705.47586596012,4315.792441424974,False,False,-0.5781088653647294,68.20704904632139,False,False
COSMOS 1426817,149.53735835662,1.97582477413,2025052800128,-1,z,20250528,z_20,0.1219643190586751,149.53732455207262,1.9758273031817184,745319367256311268,745319367256310313,3220.508035243206,1859.558207196049,0.034189798,0.03905596,149.53732455207262,1.9758273031817184,2.105958e-06,1.967989e-06,142251.13379103446,1702.5477160573412,131806.83163535182,1024.2145014655582,False,141989.7633241717,1338.4799928174114,False,148090.78024466586,1878.5795644811724,False,153241.84548468358,2741.1144347140407,False,153456.96603158684,3814.20245757437,False,-0.9540337519427806,61.86689467330199,143252.83815515184,901.5609490954112,0.0,0.0042820754742266,False,161240.703125,1519.9508056640625,False,168168.89453125,2133.276954350945,False,174262.62656605244,4331.331158826565,False,False,-1.083381430934807,70.25479417490762,False,False
COSMOS 1426817,149.53735835662,1.97582477413,2025052800129,-1,z,20250528,z_20,0.1382082176793126,149.5373199700741,1.9758233226623485,745319367390529091,745319367390528030,2600.1105929317764,1687.6227299573477,0.030631326,0.036000114,149.5373199700741,1.9758233226623485,1.9175498e-06,1.7928407e-06,139618.8265100829,1687.2392486315905,130027.5961663276,1018.4875885167546,False,139575.97276459995,1330.7704879100063,False,145457.225088422,1868.7368553361907,False,147974.84572252675,2719.166769989949,False,146364.7478570533,3791.098138694766,False,-1.6561667421587558,59.58130739866061,139382.42892316944,854.5106912983842,0.0,0.0001823244031845,False,160185.40625,1527.2686767578125,False,166935.06934809685,2144.669791062324,False,167976.5946227908,4350.882056932805,False,False,-1.9007121150992583,68.37893185711114,False,False
COSMOS 1426817,149.53735835662,1.97582477413,2025052800130,-1,z,20250528,z_20,0.1321784691599281,149.5373222646154,1.9758179186176703,745319367524746767,745319367524746048,3934.057020362904,2736.91444663284,0.027488997,0.03374039,149.5373222646154,1.9758179186176703,1.7637294e-06,1.6522642e-06,141531.35878867176,1690.8161874950754,132353.47890023424,1024.1426858327948,False,140619.4265686092,1337.5861789825265,False,143915.52642329867,1868.4005344172967,False,144385.3994609179,2729.3522472731897,False,144136.61487419065,3806.562854965768,False,-1.6971030895519204,59.65261965227819,141665.51788774363,862.109911716448,0.0,1.2034010968831057e-06,False,160928.53125,1530.7684326171875,False,164700.67370152473,2138.246194908122,False,164953.6930783391,4356.329593347926,False,False,-1.9422089411534784,68.26801033193092,False,False
COSMOS 1426817,149.53735835662,1.97582477413,2025052800131,-1,z,20250528,z_20,0.1251286389570529,149.53732364436345,1.9758226277298427,745319367664731494,745319367664730331,506.264026998106,732.1912284759393,0.029756727,0.037540868,149.53732364436345,1.9758226277298427,1.926845e-06,1.8346211e-06,139892.63169450386,1691.2369355518254,132196.86459251028,1022.9214548518056,False,140141.50719369226,1335.640999159758,False,145839.33206296276,1874.5052568519525,False,146807.24588975572,2728.411142663486,False,143748.06131672152,3803.3252411282488,False,-2.425333583233659,59.96568699870559,142016.16572013515,871.1407604205126,0.0,0.0033004834677154,False,159821.09375,1523.200439453125,False,166319.04443454742,2137.735538808933,False,163934.10377931595,4337.4130341268265,False,False,-2.7659147795897026,68.38646076752516,False,False
COSMOS 1426817,149.53735835662,1.97582477413,2025052800132,-1,z,20250528,z_20,0.1331582992472028,149.53732139051448,1.9758265836530864,745319367794755096,745319367794753931,2684.716899439341,1196.2993395575495,0.024642324,0.03377532,149.53732139051448,1.9758265836530864,1.6704571e-06,1.6128611e-06,141749.4103734089,1652.890328188267,133256.6929074097,1006.7184290733834,False,140751.90192967514,1313.9662884401791,False,143688.44017309436,1843.7133455084415,False,146938.85082341672,2685.865230106253,False,137896.85803898738,3741.919029471817,False,-3.1679244923065086,59.45394233265444,140867.5314842027,805.4343829277982,0.0,0.0003490861504978,False,163069.359375,1522.3072509765625,False,166471.5116981268,2136.0503836986663,False,159761.62305414677,4335.233347496544,False,False,-3.670226905828261,68.88089010227507,False,False
COSMOS 1426817,149.53735835662,1.97582477413,2025052800133,-1,z,20250528,z_20,0.1253282827390247,149.5373235227922,1.975824917222084,745319367928973046,745319367928972340,3932.1673093231375,3064.693273969404,0.022976154,0.027115807,149.5373235227922,1.975824917222084,1.3966659e-06,1.3952849e-06,141872.0373745015,1615.2829276861007,133714.00458738807,987.6160735813476,False,138903.90036017695,1286.9526105100497,False,140576.6623078448,1804.0298824173829,False,140218.94878647348,2626.930453796208,False,142307.2835913463,3661.656167220954,False,0.0929696222747445,56.88445368360081,142558.9507059013,767.1525711405185,0.0,0.0022706129981117,False,162700.984375,1507.4339599609375,False,164660.32471609116,2113.097162499648,False,166687.4368826747,4288.9728892050525,False,False,0.108897223345425,66.62992605648498,False,False
COSMOS 1426817,149.53735835662,1.97582477413,2025052800134,-1,z,20250528,z_20,0.1312435736818203,149.5373222025754,1.9758199245156,745319368062142187,745319368062141146,3564.416440144859,2044.3684991100424,0.021468356,0.027733598,149.5373222025754,1.9758199245156,1.3616186e-06,1.3923009e-06,141666.09503677406,1597.7360979201358,135924.8227757487,979.5583832479742,False,142139.252427942,1275.5259272314192,False,147556.5810966113,1791.5238691822476,False,149131.54104913262,2605.3313106837822,False,145858.46521755197,3627.589250348312,False,-0.8901095952561144,57.1143897642878,142824.50267260967,752.3671925984248,0.0,0.0024621654641646,False,167033.953125,1498.9254150390625,False,173400.08920246363,2105.296804899193,False,171404.56014698744,4262.936257573272,False,False,-1.046006095223384,67.11757758461115,False,False
COSMOS 1426817,149.53735835662,1.97582477413,2025052800135,-1,z,20250528,z_20,0.1290246415951162,149.53732266941512,1.975821244865749,745319368201602812,745319368201601703,2402.1514426646595,1742.9333537118057,0.020287706,0.030870523,149.53732266941512,1.975821244865749,1.3922089e-06,1.5069194e-06,140589.51153443716,1589.1727366361956,134747.89240933143,975.9240617083196,False,140771.3076520268,1271.0190868044454,False,144289.57020451064,1778.2887720482067,False,146053.62824955973,2589.9924661103923,False,140671.1051477762,3609.112437584487,False,-1.7720555413766654,57.45908490882027,140532.7156897298,744.5484440733626,0.0,1.7058943925118975e-05,False,164763.65625,1487.6451416015625,False,168881.55365014076,2081.3713024194303,False,164646.37573850155,4224.231279457098,False,False,-2.0740757114867137,67.25212028120362,False,False
COSMOS 1426817,149.53735835662,1.97582477413,2025052800136,-1,z,20250528,z_20,0.1315515585932016,149.5373218206952,1.9758233465327228,745319368335820402,745319368335819111,128.80077918263032,1006.8653789553608,0.024604743,0.02890802,149.5373218206952,1.9758233465327228,1.4545719e-06,1.5263271e-06,141108.25892904072,1599.8541690255745,134647.23724643965,979.222277902868,False,140463.13833062898,1274.9812475799183,False,144863.27120623947,1786.4704109783395,False,146363.30926044032,2601.1366572001293,False,143654.43533278885,3622.390794331696,False,-0.1821955651269098,57.01318738085854,141111.56540352842,763.4426512101581,0.0,0.0001500983202292,False,163959.34375,1488.255859375,False,169095.51618123057,2085.305224516193,False,167684.47027361393,4228.332247900206,False,False,-0.2126726317480731,66.5501632610396,False,False
COSMOS 1426817,149.53735835662,1.97582477413,2025052800137,-1,z,20250528,z_20,0.131527585096912,149.53732180197596,1.9758243442287449,745319368468465522,745319368468464732,1384.666079932684,3048.946655750576,0.02357921,0.032169893,149.53732180197596,1.9758243442287449,1.4708367e-06,1.6558349e-06,142109.13146293847,1609.96461536236,134453.46524607303,982.889585816596,False,141790.41179114458,1280.890891216567,False,145726.66361225786,1795.6500631492952,False,145489.0013976419,2611.365772582103,False,148427.31427787436,3637.967001928311,False,-0.3868851215967549,58.607994012951416,141490.94137112383,782.7319321737059,0.0,0.0033959914808769,False,165207.953125,1492.437744140625,False,169794.30066525936,2092.2124967000022,False,172940.98006999493,4238.799184885403,False,False,-0.4507815318828806,68.2874575602768,False,False
COSMOS 1426817,149.53735835662,1.97582477413,2025052800138,-1,z,20250528,z_20,0.1293994551518336,149.53732275608883,1.9758196652197488,745319368604256169,745319368604255451,1763.6882298766066,3346.869206284111,0.023983136,0.02780475,149.53732275608883,1.9758196652197488,1.3886726e-06,1.4935101e-06,140982.5909421171,1601.5571499434282,134886.375043709,979.9875948901696,False,141247.75912235203,1276.7179402457275,False,145658.72401358324,1790.1281224812767,False,147491.0396232752,2602.997550987472,False,145662.33365878573,3626.738402758754,False,0.1744085636945004,58.44625658783247,141738.3472030421,764.6906518479726,0.0,2.971372357740698e-05,False,164797.953125,1489.584716796875,False,169944.35679113865,2088.595615601022,False,169948.56827133894,4231.42334439976,False,False,0.2034876481079444,68.19098237976316,False,False
COSMOS 1426817,149.53735835662,1.97582477413,2025052800139,-1,z,20250528,z_20,0.1371545836590575,149.5373203580535,1.9758217211510385,745319368738473545,745319368738472121,1316.6858374138951,518.4203366719491,0.023503017,0.026756974,149.5373203580535,1.9758217211510385,1.3453747e-06,1.4499743e-06,137615.52255280723,1601.1762878022907,133188.96005371743,980.235594078961,False,139274.39176867952,1277.5027758535666,False,143192.32106363628,1791.9390527797634,False,148537.8367138783,2610.4560533352146,False,151128.22394704432,3637.5256647868327,False,1.6295657250164608,57.12571351897776,141613.57075318278,757.9931361928668,0.0,0.0071152877132889,False,162933.828125,1494.5203857421875,False,167517.32125854492,2096.3472604570507,False,176801.3469864726,4255.455535939645,False,False,1.9063905315717355,66.83002574858317,False,False
COSMOS 1426817,149.53735835662,1.97582477413,2025052800140,-1,z,20250528,z_20,0.1381451441580907,149.53732003858386,1.9758223224833396,745319368893138553,745319368893137068,2565.8175955110337,437.8506471207872,0.02246165,0.025349995,149.53732003858386,1.9758223224833396,1.2759804e-06,1.3821357e-06,139922.99877948625,1587.8509318210165,135713.5129153908,975.6279137350804,False,141034.79860388822,1270.0029209028155,False,145555.39114699903,1781.1714589060207,False,148573.53296270198,2589.728058822922,False,152392.15844901968,3608.730586965828,False,1.4051862623437148,57.12653241217567,139320.69052815504,722.779489261985,0.0,0.0417206685988941,False,165637.75,1491.5498046875,False,170946.94166702032,2091.889631055048,False,178976.3554314971,4238.259072925849,False,False,1.6503153344390695,67.09202542721951,False,False
COSMOS 1426817,149.53735835662,1.97582477413,2025052800141,-1,z,20250528,z_20,0.1307345752630203,149.5373220236227,1.9758242513002933,745319369006909426,745319369006908416,82.0977672129435,2468.42884826745,0.021167977,0.02455514,149.5373220236227,1.9758242513002933,1.2020149e-06,1.3408428e-06,140348.0419693439,1572.9051711885834,136496.84017399102,967.995706129004,False,141374.30674840402,1259.5135659012203,False,145428.8918774553,1765.0501924814791,False,144969.65683644565,2563.786760098447,False,142537.07928765498,3575.636685496234,False,-1.3726688099683857,54.5247432706934,142294.6038974792,721.9179894190027,0.0,0.0007718821631286,False,166658.0625,1484.768310546875,False,171437.7803807855,2080.7164474214915,False,168028.78836226463,4215.113028064072,False,False,-1.6181605383970832,64.27609288281273,False,False
COSMOS 1426817,149.53735835662,1.97582477413,2025052800142,-1,z,20250528,z_20,0.1262796080059165,149.53732333621863,1.9758224348519964,745319369161574125,745319369161573005,3012.1483864173374,1690.0476808257406,0.024165904,0.026153548,149.53732333621863,1.9758224348519964,1.3532787e-06,1.4422226e-06,137008.48343675176,1599.7698359162123,132693.6196095177,980.2365948985434,False,138392.77943311466,1276.9881809185592,False,144903.91753370565,1787.9774896014565,False,147488.38144119715,2604.140803677818,False,149801.34237204556,3628.638123009192,False,0.3248034943060885,57.01431991250326,140537.9349945616,761.7563182435922,0.0,0.0131714500246403,False,161043.8125,1485.9954833984375,False,168620.64206963778,2080.619471399233,False,174319.63858252764,4222.544845951813,False,False,0.3779647554636681,66.34597183042895,False,False
COSMOS 1426817,149.53735835662,1.97582477413,2025052800143,-1,z,20250528,z_20,0.1328589543822463,149.5373217566725,1.9758198716011783,745319369275869164,745319369275868276,127.85899160208824,2816.4337628152607,0.028831122,0.023714539,149.5373217566725,1.9758198716011783,1.5823161e-06,1.3394639e-06,142461.40081819182,1586.4157939502531,136301.20684108447,971.9534979299128,False,144017.1244509221,1266.008541717666,False,148497.695743702,1772.392645382,False,152365.6224421578,2579.081690143664,False,155082.58312470128,3595.192759066841,False,0.6649788721174016,55.874613100971416,142710.95407642727,759.4132579482291,0.0,0.0037185616509359,False,167591.3125,1473.24169921875,False,172805.30928385258,2062.515904531481,False,180468.0780209303,4183.690484584248,False,False,0.7738293788868345,65.02073819848123,False,False
COSMOS 1426817,149.53735835662,1.97582477413,2025052800144,-1,z,20250528,z_20,0.1252083263879215,149.53732372191774,1.9758213803050133,745319369403270906,745319369403270216,580.7033649698501,3422.784595247737,0.025496233,0.031535216,149.53732372191774,1.9758213803050133,1.7494469e-06,1.4181613e-06,141664.19633818796,1577.9357652004132,136031.08813094493,968.9363159205244,False,142357.00988619932,1261.1706511203224,False,147468.6813816402,1766.4490474488694,False,148692.2524835714,2568.2095922033213,False,146891.6893242873,3579.1409313446507,False,-2.145005797576858,56.28223978388732,142349.62945721188,801.4235399845243,0.0,3.893624542328222e-05,False,166237.015625,1472.7286376953125,False,172206.1562731266,2062.766126770071,False,171532.375349164,4179.532201495742,False,False,-2.504824754134345,65.72343421545202,False,False
COSMOS 1426817,149.53735835662,1.97582477413,2025052800145,-1,z,20250528,z_20,0.1295985030666695,149.5373227210273,1.9758195220694144,745319369537488691,745319369537487707,2413.958877564906,2341.763329680496,0.028687114,0.028569829,149.5373227210273,1.9758195220694144,1.5861664e-06,1.5933531e-06,139870.23577882914,1567.3198964344135,136289.95371678134,961.6430575074476,False,141874.33426038062,1250.9476652404776,False,148331.3759702203,1749.0713659819503,False,151028.7975480772,2548.288431770405,False,148921.13902097972,3548.265258949172,False,-0.3905526866828205,56.52310284202832,142052.3672617091,780.6011030427953,0.0,0.0010029370496147,False,166377.859375,1467.00244140625,False,173950.11536604166,2051.158521964249,False,174641.73809283972,4161.096376989332,False,False,-0.4580061666699123,66.28537081858812,False,False
COSMOS 1426817,149.53735835662,1.97582477413,2025052800146,-1,z,20250528,z_20,0.1359945906339694,149.53732055873826,1.9758250298697304,745319369671706362,745319369671705239,2973.959535155993,1782.684439473904,0.02889701,0.02784976,149.53732055873826,1.9758250298697304,1.5462224e-06,1.6049236e-06,141634.88481934895,1565.01297029064,135402.64380359027,959.0345614660728,False,140885.37984132706,1247.574779323298,False,144187.25893730758,1746.3665163394692,False,143370.93477952946,2538.885122788617,False,141292.29429206706,3536.3999542293586,False,-0.948859921956386,55.8172012105624,141343.77397813587,768.9199215483159,0.0,0.0002472910444556,False,165055.40625,1461.6063232421875,False,168923.7494108677,2045.9698170274896,False,165532.13016593456,4143.097969180377,False,False,-1.1116445160544155,65.39309353407346,False,False
COSMOS 1426817,149.53735835662,1.97582477413,2025052800147,-1,z,20250528,z_20,0.1320983556092437,149.5373219007567,1.975820415391309,745319369806448655,745319369806447743,2222.2243413314072,2895.7278307057786,0.023614211,0.023611706,149.5373219007567,1.975820415391309,1.3109864e-06,1.3117137e-06,140151.55919597222,1553.7614453486945,137013.75209813498,955.9732255753922,False,141541.9932335719,1242.5766799997773,False,144806.74605252428,1740.8205438789666,False,146988.24546580185,2529.542671715385,False,143639.65756320165,3522.4921706643263,False,-0.2549693910571561,56.05987723838664,141969.6609733893,724.7027837577601,0.0,2.686975131505065e-06,False,167003.546875,1466.0999755859375,False,170855.58603298664,2053.971395053792,False,169478.5535864234,4156.142448620193,False,False,-0.3008350502796534,66.14431605988617,False,False
COSMOS 1426817,149.53735835662,1.97582477413,2025052800148,-1,z,20250528,z_20,0.1307848757732802,149.53732225128942,1.975820559802802,745319369942239028,745319369942237847,280.2469739504388,1824.1444152017475,0.023674661,0.023424739,149.53732225128942,1.975820559802802,1.3012541e-06,1.3147925e-06,141706.96911378432,1565.0513016496343,138236.19245051983,962.6771066919248,False,143236.27741422443,1251.3202581857888,False,148736.21295672838,1753.0000697305004,False,148864.40630448534,2548.077856856328,False,147577.64601519733,3550.752023205138,False,-0.5420682179612121,55.10344101900962,141774.62670952693,722.6609021550781,0.0,0.0069447459745773,False,168345.421875,1470.6751708984375,False,174809.48939967155,2060.2988405811425,False,173447.82708853483,4173.194515460211,False,False,-0.6370921144076551,64.76300691816316,False,False
COSMOS 1426817,149.53735835662,1.97582477413,2025052800149,-1,z,20250528,z_20,0.1356566198510022,149.5373206780775,1.975823367760693,745319370074883934,745319370074882692,1699.8203681294044,1603.4371720716706,0.021029381,0.022778297,149.5373206780775,1.975823367760693,1.2612599e-06,1.1716314e-06,140949.6156301093,1554.128286411458,135849.99056403563,957.0323030979292,False,140699.64616356965,1244.6121585385176,False,143172.67478829488,1743.2118262069212,False,141415.0650201501,2533.255770597275,False,141168.75624985143,3533.371423397361,False,-1.7262549232819742,56.002906107672224,141770.71682745634,708.0413948574485,0.0,0.0010830016081307,False,166706.015625,1474.661376953125,False,169636.14913845062,2065.420247038118,False,167261.8341754079,4186.4659064816005,False,False,-2.045329096839549,66.35426310722538,False,False
COSMOS 1426817,149.53735835662,1.97582477413,2025052800150,-1,z,20250528,z_20,0.1345433513555964,149.53732108178346,1.975821775670578,745319370210149983,745319370210148483,3857.637859553788,346.7799355772524,0.022377655,0.02307985,149.53732108178346,1.975821775670578,1.2796219e-06,1.2454922e-06,140210.80103504917,1560.588213616994,135108.99520204766,959.9673383413613,False,140662.90031960513,1249.1456662231922,False,142789.49058880724,1749.2596025413868,False,148645.85897016112,2544.5930421655057,False,147730.44029367968,3547.7832759692988,False,1.264508667239577,56.00073400710444,138438.73659932998,703.2857567334657,0.0,0.000387447195646,False,166941.90625,1482.5142822265625,False,169465.7915996313,2076.060794359115,False,175329.82227540016,4210.589300422916,False,False,1.5007474387274495,66.46293560919987,False,False
COSMOS 1426817,149.53735835662,1.97582477413,2025052800151,-1,z,20250528,z_20,0.1289007309856664,149.5373226925413,1.975821362707764,745319370344367916,745319370344366511,2795.344970774848,1123.1160010193198,0.02142882,0.023242025,149.5373226925413,1.975821362707764,1.2824684e-06,1.1994267e-06,141892.37281921424,1574.6072198350828,137146.07374767528,967.0932316730608,False,142001.586097671,1257.7967074916432,False,146372.97700942043,1763.2768260648195,False,149017.20854963813,2562.836846778501,False,146520.71065236293,3569.0512515569903,False,-0.1958862078649261,55.77796340961916,144864.65745186066,726.9895148733182,0.0,0.0044565730148601,False,167183.375,1480.8475341796875,False,172329.96459913254,2075.966747568881,False,172503.8965227604,4201.967387694256,False,False,-0.2306236025017682,65.66932405270917,False,False
COSMOS 1426817,149.53735835662,1.97582477413,2025052800152,-1,z,20250528,z_20,0.134555097395006,149.53732105869324,1.9758220328171223,745319370478061645,745319370478060868,1250.7004494131052,3342.638682503965,0.021245476,0.023243615,149.53732105869324,1.9758220328171223,1.2780259e-06,1.1937974e-06,142580.54691450667,1550.5951955561427,137419.19692108285,955.8233500049809,False,142764.94199048053,1242.5024271424386,False,145603.22129245196,1738.1762453971492,False,148343.2564299542,2530.5327061971225,False,146955.0665235775,3526.1280825567087,False,0.2028424845598866,55.90921003965276,142128.68065610234,709.4898783055824,0.0,0.0005744201360635,False,169147.953125,1472.1173095703125,False,172510.74743312597,2059.3918225318216,False,174112.41413503885,4177.7577835657885,False,False,0.2403278465407987,66.24125157893138,False,False
COSMOS 1426817,149.53735835662,1.97582477413,2025052800153,-1,z,20250528,z_20,0.1322332744419023,149.5373216407808,1.975823115776192,745319370613327450,745319370613325961,3245.6024369383845,362.0366198146542,0.025890369,0.02409875,149.5373216407808,1.975823115776192,1.3540251e-06,1.4232189e-06,140505.93703007812,1537.4236311543373,134822.57014584,945.1177675760372,False,141034.95105198168,1228.674949771078,False,145038.9922957307,1720.0844555695194,False,147665.00290331544,2497.1943141996494,False,149618.14927798428,3481.1959992251723,False,0.0892872778121358,55.29863999638967,141661.65445994708,739.3823611897421,0.0,0.0001594132692305,False,166474.09375,1450.296875,False,171200.36289405823,2030.3442428881133,False,176605.4841287136,4109.115824229538,False,False,0.1053924473778228,65.2731178359715,False,False
COSMOS 1426817,149.53735835662,1.97582477413,2025052800154,-1,z,20250528,z_20,0.1299425312178243,149.53732247601113,1.9758206544260053,745319370747545335,745319370747543921,3359.5693933544503,929.6765672476675,0.020532833,0.023104776,149.53732247601113,1.9758206544260053,1.256958e-06,1.1693908e-06,138743.13038885666,1527.7691663032597,133807.05261747024,941.533911151962,False,137800.9228192989,1223.7707031506648,False,139795.0088946425,1715.6449740207663,False,141704.93071089918,2494.4594452058022,False,139706.5585038811,3473.9379543077143,False,-0.1791086717261826,54.52972630956688,140659.5041174211,703.239402561872,0.0,0.0069553346278502,False,162602.890625,1444.0299072265625,False,164955.88038277626,2024.4337001127856,False,164851.5103327036,4099.191367267271,False,False,-0.2113453753635006,64.34420714694892,False,False
COSMOS 1426817,149.53735835662,1.97582477413,2025052800155,-1,z,20250528,z_20,0.1338974933249348,149.53732130455938,1.975821288209312,745319370882287670,745319370882286753,769.3390534603176,2949.870524972216,0.02091105,0.022763187,149.53732130455938,1.975821288209312,1.2404467e-06,1.1868578e-06,138175.15561599913,1521.6061011218278,135136.26899062766,938.0132713589684,False,139302.63213571452,1218.5805983062312,False,142550.04743734983,1705.6028078940803,False,147742.47037615668,2479.320824954627,False,147467.2015348641,3454.3581983044696,False,1.7744493499794851,54.464061300510345,139229.05528955502,691.5550188075932,0.0,0.0001280289080997,False,163800.484375,1432.8809814453125,False,167618.99226117134,2005.5512361907704,False,173400.88030284643,4061.843896357775,False,False,2.0865051763155096,64.0421468372675,False,False
COSMOS 1426817,149.53735835662,1.97582477413,2025052800156,-1,z,20250528,z_20,0.1244013371144626,149.5373240331529,1.9758206013461423,745319371016505421,745319371016504509,1940.9123805857612,2926.3065149145486,0.022680774,0.022878794,149.5373240331529,1.9758206013461423,1.2675728e-06,1.2632514e-06,143101.573811483,1527.6315049716718,135860.22871021717,940.2685909512282,False,142381.4567272064,1222.170017736467,False,144614.81441653272,1709.9674515732454,False,144448.63630368534,2482.556038688785,False,140268.99467233312,3460.385539214388,False,-1.813201133709113,53.78755604182837,140071.42086956155,704.7687080682226,0.0,8.403035443471651e-06,False,167062.359375,1434.0252685546875,False,169682.85514378548,2006.3792257836628,False,164583.71571528912,4060.220943208142,False,False,-2.12750779758659,63.11128024612951,False,False
COSMOS 1426817,149.53735835662,1.97582477413,2025052800157,-1,z,20250528,z_20,0.1272725955627208,149.5373233141385,1.975819941524031,745319371149150102,745319371149148864,1433.4706094234823,1681.6376137307027,0.020756075,0.021897214,149.5373233141385,1.975819941524031,1.1953051e-06,1.1740414e-06,142476.16278144708,1537.0760890409806,135760.40255792084,947.0484042235606,False,141035.59629443233,1230.763990696822,False,142895.870474438,1724.6655090684255,False,144855.84804269517,2508.270512789851,False,144120.30124029456,3491.838048937532,False,0.2802474867322915,55.153515497968975,141162.47270395802,704.8671156676864,0.0,0.0012058506353875,False,166148.953125,1449.918701171875,False,168340.47509288788,2031.766279941813,False,169782.93285012245,4113.608560932618,False,False,0.3301494641060395,64.97436889634908,False,False
COSMOS 1426817,149.53735835662,1.97582477413,2025052800158,-1,z,20250528,z_20,0.1309515591731181,149.53732201742628,1.9758227235495005,745319371283367850,745319371283366750,897.9545853511011,2156.7235306494795,0.021889655,0.022699365,149.53732201742628,1.9758227235495005,1.2435775e-06,1.2330291e-06,140881.37890659022,1541.4268331649075,136301.0643974745,949.4068502232678,False,140573.67115932246,1233.3920829581627,False,143279.5462077502,1723.400280804556,False,145111.03247147507,2508.8857580230406,False,147906.70382790465,3494.42318895495,False,1.165217147778418,56.10108431435245,140244.3259430325,702.8860402602127,0.0,0.0029495579317364,False,165606.390625,1453.0289306640625,False,168794.1155848503,2030.2955578550857,False,174245.25637108088,4116.694163754532,False,False,1.37271371336128,66.0913100357099,False,False
COSMOS 1426817,149.53735835662,1.97582477413,2025052800160,-1,r,20250528,r_57,0.1300738304116558,149.53732260393866,1.9758194113703016,745319371550754783,745319371550753899,1428.286958011533,3025.605140175335,0.017781533,0.016573168,149.53732260393866,1.9758194113703016,9.205507e-07,9.880785e-07,126452.86334234686,638.0621591655452,118155.23475804982,419.9336115075676,False,125494.01815354802,521.9635041571136,False,128003.35238791251,701.5584176903602,False,129259.7008993516,995.6071733903711,False,130305.690000127,1371.8811022894868,False,-0.13728426733918,21.55234691069457,125980.47728738062,399.2607048070933,0.0,0.0004036069148355,False,250922.234375,1043.6533203125,False,255939.58709144592,1402.7489780115686,False,260543.0551008582,2743.042868084176,False,False,-0.2744965506095557,43.09339299535143,False,False
COSMOS 1426817,149.53735835662,1.97582477413,2025052800161,-1,r,20250528,r_57,0.1291589785690349,149.53732273380555,1.975820333619382,745319371684972480,745319371684971316,3340.0210715490143,2080.4907374156087,0.017236535,0.01490381,149.53732273380555,1.975820333619382,8.28222e-07,9.572437e-07,126119.43000971408,638.3577984652693,119510.84105573608,420.8319976437672,False,126334.63844122234,522.5432408865207,False,129455.51200819736,702.6781469735497,False,131828.06924341904,994.6510174445704,False,133109.619383698,1370.2935203367026,False,0.3088097719110775,21.406037509540152,126391.8681699414,393.23009030829945,0.0,8.812882349340523e-05,False,252794.515625,1045.6044921875,False,259039.35656034944,1406.0528766787547,False,266351.1937209964,2741.945447516818,False,False,0.6179256748088751,42.83329536888986,False,False
COSMOS 1426817,149.53735835662,1.97582477413,2025052800162,-1,r,20250528,r_57,0.1306948518165733,149.53732242603277,1.975819433992152,745319371819190155,745319371819188860,3941.813847309166,1570.1487558274666,0.01634301,0.014070471,149.53732242603277,1.975819433992152,7.829967e-07,9.0679737e-07,127259.3175554778,639.4071771266582,121040.50907979468,423.2756908619069,False,127028.05110607894,524.7051358825112,False,130173.30974947412,705.6171941511643,False,131934.18452151775,999.963829895882,False,133093.52722285493,1377.243050953085,False,0.6050948715702952,21.63388450277428,126541.97367829284,388.2649008091236,0.0,0.00018924186627,False,254015.203125,1049.2413330078125,False,260304.70773619413,1411.00720148121,False,266144.20246362686,2754.04267241884,False,False,1.209994921385272,43.26080356665425,False,False
COSMOS 1426817,149.53735835662,1.97582477413,2025052800163,-1,r,20250528,r_57,0.1289494374239814,149.53732265769344,1.9758215924691207,745319371953932412,745319371953931441,3095.8512789271763,2932.645182661926,0.016225697,0.01402684,149.53732265769344,1.9758215924691207,7.824758e-07,8.9870997e-07,126581.01057992363,638.5812118290341,120416.02092727376,421.8679609918219,False,126490.9753077878,523.1524991994311,False,129437.6994432054,702.5404619954287,False,131492.22803687578,996.881763830799,False,130769.5728152601,1372.4989229408868,False,-0.3471837939104769,21.63485126464185,127107.92656138095,390.452272991248,0.0,0.0002777427713439,False,253070.390625,1046.6707763671875,False,258965.89918756485,1405.5721265049394,False,261630.57715141773,2745.9574702137425,False,False,-0.6946103319213193,43.28482919302459,False,False
COSMOS 1426817,149.53735835662,1.97582477413,2025052800164,-1,r,20250528,r_57,0.1301933533968502,149.53732231705388,1.9758215202285752,745319372089722771,745319372089721487,921.7843921319436,1708.9211638250572,0.016911205,0.014459525,149.53732231705388,1.9758215202285752,8.0991646e-07,9.341477e-07,125950.9654640386,638.9361263748368,119513.9963720866,421.7722432329376,False,125965.5235134423,523.4824956177653,False,129703.94372105657,703.1077776114706,False,131765.90454862398,998.0778852203736,False,133086.85365038115,1374.0434678664733,False,0.5337646295171498,21.526166974409318,125490.1110209433,392.74743500901104,0.0,0.0006041053031995,False,251670.671875,1045.8829345703125,False,259139.7848446369,1404.762206804417,False,265898.6121098995,2745.246739728017,False,False,1.066425948837948,43.00783860724322,False,False
COSMOS 1426817,149.53735835662,1.97582477413,2025052800165,-1,r,20250528,r_57,0.1321765109792602,149.53732164208742,1.9758234749447048,745319372222367756,745319372222366362,2650.1274674124247,1593.8564172645945,0.01509355,0.014357164,149.53732164208742,1.9758234749447048,8.002445e-07,8.3589043e-07,127128.05973427003,635.7472126196451,121424.71575496106,422.6581596748836,False,126318.52027959524,523.3837415079881,False,129206.820364984,702.4695366816878,False,130359.93256516504,997.2095024321015,False,130358.53054993124,1373.6171799655265,False,-0.2578811672160672,21.28066054393236,126613.79819988093,385.18818575423217,0.0,3.863572126050485e-05,False,253214.1875,1049.1588134765625,False,259003.9842594862,1408.1486434502508,False,261312.6667715311,2753.5103909636027,False,False,-0.5169405886297113,42.658552025213815,False,False
COSMOS 1426817,149.53735835662,1.97582477413,2025052800166,-1,r,20250528,r_57,0.1278342521350001,149.5373230666739,1.9758206479052052,745319372358158043,745319372358156361,365.4740995154101,186.416683711712,0.014711102,0.014916206,149.5373230666739,1.9758206479052052,8.276568e-07,8.1860395e-07,126341.71920592796,641.8024287639744,119418.52890590424,423.514087537304,False,125844.8109685928,526.0398935861327,False,129074.979665526,707.6738215185877,False,130468.21922226004,1006.5014385832412,False,130667.23197607184,1383.5262026236485,False,-0.2637545824646918,21.585447726508782,126362.42963670012,391.9409484692696,0.0,0.0001383549931047,False,250526.859375,1047.2193603515625,False,256957.3511264324,1408.8089814939035,False,260127.14388644692,2754.269101272888,False,False,-0.5250721637393118,42.97145337581773,False,False
COSMOS 1426817,149.53735835662,1.97582477413,2025052800167,-1,r,20250528,r_57,0.131946694517362,149.53732194889113,1.9758203682518676,745319372491851495,745319372491850062,3470.978227659614,888.2211573220691,0.015799128,0.015543285,149.53732194889113,1.9758203682518676,8.654771e-07,8.759007e-07,127458.2713494628,645.3584579188628,120519.6670244558,425.6977734343501,False,127102.89461168923,528.6149462056634,False,130139.3165234983,709.5487984276415,False,132633.36925760575,1008.593668298308,False,132747.4886590394,1388.0982550867593,False,0.2422908271308895,21.66391760299772,127331.61598999555,398.2971039018293,0.0,2.359016330433228e-05,False,252719.40625,1051.048095703125,False,258756.74115902185,1410.7999002844372,False,263942.5846089721,2759.9636335105542,False,False,0.4817482257930303,43.07449024197911,False,False
COSMOS 1426817,149.53735835662,1.97582477413,2025052800168,-1,r,20250528,r_57,0.1306690306936987,149.53732209608285,1.975822723471693,745319372625545628,745319372625544743,2049.3970578000776,3605.417233412476,0.013947014,0.013851151,149.53732209608285,1.975822723471693,7.703221e-07,7.7413245e-07,126643.10030786294,636.9718429632762,120346.52031474124,421.7414205381264,False,126299.92580707888,523.0983880320242,False,129580.08064671296,704.7777487136538,False,130564.12464946682,998.6548848020742,False,130311.37393536912,1374.085097550373,False,-0.1500693455542561,21.43584700830293,126073.70032188506,382.01669441048114,0.0,0.000459331511182,False,253712.0,1050.802978515625,False,260301.19345641136,1415.7614981878044,False,261770.219520092,2760.269857974537,False,False,-0.3014601438279502,43.06044980958915,False,False
COSMOS 1426817,149.53735835662,1.97582477413,2025052800169,-1,r,20250528,r_57,0.1353801741982875,149.53732085718084,1.9758216684744925,745319372760811255,745319372760809670,3976.629427731833,459.2471385912013,0.014033746,0.0141800335,149.53732085718084,1.9758216684744925,7.8615506e-07,7.813901e-07,126331.54631580772,635.1175091184792,120316.42714619084,420.1492069258252,False,126303.46664603017,520.7856188163142,False,129656.23966807668,699.8948550379773,False,131696.8786524386,991.9313002532456,False,131558.06408132942,1366.196508914517,False,-0.1963813491884785,21.571976897141656,126277.33663659915,385.1259701767072,0.0,0.0003449333780269,False,253167.28125,1043.8817138671875,False,259887.70194137096,1402.8948081639755,False,263699.7882514596,2738.4541770691044,False,False,-0.3936339483190001,43.239658318664354,False,False
COSMOS 1426817,149.53735835662,1.97582477413,2025052800170,-1,r,20250528,r_57,0.1374941671311522,149.53732034836696,1.9758208015016905,745319372895029075,745319372895027623,4050.215508840591,1049.8187916139673,0.014025957,0.01652159,149.53732034836696,1.9758208015016905,8.851216e-07,8.165578e-07,126141.1940907623,635.665451655316,119940.79234991102,420.2323078121191,False,125772.35394072204,521.1502374863933,False,129155.28466445784,700.7675597982416,False,129894.20442088392,993.7728300850232,False,129150.71165500984,1368.5563577646717,False,-0.2542559611275283,21.208638877592964,121345.96287878668,374.2019120789684,0.0,3.959923279783784e-05,False,252441.484375,1046.016357421875,False,259231.46664598584,1406.5317015589212,False,259222.28802081943,2746.870735740433,False,False,-0.5103248069005415,42.56849865715541,False,False
COSMOS 1426817,149.53735835662,1.97582477413,2025052800171,-1,r,20250528,r_57,0.1352384386210544,149.53732084684282,1.975822342879037,745319373029771303,745319373029770411,1303.0663221715802,3181.574311172544,0.017220069,0.016999155,149.53732084684282,1.975822342879037,9.4828306e-07,9.533339e-07,126627.30297496809,653.511663201141,119137.9549524118,427.9225067146616,False,126907.80352991748,532.7124892554747,False,131607.56711350303,717.3156561999358,False,133582.94524731254,1017.0875318487892,False,136203.64284400086,1401.8089383181882,False,0.2014609090127734,21.98148173428868,126707.20631407152,406.29046273778687,0.0,0.0005626339744082,False,250764.9375,1052.619384765625,False,260051.4895363748,1417.3881407721608,False,269133.15836402774,2769.920533069764,False,False,0.3980790057986607,43.43456225650332,False,False
COSMOS 1426817,149.53735835662,1.97582477413,2025052800172,-1,r,20250528,r_57,0.1317418345566321,149.53732217761288,1.9758191326726529,745319373163989125,745319373163988284,2482.1365815509757,3237.9426703695385,0.015469687,0.015421946,149.53732217761288,1.9758191326726529,8.5784126e-07,8.588155e-07,127020.76068277685,647.6532763260844,120257.56547371746,427.2181406611749,False,126792.77962821488,530.826474332551,False,130275.26871142873,713.3592845497758,False,132116.74856572697,1013.2687235113428,False,132314.28798254064,1395.7712945536412,False,0.0523490682838158,21.724019060117072,126346.79302651934,392.4118252846749,0.0,2.8776365907923207e-06,False,252720.25,1058.0302734375,False,259661.461591959,1421.8501815313396,False,263725.5846552849,2782.017016558296,False,False,0.1043408754248103,43.29978050781571,False,False
COSMOS 1426817,149.53735835662,1.97582477413,2025052800173,-1,r,20250528,r_57,0.1383966890921175,149.53732000910009,1.975821754136603,745319373296633648,745319373296632548,2380.5820856262403,1984.9865490457687,0.018244222,0.018068187,149.53732000910009,1.975821754136603,1.0074278e-06,1.0097082e-06,128108.64478243144,659.3668168796061,118186.06541239547,429.80260815325977,False,127398.70289795284,536.3991687829138,False,132103.6983967469,722.753066009002,False,133624.9742433916,1025.8353835279647,False,134907.32646774515,1414.2670597426973,False,-0.2110272783470727,21.810142953685524,126921.12724138302,416.1866069002638,0.0,0.0005287458771876,False,250797.328125,1055.9564208984375,False,260059.59118652344,1422.8130563809862,False,265578.818723917,2784.1288158387347,False,False,-0.4154287003481489,42.93548877958412,False,False
COSMOS 1426817,149.53735835662,1.97582477413,2025052800174,-1,r,20250528,r_57,0.1255337397121497,149.53732369283475,1.9758207990914567,745319373430851448,745319373430850423,1811.529666146165,2415.7743869848346,0.018637095,0.018250732,149.53732369283475,1.9758207990914567,1.0234813e-06,1.0259345e-06,126411.76027782045,668.7756607710047,117818.7815333106,433.8717983387405,False,126863.74500350814,541.9251608459793,False,132752.73761611196,731.9847682643893,False,136753.33587279162,1039.0730787879463,False,137647.09299988198,1432.0309555635788,False,-0.0296271493468013,22.386251939662284,127448.95010315388,420.4843048298719,0.0,0.0014136998684319,False,247331.828125,1056.5299072265625,False,258812.9278564453,1427.0675273655177,False,268354.8964033127,2791.8680325993555,False,False,-0.0577606865529165,43.64393166030524,False,False
COSMOS 1426817,149.53735835662,1.97582477413,2025052800175,-1,r,20250528,r_57,0.1285887092173628,149.5373234480543,1.9758171129475357,745319373565069166,745319373565068077,1234.2329491453086,2113.3367093238367,0.01746574,0.016383303,149.5373234480543,1.9758171129475357,9.407149e-07,9.4082606e-07,126205.411466657,666.4477102554001,117963.88218030872,433.3228832577057,False,126178.61465073336,540.7493886483124,False,131557.79788566168,729.700174102501,False,133720.71668942092,1035.537307506792,False,135880.29815374242,1427.9309781742406,False,0.216151432628498,22.54104381159241,126347.84601107654,413.3584876546351,0.0,0.000107567768578,False,246149.671875,1054.895751953125,False,256643.40087890625,1423.5015887568793,False,265075.7491465807,2785.612623110966,False,False,0.4216689520969212,43.97314515856608,False,False
COSMOS 1426817,149.53735835662,1.97582477413,2025052800176,-1,r,20250528,r_57,0.1344032647287152,149.53732108180083,1.9758223073569408,745319373699286994,745319373699286249,2308.9160610309277,3424.82545158264,0.01781584,0.01656505,149.53732108180083,1.9758223073569408,9.593629e-07,9.519879e-07,125156.64866584742,665.7855717121381,117371.5516689199,433.6429731982991,False,125440.22154252458,541.1220495836538,False,129845.39231083964,728.7775855006669,False,132631.54987331844,1036.781609214208,False,132538.68633612673,1428.4943185831294,False,-0.0624754438945716,22.285948043116413,126706.5569761064,415.70485735462034,0.0,0.0011679850792317,False,244547.703125,1054.926025390625,False,253135.6534651518,1420.7634714895175,False,258386.27292057872,2784.872349880144,False,False,-0.1217968696025696,43.44680947537748,False,False
COSMOS 1426817,149.53735835662,1.97582477413,2025052800177,-1,r,20250528,r_57,0.1355856738962502,149.53732076220072,1.975822163055567,745319373838747654,745319373838746587,2499.964033686869,2474.397523790098,0.017220264,0.014734325,149.53732076220072,1.975822163055567,9.049772e-07,8.75345e-07,126982.9321092942,656.5016440375524,118908.76422862672,429.3893864096329,False,126369.04437603168,534.6757539616056,False,130086.0492662273,720.3527212569059,False,131772.6486210589,1021.2754099928562,False,132608.6708299422,1407.893368826965,False,0.0454222018945072,22.28446876969086,126465.20485318976,403.637745415434,0.0,1.7346391544270645e-05,False,249133.578125,1054.1005859375,False,256461.56523430347,1420.158329478137,False,261434.853902638,2775.628432787684,False,False,0.0895487952779129,43.93330240503828,False,False
COSMOS 1426817,149.53735835662,1.97582477413,2025052800178,-1,r,20250528,r_57,0.1318907514768155,149.53732197781753,1.9758202601702823,745319373969295102,745319373969293911,493.6373746301983,1561.0309439111436,0.017078066,0.016173108,149.53732197781753,1.9758202601702823,9.321646e-07,9.1621143e-07,126523.8395161727,660.0860763750139,119613.12217313037,431.9471128628782,False,126532.77163764877,537.6784111339666,False,130757.85775259444,724.6680774583147,False,133081.50894301158,1027.7450557771872,False,131391.11758383884,1416.0764285985608,False,-0.5584567977066751,22.38690069280857,126515.0904026468,406.07827550131367,0.0,0.000601841739337,False,248831.4375,1057.36474609375,False,257140.22768878937,1425.0869327409962,False,258385.55687963963,2784.767367201201,False,False,-1.0982262220015404,44.02467920732583,False,False
COSMOS 1426817,149.53735835662,1.97582477413,2025052800179,-1,r,20250528,r_57,0.1279636523047919,149.53732295549355,1.9758213492725476,745319374103513304,745319374103512528,1294.7593243165943,3660.420211626137,0.015344861,0.016252035,149.53732295549355,1.9758213492725476,8.676575e-07,8.8879585e-07,126673.77069807216,654.9729358903946,119612.45611518578,430.4294994436015,False,126456.9693393995,535.5840693418338,False,130684.2545473694,721.707799949348,False,131941.86291193348,1024.123625309134,False,132489.4961792667,1412.4848035630748,False,-0.0688380369164127,21.820366817767944,125894.20493354034,397.3475841379092,0.0,0.0014783375504621,False,249553.1875,1056.934326171875,False,257895.412555933,1424.235317846242,False,261457.9192789793,2787.4310673888126,False,False,-0.1358466174183503,43.06083025901402,False,False
COSMOS 1426817,149.53735835662,1.97582477413,2025052800180,-1,r,20250528,r_57,0.1247137996417818,149.53732372839525,1.9758232153944133,745319374239828161,745319374239827399,1961.175679995668,3608.211982524673,0.0151497,0.015988994,149.53732372839525,1.9758232153944133,8.533071e-07,8.7700334e-07,128149.86678534155,649.9219108663972,120613.48438909436,427.4801130724271,False,127745.00606875509,531.3860579861266,False,130982.81586600584,715.2886403921599,False,133476.11742960382,1014.7603365605012,False,134329.92697366024,1397.1298856398355,False,0.5324523381618352,22.02625935705353,127493.916342184,397.3622401437034,0.0,0.0008219194970904,False,253238.109375,1053.40478515625,False,259656.6525087357,1417.9680953855238,False,266291.8714879751,2769.6310147757613,False,False,1.0555185490055794,43.66423743548535,False,False
COSMOS 1426817,149.53735835662,1.97582477413,2025052800182,-1,r,20250528,r_57,0.1305814258974979,149.53732245258047,1.975819469871412,745319374509836262,745319374509835228,2050.5095502275813,2667.922412578115,0.017564604,0.016379816,149.53732245258047,1.975819469871412,9.654015e-07,9.2127544e-07,128078.19537566496,660.3074805094699,118919.53111832788,430.88312283263537,False,127132.48605822511,536.9899737393464,False,131082.14845321068,724.130382953576,False,134040.44066966797,1025.6125806505197,False,134939.335335962,1414.509001231897,False,-0.1722398908099025,22.391928332102545,126650.30979322067,407.4581534610672,0.0,0.0009641904831358,False,248672.21875,1050.35693359375,False,256397.7918236256,1416.40515793015,False,263942.4820126295,2766.7915784883303,False,False,-0.3369026842229767,43.7988013377221,False,False
COSMOS 1426817,149.53735835662,1.97582477413,2025052800183,-1,r,20250528,r_57,0.1289198965695557,149.53732278105616,1.9758204942533069,745319374644053759,745319374644052307,3753.3447994471553,817.8371407028061,0.015546331,0.016294397,149.53732278105616,1.9758204942533069,8.689246e-07,9.0013566e-07,127543.67844495409,651.8033507485239,120234.99960113809,428.17083830375344,False,127091.12302324556,532.4456401160328,False,130376.27969776592,716.6003717099942,False,132662.976699306,1017.2491009305544,False,132010.89237092875,1401.4409882993457,False,-0.1616329255569362,21.479552024507623,127326.0145338484,399.7093849851153,0.0,6.900092036987715e-05,False,250895.484375,1051.1214599609375,False,257380.83878445625,1414.6684133918566,False,260607.79066467285,2766.6386700983903,False,False,-0.3190857880855968,42.40361152809356,False,False
COSMOS 1426817,149.53735835662,1.97582477413,2025052800184,-1,r,20250528,r_57,0.1268066853053385,149.53732334793125,1.9758207017383969,745319374798718647,745319374798717330,3130.432868795077,1056.7497265594657,0.01710096,0.016737768,149.53732334793125,1.9758207017383969,9.481821e-07,9.320223e-07,126820.60852304158,657.9678769441451,118740.6241240703,430.1100173744888,False,126875.83654133086,536.1646578502865,False,131770.49629340912,723.4755562103538,False,133649.7960730031,1026.1007253862397,False,133058.40914666315,1414.8695777449038,False,-0.3297652830177886,22.228871172129416,127018.71717743318,408.57326639379903,0.0,4.4581986908265314e-05,False,249507.109375,1054.3922119140625,False,259132.68063747883,1422.7476220400115,False,261665.4199036956,2782.4054454274165,False,False,-0.6484984436827277,43.71408726846532,False,False
COSMOS 1426817,149.53735835662,1.97582477413,2025052800185,-1,r,20250528,r_57,0.1250832997450303,149.53732372646093,1.9758217052923803,745319374912489388,745319374912488404,3311.163585042937,2467.9417271484654,0.01611582,0.015719589,149.53732372646093,1.9758217052923803,8.93815e-07,8.749704e-07,127669.67150600844,656.4613103564953,120170.8260638814,431.10825880061344,False,127564.88336105792,536.5642065794207,False,131560.10801887407,721.639664497957,False,133520.72536530206,1024.8722133179156,False,134202.95769279238,1412.126972398798,False,0.1751645196711774,22.157533607621104,127073.24492017669,400.6046723944594,0.0,0.000129471598688,False,251084.0,1056.111083984375,False,258947.73931095004,1420.3922642876655,False,264149.6197191179,2779.467823713137,False,False,0.3447736328236562,43.61233296932792,False,False
COSMOS 1426817,149.53735835662,1.97582477413,2025052800186,-1,r,20250528,r_57,0.1330475595589614,149.53732144619434,1.9758225139842285,745319375067154432,745319375067153418,3637.715413100479,2551.32609567971,0.015010124,0.014773818,149.53732144619434,1.9758225139842285,8.333535e-07,8.2153775e-07,126502.55256254582,659.016850133544,119208.58259490549,431.1830092730714,False,126146.7445295686,536.8594471752001,False,130619.94412596656,724.1291547285467,False,131920.98431709543,1028.2066704719757,False,132611.78829735826,1417.166464478162,False,-0.0312803863673647,21.769983469902822,127496.97783895036,404.2771551249941,0.0,0.000269222734711,False,247935.953125,1055.1739501953125,False,256727.8328487873,1423.2444351438612,False,260642.71614563465,2785.3791979928565,False,False,-0.0614802422134085,42.78795795527384,False,False
COSMOS 1426817,149.53735835662,1.97582477413,2025052800188,-1,r,20250528,r_57,0.1229933073043413,149.53732463275645,1.975819180648873,745319375335589991,745319375335589397,3794.274819200406,3885.2681431243313,0.014846844,0.014309004,149.53732463275645,1.975819180648873,8.24591e-07,7.9544463e-07,126308.28520894806,654.6383490224632,118768.49976170305,429.047003851173,False,125773.82154117752,534.0729620079586,False,130013.25500993808,719.9405755619815,False,129695.14985930423,1021.5613314655913,False,131028.13852167832,1408.0053679700106,False,0.2647390154260199,22.132768940538195,126160.23854261843,398.8684927513565,0.0,5.11293886381603e-05,False,248280.796875,1054.27392578125,False,256649.54886984825,1421.1814319775135,False,258652.9553334713,2779.4392384699977,False,False,0.522601706050219,43.690661874402856,False,False
COSMOS 1426817,149.53735835662,1.97582477413,2025052800189,-1,r,20250528,r_57,0.1265540902622153,149.537323399719,1.9758208670421349,745319375470331628,745319375470330344,1541.56670934905,1152.500278221799,0.015436287,0.016896527,149.537323399719,1.9758208670421349,8.577085e-07,9.386661e-07,125877.86167919046,659.0635878116101,118599.55049862922,431.7331956759526,False,125832.29115434624,537.9833146636598,False,130011.51849255904,725.4460059347521,False,131060.45970325149,1032.4291147579468,False,129360.8607647574,1420.0690648813932,False,-0.8681804761500438,22.244107009420933,126786.595570591,406.9568068068636,0.0,2.601329310847333e-06,False,246971.90625,1055.903564453125,False,255174.50458864492,1423.8378823396808,False,253897.45417593047,2787.1793539086234,False,False,-1.703983812078932,43.65866233975763,False,False
COSMOS 1426817,149.53735835662,1.97582477413,2025052800190,-1,r,20250528,r_57,0.1196371247693548,149.5373251600967,1.9758228500248023,745319375577286505,745319375577285563,2167.8428511176667,2790.581936334609,0.02145463,0.019379562,149.5373251600967,1.9758228500248023,1.0769983e-06,1.1917141e-06,126821.62554621322,680.4207601073241,116411.49449632884,438.76148901714,False,126412.90514162666,549.4910718918651,False,131884.54127728092,741.7764515662548,False,134986.10009488068,1054.9072662436972,False,133065.5792827738,1454.2014649376342,False,-0.3303420745834021,22.87306108484258,127220.19118814002,433.9755181904632,0.0,0.0003026437413472,False,243613.078125,1058.936279296875,False,254157.5879588127,1429.4936457970086,False,256433.5921656489,2802.423492209466,False,False,-0.6366094469018021,44.07917696992144,False,False
COSMOS 1426817,149.53735835662,1.97582477413,2025052800192,-1,r,20250528,r_57,0.1287436406096383,149.5373228676468,1.975820195993991,745319375846246224,745319375846244925,543.3241339464761,1479.68884146863,0.016230159,0.014498664,149.5373228676468,1.975820195993991,8.080082e-07,8.994232e-07,126182.43529336562,654.9499747348264,120896.6037621894,431.3672524380228,False,126928.6454178336,536.1831097776509,False,131150.3209244177,722.8085624124942,False,132602.71813873312,1026.139268782932,False,132152.22632631697,1414.3258402510676,False,-0.4556583103842956,22.00207456751,126592.62854537377,393.98235570911976,0.0,5.056321077145931e-05,False,251060.84375,1060.55322265625,False,259411.184299469,1429.692461868097,False,261392.9214773178,2797.491753118255,False,False,-0.9012777178090612,43.5194071991047,False,False
COSMOS 1426817,149.53735835662,1.97582477413,2025052800193,-1,r,20250528,r_57,0.1256292193034899,149.5373234470966,1.9758240159592928,745319375980464136,745319375980463278,3827.129444049852,3028.7265158718383,0.015364012,0.015686633,149.5373234470966,1.9758240159592928,8.7057816e-07,8.54574e-07,125920.9049156632,652.2643546886494,119288.47878291144,429.0378611125415,False,125363.06082100152,533.5574829613928,False,128977.36695970988,719.0360016913845,False,128845.08204461951,1020.5181836788572,False,128476.16057610838,1406.4217442913216,False,-0.6063816215468832,22.204800905720496,126159.44507795248,396.99406744373226,0.0,5.743284245962599e-07,False,248570.328125,1057.939697265625,False,255736.787343204,1425.7071716629102,False,254742.9935221672,2788.65809570328,False,False,-1.2023356613164908,44.02775914163537,False,False
COSMOS 1426817,149.53735835662,1.97582477413,2025052800194,-1,r,20250528,r_57,0.1347210058501606,149.53732125069016,1.9758197511544409,745319376116254678,745319376116253367,1474.8538202303982,1672.2597883176825,0.014967031,0.014715155,149.53732125069016,1.9758197511544409,8.1871144e-07,8.307767e-07,126300.94581287264,655.1190694862942,120017.14493543124,430.8208801826974,False,125808.58144804572,535.5005348269212,False,129048.09185534768,721.3839788502574,False,130606.74970441512,1024.5560544346636,False,130488.24752410992,1411.870709634674,False,0.0570051298255031,22.157352019406694,126569.15720320342,393.7786036164513,0.0,0.0001025102011023,False,248670.65625,1058.4593505859375,False,255073.80593693256,1425.8727454375585,False,257920.38803118467,2790.674625402998,False,False,0.1126751679429615,43.79576658451955,False,False
COSMOS 1426817,149.53735835662,1.97582477413,2025052900092,-1,r,20250529,r_57,0.1344286810259285,149.53732111644274,1.9758217425535376,745323760476752005,745323760476750514,2402.0634953029585,1399.3417321796007,0.012097353,0.014208596,149.53732111644274,1.9758217425535376,6.914187e-07,7.725156e-07,127152.64192353644,609.85897731298,120743.41859413392,407.6768460637206,False,126439.06523145468,503.0786842920874,False,128656.11626282633,672.9467088269453,False,129563.30967715828,951.4625245246646,False,128861.60186401628,1307.8037586427297,False,-0.3078463472772216,20.52938605663156,126909.28358332806,374.9497458727436,0.0,0.0001379729330583,False,256407.890625,1020.20166015625,False,260903.8854136467,1364.6798621730677,False,261320.59309381247,2652.1170691287853,False,False,-0.6242867455360377,41.63188461549673,False,False
COSMOS 1426817,149.53735835662,1.97582477413,2025052900093,-1,r,20250529,r_57,0.1264715245440432,149.53732351474102,1.9758201187880573,745323760610969956,745323760610968888,4025.242287242239,2774.402058853904,0.012539559,0.012144156,149.53732351474102,1.9758201187880573,6.9401204e-07,6.774912e-07,126288.60608225034,604.9076304921441,121892.47480346813,406.5100067617926,False,126336.323313168,500.4610718499703,False,129257.44168125764,669.3412845094663,False,130197.06731154444,946.372553298298,False,130430.09103003654,1302.117792587138,False,0.1980157691426028,20.45014674935902,128396.59443282714,373.4101374814287,0.0,0.0004769452446071,False,257227.3125,1018.9647216796876,False,263174.8611353636,1362.8136013811188,False,265562.4360827804,2651.1794198360303,False,False,0.4031703851544902,41.63756036756492,False,False
COSMOS 1426817,149.53735835662,1.97582477413,2025052900094,-1,r,20250529,r_57,0.1342373289544148,149.53732107140726,1.975823406155212,745323760745712132,745323760745711079,490.8534321725382,3104.344830538844,0.012014517,0.012739101,149.53732107140726,1.975823406155212,6.70987e-07,7.0442246e-07,126206.4250311316,606.3893438632288,121666.95609028116,406.6145786506437,False,126030.66334974547,500.8157450888735,False,128770.2243700834,669.70741389417,False,130431.47027664028,947.477365567564,False,129753.50735766217,1303.4673575350305,False,0.2858638443071332,20.85056622240288,126794.3984785076,368.31193196049054,0.0,0.0002682079583657,False,256955.609375,1021.0802001953124,False,262541.119699955,1365.4222874522331,False,264545.8705482483,2657.55364808616,False,False,0.5828289430515632,42.51084463963621,False,False
COSMOS 1426817,149.53735835662,1.97582477413,2025052900095,-1,r,20250529,r_57,0.1315101764219387,149.5373220321409,1.9758207015677889,745323760900377083,745323760900375786,540.7158375859359,2468.9413071397285,0.01122276,0.013524434,149.5373220321409,1.9758207015677889,6.3165476e-07,7.446474e-07,126431.88715040393,605.9312276763517,121899.61497613136,406.99193023096007,False,126463.24005918684,501.1969582268587,False,129092.01975051602,670.1553782147183,False,130499.23304432408,947.2727803935788,False,130968.2721070846,1303.139701315599,False,0.4730003232577668,19.990778002872304,126368.2186531001,365.8770339955164,0.0,3.273774595502488e-05,False,259056.265625,1026.6873779296875,False,264441.24429285526,1372.793782505992,False,268284.69262325764,2669.443740746331,False,False,0.9689273920645016,40.95052676128464,False,False
COSMOS 1426817,149.53735835662,1.97582477413,2025052900096,-1,r,20250529,r_57,0.1314384221176614,149.53732195002135,1.9758217468574264,745323761034070154,745323761034068753,1134.7100295770797,1665.9420784547513,0.012385997,0.015018807,149.53732195002135,1.9758217468574264,6.9414295e-07,8.296162e-07,125613.68058098327,612.1613278414737,120428.3994436759,409.0114218266568,False,125375.11712458868,504.6728532538425,False,127627.0418911378,675.578481984914,False,129133.19305070916,955.4939082021916,False,126948.69101688384,1314.9777815632845,False,-0.7383084056891431,20.517476380204805,126798.32075600993,374.1357331120257,0.0,0.0001333547816149,False,254948.46875,1026.244873046875,False,259527.72485870123,1373.778971878016,False,258148.308267653,2673.9881049656983,False,False,-1.5013393551501208,41.7219884273322,False,False
COSMOS 1426817,149.53735835662,1.97582477413,2025052900097,-1,r,20250529,r_57,0.1267567474787375,149.5373233483315,1.9758208199767675,745323761168811751,745323761168810558,1581.469374988014,1532.4748510919374,0.017204393,0.020021528,149.5373233483315,1.9758208199767675,9.589834e-07,1.1095907e-06,125390.41038007585,641.5953871496351,116492.80139818878,418.18742987082,False,126010.43929659964,520.5878582968197,False,132617.9777164089,700.7065574098986,False,135303.68716794965,993.234824642552,False,135494.8674089811,1364.5173267887346,False,-0.4419231632553443,20.83703152227145,126774.94216813764,412.2630353779396,0.0,2.38581937392901e-05,False,247689.921875,1023.283203125,False,260677.89877694845,1377.329953224291,False,266332.7999674678,2682.136432155949,False,False,-0.8686575048264502,40.95789792233189,False,False
COSMOS 1426817,149.53735835662,1.97582477413,2025052900098,-1,r,20250529,r_57,0.1255586921804092,149.53732367306367,1.975820912144882,745323761302505453,745323761302503667,2321.991884599361,544.1133710186693,0.012909729,0.012987622,149.53732367306367,1.975820912144882,7.1731444e-07,7.216497e-07,126405.63742495592,609.8552948744152,121005.0502574018,409.2283107047927,False,126025.8209738442,504.80540755786143,False,128685.5756105644,673.408634563576,False,128830.75882800831,955.1698162405796,False,129458.1802933278,1314.7183226490972,False,-0.1610374777049868,20.47970340612472,125860.29278675903,370.5263176724126,0.0,0.0007278983496563,False,256791.140625,1028.59521484375,False,262210.67625403404,1372.1423914563825,False,263784.9412435889,2678.879733254955,False,False,-0.328131150138027,41.7295944329689,False,False
COSMOS 1426817,149.53735835662,1.97582477413,2025052900100,-1,r,20250529,r_57,0.1273823646167921,149.53732329347437,1.9758198686211697,745323761573038254,745323761573036727,1216.559392169348,1443.288820032793,0.011439121,0.013851068,149.53732329347437,1.9758198686211697,6.3548134e-07,7.696667e-07,127416.3225523603,606.5093534066955,122492.81296857954,407.9255226284255,False,126975.87341091735,502.5666960070511,False,127845.8807588214,672.3819818372936,False,130145.0863045176,951.8015025109736,False,129444.99848626672,1309.0600232873603,False,-0.1525086143598826,20.08207560510029,126694.85408197828,364.5182338381831,0.0,4.485431854284183e-05,False,261539.015625,1035.16357421875,False,263331.0164141655,1384.9412248940866,False,266624.80495107174,2696.3411291264947,False,False,-0.3141301713667674,41.36412803767467,False,False
COSMOS 1426817,149.53735835662,1.97582477413,2025052900101,-1,r,20250529,r_57,0.13406195386724,149.53732125751094,1.9758213003050376,745323761705159254,745323761705158584,3565.7238554829128,3979.450225133657,0.010360383,0.012970173,149.53732125751094,1.9758213003050376,5.763659e-07,7.201163e-07,125864.4396766986,608.1892532553136,122604.8054677434,408.7291629118751,False,126417.86097140708,503.3811313849515,False,129638.3018526094,675.9740656385209,False,,,True,,,True,0.5235791323286781,20.16033423799757,127699.50486512708,365.9072251688201,0.0,5.97250578737718e-05,False,258970.703125,1031.1910400390625,False,265567.87090626854,1384.7527376868586,True,,,False,False,1.0725672385123095,41.29903711968439,False,False
COSMOS 1426817,149.53735835662,1.97582477413,2025052900102,-1,r,20250529,r_57,0.120258069359288,149.53732494968403,1.9758258689276404,745323761840949178,745323761840947232,3068.369397085703,52.18760829446408,0.011467835,0.014087377,149.53732494968403,1.9758258689276404,6.39581e-07,7.8101374e-07,127032.50712904207,613.0811315894064,121224.97914762332,410.1386124551615,False,126522.87031853569,506.307329608364,False,128972.2645436369,677.3806297733557,False,130651.81379081974,958.472431735806,False,130030.0449139796,1319.8834993519567,False,0.0290759597078478,20.771883454592345,125362.03892737892,370.6681029609143,0.0,9.20215270897584e-05,False,257301.515625,1029.64501953125,False,262282.69290065765,1377.545911319463,False,264433.83357429504,2684.1631396496573,False,False,0.0591299302825306,42.24245847250178,False,False
COSMOS 1426817,149.53735835662,1.97582477413,2025052900103,-1,r,20250529,r_57,0.1290510407954963,149.53732269484922,1.9758209278408976,745323761975167313,745323761975165985,1698.2337244713997,2241.1110770663263,0.012364813,0.0142785115,149.53732269484922,1.9758209278408976,6.905714e-07,7.906117e-07,127402.47409068226,614.6104847278715,121866.74456366476,410.7028286241387,False,127268.21350583767,506.8922531843351,False,130409.27520398296,678.5453509876373,False,131601.11789501068,960.1337467237996,False,131187.81152864685,1320.807920031428,False,0.0968526721452526,20.91587681493966,126722.56867010318,372.42415869065024,0.0,0.0006053696535522,False,258712.375,1030.416748046875,False,265097.5634894371,1379.3552566145515,False,266680.18161559105,2684.9544320386563,False,False,0.1968832919513349,42.518049220139865,False,False
COSMOS 1426817,149.53735835662,1.97582477413,2025052900104,-1,r,20250529,r_57,0.1316357293254379,149.5373219081245,1.9758215928197624,745323762109384901,745323762109384043,2110.261530356198,3345.9178358954923,0.013577209,0.015447725,149.5373219081245,1.9758215928197624,7.6009286e-07,8.535805e-07,125652.87594395711,622.4195660986179,119968.63872200625,413.37955430073794,False,125950.65629008626,511.36984348856186,False,129368.76696493638,685.5389854840543,False,131616.27136787574,970.846636898363,False,131385.68919074335,1335.8925737107818,False,-0.2444781581423181,20.9516216704746,125915.61767521752,380.3310687565955,0.0,0.0001842591377778,False,253868.875,1030.7281494140625,False,260758.49302351475,1381.7872501802665,False,264823.8452138901,2692.654050390248,False,False,-0.4927754788884545,42.2305431315777,False,False
COSMOS 1426817,149.53735835662,1.97582477413,2025052900105,-1,r,20250529,r_57,0.1279326391673483,149.53732314015343,1.97581986067646,745323762244126592,745323762244125104,2875.882632434463,1085.3498450682368,0.013055001,0.016559629,149.53732314015343,1.97581986067646,7.4121397e-07,9.072979e-07,127053.91944660588,623.6277948424907,120412.64101395666,413.6259813868364,False,126486.96216191829,511.8792085649483,False,129389.11928747584,686.437125632031,False,131244.25499933754,971.704604314193,False,131288.64473378597,1336.765858578506,False,-0.0077141479650344,20.67337900467072,126787.3032452956,382.9249550154882,0.0,0.0002312856151377,False,255611.28125,1034.4315185546875,False,261476.1078580022,1387.18702846037,False,265314.7654144764,2701.404381940184,False,False,-0.015589142243533,41.77781492124177,False,False
COSMOS 1426817,149.53735835662,1.97582477413,2025052900106,-1,r,20250529,r_57,0.1275817387259785,149.53732324141276,1.9758198408673868,745323762378344117,745323762378342679,2241.176822870474,735.0034468131944,0.014844417,0.016604932,149.53732324141276,1.9758198408673868,8.352492e-07,9.1307857e-07,127595.6095247997,631.7098042062142,120550.67613465776,418.16230525204105,False,126986.44932028752,517.7749999377533,False,129845.13313238116,692.5793640207805,False,132194.10568129437,983.0565954173647,False,133653.98625412973,1353.2226053961544,False,0.0393495390492111,20.95560759264683,126766.14502482042,391.0854797030223,0.0,0.0017585281249291,False,253603.5625,1034.0440673828125,False,259312.6157311797,1383.1443824895866,False,266919.24404376745,2702.509404908365,False,False,0.0785846311872469,41.85026645199888,False,False
COSMOS 1426817,149.53735835662,1.97582477413,2025052900107,-1,r,20250529,r_57,0.1241037386452661,149.5373242901943,1.9758193645200812,745323762512561692,745323762512560165,2288.3362840131185,93.4614653621551,0.017714592,0.015401933,149.5373242901943,1.9758193645200812,9.674906e-07,8.7443317e-07,126850.90561905393,637.83626970209,119162.9693640712,419.2719978730248,False,126847.9071484298,520.3579170144477,False,131794.371743449,699.9222293374897,False,134714.06506631617,991.9689559696571,False,134957.9678866234,1363.8540427161386,False,-0.2948552748527898,21.01232397593596,127577.2544811288,402.7514507027216,0.0,0.0002813337212891,False,251859.765625,1033.1839599609375,False,261681.09765625,1389.713497049603,False,267962.49875354767,2707.9671022341145,False,False,-0.5854426934361753,41.720506950289945,False,False
COSMOS 1426817,149.53735835662,1.97582477413,2025052900108,-1,r,20250529,r_57,0.1290946134946982,149.53732260125295,1.9758217765613533,745323762646779644,745323762646778427,1494.0072502905043,1601.0530270895265,0.017753614,0.018972516,149.53732260125295,1.9758217765613533,9.985542e-07,1.0427333e-06,125508.54640662958,650.084385757373,115959.64647073914,424.12440537065874,False,125667.21707296696,528.8128043422814,False,131547.5551852808,707.7680272325312,False,133992.19023877388,1005.5977658768868,False,134769.10612299148,1387.2022380555163,False,-0.3198996580549351,21.543884393912617,126055.4880324897,415.4270460894813,0.0,0.0003753016755844,False,245018.34375,1031.0472412109375,False,256483.4715576172,1379.9633176489297,False,262764.6568456292,2704.683072732512,False,False,-0.6237210165742791,42.00496354648299,False,False
COSMOS 1426817,149.53735835662,1.97582477413,2025052900109,-1,r,20250529,r_57,0.1325886581155328,149.53732152901804,1.9758234316222425,745323762782570424,745323762782569461,240.90757715829943,2764.21645360128,0.016526483,0.017072916,149.53732152901804,1.9758234316222425,9.248357e-07,9.4214874e-07,125627.24881445008,645.7505717218256,116833.94213831562,420.6284493338719,False,125793.38290246246,523.5942716653686,False,131200.9914056045,703.5016231326963,False,134663.0891549002,997.5594905232814,False,136984.0509164195,1372.6525035745003,False,0.7418002501450104,21.55047509167593,126154.57372709688,407.4751734514873,0.0,0.0003458320892221,False,246742.984375,1027.027099609375,False,257349.97680664065,1379.9143166299257,False,268693.41419255733,2692.4498525045838,False,False,1.4550368493772214,42.27113077118089,False,False
COSMOS 1426817,149.53735835662,1.97582477413,2025052900110,-1,r,20250529,r_57,0.1324202285156769,149.537321638602,1.975822242711141,745323762914690932,745323762914689380,2833.939222178296,888.0404572515088,0.014940679,0.013674017,149.537321638602,1.975822242711141,8.122457e-07,7.790533e-07,126331.43924281784,628.2195046516755,120072.81154934234,417.6595755025619,False,126494.49773278828,517.2630008916468,False,130240.90621785785,691.018755559007,False,132413.1622628393,981.1300534058948,False,133627.77222112997,1352.331224623712,False,0.4472882728606996,20.762461076966613,126372.67305215068,385.3948224613698,0.0,0.0002369082458631,False,252776.0625,1033.6552734375,False,260262.57299923897,1380.8742931478455,False,267030.60376632214,2702.386019021113,False,False,0.8938236084781603,41.489971919029536,False,False
COSMOS 1426817,149.53735835662,1.97582477413,2025052900111,-1,r,20250529,r_57,0.1328813423269083,149.53732155358205,1.9758216750781048,745323763048909083,745323763048907906,1232.4703612772894,2460.8041523119327,0.013008873,0.013254895,149.53732155358205,1.9758216750781048,7.272683e-07,7.3249805e-07,125810.28552039164,622.4422224547415,120189.693843611,414.22223064235885,False,125266.4623577001,512.1615597858959,False,127240.00120543216,687.5739871149793,False,128741.92014433364,973.0703342268256,False,127775.50544615476,1339.9695938519656,False,-0.5012516759299745,20.68204704276065,126008.68552890696,377.2056359797119,0.0,2.7621900980268063e-05,False,252809.0,1033.6290283203125,False,256791.9366389513,1387.6411039068976,False,257872.6751626134,2704.286260474077,False,False,-1.011611029441604,41.73988418306982,False,False
COSMOS 1426817,149.53735835662,1.97582477413,2025052900112,-1,r,20250529,r_57,0.1334158735047103,149.5373215627394,1.9758201632060304,745323763155863463,745323763155862020,1153.725483030686,1244.8813945725055,0.013465669,0.015242314,149.5373215627394,1.9758201632060304,8.126751e-07,7.8493736e-07,126935.59631453163,634.1120066591197,119211.84937032046,418.437762881336,False,126730.84242717446,519.2889170729796,False,130297.68629182973,697.1173221942462,False,132595.5172621609,987.5927343037566,False,134033.2106056265,1359.877189113836,False,0.7532242838689021,21.37134659166937,126266.22027781322,393.00924619814447,0.0,0.0003913667312041,False,252302.890625,1033.82958984375,False,259403.96405136585,1387.8603828854011,False,266840.8560053706,2707.3200109561544,False,False,1.499561278607265,42.54727908658425,False,False
COSMOS 1426817,149.53735835662,1.97582477413,2025052900113,-1,r,20250529,r_57,0.1267315134667585,149.53732354053724,1.975819431241387,745323763295323866,745323763295322225,657.0227301919568,295.9075334860085,0.015987944,0.013536959,149.53732354053724,1.975819431241387,8.110137e-07,8.351055e-07,125991.76719455268,627.8084219074294,120013.73272562046,416.9438575015353,False,126219.18756375772,517.08283508076,False,129843.09892892044,692.0861174794803,False,130836.2833209595,983.5013596820792,False,131939.29054098678,1354.1594193907465,False,0.0851356790362904,21.219433436598894,126984.6963466755,389.4713653581472,0.0,3.98263262656462e-05,False,253707.96875,1039.3668212890625,False,260992.2431074232,1391.13368145471,False,265205.7111725658,2721.939843605481,False,False,0.1711277073902769,42.65230555778949,False,False
COSMOS 1426817,149.53735835662,1.97582477413,2025052900115,-1,r,20250529,r_57,0.1360395090103915,149.53732091100312,1.9758195317659688,745323763558516928,745323763558515572,3366.5170915558538,1850.9471799534529,0.012207448,0.010571138,149.53732091100312,1.9758195317659688,6.355567e-07,6.333957e-07,126936.35034709872,619.0955511856496,121535.3167483196,413.8683487033471,False,126752.0249562136,511.5898007642359,False,129105.39107272551,685.6970407538433,False,130983.8707348345,970.382163356266,False,128659.9974377093,1336.74439428314,False,-0.1190916258878688,20.89095936287472,126594.91187542243,372.00289552506354,0.0,4.43529171477719e-05,False,257566.390625,1039.5758056640625,False,262348.5470967293,1393.3703379509843,False,261443.48517745733,2716.330795840529,False,False,-0.2420000804263087,42.45146380618367,False,False
COSMOS 1426817,149.53735835662,1.97582477413,2025052900116,-1,r,20250529,r_57,0.1336980854432725,149.53732129756753,1.975822032460788,745323763697977585,745323763697976229,315.20582696322776,1993.496658263776,0.011835375,0.011319196,149.53732129756753,1.975822032460788,6.4541007e-07,6.4152124e-07,125800.44232560828,622.9555859307617,121074.36381468998,415.5256269997338,False,126142.87880657686,514.5999315596226,False,128856.3414829438,690.7530966949346,False,128698.43969631288,976.8018737869278,False,129173.0980583456,1346.2993958920276,False,-0.2239141219311245,21.05935043046829,126921.1869936515,377.0056277132792,0.0,1.4503099078355676e-05,False,255735.046875,1043.271240234375,False,261236.16997683048,1400.394356253746,False,261878.34461581707,2729.412412128024,False,False,-0.4539510197467051,42.694554147214085,False,False
COSMOS 1426817,149.53735835662,1.97582477413,2025052900117,-1,r,20250529,r_57,0.1314477159566326,149.53732200723007,1.975821098503751,745323763826952575,745323763826951799,3599.617171657083,3536.2195288428125,0.010012373,0.012166427,149.53732200723007,1.975821098503751,6.047369e-07,6.3304464e-07,125825.58177161858,622.2586842222031,121328.73000794582,416.3067694068454,False,125561.4562853895,514.3670720758795,False,127496.27258592453,690.1723590940082,False,128039.82613305235,977.9407859174736,False,128072.8863459706,1347.5280354194986,False,-0.2479774143392005,21.012763060816347,126117.48649344334,372.557109752442,0.0,0.0001715978801715,False,254694.25,1043.3642578125,False,258618.9144721329,1399.9752517256638,False,259788.5425849259,2733.3837348546167,False,False,-0.5030080363078038,42.6231909578853,False,False
COSMOS 1426817,149.53735835662,1.97582477413,2025052900118,-1,r,20250529,r_57,0.1287266398261321,149.53732311347565,1.975818610615763,745323763966413296,745323763966412271,1351.3791685548822,3162.133503413817,0.009575356,0.013479942,149.53732311347565,1.975818610615763,6.1189974e-07,6.853748e-07,126913.38455581236,622.4533546961588,121481.3951808807,415.79795348279015,False,126553.0237921472,514.1713873295071,False,128642.80522358244,689.3497899340816,False,130050.71148889036,977.196207219008,False,130590.20224970568,1345.258082858656,False,0.1082798754891694,21.064643474304905,126547.62880403886,376.0874472573506,0.0,0.0025896792358999,False,257086.671875,1044.515625,False,261331.96714377403,1400.3825269553165,False,265288.0150141716,2732.830184311528,False,False,0.2199656079831835,42.7918584856328,False,False
COSMOS 1426817,149.53735835662,1.97582477413,2025052900119,-1,r,20250529,r_57,0.1323591297620027,149.53732180102676,1.9758206453163036,745323764096960614,745323764096959151,2738.422255624787,1453.7372716241866,0.010362695,0.013313575,149.53732180102676,1.9758206453163036,6.2631074e-07,6.975754e-07,126885.09948359648,624.9451300298443,122288.62174179376,417.64219450391295,False,127020.3763046363,516.2760958485964,False,129388.55073296175,693.7215689079435,False,130691.28666887044,982.322585782396,False,130573.82715581398,1352.8637571861946,False,0.1409253561548729,20.72398284345571,126656.1543333526,378.63353929440007,0.0,5.92469758744496e-05,False,257443.015625,1046.3807373046875,False,262242.79644829035,1406.0245914831892,False,264645.0971304774,2741.9642069433007,False,False,0.2856254226449917,42.00306119534981,False,False
COSMOS 1426817,149.53735835662,1.97582477413,2025052900121,-1,r,20250529,r_57,0.1300857813061401,149.5373223892197,1.9758210839078227,745323764360677211,745323764360675867,926.575598434153,1319.8242388263604,0.011508372,0.009720607,149.5373223892197,1.9758210839078227,5.6093995e-07,6.212934e-07,126845.56558812934,627.6391886855856,121310.60474166354,418.6311288783188,False,126921.40879431598,518.4977162533651,False,129516.67223444734,695.5030761157884,False,131211.30415961897,986.3360010004086,False,130571.17612729422,1358.8799225147636,False,0.0266227058812264,21.239491235445705,127503.1202870328,395.3182685836307,0.0,0.0043834911065021,False,257064.203125,1050.1553955078125,False,262320.60024881363,1408.6586788713475,False,264456.37234181166,2752.2495041787097,False,False,0.0539211212466088,43.01806087000184,False,False
COSMOS 1426817,149.53735835662,1.97582477413,2025052900122,-1,r,20250529,r_57,0.1309161670310398,149.53732215852614,1.9758210710791424,745323764503283828,745323764503282570,3040.4883169111,2031.2509351388485,0.010951029,0.01680275,149.53732215852614,1.9758210710791424,6.51326e-07,9.0418916e-07,126307.56099744838,627.0047986463214,121074.28407442944,417.54666953887545,False,126296.98061978303,516.9829205701209,False,128888.77605121456,694.1818873410242,False,131008.42607782128,984.7158796728804,False,132322.41642108656,1356.3562275429797,False,0.7296608558375667,21.122947680743007,126236.88391415824,381.65038144733046,0.0,0.0001369337794042,False,254751.796875,1042.7987060546875,False,259979.6696242094,1400.2241565108648,False,266905.61551582813,2735.886356692888,False,False,1.471788266210174,42.60678957294885,False,False
COSMOS 1426817,149.53735835662,1.97582477413,2025052900123,-1,r,20250529,r_57,0.1303933054138828,149.53732218520184,1.9758225161524967,745323764638026085,745323764638025218,341.27378881292515,3517.3245902886074,0.009356934,0.016294848,149.53732218520184,1.9758225161524967,5.595283e-07,8.813633e-07,125592.0276269869,622.0436753022439,121280.04469183135,416.02102389574935,False,124934.08549205566,513.8795813429732,False,126485.50767309224,689.913744966809,False,126773.7270861256,978.6509895051844,False,126069.55087568332,1347.9527224975136,False,-0.2809271264343105,21.04986274760651,126045.84051609786,375.910210188191,0.0,1.1852125002875802e-05,False,253893.46875,1044.3160400390625,False,257046.2989603281,1402.056077475065,False,256200.9834987521,2739.3356350910503,False,False,-0.5709055484374789,42.77793885193217,False,False
COSMOS 1426817,149.53735835662,1.97582477413,2025052900124,-1,r,20250529,r_57,0.1320197894000456,149.53732186358587,1.9758209414915784,745323764772243846,745323764772243063,1006.11516396712,3896.34876428378,0.009174465,0.016582562,149.53732186358587,1.9758209414915784,5.390924e-07,9.0440085e-07,126567.23357369844,630.4587584917884,121207.49390672358,419.3945634346989,False,126429.23897429164,519.3716100804968,False,129074.38217497455,698.0841751165309,False,129818.9360506377,988.8760032525004,False,129034.55337403156,1361.226818911893,False,-0.439802097691415,20.99117068331941,126459.7483661532,381.39122105893455,0.0,3.0060394987208028e-05,False,255138.8125,1048.11083984375,False,260476.80789244172,1408.7593100239308,False,260396.4319204092,2747.005336249424,False,False,-0.8875366635942001,42.36094755119074,False,False
COSMOS 1426817,149.53735835662,1.97582477413,2025052900125,-1,r,20250529,r_57,0.1316972907352911,149.53732207975204,1.975819891668373,745323764926908788,745323764926907817,818.1518013262275,3257.30307776824,0.009707453,0.014289354,149.53732207975204,1.975819891668373,5.488074e-07,7.875089e-07,125393.61360124416,626.5133030789767,120924.83667222188,417.8396613624293,False,125484.15965425556,517.0128103777455,False,128073.1269922164,694.2319008343255,False,129266.25649637726,985.0314130695444,False,130927.78754870476,1355.835906585695,False,0.5482286386051006,21.06730441471336,126734.32251421936,380.89657382463855,0.0,0.0038620570297775,False,254792.515625,1049.7818603515625,False,260049.3504536152,1409.6208870352395,False,265845.66886103153,2752.9916314975794,False,False,1.1131648357269406,42.776646104594185,False,False
COSMOS 1426817,149.53735835662,1.97582477413,2025052900126,-1,r,20250529,r_57,0.131255050363249,149.5373219453231,1.9758225145270756,745323765060602177,745323765060600869,1486.013386665119,2200.807953238023,0.009094405,0.015918741,149.5373219453231,1.9758225145270756,5.1333313e-07,8.800286e-07,125647.14560544552,628.6833432917676,121516.2264359701,420.1533393663749,False,125797.76374994828,519.7180637790867,False,128282.19440934,696.0822308677649,False,129692.6654561778,989.985393367479,False,127871.24258984336,1362.5948790831978,False,-0.5738766457016677,21.144143758868974,126372.82196926523,377.8992788410176,0.0,0.0005228012228231,False,254330.859375,1050.73681640625,False,259353.7418637276,1407.2999924240594,False,258522.9025363922,2754.817861993564,False,False,-1.1602315981281313,42.74804330886925,False,False
COSMOS 1426817,149.53735835662,1.97582477413,2025121400912,-1,i,20251214,i_39,0.1408944640986002,149.53731919915305,1.9758252718342495,746199081825601517,746199081825599656,2230.8379478812567,387.9706422209038,0.017501602,0.014270975,149.53731919915305,1.9758252718342495,9.720342e-07,7.934797e-07,139297.72628547644,905.8017065402776,133205.49777540847,580.9670836532351,False,139264.80633308523,736.3505177756251,False,142639.25104250482,1007.3090789276818,False,144194.64285659805,1449.660207382009,False,146748.21868309568,2008.4577212461688,False,1.117967168993195,32.17078405770208,137933.9315440211,486.44299116387583,0.0,0.0062206834977974,False,229500.359375,1213.463134765625,False,235061.24940812588,1659.987197789842,False,241832.5908188224,3309.8223517651427,False,False,1.8423453405717705,53.01559451394658,False,False
COSMOS 1426817,149.53735835662,1.97582477413,2025121400913,-1,i,20251214,i_39,0.1253259283640191,149.53732378071427,1.975828999761836,746199081939896720,746199081939895317,2766.537067812431,2154.584133245168,0.01635554,0.013416304,149.53732378071427,1.975828999761836,9.0911095e-07,7.458646e-07,140717.6546844234,903.3490817417454,135077.4438048178,580.4923667707392,False,140286.27446788407,734.9799437596874,False,143111.7904468957,1007.3998113519478,False,145559.32986555638,1450.742516379821,False,145459.59379967256,2005.7156809144087,False,0.4001309667235104,31.44138918161261,140635.98701663315,484.7696688689719,0.0,8.529137028168154e-05,False,231874.4375,1214.823486328125,False,236544.6372808814,1665.097070122246,False,240425.2420217991,3315.1796001498924,False,False,0.6613629393699915,51.96840858707117,False,False
COSMOS 1426817,149.53735835662,1.97582477413,2025121400914,-1,i,20251214,i_39,0.1400915756057813,149.53731955363182,1.9758215426072765,746199082072541008,746199082072539249,1296.6888517899704,310.800535797735,0.017160082,0.016309584,149.53731955363182,1.9758215426072765,9.5337055e-07,9.0703685e-07,139710.65841697357,904.3473694380644,133688.5262683223,579.1206317695165,False,139862.53206615694,733.9848837026294,False,142993.59735899666,1005.789969361903,False,145336.26634157088,1444.9111836527445,False,144761.5773215011,2002.1352000274053,False,-0.3836862497803067,31.293643038260587,138621.74477894674,493.4658243570543,0.0,0.0102685886047071,False,230767.15625,1211.04345703125,False,235933.27917790413,1659.5101460384892,False,238850.36999720332,3303.4368798628925,False,False,-0.6330657928611423,51.63316369266155,False,False
COSMOS 1426817,149.53735835662,1.97582477413,2025121400915,-1,i,20251214,i_39,0.1401542447730069,149.53731982251446,1.975819067311937,746199082207283777,746199082207282742,3730.334424182619,3313.033909763064,0.015846726,0.01344536,149.53731982251446,1.975819067311937,8.792115e-07,7.4984797e-07,140291.65793518702,904.8334712857596,134428.0247666891,580.7433288864944,False,139724.2280648077,735.2545866776277,False,142366.8583711685,1007.2850266436678,False,141589.026250841,1445.9254403286911,False,141747.66791557823,2002.803264218816,False,0.2506662350293391,31.593010181267168,141157.87377891943,484.2064140477498,0.0,0.0032077595219457,False,231200.375,1216.618896484375,False,235573.11068284512,1666.745124430983,False,234548.5420199037,3314.019852905112,False,False,0.4147750776031534,52.27665883328306,False,False
COSMOS 1426817,149.53735835662,1.97582477413,2025121401027,-1,i,20251214,i_39,0.1413176559412721,149.53731908014555,1.975825148089612,746199097241766540,746199097241764834,1625.5665039111818,1716.3136878332105,0.013463841,0.0131822815,149.53731908014555,1.975825148089612,7.436645e-07,7.377752e-07,139842.30672486153,762.7044564584147,133833.27839948173,501.7658575209784,False,139405.27359461962,624.4274034618566,False,143242.4663836548,843.9385604663433,False,145190.79517540234,1201.1677653258648,False,144930.4122915974,1656.1921686243847,False,0.0320820068781839,25.35053961872548,140139.72890281596,445.91914191782337,0.0,0.0001555264575879,False,233809.578125,1047.285400390625,False,240245.2918111086,1415.4480221447748,False,243076.303224504,2777.754257461187,False,False,0.053807724056438,42.51775288452261,False,False
COSMOS 1426817,149.53735835662,1.97582477413,2025121401028,-1,i,20251214,i_39,0.1248258287671139,149.53732366229127,1.9758246757203557,746199097371265675,746199097371263672,1473.3537902736607,1183.4738291622584,0.012617747,0.011721505,149.53732366229127,1.9758246757203557,6.8350266e-07,6.695566e-07,140751.6151157769,753.0249569935611,135716.40970575364,497.7645019656788,False,141173.19123087567,618.4384468589018,False,144883.0172026327,834.7495031900053,False,148017.8674097693,1187.319105215161,False,149245.58188861687,1636.165026637021,False,1.1444740859831752,25.371338980895725,141798.50772392703,437.6017277542322,0.0,3.8886032496798784e-05,False,239205.828125,1047.8907470703125,False,245491.8090965748,1414.4112238770915,False,252883.7996675968,2772.340886633392,False,False,1.9392128853805597,42.98955133513993,False,False
COSMOS 1426817,149.53735835662,1.97582477413,2025121401029,-1,i,20251214,i_39,0.1295623296652702,149.53732376275187,1.975814777452193,746199097506007856,746199097506006270,2521.875992469239,2200.382605849036,0.014190775,0.012628528,149.53732376275187,1.975814777452193,7.5402204e-07,7.3887634e-07,140926.44409134737,758.7272577063271,134895.49280994074,499.2648180120809,False,141325.8404827488,621.3437348892494,False,145102.09052616285,837.97402691754,False,146817.8973526543,1191.264205374791,False,144701.33064854142,1642.175705711993,False,-0.4365949343899927,26.10745587691027,140995.2949849332,445.0362791087916,0.0,0.0013046824400785,False,238031.125,1046.51171875,False,244391.35638475415,1411.3760064445555,False,243716.36783206463,2765.870199979523,False,False,-0.7353445275624363,43.97205119772405,False,False
COSMOS 1426817,149.53735835662,1.97582477413,2025121401030,-1,i,20251214,i_39,0.1258348248276633,149.5373235504785,1.975821344410878,746199097620302458,746199097620300277,944.9196755286,807.0733216251588,0.012741617,0.011563851,149.5373235504785,1.975821344410878,6.7866733e-07,6.7359304e-07,139674.14008013782,750.5014887455395,134552.26313494748,497.5272386606461,False,139256.78996984017,618.1573639603237,False,141194.64135049362,830.6355002203863,False,142832.40047796036,1184.4943747842692,False,141752.47499630164,1634.887221140284,False,0.3892471631793502,25.048149454188685,139399.38865558538,431.9416891562551,0.0,0.0001820033434938,False,236139.203125,1048.2159423828125,False,239425.2380889058,1408.5173523808671,False,240371.16246807572,2772.2954527597844,False,False,0.6600505077831078,42.47441042658703,False,False
COSMOS 1426817,149.53735835662,1.97582477413,2025121401031,-1,i,20251214,i_39,0.1351138637914218,149.537320842715,1.9758230412220923,746199097778637800,746199097778636481,23.3984703405333,3045.175693125627,0.012831219,0.011416702,149.537320842715,1.9758230412220923,6.7396553e-07,6.7642515e-07,139849.69973121205,759.0932999300034,134909.27612207868,501.4170130426189,False,139203.96419867332,623.305680026851,False,140489.65354046685,841.6345836974872,False,,,True,,,True,0.7179165114037472,25.919522961113763,137851.70798940945,428.2250377831119,0.0,9.740425519710882e-06,False,235317.265625,1053.666748046875,False,237490.6584740877,1422.7407245993888,True,,,False,False,1.2136015765288024,43.81564350285811,False,False
COSMOS 1426817,149.53735835662,1.97582477413,2025121401032,-1,i,20251214,i_39,0.1298247634967767,149.5373222821116,1.9758239519522705,746199097909709139,746199097909706900,3817.632275806174,263.5531952531685,0.012592683,0.010956353,149.5373222821116,1.9758239519522705,6.4971084e-07,6.6210976e-07,139277.31797354756,749.7897060905618,134408.74949715042,496.4859120295671,False,139217.127468169,616.8940861282274,False,141974.2559977356,833.1144628256652,False,142229.3925557863,1185.4237077416212,False,141793.24928141185,1632.5981472827464,False,0.1774744352014718,25.217201714138167,138995.38941125112,428.6997457877888,0.0,0.0004083089195128,False,237240.25,1051.250732421875,False,241938.6795217991,1419.7124091974056,False,241630.2255304456,2782.114526098472,False,False,0.3024346223882028,42.97269558539362,False,False
COSMOS 1426817,149.53735835662,1.97582477413,2025121401033,-1,i,20251214,i_39,0.1375308182208228,149.53732037402278,1.975820472172221,746199098026625621,746199098026623458,1664.6960841198118,814.2526808538291,0.012092575,0.011527529,149.53732037402278,1.975820472172221,6.529356e-07,6.60359e-07,139805.60431594923,742.0288830688845,135257.66648380275,492.6227137321199,False,140385.23694096357,610.837193573837,False,144340.388309211,822.5317830183186,False,147058.32398504097,1169.3003199046177,False,147127.1164686495,1610.933820768768,False,1.1599132826991223,25.67742330498014,141077.9153893484,433.3254312675575,0.0,5.8837157616009605e-06,False,238175.921875,1036.339111328125,False,244886.1846050024,1395.4976318076858,False,249614.11442762613,2733.0911440678715,False,False,1.9678950680412248,43.56401072008817,False,False
COSMOS 1426817,149.53735835662,1.97582477413,2025121600089,-1,i,20251216,i_39,0.1485503763032785,149.53731765977275,1.975817813342116,746207767438560012,746207767438558480,2033.6029492789933,2225.8423460681997,0.011582627,0.011975088,149.53731765977275,1.975817813342116,6.621568e-07,6.4795006e-07,140365.2118668921,881.6907578573127,136187.16638781482,571.926039013556,False,140268.98373223448,720.088091651506,False,142727.64676272395,983.2298907411928,False,143829.7062433331,1409.0624770094762,False,142131.14410985014,1950.3656200102007,False,0.5234374911138799,30.595394818129517,139788.87860980124,453.79389363217456,0.0,0.000626397449614,False,223057.359375,1145.0924072265625,False,226967.15374708176,1563.5435379353949,False,226018.5883331895,3101.493954256725,False,False,0.8323763490624468,48.65315050827747,False,False
COSMOS 1426817,149.53735835662,1.97582477413,2025121600091,-1,i,20251216,i_39,0.1541018801079833,149.53731598565196,1.975818513501788,746207767686547730,746207767686545643,2935.167582258722,403.36826172353096,0.01101077,0.012164904,149.53731598565196,1.975818513501788,6.696908e-07,6.193097e-07,140415.53739880418,877.5019452356971,136935.95447159393,569.2346303437754,False,140803.09520236513,716.3147970675952,False,143340.743787143,977.234718868689,False,145555.56235576837,1399.9986132507554,False,143961.17578339626,1937.616655242407,False,0.7489726894850078,30.93780159400986,140846.37399018457,454.3269955449225,0.0,0.000759980308214,False,225011.1875,1144.7109375,False,229066.4912608862,1561.6755032468834,False,230057.9761429429,3096.419321530289,False,False,1.1969000683108533,49.44032988268157,False,False
COSMOS 1426817,149.53735835662,1.97582477413,2025121800192,-1,r,20251218,r_57,0.6129274686632206,149.5372780770967,1.975674605826904,746216577335558724,0,4085.795677227182,657.7977909660666,0.0535946,0.06711966,149.5372780770967,1.975674605826904,3.7075288e-06,3.0096983e-06,,,18688.786934799,262.1901272180645,True,,,True,,,True,,,True,,,True,0.8498469475202995,15.98017678261446,14116.929855069182,144.504839378688,,,True,,,True,,,True,,,True,True,1.7623848138853488,33.13916813734304,True,False
COSMOS 1426817,149.53735835662,1.97582477413,2025121800193,-1,r,20251218,r_57,0.1378338382055587,149.5373202199778,1.975821136364021,746216577470300349,0,629.621685242803,207.0633683962627,0.0068031806,0.006223167,149.5373202199778,1.975821136364021,3.4661215e-07,3.777197e-07,126763.23685121429,479.89694578991634,125266.50673768268,347.3516981874061,False,126668.79761385622,409.69213261812286,False,127443.9649425941,527.5361873165464,False,128464.26224941762,727.742298834264,False,127146.36726743044,987.7865138814497,False,1.713119635442848,15.543787534523734,128501.82530137552,331.49679959352136,0.0,0.0001861487599301,False,261478.25,845.7140502929688,False,263078.40252685547,1088.975672538583,False,262464.0813935399,2039.0553466110157,False,False,3.5363367518634568,32.08653148574991,False,False
COSMOS 1426817,149.53735835662,1.97582477413,2025121800199,-1,r,20251218,r_57,0.1373071518005886,149.53732041472526,1.975820669221929,746216578273510735,0,2420.012406528409,1614.0021802398155,0.0073175887,0.007300751,149.53732041472526,1.975820669221929,4.057943e-07,4.0684446e-07,126075.34064197826,476.3315954814049,124459.46129204489,346.1556428712138,False,126509.42179846202,409.0071444879434,False,127854.5352455895,523.8032482473617,False,129141.09789717884,724.8745386227833,False,130854.95819151562,987.9137842949604,False,1.4312980184510102,15.819075768856983,126648.58667724532,325.4145813301116,0.0,6.211371794062615e-05,False,261836.15625,846.5208129882812,False,264620.1333618164,1084.1139513770277,False,270830.0993874073,2044.6820822425789,False,False,2.9623530506406133,32.74069184620509,False,False
COSMOS 1426817,149.53735835662,1.97582477413,2025121800200,-1,r,20251218,r_57,0.1432820116178562,149.5373186266986,1.9758220365803671,746216578406681858,0,1734.381385584393,3920.8779160254207,0.0071685123,0.007636244,149.5373186266986,1.9758220365803671,4.230303e-07,3.9991656e-07,126475.04851237376,478.3058386087091,124479.20486942674,345.69407115303375,False,126662.17102868335,408.51744173900096,False,128408.40151068493,526.5261996044437,False,128458.01685690874,725.665981959251,False,129215.34815960316,986.2700229526272,False,1.026517278972975,14.807081708546615,126443.09862180536,323.5336742225888,0.0,0.0002436643128865,False,261885.75,844.6475830078125,False,265496.24298095703,1088.6416011836204,False,267164.6797892451,2039.2044646461552,False,False,2.122419387797472,30.615010520196048,False,False
COSMOS 1426817,149.53735835662,1.97582477413,2025121800201,-1,r,20251218,r_57,0.1359929146566428,149.53732065059478,1.9758221364209736,746216578541947973,0,3012.073853467427,3862.487425349716,0.0075491816,0.007131821,149.53732065059478,1.9758221364209736,3.9834785e-07,4.1797966e-07,126394.24447526442,479.7886574259215,124768.01105938431,346.9097902764862,False,126411.22194824628,409.6143430357393,False,128044.16939286389,528.4725887224125,False,128795.35456035013,726.9726618922439,False,129277.94983191312,989.0300375345493,False,1.2860263105331988,15.017305995083422,127694.4905493598,325.30544416473595,0.0,0.0004913102499995,False,260686.078125,844.70947265625,False,264053.5534057617,1089.8197519759287,False,266597.8637839556,2039.5844424180889,False,False,2.652052168245921,30.96879014004072,False,False
COSMOS 1426817,149.53735835662,1.97582477413,2025121800210,-1,r,20251218,r_57,0.135941929155546,149.53732069469194,1.9758217397831108,746216579752526500,0,320.4815487893361,759.0127812425679,0.006209957,0.006459549,149.53732069469194,1.9758217397831108,3.5798504e-07,3.4644603e-07,126409.53205879148,474.667238927232,125085.26812385804,344.39840911404787,False,126304.24888449589,405.87826950459225,False,127175.56492172315,522.5882908691175,False,127957.15536534612,719.1745613367821,False,128090.20828155498,977.7061516893468,False,1.186389123602856,15.226310189559506,125959.27950872424,320.5610105234245,0.0,2.3849321114877146e-05,False,262321.5,842.96923828125,False,264131.1376953125,1085.3644715356115,False,266030.76197743416,2030.599497131087,False,False,2.464013501016821,31.62354840527324,False,False
COSMOS 1426817,149.53735835662,1.97582477413,2025121800211,-1,r,20251218,r_57,0.1410930387833145,149.53731925207427,1.975821823680714,746216579886744190,0,1222.839295715774,700.6184918874962,0.0065498436,0.0069016824,149.53731925207427,1.975821823680714,3.8155204e-07,3.6645153e-07,126352.11985919716,475.4327353032676,124793.67883489022,344.3180977252944,False,126646.57361949346,406.1586181233247,False,128283.7644563542,522.7721830686452,False,129913.50833933156,720.8375542888856,False,129494.2007913841,978.48647337903,False,2.1497619090736837,15.650170791414793,126419.9849607791,323.40197444317624,0.0,4.488137266944747e-05,False,263175.65625,844.0106811523438,False,266577.79150390625,1086.3374224532463,False,269093.11716741323,2033.3263854178035,False,False,4.467274439666616,32.521558623684804,False,False
COSMOS 1426817,149.53735835662,1.97582477413,2025121800218,-1,r,20251218,r_57,0.1401607301520573,149.5373194590298,1.9758226302383195,746216580876079248,746216580876077947,168.11244392627475,3837.6098396043863,0.008318073,0.007373382,149.5373194590298,1.9758226302383195,4.369129e-07,4.3663658e-07,127059.94376122567,484.1685026641047,124461.7894240468,347.6076229124153,False,127115.812838654,411.9428754507618,False,128814.28501225683,531.8393924220109,False,129290.67238521366,733.7747150370883,False,128876.79364679343,998.004319604154,False,0.9295689892629918,15.746130579690984,128253.19278327304,329.6627464518097,0.0,0.0020528950942126,False,262885.0,851.9286499023438,False,266397.5673776269,1099.8836065684618,False,266526.839904964,2063.94751133085,False,False,1.922418134182693,32.564174708115694,False,False
COSMOS 1426817,149.53735835662,1.97582477413,2025121900222,-1,u,20251219,u_24,0.0817314266494363,149.5373357385449,1.9758226610958636,746220979426951201,0,4048.6828799676937,315.74770423671504,0.04854721,0.047816712,149.5373357385449,1.9758226610958636,2.6910234e-06,2.670766e-06,36686.07610614644,706.953296104877,34154.60486578414,470.3564415794672,False,36537.53849101909,581.311545410345,False,37190.16081069617,775.8932722667171,False,37374.34717955938,1096.115412274691,False,36651.17876573892,1506.502263504585,False,-0.4380473382930578,23.781571633444724,37081.322124751,456.38010457046033,0.0,0.0417726638861692,False,14769.6689453125,234.9851531982422,False,15033.48024749756,313.6414559259764,False,14815.606063842772,608.9775232887085,False,False,-0.1770730715905794,9.613289633934956,False,False
COSMOS 1426817,149.53735835662,1.97582477413,2025121900223,-1,u,20251219,u_24,0.1352251996385625,149.53732130332065,1.9758184788441155,746220979564839322,0,1178.627802504055,3339.0345711130576,0.062360864,0.06020258,149.53732130332065,1.9758184788441155,3.4339203e-06,3.3865726e-06,35696.88764237536,750.7214918640406,34455.405036356926,500.9518481427874,False,35859.35966839056,617.4922752497641,False,36407.675372982376,825.298985323775,False,38747.56064479361,1167.1624794662523,False,38975.97979615315,1604.884931898482,False,0.0567719152481507,24.65341563855475,36573.89510026005,476.6333087458206,0.0,0.0109092637591567,False,14162.4873046875,243.87570190429688,False,14379.042041778564,325.94799545521363,False,15393.381927490234,633.8418388862614,False,False,0.022421803858184,9.736751833468714,False,False
COSMOS 1426817,149.53735835662,1.97582477413,2025121900228,-1,u,20251219,u_24,0.1327377581377569,149.53732146944762,1.9758240894331975,746220980213907996,0,752.7429846257437,3883.374869276203,0.044689447,0.04666808,149.53732146944762,1.9758240894331975,2.5481472e-06,2.5367958e-06,36040.45349996956,700.6481785480998,34785.113308091306,469.840566371112,False,36400.970690233255,577.6706951300885,False,37996.91811548325,771.4761906019809,False,38964.8722043185,1088.7462864537554,False,38573.45391844567,1494.007849478346,False,-0.2996790978792253,24.402855244428675,37295.54679980224,441.8598398129727,0.0,0.0002465416165449,False,14723.35546875,233.65451049804688,False,15368.879497528076,312.0443761396108,False,15602.07497024536,604.2918148574098,False,False,-0.1212133028588168,9.870393712126342,False,False
COSMOS 1426817,149.53735835662,1.97582477413,2025121900229,-1,u,20251219,u_24,0.1272728810870657,149.53732311603804,1.975821699535112,746220980368572517,0,1447.9205596968802,682.7787762463369,0.043327153,0.042955726,149.53732311603804,1.975821699535112,2.398022e-06,2.4030887e-06,35628.90919479121,686.8577279149548,34856.0439797435,465.0079478367185,False,35926.54261076545,570.6991549717775,False,36998.233290022654,761.0612036986624,False,37216.59917759791,1074.177834045236,False,38386.3588350776,1476.810948983702,False,0.46740083352979,22.924854339290142,36310.42767540267,415.013663830914,0.0,0.0007308706527112,False,14745.150390625,234.22918701171875,False,15184.999011993408,312.3585263015035,False,15754.720405578611,606.1200983687519,False,False,0.1918329759077642,9.40893279317988,False,False
COSMOS 1426817,149.53735835662,1.97582477413,2025121900230,-1,u,20251219,u_24,0.1254516475834651,149.53732379771532,1.9758201413547087,746220980478673006,0,1683.9534160507678,811.4214383127037,0.056829266,0.051987953,149.53732379771532,1.9758201413547087,2.9871899e-06,3.071397e-06,35302.82173303265,703.0160784121612,34252.808549984176,468.333897530764,False,35878.95750132856,577.1548955598802,False,37640.63006780174,772.1872341678916,False,38133.73278763789,1089.4824852037304,False,40144.53646132668,1499.8724052839543,False,0.6826005868508415,23.0193067090631,36298.3163664726,439.7230924787466,0.0,0.0004928689661323,False,14233.451171875,228.961669921875,False,14932.319873809814,306.332459427421,False,15925.63829421997,595.0106171245743,False,False,0.270792765438486,9.13193138462097,False,False
COSMOS 1426817,149.53735835662,1.97582477413,2025121900231,-1,u,20251219,u_24,0.153740192447295,149.5373156672904,1.9758228882682345,746220980637007897,0,2024.9545485073409,238.24146313811949,0.05282092,0.05595147,149.5373156672904,1.9758228882682345,3.062382e-06,2.9923392e-06,36585.17649439659,737.6955336352328,33311.51433003881,482.9101203573687,False,35371.579648639265,598.036843648675,False,35918.93444396327,799.3283506237549,False,37066.09839953845,1133.269619222832,False,36322.64022307863,1557.940940856536,False,-0.9077433861828788,23.913376166215592,35626.984937548805,461.0835732161826,0.0,3.738641326100911e-05,False,13835.5830078125,233.92193603515625,False,14049.680675506592,312.6570499652044,False,14207.590072631836,609.3881421922677,False,False,-0.3550635593343981,9.353710075468705,False,False
COSMOS 1426817,149.53735835662,1.97582477413,2025121900234,-1,g,20251219,g_6,0.1448425711290237,149.5373186471711,1.9758181550163767,746220981039663910,746220981039662975,74.28875078073693,3664.2339143008617,0.012852472,0.012255016,149.5373186471711,1.9758181550163767,7.021318e-07,6.9464005e-07,90503.57174415245,369.65832661302113,86490.8178800798,267.8573087379654,False,90563.96280129456,314.720444470552,False,93785.70000763675,400.874640530622,False,94945.3605700132,546.1354322041764,False,95366.35558967124,736.56677642553,False,0.4723101379252364,11.29557994591073,90531.02849643728,275.9475684698471,0.0,2.4470242289464927e-05,False,196339.890625,682.3042602539062,False,203324.51796627045,869.0839119839557,False,206751.3307347596,1596.854155318943,False,False,1.0239538769387202,24.4884704967256,False,False
COSMOS 1426817,149.53735835662,1.97582477413,2025121900235,-1,i,20251219,i_39,0.1276218269996064,149.53732296586847,1.9758223820462597,746220981153958317,746220981153956828,2598.4509373354267,1965.9996017047297,0.015021025,0.017009364,149.53732296586847,1.9758223820462597,9.452696e-07,8.35193e-07,141007.86048314764,788.7188228573824,132668.90685223322,513.4128560715353,False,140551.21869202473,640.6368645969666,False,145499.73596577393,864.2876228057683,False,148250.94731944852,1228.8016980408318,False,147220.42782597657,1694.6744726149404,False,0.0663554127210983,26.774579956822738,141416.00374093265,476.39464177871145,0.0,0.0040452828328169,False,226097.890625,1030.561279296875,False,234058.3290169835,1390.337346258586,False,236826.32209187743,2726.140172386951,False,False,0.1067427161956222,43.07096094181022,False,False
COSMOS 1426817,149.53735835662,1.97582477413,2025121900236,-1,i,20251219,i_39,0.1253573936091839,149.5373236049417,1.9758222655080573,746220981287651846,746220981287649953,1161.7006109389797,1201.2204842897763,0.011567204,0.013588505,149.5373236049417,1.9758222655080573,7.5450043e-07,6.4380873e-07,140220.47403430322,757.0901746684334,134850.6645864736,501.4256830477287,False,140303.65642305024,622.6515637439677,False,143842.07349155808,839.2773625418669,False,145691.030795297,1192.594252061795,False,145130.37357013972,1643.0271576174728,False,0.3562136547624686,25.50980588521989,139998.85568146707,437.5091414207785,0.0,2.217829464945531e-05,False,231747.5,1028.4688720703125,False,237592.1039860249,1386.28197963141,False,239720.06223082545,2713.881062813126,False,False,0.5883782793810562,42.13599196274226,False,False
COSMOS 1426817,149.53735835662,1.97582477413,2025122000268,-1,u,20251220,u_24,0.1427945143535189,149.53731923913736,1.9758180685310025,746225383650623625,0,72.29536936687668,1408.3325259546386,0.053001143,0.057402384,149.53731923913736,1.9758180685310025,3.1547577e-06,2.9913465e-06,35468.59077368206,776.5090245231457,33350.783917232846,509.5641571443181,False,35287.90960080872,635.9389625795268,False,35945.41090164949,857.8794586748209,False,37189.7011685025,1220.7616847793745,False,37281.30748941748,1683.8851169698942,False,-0.4362598361896717,25.888168820187047,36101.11208229158,473.2984902667136,0.0,0.0023790947008981,False,13725.8779296875,247.36009216308597,False,13981.625087738035,333.68790788012905,False,14501.246501922607,654.9779180633763,False,False,-0.169691243400478,10.069676811938043,False,False
COSMOS 1426817,149.53735835662,1.97582477413,2025122200354,-1,g,20251222,g_6,0.1382989306657574,149.5373204158675,1.97581860745235,746234191282177397,0,3294.710014541832,2542.225769580581,0.011454793,0.014604165,149.5373204158675,1.97581860745235,6.406254e-07,8.088459e-07,91037.64761794714,351.2249540841003,88330.80628652114,261.43889395409843,False,90929.09468214992,303.7649589534668,False,92555.62624219006,382.95692868502334,False,92712.93003087744,518.4162835425645,False,93188.62152571084,697.5317203307799,False,-0.1183967475709852,10.798539004439538,91024.03163502517,264.6346525150172,0.0,2.632686601433676e-05,False,202926.78125,677.913330078125,False,206556.7174682617,854.646328186671,False,207969.3752746582,1556.6840000034365,False,False,-0.2642264390625814,24.09913757563965,False,False
COSMOS 1426817,149.53735835662,1.97582477413,2025122300327,-1,g,20251223,g_6,0.1518482291264558,149.53731615513774,1.975824217593299,746238585707955419,0,800.5059878720288,3543.490788807132,0.02045829,0.010167826,149.53731615513774,1.975824217593299,9.964447e-07,7.886572e-07,90631.6148693708,378.8300410349258,85176.49424079512,272.28338724793906,False,90776.08917294112,323.69512078418103,False,92630.06666093024,415.1274363175664,False,93591.43495659975,569.5232789024993,False,93202.85773101436,769.2253161333721,False,-0.1291464345635947,11.686770149232157,91185.70805032848,284.27068022066845,0.0,0.004849329474894,False,197309.921875,703.5802001953125,False,201339.70721435547,902.3164885627584,False,202584.71966552731,1671.9797957080282,False,False,-0.2807112880312695,25.402236713712,False,False
COSMOS 1426817,149.53735835662,1.97582477413,2025122300328,-1,g,20251223,g_6,0.1203334984564369,149.53732545502874,1.9758187684921624,746238585843745011,0,2177.52640023515,734.3536608128292,0.022196678,0.011032742,149.53732545502874,1.9758187684921624,1.0535587e-06,8.8925e-07,91190.63354423353,382.9251931737274,85672.22741616305,274.5488647487103,False,91282.80456189637,326.20949394648767,False,93539.54815424288,417.9879591365211,False,94300.15546529189,574.8863939931842,False,93355.06144354712,781.9103273092778,False,-0.226326718550079,11.927068187439982,91007.40635197968,283.63619891803336,0.0,0.0016787271358127,False,198123.609375,708.0172729492188,False,203021.72998046875,907.216682669562,False,202621.313131094,1697.0873868041406,False,False,-0.4912279655774184,25.88695439298253,False,False
COSMOS 1426817,149.53735835662,1.97582477413,2025123000162,-1,y,20251230,y_10,0.1385947146747879,149.53731991193953,1.975827203208328,746269349889180583,746269349889179763,1700.457463079441,582.8584075820237,0.077749126,0.06313796,149.53731991193953,1.975827203208328,4.1276007e-06,3.7358157e-06,144915.36253059373,3571.8421610145083,129110.99144855108,2088.5007059850604,False,142052.61373469973,2750.825046493024,False,152896.5725476408,3884.338812284325,False,155588.3422543041,5670.807827796344,False,144977.46850561933,7916.487372592983,False,-4.271698567445879,125.09795930627604,143917.4867816816,1921.6081377201936,0.0,0.0145099896733303,False,55014.5625,1065.3477783203125,False,59214.243408203125,1504.3383908351957,False,56147.30903220177,3065.920984413332,False,False,-1.654356239152438,48.448313057659966,False,False
COSMOS 1426817,149.53735835662,1.97582477413,2025123000163,-1,y,20251230,y_10,0.1472999961904674,149.53731915659205,1.9758129691327668,746269350023398211,746269350023397480,1699.0919922060534,583.4900806863426,0.07560531,0.0751799,149.53731915659205,1.9758129691327668,4.1975222e-06,4.1858516e-06,137789.21659454703,3755.315693453703,122268.4527094536,2149.9346464632667,False,135693.95985477962,2836.9461756568767,False,148986.34923328747,4008.7302740782056,False,156843.15082242145,5850.059954331943,False,168936.20827178794,8175.027237290304,False,-2.034892115932819,129.46841657766117,140584.91919450095,2117.435072144424,0.0,0.0591361399296439,False,50586.375,1057.6065673828125,False,55541.7451171875,1494.4448016359515,False,62979.00357437134,3047.63007803265,False,False,-0.7586027835821553,48.26550775482505,False,False
COSMOS 1426817,149.53735835662,1.97582477413,2025123000164,-1,y,20251230,y_10,0.1327971648009141,149.53732145217276,1.975824131668365,746269350157616127,746269350157615229,1701.257507485582,576.864988780236,0.06505094,0.05767812,149.53732145217276,1.975824131668365,3.51411e-06,3.3159772e-06,137290.81284769357,3452.638779030964,128648.41657750848,2034.006696267624,False,137782.62627743458,2675.5890108646017,False,144089.73957152345,3775.070205008783,False,156641.4346104855,5516.60918727788,False,160086.113766654,7700.64957513536,False,0.1432336137361629,122.7203440216852,140945.07050188602,1767.2122482459476,0.0,0.0073713628142471,False,54167.51171875,1051.874267578125,False,56647.07421875,1484.1215114971792,False,62935.84813809395,3027.413813866652,False,False,0.0563104990824462,48.24596433180599,False,False
COSMOS 1426817,149.53735835662,1.97582477413,2025123000165,-1,y,20251230,y_10,0.1281941980640738,149.5373229496036,1.975820790427427,746269350291833877,746269350291832965,1704.7241666879888,571.6640629880496,0.06268244,0.050725058,149.5373229496036,1.975820790427427,3.3270674e-06,3.0046986e-06,133957.32982792368,3396.435499748095,126740.52202897186,2008.3280149546472,False,134601.09955018075,2641.7744261312305,False,144578.19524583363,3729.6790544186974,False,148413.65691663572,5450.414587037499,False,140412.15855029435,7607.142644112612,False,-3.99536962224637,119.1969603292166,137941.12739911047,1657.4499332026585,0.0,0.0009071526666546,False,53257.29296875,1045.2645263671875,False,57204.906399965286,1475.7131312031715,False,55556.54069155455,3009.899813645563,False,False,-1.5808382784502537,47.162374293019184,False,False
COSMOS 1426817,149.53735835662,1.97582477413,2025123000166,-1,y,20251230,y_10,0.14440897257657,149.5373182888815,1.97582713758418,746269350426051699,746269350426050700,1704.817101445814,567.1973751067233,0.058222882,0.04799608,149.5373182888815,1.97582713758418,3.099938e-06,2.8246789e-06,141167.53960573676,3299.12091399661,129722.83320465052,1963.179533449235,False,136672.7134187855,2578.800579149067,False,139340.2541055919,3638.22927735901,False,138870.00562555884,5311.674415668416,False,138106.1523618918,7407.491766437587,False,1.2978589934266191,116.1083447531437,137308.79321495068,1521.6393191161628,0.0,0.0007174696863805,False,54890.03515625,1035.689208984375,False,55961.36386859417,1461.173396980975,False,55465.72807997465,2974.971911426946,False,False,0.5212417606633291,46.63104262740177,False,False
COSMOS 1426817,149.53735835662,1.97582477413,2025123000167,-1,y,20251230,y_10,0.1560934516984337,149.5373150317626,1.975822490224855,746269350534579332,746269350534578687,96.25091495440007,2100.221706175249,0.05678839,0.048098177,149.5373150317626,1.975822490224855,3.0186902e-06,2.8263728e-06,140304.5147346154,3328.382148043507,130385.77237225,1974.218213888764,False,138459.69620227517,2594.601519483296,False,144274.107329434,3663.344143358169,False,147577.35690545244,5344.687870042178,False,146328.83539067025,7453.163105116267,False,1.791163196550298,117.28679232619967,137118.17325888007,1548.2453468325436,0.0,3.675509358336271e-05,False,54777.24609375,1026.472900390625,False,57077.535910487175,1449.2874762174354,False,57890.42477095127,2948.6107566593305,False,False,0.7086176692758868,46.40084922195012,False,False
COSMOS 1426817,149.53735835662,1.97582477413,2025123000172,-1,y,20251230,y_10,0.1334890228420846,149.5373212791495,1.9758261316396528,746269351225066540,746269351225065893,2093.067146941474,1859.3578099408185,0.06287937,0.06203848,149.5373212791495,1.9758261316396528,3.464836e-06,3.4752647e-06,138955.37263441714,3761.840347771426,130956.65858298462,2207.981963778429,False,142435.2765911705,2911.816694515767,False,156669.423342879,4118.884886459194,False,162403.9456347285,6015.966904198361,False,161342.21502179536,8394.394348963086,False,1.561200855238192,132.56880526738806,141327.0952279694,1834.7708835164835,0.0,0.0023404948864794,False,56106.83203125,1146.996826171875,False,61713.81999111176,1622.4743477273232,False,63554.48435544968,3306.644849598601,False,False,0.6149742974369525,52.220319767202334,False,False
COSMOS 1426817,149.53735835662,1.97582477413,2025123100242,-1,i,20251231,i_39,0.1319769813900845,149.53732222403494,1.9758184524348632,746273758691460860,746273758691459157,26.72245472152853,219.04954090502216,0.01485981,0.01475873,149.53732222403494,1.9758184524348632,8.257407e-07,8.204798e-07,138240.9971356133,1106.283402549068,136198.25650716064,694.1972801339945,False,139565.91319887692,893.6157331558737,False,142503.4079705457,1242.0690383138433,False,144677.56628850693,1801.1448111914588,False,,,True,1.0914063329307164,40.7679669222296,137514.87642716494,506.9005816783432,0.0,0.0001199327234828,False,236714.84375,1515.64306640625,False,241697.06756063175,2106.647472812438,True,,,False,False,1.8511115905451183,69.14570111578222,False,False
COSMOS 1426817,149.53735835662,1.97582477413,2025123100243,-1,i,20251231,i_39,0.1429036394436632,149.5373188664549,1.9758205185673083,746273758804183350,746273758804182588,3744.657199571164,3623.0430206760734,0.014256576,0.0131126065,149.5373188664549,1.9758205185673083,7.9146895e-07,7.295421e-07,140183.25835561095,1094.915061283925,136737.12204535492,688.8224976670027,False,140183.59973727947,886.0097903112819,False,142979.02286250496,1230.76810956031,False,142751.33033604515,1781.8368282302258,False,144562.40054103962,2477.426254742957,False,0.6719394570281757,38.44762289914636,139038.9735733065,495.9382039839217,0.0,0.0002547628253573,False,238212.484375,1505.5869140625,False,242962.7168471813,2091.431020585472,False,245653.3335185647,4209.863807921819,False,False,1.141819497489362,65.333632367005,False,False
COSMOS 1426817,149.53735835662,1.97582477413,2025123100246,-1,i,20251231,i_39,0.1312120765448467,149.53732192499282,1.9758231139072089,746273759205787646,746273759205785979,272.1669353033151,863.9939684175863,0.01249152,0.011658159,149.53732192499282,1.9758231139072089,6.9396344e-07,6.481853e-07,139001.2336542191,1079.715461973613,137346.4956041727,683.4879039251298,False,139283.5306271887,878.1915602073722,False,140967.70564577726,1215.962954354746,False,141955.61595679593,1764.6334874768447,False,143945.5558430128,2454.5015857560998,False,0.8426276486279526,38.80560871880592,142026.4019299025,481.738352695267,0.0,0.0018358501843653,False,238180.328125,1501.7421875,False,241060.3337993324,2079.344586915024,False,246152.57502764463,4197.294471544661,False,False,1.4409264967198214,66.35912068078589,False,False
COSMOS 1426817,149.53735835662,1.97582477413,2025123100247,-1,i,20251231,i_39,0.1325903252264305,149.53732158097324,1.975822395903111,746273759345772492,746273759345770505,1110.177088377034,29.421046286066385,0.011167881,0.010735563,149.53732158097324,1.975822395903111,6.2055597e-07,5.971484e-07,140030.06501529185,1087.940620638751,137144.51160893688,686.5590020034998,False,139713.5715823724,882.9144886048173,False,142040.84286495423,1226.0201323409156,False,143269.4370862922,1777.0169251220468,False,,,True,1.180819034730671,39.04861057773699,137572.54671546057,458.8877813646309,0.0,0.0015365696762879,False,237379.046875,1500.107666015625,False,241333.17554426196,2083.058125051663,True,,,False,False,2.006259619746131,66.3451793247676,False,False
COSMOS 1426817,149.53735835662,1.97582477413,2026010100266,-1,i,20260101,i_39,0.1372446052130417,149.5373202610715,1.9758228105362852,746278159938749397,0,903.3956242078492,1950.6002261763888,0.009865471,0.009807776,149.5373202610715,1.9758228105362852,5.4792343e-07,5.4569455e-07,140259.79402808892,1242.0691875715145,137627.81775584474,773.6134198799929,False,139791.474245817,1002.5291173509672,False,142013.4964248129,1405.9919419896012,False,141450.43463801208,2040.08814223256,False,142745.96994326258,2839.4384270463656,False,1.1218083121143143,46.11452278819628,139745.52163368618,478.7231652981569,0.0,0.0008070436378518,False,237528.578125,1703.4609375,False,241304.1572265625,2389.010264307952,False,242548.7495329976,4824.670287572931,False,False,1.906135797929699,78.3561164075851,False,False
COSMOS 1426817,149.53735835662,1.97582477413,2026010100267,-1,i,20260101,i_39,0.1419509932887999,149.5373189676868,1.975822505497452,746278160069820666,0,1067.3058611896051,484.8957667447089,0.010585022,0.009339548,149.5373189676868,1.975822505497452,5.753866e-07,5.335722e-07,138631.06218526475,1235.5461701385495,136282.47237328225,768.8728188461283,False,138602.3688869432,996.54286802362,False,140049.69830818454,1393.4436853757911,False,140385.36073054592,2022.7674839406368,False,140558.97349418284,2819.5522199288234,False,0.9794715405715404,43.41987930150877,138595.42885785617,470.9526557524466,0.0,9.617470558054286e-06,False,237086.15625,1704.635498046875,False,239561.88427734372,2383.5538307866705,False,240433.0244843364,4822.982489674115,False,False,1.6754341543743143,74.27183511438095,False,False
COSMOS 1426817,149.53735835662,1.97582477413,2026010200211,-1,y,20260102,y_10,0.1380282339556001,149.5373199938225,1.9758244724723195,746282550583361770,0,1937.8781264856705,999.1224060999964,0.036205743,0.0404844,149.5373199938225,1.9758244724723195,2.171347e-06,2.0967022e-06,137675.82210672874,4498.651660883587,137359.60550699398,2693.974511804168,False,138484.37277169654,3569.2318392564835,False,141409.46082263527,5056.007108346919,False,150796.957637902,7424.649131009083,False,159183.95910952793,10384.896934685432,False,6.652311840797508,165.8433490557866,140797.43267510593,1645.3080974687728,0.0,0.001748490993893,False,67549.1484375,1740.9803466796875,False,68975.93185710907,2466.191439707217,False,77645.87922483683,5065.4881161622,False,False,3.2448282141363,80.894159958466,False,False
COSMOS 1426817,149.53735835662,1.97582477413,2026010200212,-1,y,20260102,y_10,0.1437779907371667,149.53731839945314,1.9758241472639664,746282550717579525,0,160.08041016467484,1063.6533476210586,0.033834856,0.039707296,149.53731839945314,1.9758241472639664,2.1160695e-06,1.9817487e-06,142413.0088622195,4520.8506337436975,135492.65298845718,2693.8230582255014,False,136535.93496219543,3569.9056213643626,False,136038.75846119094,5070.015372122706,False,131059.46104632194,7429.234005351385,False,119079.1202199198,10380.674347492624,False,-5.421248401713796,161.78185318413492,141284.37782034613,1653.5003576598006,0.0,0.0062598019720592,False,65993.515625,1725.484375,False,65753.20947265625,2450.5500238586424,False,57555.90850877762,5017.413144304995,False,False,-2.620315605591785,78.19592152721427,False,False
COSMOS 1426817,149.53735835662,1.97582477413,2026010200213,-1,y,20260102,y_10,0.1422193141455488,149.5373193357311,1.975818461121908,746282550868575329,746282550868574448,2932.4345187410468,995.7965734023212,0.043267753,0.045562856,149.5373193357311,1.975818461121908,2.492571e-06,2.4465362e-06,139225.49208493353,4472.437679232377,134839.1181223458,2660.3122868573064,False,141812.40641695095,3527.1878682008546,False,150242.74852687228,5014.602386782043,False,160543.58065645528,7341.373765638607,False,164314.33944451323,10271.986745699656,False,4.57257422217367,162.8382701619942,137816.46662884468,1679.6834192371614,0.0,0.0018122456925828,False,69035.171875,1717.0572509765625,False,73139.1154665947,2441.139998981809,False,79989.25447839499,5000.467789836017,False,False,2.225957906749276,79.27069466270082,False,False
COSMOS 1426817,149.53735835662,1.97582477413,2026010200214,-1,y,20260102,y_10,0.1209032163261136,149.53732487334722,1.975821927476164,746282550986014894,0,2660.1199506811954,713.8805169717584,0.027922139,0.034784086,149.53732487334722,1.975821927476164,1.8371973e-06,1.6645039e-06,139787.15478770333,4421.001243648957,138209.68136597305,2654.152564069791,False,142704.0777162104,3516.7150239368266,False,148010.6819833459,4979.570744246191,False,145150.43371471213,7310.014724472283,False,142779.71074092324,10224.486293477888,False,-0.576641909473708,160.86587614757929,143323.91192041236,1460.9729081092794,0.0,0.0006330681445205,False,69623.96875,1715.77197265625,False,72213.0107421875,2429.4854319108786,False,69660.86938685179,4988.430082548673,False,False,-0.2813381294189687,78.4849382938702,False,False
