simbad_id,target_ra,target_dec,visit,detector,band,day_obs,physical_filter,sep_arcsec,src_ra,src_dec,sourceId,parentSourceId,x,y,xErr,yErr,ra,dec,raErr,decErr,calibFlux,calibFluxErr,ap09Flux,ap09FluxErr,ap09Flux_flag,ap12Flux,ap12FluxErr,ap12Flux_flag,ap17Flux,ap17FluxErr,ap17Flux_flag,ap25Flux,ap25FluxErr,ap25Flux_flag,ap35Flux,ap35FluxErr,ap35Flux_flag,sky,skyErr,psfFlux,psfFluxErr,extendedness,sizeExtendedness,apFlux_12_0_flag,apFlux_12_0_instFlux,apFlux_12_0_instFluxErr,apFlux_17_0_flag,apFlux_17_0_instFlux,apFlux_17_0_instFluxErr,apFlux_35_0_flag,apFlux_35_0_instFlux,apFlux_35_0_instFluxErr,extendedness_flag,sizeExtendedness_flag,localBackground_instFlux,localBackground_instFluxErr,localBackground_flag,sky_source
EIS-DEEP CDFS-1 Ks 1  386,53.04147949112,-27.759803317540005,2025071100809,-1,g,20250711,g_6,0.6419286581495546,53.041677004075616,-27.75983863604412,745512972727615552,0,3479.8412352159803,1177.6291438244575,0.32288954,0.6246299,53.041677004075616,-27.75983863604412,2.0482828e-05,3.32863e-05,9254.81421959541,1893.9399928059984,8798.153031596414,1068.0465102077894,False,10663.788388166711,1427.140551804799,False,11701.840715572733,2036.7301980708105,False,14211.34553099302,2993.9567878971225,False,13849.67425399293,4187.158964291997,False,0.575545109303207,66.76485462514788,11050.7457586057,1071.07111004915,0.0,0.3453346026230044,False,18320.5703125,2451.851806640625,False,20103.9619140625,3499.137214946484,False,23793.9765625,7193.610509005435,False,False,0.9887963132038152,114.70315886248996,False,False
EIS-DEEP CDFS-1 Ks 1  386,53.04147949112,-27.759803317540005,2025071100811,-1,g,20250711,g_6,0.1810992539626929,53.04153383180189,-27.759818093084824,745512972996051013,0,3470.3777607395423,1188.86260597115,0.96785945,0.6549428,53.04153383180189,-27.759818093084824,5.2171752e-05,3.869923e-05,11160.62975912678,1746.3939886117398,10341.450271312367,1008.3021779884624,False,10130.643123168127,1346.3957633937785,False,10679.264739596198,1921.624529105553,False,9217.539021525909,2823.016688885207,False,11288.390753698332,3952.3432891925686,False,0.334194022746522,62.45781242313141,11466.10138960235,919.4092733298834,0.0,0.1347325130707625,False,18351.462890625,2438.9697265625,False,19345.2802734375,3480.985442567548,False,20448.7001953125,7159.59296174927,False,False,0.6053859692950614,113.14111186993108,False,False
EIS-DEEP CDFS-1 Ks 1  386,53.04147949112,-27.759803317540005,2025071100819,-1,i,20250711,i_39,0.3118461427177587,53.04156539369188,-27.759844854208023,745512974069792965,0,3345.7384440130963,1126.785682461474,0.026705679,0.027989207,53.04156539369188,-27.759844854208023,1.4918797e-06,1.5478437e-06,70736.65034914562,1864.1475804535955,61857.35351176462,1085.2339517974638,False,68325.59494794672,1440.669375467187,False,68819.85881629918,2046.8480939325068,False,69560.65580010452,3000.417122462597,False,67071.13119818649,4192.680024772003,False,-1.1774100004515795,66.53534125605573,67398.48000451771,976.5276697587018,0.0,6.753861389019455e-05,False,102568.0,2162.6826171875,False,103309.9716796875,3072.6569663741857,False,100684.8427734375,6293.905016245131,False,False,-1.7674868256664444,99.88053360018648,False,False
EIS-DEEP CDFS-1 Ks 1  386,53.04147949112,-27.759803317540005,2025071100820,-1,i,20250711,i_39,0.2969187079074474,53.04156097334327,-27.759843361279863,745512974204010687,0,3356.626557274099,1120.9918638537831,0.04868732,0.057063896,53.04156097334327,-27.759843361279863,2.7574977e-06,3.1244056e-06,67231.2637660014,1850.9768022441965,62559.62770949134,1070.3893353983292,False,68828.65608377228,1420.873098881929,False,76511.83456385128,2019.4818569361696,False,82132.76588994775,2954.06302427773,False,88904.21369701826,4132.835091786107,False,1.868744083009387,65.53568477388491,70046.7953609244,1047.6971708091774,0.0,0.014404950566308,False,104432.5546875,2155.86669921875,False,116090.111328125,3064.1256340703767,False,134892.8583984375,6270.680720717,False,False,2.835413761504958,99.43618506514936,False,False
EIS-DEEP CDFS-1 Ks 1  386,53.04147949112,-27.759803317540005,2025071200713,-1,r,20250712,r_57,0.2963402597778541,53.041558780272304,-27.759846365378685,745517357889224819,0,2848.7010854843797,736.1001065910388,0.13887678,0.14075434,53.041558780272304,-27.759846365378685,7.728147e-06,7.811549e-06,29011.71798057,1324.2478380081532,28575.63274946104,776.6773932101477,False,29812.099228016337,1032.852878095851,False,31880.314655912232,1470.5188971197165,False,31923.06515515777,2154.544180098404,False,32065.05574493557,3016.022751116589,False,-0.1343485508411665,47.69563368717633,30363.928348858622,655.9468322334437,0.0,0.0027798922220554,False,55635.8671875,1927.5283203125,False,59495.607421875,2744.308390734728,False,59840.37451171875,5628.555035061383,False,False,-0.2507236432517933,89.0104356941643,False,False
EIS-DEEP CDFS-1 Ks 1  386,53.04147949112,-27.759803317540005,2025071200714,-1,r,20250712,r_57,0.2989670300708315,53.04155711196336,-27.759849994736417,745517358023442569,0,2760.0104493599847,802.9299370964986,0.10048476,0.08513821,53.04155711196336,-27.759849994736417,5.5187365e-06,4.807984e-06,32518.51071696806,1304.9952799502737,30269.25269058189,772.6829423230739,False,31074.889888321813,1026.8268513738649,False,31509.20348331093,1452.610720676924,False,26991.399209452164,2136.3480323780755,False,29736.05275719293,2995.588362112419,False,0.1108693246593494,46.98728731315452,32633.070076142834,599.1519185716552,0.0,0.0014159374611701,False,58254.44140625,1924.9376220703125,False,59068.6259765625,2723.131969827694,False,55744.5947265625,5615.669994167965,False,False,0.2078408193988736,88.08456555952148,False,False
EIS-DEEP CDFS-1 Ks 1  386,53.04147949112,-27.759803317540005,2025071200735,-1,z,20250712,z_20,0.3090304899000289,53.04155551539384,-27.759856636964205,745517360842014886,0,2793.17630614514,607.742542663579,0.033345256,0.036463764,53.04155551539384,-27.759856636964205,1.8670036e-06,2.0127568e-06,92658.74931279237,2031.6593740904716,90810.39318485573,1216.640987389267,False,93798.71031889413,1607.9022676773604,False,99633.10560963702,2278.703732075052,False,96343.3811750279,3335.606596486657,False,92290.91471091464,4660.375749109057,False,-0.7338908441056243,73.6361823493961,96064.92003070952,838.6002806046688,0.0,0.0066783692800894,False,110108.5546875,1887.4864501953125,False,116957.4423828125,2674.927764430635,False,108338.58157598972,5470.728076009685,False,False,-0.861500759105665,86.44013956729201,False,False
EIS-DEEP CDFS-1 Ks 1  386,53.04147949112,-27.759803317540005,2025071200736,-1,z,20250712,z_20,0.3025014008288309,53.041553954692525,-27.759855459593176,745517360976232606,0,2790.150879057532,604.1073474399417,0.036846396,0.034619115,53.041553954692525,-27.759855459593176,2.0383654e-06,1.9327674e-06,96137.36104917924,2040.183342196836,92333.9051037728,1224.5353358184489,False,94473.17011453494,1617.7130052020825,False,94845.62476553312,2288.3589066249124,False,94827.42744284848,3353.860809518006,False,92996.716799827,4686.2011521300565,False,-1.0658808753873954,73.58955136390624,96848.4116492114,863.9087489557895,0.0,4.5284771710285554e-08,False,110197.109375,1886.962158203125,False,110631.5546875,2669.2291199382944,False,108474.91790825129,5466.163782674596,False,False,-1.2432841119164952,85.837659842198,False,False
EIS-DEEP CDFS-1 Ks 1  386,53.04147949112,-27.759803317540005,2025071200737,-1,z,20250712,z_20,0.3207591222405049,53.04155864723874,-27.75985838426149,745517361110450342,0,2787.649003582785,599.6241852661313,0.035249583,0.035173286,53.04155864723874,-27.75985838426149,1.95856e-06,1.9541703e-06,95436.52752027496,2044.7835906701,93324.79547259936,1223.826970344105,False,95693.7154142552,1616.8499095208858,False,99282.4531619127,2296.6594488327896,False,100852.78905876377,3357.7579190807605,False,100111.68055187823,4691.013122009559,False,0.1759559090621154,73.79955244514304,96353.09464729014,834.7955424065394,0.0,0.0027414204454538,False,111261.2109375,1879.8797607421875,False,115433.76611328124,2670.2810135650984,False,116397.892578125,5454.149190666036,False,False,0.2045804933909301,85.80529595017668,False,False
EIS-DEEP CDFS-1 Ks 1  386,53.04147949112,-27.759803317540005,2025071200738,-1,z,20250712,z_20,0.2989698968289529,53.041556334813286,-27.75985099241148,745517361244668051,0,2785.787121724394,594.1570176355843,0.04262982,0.037391454,53.041556334813286,-27.75985099241148,2.3475006e-06,2.1007716e-06,102374.6541902806,2061.4898386118552,94530.97201086786,1227.417899433356,False,100986.15908896358,1622.3536922881938,False,104253.41024013354,2297.214372849194,False,104080.99704489848,3363.772840755359,False,102275.47236704396,4697.586758867669,False,-0.632564469388979,72.50238267780836,98930.26101864212,927.8659397299366,0.0,0.0118491503489946,False,116410.6015625,1870.1490478515625,False,120176.88671875,2648.086722714274,False,117896.84220832586,5415.087626117896,False,False,-0.7291812172375433,83.57626488995393,False,False
EIS-DEEP CDFS-1 Ks 1  386,53.04147949112,-27.759803317540005,2025071200739,-1,z,20250712,z_20,0.2975211271274526,53.04155514273203,-27.75985177951765,745517361378885802,0,2781.912472755978,591.2959133766094,0.032325592,0.028410474,53.04155514273203,-27.75985177951765,1.7803621e-06,1.5959106e-06,97916.8650358491,2000.788377443325,94571.247173973,1201.6025869500045,False,96298.03862392886,1586.6729293811316,False,97284.22348895912,2248.0960830918684,False,94784.01657272768,3285.6100172576694,False,98151.43911096935,4594.701044809624,False,1.294812769902968,71.51519851348354,99360.49960283509,791.7907212780326,0.0,0.0022933035260399,False,113187.0390625,1864.94775390625,False,114346.18359375,2642.3730203570685,False,115365.49374675752,5400.531662647467,False,False,1.521900400671439,84.05772000528262,False,False
EIS-DEEP CDFS-1 Ks 1  386,53.04147949112,-27.759803317540005,2025071700602,-1,i,20250717,i_39,0.2946946468580755,53.04155260887489,-27.75985346321444,745539333223614178,0,3034.137885317941,3943.728141463345,0.01810417,0.020235198,53.04155260887489,-27.75985346321444,1.0894012e-06,1.0446452e-06,67531.88556865722,959.51159542152,65131.19248233047,587.0868982886586,False,66956.27745680569,765.0571018610626,False,67643.83967079812,1073.1966971688057,False,67366.39155348684,1561.5082821521603,False,66774.801973941,2177.005236877175,False,-0.514876959360309,34.23328360960548,68479.12162756547,411.0753142557684,0.0,0.0003865210747423,False,109239.125,1248.190185546875,False,110360.88232421876,1750.9197435182994,False,108943.04786264896,3551.78268908837,False,False,-0.840021438758522,55.85158090371159,False,False
EIS-DEEP CDFS-1 Ks 1  386,53.04147949112,-27.759803317540005,2025071700603,-1,i,20250717,i_39,0.3124554108374592,53.04155886270076,-27.75985430660334,745539333357832004,0,3034.297478258249,3943.695557679368,0.016587893,0.01816372,53.04155886270076,-27.75985430660334,9.834397e-07,9.500213e-07,69092.53254320683,953.781023514719,66193.30188232157,585.992649217042,False,69050.5376787055,763.7776170995552,False,71061.72125243697,1071.4438930387948,False,70459.67472250546,1559.2346793069455,False,69998.4266561221,2173.132832541748,False,0.6857211648691702,34.142681169569464,68436.22229364264,396.27079371639024,0.0,2.5957965477108047e-05,False,112955.15625,1249.4127197265625,False,116245.11694335938,1752.7034027517543,False,114505.74443006516,3554.8826541209924,False,False,1.1217253902081592,55.85172854478707,False,False
EIS-DEEP CDFS-1 Ks 1  386,53.04147949112,-27.759803317540005,2025071700604,-1,i,20250717,i_39,0.3141751635857845,53.04155967363921,-27.759854128142496,745539333492049658,0,3032.903763161421,3943.035154744173,0.017701529,0.019478038,53.04155967363921,-27.759854128142496,1.0532818e-06,1.0156515e-06,68165.44434681906,952.8587216801508,65522.5803910794,586.3470966900401,False,67428.76412740764,763.9651054597832,False,68343.63670502814,1066.7006445574016,False,68279.85421508498,1557.6929383714455,False,67433.25765414975,2172.159657011969,False,0.4268274153753699,34.72167517831175,68186.56020743672,402.4683538965105,0.0,0.0015069216498009,False,110208.9609375,1248.6629638671875,False,111704.27465820312,1743.4691439086953,False,110216.30538344385,3550.286912233952,False,False,0.6976281792630081,56.75085095999432,False,False
EIS-DEEP CDFS-1 Ks 1  386,53.04147949112,-27.759803317540005,2025071700605,-1,i,20250717,i_39,0.3129889108477003,53.041557042753496,-27.759856696068653,745539333626267360,0,3029.2430043528234,3945.643193016576,0.01852621,0.021317389,53.041557042753496,-27.759856696068653,1.1391281e-06,1.080602e-06,68326.17194799447,961.271982090706,66632.98798168925,589.2037131785756,False,70008.04467142592,768.0888241450073,False,74450.55301201096,1078.0221439675936,False,78385.73262080226,1567.562707240103,False,83648.46477341765,2186.0691971225806,False,3.668085346790755,34.30520429245232,69451.0726076517,414.4325848475296,0.0,0.0022221565829384,False,113911.546875,1249.7733154296875,False,121140.04467773438,1754.0722721395125,False,136106.15838193893,3556.9986990603734,False,False,5.96841802800697,55.81871205168943,False,False
EIS-DEEP CDFS-1 Ks 1  386,53.04147949112,-27.759803317540005,2025071700606,-1,i,20250717,i_39,0.3102674222582278,53.04155933124388,-27.759852676815125,745539333760485160,0,3023.152049544796,3942.200961036672,0.016262487,0.018831735,53.04155933124388,-27.759852676815125,1.004676e-06,9.5063e-07,70302.49084406575,954.013112082837,66298.74795044538,584.9990801160716,False,69257.28400231527,762.2108582874157,False,69401.17903637966,1067.6905673562064,False,69003.93844215228,1553.607291178717,False,71599.93198307238,2166.8254701842147,False,-0.0187633417714795,34.30563304447947,68923.29376942034,398.7349668639508,0.0,0.0002008992693767,False,112782.7578125,1241.2303466796875,False,113017.08520507812,1738.6920150204012,False,116597.66773366928,3528.589891246285,False,False,-0.0305553626777393,55.86537154894324,False,False
EIS-DEEP CDFS-1 Ks 1  386,53.04147949112,-27.759803317540005,2025071700607,-1,i,20250717,i_39,0.2978098569703547,53.041555461507485,-27.759851525198687,745539333894702882,0,3013.3700268035523,3938.2336619744,0.017307933,0.019474508,53.041555461507485,-27.759851525198687,1.046702e-06,1.0010318e-06,67715.61620884249,947.0563083817068,65937.89886844972,581.183235616915,False,67641.3237680029,756.754449995866,False,69215.07332092106,1060.9338221258236,False,69044.372191403,1543.7515887421127,False,70308.38606636954,2153.168323282184,False,0.9378306707770224,34.340896212730385,68522.88985381479,400.1337966247068,0.0,0.0007313180215824,False,110354.453125,1234.618408203125,False,112921.97045898438,1730.8764113498073,False,114705.67195087671,3512.8187854046496,False,False,1.530037926998806,56.02597066810975,False,False
EIS-DEEP CDFS-1 Ks 1  386,53.04147949112,-27.759803317540005,2025071900574,-1,i,20250719,i_39,0.2922242718197141,53.04155689091502,-27.759846883719074,745548125560111437,0,2946.387889121765,880.6099894052956,0.029357016,0.030942058,53.04155689091502,-27.759846883719074,1.7187108e-06,1.6347823e-06,70752.76623950509,932.2277873755812,66180.99709254423,572.6802961388933,False,69646.37470982569,745.200045382317,False,70365.67698860195,1046.3984044111287,False,71009.84626480176,1518.9990970539632,False,69015.07577960717,2115.231569331572,False,-0.3710183216077145,33.229111729179614,69515.95547603443,456.18829770655054,0.0,0.0002905988394004,False,110960.75,1187.2542724609375,False,112106.74389648438,1667.1241286573602,False,109954.96322268248,3369.991364727786,False,False,-0.5911071667528616,52.94069037571009,False,False
EIS-DEEP CDFS-1 Ks 1  386,53.04147949112,-27.759803317540005,2025071900575,-1,g,20250719,g_6,0.3949471150959239,53.04159038733145,-27.759852365200462,745548125694329101,0,2936.0535118159955,863.9846291262513,0.06620804,0.07618564,53.04159038733145,-27.759852365200462,4.2249794e-06,3.699973e-06,9707.150052937392,370.675725200499,9511.79132991305,225.68299590787308,False,9858.211165187377,295.30385188140554,False,10039.461721481754,413.4274880525427,False,11181.39317422211,604.7022945738196,False,11254.99682470774,845.6979931421467,False,-0.1142485410016993,13.32909078308893,10462.817917973813,193.86910341373297,0.0,0.0993552563709591,False,18588.580078125,556.8230590820312,False,18930.344970703125,779.5562338227401,False,21222.350206285715,1594.6427403529456,False,False,-0.215426320012153,25.13324854158133,False,False
EIS-DEEP CDFS-1 Ks 1  386,53.04147949112,-27.759803317540005,2025071900576,-1,g,20250719,g_6,0.3027614346042038,53.04156569342239,-27.75983873042172,745548125828546825,0,2936.2101519748344,862.9915681616609,0.06525607,0.0723309,53.04156569342239,-27.75983873042172,4.013425e-06,3.6416948e-06,11096.933391407538,374.6941151335374,10063.57734744407,226.4944451654242,False,11071.03587058461,296.6998819586764,False,11470.157938343516,415.6868184684669,False,11639.959111333845,607.1936986905091,False,11826.316940289524,846.4237723076563,False,-0.1303226428197365,13.544894470724744,10985.933847940338,198.20323329199223,0.0,1.2984775273561231e-05,False,20880.828125,559.598876953125,False,21633.603149414062,784.0174227355104,False,22305.346515774727,1596.4205623639646,False,False,-0.2457985627835371,25.546716379623778,False,False
EIS-DEEP CDFS-1 Ks 1  386,53.04147949112,-27.759803317540005,2025071900577,-1,g,20250719,g_6,0.3437832505800152,53.041578998457474,-27.759840273054813,745548125962764556,0,2935.2142995225195,863.4981574359175,0.092433,0.09519293,53.041578998457474,-27.759840273054813,5.292899e-06,5.145442e-06,10131.725960922047,373.9140150801,9530.288019669026,225.56949340452945,False,10151.035533110036,295.59780581747674,False,10885.620533682566,416.6854216950133,False,11095.772031877996,606.5286345125432,False,11897.923976721522,846.9525581648853,False,0.1917146953665863,13.541509252394162,10690.472497842007,196.19260313425903,0.0,0.0896404275030908,False,19179.7734375,558.5143432617188,False,20567.727783203125,787.3021384618249,False,22480.41448636353,1600.2661132382673,False,False,0.3622334302522038,25.58587038884663,False,False
EIS-DEEP CDFS-1 Ks 1  386,53.04147949112,-27.759803317540005,2025071900578,-1,g,20250719,g_6,0.3411885125513965,53.0415774588345,-27.759841614419383,745548126096982319,0,2932.675464649489,860.3771144773638,0.06884255,0.07940929,53.0415774588345,-27.759841614419383,4.403534e-06,3.8473877e-06,10357.41989769124,367.5346412675766,9743.95153018868,223.297873213805,False,10089.883532096275,292.1981322688593,False,9698.358114423294,410.4793839899248,False,9776.86760244957,599.6358326429831,False,9413.302368542949,836.5770464557505,False,0.022111812832891,13.260594695224622,10355.824620462652,179.92191976144062,0.0,0.0147930703342084,False,19315.267578125,559.3607788085938,False,18565.762573242188,785.788964941807,False,18020.074608772997,1601.4763154211744,False,False,0.0423290893444015,25.385023917130837,False,False
EIS-DEEP CDFS-1 Ks 1  386,53.04147949112,-27.759803317540005,2025071900579,-1,g,20250719,g_6,0.3365568438618896,53.04157378278816,-27.759845482332416,745548126231200008,0,2930.0579200474835,849.302784752591,0.0669314,0.082393475,53.04157378278816,-27.759845482332416,4.562497e-06,3.7499835e-06,10521.831501525008,375.8962481282542,9583.285371365308,226.5455945522123,False,10650.7564545585,297.32749044178536,False,11214.365242007372,418.2611240043087,False,11450.7718796519,608.8094696042567,False,10035.54521606638,848.779905380954,False,-0.2383648895796649,13.39772054965638,10656.700847511636,194.99504426464145,0.0,0.0043643850225881,False,20091.5703125,560.8781127929688,False,21154.76104736328,789.0071299415696,False,18931.03679472208,1601.1370855728985,False,False,-0.4496511547751523,25.2734390837975,False,False
EIS-DEEP CDFS-1 Ks 1  386,53.04147949112,-27.759803317540005,2025071900580,-1,g,20250719,g_6,0.3465448199068878,53.04158048542406,-27.759839085492573,745548126365418804,745548126365417717,2931.083844185517,845.5137098936458,0.11820845,0.118243404,53.04158048542406,-27.759839085492573,6.5810236e-06,6.575208e-06,9842.293465689116,378.20135761527246,9596.998808585784,227.36097968701569,False,10225.849143162315,297.9003082052847,False,11124.057856102578,419.96607441516926,False,11609.657386647736,610.4786101278523,False,12806.527073594463,852.663046386831,False,0.2410511803533128,13.437674700860178,10574.170786863711,204.24318868326696,0.0,0.0601087189275352,False,19244.599609375,560.6353149414062,False,20934.98901412636,790.3577334744015,False,24101.322292901576,1604.6744578074242,False,False,0.4536477495728211,25.289114446989576,False,False
EIS-DEEP CDFS-1 Ks 1  386,53.04147949112,-27.759803317540005,2025071900586,-1,i,20250719,i_39,0.3102189445439489,53.041556833454415,-27.7598556764365,745548127170724174,0,2923.093453906364,787.087032681752,0.022449827,0.02264943,53.041556833454415,-27.7598556764365,1.259498e-06,1.2484136e-06,69847.13257932563,921.9525138937018,66419.22175922015,570.0281297048648,False,68973.8798276194,741.2625048787004,False,69255.68710483874,1033.6820266805132,False,69580.93000756211,1507.840321390264,False,70198.45423052828,2101.6933689498333,False,-0.0495226232293728,32.283074563900655,68850.64271575386,409.0586422953079,0.0,0.0011150231958578,False,112165.8984375,1205.447265625,False,112624.17578125,1680.982329993388,False,114157.31154125927,3417.7912792140314,False,False,-0.0805341027848068,52.4990050122529,False,False
EIS-DEEP CDFS-1 Ks 1  386,53.04147949112,-27.759803317540005,2025071900587,-1,i,20250719,i_39,0.3292623747406464,53.04156601026983,-27.759853353500517,745548127304941876,0,2921.7142755149484,785.6765920512645,0.025992261,0.025405854,53.04156601026983,-27.759853353500517,1.4142447e-06,1.4440396e-06,68540.60311588603,926.9632986826616,66004.70336442413,569.9235327446119,False,68954.72136421668,741.5151970348779,False,70646.84508422094,1038.8006418916823,False,72849.02001437674,1511.047455213133,False,73254.0037544253,2105.6083042186706,False,0.9583846377864776,32.85842007448101,68729.18266903835,426.81130592696326,0.0,0.001416379043712,False,111368.5,1197.6182861328125,False,114101.4423828125,1677.7628420169324,False,118312.2541244626,3400.7597128812054,False,False,1.5478832692189186,53.06950537492624,False,False
EIS-DEEP CDFS-1 Ks 1  386,53.04147949112,-27.759803317540005,2025071900588,-1,i,20250719,i_39,0.3090875835604038,53.04156011943897,-27.759851076432277,745548127439159612,0,2921.9444053020675,785.757515296101,0.024986135,0.025932396,53.04156011943897,-27.759851076432277,1.4411348e-06,1.3909913e-06,69343.11885970422,925.36262961129,66101.37479006789,569.1841654465442,False,69162.04009312089,740.42947460373,False,71326.44016679938,1035.3059630673467,False,70076.22564324625,1506.764406629801,False,69023.99925605945,2099.548794810107,False,-1.3705559422492497,33.16659539658198,68482.66765844723,427.0791726238015,0.0,0.0017285980072923,False,111996.859375,1199.007080078125,False,115501.75903320312,1676.512378750457,False,111773.32432317734,3399.883386995209,False,False,-2.2193960866826328,53.70799524677379,False,False
EIS-DEEP CDFS-1 Ks 1  386,53.04147949112,-27.759803317540005,2025071900589,-1,i,20250719,i_39,0.3132691478425302,53.04156071265895,-27.759852373961145,745548127573378798,745548127573377343,2919.18089535282,785.1616944551539,0.026136464,0.027532957,53.04156071265895,-27.759852373961145,1.5289885e-06,1.4557409e-06,69188.46735874392,928.8292355861846,67201.47634886128,570.49892120078,False,71684.3650885048,742.4103012656672,False,75207.35918286751,1040.1155323490536,False,82172.29666542674,1511.725052832953,False,93494.27726173543,2106.1747714982093,False,5.547745026611183,33.62632515511777,69633.75115852569,436.7461902789304,0.0,0.0044032246468467,False,115901.203125,1200.348876953125,False,121597.27441801876,1681.686675182487,False,151164.0537871644,3405.319830994908,False,False,8.969742877977728,54.367943935037694,False,False
EIS-DEEP CDFS-1 Ks 1  386,53.04147949112,-27.759803317540005,2025071900590,-1,i,20250719,i_39,0.2936397845727142,53.04155264588279,-27.75985294075061,745548127707595080,0,2919.9884925343163,783.1052423043087,0.025554137,0.023366127,53.04155264588279,-27.75985294075061,1.3038011e-06,1.4170474e-06,69273.45829067532,917.3365069238048,66019.67191886039,566.7046996379155,False,68489.61866040864,736.8132618921003,False,69282.84210464155,1026.8642065472343,False,68788.42539410696,1497.5258352975925,False,69390.23103895201,2087.7940619212272,False,-0.2444200124211193,32.865151743137005,68518.47082329894,419.4191958254975,0.0,0.000422133758954,False,111046.734375,1194.6439208984375,False,112332.83984375,1664.922641036143,False,112506.95660328864,3385.0781645231827,False,False,-0.3962942811791718,53.286437378339286,False,False
EIS-DEEP CDFS-1 Ks 1  386,53.04147949112,-27.759803317540005,2025072100524,-1,g,20250721,g_6,0.3303398668231746,53.04157624304309,-27.75983633123235,745556914942248340,745556914942247370,1255.8272655022088,1499.73717087458,0.14040072,0.10285332,53.04157624304309,-27.75983633123235,6.447805e-06,7.2307125e-06,10047.85844286188,383.5166362643788,9727.55953319307,231.7436032935346,False,10257.257701093737,303.60626624681305,False,10549.52402952866,427.5695901982261,False,10928.416486562724,623.2031649886975,False,10546.751104933594,869.2759735043501,False,-0.0894335446935188,14.113498151099932,10432.666758783324,206.5461416323772,0.0,2.28214650828118e-05,False,19120.890625,565.96240234375,False,19665.71387720108,797.0465018037515,False,19660.544777482748,1620.4458634733078,False,False,-0.1667160050106257,26.30943497252155,False,False
EIS-DEEP CDFS-1 Ks 1  386,53.04147949112,-27.759803317540005,2025072100525,-1,g,20250721,g_6,0.3532643343230882,53.041580079835335,-27.759844623805854,745556915076465073,0,1254.7585463400017,1499.617291433936,0.13220993,0.11157236,53.041580079835335,-27.759844623805854,6.584641e-06,7.019217e-06,10315.06223506928,387.96215391110576,9475.885203097449,234.048398159774,False,10140.82249789924,307.052892835666,False,10238.896806455372,431.9840422633823,False,10288.83456652273,630.3500792573424,False,9512.10631099466,879.7955616187733,False,0.026156059341246,14.067571945189815,10287.294773222247,211.97972555752563,0.0,0.0005671022036211,False,18663.7265625,565.1170043945312,False,18844.22790527344,795.0471518298851,False,17506.60276901722,1619.2240615941662,False,False,0.0481390478532356,25.890731864965502,False,False
EIS-DEEP CDFS-1 Ks 1  386,53.04147949112,-27.759803317540005,2025072100526,-1,g,20250721,g_6,0.3129598408253632,53.04156221216093,-27.75985021194033,745556915210683776,745556915210682809,1255.2395892566208,1498.9115449766257,0.11316991,0.11791218,53.04156221216093,-27.75985021194033,6.485118e-06,6.376327e-06,10337.218243115663,383.5552505736912,9284.728605921371,231.06496660174804,False,10283.351523355295,303.5015249243484,False,10433.073998180578,426.767458708822,False,10504.8889508114,622.7973233276923,False,11154.985310716504,868.8136201880324,False,-0.0092331363877676,13.95725023518832,10455.36437554426,212.6135572778984,0.0,0.0867069247955578,False,19149.708984375,565.1820678710938,False,19428.52293086052,794.7285104193994,False,20772.869811952118,1617.9090980674332,False,False,-0.0171939930709577,25.991261663954813,False,False
EIS-DEEP CDFS-1 Ks 1  386,53.04147949112,-27.759803317540005,2025072100527,-1,g,20250721,g_6,0.3735855703050255,53.04159049539381,-27.759836786139903,745556915344900597,0,1244.8455588874178,1497.308444959952,0.08625805,0.07539733,53.04159049539381,-27.759836786139903,4.390297e-06,4.6193745e-06,10318.898532621251,375.6970357573529,9956.658245320714,228.43962105014373,False,10302.46488616532,298.96093082613464,False,10714.677402692543,420.7142818777671,False,10938.755445080307,613.5066865153044,False,11729.779493076168,856.0165791917749,False,-0.0172579666427985,13.47018485418766,10602.82999387945,192.95247972576436,0.0,0.0043440159932299,False,19461.873046875,564.752197265625,False,20240.56317138672,794.7503857943165,False,22158.141948014498,1617.0582646316054,False,False,-0.0326011648241942,25.445854991670387,False,False
EIS-DEEP CDFS-1 Ks 1  386,53.04147949112,-27.759803317540005,2025072100528,-1,g,20250721,g_6,0.3073391672241343,53.041564512166616,-27.759843665442254,745556915479118358,0,1237.2329984009666,1497.035486310052,0.08452269,0.07030236,53.041564512166616,-27.759843665442254,4.172338e-06,4.47209e-06,10578.281742530044,371.3771888522031,9805.11584029523,226.4536304324893,False,10343.042443739449,296.5294304439088,False,10475.106589376504,416.5443643642078,False,10634.491771299236,608.3034806543063,False,10322.322814522437,848.221479259592,False,-0.1897044479242799,13.42143340356057,10364.592978044202,182.11732530639333,0.0,0.0279269018476809,False,19681.03515625,564.24462890625,False,19932.33056640625,792.6124565167936,False,19641.60925683379,1614.0199408829717,False,False,-0.360975015736753,25.538684975872837,False,False
EIS-DEEP CDFS-1 Ks 1  386,53.04147949112,-27.759803317540005,2025072100529,-1,g,20250721,g_6,0.3246798854062785,53.04157267520649,-27.75983984820548,745556915613336104,0,1230.0802698887517,1496.975820762022,0.07743519,0.07304453,53.04157267520649,-27.75983984820548,4.1376165e-06,4.233052e-06,10351.689490234065,371.8775255812427,9858.933420728592,227.3120340671411,False,9965.400066307016,297.294232666339,False,10148.051819046872,416.1494160771803,False,9675.43523336698,608.9162807119043,False,10167.704788935647,850.6710855768805,False,0.1798326722408909,13.440407692366293,10459.981061385275,184.9536424124776,0.0,0.009553550788441,False,18883.1171875,563.3333129882812,False,19229.21813964844,788.5481906404975,False,19266.457922399044,1611.909375447566,False,False,0.3407591668644808,25.467797761658883,False,False
EIS-DEEP CDFS-1 Ks 1  386,53.04147949112,-27.759803317540005,2025072100530,-1,i,20250721,i_39,0.3120096846373681,53.04155765623319,-27.759855540511374,745556915747554010,0,1234.2541886691477,1497.3800063081255,0.020823464,0.021240888,53.04155765623319,-27.759855540511374,1.1742171e-06,1.1647736e-06,69273.24626810475,838.8679551006662,66779.44048252578,522.4352767148159,False,69257.58712638698,675.4282773516431,False,70567.58187656704,941.4659221043044,False,70133.68301927004,1365.2377485560742,False,68082.0501438226,1900.7112028587924,False,-1.011453861991862,30.06579097056976,69275.55300480568,383.5970202672602,0.0,0.000230311287668,False,111217.28125,1084.6363525390625,False,113320.93603515624,1511.852846604178,False,109329.54544177651,3052.256672436575,False,False,-1.6242429646771326,48.28114390233462,False,False
EIS-DEEP CDFS-1 Ks 1  386,53.04147949112,-27.759803317540005,2025072100531,-1,i,20250721,i_39,0.3046677848535263,53.04155825376872,-27.75985132233446,745556915881771711,0,1234.5632190413376,1497.4707225522648,0.024819657,0.02442915,53.04155825376872,-27.75985132233446,1.3655857e-06,1.3728549e-06,69600.30576025406,842.2674013306689,66077.8724883745,523.9950135955823,False,69174.80581234253,678.1583992105128,False,70282.52497931653,945.5608772775768,False,70466.69323684316,1374.951532493228,False,70607.93308492226,1910.408428883972,False,-0.0879329867358675,30.058347351603164,69448.63227316202,402.5442637545464,0.0,0.0002819362387286,False,110781.0859375,1086.0474853515625,False,112555.06030273438,1514.283409612912,False,113076.19025588036,3059.4537686169874,False,False,-0.1408216712129764,48.13741537823064,False,False
EIS-DEEP CDFS-1 Ks 1  386,53.04147949112,-27.759803317540005,2025072100532,-1,i,20250721,i_39,0.3029338587704213,53.041555998640405,-27.75985329114617,745556916015989348,0,1235.0488198250985,1499.5578290398846,0.02999904,0.028152592,53.041555998640405,-27.75985329114617,1.5977373e-06,1.6364535e-06,68533.06807076346,859.7373665453124,64610.38865570674,529.8029034739795,False,67853.6054424528,686.6193379329799,False,68943.06150825143,958.089038687651,False,68727.5672851342,1388.6218617379398,False,67899.55038330346,1933.817272504411,False,-0.1827836439889852,30.55959460443438,67830.31776975734,428.44879859111234,0.0,0.0001350206200281,False,107416.90625,1086.9654541015625,False,109141.58984375,1516.720589521909,False,107489.64023917912,3061.365233442312,False,False,-0.2893590314379094,48.37793197955484,False,False
EIS-DEEP CDFS-1 Ks 1  386,53.04147949112,-27.759803317540005,2025072100533,-1,i,20250721,i_39,0.3105241745797474,53.04155916574508,-27.75985300968305,745556916150207106,0,1236.4028811635662,1502.3902858349627,0.025510402,0.024969345,53.04155916574508,-27.75985300968305,1.3981445e-06,1.4089426e-06,69688.39570567393,849.9708293722058,65772.39273663193,526.8396708156972,False,68534.94967056044,681.947088239426,False,69090.25344680977,953.39993053329,False,68848.66920983206,1381.8183568875725,False,67653.919069824,1922.7026141156875,False,-0.71923750460473,29.214254189995803,68427.23359648112,405.4449791863313,0.0,0.0008473903525513,False,109266.4140625,1087.2396240234375,False,110151.744140625,1520.021420859932,False,107861.77227193116,3065.396866312427,False,False,-1.146692357186888,46.57677302158152,False,False
EIS-DEEP CDFS-1 Ks 1  386,53.04147949112,-27.759803317540005,2025072100534,-1,i,20250721,i_39,0.3020980792089747,53.04155700236584,-27.7598516630437,745556916284424848,0,1228.1667893920917,1452.6305341576294,0.024065131,0.023045514,53.04155700236584,-27.7598516630437,1.3002581e-06,1.3196795e-06,67363.33063407573,843.8856194672121,65698.55448875988,523.2386968398183,False,68018.52113284855,677.1731055083917,False,70099.13616125859,944.5849438769776,False,69895.73267109002,1369.8112864724387,False,68906.88755556176,1907.0383917410727,False,-0.4577207549464741,30.41583266514317,68445.36176775975,397.6328525840479,0.0,0.0019269003182474,False,109068.0390625,1085.8504638671875,False,112404.31567382812,1514.646685061043,False,110492.5390675068,3057.945605695526,False,False,-0.7339575214038222,48.771939906794174,False,False
EIS-DEEP CDFS-1 Ks 1  386,53.04147949112,-27.759803317540005,2025072100535,-1,i,20250721,i_39,0.2906962841321797,53.04155409171988,-27.759849819816694,745556916418642594,0,1226.3199881466146,1452.7322578881192,0.024134265,0.022026671,53.04155409171988,-27.759849819816694,1.2644724e-06,1.3049628e-06,67746.4434815569,837.6673419053391,66287.52623918973,520.9452057174296,False,68651.1858569026,673.6346915107409,False,71130.69668069972,939.9748408494202,False,70910.98893821775,1362.9698709580916,False,70822.8068115429,1897.6741178168877,False,-0.4360664247141787,29.63827455366537,68909.39573463076,392.6723363372324,0.0,0.0017668780743664,False,110262.25,1081.940185546875,False,114244.6494140625,1509.7152307242775,False,113750.14040738344,3047.8980863258707,False,False,-0.7003763232679329,47.60271505311961,False,False
EIS-DEEP CDFS-1 Ks 1  386,53.04147949112,-27.759803317540005,2025072200465,-1,r,20250722,r_57,0.3120481127789553,53.04156487532647,-27.75984579747717,745561305069912325,0,3835.7148341166326,2024.0360631961091,0.15529582,0.1967997,53.04156487532647,-27.75984579747717,1.09458515e-05,8.638365e-06,31028.921344592494,1579.2528307399234,27152.95875847873,927.6420574528264,False,30660.673901154965,1229.5414937055998,False,31829.57989829381,1741.829711406291,False,29856.338920951435,2552.545607616352,False,27529.659457696587,3565.949270923,False,-1.0529212678587945,56.79107719696136,30303.282111318757,875.6644613928358,0.0,0.0865897788842778,False,20692.7734375,829.8129272460938,False,21481.663696289062,1175.554317593739,False,18579.663571849465,2406.6457440143986,False,False,-0.7106126014570916,38.32808429119447,False,False
EIS-DEEP CDFS-1 Ks 1  386,53.04147949112,-27.759803317540005,2025072200466,-1,r,20250722,r_57,0.3601160929608739,53.04157086455426,-27.75986221225067,745561305204130012,0,3834.692888804458,2023.075213275473,0.42782307,0.39909628,53.04157086455426,-27.75986221225067,2.2205004e-05,2.3780822e-05,31189.74867435638,2044.3458856830784,27741.444937016026,1203.8963875995362,False,29605.308444396323,1597.2041096909566,False,32251.694886732403,2268.937827876407,False,24232.872407563507,3324.125894680532,False,25078.107267209383,4650.040761131241,False,0.737365637734305,74.16197857581051,28763.85402296227,1122.195074141296,1.0,0.0916304271560299,False,15248.671875,822.6646728515625,False,16611.734130859375,1168.6515108276571,False,12916.866908580065,2395.0753934903446,False,False,0.3797915729480861,38.198273766587455,False,False
EIS-DEEP CDFS-1 Ks 1  386,53.04147949112,-27.759803317540005,2025072200467,-1,r,20250722,r_57,0.3572042335774092,53.04157687136984,-27.75985250672942,745561305338347721,0,3835.311695092528,2022.3226503716023,0.33438566,0.3401471,53.04157687136984,-27.75985250672942,1.8924926e-05,1.8591689e-05,28995.532063375573,2042.7493998486943,27699.958052553684,1190.2053255513338,False,29313.730017032,1579.4569773612163,False,30143.795656333547,2244.424121302004,False,35336.74547075444,3294.562434984346,False,37250.76556126745,4605.668510866208,False,-1.1241864395718206,73.62566865605952,29575.114609014377,1131.5264378075376,0.0,0.0005071125235669,False,15242.4248046875,821.2791137695312,False,15674.038696289062,1167.0458136475806,False,19369.48974609375,2394.8353181736475,False,False,-0.5845495357181361,38.28355236719377,False,False
EIS-DEEP CDFS-1 Ks 1  386,53.04147949112,-27.759803317540005,2025072200468,-1,r,20250722,r_57,0.2993704149873102,53.04156023378671,-27.75984586459167,745561305472565542,0,3832.8002313481634,2007.6332450571688,0.12522092,0.115198605,53.04156023378671,-27.75984586459167,6.4112737e-06,6.9613207e-06,32787.03434198336,1453.057244856246,29155.70108456005,860.111609782458,False,33307.304669700534,1137.773481749749,False,35022.826998140474,1608.1470276992495,False,37304.89763703024,2354.0881297186056,False,39716.7004455589,3289.24228551458,False,0.7777992647197839,51.4549462330519,31337.087450124556,758.7950591204957,1.0,0.2128693491070268,False,24279.666015625,829.3904418945312,False,25530.211791992188,1172.2735635248532,False,28951.85400390625,2397.723410186799,False,False,0.5669839262549023,37.50855620950113,False,False
EIS-DEEP CDFS-1 Ks 1  386,53.04147949112,-27.759803317540005,2025072200469,-1,r,20250722,r_57,0.3633788603416122,53.04156688601563,-27.759868184127768,745561305606783197,0,3831.227720608792,1994.5189111477305,0.2449543,0.21993014,53.04156688601563,-27.759868184127768,1.2238323e-05,1.3616377e-05,34388.73428582132,2005.901773736223,31360.03163605521,1187.2874543638532,False,33738.38986900612,1572.5781701412527,False,35130.81740167015,2233.8200941265886,False,36289.52861670817,3268.949243800746,False,34135.64794063901,4569.869028310919,False,-0.491136821361914,71.71734719552028,31426.72236743502,988.5998806123606,1.0,0.2287664299519555,False,17655.69921875,822.9487915039062,False,18384.373046875,1168.9845260496627,False,17863.589075148106,2391.466615514445,False,False,-0.2570177185955421,37.53053763878598,False,False
EIS-DEEP CDFS-1 Ks 1  386,53.04147949112,-27.759803317540005,2025072200470,-1,r,20250722,r_57,0.3113455991745713,53.04156592177464,-27.759843690330563,745561305741001039,0,3830.253684807263,1980.6990174371408,0.103485644,0.10449821,53.04156592177464,-27.759843690330563,5.8133646e-06,5.7538014e-06,30792.93656248027,1390.0338818382031,28933.568167125904,830.8531813416788,False,29143.1960639953,1096.97248690726,False,28541.36145431781,1553.3834583459357,False,27170.32012030968,2277.4563421358503,False,27237.362887325,3182.180734353077,False,0.0260681475312018,50.37567437077231,31399.5262951543,668.7139720108023,0.0,0.0073582377190544,False,21872.84375,823.310791015625,False,21421.148803710938,1165.8609300649684,False,20442.45872306824,2388.3221947902944,False,False,0.0195649274894168,37.808456282324656,False,False
EIS-DEEP CDFS-1 Ks 1  386,53.04147949112,-27.759803317540005,2025072200474,-1,z,20250722,z_20,0.2876307198940887,53.04155628575927,-27.759845336065077,745561306277871960,0,3822.5129867944033,1949.0936303745832,0.054901898,0.061572958,53.04155628575927,-27.759845336065077,3.4238576e-06,3.0521662e-06,93779.7793191358,3298.08798722646,92925.70324889562,1960.5787324602893,False,96812.50919176063,2599.11939108531,False,101467.1183848734,3691.0250131740017,False,110365.11154311246,5404.616807470552,False,116775.95297645952,7561.853955018428,False,5.655412276259531,119.1031375651262,97122.20087699834,1379.7741631357983,0.0,0.0028698344880836,False,59504.01171875,1597.50048828125,False,62364.880859375,2268.620010695861,False,71774.171875,4647.753168587299,False,False,3.475994178545159,73.20453268469072,False,False
EIS-DEEP CDFS-1 Ks 1  386,53.04147949112,-27.759803317540005,2025072200478,-1,z,20250722,z_20,0.3166186331229335,53.041558724157625,-27.759856413422664,745561306814742983,0,3814.180543415549,1856.219741596939,0.029529039,0.038540043,53.041558724157625,-27.759856413422664,2.1429437e-06,1.641852e-06,95018.55842286495,2636.3705801040546,95065.58111039878,1584.442804569723,False,96764.32589051648,2094.838551010529,False,101557.17276261872,2969.587672538464,False,103815.37633857549,4351.598363053226,False,105565.15540263426,6077.598616466749,False,1.99448493662076,96.64187200704976,98402.2890076456,974.7409526326492,0.0,0.0065858345931957,False,72559.671875,1570.8350830078125,False,76153.634765625,2226.774228419996,False,79159.0595703125,4557.346494592807,False,False,1.495583948206019,72.46784863826069,False,False
EIS-DEEP CDFS-1 Ks 1  386,53.04147949112,-27.759803317540005,2025072200479,-1,z,20250722,z_20,0.2981493877988428,53.04155468385638,-27.75985262922388,745561306948960625,0,3814.3990168136834,1856.3809686453624,0.035202026,0.046274994,53.04155468385638,-27.75985262922388,2.572387e-06,1.9571085e-06,96879.37586930471,3278.079756877528,95158.5951056908,1966.5897474179656,False,97369.59527019128,2606.320156230544,False,101003.33201561966,3709.267398226342,False,102297.18827749406,5432.215152118695,False,102338.39420882062,7588.713868303767,False,-1.8970306450293075,122.58684598677875,99376.54826277032,1164.6434477567195,0.0,0.0241204682758767,False,58109.25,1555.4271240234375,False,60277.82958984375,2213.6555663220497,False,61074.58203125,4528.8723869917385,False,False,-1.1321298779539717,73.15866580723059,False,False
EIS-DEEP CDFS-1 Ks 1  386,53.04147949112,-27.759803317540005,2025072200480,-1,z,20250722,z_20,0.3170284753199252,53.04156096661228,-27.759853884424707,745561307083178386,0,3817.299723727901,1855.6368410092816,0.036753446,0.044286717,53.04156096661228,-27.759853884424707,2.4626177e-06,2.043324e-06,98222.00053301544,3163.361914129511,94718.83714882036,1896.326109072961,False,96456.28086420865,2511.814075637871,False,94634.23662549972,3562.8469229937973,False,96197.634785835,5227.10993716441,False,101930.99914484587,7310.226310799387,False,2.5511100555927277,114.3143699379346,96495.27733000898,1124.501582188931,0.0,0.000614628240112,False,59672.98046875,1553.941650390625,False,58545.76708984375,2204.1664155417902,False,63059.93209186196,4522.494418798812,False,False,1.5782522315506813,70.72094324481708,False,False
EIS-DEEP CDFS-1 Ks 1  386,53.04147949112,-27.759803317540005,2025072200481,-1,z,20250722,z_20,0.3244229390857767,53.04156241775684,-27.75985562605479,745561307217396116,0,3821.495940272868,1852.255928961577,0.03353518,0.04133241,53.04156241775684,-27.75985562605479,2.298361e-06,1.8644346e-06,95790.13774050964,3030.087678001192,93073.984098403,1817.8903284861492,False,95275.7838392558,2407.4879624373857,False,97072.24275888225,3418.5223127986687,False,90725.96061302292,5011.212480409987,False,98139.6073495291,7002.8247121889135,False,-0.4026012654342813,113.0019038410958,96952.96001142348,1069.3720642229189,0.0,0.0005862282332583,False,61311.7109375,1549.2625732421875,False,62467.76513671875,2199.881684829003,False,63154.6337890625,4506.445890008035,False,False,-0.2590812839810815,72.7187936378625,False,False
EIS-DEEP CDFS-1 Ks 1  386,53.04147949112,-27.759803317540005,2025072200482,-1,z,20250722,z_20,0.306549952130862,53.04155542221833,-27.75985562648903,745561307351613874,0,3825.1500496741137,1849.289597028503,0.030904278,0.035416666,53.04155542221833,-27.75985562648903,1.9691927e-06,1.7178111e-06,94550.99827422408,2652.091146511586,93973.00267212816,1594.6104622844402,False,98019.25485966844,2109.2738508778816,False,104488.1141258146,2991.911343569918,False,109022.96267898852,4379.427592318161,False,107741.92709520744,6116.622301460389,False,1.9508945659852552,97.54213237328833,98962.32046457764,980.1405445043068,0.0,0.0001831372132307,False,72340.828125,1556.700439453125,False,77115.01904296875,2208.11048380542,False,79516.419921875,4514.230629981599,False,False,1.43981229698172,71.98869898638115,False,False
EIS-DEEP CDFS-1 Ks 1  386,53.04147949112,-27.759803317540005,2025072300437,-1,g,20250723,g_6,0.3553281999285022,53.04158220298221,-27.759841801972243,745565699358327253,745565699358326863,1874.57953017696,961.7483615777996,0.42516142,0.32156602,53.04158220298221,-27.759841801972243,1.99829e-05,2.189676e-05,12023.665232717714,1173.340405629739,10369.765553505336,684.4374956084514,False,11917.994990691026,909.3444228958912,False,11885.077293919372,1291.4687777384945,False,12558.356297253336,1891.7068775903836,False,9885.41316721834,2647.637635486922,False,0.7166161357717578,42.20949880420689,11642.986944758875,682.3316688492797,0.0,0.3735559099121094,False,7234.4794921875,551.9916381835938,False,7214.497741699219,783.9493467355338,False,6000.658574357629,1607.1730346954396,False,False,0.4350014194552734,25.622074326517403,False,False
EIS-DEEP CDFS-1 Ks 1  386,53.04147949112,-27.759803317540005,2025072300438,-1,g,20250723,g_6,0.4657971872723706,53.04162404837127,-27.75982275446901,745565699492544596,0,1865.0064099325243,954.2118012700756,1.021862,0.4558612,53.04162404837127,-27.75982275446901,3.873403e-05,4.8704194e-05,9843.139398130976,1096.9801303307013,9566.828290477722,641.1148049171295,False,10375.391465011273,850.9587611638758,False,11005.700307631996,1205.2043152510305,False,11753.616299224454,1771.3445095112424,False,13915.449796165078,2476.0750164107817,False,0.4748605008663554,39.18242312518913,11104.28209589692,613.7129758686245,0.0,0.0175864695709108,False,6710.61962890625,550.3850708007812,False,7118.292236328125,779.5048275566239,False,9000.266723632812,1601.4815116908462,False,False,0.3071313703056076,25.34249802705817,False,False
EIS-DEEP CDFS-1 Ks 1  386,53.04147949112,-27.759803317540005,2025072300445,-1,i,20250723,i_39,0.3047474613431782,53.04155801318789,-27.7598516687316,745565700432068896,0,1838.0498169786952,927.7071910973318,0.03165866,0.029114012,53.04155801318789,-27.7598516687316,1.6665507e-06,1.7132684e-06,71286.44651148087,1527.0239129098009,67030.59586169886,923.561446509526,False,69643.19311454018,1216.2781112426,False,70454.15343734025,1719.2241748539554,False,67299.98761205365,2509.8773980740816,False,67880.48649625477,3506.3139056844616,False,-0.8103019051654538,55.47644531552368,69143.76800575598,590.1306097511768,0.0,6.381151675494134e-05,False,78954.40625,1378.89306640625,False,79873.791015625,1949.0824280987804,False,76956.02782684565,3975.103957311752,False,False,-0.91863831832583,62.89358090666412,False,False
EIS-DEEP CDFS-1 Ks 1  386,53.04147949112,-27.759803317540005,2025072300446,-1,i,20250723,i_39,0.3049062738834623,53.04155612450442,-27.759854059796663,745565700566286608,0,1838.100826510386,927.3946319049528,0.03578984,0.031453423,53.04155612450442,-27.759854059796663,1.8317935e-06,1.9121512e-06,66681.20275159398,1441.3753389095,63840.416378905415,869.2902370117814,False,66880.58710065488,1144.936824936807,False,66622.87128865125,1618.1631354806204,False,70271.39445628467,2364.657729515652,False,72524.70395138672,3302.010257757092,False,1.6647396261702594,53.481148371105895,66968.0760962996,590.9670511273468,0.0,0.0004112753111155,False,80796.84375,1383.1708984375,False,80485.50341796875,1954.864328907148,False,87615.36683815718,3989.079917246788,False,False,2.011132277557336,64.60930108175587,False,False
EIS-DEEP CDFS-1 Ks 1  386,53.04147949112,-27.759803317540005,2025072300447,-1,i,20250723,i_39,0.3054561375603046,53.04155634625921,-27.759854052340568,745565700700504352,0,1836.7208592650477,923.3742522708352,0.030147351,0.029597966,53.04155634625921,-27.759854052340568,1.6553468e-06,1.6648843e-06,67228.67508393127,1497.951621721375,66290.23405979098,908.2048205528243,False,66838.53006420741,1195.240634749214,False,66777.83195932968,1688.216621583466,False,66040.69228984656,2471.111894186143,False,60479.271932003125,3450.815258978745,False,-2.149430019145464,54.60042106469237,68024.09984209234,572.9127522499452,0.0,0.0014621425433296,False,77250.8046875,1381.438232421875,False,77180.65087890625,1951.2112606134997,False,69900.88530033827,3988.391954878832,False,False,-2.48427364334534,63.10621223225472,False,False
EIS-DEEP CDFS-1 Ks 1  386,53.04147949112,-27.759803317540005,2025072300448,-1,i,20250723,i_39,0.2892806723496456,53.0415561800983,-27.759846348956835,745565700834721999,0,1836.8519954447324,923.3933183675144,0.074293666,0.058299944,53.0415561800983,-27.759846348956835,3.5598766e-06,3.855942e-06,69321.86256787245,1560.2230340940523,61133.23673963187,907.1479636591775,False,68116.36991549016,1197.8345744956616,False,70941.97646451007,1693.0257171348171,False,71224.59810076367,2474.866292767289,False,74212.56410589427,3456.7551201556544,False,0.3217902991274887,55.07298761440028,68741.94882076392,831.3620059035252,0.0,0.0008445558463958,False,78430.2109375,1379.2047119140625,False,81683.65673828125,1949.3752277497665,False,85449.46044921875,3980.159740888333,False,False,0.3705141813857999,63.41186473845664,False,False
EIS-DEEP CDFS-1 Ks 1  386,53.04147949112,-27.759803317540005,2025072300449,-1,i,20250723,i_39,0.3301402576019534,53.04156213653439,-27.75985864749145,745565700968939717,0,1836.647931974889,921.085289671527,0.06801369,0.058166888,53.04156213653439,-27.75985864749145,3.4242196e-06,3.6067536e-06,67294.0966872383,1463.692858011846,58827.04593922165,850.3249547161919,False,65669.89038990985,1122.6123637916962,False,68937.27838456258,1587.916369760788,False,69167.22909364993,2318.861908250986,False,73427.40973196203,3237.2677784634284,False,0.1561695108596519,51.32373160921896,66457.4942400596,785.7144865882079,0.0,0.0238477350288491,False,80539.484375,1376.8048095703125,False,84546.705078125,1947.467323179908,False,90053.5341796875,3970.280384407448,False,False,0.1915308797540631,62.94493344612781,False,False
EIS-DEEP CDFS-1 Ks 1  386,53.04147949112,-27.759803317540005,2025072300450,-1,i,20250723,i_39,0.3101685581269256,53.04155883166458,-27.75985325627082,745565701103157527,0,1838.6159275047976,922.8257439784876,0.033984493,0.029955434,53.04155883166458,-27.75985325627082,1.7424284e-06,1.8170273e-06,67406.24380409166,1443.3072794963898,65678.78144601472,871.4669245495207,False,68689.85442269292,1146.972725995837,False,70801.00128083603,1620.970851993551,False,73547.2773347793,2366.725462598531,False,75250.5500378553,3306.254312781321,False,1.171534370019249,52.7311254444242,67937.26887932993,586.2143311716803,0.0,0.0002391155561479,False,81868.2421875,1367.0234375,False,84384.419921875,1931.9597545404672,False,89687.6301022768,3940.570715823566,False,False,1.3962973184585767,62.84777548279917,False,False
EIS-DEEP CDFS-1 Ks 1  386,53.04147949112,-27.759803317540005,2025072800366,-1,z,20250728,z_20,0.298240492828746,53.04155414815305,-27.75985330448769,745587680061425174,745587680061423978,2188.3080765659447,1031.798817876161,0.034499444,0.03139936,53.04155414815305,-27.75985330448769,1.8307303e-06,1.8367931e-06,95412.96123253892,1335.5224038378246,92541.85944636929,821.6480030221248,False,95374.5649443212,1069.7898460534038,False,98204.3530723581,1500.1975876729489,False,100305.5673769896,2181.903263636633,False,102649.43402553414,3041.790805362806,False,1.1916938788925109,47.83343870843465,96196.99164784192,675.5577750643212,0.0,0.0001689402085587,False,108962.5859375,1222.202880859375,False,112195.5341796875,1713.9308437786688,False,117273.90612971784,3475.1549559018654,False,False,1.3614745898534188,54.64827209431257,False,False
EIS-DEEP CDFS-1 Ks 1  386,53.04147949112,-27.759803317540005,2025072800368,-1,z,20250728,z_20,0.2847102318197042,53.041551260765765,-27.75985044677103,745587680329860494,745587680329859386,2183.680441609091,1028.938625704791,0.039621096,0.03624395,53.041551260765765,-27.75985044677103,2.1076185e-06,2.1140722e-06,97399.7770363592,1390.0232270602064,89512.80711402641,847.7669463580091,False,96198.4912827005,1107.5558149711928,False,98371.767670509,1553.5386170455554,False,95886.87572078525,2258.44645869286,False,89557.6306409458,3148.420895412062,False,-2.124404521519104,49.162826902766895,95593.73185771932,752.6085355993561,0.0,0.0007459796605721,False,106384.859375,1224.8338623046875,False,108788.26196289062,1718.041365350858,False,99040.80422317982,3481.8042335759296,False,False,-2.349355725478687,54.36863257198373,False,False
EIS-DEEP CDFS-1 Ks 1  386,53.04147949112,-27.759803317540005,2025072800369,-1,z,20250728,z_20,0.2871637168687957,53.04155195338406,-27.75985076436352,745587680464078196,745587680464077118,2182.419589682815,1028.912184840343,0.041102566,0.035754394,53.04155195338406,-27.75985076436352,2.136074e-06,2.1465107e-06,95178.99630455604,1382.2521761306118,89137.6181742782,840.3269820487307,False,95500.5308836446,1097.68163122227,False,99079.58250333398,1540.4735295404223,False,101032.86865196498,2240.2016847903374,False,99248.65444878704,3123.2705798416337,False,0.2117721444631858,49.342426815046665,95653.90516136771,752.9127428354257,0.0,0.0001480915223769,False,107201.890625,1232.1768798828125,False,111219.47143554688,1729.222584382326,False,111409.25919941068,3505.9544485715987,False,False,0.2377198750426229,55.388188878692354,False,False
EIS-DEEP CDFS-1 Ks 1  386,53.04147949112,-27.759803317540005,2025072800370,-1,z,20250728,z_20,0.3205196446279661,53.041559862648,-27.759856877461104,745587680598294849,0,2174.6171075620623,1030.1473611968845,0.0376827,0.035158057,53.041559862648,-27.759856877461104,2.0236898e-06,2.0282544e-06,96067.95172115698,1366.695143323881,91629.98229297278,834.3032469559977,False,95746.31196857264,1087.9420070617357,False,96661.30332647568,1525.106366690724,False,98423.72379839272,2219.6768932470154,False,98045.87828710664,3094.328587593036,False,-0.641199715726514,49.1538994825173,95491.73077124008,696.8617378603147,0.0,0.0047626938467169,False,108124.65625,1228.5941162109375,False,109157.94018554688,1722.2762762627092,False,110721.5167723894,3494.371824659564,False,False,-0.7240957633259385,55.50864963486767,False,False
EIS-DEEP CDFS-1 Ks 1  386,53.04147949112,-27.759803317540005,2025072800371,-1,z,20250728,z_20,0.2788703128269023,53.04154938553757,-27.75984995691241,745587680732513803,745587680732512599,2164.410696643688,1032.0479792118913,0.036178857,0.032891482,53.04154938553757,-27.75984995691241,1.9186587e-06,1.9250162e-06,94345.51014491798,1350.6106308523335,92263.85999498286,828.0364258193057,False,94635.96021412124,1078.418649406537,False,97473.92584450608,1512.2084642160426,False,96115.05138722443,2198.66312954573,False,90104.55422847783,3065.598145805042,False,-3.1370183812552663,48.91599608081344,96568.46477008332,684.0471655894927,0.0,5.106594875103898e-05,False,107410.34375,1223.9884033203125,False,110631.390625,1716.3330999717373,False,102267.26839590073,3479.4062415097537,False,False,-3.560467098535536,55.51889516443908,False,False
EIS-DEEP CDFS-1 Ks 1  386,53.04147949112,-27.759803317540005,2025072800396,-1,r,20250728,r_57,0.2997500018889976,53.041556398688456,-27.759851288801627,745587684087956007,0,2145.2583272861107,972.2509468816502,0.030750947,0.028572936,53.041556398688456,-27.759851288801627,1.6478698e-06,1.6522922e-06,31616.842179430776,431.74860172291056,29774.39921120774,272.1733441354962,False,31136.671525757945,348.56995215220644,False,31452.166458414635,482.2791924698906,False,30584.14030383628,695.0417654665898,False,30018.831101478703,965.048907296658,False,-0.5679618938601528,15.171500998294682,31221.206794775957,218.09784225976296,0.0,0.0031067808886663,False,62622.84765625,701.0525512695312,False,63257.37890625,969.9718986609328,False,60374.61921167374,1940.9303480776605,False,False,-1.1422990772901431,30.513299886498555,False,False
EIS-DEEP CDFS-1 Ks 1  386,53.04147949112,-27.759803317540005,2025072800397,-1,r,20250728,r_57,0.3188362119620443,53.04156270413036,-27.759852527613784,745587684222173700,0,2142.6009247332377,970.2490786973632,0.037238713,0.030695327,53.04156270413036,-27.759852527613784,1.8901976e-06,1.9038403e-06,31641.176333249445,433.3293081365192,29944.736885219983,273.00733188064186,False,31189.056763436427,349.3786402291793,False,31617.71522086566,482.7811990504813,False,31176.189698277773,696.86598867517,False,31064.37409798012,968.6879513397802,False,-0.1085308914609132,15.05999621954495,31114.53812850737,224.09197336066256,0.0,0.0003896262001344,False,62414.75390625,699.167724609375,False,63272.57440185547,966.129561334642,False,62165.2421002388,1938.5139009943016,False,False,-0.2171892831879431,30.137684669383614,False,False
EIS-DEEP CDFS-1 Ks 1  386,53.04147949112,-27.759803317540005,2025072800398,-1,r,20250728,r_57,0.2997670682113993,53.04155651884386,-27.759851145855613,745587684356393280,745587684356391434,2141.1899154754683,969.1975312152438,0.035076585,0.031308748,53.04155651884386,-27.759851145855613,1.8443066e-06,1.8521495e-06,32108.512778816166,434.4420364478712,30144.85228633555,273.0038309759258,False,31705.372682050896,349.63931131792856,False,32169.74062607389,482.55945833000055,False,32047.003396654796,696.8628705464041,False,31879.96122872891,967.207303898272,False,-0.1582568832780446,15.342774378621783,31202.23204949922,223.9617511958964,0.0,0.0020849414253795,False,63490.07421875,700.1534423828125,False,64419.97198486328,966.326311050626,False,63839.68814373016,1936.834621855204,False,False,-0.3169097353219051,30.723937352475915,False,False
EIS-DEEP CDFS-1 Ks 1  386,53.04147949112,-27.759803317540005,2025072800399,-1,r,20250728,r_57,0.3147180438179336,53.04155987697796,-27.759854135786608,745587684490609202,0,2140.815927811292,968.6591631704348,0.030261429,0.026729105,53.04155987697796,-27.759854135786608,1.5835082e-06,1.5907739e-06,32279.54606890435,432.1397052275944,30273.39729466705,272.26922033726186,False,31773.537828980287,348.46635447656195,False,32675.9346094526,481.0895160060917,False,31663.21343016702,693.7157158086538,False,31175.850016247223,963.680706980653,False,-0.3286563039814556,14.965170887216305,31801.537232143328,218.7143893471961,0.0,0.0044216433026702,False,63884.97265625,700.6384887695312,False,65699.36279296875,967.2951983088652,False,62683.24089509249,1937.6097161790465,False,False,-0.6608077169804202,30.089489501352286,False,False
EIS-DEEP CDFS-1 Ks 1  386,53.04147949112,-27.759803317540005,2025072800400,-1,r,20250728,r_57,0.3094635968193027,53.04155790434059,-27.75985405928889,745587684624826950,0,2141.7601276882256,977.0514954088992,0.029668294,0.025948811,53.04155790434059,-27.75985405928889,1.5454823e-06,1.5532087e-06,31534.667735038474,429.6061430117108,29921.11709805116,271.10617106119486,False,31267.75715982213,346.896929886777,False,31742.27070036437,478.5818259298879,False,30950.56472187392,691.1643607025256,False,31168.601419932475,960.1479887436922,False,-0.3594653250835954,14.94323500875267,31175.700407666733,213.3277801174552,0.0,0.0005443836659975,False,63022.234375,699.1937255859375,False,63978.64782714844,964.6133506539112,False,62822.37941747904,1935.241829850327,False,False,-0.7245261580902207,30.119079351570395,False,False
EIS-DEEP CDFS-1 Ks 1  386,53.04147949112,-27.759803317540005,2025072800401,-1,r,20250728,r_57,0.3107078490523108,53.04155824140728,-27.75985423692327,745587684759044700,0,2138.736616846214,983.8754053387656,0.028141724,0.024344524,53.04155824140728,-27.75985423692327,1.458775e-06,1.466674e-06,31495.769724311907,428.08010820678174,30740.33185924251,271.14994921906367,False,31407.944377263942,346.0321640961281,False,31972.5576754739,478.0860088743602,False,31347.340458756127,689.2503817895632,False,30970.473536627083,957.9421404733972,False,-0.1505915530466416,15.220309613018518,31399.956391459826,210.1565811700203,0.0,1.704163653237778e-05,False,63459.15625,699.1514282226562,False,64599.946716308594,965.9637184042874,False,62575.254709124565,1935.5039362196044,False,False,-0.3042673783399475,30.75234705920793,False,False
EIS-DEEP CDFS-1 Ks 1  386,53.04147949112,-27.759803317540005,2025081000328,-1,i,20250810,i_39,0.2934662963454271,53.0415528652576,-27.759852606813027,745644849563173021,0,1422.783214071818,682.5651605724998,0.056389257,0.046266265,53.0415528652576,-27.759852606813027,2.944984e-06,2.7864003e-06,70277.46481560255,1526.3038223425597,64617.16927532667,907.913721361288,False,68859.50238905716,1201.1671408452687,False,70607.228253087,1704.4419829462734,False,69180.15692922252,2491.838988085238,False,67965.66359290094,3485.384254805097,False,-0.7109101451966203,55.30058048244844,70227.3810490894,760.7994699854393,0.0,0.0161408809406307,False,107034.5546875,1867.082763671875,False,109751.203125,2649.368384984517,False,105645.18017578124,5417.648090456896,False,False,-1.1050319589012658,85.95869561264438,False,False
EIS-DEEP CDFS-1 Ks 1  386,53.04147949112,-27.759803317540005,2025081000329,-1,i,20250810,i_39,0.318470051341664,53.04156268916172,-27.75985236421186,745644849697390738,0,1423.4329409079226,682.4376903393751,0.06898596,0.05438937,53.04156268916172,-27.75985236421186,3.5650005e-06,3.3367867e-06,69684.51174279397,1528.5272859982113,64683.82844946349,908.0713781166714,False,69204.82117462812,1201.568899084356,False,70453.38341669281,1705.1234190242812,False,72648.49308382468,2498.43769454983,False,70837.93032451373,3485.8029387372558,False,-0.0736008361370674,55.35683945990309,69549.41413527413,788.9653092242335,0.0,0.0028392438845336,False,107354.5390625,1863.9434814453125,False,109291.38134765624,2645.0865067929194,False,109887.91285133362,5407.380026408353,False,False,-0.1141738928588731,85.87274532765444,False,False
EIS-DEEP CDFS-1 Ks 1  386,53.04147949112,-27.759803317540005,2025081000330,-1,i,20250810,i_39,0.2957662321063597,53.041555928643874,-27.75984995045428,745644849831608471,0,1424.158070984864,683.4152983327041,0.052104235,0.06129458,53.041555928643874,-27.75984995045428,3.0920035e-06,3.2310945e-06,67856.10929949876,1516.574844209043,62509.38449908037,900.0896895069394,False,67164.38854552267,1191.1898421423327,False,68535.32815098604,1687.378897892212,False,68133.00685639221,2471.8351726423807,False,70979.42229869973,3455.55451443972,False,0.8761714605762914,54.22965593656463,68456.57198245637,785.9670264575399,0.0,0.0352909382089352,False,104857.6953125,1859.6971435546875,False,106998.01953125,2634.35231353295,False,110813.76303768158,5394.845248464761,False,False,1.3678873886024732,84.66386521547614,False,False
EIS-DEEP CDFS-1 Ks 1  386,53.04147949112,-27.759803317540005,2025081000331,-1,i,20250810,i_39,0.3194074465332197,53.04156073291843,-27.759855313813468,745644849965826211,0,1423.8531839741718,683.7733007698964,0.046915147,0.04720862,53.04156073291843,-27.759855313813468,2.6141931e-06,2.6172002e-06,71564.23674029614,1515.659915684427,65801.68670570281,900.4798432109179,False,69968.0782918942,1190.7044690110145,False,71370.69316436996,1687.5242885625576,False,68783.5860453057,2469.8254258070983,False,70398.38141106375,3451.293492240391,False,0.2366985864472134,54.41438220613621,69284.68660344381,742.8724253515909,0.0,0.0006438224343102,False,109067.40625,1856.0899658203125,False,111253.82568359376,2630.540978552463,False,109738.169921875,5379.933801179911,False,False,0.3689697004273699,84.82204563573072,False,False
EIS-DEEP CDFS-1 Ks 1  386,53.04147949112,-27.759803317540005,2025081000332,-1,i,20250810,i_39,0.3141324234646471,53.04156029484668,-27.75985333088287,745644850100043941,0,1424.2519928256056,662.6630227950175,0.043202825,0.046724923,53.04156029484668,-27.75985333088287,2.4756462e-06,2.5273473e-06,67839.89569397144,1502.9814618875737,64329.55563912459,895.7536613084734,False,69155.08551649736,1184.9011107490105,False,72676.4761346327,1679.308782180232,False,74241.835279535,2457.155495949221,False,74371.75291065403,3435.1220188172065,False,0.0552019743702328,53.86618132119474,69562.18333835885,699.8561507082526,0.0,0.0078258489427769,False,108011.046875,1850.657958984375,False,113510.99072265624,2622.856992149883,False,116158.78759765624,5365.203768091621,False,False,0.0862181428417639,84.13181174178234,False,False
EIS-DEEP CDFS-1 Ks 1  386,53.04147949112,-27.759803317540005,2025081000333,-1,i,20250810,i_39,0.3119983245729431,53.04156201140017,-27.759849994040813,745644850234261681,0,1417.2892707108135,647.3201472552496,0.039720662,0.042583495,53.04156201140017,-27.759849994040813,2.2672293e-06,2.3099542e-06,69683.49886226369,1488.5488089323892,64813.7983855612,889.5292671852641,False,68625.21189489991,1176.289638760361,False,68885.78370403443,1667.3089110114315,False,68537.91898387078,2441.364947168887,False,69711.76734863744,3412.18802735883,False,-0.2256999981294712,52.80545636791813,68146.29234773356,646.1655650002617,0.0,5.010665943616655e-05,False,107884.6875,1849.2276611328125,False,108294.32861328124,2621.151845853925,False,109592.845367074,5364.250671992562,False,False,-0.3548196514750317,83.01468223183899,False,False
EIS-DEEP CDFS-1 Ks 1  386,53.04147949112,-27.759803317540005,2025081300305,-1,r,20250813,r_57,0.2977694972590808,53.04155598670468,-27.759850850898328,745658040616748280,0,1243.4267253174703,2751.8649339609783,0.018671542,0.023531064,53.04155598670468,-27.759850850898328,1.247503e-06,1.1100062e-06,32725.19555233632,817.4276371121234,31397.22942444104,496.9074343337427,False,32063.870548355702,655.1732065643051,False,31302.387235111357,926.7416712912582,False,30904.708250247917,1355.8076429187618,False,31535.20911173111,1895.0632062967052,False,-0.7379053445252413,30.302474588985422,32032.478862104417,249.3772695189876,0.0,0.0003400202200763,False,64921.4921875,1326.5654296875,False,63379.6748046875,1876.4251209731608,False,63851.08213591576,3837.0392918368207,False,False,-1.4940777654233215,61.35509636379881,False,False
EIS-DEEP CDFS-1 Ks 1  386,53.04147949112,-27.759803317540005,2025081300306,-1,r,20250813,r_57,0.3171104254042385,53.041559901802486,-27.75985524058258,745658040750965274,0,2321.910639769296,1157.0933568139603,0.019252528,0.023485888,53.041559901802486,-27.75985524058258,1.2552405e-06,1.1285772e-06,31372.1770098744,810.7792531197715,31046.901461271376,494.59738741425815,False,31439.3927585586,651.9125411318781,False,32010.090531496964,919.1554158027928,False,32614.130947704743,1349.052373043181,False,33692.890297118,1884.776242500137,False,0.5952073419428071,30.753134314660517,31733.200454463426,248.34706695111737,0.0,0.0009073262703795,False,63814.49609375,1323.2275390625,False,64972.876953125,1865.667067482688,False,68388.56057953835,3825.647877116698,False,False,1.2081294600399268,62.42155453397653,False,False
EIS-DEEP CDFS-1 Ks 1  386,53.04147949112,-27.759803317540005,2025081300307,-1,r,20250813,r_57,0.3098555028441211,53.041558345843576,-27.759853706841923,745658040885183531,0,3024.146901630772,2625.16188571923,0.026564151,0.029432964,53.041558345843576,-27.759853706841923,1.6032924e-06,1.5121695e-06,32125.067545914622,817.7676616949122,31426.09191962552,496.29778420686586,False,31406.13670512568,654.1005847633434,False,30447.374658935347,925.3437219283088,False,30224.35642560546,1353.248442796463,False,29085.090135599454,1891.053102389603,False,-1.12350614393959,28.86473553666037,31961.740549569447,277.1774271570076,0.0,0.0007257815597834,False,63543.4296875,1323.4290771484375,False,61603.5849609375,1872.2300766628384,False,58847.30100166798,3826.131210446236,False,False,-2.2731682769898938,58.40146179847436,False,False
EIS-DEEP CDFS-1 Ks 1  386,53.04147949112,-27.759803317540005,2025081300308,-1,r,20250813,r_57,0.319697588083806,53.041562423271095,-27.759853323653356,745658041023070951,0,1146.6812240487247,1746.2527800149144,0.021195522,0.023990229,53.041562423271095,-27.759853323653356,1.3037688e-06,1.210926e-06,32239.45291052909,817.3720942465665,31764.356515606,496.3275445761532,False,32754.86057985301,654.4356595004251,False,33364.771785861005,926.2804693810627,False,34394.57903249206,1355.2826988398233,False,32121.89523141,1892.0669837394632,False,0.6571596634087014,29.68675829593123,32481.72014820107,261.7062470449002,0.0,0.0022200440768372,False,66259.9609375,1323.8609619140625,False,67493.75317382812,1873.7771015306764,False,64979.53236842156,3827.471166548707,False,False,1.3293713621832366,60.05348245198467,False,False
EIS-DEEP CDFS-1 Ks 1  386,53.04147949112,-27.759803317540005,2025081300309,-1,r,20250813,r_57,0.313246288415458,53.041560175008655,-27.75985305275652,745658041158861267,0,744.028552761487,1115.5238136071043,0.022545984,0.026171744,53.041560175008655,-27.75985305275652,1.4195874e-06,1.2930215e-06,31777.411482534848,814.7848955083861,31210.06579923705,494.60651202626985,False,31704.889918152057,652.2064978232838,False,31438.06996916467,922.9901247645246,False,30551.0361232038,1347.421213849115,False,28877.8206758652,1884.3648847530392,False,-1.204107771406733,29.51503918801974,31666.19772910778,260.8385293112317,0.0,0.0020375327454377,False,64383.15234375,1324.4364013671875,False,63841.32080078125,1874.316989205772,False,58642.219945549965,3826.5816963713055,False,False,-2.445182881407448,59.93622022910921,False,False
EIS-DEEP CDFS-1 Ks 1  386,53.04147949112,-27.759803317540005,2025081300310,-1,r,20250813,r_57,0.3168636319535118,53.041560572480826,-27.75985429907514,745658041287836179,0,3491.410467638965,1300.8457441267833,0.020969557,0.02234403,53.041560572480826,-27.75985429907514,1.229223e-06,1.1790562e-06,32107.148579273744,815.633900807679,31018.349109180734,495.37161381990006,False,31823.375804376174,653.3097301052321,False,31797.97255905825,924.4145199177392,False,30732.06073978376,1352.1904193533137,False,29653.236483885677,1889.6074276114712,False,-0.2587730606701841,30.05563251185036,31956.01942835633,256.7015187435502,0.0,0.003591715623004,False,64355.26953125,1321.164794921875,False,64303.8974609375,1869.410271041274,False,59966.67475271225,3821.2852105861625,False,False,-0.5233074633322251,60.78042578268346,False,False
EIS-DEEP CDFS-1 Ks 1  386,53.04147949112,-27.759803317540005,2025081300332,-1,z,20250813,z_20,0.3071773198285419,53.0415575459568,-27.75985341598245,745658044239578115,0,1423.3456971582928,2256.0628853610187,0.013285024,0.01642089,53.0415575459568,-27.75985341598245,8.4565727e-07,8.1472876e-07,96520.44613907037,1477.5762089011191,94255.10128781886,908.56583027138,False,95884.36349439688,1188.988941447639,False,96866.99887152536,1674.1157447587873,False,93609.55745262594,2440.9111117088314,False,93903.7938041113,3404.073741719073,False,-0.6737968344376224,54.435652714422766,97401.03326607142,513.1728512262289,0.0,0.000274136701572,False,116074.2734375,1439.3486328125,False,117263.81762695312,2026.6262573095232,False,113676.6646990776,4120.853201688126,False,False,-0.815674998003244,65.89790668310512,False,False
EIS-DEEP CDFS-1 Ks 1  386,53.04147949112,-27.759803317540005,2025081300334,-1,z,20250813,z_20,0.3157205319279194,53.04155940253645,-27.75985519059064,745658044509061254,0,854.2755873619654,274.62431673867246,0.01272349,0.012861964,53.04155940253645,-27.75985519059064,7.114712e-07,7.109672e-07,98093.41379589056,1497.6858541481652,96535.42138675685,920.619151090138,False,97200.12894105705,1204.5150329869607,False,97465.6766564957,1694.7513826227637,False,96080.76117088155,2474.876455515664,False,91294.54667626026,3453.1911211117936,False,0.7722360662425817,55.32206010027848,95535.58056949516,485.5570466457822,0.0,5.334784582977648e-06,False,117539.1484375,1456.5584716796875,False,117860.26171875,2049.376235370549,False,110397.82961422204,4175.767544645422,False,False,0.9338256091606664,66.89814000080291,False,False
EIS-DEEP CDFS-1 Ks 1  386,53.04147949112,-27.759803317540005,2025081300335,-1,z,20250813,z_20,0.3073258795905561,53.041556872883056,-27.759854296183946,745658044643279981,0,2393.330112957889,1985.5089321048824,0.010758021,0.011558978,53.041556872883056,-27.759854296183946,6.2267435e-07,6.188087e-07,95880.62543704332,1483.592522271944,95044.191049699,912.4280531857794,False,95529.28960506742,1193.6793654415003,False,96724.48115452772,1684.467097740156,False,96841.1373082506,2457.527079433524,False,93239.13701781546,3427.158601653278,False,1.3153106863046211,54.95838860261123,96607.70821045196,469.9438047348997,0.0,5.836412923332368e-05,False,115711.8828125,1445.8695068359375,False,117159.583984375,2040.346580834216,False,112937.88680672646,4151.218711390056,False,False,1.5931980298913049,66.56951650995896,False,False
EIS-DEEP CDFS-1 Ks 1  386,53.04147949112,-27.759803317540005,2025081300336,-1,z,20250813,z_20,0.3010671055567335,53.04155505757686,-27.759853541301624,745658044777497360,0,3329.388416459013,1444.6695056509493,0.011519745,0.012105366,53.04155505757686,-27.759853541301624,6.58918e-07,6.5486773e-07,97393.09782455108,1473.752672913405,95809.4808188074,906.4331472565492,False,96952.99295547431,1185.7261316205138,False,97007.8805766482,1668.6527072963072,False,99930.3928062004,2437.602570497583,False,98165.07813366404,3399.949849554612,False,1.2325292526021354,53.32132917115781,98000.41847112826,486.4966239740362,0.0,0.000313067024791,False,116998.3828125,1430.87939453125,False,117064.61865234376,2013.652825746464,False,118461.07108396292,4102.902055062672,False,False,1.4873592338688797,64.34571117679144,False,False
EIS-DEEP CDFS-1 Ks 1  386,53.04147949112,-27.759803317540005,2025081300337,-1,z,20250813,z_20,0.3107613906682411,53.04155878042237,-27.759853603177696,745658044915386108,0,175.963016971873,3454.668355244932,0.012662553,0.013113379,53.04155878042237,-27.759853603177696,7.185262e-07,7.1465007e-07,97707.94873648947,1479.8392748538154,97118.67835419554,910.7564494282868,False,97856.86872528442,1190.7182876063275,False,97685.352704516,1674.765180984533,False,99473.13492216804,2442.840979568306,False,98653.18634256056,3405.3590925851486,False,1.1923321727591965,52.75359450272924,100257.51966930008,510.2021553652817,0.0,0.0001674729499243,False,117934.6328125,1435.023681640625,False,117727.92602539062,2018.3848026146504,False,118894.33474266528,4104.052984836301,False,False,1.436968695367147,63.57730303719984,False,False
EIS-DEEP CDFS-1 Ks 1  386,53.04147949112,-27.759803317540005,2025082600425,-1,g,20250826,g_6,0.3297385128289095,53.04156478622335,-27.759855206779264,745715231331191010,745715231331189716,727.1741037539398,2256.1419161151493,0.07112372,0.06762072,53.04156478622335,-27.759855206779264,3.8033784e-06,3.910963e-06,10539.41496923315,278.15180607882087,9783.44300333838,171.2620300715958,False,10490.448516338842,221.6923989863888,False,10840.921822009315,308.7837153035917,False,10623.76708205664,447.23640725919336,False,10160.344990779126,622.6200512162778,False,0.0338766571727558,10.0361642011297,10493.811498336368,153.79374964097642,0.0,0.0011048983224166,False,22346.541015625,472.2446594238281,False,23093.112154871225,657.7648179905435,False,21643.36116951704,1326.2926260955387,False,False,0.072163369164263,21.37883376585727,False,False
EIS-DEEP CDFS-1 Ks 1  386,53.04147949112,-27.759803317540005,2025082600426,-1,g,20250826,g_6,0.328866327745193,53.04156694095958,-27.75985186338389,745715231465408608,745715231465407490,3381.3451054277834,2539.857667795371,0.0570103,0.050075326,53.04156694095958,-27.75985186338389,2.8681466e-06,3.0930025e-06,10412.579309320656,276.9417231599232,9548.738866097085,169.36917534012645,False,10612.188826740366,219.8142130778902,False,11446.18159644881,306.24263969394053,False,11743.606260703693,443.8925881209804,False,11453.120341270149,617.4964731896471,False,-0.0040172791433948,9.810896577817466,10513.473642997977,152.32046635979,0.0,0.0196808054477705,False,22624.173828125,468.6229248046875,False,24402.16682291031,652.8800822466815,False,24416.95956468582,1316.443551446665,False,False,-0.0085644557536753,20.915895222953477,False,False
EIS-DEEP CDFS-1 Ks 1  386,53.04147949112,-27.759803317540005,2025082600427,-1,g,20250826,g_6,0.3387449275246262,53.04156841824943,-27.75985490768502,745715231601198914,745715231601197349,3289.4165926310734,715.1578620688861,0.06397501,0.065858565,53.04156841824943,-27.75985490768502,3.641304e-06,3.5759265e-06,10362.24446754578,277.2247596575499,9503.94226012424,170.0409937085144,False,10195.697027072853,220.377039473049,False,10711.499387626509,307.07775645886846,False,10577.180958913348,445.2824336801801,False,9976.12996167084,619.9203586238193,False,-0.0561687286868192,9.62878472407202,10567.21837581928,152.30654245205204,0.0,0.0280189865857155,False,21620.166015625,467.3136291503906,False,22713.93455708027,651.1641192080864,False,21154.56995162368,1314.5527014312086,False,False,-0.1191068384899109,20.418017886406105,False,False
EIS-DEEP CDFS-1 Ks 1  386,53.04147949112,-27.759803317540005,2025082600429,-1,g,20250826,g_6,0.3599598393193336,53.0415755192627,-27.759856013274163,745715231868060958,0,2817.0384122946894,3580.6702623313363,0.057356685,0.0635417,53.0415755192627,-27.759856013274163,3.476883e-06,3.2467933e-06,10111.68852682045,293.22331167014,9039.67433244755,176.01373052852614,False,9815.778917630623,228.65477039792307,False,9948.16826163416,318.9876038366088,False,9916.726572875416,463.1813155231578,False,9913.32883638506,644.2082365914822,False,-0.3429580234245832,9.962396687378943,10395.680361207284,169.90075342721423,0.0,0.1041169643789996,False,20031.5078125,466.626220703125,False,20301.68078613281,650.9725546962586,False,20230.58238172531,1314.665135843754,False,False,-0.6998900834298128,20.3307173836212,False,False
EIS-DEEP CDFS-1 Ks 1  386,53.04147949112,-27.759803317540005,2025082600430,-1,g,20250826,g_6,0.2961396514051126,53.04155841669299,-27.759846780051973,745715231998609494,745715231998607940,2609.8244596751265,1257.0989198607028,0.06400371,0.06006507,53.04155841669299,-27.759846780051973,3.373246e-06,3.5254566e-06,10532.498239292629,275.8144167484302,9755.470928297662,169.9106749882286,False,10350.62389160179,219.78560924274743,False,10588.63362716026,305.55567116155106,False,10395.70453930762,443.34347857200754,False,10163.050720772784,617.1184098096594,False,-0.223932232201242,9.886753833033778,10601.452001289665,146.15102384686205,0.0,0.0131686726275888,False,21971.861328125,466.5514831542969,False,22477.09820652008,648.6204991209288,False,21573.68903034925,1309.992543963697,False,False,-0.4753537568701823,20.987177824225764,False,False
EIS-DEEP CDFS-1 Ks 1  386,53.04147949112,-27.759803317540005,2025082600441,-1,i,20250826,i_39,0.3063878188186344,53.04156924409493,-27.75983390012942,745715233454033785,745715233454032685,1264.0,3990.0,,,53.04156924409493,-27.75983390012942,,,,,58126.682807806,395.0688475836493,True,60131.27000671924,501.16028430846495,True,,,True,,,True,,,True,0.3942259799909153,21.616430269544622,61688.819514085415,339.8189169710048,,,True,100159.1953125,834.7705078125,True,,,True,,,True,True,0.656652635521578,36.005962639478994,True,False
EIS-DEEP CDFS-1 Ks 1  386,53.04147949112,-27.759803317540005,2025082600442,-1,i,20250826,i_39,0.3031287313822099,53.04155827071061,-27.759850542447307,745715233587726834,745715233587724982,3407.35502396426,1383.266292999491,0.020516034,0.022997435,53.04155827071061,-27.759850542447307,1.146946e-06,1.2721677e-06,68215.94588423452,612.8280405334284,66153.89382498089,394.8152846229437,False,68327.6995811354,498.6722958806189,False,69965.70950279552,682.5125779258661,False,70731.3864295715,978.783507658858,False,69993.79989845688,1356.625165058761,False,-0.5637394431200266,21.41607349054512,68389.39723591426,331.8726318140735,0.0,8.521380359560737e-06,False,114810.625,837.9160766601562,False,117562.96327590942,1146.8218031983067,False,117610.16339975595,2279.5291520999326,False,False,-0.9472480150587662,35.98530021599417,False,False
EIS-DEEP CDFS-1 Ks 1  386,53.04147949112,-27.759803317540005,2025082600443,-1,i,20250826,i_39,0.3106950248083051,53.04155694194136,-27.759855768594157,745715233722469234,745715233722468055,391.31844444322144,3783.868057328258,0.022285605,0.026517186,53.04155694194136,-27.759855768594157,1.2487228e-06,1.4658332e-06,69389.29545972026,619.0243786277058,65554.73501476423,397.0707474869572,False,68760.17316449218,502.46751508536175,False,69803.30121627596,687.4857472100306,False,70005.18457603891,985.7946482061363,False,71625.69834845109,1366.200565285125,False,0.0920674535488973,21.75630026512738,68450.76505303077,348.9747925126477,0.0,0.0007337831859494,False,114323.1328125,835.4205322265625,False,116057.4749660492,1143.038488239002,False,119087.4578731656,2271.4941147684567,False,False,0.1530746540530036,36.17280600455503,False,False
EIS-DEEP CDFS-1 Ks 1  386,53.04147949112,-27.759803317540005,2025082600444,-1,i,20250826,i_39,0.3190505786687377,53.04156117787648,-27.759854593876074,745715233877133266,745715233877131421,585.1081485060191,456.8477126028185,0.02385164,0.025999356,53.04156117787648,-27.759854593876074,1.3298849e-06,1.4414923e-06,68417.84028124623,612.8197117512868,65162.30014697644,394.4284829440263,False,68226.50172552148,498.95055214141394,False,69971.0233696893,681.8855342338859,False,69559.08964989816,978.7285720068172,False,67285.49546060066,1355.1013755962897,False,-0.8469955601347411,21.069735907170774,67227.71465622811,343.62203153679127,0.0,0.0016623919082578,False,113990.6640625,833.6306762695312,False,116905.35521125792,1139.272612490658,False,112418.4607937932,2264.0601785163217,False,False,-1.4151331801558866,35.20264306298844,False,False
EIS-DEEP CDFS-1 Ks 1  386,53.04147949112,-27.759803317540005,2025082600445,-1,i,20250826,i_39,0.2830665030218079,53.04155277310708,-27.75984778521709,745715233990904335,745715233990902505,1212.342641367756,1438.0999812423927,0.019242454,0.025008412,53.04155277310708,-27.75984778521709,1.0790145e-06,1.3825457e-06,69658.16682341835,611.4942630857159,66405.78904576495,393.6236984482881,False,69347.3912534283,497.2930751765063,False,70739.83584290552,680.3166703913197,False,72113.14626453357,974.3627024797858,False,71580.55352920729,1349.37284079579,False,0.1592144478561443,21.18163950415449,69260.60570347584,335.0820653660358,0.0,0.0014652674350772,False,116638.59375,836.4202880859375,False,118980.6108880043,1144.256161693796,False,120394.65295791626,2269.5727661865403,False,False,0.2677901643734191,35.62638190750814,False,False
EIS-DEEP CDFS-1 Ks 1  386,53.04147949112,-27.759803317540005,2025082600446,-1,i,20250826,i_39,0.3044358217783952,53.0415574514695,-27.759852225816967,745715234145566975,0,1483.5974460039852,472.3026556611084,0.017929295,0.01952274,53.0415574514695,-27.759852225816967,9.985729e-07,1.0833677e-06,67482.75847390763,603.8392647964832,66010.87146793261,389.9747687867458,False,67944.41680149807,491.9709156232121,False,69721.56042667599,673.3959241598857,False,70682.40822573999,966.0054870075418,False,71170.64060716519,1338.0996380108354,False,0.2796871822895252,20.77623170257383,67639.51035756807,319.9702146852978,0.0,1.3472065985009607e-06,False,114738.0703125,830.793701171875,False,117739.1414794922,1137.1670040253302,False,120186.21029639244,2259.655429816463,False,False,0.4723091182134187,35.08492450355609,False,False
EIS-DEEP CDFS-1 Ks 1  386,53.04147949112,-27.759803317540005,2025090600254,-1,z,20250906,z_20,0.311886299744141,53.04155348194899,-27.759860050728285,745763586866414163,0,2811.8759469654347,2708.526568060037,0.06734537,0.079657115,53.04155348194899,-27.759860050728285,4.0787013e-06,4.1188696e-06,97617.4270268146,2115.408178763104,90577.64860827725,1251.1247401407263,False,98351.38169209672,1655.0006457536713,False,103633.4262559803,2345.0183904841424,False,104077.84141533624,3428.355301430575,False,108610.84417191082,4795.77595549119,False,1.508271772690098,76.10923915775803,98915.4165656261,1164.9166884444276,0.0,0.0028435773906538,False,109099.4609375,1835.8631591796875,False,114958.740234375,2601.287728639023,False,120480.1025390625,5319.870067093906,False,False,1.6730993964364431,84.42664273360093,False,False
EIS-DEEP CDFS-1 Ks 1  386,53.04147949112,-27.759803317540005,2025090600256,-1,z,20250906,z_20,0.3423561803838373,53.04156884120687,-27.75985615960222,745763587134849230,0,984.3753648470728,1003.4035451428772,0.06974535,0.075210184,53.04156884120687,-27.75985615960222,4.0015216e-06,4.0601076e-06,96470.15806364012,2172.5657910479144,86957.9041242319,1269.8864825729868,False,96535.86225751748,1681.7796659119028,False,101256.87237812408,2389.2029484448917,False,102702.6583004545,3494.7775192478343,False,102840.87475141988,4879.802414077531,False,-0.5545787864161484,77.61362534482711,97187.87002530455,1159.3711013689565,0.0,0.0045261832685008,False,105255.6875,1833.6903076171875,False,110403.1337890625,2605.01323585589,False,112130.21484375,5320.581864051179,False,False,-0.6046723991694781,84.62425573249637,False,False
EIS-DEEP CDFS-1 Ks 1  386,53.04147949112,-27.759803317540005,2025090600258,-1,z,20250906,z_20,0.3091554055921532,53.04155806723464,-27.75985371584596,745763587420062370,0,3110.7679809055035,2888.200176829574,0.055355933,0.05334699,53.04155806723464,-27.75985371584596,3.0403087e-06,3.001721e-06,95355.31638427496,2124.3336996731628,87487.45979260709,1252.1770561266144,False,92721.94393649572,1656.2829738005162,False,94975.36961854364,2348.1274959276525,False,86153.7655093134,3437.3811829102656,False,75544.95526777155,4799.929218707351,False,-6.308160212416172,76.80075540128766,96230.06827018884,1080.1427557050697,0.0,0.0215626425149917,False,102813.8984375,1836.5545654296875,False,105312.58935546876,2603.7001774893,False,83767.34814453125,5322.358594394427,False,False,-6.994747045543297,85.15983089352919,False,False
EIS-DEEP CDFS-1 Ks 1  386,53.04147949112,-27.759803317540005,2025090600259,-1,z,20250906,z_20,0.2966831696557028,53.041556631744,-27.75984949101318,745763587537503179,745763587537502553,3265.619134031575,1811.3625607669576,0.06249036,0.059193846,53.041556631744,-27.75984949101318,3.420522e-06,3.3444448e-06,100965.55894495948,2272.6595810171893,88116.66690656958,1308.619491253524,False,98117.61273142076,1733.195192242303,False,104624.05835938986,2461.201465623526,False,103193.6696979032,3599.696040748485,False,103806.349945785,5031.0200126372365,False,-1.3508006881344967,79.28714061025889,100388.75350555764,1230.4968385933391,0.0,0.0251063496245428,False,103166.5078125,1822.3812255859373,False,110007.7593984604,2587.84894131524,False,109147.97368729116,5289.904136368887,False,False,-1.4203096250111953,83.3670651322278,False,False
EIS-DEEP CDFS-1 Ks 1  386,53.04147949112,-27.759803317540005,2025090600260,-1,z,20250906,z_20,0.3360460159369076,53.04156103973779,-27.759862529013077,745763587668049937,0,853.2918810090518,94.740204009617,0.055906594,0.048390403,53.04156103973779,-27.759862529013077,2.9999815e-06,2.8063837e-06,97892.54158854752,2184.936461192803,86003.10260227016,1269.3160553722832,False,96996.31395163773,1681.0442105621887,False,104451.4755234224,2384.030361488978,False,103375.45407081764,3489.210857099703,False,105417.1363745843,4874.492831854402,False,1.494413174214376,76.38563698185503,95231.73200631894,1133.743292411237,0.0,0.0085292822220188,False,103815.75,1799.23193359375,False,111795.05517578124,2551.6423245129977,False,112828.60791015624,5217.199588232851,False,False,1.5994795902069083,81.7560159703896,False,False
EIS-DEEP CDFS-1 Ks 1  386,53.04147949112,-27.759803317540005,2025090600261,-1,z,20250906,z_20,0.3163475890012264,53.04155630639989,-27.75985900752204,745763587827958132,0,2900.787967672632,1892.6070476057369,0.07101533,0.07211551,53.04155630639989,-27.75985900752204,3.9626675e-06,3.9932484e-06,101490.95591969366,2328.654406420683,87627.83903690385,1333.9978092700692,False,102232.37717798752,1768.8021397028097,False,110446.96517715676,2506.050021386052,False,117648.4572537278,3669.565508554344,False,124656.2948597666,5130.317646399663,False,3.3988284842410943,80.7138595807681,100753.98280268109,1270.6103655588345,0.0,0.0234138504185947,False,106022.5234375,1834.37841796875,False,114541.65771484376,2598.9589058011225,False,129277.78173828124,5320.518195133449,False,False,3.524836089873145,83.70623187441299,False,False
EIS-DEEP CDFS-1 Ks 1  386,53.04147949112,-27.759803317540005,2025090600262,-1,z,20250906,z_20,0.2883826591351488,53.0415529865652,-27.759850085555563,745763587956933912,745763587956933493,1369.9253906316906,3860.275825659008,0.04315152,0.044131346,53.0415529865652,-27.759850085555563,2.4104497e-06,2.4410604e-06,101916.54086911833,2162.6923339523605,91743.05420913085,1264.3951368923997,False,102819.1658349496,1673.231724500975,False,108874.50667352862,2367.751676737127,False,112609.97148431708,3465.5499601165507,False,114821.24878660316,4843.50530815437,False,0.5696470699337493,76.25658410612935,102508.41959970872,1145.3801340691311,0.0,9.300987526106308e-05,False,111831.671875,1819.8970947265625,False,118417.78725779057,2575.294464257771,False,124885.78480780125,5268.057681150956,False,False,0.6195788858241464,82.94077493056504,False,False
EIS-DEEP CDFS-1 Ks 1  386,53.04147949112,-27.759803317540005,2025090600263,-1,z,20250906,z_20,0.2867183164969607,53.04155416356467,-27.75984777910717,745763588094820762,0,3359.501343492059,1927.535189106776,0.070418924,0.057422653,53.04155416356467,-27.75984777910717,3.7940067e-06,3.33258e-06,96455.0808733788,2168.071402443892,86543.01270217056,1269.5665557483717,False,93541.83817623756,1680.543811742069,False,95096.13390027068,2382.238239486222,False,92727.51175807204,3495.47455280892,False,89961.50476512968,4876.189322537983,False,-1.518335846733254,78.80621113904616,96669.79351531951,1131.4493167794149,0.0,0.0144916861496611,False,101257.96875,1819.16943359375,False,102940.47607421876,2578.7456170625924,False,97382.298828125,5278.41910814687,False,False,-1.6435811687905886,85.306821208593,False,False
EIS-DEEP CDFS-1 Ks 1  386,53.04147949112,-27.759803317540005,2025090600264,-1,z,20250906,z_20,0.3129057600262492,53.04156201828178,-27.759850450978167,745763588225368361,0,2261.874234798149,1275.0747813975615,0.053653944,0.046488218,53.04156201828178,-27.759850450978167,2.9234561e-06,2.6496891e-06,98111.47811978616,2067.7533865777496,90469.71405729424,1226.148671915198,False,97731.18619363692,1620.9989950092988,False,101945.15955714312,2289.9370410174474,False,102118.5769223705,3358.932988429569,False,103179.39939999368,4690.74937784991,False,0.6344930545355847,76.27927164652128,96182.6115461957,997.3279947124302,0.0,0.0047590002451676,False,109056.671875,1808.846923828125,False,113758.9775390625,2555.3042199022016,False,115136.24609375,5234.332413959226,False,False,0.7080206794825431,85.1188225868508,False,False
EIS-DEEP CDFS-1 Ks 1  386,53.04147949112,-27.759803317540005,2025090600265,-1,z,20250906,z_20,0.2920168518802246,53.04155382284596,-27.75985078536757,745763588363780317,0,3679.837402067029,997.1681336077232,0.053974632,0.044815414,53.04155382284596,-27.75985078536757,2.9388834e-06,2.5624713e-06,96249.271646606,2086.629675541559,89172.99800522269,1233.553264460733,False,96781.74879282244,1631.5655079285443,False,102799.72766002848,2313.1580980210947,False,103847.5793730628,3384.5952985203644,False,106504.47876661984,4724.818459909759,False,-0.0476735378644861,74.29222307413396,98791.1416918666,1061.713187766146,0.0,0.0073585949938341,False,107128.0,1805.984619140625,False,113789.318359375,2560.4414449595224,False,117890.1181640625,5229.915333073116,False,False,-0.0527699781007204,82.23427839191994,False,False
EIS-DEEP CDFS-1 Ks 1  386,53.04147949112,-27.759803317540005,2025090600266,-1,z,20250906,z_20,0.3023022238168394,53.04155537405544,-27.759853739719784,745763588473356619,0,3390.6094643724414,1281.1044611941215,0.049148094,0.04025848,53.04155537405544,-27.759853739719784,2.682334e-06,2.2959625e-06,100721.81907521495,2007.1433927287017,91831.1818699118,1196.1475306363047,False,99939.12597699426,1581.1182934188698,False,103501.93567320402,2239.2538127164203,False,106766.49085989445,3274.652711181795,False,109640.47334716318,4574.497213083082,False,2.0458062871456377,71.86632183601702,97722.78242660956,945.2345833704466,0.0,0.0018378184995733,False,113299.2578125,1792.4864501953125,False,117338.353515625,2538.603300302864,False,124297.50745773315,5186.028335158458,False,False,2.319295187903726,81.47360551871698,False,False
EIS-DEEP CDFS-1 Ks 1  386,53.04147949112,-27.759803317540005,2025090600267,-1,z,20250906,z_20,0.275021668247495,53.041547673664944,-27.759850177308564,745763588629594332,0,2801.3344255671373,889.0281221379347,0.058745027,0.05007164,53.041547673664944,-27.759850177308564,3.2256337e-06,2.829113e-06,98914.44078223902,2112.173375341695,89708.3761053315,1245.7529812838127,False,96660.3916647587,1647.5217367416808,False,100645.2445064938,2334.8846140680844,False,102351.53594105622,3415.392769457034,False,104351.65423932392,4767.87214696888,False,0.5773587629262913,75.17502929525314,97433.8139364658,1057.02164622671,0.0,0.0014075298603055,False,106716.6328125,1818.9246826171875,False,111116.05712890624,2577.7986176928,False,115208.0699968338,5263.906471325948,False,False,0.6374253408570448,82.99600135900698,False,False
EIS-DEEP CDFS-1 Ks 1  386,53.04147949112,-27.759803317540005,2025090600268,-1,z,20250906,z_20,0.3235512774289611,53.04156640640185,-27.759849816168074,745763588768006164,0,794.9760906647228,105.26223306430572,0.036810175,0.038401566,53.04156640640185,-27.759849816168074,2.0529167e-06,2.1284532e-06,100649.5562830358,2134.673170077157,91959.10050804232,1252.5151203260336,False,100424.67011865073,1656.8378724799888,False,107030.79065728496,2341.546349017474,False,109582.39703363816,3433.649313534667,False,117877.60316504196,4794.758760067981,False,2.0875621716371078,77.22845479428565,101102.40215331616,1112.969546486535,0.0,0.0006924085306742,False,109882.6015625,1812.8778076171875,False,117110.88232421876,2562.0716921969674,False,128979.24072265624,5246.326084998598,False,False,2.284167446822871,84.50178145889687,False,False
EIS-DEEP CDFS-1 Ks 1  386,53.04147949112,-27.759803317540005,2025090600270,-1,z,20250906,z_20,0.322124408404336,53.04156004068588,-27.759857408254614,745763589014946201,0,1454.0459908830994,1608.8398242693895,0.053001694,0.041629463,53.04156004068588,-27.759857408254614,2.9257228e-06,2.338525e-06,97052.829415806,2008.972877362934,90036.55323415373,1196.4402884665233,False,96826.88181479592,1581.252635391224,False,99862.0368375194,2235.713780566398,False,98918.67306548783,3274.858629918182,False,99200.21412281937,4573.755320619259,False,0.0035901269723772,72.04047814876661,96381.6435226256,964.789654235686,0.0,0.0063024297642643,False,109114.578125,1781.9195556640625,False,112534.90576171876,2519.4342872815096,False,111789.09524965286,5154.182112472857,False,False,0.004045727618859,81.18268639654548,False,False
EIS-DEEP CDFS-1 Ks 1  386,53.04147949112,-27.759803317540005,2025090600271,-1,r,20250906,r_57,0.3061740973640092,53.041567422773504,-27.759837648407192,745763589169086784,0,931.7783013592287,2374.116647822201,0.21349545,0.16092198,53.041567422773504,-27.759837648407192,1.18228345e-05,9.006196e-06,32642.50049581524,1846.5840767694488,28022.438192313683,1068.2670668322628,False,30944.097014707288,1424.4157575588008,False,30333.91548461623,2027.777465681708,False,31698.51719489615,2981.7250851438234,False,27002.65169572706,4170.674485516211,False,-0.7772283092505381,65.39612940263761,30904.44183871969,932.5959460186148,0.0,0.0370819942255411,False,56384.31640625,2595.4775390625,False,55272.4833984375,3694.883911853025,False,49202.4716796875,7599.531170906408,False,False,-1.4162147594046253,119.16056397541216,False,False
EIS-DEEP CDFS-1 Ks 1  386,53.04147949112,-27.759803317540005,2025090600272,-1,r,20250906,r_57,0.3066793961221314,53.04156254411125,-27.75984639555229,745763589303304247,0,695.7632662504458,373.531761726369,0.20887782,0.1224377,53.04156254411125,-27.75984639555229,1.1502085e-05,6.990897e-06,30926.884092026838,1757.9139325353751,27979.316738328114,1029.770069576275,False,30372.978109604417,1372.876047376599,False,30795.74439154864,1959.0877716120665,False,30901.262742718824,2874.866458185755,False,27104.499981792054,4024.765688909377,False,0.4136118900632806,63.75187408823896,31055.26643248975,849.8647245608375,0.0,0.101115348557471,False,57106.68359375,2581.2548828125,False,57901.560546875,3683.4387823977577,False,50961.3544921875,7567.286286715812,False,False,0.7776650432901625,119.86503558946094,False,False
EIS-DEEP CDFS-1 Ks 1  386,53.04147949112,-27.759803317540005,2025090600273,-1,r,20250906,r_57,0.2831577158524764,53.04154955793839,-27.759851714496,745763589436997965,0,1188.71853121041,2149.87096621118,0.14245494,0.12077384,53.04154955793839,-27.759851714496,7.8726935e-06,6.7672995e-06,35027.8337805615,1723.8682663030004,30344.00593525082,1015.32431671334,False,33040.12143187044,1353.2227022640116,False,32116.2929959381,1928.2835137521708,False,29589.94970969735,2829.8009013620367,False,31095.53732984027,3960.513682162663,False,-0.4437549801690542,62.27969355868687,30954.03388596264,758.6956495625311,0.0,0.0377352987178896,False,62618.90234375,2564.679443359375,False,60868.02734375,3654.5566967026334,False,58933.4521484375,7506.11707059909,False,False,-0.8410214177044459,118.034858225075,False,False
EIS-DEEP CDFS-1 Ks 1  386,53.04147949112,-27.759803317540005,2025090600274,-1,r,20250906,r_57,0.3463464027103284,53.041574464882345,-27.759850142980955,745763589555486984,0,3975.71704595608,1862.850193824922,0.11687959,0.10337606,53.041574464882345,-27.759850142980955,6.453571e-06,5.790716e-06,32934.103762331855,1716.858572325185,30618.21948972749,1012.2947488448164,False,33062.29288330924,1349.168925471816,False,35047.77163571511,1922.3277920448024,False,31659.43552451214,2823.092125844334,False,34875.85255267022,3948.997706301527,False,0.9876402987906768,62.998232190083534,30142.718516568555,724.3840797187145,0.0,0.003297720525517,False,62963.76171875,2569.3544921875,False,66744.9033203125,3660.877044155113,False,66417.5009765625,7520.463008570766,False,False,1.880860128375556,119.97370219659986,False,False
EIS-DEEP CDFS-1 Ks 1  386,53.04147949112,-27.759803317540005,2025090600275,-1,r,20250906,r_57,0.2797049284321745,53.04154812343238,-27.7598517748392,745763589708055141,0,935.5480361149224,3773.644123754718,0.1733743,0.13580365,53.04154812343238,-27.7598517748392,9.495029e-06,7.728412e-06,31294.789753274126,1718.6486329099505,30296.375400477533,1015.340062015725,False,30851.901408232465,1352.6414600789274,False,30436.46170717066,1930.7220232291545,False,30013.139359970555,2837.32882608748,False,29226.154243673787,3964.970591512129,False,-1.6128303164347677,63.97018277230848,32257.461764807456,781.4845553557087,0.0,0.0103305819075859,False,58891.98828125,2582.00439453125,False,58098.9716796875,3685.479778436672,False,55788.6630859375,7568.577330813236,False,False,-3.078668728980705,122.11018064419667,False,False
EIS-DEEP CDFS-1 Ks 1  386,53.04147949112,-27.759803317540005,2025090600276,-1,r,20250906,r_57,0.3175132183750599,53.04156116078258,-27.75985387382363,745763589840175592,0,424.7121373105111,2916.6935596368958,0.14966537,0.11807095,53.04156116078258,-27.75985387382363,8.173354e-06,6.745634e-06,34084.19308843105,1717.0311392861306,29880.03932898294,1015.7205806961828,False,31593.193239351094,1353.566158490017,False,29843.74266077305,1928.9803271456872,False,27369.14244618631,2834.0194819703675,False,21492.637696057976,3963.509579753748,False,-0.9304896957986978,61.370479183116224,31783.77066714176,764.9333150224824,0.0,0.004819997021689,False,60152.19140625,2577.136474609375,False,56821.306640625,3672.7023121180814,False,40921.1328125,7546.36560716171,False,False,-1.7716156090708677,116.84696708397402,False,False
EIS-DEEP CDFS-1 Ks 1  386,53.04147949112,-27.759803317540005,2025090600277,-1,r,20250906,r_57,0.3194392309230671,53.04156794180792,-27.759845117822884,745763589956567473,0,1108.2498240190946,2817.6455633964874,0.17756912,0.13175221,53.04156794180792,-27.759845117822884,9.60367e-06,7.664482e-06,29705.052583167537,1744.8162645662392,28326.701338459763,1023.3295067020922,False,28997.78106323477,1364.229701942466,False,28075.26152663375,1945.2675786167044,False,31029.7632065659,2856.334090530091,False,33865.42822213784,3997.703796858073,False,0.5501793841745167,63.791135524336624,30335.21180477453,819.1232384907854,0.0,0.0185747856022265,False,54178.203125,2548.867919921875,False,52454.607421875,3634.454021738728,False,63272.705078125,7469.137306314963,False,False,1.0279314257181738,119.1846055556907,False,False
EIS-DEEP CDFS-1 Ks 1  386,53.04147949112,-27.759803317540005,2025090600278,-1,r,20250906,r_57,0.2512648073506376,53.04153161235251,-27.759855702342243,745763590092357762,0,3725.0061498658742,1101.036687023494,0.12377436,0.13186035,53.04153161235251,-27.759855702342243,6.945904e-06,7.2632542e-06,27400.79438617343,1868.5401856834424,26979.813447058725,1080.0298982455704,False,29230.81355741583,1439.8184344500244,False,32172.20428937941,2039.3563688666936,False,31791.381453166952,3005.3499187300376,False,31791.377044774537,4215.052789535283,False,-0.4368672380770721,66.77320336611585,30830.68141663065,946.2991688800886,0.0,0.2374115910926747,False,51802.49609375,2551.62890625,False,57015.193359375,3614.122820238076,False,56340.2958984375,7469.865839894022,False,False,-0.7742108631195954,118.33466761867945,False,False
EIS-DEEP CDFS-1 Ks 1  386,53.04147949112,-27.759803317540005,2025090600279,-1,r,20250906,r_57,0.3248741903226881,53.041558924940745,-27.75985991134882,745763590221857124,0,3383.8245971153247,2868.41816590604,0.1623091,0.12304141,53.041558924940745,-27.75985991134882,8.703908e-06,7.2402004e-06,32226.02735700921,1795.6486801432766,28466.904427841368,1041.1850689871635,False,32055.53205154999,1388.1353995585318,False,33130.26745157113,1977.248622107125,False,32504.77064761429,2903.062569068092,False,32423.96560705005,4065.462157989397,False,0.310806298100522,64.38335151453124,31312.49111208667,878.9559472526166,0.0,0.0066891321726602,False,58611.578125,2538.12060546875,False,60576.666015625,3615.27807121756,False,59285.236328125,7433.44869472241,False,False,0.5682902905359808,117.72101711413704,False,False
EIS-DEEP CDFS-1 Ks 1  386,53.04147949112,-27.759803317540005,2025090600280,-1,r,20250906,r_57,0.2812076651759939,53.04155584778125,-27.75984251144173,745763590356074699,0,3242.8376190916388,1637.4940629013554,0.21234095,0.16413791,53.04155584778125,-27.75984251144173,1.1346139e-05,9.687794e-06,29756.501669242247,1782.2186380821315,27386.175278227867,1033.7762794750763,False,28971.1003866757,1377.9965468654834,False,29625.37102533757,1964.234961695052,False,29494.748752871023,2884.061166729102,False,29768.036032844902,4039.0449001223687,False,-0.4042080102173742,63.86435636214607,30609.291883441227,897.7172602534213,0.0,0.0613272155106043,False,53129.59375,2527.083740234375,False,54329.44921875,3602.176104860739,False,54591.080078125,7407.1337235159235,False,False,-0.7412699927415198,117.11972494446869,False,False
EIS-DEEP CDFS-1 Ks 1  386,53.04147949112,-27.759803317540005,2025090600282,-1,r,20250906,r_57,0.2473762412021047,53.0415503008707,-27.759831523003644,745763590649675791,0,1251.150791486854,109.1711708283346,0.33057964,0.26968077,53.0415503008707,-27.759831523003644,1.7589146e-05,1.5902357e-05,32205.9237452059,1732.78385686846,29120.2026859248,1014.1612420910692,False,31257.439894447696,1351.8183164606558,False,31496.52942251413,1927.602911498053,False,34262.90574127781,2828.0275583756065,False,28459.74014485792,3956.2101495555594,False,-0.668123385486626,63.33652954268406,29848.29359121404,798.8654305776471,0.0,0.0130664058396278,False,58759.38671875,2541.219482421875,False,59208.83984375,3623.609780563696,False,53500.12293821573,7437.092829847266,False,False,-1.2559736343161836,119.06335404913256,False,False
EIS-DEEP CDFS-1 Ks 1  386,53.04147949112,-27.759803317540005,2025090600284,-1,r,20250906,r_57,0.2874443707703236,53.041553798972586,-27.759848611366635,745763590893470189,0,361.625048366718,2829.1646865018924,0.12011259,0.104450405,53.041553798972586,-27.759848611366635,6.422205e-06,6.0870634e-06,31519.437125815235,1660.8791639937206,29673.223750630183,983.0238734306122,False,31236.124126671028,1309.447749208014,False,32726.38235593682,1865.564037643152,False,30888.61149027728,2738.920508369551,False,35822.31555118647,3832.3283110847296,False,0.3408165529583218,61.25192362154721,31695.05889155055,700.9089885622701,0.0,0.0008064244340104,False,60201.26171875,2523.693603515625,False,63073.4306640625,3595.4943842519765,False,69040.21078681946,7386.031593170483,False,False,0.6568544298108729,118.05059647490384,False,False
EIS-DEEP CDFS-1 Ks 1  386,53.04147949112,-27.759803317540005,2025090600285,-1,r,20250906,r_57,0.303832865832648,53.041556254238586,-27.75985340520735,745763591028211799,0,903.9807220515644,536.3215971507323,0.12684767,0.108718485,53.041556254238586,-27.75985340520735,6.72176e-06,6.406675e-06,31737.77957902403,1646.5429249790354,29208.907385901926,975.3973591018416,False,30397.96000685482,1299.1975823031833,False,30669.06085860351,1851.0171095014664,False,26919.39099564065,2717.8267876205628,False,28199.99025289116,3799.191825637758,False,-1.039467844334199,59.21380395091005,30886.53234278061,686.2555408845262,0.0,0.0004235582367544,False,58883.5546875,2516.661376953125,False,59408.701171875,3585.5849264308936,False,54625.8916015625,7359.37278629213,False,False,-2.013541752273773,114.70240971473254,False,False
EIS-DEEP CDFS-1 Ks 1  386,53.04147949112,-27.759803317540005,2025110300325,-1,y,20251103,y_10,0.3000465722328758,53.041553932791935,-27.75985437843717,746018683116061205,0,213.9323494788293,2885.6572450066183,0.051808342,0.04994985,53.041553932791935,-27.75985437843717,2.841604e-06,2.816136e-06,113445.81321303936,4278.633528940593,111262.2902773171,2536.37918143267,False,116226.76013861888,3364.9468520392447,False,124417.68114610144,4783.43203299778,False,122375.41008606258,7008.248726317624,False,128181.24231919424,9792.210489809911,False,3.405996376009508,154.77072693315603,115608.13049703123,1753.6271401826823,0.0,0.0122574927129306,False,55494.08984375,1606.640869140625,False,59404.95947265625,2283.916429263421,False,61201.92431640625,4675.427655750878,False,False,1.626240537655277,73.89744509239935,False,False
EIS-DEEP CDFS-1 Ks 1  386,53.04147949112,-27.759803317540005,2025110300326,-1,y,20251103,y_10,0.336095698206286,53.04156334646364,-27.759859972676384,746018683251851399,0,565.2760072279814,776.7068713522732,0.054434545,0.05035627,53.04156334646364,-27.759859972676384,2.955209e-06,2.873913e-06,123303.38403866751,4317.288645657208,111440.80801042225,2562.6623953559847,False,121013.53669287937,3401.592796852247,False,124304.87905590468,4834.219381571686,False,124575.88747859791,7087.651231104158,False,125304.25866487768,9909.422037382268,False,1.7738802307125536,157.56985953108375,115812.61414801126,1737.0483345257808,0.0,0.0157247832854505,False,57264.70703125,1609.6646728515625,False,58822.2001953125,2287.596612543118,False,59295.11572265625,4689.228703891755,False,False,0.8394162710745542,74.56349173483552,False,False
EIS-DEEP CDFS-1 Ks 1  386,53.04147949112,-27.759803317540005,2025110400326,-1,r,20251104,r_57,0.2889407273634489,53.04155145607515,-27.7598521687124,746023081297314526,0,1985.9097186705264,3641.163502929564,0.062011253,0.0634446,53.04155145607515,-27.7598521687124,3.4991335e-06,3.4760465e-06,31752.064551358097,1350.0587051031932,30756.4387237304,805.0041682205517,False,32825.88112655581,1070.9720902668485,False,34999.80375145581,1522.1070294573065,False,35133.98884962975,2235.1555709325403,False,37418.37033025656,3127.6060196690714,False,0.1776674708230494,48.34248455480901,31447.260086408813,497.4873926710432,0.0,0.001702581806911,False,67248.296875,2194.032470703125,False,71701.8740234375,3118.2439550620875,False,76656.6376953125,6407.327721314114,False,False,0.363976058308246,99.03617637812356,False,False
EIS-DEEP CDFS-1 Ks 1  386,53.04147949112,-27.759803317540005,2025110400327,-1,r,20251104,r_57,0.3126961269280977,53.041557074369294,-27.759856527422077,746023081432580251,0,3402.184386567867,574.7916146842008,0.039464373,0.044543784,53.041557074369294,-27.759856527422077,2.3653836e-06,2.313493e-06,32011.783665530125,1323.3588251997676,30753.708348456403,791.7915081618598,False,31111.783780648773,1052.7858268703649,False,30835.808319962274,1499.0673163485335,False,31438.972553699703,2201.5859031161885,False,37433.270367749086,3076.506422084128,False,0.8597763656216724,48.93652802916435,31465.57814551372,405.15181547877455,0.0,0.0059565001156146,False,64873.72265625,2195.249755859375,False,64298.263671875,3125.8277574020794,False,78055.1708984375,6415.074936995329,False,False,1.7927899564676089,102.04155343540415,False,False
EIS-DEEP CDFS-1 Ks 1  386,53.04147949112,-27.759803317540005,2025110400329,-1,z,20251104,z_20,0.3100512651304829,53.041557974219735,-27.759854251139288,746023081721987226,0,1336.9566197185936,520.9322868921117,0.031753488,0.03349931,53.041557974219735,-27.759854251139288,1.7958074e-06,1.83248e-06,96440.882859605,1923.4559404543445,90845.33492860748,1143.7978115934166,False,97193.75557608016,1509.0702732920304,False,102100.25798739672,2124.1266386482293,False,108153.57716781468,3115.2702061871114,False,113645.54406343144,4358.200761871081,False,3.1658483570096667,68.31729171351881,98313.3551253132,858.4812683092015,0.0,0.0017238661732759,False,107334.4375,1666.5186767578125,False,112752.8583984375,2345.746767235563,False,125502.71850419044,4812.912357536559,False,False,3.496156214932385,75.44515626679406,False,False
EIS-DEEP CDFS-1 Ks 1  386,53.04147949112,-27.759803317540005,2025110400330,-1,z,20251104,z_20,0.316055303268667,53.04155935704408,-27.759855402323502,746023081857253561,0,852.9902739236063,438.624181217322,0.017902698,0.017073523,53.04155935704408,-27.759855402323502,9.835202e-07,9.608343e-07,98569.07890374528,1768.7677182502223,95522.82848963422,1074.6709345111633,False,96332.53154867652,1413.9896857050685,False,96011.31901664252,1998.3036904970477,False,97280.38853887851,2916.4716139958023,False,99425.5278797654,4075.72288627283,False,0.0586011277564502,64.9452098818066,96923.68674271864,594.0711413113665,0.0,2.5568575866996568e-05,False,113234.09375,1662.074462890625,False,112856.5244140625,2348.906478351781,False,116869.75691479445,4790.809293432077,False,False,0.0688827075085911,76.33986012974191,False,False
EIS-DEEP CDFS-1 Ks 1  386,53.04147949112,-27.759803317540005,2025110500321,-1,i,20251105,i_39,0.3117131905769777,53.04155750696947,-27.759855578656477,746027478674309145,0,2602.556222685783,84.34188001844853,0.032994155,0.03489862,53.04155750696947,-27.759855578656477,1.836021e-06,1.9385511e-06,68663.47437053341,1328.3366192323062,64953.42046728179,795.052553561904,False,68515.48270647562,1049.2403543038731,False,70038.79932517787,1486.183956523197,False,70297.66164489933,2176.2227749975173,False,71246.56089577089,3037.02989323879,False,-0.3059534677291203,48.19310943076698,68747.7117236728,574.235340421778,0.0,1.9454435982724227e-05,False,112413.3125,1721.488037109375,False,114912.6171875,2438.381150328501,False,116894.1908916831,4982.853173830544,False,False,-0.5019776759894542,79.07040652397646,False,False
EIS-DEEP CDFS-1 Ks 1  386,53.04147949112,-27.759803317540005,2025110500322,-1,g,20251105,g_6,0.2393523834836756,53.041498636956334,-27.759867609448907,746027478828974302,0,330.64493420863323,3000.2267829843663,0.47806534,0.31396452,53.041498636956334,-27.759867609448907,2.6153026e-05,1.8088584e-05,7773.163774630466,1406.3829338108396,7826.005550251958,807.4584697676233,False,8548.06639707691,1078.549164960845,False,7883.933431692343,1538.9035428033617,False,9468.11886814695,2260.8550620163846,False,3861.039138168016,3166.03822080587,False,-0.5668179388697901,50.57650051328336,8952.768130814764,697.985889996174,0.0,0.1361200459651979,False,17955.822265625,2265.5693359375,False,16560.763671875,3232.5764933186424,False,8110.3876953125,6650.488769999,False,False,-1.1906414497194595,106.23954141773577,False,False
EIS-DEEP CDFS-1 Ks 1  386,53.04147949112,-27.759803317540005,2025110500323,-1,g,20251105,g_6,0.2397741896253268,53.04153006547596,-27.75985264498416,746027478938026142,0,1707.6959738143164,2136.001686045581,0.7347122,0.5102471,53.04153006547596,-27.75985264498416,3.993365e-05,2.963518e-05,11665.98697516383,1362.244632895054,8906.825387605735,789.1780259949004,False,9986.732600092488,1053.8540885309476,False,9387.99840900268,1501.330753312048,False,7325.453191791037,2206.677197751456,False,7445.419127896924,3087.1284009378724,False,0.2542081534597679,49.32303894651727,10019.347563705423,661.4697839734683,0.0,0.0800283824422332,False,21303.84375,2248.096923828125,False,20026.615234375,3202.6606765593647,False,15882.6767578125,6585.507364957255,False,False,0.5422805434114419,105.21662660538615,False,False
EIS-DEEP CDFS-1 Ks 1  386,53.04147949112,-27.759803317540005,2025110800168,-1,z,20251108,z_20,0.3163281409307313,53.04155899111222,-27.75985596546189,746040652275384613,0,1847.667507263936,677.8128211247599,0.018624596,0.018252235,53.04155899111222,-27.75985596546189,1.0196892e-06,1.0303853e-06,99230.15069686528,1457.2847561074025,97779.47991650084,897.142624714865,False,99158.8502353959,1172.577910402273,False,100006.18824816126,1648.7054186550272,False,98881.80069142792,2402.854832927594,False,93712.368233447,3352.414345850202,False,-1.4719965790554257,53.53198467115942,97360.66213701206,568.3237878771652,0.0,0.0035135197477923,False,119995.7578125,1418.9794921875,False,121021.15258789062,1995.158835055397,False,113404.77038490772,4056.8794311029087,False,False,-1.781316993711087,64.78101604217599,False,False
EIS-DEEP CDFS-1 Ks 1  386,53.04147949112,-27.759803317540005,2025110800169,-1,z,20251108,z_20,0.3346135914095865,53.04156434724408,-27.759858097896103,746040652409603551,0,3969.166432187446,3985.650622032737,0.025407623,0.026949398,53.04156434724408,-27.759858097896103,1.4823244e-06,1.4295135e-06,,,94662.04384391912,904.2797847179862,False,96412.30432868758,1182.295930701657,False,97667.62587391914,1661.0453840288014,False,,,True,,,True,0.5964200382371038,54.373406306915975,86598.85517724602,577.9172912422462,1.0,0.0008768381735688,False,115977.9296875,1422.2275390625,False,117488.00244140624,1998.1329779223747,True,,,False,False,0.717455741157893,65.40778313973955,False,False
EIS-DEEP CDFS-1 Ks 1  386,53.04147949112,-27.759803317540005,2025110800174,-1,r,20251108,r_57,0.317691896102327,53.04155913587712,-27.759856425729105,746040653059195404,0,2038.0757826700983,876.334262373371,0.018908316,0.020224942,53.04155913587712,-27.759856425729105,1.0622911e-06,1.11365e-06,31374.6964549834,516.7627378718471,30600.41230484822,321.8578749361248,False,31285.65322408372,417.4400489560019,False,31478.22769410192,583.6266189790799,False,31116.091183507106,847.2306974631198,False,29172.847733995237,1180.1666585310595,False,-0.4669626946530384,18.82181924122241,31288.51015454233,204.6369222383493,0.0,0.0027155240560233,False,66963.0,893.4778442382812,False,67375.18139648438,1249.1792645905582,False,62440.80597645044,2525.998079349032,False,False,-0.9994748295036506,40.28573329834604,False,False
EIS-DEEP CDFS-1 Ks 1  386,53.04147949112,-27.759803317540005,2025110800175,-1,r,20251108,r_57,0.3115595607596655,53.04155596650156,-27.759857263771572,746040653215958379,0,1462.413189204014,2335.8396533082,0.020617293,0.020853408,53.04155596650156,-27.759857263771572,1.1478287e-06,1.1580464e-06,31960.991729847912,521.8572651275924,31207.86014074026,325.5197817983723,False,31606.788753288354,421.9049166788292,False,31359.69589233004,589.1507914731869,False,31643.907590018523,856.530375245898,False,31556.99720364185,1194.2236066544128,False,0.0674538034573947,19.12773956506521,31571.234577620628,209.44845570508684,0.0,0.0002532431866996,False,67673.484375,903.3431396484376,False,67144.43237304688,1261.4342821249616,False,67566.87539035082,2556.9593044081507,False,False,0.1444257418853854,40.95451754651402,False,False
EIS-DEEP CDFS-1 Ks 1  386,53.04147949112,-27.759803317540005,2025110900380,-1,g,20251109,g_6,0.3044818243386173,53.041563533959206,-27.75984359861502,746045078778675793,0,1841.43592391822,1987.5161190098872,0.07717441,0.08276348,53.041563533959206,-27.75984359861502,4.4570293e-06,4.440823e-06,10593.219132474454,523.5105937934699,10191.945727522192,314.6832261814947,False,10573.722876056136,416.6873489900407,False,10847.90354504118,592.5451959167807,False,9801.486700661831,869.7180430131463,False,10147.621859922598,1213.3036097437364,False,-0.3917177732592415,19.021195242896937,10426.988141656688,200.17807400306685,0.0,0.0053393743047431,False,24361.119140625,960.0185546875,False,24992.81225585937,1365.182753807689,False,23379.412154197693,2795.366791544104,False,False,-0.9024903958356822,43.82350558464188,False,False
EIS-DEEP CDFS-1 Ks 1  386,53.04147949112,-27.759803317540005,2025110900381,-1,g,20251109,g_6,0.3198603799467703,53.04156191022805,-27.759854062725967,746045078913417806,0,2163.272732563289,2117.9852173745103,0.09950363,0.096402146,53.04156191022805,-27.759854062725967,5.451943e-06,5.441019e-06,9681.490326767966,529.787997317997,9434.438029474324,316.96099546125043,False,9635.957765927698,419.9946023521056,False,10118.39717448776,595.6098365640472,False,10614.111857176533,873.4034446008027,False,10521.067128772414,1220.5001096643327,False,0.0026316304635159,19.449463091172603,9936.1765525325,216.85448848499792,0.0,0.0003361654924841,False,22099.13671875,963.2169799804688,False,23205.564819335938,1365.973526347644,False,24129.049395382404,2799.098900588087,False,False,0.0060353898200037,44.60546158451587,False,False
EIS-DEEP CDFS-1 Ks 1  386,53.04147949112,-27.759803317540005,2025110900382,-1,i,20251109,i_39,0.310795799646696,53.0415575340021,-27.759855123482307,746045079045014713,0,2335.856042599806,2828.1460102370206,0.025735684,0.022732219,53.0415575340021,-27.759855123482307,1.4306092e-06,1.2635401e-06,70285.33894430098,858.2757471827855,65964.41108503594,531.340534002205,False,68709.47554202957,689.3012231459775,False,68439.16120502139,961.3771064655416,False,67941.01465555468,1397.636469818862,False,67961.41304926288,1947.9641371473683,False,-0.5227209594680778,30.485662013935684,68520.86978500501,398.2350142070709,0.0,0.0027481335212504,False,117245.109375,1176.2161865234375,False,116783.84790039062,1640.483544794701,False,115968.62359058856,3323.985032875343,False,False,-0.8919654178985955,52.020405468046064,False,False
EIS-DEEP CDFS-1 Ks 1  386,53.04147949112,-27.759803317540005,2025110900383,-1,i,20251109,i_39,0.3004144347236757,53.04155640314724,-27.75985160288046,746045079203349372,0,1140.4165121214892,1752.0111726066257,0.02105976,0.020763732,53.04155640314724,-27.75985160288046,1.17049e-06,1.1539456e-06,69588.7133953736,845.1530778621828,66388.55257755853,524.4703026248458,False,68403.67843236901,679.9914118405192,False,67757.6557399013,949.6518681013034,False,67608.65947505021,1377.169019617026,False,66202.62289220151,1919.7192375795107,False,-0.4686323991098096,30.82479141319868,68744.16602353066,373.6199789187956,0.0,0.0011006794982614,False,118114.1484375,1174.15625,False,116998.64672851562,1639.7849396910256,False,114313.53702670336,3314.821778334265,False,False,-0.8091979557181952,53.22585088948456,False,False
EIS-DEEP CDFS-1 Ks 1  386,53.04147949112,-27.759803317540005,2025111100196,-1,g,20251111,g_6,0.2991704609763032,53.041552541215694,-27.75985554232153,746053850196082902,0,2810.94390047724,363.4859588119936,0.04869399,0.043704312,53.041552541215694,-27.75985554232153,2.4894816e-06,2.6527143e-06,9973.58186253569,311.6371874411863,9868.772184058966,191.81644207647727,False,9986.062147083465,250.0728834790035,False,9860.71492886784,350.97474743989807,False,10128.546258340197,510.4093417098108,False,10556.552058022851,713.082322788782,False,0.1875170009182363,11.264588484868016,10235.055846448273,136.116281615875,0.0,0.0033753160230431,False,23015.890625,576.3683471679688,False,22726.990173339844,808.9271106301853,False,24330.756605148315,1643.5131792886864,False,False,0.4321894576555031,25.962639996094723,False,False
EIS-DEEP CDFS-1 Ks 1  386,53.04147949112,-27.759803317540005,2025111100197,-1,g,20251111,g_6,0.3046945442724247,53.04155466437399,-27.75985564715903,746053850312476082,0,1545.2271556500066,2756.833751084847,0.04308545,0.042541284,53.04155466437399,-27.75985564715903,2.3729679e-06,2.3879152e-06,10639.289018875645,313.194732202051,9972.208416720476,192.65212962786345,False,10593.672371420716,251.52704740100947,False,10665.022262362812,352.6934078157184,False,10945.013795015457,514.0948050015221,False,10562.835345487392,716.4113576495668,False,-0.1359896300985794,11.1460054740434,10600.83246290017,137.5032631392295,0.0,0.0084980731567343,False,24455.740234375,580.6560668945312,False,24620.453125,814.2009740821298,False,24384.552239373326,1653.8523610471138,False,False,-0.3139352390424728,25.73081410932581,False,False
EIS-DEEP CDFS-1 Ks 1  386,53.04147949112,-27.759803317540005,2025111100215,-1,i,20251111,i_39,0.3136108053219288,53.04156054683628,-27.759852755684925,746053852724725333,0,277.8989733836849,2788.5964749342806,0.016814375,0.013632728,53.04156054683628,-27.759852755684925,9.345793e-07,7.583863e-07,68054.66188517447,682.3230104934837,67375.89407199436,434.8547056714544,False,68520.66114520736,554.6101290249351,False,70220.47981133219,766.3517336561491,False,71078.87076196643,1104.783273032468,False,70708.33892072192,1534.30357496844,False,0.1139394180736502,23.84750472306395,68571.77351399866,318.815887907281,0.0,0.0001657034394725,False,118161.8671875,956.4088745117188,False,121093.15454101562,1321.551051284945,False,121934.4532431364,2645.861441215938,False,False,0.1964851792265781,41.12432131774688,False,False
EIS-DEEP CDFS-1 Ks 1  386,53.04147949112,-27.759803317540005,2025111500098,-1,u,20251115,u_24,0.3368673489710101,53.04157489858065,-27.759762965934893,746071429185273980,0,3812.579453887229,1105.739601175484,1.0348581,0.7945338,53.04157489858065,-27.759762965934893,5.0715884e-05,5.185049e-05,1863.046809192445,663.1430473127804,2022.178339556857,392.3870680842587,False,2579.5106160945475,521.9026738311939,False,4302.494641377403,744.7211644188675,False,5035.884688526108,1087.1190100815843,False,5957.972733749705,1517.5423825445812,False,1.5945664518637377,24.43590386302776,2105.448425786404,325.4373840319899,1.0,0.9880955074116208,False,827.91455078125,167.5088348388672,False,1380.9200458526611,239.02421042586516,False,1912.2589721679688,487.06735769830766,False,False,0.511788848415125,7.84289866591924,False,False
EIS-DEEP CDFS-1 Ks 1  386,53.04147949112,-27.759803317540005,2025112200246,-1,z,20251122,z_20,0.3096969168300055,53.041558106812914,-27.759853923618724,746102235418591863,0,1298.690477437991,1230.1842694030706,0.018374924,0.020597847,53.041558106812914,-27.759853923618724,1.1203924e-06,1.0486443e-06,97037.01819306269,1175.2800140975842,94456.55667212755,733.8924119738867,False,96602.36944398277,947.9948205120802,False,98137.32306125644,1320.7949166038336,False,97616.5458195432,1915.9590549496124,False,98695.08216970065,2666.431335986808,False,0.374262161769652,42.486614512423934,97239.72615724133,526.3541354095426,0.0,0.0003337749721328,False,109779.5625,1077.3074951171875,False,111523.89379882812,1500.9599550358078,False,112157.73488634823,3030.1499558006485,False,False,0.4253139608879008,48.282065751862106,False,False
EIS-DEEP CDFS-1 Ks 1  386,53.04147949112,-27.759803317540005,2025112200247,-1,z,20251122,z_20,0.3084631438744629,53.041556643789896,-27.75985509187125,746102235529741868,0,1347.1426857561974,3181.553830680304,0.018095661,0.02001281,53.041556643789896,-27.75985509187125,1.0873907e-06,1.0333531e-06,98597.30624342358,1175.2972484573086,95341.412072144,734.0217084010137,False,97906.97474878882,948.0191036462326,False,98799.7331466298,1320.4979676624137,False,100115.7647734882,1914.893707825759,False,99726.89731099902,2666.7461220130585,False,0.2116910813211603,41.92625369611653,96100.47483271347,513.2246237541477,0.0,8.165346465416334e-06,False,111753.2109375,1082.0902099609375,False,112772.22534179688,1507.2459168650118,False,113830.51125758886,3043.88367278984,False,False,0.2416289352742334,47.855563764921776,False,False
EIS-DEEP CDFS-1 Ks 1  386,53.04147949112,-27.759803317540005,2025112200248,-1,r,20251122,r_57,0.3099223051008401,53.041559555848046,-27.759852222538097,746102235667105188,0,3176.3740420135573,2634.5555693806705,0.023525232,0.027812555,53.041559555848046,-27.759852222538097,1.5030022e-06,1.3576356e-06,32343.542701591792,412.2643161493725,29875.566449519305,260.9025490976285,False,32258.49061351548,333.65771549878406,False,33016.74425719708,460.05960503909336,False,32495.69095427799,662.5612922815591,False,32785.00303971936,918.4879903630564,False,-0.0426991484561368,14.270471868144812,31620.26956369676,222.16230725988143,0.0,0.0029296772981168,False,65198.0703125,674.360107421875,False,66730.58697509766,929.832670618279,False,66262.21167594194,1856.3684610769624,False,False,-0.086299824647118,28.842243098071112,False,False
EIS-DEEP CDFS-1 Ks 1  386,53.04147949112,-27.759803317540005,2025112200249,-1,r,20251122,r_57,0.3201693107501369,53.04155993923279,-27.75985662515317,746102235825439278,0,2137.107923713037,943.5848551049947,0.02512165,0.027965982,53.04155993923279,-27.75985662515317,1.5181982e-06,1.4360252e-06,31775.9430306872,414.76554972055374,30003.978742335967,262.63510248234275,False,31512.173354551924,335.48509085920205,False,31581.743955080143,462.344236691406,False,32421.361457841736,666.0252546899924,False,32119.45928580851,925.1236282031548,False,0.10517282085676,14.478659916275774,31763.070587129547,219.33359628008705,0.0,0.0001841906024744,False,64009.0859375,681.4539184570312,False,64150.40118408203,939.1364932566024,False,65242.635173380375,1879.156894518472,False,False,0.2136322383342438,29.409770516728308,False,False
EIS-DEEP CDFS-1 Ks 1  386,53.04147949112,-27.759803317540005,2025112200252,-1,u,20251122,u_24,0.3381075494885741,53.04157983774985,-27.7598339073232,746102236202401996,0,2664.702180333853,1570.2090245600368,0.51478213,0.3619488,53.04157983774985,-27.7598339073232,2.4153676e-05,2.532479e-05,2122.8931662704663,648.1272993684207,1248.9325698173652,387.42626474322793,False,1719.1276799691884,516.3746406933041,False,1927.286541945488,733.3185485698766,False,742.9717768131935,1073.9297762264189,False,1724.2320346773745,1504.6512024723384,False,-0.3125493113810976,23.96284294092507,1311.6304189840732,229.9353838937129,0.0,0.5924117393013917,False,576.1513061523438,173.05865478515625,False,645.9140129089355,245.76559641681047,False,577.861988067627,504.271303236575,False,False,-0.1047482953636477,8.030946985732262,False,False
EIS-DEEP CDFS-1 Ks 1  386,53.04147949112,-27.759803317540005,2025112200253,-1,u,20251122,u_24,0.2212187372623816,53.0415396979253,-27.75983393730805,746102236358640031,0,1713.7056902612242,3505.347932522747,2.042676,1.9142767,53.0415396979253,-27.75983393730805,0.00011005672,0.000110060755,1491.972910898739,672.2698723457223,1116.6767134993388,400.5892378348921,False,1355.4893303440238,533.9126735574553,False,741.2486144465762,758.387031504284,False,1385.7716925169038,1115.9017825630328,False,-742.8460518174888,1561.0330009449865,False,-0.7240644616512363,24.26121333088494,1365.9903684044184,247.18774778004425,0.0,0.489481510494153,False,445.92333984375,175.6444091796875,False,243.8529396057129,249.49106600252375,False,-244.3784580230713,513.5422565156078,False,False,-0.2381997672528634,7.981354803009883,False,False
EIS-DEEP CDFS-1 Ks 1  386,53.04147949112,-27.759803317540005,2025112600270,-1,i,20251126,i_39,0.3096518375821563,53.04155724033153,-27.75985494036293,746119830804366295,0,576.7335237282281,1515.9217809973684,0.012249017,0.014041876,53.04155724033153,-27.75985494036293,6.8917745e-07,7.734391e-07,66903.16355013568,680.0500139124993,67296.38392501666,434.88975685369206,False,67298.22978069104,553.7459846671733,False,68897.48860836425,764.788498924007,False,68379.71332500415,1102.7803141424968,False,67422.22373846742,1532.1937653575576,False,-0.4387413268257947,24.33596145974791,68360.3672686698,307.7116972128284,0.0,0.0003553923523245,False,115358.859375,949.2003784179688,False,118100.21936035156,1310.957646085144,False,115571.40287852287,2626.400808596712,False,False,-0.7520658297882805,41.7153432555214,False,False
EIS-DEEP CDFS-1 Ks 1  386,53.04147949112,-27.759803317540005,2025112600271,-1,i,20251126,i_39,0.3071949436293945,53.041556823076725,-27.759854294472436,746119830940158054,0,1923.47296105484,3322.0410533295503,0.013174224,0.013351351,53.041556823076725,-27.759854294472436,7.3281285e-07,7.415402e-07,68426.45991676916,679.034573513654,67766.43421038978,434.11541593198575,False,68888.44324249697,553.4206300913121,False,70351.85911514373,764.351253098478,False,70039.88590182364,1100.0199892211378,False,69448.44151955677,1529.572829380993,False,-0.0541936341096986,23.80704176474414,68161.48901426232,305.6144255107584,0.0,0.0002717724486021,False,118200.078125,949.5694580078124,False,120711.03442382812,1311.488162290877,False,119160.93363258244,2624.469641363279,False,False,-0.0929864500362581,40.8485671045322,False,False
EIS-DEEP CDFS-1 Ks 1  386,53.04147949112,-27.759803317540005,2025112600272,-1,i,20251126,i_39,0.3038377534793267,53.04155593001317,-27.75985379426574,746119831072801719,0,580.6511519709262,1516.0500802089557,0.014126812,0.014292616,53.04155593001317,-27.75985379426574,7.8608946e-07,7.938574e-07,68932.04756177367,685.51659464861,67870.81258429945,437.4852475433799,False,69171.57967619543,557.8607584307574,False,70308.45794705393,769.8789761340165,False,70753.7108331188,1110.2626379992569,False,70182.17594629223,1541.04155435713,False,0.0685326607756726,24.208493810129497,69238.05296294994,316.74215982434845,0.0,3.776971225144532e-05,False,118317.09375,954.213623046875,False,120261.70935058594,1316.8680464116958,False,120045.70561909676,2635.931677620274,False,False,0.1172242312216945,41.408316032214216,False,False
EIS-DEEP CDFS-1 Ks 1  386,53.04147949112,-27.759803317540005,2025112600273,-1,i,20251126,i_39,0.3142680332535197,53.04155947217727,-27.759854420256445,746119831208593467,0,1927.4604404570505,3321.7370389316875,0.014499166,0.014346364,53.04155947217727,-27.759854420256445,8.054313e-07,7.979151e-07,69980.09612852271,680.4795451663826,67449.70880017466,434.48931313753167,False,68814.42355607187,554.236024528507,False,68723.08444672872,765.4995725557806,False,68656.46733543677,1104.2111384367336,False,67324.21492203679,1533.253962041378,False,0.0588210587042315,23.92863258395303,68466.52174348477,314.16030040535844,0.0,6.683720431555074e-07,False,118055.6640625,950.8283081054688,False,117898.9658203125,1313.2648027487342,False,115499.1132583022,2630.3978920605605,False,False,0.1009113901903001,41.05114108097317,False,False
EIS-DEEP CDFS-1 Ks 1  386,53.04147949112,-27.759803317540005,2025112600274,-1,i,20251126,i_39,0.307837998045258,53.041557739863,-27.759853491967053,746119831341237251,0,594.9450888972706,1523.5790160922925,0.011994859,0.01182152,53.041557739863,-27.759853491967053,6.661092e-07,6.578996e-07,69972.12234368565,685.1713853409607,68248.1243684083,438.2762165092579,False,68942.03652703666,558.3843673247251,False,68790.84766260811,770.2397686448484,False,68792.7416000428,1110.7023873050905,False,68631.10660141389,1543.4346249186997,False,-1.0755998072720612,24.217806961758424,69022.61470768144,306.10905539212087,0.0,0.0007996536981087,False,117906.0234375,954.9598999023438,False,117647.45727539062,1317.2791636162249,False,117374.26497858764,2639.6121760712267,False,False,-1.8395118925135885,41.41776859344939,False,False
EIS-DEEP CDFS-1 Ks 1  386,53.04147949112,-27.759803317540005,2025112600275,-1,i,20251126,i_39,0.3098858788487687,53.041558144143295,-27.759853967433333,746119831477029083,0,1933.5863548497905,3326.4924513801684,0.012990422,0.011588633,53.041558144143295,-27.759853967433333,7.178606e-07,6.488123e-07,69599.25589211703,679.7240680938769,68076.68494991098,435.39302959370747,False,69415.0246934228,555.2709628828482,False,70287.22090424014,766.459106887494,False,69212.47405529876,1107.5425949355665,False,69363.43074912217,1535.7731117572612,False,-0.3345908484493223,24.957815818098656,69031.68651188954,304.597506171853,0.0,0.0004098765726946,False,119121.1875,952.885009765625,False,120617.93908691406,1315.299092464037,False,119032.64857143164,2635.4973957162524,False,False,-0.574182021398781,42.82941151125014,False,False
EIS-DEEP CDFS-1 Ks 1  386,53.04147949112,-27.759803317540005,2025112800039,-1,i,20251128,i_39,0.3091539746398488,53.04155775636935,-27.75985409253747,746128595870548821,0,672.420184709918,1459.719035540286,0.019102843,0.014840157,53.04155775636935,-27.75985409253747,1.0507684e-06,8.3891695e-07,70147.03216261278,824.5270166397947,67135.37457889548,514.4333321262899,False,68765.3121289734,665.2980456248375,False,67999.23726326182,928.882001979368,False,67649.93465012473,1347.7623760797617,False,66950.65179628089,1876.2304249964589,False,-1.0770896499074265,29.32594173067223,68978.53692911139,348.5088839584469,0.0,0.0002049018725586,False,117358.7109375,1135.4346923828125,False,116051.28491210938,1585.281750206903,False,114261.7105627358,3202.079322876033,False,False,-1.8382211752369728,50.04928519898091,False,False
EIS-DEEP CDFS-1 Ks 1  386,53.04147949112,-27.759803317540005,2025112800040,-1,i,20251128,i_39,0.3113882632267908,53.041558515536046,-27.75985422506833,746128596005291906,0,429.6414195605407,3405.198367605157,0.018040396,0.014437675,53.041558515536046,-27.75985422506833,9.906942e-07,8.1750824e-07,69716.31739177411,813.9849642094416,67622.55997568212,509.1587897267652,False,69049.48830272525,657.6426981946869,False,69216.98318260917,915.9464094390538,False,68631.59554593412,1329.019516630349,False,67382.83790804514,1851.3159400799127,False,-0.877708131886188,29.932899999957566,68391.11094485827,337.6728855486173,0.0,8.444859620537759e-05,False,117790.3046875,1121.861083984375,False,118076.03125,1562.496830856161,False,114947.19516384602,3158.1272217223905,False,False,-1.4972668273559109,51.06200636444562,False,False
EIS-DEEP CDFS-1 Ks 1  386,53.04147949112,-27.759803317540005,2025112800297,-1,i,20251128,i_39,0.3034049466725665,53.04155588960171,-27.75985364106429,746128630509733287,0,394.7914171662736,2848.989120677009,0.019129049,0.017857173,53.04155588960171,-27.75985364106429,1.0546332e-06,9.982685e-07,68892.68335923956,822.1758605330925,66593.33379696046,512.3967974084001,False,68480.67376144935,661.5915188159092,False,69676.55831328811,919.1322051546588,False,67459.10775387548,1335.870632424194,False,65195.28378856045,1859.128760317517,False,-1.4313767107766475,29.329178003581795,68563.90882765985,363.5705713907212,0.0,0.0005624329321898,False,114823.140625,1109.305908203125,False,116828.30810546876,1541.1303751636178,False,109314.45074003936,3117.2444919210475,False,False,-2.400022668021403,49.17691584127976,False,False
EIS-DEEP CDFS-1 Ks 1  386,53.04147949112,-27.759803317540005,2025112900038,-1,z,20251129,z_20,0.3138286245966241,53.04155864720753,-27.759855211614845,746132993803288633,0,958.6418798516336,133.68418890034275,0.019586394,0.01884757,53.04155864720753,-27.759855211614845,1.0877714e-06,1.0489065e-06,97832.19130064906,1540.3767117557063,94840.39126662305,941.4727504738644,False,96775.25153616752,1233.7088050498394,False,96543.8898860684,1737.0269556249752,False,96982.6619764091,2537.787962133596,False,92826.0826368534,3542.713869966258,False,-1.899970503802454,55.45752106638296,97675.939533639,585.1221973457932,0.0,0.0003729320458359,False,115361.8671875,1470.6544189453125,False,115086.0703125,2070.639649859509,False,110654.2225073576,4223.126062324122,False,False,-2.264878069967208,66.10867012230982,False,False
EIS-DEEP CDFS-1 Ks 1  386,53.04147949112,-27.759803317540005,2025112900039,-1,z,20251129,z_20,0.3173912781039031,53.04155945482589,-27.759855909223564,746132993939603711,0,1681.7623664646155,649.7038520283352,0.020202342,0.019683566,53.04155945482589,-27.759855909223564,1.122597e-06,1.0942529e-06,97854.21778757026,1557.9579315026515,95740.30279163003,952.9633482094712,False,96992.31021673665,1249.1125789451046,False,98623.9194556211,1760.0243067440242,False,95995.24235790576,2570.17959726691,False,91209.32673099171,3584.314941758628,False,-1.47773233134148,58.82417791044758,96063.63148799958,582.1249005532372,0.0,0.0006065665037083,False,115865.2265625,1492.1668701171875,False,117814.31689453124,2102.492605864488,False,108956.98105019332,4281.756583281745,False,False,-1.7652718136830934,70.27027901198223,False,False
EIS-DEEP CDFS-1 Ks 1  386,53.04147949112,-27.759803317540005,2025112900046,-1,z,20251129,z_20,0.3137445403110044,53.0415603851658,-27.75985302776443,746132994855011528,0,103.79580749437017,2751.8003722195053,0.017024884,0.016239306,53.0415603851658,-27.75985302776443,9.4477986e-07,9.039161e-07,96493.60865523489,1463.9557502706691,94677.51041378164,898.0870681058174,False,96129.91134942748,1174.3272730713657,False,98056.62879978203,1651.880793675875,False,99236.80442456022,2411.386595368591,False,98155.77929407053,3361.3963397815496,False,0.778974532754933,53.02155663058995,98694.75383875109,546.1227779886523,0.0,0.0016006263670639,False,116062.34375,1417.82275390625,False,118388.56396484376,1994.3964767920709,False,118508.27320611475,4058.3782091466737,False,False,0.9404940535570058,64.01551863967543,False,False
EIS-DEEP CDFS-1 Ks 1  386,53.04147949112,-27.759803317540005,2025112900047,-1,z,20251129,z_20,0.3181135823519052,53.04156034176462,-27.759855179027937,746132995010724416,0,1766.2529619723853,1291.24526977882,0.019833125,0.018059524,53.04156034176462,-27.759855179027937,1.100138e-06,1.0062573e-06,97396.07818739791,1471.6241361802563,94318.46678921206,902.8204188014752,False,96936.1729929459,1181.4108683250104,False,97598.92517092529,1664.199534897507,False,98827.1376310864,2424.5953561532315,False,94962.35720481387,3379.804782866731,False,0.4564445779221777,52.62671646355309,96910.58235357016,562.659255855451,0.0,9.51760446343819e-07,False,115890.9921875,1412.4229736328125,False,116683.33837890624,1989.6157372674809,False,113531.2180905938,4040.6890182779034,False,False,0.5456973736507551,62.91730112942703,False,False
EIS-DEEP CDFS-1 Ks 1  386,53.04147949112,-27.759803317540005,2025112900053,-1,z,20251129,z_20,0.3164722934184323,53.04155767207112,-27.759857555068272,746132995853779190,0,762.5049309790306,604.6712814040694,0.018788239,0.019533249,53.04155767207112,-27.759857555068272,1.0441236e-06,1.0826143e-06,97218.29139695448,1438.4313407674783,93585.88857539302,881.3896056183103,False,95086.58852858104,1152.50016075933,False,94600.44388138074,1623.6941498982872,False,93572.56867696886,2366.594201474169,False,95988.88333979085,3300.810808111944,False,-0.0988649226620965,50.767680277939306,97972.21796792976,562.138616603447,0.0,0.0025064190571074,False,113338.859375,1373.7274169921875,False,112759.39721679688,1935.3690753982328,False,114414.35347259045,3934.415334415222,False,False,-0.1178424606468193,60.512750166515936,False,False
EIS-DEEP CDFS-1 Ks 1  386,53.04147949112,-27.759803317540005,2025113000041,-1,z,20251130,z_20,0.3145656228875085,53.04155854935944,-27.75985567069244,746137392254026625,0,3705.5382401352913,1588.9239386605043,0.013332235,0.010944625,53.04155854935944,-27.75985567069244,7.358442e-07,6.1483485e-07,96812.79851570028,1312.3657883827834,94873.41349712887,813.0853012316106,False,96786.84641810915,1057.8903445771282,False,97854.46997056752,1483.5798843772675,False,97115.55364764908,2155.5810628100417,False,98936.69417551886,3007.397004713877,False,1.182625909849845,47.63702184297358,96763.87616644296,467.65801530512647,0.0,0.0016180755966913,False,115444.6328125,1261.8218994140625,False,116718.06420898438,1769.5724299154292,False,118008.91085380316,3587.138705096251,False,False,1.4106029793281831,56.820102095135134,False,False
EIS-DEEP CDFS-1 Ks 1  386,53.04147949112,-27.759803317540005,2025121000243,-1,z,20251210,z_20,0.31124632978155,53.04155888416836,-27.759853706313137,746181399826924469,0,736.7825555617325,2341.7304992536,0.019511042,0.017502697,53.04155888416836,-27.759853706313137,1.0399414e-06,1.0201733e-06,96339.95953402652,1290.96343605052,93814.35707401714,797.9932622166491,False,96054.3808263326,1037.6713431256069,False,97488.94581135565,1453.7060308003306,False,96818.24151632316,2113.7306648024155,False,96755.27249186503,2944.7342496381016,False,0.2787709906272806,44.8275244113187,96871.93424109464,569.6988001054484,0.0,0.0036805595787715,False,114094.5234375,1232.5582275390625,False,115798.5166015625,1726.729123393757,False,114927.05080243944,3497.7899807609547,False,False,0.3311274618627275,53.246660803940976,False,False
EIS-DEEP CDFS-1 Ks 1  386,53.04147949112,-27.759803317540005,2025121000244,-1,z,20251210,z_20,0.8785056891212456,53.04167764931127,-27.759973029459708,746181399961142941,0,1603.0,3993.0,,,53.04167764931127,-27.759973029459708,,,,,24280.28100709231,760.8387280574801,True,,,True,,,True,,,True,,,True,-0.144676435832777,46.39064934498866,28160.6186817461,455.365350861008,,,True,,,True,,,True,,,True,True,-0.1722004703493566,55.21625958668592,True,False
EIS-DEEP CDFS-1 Ks 1  386,53.04147949112,-27.759803317540005,2025121000245,-1,z,20251210,z_20,0.3053723637133129,53.041555882646826,-27.759854559181505,746181400121050282,0,2799.564629020727,2601.501898845493,0.020796603,0.016829593,53.041555882646826,-27.759854559181505,1.1117501e-06,9.872709e-07,99682.4004308317,1296.7126997946857,94339.64220298828,803.753689968234,False,97684.85244852115,1046.0146754154864,False,97530.31606145528,1465.2171693079176,False,96115.86381231016,2136.289835678045,False,96706.2232742075,2973.045979802708,False,0.2081862707326318,47.197913276154615,96823.60704813949,523.2695949008992,0.0,4.220252615172448e-05,False,115933.015625,1241.4169921875,False,115749.61083984376,1738.9292272608093,False,114771.57218199968,3528.430226292764,False,False,0.2470768146010755,56.01478919359994,False,False
EIS-DEEP CDFS-1 Ks 1  386,53.04147949112,-27.759803317540005,2025121000246,-1,z,20251210,z_20,0.3108028250127037,53.04155776359428,-27.75985485480293,746181400255792065,0,439.5501288946703,2436.4042338716554,0.02973339,0.023651283,53.04155776359428,-27.75985485480293,1.5983466e-06,1.380073e-06,93740.47372528062,1346.3644400792837,90544.35546729573,824.0916135853938,False,94403.04894763196,1074.9281971384046,False,96884.04594991732,1509.888776471016,False,100900.80222682835,2199.4891048919185,False,98167.66026652386,3061.455676009931,False,-0.2990715336159044,48.94386003093216,95057.87167233844,609.4578264244825,0.0,0.0022412077316205,False,109990.7578125,1252.4189453125,False,112881.41381835938,1759.1996507312103,False,114376.97686421873,3566.959262094453,False,False,-0.3484538369179976,57.02540664822667,False,False
EIS-DEEP CDFS-1 Ks 1  386,53.04147949112,-27.759803317540005,2025121400776,-1,i,20251214,i_39,0.3036305023088482,53.04155600872565,-27.759853604294754,746199063579329361,0,2873.9025679482165,1225.0936992164393,0.015176829,0.0156227,53.04155600872565,-27.759853604294754,8.5603773e-07,8.554606e-07,67982.09625552817,611.9121219338442,66553.7153548548,396.6520143420116,False,68299.81359326004,501.24225663702623,False,70047.52703823232,684.4428706145774,False,69638.07742534224,985.2941542984236,False,69636.56359014417,1365.301690992758,False,0.1938020957967957,21.062344559381614,68252.52131613984,306.50985418107734,0.0,0.000199556021819,False,116145.75,852.3765258789062,False,119117.78576660156,1163.9143118763618,False,118418.9308885336,2321.733845731469,False,False,0.3295659033850122,35.81710808430674,False,False
EIS-DEEP CDFS-1 Ks 1  386,53.04147949112,-27.759803317540005,2025121400777,-1,i,20251214,i_39,0.3023895657126015,53.04155717077604,-27.7598515919381,746199063693624135,0,774.2443640099249,1180.7069085072958,0.013796253,0.015449597,53.04155717077604,-27.7598515919381,8.125743e-07,8.1552247e-07,68143.89361361752,614.5733330817737,66398.6263956341,397.9120578730645,False,67721.24840241947,502.6167579323479,False,67492.088409829,688.0944330672219,False,67472.61215615529,989.1368506201318,False,66528.18310051651,1370.4313758662477,False,-0.395528618605309,21.59290656228576,67971.4595075326,302.70578925639035,0.0,0.0007500641386996,False,115379.9140625,856.3320922851562,False,114989.4832763672,1172.3392351305838,False,113347.23192429544,2334.8691600663424,False,False,-0.673880932506694,36.78886261386632,False,False
EIS-DEEP CDFS-1 Ks 1  386,53.04147949112,-27.759803317540005,2025121400778,-1,i,20251214,i_39,0.3097470614814788,53.04155807647451,-27.75985398416168,746199063825745356,0,2298.5275431163764,1978.4527070531092,0.013187762,0.013624215,53.04155807647451,-27.75985398416168,7.432959e-07,7.470457e-07,69140.26078889875,611.0678840561028,67033.63783339012,396.94803053743885,False,68718.1167678861,501.5869008751259,False,69351.48076807847,687.079945437924,False,68690.88318878193,988.512435867788,False,66944.41815137764,1367.4528595965476,False,-1.0926969962704849,21.72638682198741,67770.7036783525,293.3799774691849,0.0,7.435360447238804e-05,False,116962.109375,853.7291870117188,False,118040.13061523438,1169.4488077885608,False,113943.17432060838,2327.481870167205,False,False,-1.8598318988166576,36.97953540229158,False,False
EIS-DEEP CDFS-1 Ks 1  386,53.04147949112,-27.759803317540005,2025121400782,-1,i,20251214,i_39,0.3025113941137262,53.041555679199085,-27.75985347549944,746199064384635919,0,3122.747640289781,1484.862332664229,0.013054572,0.015567605,53.041555679199085,-27.75985347549944,7.5737483e-07,8.3708164e-07,68233.72173702423,609.9381945178172,66538.45426992638,394.2254586368879,False,68143.62045686995,497.9747409836405,False,68888.54871270175,681.9167022374363,False,68733.55238903702,978.584294557994,False,68645.82040428059,1356.992579822777,False,0.4465425871154656,21.181621685119964,68123.45471691292,300.33070848559,0.0,0.0001893171516852,False,116723.3359375,852.9818725585938,False,117999.32495117188,1168.0564047375613,False,117583.55517411232,2324.3951480329715,False,False,0.7648836392435052,36.28203971372697,False,False
EIS-DEEP CDFS-1 Ks 1  386,53.04147949112,-27.759803317540005,2025121400783,-1,i,20251214,i_39,0.3113812018438215,53.0415589413314,-27.759853700055267,746199064494737890,0,1276.3601324936346,3661.263487684421,0.013200848,0.015419689,53.0415589413314,-27.759853700055267,7.593618e-07,8.34627e-07,68305.03551421603,613.8703258492246,66434.9920338808,397.69617787626834,False,67730.93405275863,502.34275144127184,False,68334.2165245833,688.1636425094555,False,67742.82398395105,988.059651127968,False,67312.33782105497,1370.1347574564736,False,0.2721152333249051,21.23379379690176,67991.76878025793,301.6059406619754,0.0,0.0003909790206337,False,115102.171875,853.6829223632812,False,116127.39208984376,1169.467555202323,False,114390.80806344748,2328.41150871805,False,False,0.4624335216102526,36.08477894702458,False,False
EIS-DEEP CDFS-1 Ks 1  386,53.04147949112,-27.759803317540005,2025121400784,-1,i,20251214,i_39,0.3135537382174777,53.0415584570912,-27.759855310117107,746199064630003916,0,1012.1947485427391,3265.247010727876,0.014050296,0.016152887,53.0415584570912,-27.759855310117107,7.990642e-07,8.815767e-07,68898.33068181732,616.4929202038883,66495.76806591311,398.0844566797237,False,68055.13929018259,503.1443688571107,False,68343.98774088596,689.1535603870337,False,67788.53604111585,989.1983663954984,False,67667.62128494737,1371.1452836029005,False,-0.1702379802956502,22.419998535624888,67817.90483347628,305.72939846377625,0.0,0.0001397355560376,False,115326.8046875,852.6326293945312,False,115816.28967285156,1167.845351393115,False,114670.11345493792,2323.554193989722,False,False,-0.288486696357157,37.99311586428626,False,False
EIS-DEEP CDFS-1 Ks 1  386,53.04147949112,-27.759803317540005,2025121400785,-1,i,20251214,i_39,0.3102182479545213,53.04155896875759,-27.75985310916534,746199064784666645,0,1338.4606433663462,27.884048369571712,0.013601836,0.016328108,53.04155896875759,-27.75985310916534,7.740306e-07,8.92133e-07,68720.42801889963,611.9739764394402,66681.80311745638,395.5672157773431,False,68219.4275798756,499.6900420945586,False,69197.70933015402,684.6390723649765,False,69395.0857363227,981.4086084368198,False,,,True,-0.2664945840929504,20.47528168942552,69563.9793943115,311.68031011092614,0.0,6.0114261463573015e-05,False,116231.2265625,851.3643188476562,False,117898.00817871094,1166.477672953505,True,,,False,False,-0.4540494325479272,34.88547455470991,False,False
EIS-DEEP CDFS-1 Ks 1  386,53.04147949112,-27.759803317540005,2025121400786,-1,i,20251214,i_39,0.4049865702780537,53.04154197242702,-27.75970534611025,746199064916787201,0,2996.0,10.0,0.096301384,5.009907,53.04154197242702,-27.75970534611025,6.0721537e-05,0.00027172445,,,19227.394070561248,358.2556596012478,True,,,True,,,True,,,True,,,True,0.5364818236807646,20.788025831605104,22702.359234576263,232.41924016665715,,,True,,,True,,,True,,,True,True,0.9144605319975307,35.43424645913052,True,False
EIS-DEEP CDFS-1 Ks 1  386,53.04147949112,-27.759803317540005,2025121400787,-1,i,20251214,i_39,0.3122567492573361,53.04155874365338,-27.759854357677614,746199065033705778,0,2200.7203011884494,3562.457740835515,0.015740868,0.015165128,53.04155874365338,-27.759854357677614,8.730028e-07,8.4486663e-07,68692.15170033232,613.4732351825207,66774.27300788547,396.158593881437,False,68816.32508397702,500.7799297734037,False,69986.16102970415,686.0855168711764,False,70938.13834078443,985.0907633701576,False,68809.21032423724,1364.1566985347413,False,-0.1400618166795093,21.237367007854168,67848.04844268251,304.9366518079429,0.0,0.0021709809006417,False,117064.2265625,851.8823852539062,False,119054.24768066406,1167.107808942821,False,117052.12356448174,2320.5823418955806,False,False,-0.2382607356687094,36.1271244862982,False,False
EIS-DEEP CDFS-1 Ks 1  386,53.04147949112,-27.759803317540005,2025121400788,-1,i,20251214,i_39,0.3091166746464145,53.041557876508605,-27.759853929631326,746199065167399553,0,729.2249637821102,3890.7045837922665,0.014159029,0.012569568,53.041557876508605,-27.759853929631326,7.7931696e-07,7.07209e-07,69373.01478361017,612.0242628037817,67550.19226060157,397.1600353010138,False,68928.97601461175,501.1611627804534,False,69539.74508278216,686.031997054775,False,68221.34134974748,983.8545215099066,False,64666.43150658831,1362.67567884675,False,-1.0294377520287803,21.2066666289537,68551.56911055316,299.65336234648004,0.0,1.4983575602478538e-08,False,117545.0859375,854.6337890625,False,118586.63488769533,1169.895372195636,False,110276.13767397404,2323.780781844602,False,False,-1.7555077128068577,36.163883398178704,False,False
EIS-DEEP CDFS-1 Ks 1  386,53.04147949112,-27.759803317540005,2025121600059,-1,i,20251216,i_39,0.3089631121029992,53.04155713163901,-27.75985474969761,746207763436143086,0,3596.2750510611654,844.4874114872453,0.01401065,0.018772021,53.04155713163901,-27.75985474969761,8.0394864e-07,1.0238982e-06,68165.33430588804,657.8804951727936,66272.63737658021,420.03403405892703,False,67773.67712215302,534.0130185009648,False,68523.9666163278,735.3255980534627,False,68447.36637465686,1059.504233894609,False,67657.26933269107,1469.4843781486356,False,-0.123392433611837,23.34490658988309,68029.00687968181,318.8269739208865,0.0,0.0002845278423635,False,114125.5390625,899.2359008789062,False,115388.96752929688,1238.2304432597489,False,113929.51750534771,2474.496056896374,False,False,-0.2077831482686605,39.31098565202772,False,False
EIS-DEEP CDFS-1 Ks 1  386,53.04147949112,-27.759803317540005,2025121600060,-1,i,20251216,i_39,0.3027083575638337,53.0415546896384,-27.75985472110482,746207763569838357,0,3361.2254276415783,3760.6369566668855,0.012645781,0.016442789,53.0415546896384,-27.75985472110482,7.157696e-07,9.0347515e-07,69419.25690567448,655.009434725178,67962.60017570286,419.9358413817512,False,69411.26921468401,533.1123147932656,False,70036.76917644119,732.9208032115173,False,70879.43944608109,1054.9193559576215,False,69519.57831997902,1464.4751688735032,False,0.2249750504298366,22.511494393032603,69559.46785810539,314.96652360666326,0.0,0.0004269797015198,False,117199.078125,900.1459350585938,False,118255.21813964844,1237.5172424718126,False,117381.9551626444,2472.727291559433,False,False,0.3798643766324375,38.01005830795826,False,False
EIS-DEEP CDFS-1 Ks 1  386,53.04147949112,-27.759803317540005,2025121600061,-1,i,20251216,i_39,0.3072653020882297,53.04155741445495,-27.7598536175097,746207763683608033,0,1728.1091844542948,2267.46820547413,0.013984775,0.017692262,53.04155741445495,-27.7598536175097,7.853435e-07,9.769536e-07,69333.82148365767,659.3243281925819,67017.07839879474,422.49400830613786,False,68005.70084452612,536.8047098524434,False,68273.49321944968,739.1490707087643,False,65901.31937797285,1062.5662007311937,False,66213.50542316677,1476.7856189437296,False,-0.9527307756461983,24.030772348344765,68397.2412717069,311.2191921583932,0.0,5.019343954471012e-05,False,114618.578125,904.74462890625,False,115069.92236328124,1245.781080923496,False,111597.96531802416,2489.012917104624,False,False,-1.6057572451190372,40.50208914264204,False,False
EIS-DEEP CDFS-1 Ks 1  386,53.04147949112,-27.759803317540005,2025121600086,-1,i,20251216,i_39,0.3103422195281697,53.0415580430937,-27.759854304697036,746207767035381036,0,632.4200426363374,1906.532940267936,0.012343176,0.0124179665,53.0415580430937,-27.759854304697036,6.8765036e-07,6.884928e-07,67758.14428077506,662.2507674305211,66008.90099160005,423.864517121832,False,67726.175496956,539.5727116579922,False,69334.66060372499,743.8731870500512,False,70053.81841052955,1074.2620682687188,False,71060.76774887243,1488.1012051906516,False,1.2544083227518552,22.8308105753615,67842.79097933427,303.18650688516544,0.0,2.626565292818128e-06,False,114528.7734375,912.4478149414062,False,117248.81225585938,1257.9314139732508,False,120167.75655922294,2516.4628672855,False,False,2.121275054148285,38.60818527834308,False,False
EIS-DEEP CDFS-1 Ks 1  386,53.04147949112,-27.759803317540005,2025121600088,-1,i,20251216,i_39,0.3071237128160908,53.04155666164345,-27.75985445267692,746207767303293164,0,3686.107607520488,3596.485932516282,0.014293119,0.014625851,53.04155666164345,-27.75985445267692,8.0344404e-07,8.037221e-07,69462.76166729738,657.9420750336589,66745.92623750406,420.49975405259823,False,68575.0075518005,534.5730857908845,False,69431.47029549895,735.3721634206138,False,68881.48572403638,1057.414507738284,False,68868.94757873556,1468.815219269947,False,-0.2351626201871367,23.01532587356085,69650.56806144654,321.54616804437705,0.0,1.275756902674452e-06,False,115702.5859375,901.9537963867188,False,117147.64526367188,1240.7502962350732,False,116198.53369516134,2478.2457224742493,False,False,-0.3967760885908275,38.83240869866042,False,False
EIS-DEEP CDFS-1 Ks 1  386,53.04147949112,-27.759803317540005,2025121600092,-1,i,20251216,i_39,0.310119185196251,53.04155724440051,-27.759855151600306,746207767866377280,0,2158.536344413588,1654.5923677341202,0.015820326,0.01420797,53.04155724440051,-27.759855151600306,8.6285337e-07,8.0732036e-07,68553.27740656804,649.5161736124219,66502.08905082407,416.569663520771,False,68273.14011637635,528.9471579130186,False,69241.1992653512,727.3411637452288,False,68516.25484118628,1048.345703350855,False,67459.30509789297,1452.0318917835216,False,-0.2594662790585499,22.576326130975158,68175.7012328442,310.3210991623177,0.0,0.0001560126560942,False,114757.0546875,889.0819702148438,False,116384.21899414062,1222.5529624403516,False,113389.11834293604,2440.6509343112334,False,False,-0.4361244542836258,37.94746642733824,False,False
EIS-DEEP CDFS-1 Ks 1  386,53.04147949112,-27.759803317540005,2025121600093,-1,i,20251216,i_39,0.3107821093261086,53.0415583262044,-27.759854169096677,746207767978575332,0,929.35388725988,2312.388209473092,0.01443724,0.013078851,53.0415583262044,-27.759854169096677,7.8567433e-07,7.450837e-07,69163.89423265148,645.7648736825394,66274.84817250914,413.6914299865033,False,68575.60596196208,525.3089150655104,False,69238.26849398547,722.6921539011055,False,68343.09423836651,1039.20360934406,False,68767.02402321067,1441.2106954603248,False,-0.1339866743216372,22.011667950287343,68219.98095111991,313.5133438852111,0.0,0.0001739838173319,False,114637.4609375,878.156005859375,False,115745.23022460938,1208.1204737531611,False,114957.4534510374,2409.263942854309,False,False,-0.2239847818801942,36.79678348332728,False,False
EIS-DEEP CDFS-1 Ks 1  386,53.04147949112,-27.759803317540005,2025121600094,-1,i,20251216,i_39,0.3124305222148227,53.04155712839739,-27.75985634501505,746207768133239202,0,1293.5562525411187,549.1616831440695,0.012711485,0.013470284,53.04155712839739,-27.75985634501505,7.185352e-07,7.37137e-07,68337.18074135628,639.3407987605594,66124.52080143982,411.0377944198203,False,67969.76495181365,521.4566729765133,False,69148.82061386305,716.4304888709992,False,69137.76678165469,1029.8206005062411,False,67898.05329532082,1429.547630143026,False,0.080940977091519,22.1424564064679,67866.49947798146,303.10493438246846,0.0,0.0005609078033428,False,114438.90625,877.962890625,False,116424.05126953124,1206.2351783719423,False,114318.1672193408,2406.8917605030238,False,False,0.1362781951022854,37.28067170220335,False,False
EIS-DEEP CDFS-1 Ks 1  386,53.04147949112,-27.759803317540005,2025121600095,-1,i,20251216,i_39,0.3041313127553946,53.04155533030336,-27.75985463208345,746207768247011733,0,1481.467233304437,3617.435406874751,0.01189724,0.014092105,53.04155533030336,-27.75985463208345,7.033492e-07,7.4577537e-07,68294.98187995225,639.3683012725191,66713.56933754157,411.8137386657697,False,68344.95525774294,522.3247401026067,False,69462.24142439853,717.7238840877101,False,69149.84974076926,1034.5627767016667,False,68111.87995227186,1432.1418068666892,False,0.1612292639001884,22.130709459886116,68483.0877095099,305.4417949844167,0.0,0.001173069829474,False,115089.46875,879.568603515625,False,116970.92248535156,1208.6109386907958,False,114696.98165297508,2411.65480473819,False,False,0.2715019749336073,37.26700215390567,False,False
EIS-DEEP CDFS-1 Ks 1  386,53.04147949112,-27.759803317540005,2025122000262,-1,r,20251220,r_57,0.3064089438229501,53.04156196977544,-27.75984710529376,746225382850561456,746225382850560804,377.96364798240376,2970.7630092558693,0.053852756,0.060674194,53.04156196977544,-27.75984710529376,3.2304738e-06,3.1489908e-06,30787.315497285603,625.4435182451444,27057.41724011846,370.5373487975788,False,30161.07261594776,485.3035987030629,False,31317.87211763906,679.6836687391816,False,31144.759132104213,990.9763861268586,False,31571.701160798184,1381.1309297566636,False,0.0628353720556441,21.680705691189385,29408.63312093113,360.6290024699857,0.0,0.0012505678707351,False,54709.5703125,880.2986450195312,False,56807.904296875,1232.8872364268116,False,57268.32817041874,2505.2517420198624,False,False,0.1139779161491978,39.32692008471769,False,False
EIS-DEEP CDFS-1 Ks 1  386,53.04147949112,-27.759803317540005,2025122000270,-1,z,20251220,z_20,0.3115647088085346,53.0415607930476,-27.75985142290797,746225383922205098,0,3630.9767300375615,1853.0609486430512,0.048953775,0.049417216,53.0415607930476,-27.75985142290797,2.7295605e-06,2.740159e-06,95533.10303856288,1970.0755524987412,85092.09017156034,1150.618403779705,False,95907.3657255914,1520.195606220823,False,103801.86713973006,2138.912458437228,False,107762.8606960681,3136.593929001685,False,112652.56935407744,4389.416840524443,False,-0.0307125788187033,68.82202817407165,96606.1861683505,1062.7299937048426,0.0,0.0001624750770715,False,98906.5234375,1567.7342529296875,False,107047.89697265624,2205.799248062685,False,116175.373046875,4526.680055590808,False,False,-0.0316730041929156,70.97418942869342,False,False
EIS-DEEP CDFS-1 Ks 1  386,53.04147949112,-27.759803317540005,2025122300330,-1,g,20251223,g_6,0.2867624598432475,53.041552487647486,-27.75984992845363,746238586114803164,746238586114802482,1745.4092376233682,2773.546838350265,0.13248976,0.09049714,53.041552487647486,-27.75984992845363,6.8781037e-06,5.6930858e-06,10479.293071763932,376.86130309287387,9510.31837796819,228.6586028380416,False,10455.366431934872,300.2953961657944,False,10768.50005446596,422.9513967171608,False,11044.836634434265,617.8851561079153,False,12157.63383775385,861.2796700621664,False,0.3605184756261312,13.88689766521123,10589.971299794328,205.36133786063712,0.0,0.0452507215120848,False,20463.009765625,587.7314453125,False,21075.8679009676,827.7910313092992,False,23794.649529352784,1685.6773422674598,False,False,0.7055987119583449,27.179126086818968,False,False
EIS-DEEP CDFS-1 Ks 1  386,53.04147949112,-27.759803317540005,2025122300331,-1,g,20251223,g_6,0.215316128946211,53.041532347551886,-27.759840593811056,746238586268942515,0,3033.682833196293,675.8425867673708,0.16633287,0.11574158,53.041532347551886,-27.759840593811056,8.761517e-06,7.0939222e-06,10359.654627508751,386.0077895802722,9452.033831775592,231.94735179456447,False,10358.20143584146,304.7796728242942,False,11150.254659946168,429.2549809800905,False,11231.178045433344,625.8567301683208,False,12464.302859453104,872.73626484068,False,0.1935009589637647,14.091425938446209,9996.669532126218,213.8075618967815,0.0,0.1375539168435242,False,19997.1875,588.3971557617188,False,21526.29821777344,828.7049053000467,False,24063.15448498726,1684.8746217350408,False,False,0.3735662973727318,27.204422348693285,False,False
EIS-DEEP CDFS-1 Ks 1  386,53.04147949112,-27.759803317540005,2025122300332,-1,g,20251223,g_6,0.1489977082896243,53.04151468759793,-27.75983057440278,746238586383238020,0,797.3355041781167,3676.787140558298,0.16320977,0.11323,53.04151468759793,-27.75983057440278,8.696787e-06,6.8209533e-06,10374.305958930465,399.250169337112,9421.9434409058,238.48756882571752,False,10220.465217252762,313.41576178742264,False,10622.41038500688,441.5068069309271,False,10356.754985579166,643.7945710169705,False,10361.368980952348,899.0624191768396,False,-0.1517431695676307,14.342942328545329,10525.57672417638,236.03032669905824,0.0,0.0026476916715265,False,19248.64453125,590.2694702148438,False,20005.645263671875,831.5088798888346,False,19514.01468837261,1693.2431694916927,False,False,-0.2857844793720294,27.01268411425585,False,False
EIS-DEEP CDFS-1 Ks 1  386,53.04147949112,-27.759803317540005,2025122300333,-1,g,20251223,g_6,0.2214307988466503,53.04153765465307,-27.75983699552692,746238586516407523,746238586516406974,3801.540028305378,2910.430633285151,0.19138604,0.15238456,53.04153765465307,-27.75983699552692,1.0409724e-05,8.7724675e-06,10389.205341758225,400.9822153890736,9250.944330016062,239.0822344643307,False,10126.30709041257,314.3260846630571,False,10515.958034313113,443.21261301462425,False,10015.017215092126,647.9733111741934,False,9512.18025321055,903.1939692398462,False,0.0167733357787735,14.31778574918721,10313.143859920883,232.15782953340195,0.0,0.1105104836765189,False,19026.314453125,590.587158203125,False,19758.42946004868,832.7520061870723,False,17872.431777596474,1697.0107974696318,False,False,0.0315154140700463,26.90168207464553,False,False
EIS-DEEP CDFS-1 Ks 1  386,53.04147949112,-27.759803317540005,2025122300334,-1,g,20251223,g_6,0.2263095841991695,53.041534885187446,-27.75984267521674,746238586651149264,0,3822.2780542719056,3793.2954228898734,0.13515358,0.11783291,53.041534885187446,-27.75984267521674,7.4411205e-06,6.648068e-06,10068.562508825054,401.6131744697337,8965.843982700153,239.6721811240737,False,9648.239040730274,315.12633227515425,False,9412.609065472878,444.2884235392753,False,9141.728658605332,649.0740533253363,False,9195.467709882529,905.9330261062588,False,-0.4907691750935814,14.264213593966256,9822.997286417958,225.24783559054197,0.0,0.2859003885752724,False,18075.943359375,590.3881225585938,False,17634.49139404297,832.3728656824501,False,17227.677795410156,1697.2624743389918,False,False,-0.9194543972292912,26.72395614392294,False,False
EIS-DEEP CDFS-1 Ks 1  386,53.04147949112,-27.759803317540005,2025122300335,-1,g,20251223,g_6,0.2212817024950975,53.04153142514866,-27.75984413640004,746238586783793990,0,1613.9504147757625,2950.8667614150754,0.15512708,0.11563066,53.04153142514866,-27.75984413640004,8.508294e-06,6.5962668e-06,10295.2949201049,403.22595175734097,9215.80264539704,241.1786191865608,False,10234.386788566391,317.20892362127466,False,10637.032103917987,446.3835167874804,False,10427.969809962868,651.917171449305,False,9514.930041438629,909.0864424329112,False,-0.6173244253823864,14.28634338919839,10140.5003564443,221.57774620854312,0.0,0.0075234788118635,False,19428.484375,602.1746826171875,False,20192.847534179688,847.3937286454604,False,18062.701113253832,1725.767464843512,False,False,-1.171900007360147,27.120530525874887,False,False
EIS-DEEP CDFS-1 Ks 1  386,53.04147949112,-27.759803317540005,2025122300336,-1,g,20251223,g_6,0.2337248188901297,53.0415312743424,-27.759849309789004,746238586940555320,0,182.0416263738495,171.1365573878744,0.10661379,0.081740424,53.0415312743424,-27.759849309789004,5.8808955e-06,4.610192e-06,10284.314497209563,395.9754622915343,9402.720301564676,237.6027861339271,False,10190.898209439998,312.232697953061,False,10731.917039014636,439.2300383947667,False,10939.377802933304,642.0364857761402,False,10746.283255203149,895.6637989388811,False,-0.418035364939967,14.06406702174799,10042.295210690396,201.0809700522061,0.0,0.002045366658001,False,19483.279296875,596.936279296875,False,20517.616088867188,839.733783789076,False,20545.081872224808,1712.358183958864,False,False,-0.7992131413452715,26.8881250899809,False,False
EIS-DEEP CDFS-1 Ks 1  386,53.04147949112,-27.759803317540005,2025122400056,-1,g,20251224,g_6,0.2905530291582688,53.041550665823,-27.75985378640911,746242947401385874,0,2175.075601559875,2625.1623136095704,0.030858248,0.028964328,53.041550665823,-27.75985378640911,1.6865439e-06,1.6404606e-06,10618.092896999684,288.41356750886365,10266.61327618362,179.65597662189535,False,10469.608163688292,232.99617119739472,False,10355.939151546858,324.9970789878834,False,10406.48173279019,472.7981610257923,False,10036.953561697934,659.0794686400452,False,-0.0220486902316388,10.313952762871208,10423.973391514666,111.2327484675554,0.0,2.393578435844201e-05,False,23917.234375,532.2667236328125,False,23657.563873291016,742.437652662377,False,22928.859131395817,1505.6301894741798,False,False,-0.0503689998409744,23.561648316298324,False,False
EIS-DEEP CDFS-1 Ks 1  386,53.04147949112,-27.759803317540005,2025122400057,-1,g,20251224,g_6,0.2905234965312956,53.041553101615946,-27.759850958096887,746242947517253181,0,2181.156639055921,2136.9656063840425,0.030660495,0.032636784,53.041553101615946,-27.759850958096887,1.7415838e-06,1.7798914e-06,10543.79219524737,290.42596014884793,10013.625822749187,180.7856625599448,False,10396.823820645472,234.762619403824,False,10323.897707556342,327.2929376302524,False,10737.69348183117,476.9971988335216,False,10055.04987621931,664.3475613138296,False,0.0465400362242244,10.508883434966268,10214.260723515235,112.30405632920632,0.0,0.0019890777811434,False,23869.349609375,538.9752807617188,False,23701.92358398437,751.4092464914779,False,23084.69441971183,1525.2296736669143,False,False,0.1068480542358581,24.12661953694685,False,False
EIS-DEEP CDFS-1 Ks 1  386,53.04147949112,-27.759803317540005,2025122400059,-1,g,20251224,g_6,0.2930544915252028,53.04155142904236,-27.759854054314303,746242947787785831,0,2754.4621458047063,2212.766603574782,0.030646082,0.030080626,53.04155142904236,-27.759854054314303,1.6908889e-06,1.6861115e-06,10062.683063127532,287.45729146328017,9873.11888812129,178.527939187303,False,10199.83460595048,231.8951729850375,False,10462.171545306524,324.9653375081178,False,10237.481296854814,471.5299061612273,False,10135.25524524776,657.5195055510768,False,-0.0447266559614067,10.43322189028951,10348.476253319088,111.37159515604463,0.0,9.961845739481225e-05,False,23356.484375,531.0140991210938,False,23957.20672607422,744.1344022869741,False,23208.60483700037,1505.6463806483814,False,False,-0.1024190569226636,23.89091524281114,False,False
EIS-DEEP CDFS-1 Ks 1  386,53.04147949112,-27.759803317540005,2025123000109,-1,y,20251230,y_10,0.3058742071421481,53.04155804012654,-27.759852180736814,746269342793990471,0,1831.292210817592,1618.4963165715003,0.06341243,0.06637317,53.04155804012654,-27.759852180736814,3.5322973e-06,3.67913e-06,117778.08416431423,3326.533088757966,110241.930262212,1986.151816090956,False,116523.7583516943,2618.956704530934,False,115911.4495748196,3707.549167676198,False,119055.88064289844,5419.906088040571,False,128937.21397859152,7568.909140677197,False,3.4023750735194667,119.411961270503,115986.69289933667,1551.6291070897134,0.0,3.141686606866756e-06,False,49066.1171875,1102.796875,False,48808.28466796875,1561.1841268504131,False,54293.206298828125,3187.135294393011,False,False,1.4326806518656003,50.282288935478014,False,False
EIS-DEEP CDFS-1 Ks 1  386,53.04147949112,-27.759803317540005,2025123000110,-1,y,20251230,y_10,0.3079989784827738,53.04155797078664,-27.759853285347983,746269342928208205,0,1831.613539750048,1618.6227216181803,0.065978676,0.05299897,53.04155797078664,-27.759853285347983,3.6327035e-06,2.9857088e-06,113900.35996166496,3327.39403109056,108526.58463269893,1992.2297138533704,False,111971.16337116994,2626.085230106698,False,113978.1610718483,3722.676630447436,False,118134.14967270952,5441.344917216985,False,131578.12460098698,7596.821542780044,False,4.443431240834772,121.21146275650231,114470.87773499484,1531.714868331326,0.0,4.009961093720538e-05,False,47105.33203125,1104.7720947265625,False,47949.6591796875,1566.0989262111405,False,55353.81665039063,3195.9192919035563,False,False,1.8693143632322355,50.9926487073426,False,False
EIS-DEEP CDFS-1 Ks 1  386,53.04147949112,-27.759803317540005,2025123000111,-1,y,20251230,y_10,0.3002560445973182,53.04155243751194,-27.75985613320194,746269343062425939,0,1828.5569308830843,1623.1181797840384,0.056892805,0.051902622,53.04155243751194,-27.75985613320194,3.1482282e-06,2.8984816e-06,111900.04308339804,3350.688676915057,106569.76533942968,1998.6603889240043,False,113922.78814623902,2637.445362503385,False,117449.9576750589,3727.652830490048,False,122689.37250575042,5448.969821319309,False,130093.46364765114,7620.131558477512,False,2.439527583933579,118.15204540410808,114207.90041085212,1483.8448597963418,0.0,0.0018531412641648,False,47906.45703125,1109.09033203125,False,49389.69140625,1567.5409903245454,False,54706.499267578125,3204.394055121505,False,False,1.025862562512445,49.68493115741099,False,False
EIS-DEEP CDFS-1 Ks 1  386,53.04147949112,-27.759803317540005,2025123000112,-1,y,20251230,y_10,0.30763803022295,53.04155440630895,-27.75985724149178,746269343196643676,0,1830.3523059588083,1630.1853592593004,0.061097994,0.05097665,53.04155440630895,-27.75985724149178,3.3688539e-06,2.86374e-06,106065.376313869,3357.141806228347,106122.98948975952,2005.0722522248225,False,109316.6583030681,2644.2281523007427,False,117380.97253763932,3740.263669148153,False,122355.4134502434,5469.988250359171,False,139409.23803836733,7645.496833136812,False,5.35970413459208,121.78197632329294,113725.86615430783,1513.7536827559234,0.0,0.0125144024919697,False,45937.5625,1111.1700439453125,False,49326.38671875,1571.7512658649418,False,58583.20849609375,3212.8267920710587,False,False,2.2522801875423037,51.175797317322285,False,False
EIS-DEEP CDFS-1 Ks 1  386,53.04147949112,-27.759803317540005,2025123000113,-1,y,20251230,y_10,0.3119619900789852,53.0415545897187,-27.759858932017845,746269343330861407,0,1833.7563582272408,1628.584162209335,0.055549372,0.048878144,53.0415545897187,-27.759858932017845,3.0688007e-06,2.735739e-06,116019.34966156608,3352.0680640686373,112078.82944926569,2006.6445298226329,False,117069.10861726482,2645.549598870213,False,124255.30179095194,3741.784761330641,False,128451.62128847912,5470.518747032978,False,140650.9939723564,7647.286001347196,False,8.155044934119838,121.62054108908556,116932.64271981904,1472.3004419910867,0.0,0.0015413560850719,False,49277.17578125,1113.5748291015625,False,52302.015625,1575.0063154790296,False,59203.352922439575,3218.924795693747,False,False,3.432652622618085,51.19298209958156,False,False
EIS-DEEP CDFS-1 Ks 1  386,53.04147949112,-27.759803317540005,2025123000168,-1,y,20251230,y_10,0.3380542633566847,53.04156436780891,-27.7598596800871,746269350695535058,0,1869.8507558410183,3009.9809998106216,0.088803396,0.09703115,53.04156436780891,-27.7598596800871,5.022371e-06,5.311924e-06,109185.06630656045,4516.787854453848,103122.40551381434,2633.49048306382,False,109297.81717355664,3492.2947667267454,False,115476.27642038936,4944.247936308892,False,119693.64060187018,7263.189542500313,False,121864.34694222025,10157.105621164364,False,3.532014601887192,163.93559686207877,113222.38937878692,2149.0701831568035,0.0,0.0592645972380502,False,42631.94921875,1362.1802978515625,False,45041.876220703125,1928.5190902845104,False,47533.56274414063,3961.810237832663,False,False,1.3776731415270074,63.94358296718571,False,False
EIS-DEEP CDFS-1 Ks 1  386,53.04147949112,-27.759803317540005,2025123000169,-1,y,20251230,y_10,0.3191161229052396,53.04155795809479,-27.759858420025797,746269350830276899,0,2280.238444770031,1753.6095215201965,0.08220832,0.07491921,53.04155795809479,-27.759858420025797,4.5142724e-06,4.2221245e-06,115764.10861000216,4454.763566753367,105068.79404295332,2601.54104317793,False,112453.97539260016,3450.325217314702,False,112018.375115686,4895.236053484424,False,113229.68218138655,7178.049271896415,False,109331.6431809533,10040.942033152562,False,-2.017633459870098,157.9708461804643,114557.44173000846,2019.260099516187,0.0,0.0004637984415288,False,44124.265625,1353.8255615234375,False,43953.34643554688,1920.77421155568,False,42899.13671875,3939.826865606791,False,False,-0.7916713873954714,61.9840032647836,False,False
EIS-DEEP CDFS-1 Ks 1  386,53.04147949112,-27.759803317540005,2025123100238,-1,i,20251231,i_39,0.3003455320888845,53.04155641387567,-27.75985155640147,746273758138335696,0,3642.289685472753,1175.4276014887917,0.018442594,0.020009927,53.04155641387567,-27.75985155640147,1.1101824e-06,1.0275178e-06,69649.37260428646,1171.614820985962,67308.66080247391,716.1714687037544,False,68931.74333768901,941.2860823794596,False,69803.69726998938,1330.8894807250233,False,68490.45130975003,1943.715492070821,False,71600.08343740339,2713.210669495813,False,0.7656965518290989,43.44788915882376,68507.45379393737,412.0811718255452,0.0,0.0008031007974536,False,116550.6484375,1591.5382080078125,False,118024.958984375,2250.2844765908903,False,121062.3110448122,4587.530324427193,False,False,1.294649247224903,73.46223103475198,False,False
EIS-DEEP CDFS-1 Ks 1  386,53.04147949112,-27.759803317540005,2025123100248,-1,i,20251231,i_39,0.3030875377776874,53.04155536575863,-27.75985411188916,746273759480513102,0,1693.3878217487977,1482.7735350527694,0.025508301,0.023872243,53.04155536575863,-27.75985411188916,1.3646203e-06,1.3817702e-06,70156.53069653419,1208.066335149372,66628.622942686,735.7755176309548,False,68770.31965740657,967.9571625589774,False,68086.45677573768,1365.8888720472708,False,66957.18083843557,1996.795242070403,False,66832.54305992153,2790.689859081691,False,-0.4380723644064184,44.3561201008264,68079.60335693449,454.7341750111863,0.0,0.0006917440571112,False,115118.09375,1620.3121337890625,False,113973.34130859376,2286.4300181784142,False,111874.35213112833,4671.475985939244,False,False,-0.7333113437053934,74.24993831046203,False,False
EIS-DEEP CDFS-1 Ks 1  386,53.04147949112,-27.759803317540005,2025123100249,-1,i,20251231,i_39,0.3187154509316452,53.04156022629756,-27.759855603282183,746273759617352547,0,644.6907168105524,2343.421282000046,0.027588122,0.02560305,53.04156022629756,-27.759855603282183,1.4745661e-06,1.4843016e-06,67709.49826889971,1218.2041916317428,66111.47326985572,740.8778905874675,False,67867.4350788535,974.7021780113844,False,69904.75639886869,1377.9524832959708,False,68893.9370617377,2015.2670232190555,False,69483.92804719998,2814.082395231053,False,-0.675865377914059,44.56652752315217,67291.25604031944,469.8866317482438,0.0,0.0001644829186974,False,113236.4375,1626.28515625,False,116635.69677734376,2299.106045063018,False,115933.5470160246,4695.2808058414485,False,False,-1.1276776194010854,74.3590029975935,False,False
EIS-DEEP CDFS-1 Ks 1  386,53.04147949112,-27.759803317540005,2025123100250,-1,i,20251231,i_39,0.2987123631353882,53.041554072770026,-27.759853609083496,746273759749472947,0,2192.023620637949,1858.101532973938,0.028523598,0.02719566,53.041554072770026,-27.759853609083496,1.5501479e-06,1.5482449e-06,70123.33828556292,1222.320504325069,67127.68469515283,745.5052506843048,False,69652.07832022254,980.876842833072,False,70372.4715907315,1378.4542739561057,False,70987.18875672857,2022.4125875416307,False,69700.17106080583,2824.816918557402,False,-0.920109036585849,45.08292939385848,67835.50041161229,482.2802523065291,0.0,0.0070098286211339,False,115921.828125,1632.4715576171875,False,117120.77734375,2294.1589580295067,False,116001.8687862754,4701.337694650388,False,False,-1.5313358074542425,75.03143794991465,False,False
EIS-DEEP CDFS-1 Ks 1  386,53.04147949112,-27.759803317540005,2025123100251,-1,i,20251231,i_39,0.3122097855688477,53.04155908332957,-27.759853919733818,746273759885788626,0,1461.8498759441406,3976.681145706483,0.02212305,0.020009112,53.04155908332957,-27.759853919733818,1.1794791e-06,1.1654786e-06,69335.97048823006,1225.4085423463682,67928.96970824269,745.6067079326563,False,69363.33432246711,980.7198497361336,False,69950.10409926609,1385.6554676323904,False,72481.0001179997,2025.446876664736,False,,,True,-0.1934307332751399,44.52146666854021,69694.13635575389,463.9902213095239,0.0,0.0014422155404028,False,116337.8125,1644.8863525390625,False,117321.95654296876,2324.0538759798646,True,,,False,False,-0.3244265662732395,74.67244895451856,False,False
EIS-DEEP CDFS-1 Ks 1  386,53.04147949112,-27.759803317540005,2025123100252,-1,i,20251231,i_39,0.306817321405727,53.04155515651452,-27.759856047244035,746273760042025093,0,3228.7504743409154,322.33729674651465,0.023132209,0.022053847,53.04155515651452,-27.759856047244035,1.2630213e-06,1.2489755e-06,69372.05284975671,1219.0821452410155,66644.24595702988,742.7827743832604,False,69206.69609722213,977.8228084975308,False,70386.93317962691,1381.2895424015137,False,70097.65449604875,2018.1136349218905,False,70038.17980096446,2820.602004249268,False,0.4174963266173356,45.0449555312372,68996.3129936811,449.99508857338617,0.0,0.0001195051000514,False,116361.5078125,1644.0740966796875,False,118345.91357421876,2322.447724620244,False,117759.53290176392,4742.452980161529,False,False,0.7019624517709511,75.73687577280776,False,False
EIS-DEEP CDFS-1 Ks 1  386,53.04147949112,-27.759803317540005,2025123100253,-1,i,20251231,i_39,0.3157240761379791,53.0415597289066,-27.759854796244728,746273760172049832,0,1637.384152631858,3825.183311259176,0.022153353,0.021971041,53.0415597289066,-27.759854796244728,1.2280982e-06,1.224478e-06,68312.40088149355,1222.4726911261976,67904.8900994783,745.196246702404,False,68849.36867309856,980.0205440191452,False,69966.53711531026,1383.7940111152757,False,70781.72121665039,2022.482462461011,False,72052.67403751149,2825.898207999319,False,0.3209593819506339,44.07576086373396,68979.04129039099,447.70462932745374,0.0,8.284344811326783e-05,False,115755.96875,1647.7017822265625,False,117634.25634765624,2326.563327946461,False,121141.66396850348,4751.163169106346,False,False,0.5396267954685492,74.10427278425246,False,False
EIS-DEEP CDFS-1 Ks 1  386,53.04147949112,-27.759803317540005,2026010100044,-1,i,20260101,i_39,0.3087753310105131,53.04155667194512,-27.75985520248103,746278130145035854,0,1840.687815945749,3493.161189320909,0.01564872,0.01726735,53.04155667194512,-27.75985520248103,9.09511e-07,9.223406e-07,70081.44215726526,1001.268679265874,67412.134058389,616.5099905195341,False,68532.31599811501,805.38858369368,False,67961.88101370902,1132.304959935398,False,68392.4210638652,1649.9048899013226,False,66424.97669969844,2301.6109750298406,False,-0.9095567018162044,36.50676718316569,68040.0879724505,366.4413056078164,0.0,0.0001458591892168,False,118697.5625,1394.92822265625,False,117709.57250976562,1961.145436186465,False,115047.66340583564,3986.376479189829,False,False,-1.5753467818611633,63.2295029912012,False,False
EIS-DEEP CDFS-1 Ks 1  386,53.04147949112,-27.759803317540005,2026010100045,-1,i,20260101,i_39,0.3042925930245982,53.0415556779657,-27.75985430151921,746278130276631635,0,2624.173379810169,2536.1943151675664,0.016698342,0.018716319,53.0415556779657,-27.75985430151921,9.857117e-07,9.857424e-07,68315.55862359457,999.5205380948684,66755.00237687073,615.1583558621984,False,68017.01101221777,803.6864442551889,False,69074.26082148594,1130.829456656511,False,66492.00904217447,1647.4793449070548,False,62262.72484822106,2296.584049614507,False,-2.450353704279977,36.44802285923286,67747.04672140398,387.34963692696255,0.0,0.0004993282435281,False,118120.3046875,1395.705078125,False,119956.35522460938,1963.831076697468,False,108127.24523317814,3988.314153237193,False,False,-4.25535497420938,63.2966885977422,False,False
EIS-DEEP CDFS-1 Ks 1  386,53.04147949112,-27.759803317540005,2026010100046,-1,i,20260101,i_39,0.3126511126180743,53.041559167130494,-27.759854026602632,746278130412946685,0,983.383331314623,2832.296801357658,0.019979304,0.017613437,53.041559167130494,-27.759854026602632,1.0804881e-06,1.0120306e-06,67219.68173364903,1004.7080375984972,67239.92502815039,617.8211399982627,False,68111.9385238007,807.0347156720279,False,69835.09678722793,1135.3443490711836,False,70401.01503429135,1656.2276372377005,False,72295.24095208372,2310.908887947251,False,0.6954457027629205,36.53954247271988,68475.1295116477,391.2512156194599,0.0,3.05505450903798e-06,False,118307.390625,1401.783203125,False,121300.439453125,1972.0423513201715,False,125573.59982725978,4013.945373315504,False,False,1.2079580789864062,63.46755089151189,False,False
EIS-DEEP CDFS-1 Ks 1  386,53.04147949112,-27.759803317540005,2026010100047,-1,i,20260101,i_39,0.307851578337317,53.04155677952156,-27.759854650602477,746278130565514724,0,3739.833376270069,3339.8762001705104,0.01731598,0.016231133,53.04155677952156,-27.759854650602477,9.4495186e-07,9.2010123e-07,68248.55125571683,1003.2675322842496,66876.72056865181,618.4137360474572,False,68095.99337371942,808.1200650024949,False,68250.95074831707,1135.1631926586986,False,68329.26526671277,1656.3464216990749,False,67418.97122483852,2309.968805468387,False,-0.6948765052185226,37.41562058615608,69606.84664292757,385.70097804482094,0.0,0.0007685391110232,False,118443.640625,1405.614013671875,False,118713.16772460938,1974.4606779447397,False,117266.0534554124,4017.8739085029674,False,False,-1.2086423735852638,65.0793401918173,False,False
EIS-DEEP CDFS-1 Ks 1  386,53.04147949112,-27.759803317540005,2026010100311,-1,i,20260101,i_39,0.3138089989138268,53.04155830722234,-27.759855606175595,746278166014198537,0,2112.5586381516823,1963.449594282228,0.025519583,0.01635987,53.04155830722234,-27.759855606175595,1.368295e-06,9.774797e-07,68312.89944531815,1303.704648845097,67429.72360135952,792.3819783657365,False,69126.50049860461,1044.1250495807226,False,70945.01962809505,1478.1715216743603,False,74014.44211513748,2164.881111317291,False,75458.12555579332,3018.108139983321,False,1.530286934168615,47.56418083643428,69351.08076526297,447.356469913083,0.0,0.0017725572097718,False,116583.5546875,1760.9427490234375,False,119650.5322265625,2492.972871353534,False,127261.99711972477,5090.114107506963,False,False,2.580866804921142,80.21816868658802,False,False
EIS-DEEP CDFS-1 Ks 1  386,53.04147949112,-27.759803317540005,2026010100363,-1,i,20260101,i_39,0.2896470612806436,53.04155128044732,-27.759852691023543,746278172993520325,0,1955.003798812657,2055.986281480208,0.029554155,0.02101154,53.04155128044732,-27.759852691023543,1.5942177e-06,1.227789e-06,70831.01331936184,1450.175089812347,67374.01312154678,881.1479619013478,False,70434.89221501682,1163.8603999348943,False,71311.29396557617,1635.774192654781,False,72058.55247286422,2403.6725069401136,False,68008.76960449087,3368.2506505401952,False,-0.0196550257735687,52.8801025390597,68044.5117604248,508.4640851278168,0.0,0.0025361583324523,False,115821.5859375,1913.826416015625,False,117262.7216796875,2689.831066264025,False,111832.12333461642,5538.677208302849,False,False,-0.0323202916217684,86.95487631208057,False,False
EIS-DEEP CDFS-1 Ks 1  386,53.04147949112,-27.759803317540005,2026010200115,-1,g,20260102,g_6,0.3283004862940097,53.0415551971941,-27.75986519163993,746282537743024307,0,3495.479406698656,1693.657304503569,0.20583618,0.26304278,53.0415551971941,-27.75986519163993,1.2256316e-05,1.39505355e-05,9387.872035531822,1171.7222410674506,8335.536495499051,693.8103717914817,False,10013.16564621748,926.4319802668336,False,11332.216270036295,1324.0535904394046,False,10050.929070765227,1945.2627466330443,False,7984.818356435687,2720.9165061506665,False,-0.3436497498802848,42.86610552210421,10048.370575668509,476.694380555668,0.0,0.1069492444997918,False,22899.92578125,2118.73291015625,False,25916.5703125,3028.086223951937,False,18261.1328125,6222.686036494936,False,False,-0.7859206613621146,98.03399540865806,False,False
EIS-DEEP CDFS-1 Ks 1  386,53.04147949112,-27.759803317540005,2026010200116,-1,g,20260102,g_6,0.2796537215036319,53.0415472655186,-27.75985268896615,746282537877242032,0,3496.7089037431506,1693.0962403853025,0.21579938,0.18359512,53.0415472655186,-27.75985268896615,1.1608132e-05,1.0649391e-05,9873.523743332114,1170.649563414893,10611.521976762231,694.6125865040132,False,9454.736608138215,926.3219468922948,False,10098.045377327822,1321.7010443643626,False,7913.180737544452,1939.958375698428,False,7033.554121941115,2716.363818397994,False,0.0828303443241921,42.45171058924676,10830.63563436179,456.7018394531776,0.0,0.0005045132887664,False,21654.671875,2121.60302734375,False,23128.0751953125,3027.160207500588,False,16109.3125,6221.428435129468,False,False,0.1897106182830882,97.22934666961828,False,False
EIS-DEEP CDFS-1 Ks 1  386,53.04147949112,-27.759803317540005,2026010200117,-1,g,20260102,g_6,0.2635562604408238,53.04153651143208,-27.759856362178063,746282538013556909,0,2512.8110868319245,1663.016010829452,0.15748307,0.14049433,53.04153651143208,-27.759856362178063,8.589525e-06,7.9896645e-06,12791.601294991253,1185.633002562788,10279.4034521774,705.5344130051917,False,10714.775116745202,941.4433118036447,False,9654.820354166131,1338.4483874338468,False,7042.349350082313,1972.7585578257908,False,4486.280982673797,2760.1153563967805,False,-1.4283725868830406,43.38622807003449,10669.078305400011,453.8804577229911,0.0,0.006162931689557,False,24312.1875,2136.166748046875,False,21907.1142578125,3036.9847056807944,False,10179.5234375,6262.795190304655,False,False,-3.2410257587104083,98.44482037779431,False,False
EIS-DEEP CDFS-1 Ks 1  386,53.04147949112,-27.759803317540005,2026010200118,-1,i,20260102,i_39,0.3112798569224721,53.04155791111957,-27.759854901314277,746282538146203046,0,2724.0190771719704,3515.9095698799056,0.019368207,0.014030969,53.04155791111957,-27.759854901314277,1.0250566e-06,8.457671e-07,70066.91026780894,1049.928023473345,68874.6187987777,647.3301241096228,False,70144.74865643677,847.0842580093871,False,70856.83452183263,1186.4181655274926,False,71985.82303849836,1737.1561037116758,False,74729.91859565233,2425.2090369062416,False,1.4441935263517445,37.94677342053341,69351.37046366045,402.29560297700885,0.0,0.0011677084339644,False,122361.078125,1477.6607666015625,False,123603.24658203124,2069.597633773932,False,130359.48638641834,4230.554647615942,False,False,2.5192630993814125,66.19466454778552,False,False
EIS-DEEP CDFS-1 Ks 1  386,53.04147949112,-27.759803317540005,2026010200119,-1,i,20260102,i_39,0.3103996451642362,53.04155918006278,-27.75985293161106,746282538280420810,0,2723.911446208074,3515.8489971710574,0.020063294,0.01636569,53.04155918006278,-27.75985293161106,1.0778568e-06,9.530015e-07,66652.1675966951,1054.434248150843,66471.9725706377,647.6236171836701,False,67488.12732527938,847.9812346529983,False,69245.19173620612,1191.986566733775,False,70692.74619460736,1741.8270090031774,False,71374.4276936068,2431.172321314825,False,1.098366301096452,38.623631136129774,67347.74156653383,397.9349040417829,0.0,8.694475381210154e-06,False,117607.3203125,1477.7236328125,False,120669.24609375,2077.200116790704,False,124379.73185157776,4236.65129348843,False,False,1.9140539604974365,67.30697588873805,False,False
EIS-DEEP CDFS-1 Ks 1  386,53.04147949112,-27.759803317540005,2026010200120,-1,i,20260102,i_39,0.3056734967815515,53.041556667250894,-27.759853771011976,746282538414638598,0,2721.2799971506515,3513.8012748738106,0.018963305,0.0158249,53.041556667250894,-27.759853771011976,1.0219939e-06,9.159065e-07,67964.67021573591,1065.8980080726512,66654.5583494558,653.5190832394542,False,68008.38749975407,856.1270627855964,False,69599.92258120385,1205.8289217013346,False,68381.10244866861,1758.8199063522902,False,66838.2037538411,2455.31416101028,False,-0.7444400744191731,38.35212168243474,68141.99802225323,390.776135296963,0.0,0.0012330895476029,False,117999.8984375,1485.44775390625,False,120761.3369140625,2092.2079691166355,False,115969.53765043616,4260.163081096669,False,False,-1.2916620493992017,66.5439459714628,False,False
EIS-DEEP CDFS-1 Ks 1  386,53.04147949112,-27.759803317540005,2026010200121,-1,i,20260102,i_39,0.3078598843914097,53.04155783272051,-27.759853388756422,746282538548856358,0,2717.5194712316934,3512.130294952709,0.01700978,0.014916329,53.04155783272051,-27.759853388756422,9.236795e-07,8.527538e-07,70784.42556141134,1061.458472293181,67930.77298480592,651.7302783106131,False,69385.47514882157,853.5463125761298,False,69298.93707273834,1201.570847046072,False,67126.3930079069,1751.8275850164162,False,66941.07177955985,2446.4985707281635,False,-0.9475842508565148,38.47103017053861,68459.53940582817,377.6898553672602,0.0,0.0007734388912752,False,120892.3515625,1487.1588134765625,False,120741.57373046876,2093.532183166317,False,116633.39576745032,4262.606326111555,False,False,-1.651003875723687,67.0292059595024,False,False
EIS-DEEP CDFS-1 Ks 1  386,53.04147949112,-27.759803317540005,2026010200122,-1,i,20260102,i_39,0.3065715724541565,53.04155691547768,-27.75985389350453,746282538683074137,0,2715.3800314880627,3511.936989469242,0.01598632,0.015118488,53.04155691547768,-27.75985389350453,8.7919636e-07,8.495789e-07,70436.04466934546,1064.27829466542,68184.67363474041,653.6270160743885,False,69642.37473992523,856.0281348264899,False,69067.11200458143,1205.4093701274128,False,69602.87340003709,1758.2744630598183,False,68020.85306403652,2451.978820908529,False,0.1908288855590783,39.01955737035642,69270.50556450618,374.3866134548635,0.0,0.0001953199573698,False,120970.8828125,1486.9464111328125,False,119971.63427734376,2093.8320411864984,False,118154.2512808442,4259.160370543907,False,False,0.3314754678945922,67.778135361874,False,False
EIS-DEEP CDFS-1 Ks 1  386,53.04147949112,-27.759803317540005,2026010200123,-1,g,20260102,g_6,0.2902563692185586,53.04154436661204,-27.759859929401088,746282538816766133,0,37.07684483908439,1560.99051232426,0.17573139,0.17671297,53.04154436661204,-27.759859929401088,9.7727125e-06,9.824461e-06,10738.58860721715,1205.82981253487,10313.500487549463,717.8435372924004,False,10149.614129492538,957.660045081454,False,9842.737315839884,1358.8897754437355,False,8381.449725297272,2002.5008470004232,False,7289.00245509981,2809.3815622278253,False,-1.3710645727737685,44.07358116138496,10864.22097449046,426.0834346731078,0.0,0.0047072039057606,False,23020.599609375,2172.09326171875,False,22324.564453125,3082.132683533636,False,16532.373046875,6372.030233748478,False,False,-3.1097466529992883,99.96441759488484,False,False
EIS-DEEP CDFS-1 Ks 1  386,53.04147949112,-27.759803317540005,2026010200124,-1,g,20260102,g_6,0.2751406308329124,53.04155022815496,-27.759847169606843,746282538950983851,0,37.11168227475003,1560.9701869664027,0.13444391,0.1283184,53.04155022815496,-27.759847169606843,7.4739746e-06,7.137274e-06,9829.93214721474,1210.27305443555,10669.609714194214,718.5847059439271,False,9453.367298021352,958.327066624998,False,8602.334264742527,1362.2135434323402,False,8160.882471587544,2007.9375865881,False,5970.706847854119,2812.427874070155,False,-1.0659161189505275,43.945051597346925,11133.161502480809,415.9388785291084,0.0,0.0069164235433019,False,21438.443359375,2173.303955078125,False,19508.4619140625,3089.24185145755,False,13540.430254936218,6378.052791115012,False,False,-2.4172955119123203,99.65903893226746,False,False
EIS-DEEP CDFS-1 Ks 1  386,53.04147949112,-27.759803317540005,2026010200125,-1,g,20260102,g_6,0.2925101172567539,53.04155059332869,-27.759854729909996,746282539085201581,0,33.126076124546195,1559.0625170749854,0.1486387,0.13653138,53.04155059332869,-27.759854729909996,8.260865e-06,7.5958865e-06,9150.14202661664,1209.7060943548852,8152.712629919481,718.4874682094799,False,7480.574214511435,958.7301840978688,False,4969.841666424579,1365.9219398903886,False,5060.428643957885,2011.153281568434,False,,,True,-0.1296243743378104,43.74113129981325,9878.214995125558,414.1015154052176,0.0,0.0306866871890847,False,16973.03125,2175.30859375,False,11276.310546875,3099.2053692678123,True,,,False,False,-0.2941109189357929,99.24633686834852,False,False
EIS-DEEP CDFS-1 Ks 1  386,53.04147949112,-27.759803317540005,2026010200126,-1,g,20260102,g_6,0.2868173788221427,53.04155448225358,-27.759847406834204,746282539219419301,0,29.019242824123644,1555.726673435399,0.14817728,0.14970489,53.04155448225358,-27.759847406834204,8.240901e-06,8.323198e-06,9843.20916682494,1213.0179559011565,9776.368161996985,718.4678620912251,False,10431.076053651888,958.533850042772,False,11473.32631060643,1366.8332741385586,False,12291.438741888998,2010.9214583646797,False,,,True,0.3126083500804533,43.90659227834647,10406.134243284603,436.4358231633207,0.0,0.0645636506425784,False,23705.998046875,2178.394775390625,False,26074.6494140625,3106.309143991769,True,,,False,False,0.7104437642221564,99.78353004444064,False,False
EIS-DEEP CDFS-1 Ks 1  386,53.04147949112,-27.759803317540005,2026010200127,-1,g,20260102,g_6,0.3071281777026958,53.04155737904245,-27.759853595835327,746282539353637056,0,27.41338011184517,1553.4570648660122,0.10015839,0.11143163,53.04155737904245,-27.759853595835327,5.574637e-06,6.1904393e-06,10563.546179145847,1201.6347672803806,9657.27040453234,715.6755510945127,False,10003.23417573734,955.181333063796,False,8554.541436722418,1363.5361494647652,False,11916.430824551688,2009.82792047039,False,,,True,0.0271439466685801,45.64952717282095,10228.436684090786,358.6342512200614,0.0,0.0369233145492547,False,22820.96875,2179.111572265625,False,19515.98046875,3110.7155255752155,True,,,False,False,0.0619250882057525,104.14296164234642,False,False
EIS-DEEP CDFS-1 Ks 1  386,53.04147949112,-27.759803317540005,2026010200128,-1,i,20260102,i_39,0.3084654217304466,53.04155798234048,-27.759853492721465,746282539488903960,0,1520.24768455901,1617.9390585671206,0.01495593,0.01520995,53.04155798234048,-27.759853492721465,8.321518e-07,8.4374363e-07,70289.83540624494,1082.843072879697,67938.49296050215,663.7712492605538,False,69408.4524641263,869.9176613592593,False,69961.54613859102,1223.4907033676636,False,68369.21055685636,1788.0862007272483,False,64716.26980623063,2494.0330212381978,False,-0.4617215977562195,38.90402251256891,69182.33304507678,372.7274421131648,0.0,8.729148975639145e-05,False,119948.6796875,1503.35400390625,False,120904.51220703124,2114.38361278452,False,111839.85295695066,4310.079786740195,False,False,-0.7979272562327492,67.23224577478206,False,False
EIS-DEEP CDFS-1 Ks 1  386,53.04147949112,-27.759803317540005,2026010200129,-1,i,20260102,i_39,0.3086025377058518,53.041557615075696,-27.75985400401268,746282539623121691,0,1520.0212756697076,1617.7860044216402,0.014962754,0.01309954,53.041557615075696,-27.75985400401268,8.2377363e-07,7.363955e-07,69589.72658623739,1074.2831425529891,67090.31519830864,659.4005421962106,False,68301.39189017919,864.1956939115565,False,68178.65132765955,1214.6756098218834,False,68661.14746199212,1776.2101977878044,False,67805.72834361113,2478.088390599395,False,-0.2998370627396501,39.923362020390805,67698.98738827034,353.8915479796476,0.0,0.0023397974917706,False,118741.3203125,1502.39599609375,False,118527.93701171876,2111.70199713573,False,117879.61395013332,4308.133102528468,False,False,-0.521263882375539,69.40638523498009,False,False
EIS-DEEP CDFS-1 Ks 1  386,53.04147949112,-27.759803317540005,2026010200130,-1,i,20260102,i_39,0.3147212967841448,53.041558938932205,-27.759855279619337,746282539757339450,0,1521.7054454681038,1619.0164904351943,0.012770286,0.012549806,53.041558938932205,-27.759855279619337,7.0871226e-07,6.9808874e-07,70436.09947371295,1079.1108840787688,68683.4811504175,660.8997323715497,False,69650.7843429155,865.6133839561977,False,69244.57607561434,1217.8627199112047,False,69159.86527151619,1777.399270318327,False,71421.35485922477,2480.128239586994,False,-0.2645059106020806,39.78575054156548,68481.75840038311,351.37410887722046,0.0,7.271930502361634e-05,False,120921.9140625,1502.80615234375,False,120216.68896484376,2114.3522294304835,False,123995.8317194879,4305.79291648454,False,False,-0.4592132205342695,69.07271975880612,False,False
EIS-DEEP CDFS-1 Ks 1  386,53.04147949112,-27.759803317540005,2026010200131,-1,i,20260102,i_39,0.3100714541343024,53.04155828780603,-27.759853880138063,746282539891557156,0,1522.060422449363,1618.5467893091395,0.015338235,0.012687201,53.04155828780603,-27.759853880138063,8.416563e-07,7.174956e-07,70436.5236514343,1079.038934009582,68212.82222928871,661.3905616592649,False,69190.8366352777,866.4356362259923,False,68768.31789092027,1220.663165664158,False,68238.57923263145,1779.187006976207,False,68609.92649328485,2484.413881339072,False,-0.1969034897697624,38.21773046305429,68706.47460197532,359.2367689730693,0.0,0.0004149654491745,False,119997.7734375,1502.66064453125,False,119264.99853515624,2116.997988750816,False,118990.30009281635,4308.722781159495,False,False,-0.3414900224287514,66.28106819368604,False,False
EIS-DEEP CDFS-1 Ks 1  386,53.04147949112,-27.759803317540005,2026010200132,-1,i,20260102,i_39,0.3092748310829946,53.04155699468479,-27.759855055100445,746282540025774870,0,1522.0535271029823,1622.7301682872533,0.01525658,0.015586513,53.04155699468479,-27.759855055100445,8.4925574e-07,8.643682e-07,67433.91328299775,1082.6216974635408,67184.59838745857,662.8000480452488,False,67632.00811579046,868.4094085043348,False,68371.30518500673,1222.047788054795,False,68943.80135685258,1785.7512513884,False,69418.20090926155,2491.930445859748,False,1.1415446075215552,38.59785605246926,68121.47002594967,367.1173395507528,0.0,0.0008202773066752,False,117198.9296875,1504.8592529296875,False,118480.05126953124,2117.676182877671,False,120294.20793581007,4318.24500331922,False,False,1.9781729083514712,66.88589535648332,False,False
EIS-DEEP CDFS-1 Ks 1  386,53.04147949112,-27.759803317540005,2026010400131,-1,y,20260104,y_10,0.3156299130185893,53.0415580177901,-27.75985677967589,746291335963607658,0,2951.2751567036435,2243.9614823306865,0.020208219,0.020903466,53.0415580177901,-27.75985677967589,1.1466286e-06,1.138393e-06,117339.1352061996,3404.646479865241,114384.20553635249,2046.962514042192,False,115963.26117636834,2703.508398908442,False,119646.22689197422,3825.228117362709,False,117851.288271916,5604.942527212119,False,125021.87405767046,7830.158372157552,False,2.7457226743224106,124.78498655130232,112785.54699675388,1049.5853929804628,0.0,0.0002970562786982,False,58093.1875,1354.35498046875,False,59938.21337890625,1916.2939365274517,False,62631.208346128464,3922.611815621664,False,False,1.375502728401352,62.512536706643246,False,False
EIS-DEEP CDFS-1 Ks 1  386,53.04147949112,-27.759803317540005,2026010400132,-1,y,20260104,y_10,0.3114954814877847,53.041558584685085,-27.759854191578547,746291336119320648,0,2260.78325569186,192.58077908017083,0.02059435,0.02170485,53.041558584685085,-27.759854191578547,1.1782423e-06,1.1727079e-06,110362.50042473202,3420.218369644519,111656.76764072082,2055.3236883226814,False,115285.24176475458,2716.7542628927254,False,119432.42212862927,3850.445020248234,False,127965.30656184256,5635.282361667878,False,128938.2984643594,7880.776745949684,False,9.720960607785722,127.58608287278383,116131.08018321331,1075.4932526478117,0.0,0.0001348867928613,False,57578.24609375,1356.860107421875,False,59649.5205078125,1923.072438002958,False,64397.150634765625,3935.98778076136,False,False,4.8550521608382855,63.721797910412434,False,False
EIS-DEEP CDFS-1 Ks 1  386,53.04147949112,-27.759803317540005,2026010500062,-1,z,20260105,z_20,0.3155981186194281,53.04155856830389,-27.759856125782857,746295724769543978,0,781.3704641264346,3093.974077362895,0.010560609,0.011264728,53.04155856830389,-27.759856125782857,5.887824e-07,6.241096e-07,95766.44087062482,1157.7210880861207,95536.99148180288,726.9334435420845,False,96661.94688224184,939.15673251227,False,97096.00724211003,1310.050091117124,False,98895.23215855531,1898.824509771274,False,101982.75579859098,2645.343311952996,False,1.928402502293584,43.20087000397812,95940.05676846796,428.2294569846078,0.0,1.622981895654796e-06,False,117735.5625,1143.9056396484375,False,118264.25390625,1595.6587815136056,False,124216.37993568182,3222.0640374419863,False,False,2.348820406137024,52.61924567486818,False,False
EIS-DEEP CDFS-1 Ks 1  386,53.04147949112,-27.759803317540005,2026010500063,-1,z,20260105,z_20,0.3146005297871919,53.041558980125785,-27.759855173750257,746295724899042325,0,964.6298632675504,1645.3093151963292,0.012596252,0.01109761,53.041558980125785,-27.759855173750257,6.940574e-07,6.231184e-07,96525.28378642524,1155.6047239514469,95758.69297457288,725.181348311168,False,96246.91855999008,936.5013584770836,False,95837.6366779705,1305.086343221402,False,96000.7262338407,1896.4887199998825,False,95944.82270645697,2642.7573586178305,False,0.2324291834876869,42.24601498065783,97483.3947238248,437.9768561066269,0.0,0.0005595656733703,False,117203.609375,1140.4140625,False,116705.2109375,1589.2543081909564,False,116835.73552572729,3218.1882367412272,False,False,0.2830380404528129,51.44461258110047,False,False
EIS-DEEP CDFS-1 Ks 1  386,53.04147949112,-27.759803317540005,2026010500066,-1,r,20260105,r_57,0.3034256438032237,53.04155556764111,-27.7598540311226,746295725285442855,0,3623.3606858380567,2764.840602834176,0.023208404,0.019483032,53.04155556764111,-27.7598540311226,1.1316675e-06,1.2479278e-06,31831.922928224427,711.0597993739525,31680.460227154686,434.6936103695483,False,31658.527806630093,570.6970378288689,False,31951.193379413387,805.0856601527092,False,31184.656452856703,1176.5099622959524,False,30940.98713882578,1642.289766210462,False,-0.3308690524518405,26.34916326519062,31686.908576246693,234.6738016919253,0.0,0.0002659006129338,False,67120.796875,1209.9627685546875,False,67741.29150390625,1706.9015777407174,False,65599.50372746587,3481.8990472645523,False,False,-0.701491699092614,55.86415281694453,False,False
EIS-DEEP CDFS-1 Ks 1  386,53.04147949112,-27.759803317540005,2026010500067,-1,r,20260105,r_57,0.3058169186697242,53.04155632927006,-27.75985423984664,746295725419660615,0,3623.284887890229,2764.049663952811,0.021326989,0.017569488,53.04155632927006,-27.75985423984664,1.0260326e-06,1.1432318e-06,31693.793489251868,710.0283308200977,31077.498529416396,434.5016217811066,False,31265.990133802778,570.7403950588528,False,31034.86565404786,805.4521660452662,False,29249.60944169853,1175.800036791526,False,29814.27607515943,1642.603875400666,False,-1.2511717213208369,25.220259003036205,31595.77902749288,229.06459362732872,0.0,0.000195845592622,False,66371.9140625,1211.5762939453125,False,65881.27954101562,1709.8259712048591,False,63290.193626612425,3486.944209675102,False,False,-2.656006146280856,53.53794509689235,False,False
EIS-DEEP CDFS-1 Ks 1  386,53.04147949112,-27.759803317540005,2026010500068,-1,r,20260105,r_57,0.3033808335925781,53.04155511363025,-27.75985453961744,746295725553878275,0,3623.440994219267,2763.492619168883,0.023801513,0.017913427,53.04155511363025,-27.75985453961744,1.0758719e-06,1.2589355e-06,31398.24736977687,711.0150486800143,31382.95136204605,435.3082288427517,False,31667.139929571524,571.9470445455597,False,32191.19805948466,807.724630665049,False,32835.7223807832,1182.631667760991,False,33290.1696820985,1648.5782260952126,False,0.5991425679661112,25.98643673641058,31354.889380966026,234.67948396031625,0.0,0.0002093703644074,False,67127.015625,1212.3955078125,False,68237.89770507812,1712.1894817131258,False,70567.46347725391,3494.6047097479536,False,False,1.2700437302172225,55.08523815926152,False,False
EIS-DEEP CDFS-1 Ks 1  386,53.04147949112,-27.759803317540005,2026010500069,-1,r,20260105,r_57,0.3079870471156105,53.04155576923203,-27.75985588188163,746295725688096063,0,3623.502238448894,2762.8985300636327,0.023282789,0.01977013,53.04155576923203,-27.75985588188163,1.1446575e-06,1.2543206e-06,30799.455443739986,712.0125020452529,30577.716920093066,435.2752654413225,False,30174.552977774387,571.8007215275812,False,29867.863557458342,806.9518234400227,False,28553.86946412433,1178.440355820461,False,28294.37573432816,1647.584552783471,False,-1.4249678799116432,25.896402898709184,31354.86358359457,233.4044370434555,0.0,0.0014312947385363,False,63944.28515625,1211.729248046875,False,63294.365478515625,1710.0487799574562,False,59959.91495239735,3491.472319070278,False,False,-3.019715073117476,54.87826025777091,False,False
EIS-DEEP CDFS-1 Ks 1  386,53.04147949112,-27.759803317540005,2026010500070,-1,r,20260105,r_57,0.3022006543514669,53.04155510392294,-27.75985400979388,746295725822313754,0,3622.033550080989,2763.1476779791333,0.022739962,0.020121094,53.04155510392294,-27.75985400979388,1.1519941e-06,1.2338015e-06,31467.548267641592,711.0719857085276,31317.362157750656,435.75170488900807,False,31364.3684643373,572.359752899403,False,31370.140035264256,805.7660503747803,False,32143.85357258276,1179.8809912463282,False,33644.86822977301,1647.4540044628525,False,0.99251077643773,26.632225907408458,31719.020268036245,236.0229004850036,0.0,0.0004431640247937,False,66494.3828125,1213.437744140625,False,66506.61889648438,1708.2733953931972,False,71329.18203949928,3492.703427562976,False,False,2.1041836563367404,56.461950657472464,False,False
EIS-DEEP CDFS-1 Ks 1  386,53.04147949112,-27.759803317540005,2026010500071,-1,r,20260105,r_57,0.3090825036361142,53.04155714848584,-27.75985478511968,746295725954958905,0,3884.4771682777296,3557.1866930774927,0.024501124,0.019788798,53.04155714848584,-27.75985478511968,1.1737613e-06,1.2992303e-06,30905.08326607923,714.9796335483665,31104.7598312294,436.8753849560693,False,31097.95944347025,573.9343552285866,False,31062.626453167977,810.7008721344195,False,31046.6606983601,1183.9346598969837,False,30428.626016315244,1655.159196653357,False,-0.1202562718503599,26.86585424775975,31444.2377750111,236.985275677368,0.0,4.1641705028405696e-05,False,65915.0546875,1216.5079345703125,False,65840.1630859375,1718.3568722276614,False,64496.33943271637,3508.2658449743617,False,False,-0.2548944971756255,56.94470903103974,False,False
