simbad_id,ra,dec
SDSS J021726.52-050827.3,34.36053599748,-5.14093176459
