simbad_id,ra,dec
[PBM2009] s104673,53.13108193846999,-27.74314032244
[PBM2009] s108014,53.05813162892,-27.73503739282
