simbad_id,target_ra,target_dec,visit,expMidptMJD,obsStartMJD,band_visit,airmass,zenithDistance,azimuth,mean_maglim,expTime,skyRotation,ra_visit,dec_visit,detector,band,day_obs,physical_filter,sep_arcsec,src_ra,src_dec,sourceId,parentSourceId,x,y,xErr,yErr,ra,dec,raErr,decErr,calibFlux,calibFluxErr,ap09Flux,ap09FluxErr,ap09Flux_flag,ap12Flux,ap12FluxErr,ap12Flux_flag,ap17Flux,ap17FluxErr,ap17Flux_flag,ap25Flux,ap25FluxErr,ap25Flux_flag,ap35Flux,ap35FluxErr,ap35Flux_flag,sky,skyErr,psfFlux,psfFluxErr,extendedness,sizeExtendedness,apFlux_12_0_flag,apFlux_12_0_instFlux,apFlux_12_0_instFluxErr,apFlux_17_0_flag,apFlux_17_0_instFlux,apFlux_17_0_instFluxErr,apFlux_35_0_flag,apFlux_35_0_instFlux,apFlux_35_0_instFluxErr,extendedness_flag,sizeExtendedness_flag,localBackground_instFlux,localBackground_instFluxErr,localBackground_flag,sky_source,calib_mean,calib_err,calib_local,zeropoint,visit_from_image,detector_id,detector_name
COSMOS 1017371,149.70010121907,1.87452371044,2025051500123,60811.04255635306,60811.04238273554,i,1.33940659072419,41.7500538298419,315.648969791581,23.383981704711918,30.0011069774628,65.9196921779908,150.239941185581,2.17983774353643,-1,i,20250515,i_39,0.3934681748061784,149.70014379074132,1.874423035895759,745262191980578580,0,876.8845793677986,3780.112488837604,0.009861701,0.0110482,149.70014379074132,1.874423035895759,6.0319394e-07,5.594429e-07,156645.52578849127,1075.779196844431,152556.92803401806,686.9491942258811,False,155642.35914282154,877.9385067492536,False,155565.1283811491,1210.1926344346152,False,156279.386562729,1750.8053471939552,False,154461.12457316605,2431.6489334823914,False,0.2807518385977242,38.24367045903264,157137.42703508932,491.9162169483217,0.0,4.06666228947028e-06,False,258834.34375,1460.0179443359375,False,258705.9084472656,2012.5589079354063,False,256869.9423085451,4043.849369764136,False,False,0.4668922926911277,63.59949438167791,False,False,0.6023575265976442,0.00017261839778417727,0.6023575265976442,31.950364146693794,2025051500123,49,R12_S11
COSMOS 1017371,149.70010121907,1.87452371044,2025051500124,60811.0430310299,60811.042857418826,i,1.34143395204244,41.847146577369,315.473691415296,23.480789184570312,29.9999928474426,64.9421737412949,150.259178145273,2.186500413603,-1,i,20250515,i_39,0.3903323634747625,149.70014525510084,1.874424619442553,745262192114796153,0,1099.4663467539294,3390.8000275716686,0.009407311,0.010586848,149.70014525510084,1.874424619442553,5.767816e-07,5.3502254e-07,158118.58513096938,1022.4775770614768,153292.9298804252,654.7778941237765,False,157285.4130008567,833.9857599351275,False,158128.293154331,1150.94467647398,False,158575.4494261105,1656.8153495833533,False,160116.13014307735,2300.5225112331905,False,-0.4724541823181418,35.96310011237288,156851.54266336162,475.6578102064176,0.0,1.2043552352070108e-05,False,268464.78125,1423.5001220703125,False,269903.462890625,1964.5058299128864,False,273296.4299316406,3926.67864715182,False,False,-0.8064149515632243,61.384114524895246,False,False,0.5863001140711714,0.00017574419768965865,0.5863001140711714,31.979700053295996,2025051500124,49,R12_S11
COSMOS 1017371,149.70010121907,1.87452371044,2025051500125,60811.04351116055,60811.043337543146,i,1.34177186520949,41.8631375989711,315.055045014038,23.453569412231445,30.001086473465,63.78252165020189,150.201346740288,2.02906366294868,-1,i,20250515,i_39,0.3918383878712935,149.70014642472054,1.8744246869516985,745262192250585753,0,3397.650541834011,1341.1849571053635,0.00866723,0.010132078,149.70014642472054,1.8744246869516985,5.479447e-07,4.984137e-07,157349.69997380112,1071.8281808761242,154978.06739970474,684.2951982321325,False,156808.7818709239,873.2575919734811,False,158222.93337800473,1205.793911727465,False,157442.33139467865,1740.8910372105715,False,156682.12926195658,2418.217632264531,False,0.4001736418418363,38.53951376505984,157075.59690009977,477.17445946779713,0.0,4.436246135886002e-06,False,261936.5625,1458.7071533203125,False,264298.7897949219,2014.182551212619,False,261724.99941897392,4039.439669225002,False,False,0.668458149451341,64.37718369849185,False,False,0.5993666181526892,0.00017128831364512963,0.5993666181526892,31.955768622093707,2025051500125,52,R12_S21
COSMOS 1017371,149.70010121907,1.87452371044,2025051500126,60811.043985125616,60811.04381150869,i,1.34841987925317,42.1788033579387,314.733928559014,23.41400146484375,30.0010056495667,62.6845216369431,150.008579191302,2.14657537822305,-1,i,20250515,i_39,0.3924185134939832,149.7001445762247,1.8744236889944288,745262192384804560,0,99.40221331255596,3487.2413526471955,0.008997313,0.011284928,149.7001445762247,1.8744236889944288,6.025169e-07,5.2911986e-07,157282.06882141193,1085.4480124182269,155035.55627079433,692.3873147761636,False,157407.59780005232,884.6959681675113,False,159340.5518127875,1223.5870669130445,False,161488.54750541755,1767.6073980382885,False,159092.12666544534,2455.7117457677614,False,0.6154903180118559,39.57369764106643,156506.0137787623,484.2973905969076,0.0,4.121083697627981e-07,False,262630.34375,1476.0914306640625,False,265855.4255371094,2041.5221150863683,False,265440.93485969305,4097.289006094505,False,False,1.0269290431557354,66.02765025443001,False,False,0.5975777086982891,0.00016552566460949537,0.5975777086982891,31.959014028190346,2025051500126,52,R12_S21
COSMOS 1017371,149.70010121907,1.87452371044,2025051500127,60811.04445870916,60811.04428509153,i,1.34727578035436,42.1246010957898,314.818484430227,23.204753875732425,30.0011277198792,61.90898188234289,150.257475514334,2.13893030476254,-1,i,20250515,i_39,0.3870236975648153,149.70014623733235,1.8744260723851445,745262192517449203,0,2433.5049334049,3805.980730106957,0.012144464,0.012544534,149.70014623733235,1.8744260723851445,6.919897e-07,6.7967846e-07,157033.0231969648,1283.832674299555,153083.31161874856,804.8840837867248,False,156412.61288534538,1038.246569467431,False,158102.80322584236,1446.268117472572,False,155088.63295353882,2092.0936899012754,False,152612.63640615897,2912.4395465545304,False,-2.044618477658876,44.429271725909466,157071.52151469525,556.891984761083,0.0,0.0005374084860928,False,236607.578125,1570.5703125,False,239164.3530273437,2187.7902956932794,False,230859.2998046875,4405.688613173882,False,False,-3.092923372766037,67.20878954071802,False,False,0.6640407277368324,0.00022741437472127574,0.6640407277368324,31.844513207871632,2025051500127,49,R12_S11
COSMOS 1017371,149.70010121907,1.87452371044,2025051500128,60811.0449378077,60811.0447641909,i,1.35398666744178,42.4388014264473,314.484956234345,22.913116455078125,30.000983953476,60.8001529111951,150.059933281567,2.24826985799499,-1,i,20250515,i_39,0.3859529685604203,149.70014364507912,1.8744252433736848,745262192652714540,0,3423.8171272118693,1721.1458015134351,0.016055712,0.015485177,149.70014364507912,1.8744252433736848,8.6795416e-07,8.8459416e-07,156639.93475678802,1497.6072261311715,152356.1847232939,926.8680494395384,False,156407.5082770513,1203.2870660089732,False,157603.4124492659,1683.823432284067,False,160726.04790882886,2445.861885480024,False,159158.3992138381,3406.6917340534424,False,0.702735617814019,52.8231210142829,157059.48765102125,650.8379690587802,0.0,0.0010544990227385,False,212647.734375,1635.958984375,False,214273.65576171875,2289.2842032141702,False,216387.77685546875,4631.652833937481,False,False,0.9554217610069348,71.81699350651837,False,False,0.736061002021545,0.00018750652153079063,0.736061002021545,31.73271547861448,2025051500128,51,R12_S20
COSMOS 1017371,149.70010121907,1.87452371044,2025051500129,60811.04541385244,60811.04524023525,i,1.35846090575357,42.6456832294959,314.264557374484,23.265914916992188,30.0010495185852,59.7800649619012,149.986389229621,2.31879454970335,-1,i,20250515,i_39,0.3942716056119172,149.7001448580354,1.8744232500764315,745262192786932720,0,1827.3877989327216,2173.0711860328,0.011005147,0.012427242,149.7001448580354,1.8744232500764315,6.7124074e-07,6.323646e-07,155135.70588988182,1120.2552647497498,152631.5749287527,708.7822198695454,False,155866.07213802147,908.3488338572066,False,158657.81842063196,1258.2951395905006,False,163917.42652706537,1819.9298839860344,False,162940.39822437312,2526.7488364506908,False,2.1547625493983165,40.17176182547882,157282.612421617,513.9494738817237,0.0,0.002837675378064,False,256222.09375,1493.1988525390625,False,260811.33544921875,2068.4617941474426,False,267851.29962432384,4153.6228402707375,False,False,3.5421292419047723,66.03677621025834,False,False,0.6071374215995738,0.00018218474002848053,0.6071374215995738,31.941782495179947,2025051500129,51,R12_S20
COSMOS 1017371,149.70010121907,1.87452371044,2025051500130,60811.04589065211,60811.04571703529,i,1.35276030118439,42.3819314943826,314.042629103233,23.07907485961914,30.0009868144989,58.7798426466038,150.205132907785,2.0191049154497,-1,i,20250515,i_39,0.3950099887248344,149.7001442937363,1.8744227840645933,745262192922198686,0,178.39690128312597,1539.1749156765725,0.011614987,0.015810365,149.7001442937363,1.8744227840645933,8.2175626e-07,7.159195e-07,157960.80948925362,1358.6411123830633,152503.8282464811,846.1103775033797,False,157800.51854327635,1094.7752083616683,False,160366.71086691154,1527.0462937894713,False,160736.71288467385,2214.201183715238,False,160868.8464604818,3084.7884297874434,False,0.5095264140066481,49.3563144904073,157809.44389289443,596.0443204670457,0.0,0.0006371908561253,False,229456.9375,1591.9071044921875,False,233188.4248046875,2220.470307881552,False,233918.57763671875,4485.575284978175,False,False,0.7408997867219247,71.76876776960553,False,False,0.6947224485137363,0.0002006000495861795,0.6947224485137363,31.79547166893572,2025051500130,53,R12_S22
COSMOS 1017371,149.70010121907,1.87452371044,2025051500131,60811.04636302069,60811.04618940348,i,1.35864145819753,42.6538944636557,313.824115226244,23.29401588439941,30.0010547637939,57.755673851424106,150.090348375279,2.13982313283965,-1,i,20250515,i_39,0.3928003273942229,149.7001454075517,1.874423937088432,745262193055892440,0,1614.263240562865,2164.4220731919386,0.009653085,0.012253928,149.7001454075517,1.874423937088432,6.430157e-07,5.809913e-07,155553.32138671196,1101.7810491732484,153150.38972195794,699.015124756831,False,156276.90941301192,894.7338140095708,False,159417.22368665185,1240.7315842410987,False,161868.39047972253,1790.9774559411594,False,162946.99506277512,2489.2703575593605,False,2.1463052697708043,39.24513704337895,156428.487680334,500.9673726267957,0.0,0.000331696430564,False,259233.4375,1484.19189453125,False,264442.6169433594,2058.135874363923,False,270297.8310684562,4129.22237892195,False,False,3.5603090379564675,65.10015983248408,False,False,0.6031718362994992,0.00019411535730285676,0.6031718362994992,31.948897362579082,2025051500131,52,R12_S21
COSMOS 1017371,149.70010121907,1.87452371044,2025051500132,60811.04684006958,60811.0466664529,i,1.36161902477818,42.7900092110166,313.594424871381,22.890514373779297,30.0009620189667,56.7294069862746,150.055190445815,2.14862204899509,-1,i,20250515,i_39,0.3903951297021231,149.7001444883223,1.87442426357436,745262193190110160,0,1283.5014929363974,2597.3479848074053,0.012732019,0.013405496,149.7001444883223,1.87442426357436,7.336959e-07,7.1883943e-07,156451.0982008641,1576.3234136995363,152803.6713989514,976.1946412685372,False,156570.6645011465,1269.872559472227,False,159008.3987714322,1781.4087322448356,False,156035.71559673082,2591.738332243491,False,153902.03762590117,3610.9814523354144,False,-0.4402211544274782,57.48295165911925,156964.19494715295,622.4270720232939,0.0,2.889740403810848e-05,False,207408.0625,1682.1912841796875,False,210637.31201171875,2359.8196689826086,False,203872.951171875,4783.441835279687,False,False,-0.5831578795569841,76.14726339947148,False,False,0.7514591871663926,0.00030865805297634473,0.7514591871663926,31.71023650399257,2025051500132,52,R12_S21
COSMOS 1017371,149.70010121907,1.87452371044,2025051500133,60811.04731837158,60811.04714475416,i,1.363066449104,42.8558764213545,313.225573065346,22.856348037719727,30.0010902881622,55.5992392790691,149.991628290553,2.0421675739466,-1,i,20250515,i_39,0.3917467276499041,149.70014607815347,1.874424557581408,745262193344774252,0,2361.664392622211,356.37681493486974,0.015791247,0.015621108,149.70014607815347,1.874424557581408,8.70986e-07,8.745035e-07,154901.70706966298,1892.029396750523,153740.178704216,1163.275925150317,False,155219.3523434676,1520.485355901209,False,157798.5573735773,2139.279285644063,False,155445.69628773705,3122.1804365897387,False,146509.48351096336,4354.2453226674,False,-2.1859325535254523,69.0093988687294,155682.96370239108,719.8210576263365,0.0,0.0009409619557336,False,178539.671875,1748.9246826171875,False,181506.37939453125,2460.6868663045907,False,168521.22314453125,5008.43174150126,False,False,-2.5143493704555446,79.37744388373922,False,False,0.8640480675081341,0.0002868798802105342,0.8640480675081341,31.558655241971532,2025051500133,91,R22_S01
COSMOS 1017371,149.70010121907,1.87452371044,2025051500134,60811.04779119583,60811.04761757881,i,1.36445231412776,42.9187321769386,313.038922569363,23.24952888488769,30.0010204315186,54.6077971565211,150.023808382465,2.01091165559816,-1,i,20250515,i_39,0.3992547511858451,149.70014456338686,1.8744216173492831,745262193478991966,0,3258.7240358627087,216.33238784599828,0.01121844,0.011417853,149.70014456338686,1.8744216173492831,6.3069524e-07,6.270462e-07,155434.5096046503,1198.879844315716,153373.68578975962,755.981854712967,False,156381.05218967644,972.0305896127396,False,159292.7862802484,1350.2871896818972,False,161733.9830394698,1956.580788393433,False,162036.26887786484,2720.7056375008283,False,1.8184591317657548,43.15844503858413,157129.6538490282,527.7878808969049,0.0,0.000598829777739,False,246714.09375,1533.5211181640625,False,251307.7822265625,2130.2764985910208,False,255636.0292444229,4292.313015661144,False,False,2.868886546247558,68.08879020994581,False,False,0.6336230786762095,0.0001811903577300029,0.6336230786762095,31.895422531674598,2025051500134,91,R22_S01
COSMOS 1017371,149.70010121907,1.87452371044,2025051500135,60811.04828811192,60811.0481145032,i,1.36747545649778,43.0555991841302,313.299835071732,23.341251373291016,29.9995868206024,53.9686932845689,150.254930830977,2.22976757171584,-1,i,20250515,i_39,0.3920249918401793,149.70014507866904,1.874424027463529,745262193591190903,0,2600.463434517005,3034.964135748919,0.011340619,0.010595919,149.70014507866904,1.874424027463529,6.0322236e-07,6.159553e-07,154719.92884979656,1093.37323992718,152836.57326842652,693.4988733927028,False,154325.362538144,886.8993565987068,False,156211.17016929132,1227.641968484264,False,156138.96793434452,1771.6949447343989,False,155479.6039788522,2463.6241868717702,False,-0.1994837286596512,38.58696440579167,155105.42570019353,493.0761047762207,0.0,4.949936513121145e-06,False,258518.9375,1485.694091796875,False,261677.9580078125,2056.4908586851216,False,260452.47108101845,4126.952930578556,False,False,-0.334166210488473,64.63915506480657,False,False,0.5966766765898597,0.0001691167858744683,0.5966766765898597,31.960652344749107,2025051500135,49,R12_S11
COSMOS 1017371,149.70010121907,1.87452371044,2025051500136,60811.04876305052,60811.04858943375,i,1.37139908659115,43.2313140817257,313.085710218521,23.171628952026367,30.0009775161743,52.9485542412652,150.201196832829,2.27358115953755,-1,i,20250515,i_39,0.3914346788471294,149.7001450023949,1.8744241730708664,745262193725408587,0,1595.157102439119,3340.1732805260986,0.013321178,0.01366028,149.7001450023949,1.8744241730708664,7.5202513e-07,7.4692304e-07,156371.35673183505,1185.9371423647667,152687.92939095735,746.2473849963809,False,156552.1161605958,959.4935078861196,False,158263.0188875658,1332.4586398254214,False,161648.7856886798,1928.601938231465,False,161684.27835254656,2680.9750680395955,False,1.2011238145632592,42.21421650787533,156913.65483851204,546.9998534666411,0.0,0.0001006179864431,False,251352.703125,1540.517578125,False,254099.64794921875,2139.332824979591,False,259592.6609835029,4304.447278574037,False,False,1.9284678162292144,67.77715747178873,False,False,0.6227400946633657,0.00018228994034226312,0.6227400946633657,31.914232929118356,2025051500136,49,R12_S11
COSMOS 1017371,149.70010121907,1.87452371044,2025051500137,60811.04923726723,60811.049063649865,i,1.37540118018199,43.4088007599075,312.924684449115,23.22714614868164,30.0010807514191,51.9693237329989,150.1744150686,2.34127808294256,-1,i,20250515,i_39,0.3931841101027089,149.70014527032063,1.8744237599862263,745262193859626203,0,534.2902308701294,2964.536441959616,0.012174775,0.014261223,149.70014527032063,1.8744237599862263,7.501424e-07,7.2249196e-07,157456.59390557665,1148.010441932711,152878.75330462842,724.2333409871458,False,156875.42520331754,929.7164904310296,False,157865.80029883946,1289.8115085694403,False,157166.17328949942,1865.8023536231708,False,157800.65354538534,2592.857628522785,False,-0.3607059292599436,40.83280840752396,158284.29177282445,538.692976820437,0.0,0.0005981286246682,False,255517.546875,1514.3154296875,False,257130.66259765625,2100.83556537724,False,257024.5520414114,4223.227569121268,False,False,-0.5875151832628721,66.50818012308248,False,False,0.6113973364774861,0.00017523190089752767,0.6113973364774861,31.934191143971052,2025051500137,49,R12_S11
COSMOS 1017371,149.70010121907,1.87452371044,2025051500138,60811.04971380338,60811.04954018629,i,1.37716357507897,43.4863398102166,312.64734029692,23.091272354125977,30.0010330677032,50.9056558625359,150.149602807983,2.2801046409739,-1,i,20250515,i_39,0.3914118700212215,149.70014775576252,1.874425435865681,745262193993844234,0,1320.7408968087266,3980.3833820114014,0.014346237,0.015777819,149.70014775576252,1.874425435865681,8.457328e-07,8.297088e-07,155901.27248568254,1174.988165232574,150029.78612599365,734.5602973738729,False,156680.4900834988,945.6050591624518,False,160794.64758453908,1314.7097985861976,False,,,True,,,True,0.1494961636403721,41.28277052877412,152932.49175849473,558.0969457651452,0.0,0.0015758447611715,False,253098.34375,1527.5103759765625,False,259744.2666015625,2123.754351015444,True,,,False,False,0.2414929350437492,66.68731276418481,False,False,0.619820285924052,0.00015079696753437762,0.619820285924052,31.91933553490502,2025051500138,49,R12_S11
COSMOS 1017371,149.70010121907,1.87452371044,2025051500139,60811.0501876124,60811.05001399508,i,1.37414828148001,43.3529784765929,312.278281350589,23.178850173950195,30.0010740756989,49.7843105456274,150.210802408284,2.01580273999395,-1,i,20250515,i_39,0.389124594689091,149.7001441278799,1.8744244920557216,745262194130158401,0,1643.7559526430898,1962.549462518782,0.012486083,0.01421884,149.7001441278799,1.8744244920557216,7.5108363e-07,7.355228e-07,157464.0853237189,1137.681719460713,152623.55709245338,716.2059316925389,False,156865.21755693862,919.2227193653736,False,158405.09076071257,1275.5974663982438,False,161266.49681122703,1843.433232889084,False,161949.7248019884,2563.981130440017,False,1.1785786459578729,40.758769183595184,156598.50054390557,535.1316715859973,0.0,0.0007998359092494,False,257258.5625,1507.52294921875,False,259783.9506835937,2091.97663857598,False,265597.1416015625,4204.922609148209,False,False,1.9328660169184035,66.84427901064157,False,False,0.6101726083865977,0.00016666368560658187,0.6101726083865977,31.936368231055408,2025051500139,53,R12_S22
COSMOS 1017371,149.70010121907,1.87452371044,2025051500140,60811.050661436646,60811.05048782529,i,1.38527834479624,43.8407217326332,312.064588545723,22.89740562438965,30.0000426769257,48.7378796235658,149.955681095339,2.29532156936463,-1,i,20250515,i_39,0.4326702715952401,149.7001492008968,1.8744135064156004,745262194263327457,0,3432.8487523493222,2151.457375302788,0.01730017,0.016116802,149.7001492008968,1.8744135064156004,9.246883e-07,9.332316e-07,196386.2545376204,1551.0961306576178,186075.86804009124,964.9779314649246,False,195817.59673519703,1249.6062047504229,False,199927.055800096,1741.7420607327824,False,197210.18679788505,2524.5183806234872,False,198002.7353103456,3516.460553801261,False,-1.6714120265026315,55.08301110617313,160137.44557854513,656.6985314445405,0.0,0.1302311940322955,False,266242.5,1699.0213623046875,False,271829.9072265625,2368.1516285369457,False,269213.513671875,4781.139512510165,False,False,-2.272527719088999,74.89336417639362,False,False,0.727966159245956,0.00020535291246982494,0.727966159245956,31.744722022851825,2025051500140,51,R12_S20
COSMOS 1017371,149.70010121907,1.87452371044,2025051500141,60811.051136607966,60811.05096299062,i,1.38668419842145,43.9012087972967,311.73496358036,22.826231002807617,30.0010771751404,47.6312467976867,149.912932382416,2.19449593699592,-1,i,20250515,i_39,0.3966121279046029,149.70014565610612,1.874422889314724,745262194398070002,0,190.8822339453484,3898.5264503964354,0.015482293,0.015657293,149.70014565610612,1.874422889314724,8.6563796e-07,8.647914e-07,155543.14332309944,1673.9891832460787,151312.64967808282,1029.7854935957344,False,155263.84398543305,1342.6096596966154,False,156956.70976761982,1883.6198776971653,False,156286.27925596826,2738.57094236349,False,151672.2112008945,3823.185321209142,False,-1.7041244056019886,59.90195860322672,156303.9359811218,692.389218496907,0.0,0.0010016838700362,False,198761.765625,1718.748291015625,False,200928.8959960937,2411.325154957267,False,194163.9194335937,4894.2692983075085,False,False,-2.181543152660084,76.68378387881503,False,False,0.7884139868187757,0.00029405812650093444,0.7884139868187757,31.65811419936196,2025051500141,52,R12_S21
COSMOS 1017371,149.70010121907,1.87452371044,2025051500142,60811.05161158222,60811.051437965405,i,1.38561454161018,43.8552999759649,312.00528627454,23.09027099609375,30.0009853839874,47.006319698058,150.257566298112,2.28048552513318,-1,i,20250515,i_39,0.3882290576601846,149.70014538122408,1.8744253155241923,745262194530714511,0,3367.534556314355,2516.182889008985,0.014289377,0.014490469,149.70014538122408,1.8744253155241923,7.996864e-07,7.9907335e-07,158209.07289990358,1324.9694997921677,153162.081126541,825.7593975418929,False,157869.84328233768,1067.2128431128888,False,161134.82084545182,1489.3925051018862,False,160990.68918060834,2157.0027720835847,False,156867.30556207887,3005.835350654983,False,-1.3628004852179445,47.382396472995545,156507.75134796384,587.5977327561702,0.0,0.0004906516394059,False,237354.84375,1604.537841796875,False,242263.6865234375,2239.2783699585148,False,235847.5439453125,4519.2265043108455,False,False,-2.048949245188226,71.23869307474412,False,False,0.6640105951957312,0.0001953523033148668,0.6640105951957312,31.84456247703805,2025051500142,49,R12_S11
COSMOS 1017371,149.70010121907,1.87452371044,2025051500143,60811.05209077224,60811.05191715223,i,1.38433006095171,43.7995695742583,311.566025615661,22.83426094055176,30.0015375614166,45.823674113802,150.23375328314,2.04166897520149,-1,i,20250515,i_39,0.3807044644133022,149.70014447382465,1.8744271995451969,745262194667029044,0,2180.073165211204,1621.968908834944,0.014096226,0.014480616,149.70014447382465,1.8744271995451969,7.940697e-07,7.9368084e-07,157503.93165590244,1618.8597849528956,153405.47145511114,1003.4305127448262,False,157273.28215745307,1306.7204048285378,False,158877.69278474865,1822.4185351279248,False,160768.15642581618,2661.5292301495874,False,164804.9542346338,3716.251768947627,False,1.5546710275098332,59.05766574048656,157049.921215152,655.077432573572,0.0,0.000346957938779,False,206422.390625,1715.08056640625,False,208528.19189453125,2391.93832277118,False,216307.76806640625,4877.608986010478,False,False,2.0405176628330244,77.51363982267908,False,False,0.7629520596531362,0.0002447523697120198,0.7629520596531362,31.693756875565654,2025051500143,53,R12_S22
COSMOS 1017371,149.70010121907,1.87452371044,2025051500144,60811.0525717431,60811.05239812649,i,1.39072446215941,44.0745450644612,311.419524094835,22.958345413208008,30.0009503364563,44.8447324599963,150.151512842662,2.18527028449867,-1,i,20250515,i_39,0.3898878178954293,149.70014595703245,1.874425069593672,745262194800722291,0,3685.3478882811432,901.0598638153758,0.011867073,0.013209572,149.70014595703245,1.874425069593672,6.974049e-07,6.9769015e-07,154953.49958820624,1457.0389738442354,151992.53525814175,904.7442877211304,False,155721.76682815872,1174.2635197799414,False,158845.29741791298,1643.092794864608,False,162388.71659618345,2387.9170405741083,False,158099.85154775687,3322.8529308665297,False,0.4711110132502982,51.7545439999844,154743.54405974434,587.6195520411045,0.0,6.043175276060353e-05,False,221741.109375,1672.100830078125,False,226188.8828125,2339.6935865838423,False,225127.3999023437,4731.599892476166,False,False,0.670841853677269,73.69624835054593,False,False,0.7056176879183306,0.0001922672107273347,0.7056176879183306,31.778576352892664,2025051500144,52,R12_S21
COSMOS 1017371,149.70010121907,1.87452371044,2025051500146,60811.05352545515,60811.05335184125,i,1.39448224653867,44.2342525589137,310.941487811425,23.106090545654297,30.0004820823669,42.7690106228387,150.138818248589,2.08977554352888,-1,i,20250515,i_39,0.3831944468325983,149.70014515853345,1.8744267492074167,745262195069682633,0,806.4741601444188,2382.1911794665098,0.0129122175,0.013351309,149.70014515853345,1.8744267492074167,7.2861917e-07,7.306964e-07,157392.1020502842,1203.546594590825,152332.6582119014,754.6952136734886,False,155863.03119051253,971.052077129455,False,157451.16467717354,1351.3444285222583,False,157056.11886686168,1953.2943781118936,False,156374.99127336778,2719.7207540775366,False,-0.9507063521085036,43.188496232921565,157386.10777658282,552.540252235898,0.0,4.593966225019397e-05,False,247989.328125,1545.013916015625,False,250516.1630859375,2150.086485133724,False,248803.8935546875,4327.271947296516,False,False,-1.5126423995654246,68.71601355192465,False,False,0.6289573229520222,0.000205222446336079,0.6289573229520222,31.90344705504835,2025051500146,53,R12_S22
COSMOS 1017371,149.70010121907,1.87452371044,2025051500147,60811.05403220598,60811.0538585888,i,1.39987129038954,44.4611015078967,310.959050178031,22.902732849121094,30.0010492801666,41.93060869767,150.182634250731,2.26968114321968,-1,i,20250515,i_39,0.3905610941770049,149.70014275563568,1.874423478386141,745262195201803547,0,3570.210316453823,3716.26115005016,0.015093484,0.016555475,149.70014275563568,1.874423478386141,8.755512e-07,8.8449076e-07,156973.73886672044,1375.4706340110108,151816.93525163722,853.3115620047105,False,156001.01968530656,1104.8918571650104,False,157230.13665974484,1542.5851656218936,False,157031.01574810798,2238.2377330310287,False,156244.51071317898,3116.325400887677,False,-0.9061570828530084,49.38814645513232,156174.45395794683,628.694041217465,0.0,0.0003457448042651,False,229029.828125,1622.125244140625,False,230834.33203125,2264.716064441426,False,229387.3046875,4575.171831483235,False,False,-1.3303566948391132,72.50823563108207,False,False,0.6806340261166747,0.00019552516789502256,0.6806340261166747,31.817715858842025,2025051500147,49,R12_S11
COSMOS 1017371,149.70010121907,1.87452371044,2025051500149,60811.05984465469,60811.05967104287,z,1.43166790790312,45.7476504918685,308.72229769837,21.94385528564453,30.0001227855682,61.37018636832979,150.239880300971,2.17976025213614,-1,z,20250515,z_20,0.387634191624753,149.70014578543865,1.8744256792193403,745262195470238676,0,1726.0436686572298,3755.567558892572,0.024451755,0.025906876,149.70014578543865,1.8744256792193403,1.4208988e-06,1.3774128e-06,164710.55283041947,3546.138114463516,159018.9413501993,2140.0689436794314,False,163401.641003025,2828.694647918597,False,165848.41957548732,4010.631341118986,False,162242.72010252243,5862.090086338249,False,161560.55888856103,8197.082977891687,False,-2.599282246129769,129.73222287663737,160993.281826811,1235.812931625372,0.0,0.0003919238695607,False,111644.3515625,1932.708740234375,False,113316.11572265624,2740.2682903727978,False,110386.43017578124,5600.665991804708,False,False,-1.7759624635085782,88.63968446654567,False,False,1.4761702400275805,0.0009593912829725395,1.4761702400275805,30.977158886023023,2025051500149,49,R12_S11
COSMOS 1017371,149.70010121907,1.87452371044,2025051500150,60811.060322134006,60811.0601485172,z,1.43443611627359,45.855781958737,308.571499764261,21.684301376342773,30.0009853839874,60.389444278737294,150.259110715293,2.18652606466521,-1,z,20250515,z_20,0.3904750617208933,149.7001445910571,1.8744242840670893,745262195604456049,0,2000.126460142851,3407.9302077640823,0.034954153,0.04644151,149.7001445910571,1.8744242840670893,2.4385004e-06,2.1156743e-06,155680.1637671615,4568.115048031821,153480.94638064166,2743.283703108411,False,155453.3640699147,3637.06817738187,False,156833.98277148142,5153.177254202539,False,159593.68285999956,7571.250976909803,False,156379.68306220017,10584.62155911304,False,-1.364168256639138,170.630874705096,159634.00033768147,1728.042671446789,0.0,0.0046744013834907,False,88183.8125,2063.194580078125,False,88966.994140625,2923.235656447321,False,88709.2841796875,6004.323473710683,False,False,-0.7738498197299489,96.7935377386744,False,False,1.7746107480276279,0.0010591297418373231,1.7746107480276279,30.77724223120172,2025051500150,49,R12_S11
COSMOS 1017371,149.70010121907,1.87452371044,2025051500152,60811.06127419097,60811.06110057431,z,1.44414383029784,46.2300201236327,307.928432884973,22.42033195495605,30.0009589195251,58.17289719552011,150.008520969397,2.14659562658533,-1,z,20250515,z_20,0.3988801985538018,149.70014638448106,1.874422522889153,745262195874464800,0,695.3643469886413,3424.442057882599,0.02401217,0.025534099,149.70014638448106,1.874422522889153,1.3955247e-06,1.3579503e-06,157235.5208303958,1995.561776868512,152742.90117841616,1222.199586197609,False,156360.8705393744,1599.1867266552133,False,157833.00695631673,2253.9781358895643,False,157267.68913152668,3289.305888263873,False,155687.62446218712,4583.162671097767,False,-2.8651779288136763,70.82638990956295,157687.24519369772,904.8267320823196,0.0,0.0023308932919677,False,166103.09375,1698.82568359375,False,167666.953125,2394.414538142623,False,165387.900390625,4868.721286871768,False,False,-3.0436957563518123,75.23930023246888,False,False,0.9508050562472181,0.00021450123641305057,0.9508050562472181,31.45477129355225,2025051500152,52,R12_S21
COSMOS 1017371,149.70010121907,1.87452371044,2025051500153,60811.06174683928,60811.06157322172,z,1.44259282244276,46.1705497357071,308.000696685985,21.235992431640625,30.0011129379272,57.35746860319891,150.257468800182,2.13895475285406,-1,z,20250515,z_20,0.3910471072859054,149.70014794994262,1.8744256401687227,745262196007109194,0,3341.3529327765414,3930.2850344602407,0.044675767,0.046973445,149.70014794994262,1.8744256401687227,2.5722793e-06,2.5196707e-06,154581.98281127936,6194.98579110605,154567.30574385857,3697.587874770636,False,154579.1327385128,4914.266612784318,False,159163.66271862842,6995.208945937236,False,171264.63421946467,10268.31922148486,False,184537.24885610267,14368.8421500079,False,9.426706404433244,225.41505366562404,166234.0502895008,2351.950715602422,0.0,0.0035573081498621,False,69536.625,2210.657470703125,False,71598.9521484375,3146.758638458142,False,83013.12890625,6463.749476195348,False,False,4.240555219953419,101.40179840843491,False,False,2.2201401428552154,0.0013529449080000465,2.2201401428552154,30.534049026319675,2025051500153,49,R12_S11
COSMOS 1017371,149.70010121907,1.87452371044,2025051500155,60811.06269702892,60811.062523411485,z,1.45718856357214,46.7212541796907,307.552778484932,22.261384963989254,30.0010914802551,55.2690627171781,149.986528475271,2.31881898236487,-1,z,20250515,z_20,0.3831081873550724,149.70013824974637,1.87442393475572,745262196276593297,0,2486.5503375828657,1890.361097254096,0.022038983,0.022495659,149.70013824974637,1.87442393475572,1.241332e-06,1.2326017e-06,157560.01625477354,2033.1677486124704,152427.20340129253,1242.3834090655764,False,156601.27204924807,1627.165173514166,False,158566.3153400459,2294.533594940512,False,159016.22147626933,3349.071777169546,False,156199.26215668942,4665.969330647347,False,-0.2214565708254218,76.30610583541483,159817.04738546157,875.1110677572714,0.0,0.0055871221561205,False,165626.96875,1720.9466552734375,False,167705.26708984375,2426.7787806060937,False,165201.7890625,4934.891948211971,False,False,-0.2342201953765063,80.7039996626715,False,False,0.9511229527517474,0.0002607575903641538,0.9511229527517474,31.454408344223026,2025051500155,51,R12_S20
COSMOS 1017371,149.70010121907,1.87452371044,2025051500156,60811.06317210624,60811.06299849531,z,1.45050365108774,46.4713534210398,307.315622584213,22.339324951171875,29.9999675750732,54.2389916050855,150.204901801846,2.01902120604156,-1,z,20250515,z_20,0.3886803286585859,149.7001444613569,1.874424771437976,745262196411859529,0,865.935457589177,1772.1738174292536,0.01892277,0.022198066,149.7001444613569,1.874424771437976,1.1737947e-06,1.1169423e-06,159034.50676749935,1991.1225500621915,153966.5057624873,1216.8877276040878,False,159014.38137749364,1592.0139010688422,False,164401.97765845963,2236.974378570835,False,162872.97202895727,3263.5749183736484,False,160301.96363722315,4552.609323386354,False,-1.024611766973996,71.78146504161386,160178.8950210395,845.5562172189474,0.0,0.0003713503527547,False,168808.296875,1690.0682373046875,False,174527.72265625,2374.752721913247,False,170175.18310546875,4833.010823050437,False,False,-1.0877190216547623,76.20258467126439,False,False,0.9483391809461823,0.00026681451351725534,0.9483391809461823,31.457590765125655,2025051500156,53,R12_S22
COSMOS 1017371,149.70010121907,1.87452371044,2025051500157,60811.06364981271,60811.06347619535,z,1.45813806478113,46.7564133793693,307.144068056127,22.02812385559082,30.0010802745819,53.2313159019994,150.090248087326,2.13984711602346,-1,z,20250515,z_20,0.3963473350195041,149.70014837776452,1.8744242133428064,745262196545552946,0,2260.7624273955043,2163.0718492643805,0.02727955,0.027200568,149.70014837776452,1.8744242133428064,1.5125939e-06,1.5138155e-06,163757.28518636888,3182.924825619868,158931.0479963167,1920.9631914579013,False,163760.44744403355,2535.5359616847386,False,164674.14308576,3584.854435210226,False,169325.89762189618,5253.541320602719,False,176547.92116690558,7339.111714448695,False,4.541284747820482,117.00305278206216,160130.93192519242,1191.9978067132631,0.0,9.949382360108228e-05,False,124105.609375,1921.5521240234373,False,124798.05224609376,2716.776554695754,False,133796.5771484375,5561.934800551508,False,False,3.4416058319959624,88.67058798929878,False,False,1.3269648147958835,0.0005576503601536879,1.3269648147958835,31.09285148135168,2025051500157,52,R12_S21
COSMOS 1017371,149.70010121907,1.87452371044,2025051500158,60811.06412385822,60811.06395024137,z,1.462145490904,46.9048929783717,306.948130863716,22.11774253845215,30.0009915828705,52.2106887612273,150.055274160223,2.14864445275731,-1,z,20250515,z_20,0.395339547662113,149.70014497172744,1.8744229760078328,745262196679770781,0,1896.207888485797,2562.8229555432063,0.029719353,0.028208135,149.70014497172744,1.8744229760078328,1.5990294e-06,1.6202125e-06,160096.9589609004,2803.847168838572,152639.24386700167,1689.6859047660669,False,159858.4356984392,2227.3075704656617,False,161250.58191008266,3151.5388168796853,False,167462.40930370786,4608.052200007526,False,173424.39914377005,6431.871388401803,False,2.9736063146915765,101.1848574427566,160862.82149711653,1166.1929401663197,0.0,0.0004595929480692,False,132401.046875,1844.7437744140625,False,133554.0771484375,2610.228461194328,False,143636.91162109375,5327.1289780178495,False,False,2.4628577612380544,83.8052805582997,False,False,1.2031176014987304,0.00042481991289278854,1.2031176014987304,31.199229798679223,2025051500158,52,R12_S21
COSMOS 1017371,149.70010121907,1.87452371044,2025051500159,60811.06460105517,60811.064427443765,z,1.46451903973902,46.9912884182944,306.614382269076,21.84500312805176,30.0000510215759,51.0926062146829,149.991443262645,2.04219128954196,-1,z,20250515,z_20,0.3895873413137455,149.7001441321882,1.8744243538955383,745262196834435183,0,2818.1426091050485,405.8668604064422,0.03696283,0.03372511,149.7001441321882,1.8744243538955383,1.9463885e-06,1.98485e-06,158661.19061860628,4074.2712750765336,154303.187057729,2449.8207206663847,False,160743.17111783277,3246.527203995683,False,164428.2249311389,4599.664023723631,False,165363.05184440647,6749.757454467997,False,165936.54781739585,9436.581748887014,False,0.4097162281007384,150.74813309762797,159143.9458482776,1530.2395061279651,0.0,0.0004706974731639,False,102529.015625,2070.77685546875,False,104879.50390625,2933.866622628745,False,105841.578125,6019.064019018161,False,False,0.261334906239736,96.15374380337572,False,False,1.56628834090693,0.0005903311995308217,1.56628834090693,30.912820712116577,2025051500159,91,R22_S01
COSMOS 1017371,149.70010121907,1.87452371044,2025051500160,60811.06507653877,60811.06490292189,z,1.46654404716966,47.0658715026156,306.447683220192,22.32426071166992,30.0009982585907,50.0966809649234,150.023706944904,2.01092735497745,-1,z,20250515,z_20,0.3925977629400938,149.70014408696218,1.8744234244057776,745262196968652901,0,3716.537977876399,336.0047929933049,0.020868499,0.022324378,149.70014408696218,1.8744234244057776,1.2078635e-06,1.193343e-06,164496.17210067314,2680.46009349046,154413.15720136315,1624.9657222983133,False,160066.18823535653,2140.0814733927564,False,157321.57474598722,3019.8317543239177,False,155264.2885670197,4412.926429958493,False,149509.73464607284,6169.70644733512,False,-1.7753838637316148,101.8913629395651,159708.54495713548,1005.6169585706808,0.0,0.0017820365746531,False,136100.109375,1819.655517578125,False,133766.43603515625,2567.684259796717,False,127124.23193359376,5245.940642125407,False,False,-1.5095626421814796,86.63557115542967,False,False,1.1749903190352382,0.00034492776684250234,1.1749903190352382,31.224914279027196,2025051500160,91,R22_S01
COSMOS 1017371,149.70010121907,1.87452371044,2025051500161,60811.065568884645,60811.06539527307,z,1.46983479375633,47.1858011817202,306.70728842134,22.49629020690918,30.0000796318054,49.41646550238,150.254994160158,2.22968742134727,-1,z,20250515,z_20,0.3909848658020919,149.70014397275298,1.8744238628632068,745262197080851493,0,3507.2798826570734,3116.61206555476,0.017636409,0.019709047,149.70014397275298,1.8744238628632068,1.047435e-06,1.0300408e-06,163281.53609263818,2014.836823925564,156068.95121604932,1232.181744609137,False,162377.1426450637,1612.7755867975218,False,163425.9050231478,2269.150968432673,False,166369.1060166959,3308.9761656147807,False,165482.3838754915,4615.885581471336,False,0.5162999006040663,72.50005688770352,160311.3596340075,813.9547112775518,0.0,0.0001058022604886,False,172267.09375,1711.00537109375,False,173379.7333984375,2407.3587959750816,False,175561.466796875,4897.026645805245,False,False,0.547746326432726,76.91583860454165,False,False,0.9455191801736728,0.00034654449796933716,0.9455191801736728,31.46082414230092,2025051500161,49,R12_S11
COSMOS 1017371,149.70010121907,1.87452371044,2025051500162,60811.06604488674,60811.06587126994,z,1.47504934029048,47.3737424683107,306.528145523329,21.461750030517575,30.0009837150574,48.4044897865873,150.201418944776,2.27359927102668,-1,z,20250515,z_20,0.3731371105264547,149.70014023653053,1.8744276769941304,745262197215068689,0,2479.241152582089,3333.3219732556,0.046559095,0.051504057,149.70014023653053,1.8744276769941304,2.7427684e-06,2.710884e-06,150529.55867047605,5155.2470970030045,148972.41409234915,3076.249003943184,False,149881.73731134587,4084.813990177274,False,153026.80230476445,5808.196256723314,False,155123.74200169923,8522.090298837102,False,138661.24852510865,11916.396493189028,False,-4.9905268024610905,186.79157167256835,158211.82613549582,1986.546108718402,0.0,0.0024285390171663,False,79651.7421875,2170.795166015625,False,81323.1259765625,3086.6532448440416,False,73688.8310546875,6332.737785844114,False,False,-2.652118672895506,99.2667577555166,False,False,1.8984648128692945,0.0014278825863820411,1.8984648128692945,30.703993619721462,2025051500162,49,R12_S11
COSMOS 1017371,149.70010121907,1.87452371044,2025051500163,60811.06651652131,60811.06634290992,z,1.48025026773062,47.5592972935011,306.40007242895,21.6694450378418,30.000048160553,47.4282019822309,150.174385541524,2.3412978789901,-1,z,20250515,z_20,0.3871299711528377,149.70014453201586,1.874425272594593,745262197349286483,0,1454.429136073332,2890.19963150244,0.036701154,0.041077916,149.70014453201586,1.874425272594593,2.173486e-06,2.1531764e-06,158618.57660776805,4143.411008510608,151535.9473265212,2481.653067204433,False,158139.00308744863,3290.565328962813,False,163421.9808469784,4675.569318192938,False,154261.31002061974,6844.687794770768,False,146576.37682530962,9578.333084215175,False,-4.6721281758478295,154.4869043436156,159480.62843177936,1593.5863238893012,0.0,0.0003456334017744,False,101439.0390625,2110.749267578125,False,104827.8310546875,2999.16686869037,False,94022.1357421875,6144.068730128828,False,False,-2.9969595310573376,99.09638241295148,False,False,1.5583941564632846,0.0007590976752397526,1.5583941564632846,30.918306722359276,2025051500163,49,R12_S11
COSMOS 1017371,149.70010121907,1.87452371044,2025051500164,60811.06699606279,60811.06682244602,z,1.48290256226105,47.6534050210865,306.150285934406,22.433107376098636,30.0009775161743,46.3696597979727,150.149555932935,2.28012106539064,-1,z,20250515,z_20,0.3855061237777807,149.70014324733583,1.874425208057422,745262197483504922,0,2155.0742065156687,3978.242448636532,0.020038407,0.023653941,149.70014324733583,1.874425208057422,1.2221508e-06,1.2130732e-06,161851.22057228378,1874.4324016497649,153916.69258851573,1143.622674866196,False,159969.27638570446,1493.9398912325732,False,162802.2021283604,2096.888168925276,False,154390.4631067835,3056.578667805364,False,,,True,-0.19569428631706,70.19343613212305,160601.37927450385,834.6578846371307,0.0,0.0018081394137892,False,177808.90625,1660.542724609375,False,180957.75732421875,2330.7312520824003,True,,,False,False,-0.2175179371663415,78.02134501433169,False,False,0.8964746732169111,0.0003180090530916567,0.8964746732169111,31.51865493853255,2025051500164,49,R12_S11
COSMOS 1017371,149.70010121907,1.87452371044,2025051500165,60811.06747001558,60811.06729639837,z,1.47973893768687,47.5413095255583,305.793745189708,22.622291564941406,30.0010540485382,45.2431853792342,150.210733797678,2.01581939604317,-1,z,20250515,z_20,0.3905648236509561,149.70014493502137,1.874424407418486,745262197619819346,0,2280.6762041874013,2315.377181655293,0.0155940335,0.01681594,149.70014493502137,1.874424407418486,9.0078396e-07,9.0076907e-07,157823.42986599714,2000.550344538062,152825.01447005972,1225.6819092338264,False,156511.3817609102,1604.3300496280874,False,156894.6242646172,2255.967396777711,False,156342.9233142512,3295.520105884892,False,156416.68423337236,4598.1308890607415,False,-1.3691411232719144,74.74561155733014,157722.54244812028,762.5797295424828,0.0,0.0006254589278411,False,165256.484375,1693.9722900390625,False,165661.140625,2382.019995361244,False,165156.49560546875,4855.0523091225705,False,False,-1.445642138606848,78.92203652826477,False,False,0.9460555122114909,0.0003168221734671107,0.9460555122114909,31.460208448795207,2025051500165,53,R12_S22
COSMOS 1017371,149.70010121907,1.87452371044,2025051500167,60811.068421857584,60811.068248240284,z,1.49624379795735,48.1193534941018,305.348737389083,22.36460876464844,30.0010693073273,43.1346789296529,149.91266256282,2.19450983074851,-1,z,20250515,z_20,0.3903427475657727,149.70014581788422,1.8744248680278608,745262197887730855,0,714.4997306669852,3808.873891824948,0.022034789,0.024734512,149.70014581788422,1.8744248680278608,1.2967167e-06,1.3060784e-06,160079.61758869124,1848.810596346563,151042.78981686803,1121.2771854131493,False,160323.0991811311,1465.0788118509556,False,165995.55031711582,2055.7154533245466,False,166518.61150912303,2992.44499094818,False,164385.65032122072,4174.913979396861,False,-0.4705256890482275,66.05288738554196,160550.863428237,884.2398024604028,0.0,3.9106646472775175e-05,False,176966.59375,1617.171875,False,183227.91455078125,2269.1238090593124,False,181450.8872851729,4608.321008680165,False,False,-0.5193719987202972,72.90998332539367,False,False,0.9054741403625779,0.00024054027728842562,0.9054741403625779,31.507809870713857,2025051500167,52,R12_S21
COSMOS 1017371,149.70010121907,1.87452371044,2025051500168,60811.06889448274,60811.06872087137,z,1.49445154687724,48.0575818356673,305.595654811003,22.28812599182129,30.00004529953,42.4531327395295,150.257460658253,2.28049975153035,-1,z,20250515,z_20,0.3840910577190864,149.70014108433273,1.8744247375364016,745262198020899598,0,94.13655928982584,2675.497705870192,0.024588872,0.028144129,149.70014108433273,1.8744247375364016,1.4583848e-06,1.4768762e-06,160269.27688360395,2136.885976997121,151473.75157570594,1289.1831037364225,False,160619.89184876077,1690.1927320976624,False,165808.0315289557,2379.2227893695604,False,169715.6208514937,3467.4082568487065,False,174448.17586924747,4842.694391224404,False,3.3891872448682863,76.96628019916557,162477.24367526913,1011.239164177263,0.0,0.0015882248555538,False,160936.828125,1693.52783203125,False,166135.205078125,2383.917488155165,False,174792.39821070433,4852.250029132345,False,False,3.3958748124696734,77.11815059305972,False,False,1.0039707719797577,0.00023020372032743114,1.0039707719797577,31.395697325927387,2025051500168,50,R12_S12
COSMOS 1017371,149.70010121907,1.87452371044,2025051500169,60811.06937062166,60811.06919700447,z,1.49355232483446,48.0260912360452,305.182835281139,22.372337341308597,30.001051902771,41.2786230695501,150.233670150668,2.04168329803779,-1,z,20250515,z_20,0.3995536793507618,149.7001433719413,1.874421030450229,745262198156689978,0,2847.160926386986,2000.080445121711,0.0226827,0.023045864,149.7001433719413,1.874421030450229,1.268439e-06,1.2715589e-06,158172.0118082552,2638.5629901491448,153689.3859056284,1604.9430358524935,False,157326.36130537227,2109.9526703615297,False,158338.57021615302,2974.3972849171723,False,161020.15054955185,4350.378325546792,False,153479.04190174807,6075.75576956338,False,-0.4794692612758139,96.51920564768533,157887.2811095383,1013.4057270666124,0.0,0.0013863226526529,False,135438.46875,1816.4073486328125,False,136309.85498046875,2560.5868614822098,False,132126.404296875,5230.471556711345,False,False,-0.4127635192289446,83.09105549396868,False,False,1.1632840766254726,0.0003782284635986476,1.1632840766254726,31.235785541541556,2025051500169,53,R12_S22
COSMOS 1017371,149.70010121907,1.87452371044,2025051500170,60811.069850944616,60811.06967733352,z,1.50174461228393,48.308216533385,305.076865325154,22.363569259643555,29.9999978542328,40.3105686063568,150.15166252296,2.18528804429512,-1,z,20250515,z_20,0.3963356097888703,149.70014533094107,1.8744228305958568,745262198290907493,0,185.22048717113103,1061.9791049770122,0.017886346,0.020088468,149.70014533094107,1.8744228305958568,1.046372e-06,1.0665977e-06,164301.99873682394,2248.342327528273,157311.80408717706,1372.8477256569604,False,163029.95510849616,1801.2925802133134,False,166300.7310502306,2533.160198283075,False,166164.0621151982,3703.7276780736697,False,173528.8377032878,5166.135351974863,False,2.391095187785826,82.60371314445071,162656.6421127632,904.3054628425954,0.0,0.0001869361292337,False,157270.0,1737.6517333984375,False,160425.21728515625,2443.661989104096,False,167397.9501953125,4983.612405857462,False,False,2.306616228488917,79.68526984861289,False,False,1.055909344248212,0.00035094811336783803,1.055909344248212,31.34093341705956,2025051500170,53,R12_S22
COSMOS 1017371,149.70010121907,1.87452371044,2025051500171,60811.07036106307,60811.07018744576,z,1.50510898711381,48.4221667648607,305.098233791451,22.320241928100582,30.0010714530945,39.4584726358325,150.266122162586,2.27728766763547,-1,z,20250515,z_20,0.401315328840758,149.70014180253182,1.8744198752317365,745262198423552843,0,873.5350448844908,2735.9713770228896,0.021760182,0.022560295,149.70014180253182,1.8744198752317365,1.226472e-06,1.2354561e-06,160472.99493395895,2549.708728404056,158023.11228517647,1547.5785562253077,False,161713.02130504948,2034.4877875978552,False,165081.5408387622,2872.5250217933867,False,166453.6322346439,4190.692535269988,False,167003.24123266072,5855.991599122811,False,0.1860674685016961,93.0042329697654,162423.03507701308,988.8205558772772,0.0,4.05519663151388e-05,False,143787.484375,1808.96923828125,False,146782.61083984375,2554.1118665316544,False,148491.294921875,5206.8676582985245,False,False,0.1654422940340429,82.69491588882605,False,False,1.1332291248081778,0.0004246701864685483,1.1332291248081778,31.264205680814634,2025051500171,50,R12_S12
COSMOS 1017371,149.70010121907,1.87452371044,2025051500172,60811.07083650702,60811.07066289579,z,1.50746712737485,48.5022059870045,304.63927121575,22.359912872314453,30.0000190734863,38.2389031483035,150.13906192672,2.08979140515265,-1,z,20250515,z_20,0.4008820687735443,149.70014578142607,1.8744216491405663,745262198559343403,0,1408.0326193471033,2636.867485096843,0.01883082,0.0190895,149.70014578142607,1.8744216491405663,1.0515033e-06,1.0551599e-06,159515.58587645338,2610.939465593445,155064.29827026234,1589.1855903100743,False,157286.78906083677,2091.040068892612,False,156509.08299988904,2946.277647767605,False,149452.03195672302,4315.718921550384,False,144024.93184593157,6026.579006573527,False,-3.266262192363775,94.14722214634762,160252.1607778164,946.1420455511376,0.0,0.005314423695145,False,136160.234375,1810.17431640625,False,135486.98876953125,2550.537508262658,False,124679.6923828125,5217.096838928506,False,False,-2.8275421495853315,81.50149106447584,False,False,1.1520648685688426,0.0005033036392876723,1.1520648685688426,31.24630766671702,2025051500172,53,R12_S22
COSMOS 1017371,149.70010121907,1.87452371044,2025051500173,60811.07134320839,60811.07116959716,z,1.51417792019845,48.7271976602662,304.679808296854,22.544307708740234,30.0000200271606,37.3902314750245,150.182719895578,2.26969571648155,-1,z,20250515,z_20,0.4026305727650225,149.7001458689142,1.874421157436932,745262198691988755,0,180.99458570194625,3865.521055104315,0.017000455,0.016504152,149.7001458689142,1.874421157436932,9.3428037e-07,9.270794e-07,160507.60484549994,2250.138079438353,155190.67554117317,1376.253188752827,False,157823.94608740174,1805.0163761110127,False,158163.7795297083,2544.065324130886,False,160863.70603573028,3709.083339381165,False,162295.04611784196,5181.684871007695,False,2.1475093481599425,83.14066545012727,161005.8212405871,840.3400199988105,0.0,0.0003658426960603,False,153639.46875,1757.158935546875,False,153970.2919921875,2476.6130524217506,False,157992.02392578125,5044.299870506684,False,False,2.0905711938303253,80.93630901995733,False,False,1.0215790496076629,0.00039627003751369793,1.0215790496076629,31.37682005525109,2025051500173,50,R12_S12
COSMOS 1017371,149.70010121907,1.87452371044,2025051500174,60811.071839933895,60811.07166632272,z,1.5147408182904,48.7462059278356,304.272617814787,22.497291564941406,30.0000104904175,36.2187189529995,150.133700166169,2.06464854219434,-1,z,20250515,z_20,0.3964614586230546,149.70014576251106,1.874422981986118,745262198827779082,0,1861.3436781471555,3181.4997781574248,0.01685931,0.01711708,149.70014576251106,1.874422981986118,9.41497e-07,9.4601216e-07,159346.81870773924,2376.064367707207,156513.99082295917,1449.456848105549,False,158271.68843612712,1903.1421403019224,False,158594.6965196723,2688.847154876046,False,156970.61177899444,3928.537057800069,False,147983.30927949073,5482.053483343744,False,-2.5950978263296136,88.07241158382992,161963.1061972457,855.4165516124515,0.0,0.0006565991928596,False,147182.59375,1769.801025390625,False,147482.970703125,2500.4566663966293,False,137615.05615234375,5097.960720121944,False,False,-2.413275759475596,81.90173557134277,False,False,1.067585386234175,0.0004765162850715756,1.067585386234175,31.328993449335,2025051500174,53,R12_S22
COSMOS 1017371,149.70010121907,1.87452371044,2025051500175,60811.07235048553,60811.072176868416,z,1.52480732929,49.0783140314984,304.203757938621,22.36801528930664,30.0010364055634,35.278682535897,150.044005381032,2.25976702548804,-1,z,20250515,z_20,0.3955662202437922,149.70014562787844,1.8744231944036764,745262198961471911,0,2853.2677543910213,1323.9154835931529,0.01705755,0.018709365,149.70014562787844,1.8744231944036764,9.792153e-07,1.0095414e-06,160805.696085974,2450.9469191702738,158044.31367625893,1490.938118218589,False,162665.44868095854,1959.060667101892,False,165477.49489848744,2763.983678853477,False,169917.598501493,4036.716743356474,False,178940.96449521123,5637.825516438791,False,5.997196123919949,85.3899028455122,162054.32024293704,891.1407990516714,0.0,0.0008007249329612,False,150136.53125,1808.168701171875,False,152731.986328125,2551.0944416265065,False,165158.46435546875,5203.58547985823,False,False,5.535276425156943,78.81294965192212,False,False,1.0883042726849665,0.0003348594457715351,1.0883042726849665,31.3081241644584,2025051500175,52,R12_S21
COSMOS 1017371,149.70010121907,1.87452371044,2025051500176,60811.07282756046,60811.07265394351,z,1.52241721573834,48.9999055822293,303.919351376015,21.78920555114746,30.0010097026825,34.2019940097327,150.122478838307,2.05136100762921,-1,z,20250515,z_20,0.3902963715927934,149.70013928200245,1.8744221884308008,745262199096214231,0,2077.9333697259312,3649.90515618024,0.02365554,0.02661595,149.70013928200245,1.8744221884308008,1.367904e-06,1.4291395e-06,156837.00415845594,4982.789984032461,152715.37784437326,3003.402218018494,False,148062.43381923574,3985.45272591939,False,139895.64240800298,5643.158981052226,False,137500.40550297452,8300.939533077217,False,128663.5778088137,11613.09434918873,False,-6.549901473659943,184.2047966708859,158995.97808287462,1459.5483596390568,0.0,0.0020939416176579,False,79000.6953125,2126.49169921875,False,74643.1943359375,3010.983081680145,False,68650.17578125,6196.322082856264,False,False,-3.494787687194421,98.2849372492693,False,False,1.8925444606364725,0.0016485865038966205,1.8925444606364725,30.70738477259182,2025051500176,53,R12_S22
COSMOS 1017371,149.70010121907,1.87452371044,2025051500178,60811.07390261915,60811.07372900786,z,1.53355885285915,49.3623360266108,303.818550862459,22.48507499694824,30.0000305175781,58.69986092525029,150.196719777121,2.2490685364647,-1,z,20250515,z_20,0.3895556658677044,149.70014447250537,1.8744245110143647,745262199362553054,0,749.744230073425,3764.102075578357,0.013918289,0.01922638,149.70014447250537,1.8744245110143647,9.968642e-07,8.629055e-07,157993.51605189964,2204.3569316367407,154731.52753213118,1346.675158069874,False,155403.6580922428,1765.2137246554316,False,155464.3748017191,2488.505821678693,False,152728.85636508476,3630.9458102813737,False,153854.5387942466,5070.371687919056,False,-1.1434373442581591,79.2536924100675,157935.57524107932,816.8773939848318,0.0,0.0008766001998609,False,155593.84375,1767.3740234375,False,155654.634765625,2491.551297714061,False,154042.82861328125,5076.576895610937,False,False,-1.144836702459192,79.35068443590352,False,False,0.9998583766282111,0.0003852741526182965,0.9998583766282111,31.40015377651162,2025051500178,49,R12_S11
COSMOS 1017371,149.70010121907,1.87452371044,2025051500179,60811.07437529799,60811.07420168018,z,1.53490907664222,49.4060095189563,303.635918511034,22.556028366088867,30.0011570453644,57.68482477639781,150.239818405953,2.17976514191062,-1,z,20250515,z_20,0.3947339956158794,149.70014342473394,1.8744225010305264,745262199496770700,0,2405.941078490339,3749.971897182312,0.013645518,0.019546935,149.70014342473394,1.8744225010305264,1.0028324e-06,8.6468975e-07,161663.47084719775,2420.3316043900995,158951.794009202,1486.2509309655045,False,161856.1639887828,1952.0080226390849,False,162298.72161156,2739.776102196314,False,163106.63985693324,4014.866648965699,False,165446.60874606602,5617.3330283989335,False,2.8723896893825547,89.95883827454743,162235.68645917065,856.6660447013195,0.0,0.0002207905860683,False,150353.734375,1813.287109375,False,150764.84130859375,2545.071859883853,False,153689.021484375,5218.13304624185,False,False,2.668261163095672,83.5658460035681,False,False,1.068119861270032,0.0004944364109818651,1.068119861270032,31.328450023307685,2025051500179,49,R12_S11
COSMOS 1017371,149.70010121907,1.87452371044,2025051500180,60811.07488665495,60811.074713038055,z,1.53877106891463,49.5294516496502,303.491872870919,22.008699417114254,30.0009994506836,56.7015431510598,150.2592400656,2.18652976139593,-1,z,20250515,z_20,0.3920005889639699,149.70014632435152,1.8744245917429427,745262199630988025,0,2695.9351058364387,3402.077201440777,0.024059542,0.031081885,149.70014632435152,1.8744245917429427,1.618472e-06,1.465231e-06,158882.96136161106,3651.229298791617,151169.45332868057,2200.229279351823,False,160133.60606546816,2912.387682995519,False,160805.89398922527,4112.004153832092,False,164465.619494129,6041.347277362669,False,155288.53501563272,8448.997717840779,False,-1.3161845272907626,134.23867196130314,159503.03402987806,1310.7432527898798,0.0,0.0022403328748518,False,110316.625,2006.3544921875,False,110779.7666015625,2832.7746522568204,False,106978.837890625,5820.545329403477,False,False,-0.9067243191199712,92.47751049332368,False,False,1.4601084969076705,0.0007724082839546385,1.4601084969076705,30.989037179275904,2025051500180,49,R12_S11
COSMOS 1017371,149.70010121907,1.87452371044,2025051500181,60811.07536162604,60811.0751880086,z,1.5405554692601,49.586377504359,303.134376763874,22.263193130493164,30.0010933876038,55.5682204203981,150.201384292716,2.02908811488899,-1,z,20250515,z_20,0.3854181767323729,149.70014453559867,1.874425793848138,745262199767302642,0,432.32597135612895,1674.4141523587891,0.019019539,0.025357567,149.70014453559867,1.874425793848138,1.3058141e-06,1.1813104e-06,160023.03529728908,2607.589152772003,155794.20406798148,1585.0198071687194,False,160521.01440372685,2086.479329252735,False,161272.8812306763,2949.472904763166,False,167752.03893243938,4316.1037674629815,False,172797.39747671102,6025.873433891788,False,2.443561644514362,97.99191160206225,161255.18338653792,989.1340612793532,0.0,1.12461699768307e-05,False,140494.421875,1826.1702880859373,False,141152.48583984375,2581.496834728806,False,151239.2041015625,5274.085810704247,False,False,2.138703034224029,85.7664463441006,False,False,1.1408303020306105,0.0004042659773542744,1.1408303020306105,31.256947379692328,2025051500181,53,R12_S22
COSMOS 1017371,149.70010121907,1.87452371044,2025051500182,60811.07583866672,60811.07566504998,z,1.55151615248086,49.9317785353345,302.916877311664,22.12254905700684,30.0009713172913,54.5192719275548,150.008427280316,2.14660114973611,-1,z,20250515,z_20,0.391433876637264,149.70014666387698,1.874424920020056,745262199900996476,0,1084.2436960741843,3327.9273494717872,0.021912498,0.028062979,149.70014666387698,1.874424920020056,1.4532696e-06,1.341906e-06,159885.69772911002,2887.246885416472,153186.23104156592,1747.8941322512749,False,155417.67240957654,2305.044549447844,False,151273.13615623154,3256.2366533033805,False,144924.85036690935,4771.448997538729,False,134942.42880612423,6663.858577721261,False,-5.409015111214776,103.9013634253688,160310.4008011542,1113.9474013617807,0.0,0.0012806402633083,False,127419.046875,1889.788818359375,False,124021.15234375,2669.6228577528923,False,110632.43577706814,5463.35880159994,False,False,-4.434576450142429,85.18344465862504,False,False,1.2248379091157782,0.0005651293245304732,1.2248379091157782,31.17980345137986,2025051500182,52,R12_S21
COSMOS 1017371,149.70010121907,1.87452371044,2025051900219,60815.04869665905,60815.04852304139,y,1.43230964865665,45.7728849170944,308.827442094289,21.509063720703125,30.0011305809021,62.068102999822,150.196629681787,2.24908704740264,-1,y,20250519,y_10,0.3765308970777646,149.70014292429278,1.874427783362332,745279797051523970,0,143.65992820922975,3844.176800969207,0.036758233,0.03271369,149.70014292429278,1.874427783362332,1.8689365e-06,1.9947706e-06,165033.4207044256,4252.239859623385,159355.58560608598,2526.8899762761616,False,166355.1242216458,3335.656851901797,False,171023.01271480726,4718.790512927073,False,171298.48963465364,6906.321335569598,False,171238.35392319688,9646.17542438546,False,-2.040862866499323,152.21142879241913,165611.31178275932,1790.224421066301,0.0,0.0024567606997706,False,69840.3359375,1400.3980712890625,False,71800.04052734375,1981.0746208359524,False,71890.44653320312,4049.72275608134,False,False,-0.856808883198415,63.90243384523404,False,False,2.3572319929197105,0.0006749857341452113,2.3572319929197105,30.46899418296924,2025051900219,49,R12_S11
COSMOS 1017371,149.70010121907,1.87452371044,2025051900220,60815.04917177312,60815.04899815628,y,1.43321291466702,45.8082865223073,308.629990994027,21.486730575561523,30.0009906291962,61.0553546164686,150.239778109986,2.17978423685599,-1,y,20250519,y_10,0.3687616917738895,149.7001483666302,1.8744327589694896,745279797185741598,0,1801.689639621722,3738.659517906851,0.046223827,0.038184017,149.7001483666302,1.8744327589694896,2.2341517e-06,2.4705696e-06,156492.18320578942,4202.245422212684,150915.37033122516,2496.9643736430457,False,159723.71192824576,3298.8428503211494,False,168910.8938280105,4674.551451187711,False,177240.8076256376,6841.026601598397,False,188123.562889304,9555.509119934257,False,6.731602613691688,151.87921711398224,160582.03088450056,1806.144478205235,0.0,0.0061786439576787,False,67316.015625,1390.3067626953125,False,71187.97973632812,1970.103090700657,False,79285.21411132812,4027.196672659929,False,False,2.837053191752337,64.00993082949749,False,False,2.3749819672855423,0.0010551243267785844,2.3749819672855423,30.460849208822115,2025051900220,49,R12_S11
COSMOS 1017371,149.70010121907,1.87452371044,2025051900221,60815.049647067804,60815.04947345611,y,1.43597852455462,45.916261811607,308.479948785676,21.52555274963379,30.0001010894775,60.074420934188005,150.259174286208,2.18644406228788,-1,y,20250519,y_10,0.3872011902784245,149.7001442098865,1.8744251100555072,745279797319959280,0,2057.0720190720526,3392.9665928458057,0.03685333,0.035791,149.7001442098865,1.8744251100555072,2.0029834e-06,2.0328116e-06,162304.51772305905,4150.8098631853845,152376.15880205028,2490.833752475209,False,157508.64360864804,3288.0925766449964,False,157790.90653017335,4632.464435787039,False,155383.42094555692,6797.652747324817,False,143920.39283429796,9511.746099764629,False,-4.913604204571559,151.88067531338498,159560.52001189138,1665.899949801768,0.0,0.0006078862294041,False,66533.7890625,1388.9349365234375,False,66653.02075195312,1956.8158581569128,False,60793.927490234375,4017.890663767038,False,False,-2.0755731126468007,64.1564588612582,False,False,2.3580861402271087,0.0012770127351301626,2.3580861402271087,30.468600835738027,2025051900221,49,R12_S11
COSMOS 1017371,149.70010121907,1.87452371044,2025051900223,60815.05129485879,60815.05112124691,y,1.45027232327386,46.4623315123579,307.585563687657,21.64989852905273,30.0001330375671,57.86160324575469,150.00848905134,2.14662416860128,-1,y,20250519,y_10,0.3716430820555557,149.70014193120403,1.874428833712508,745279797589967637,0,655.4270381190539,3342.5645080129907,0.038684856,0.035624873,149.70014193120403,1.874428833712508,2.0286982e-06,2.1030878e-06,159006.46065956427,4175.9898681094455,149211.63944557472,2494.932478231237,False,154896.1772916284,3295.6866945322527,False,156318.4798457351,4673.990157339431,False,158844.59481742815,6845.838619102021,False,153841.8394329536,9548.693861293355,False,-0.7949852664488909,150.96905151696444,157858.21074122246,1625.136750104867,0.0,0.0054075606243485,False,65752.671875,1399.0029296875,False,66356.43237304688,1984.0860280489903,False,65305.110595703125,4053.373977812053,False,False,-0.3374673686869515,64.08562613514822,False,False,2.351646001601495,0.0009124129818124056,2.351646001601495,30.471570132427104,2025051900223,52,R12_S21
COSMOS 1017371,149.70010121907,1.87452371044,2025051900224,60815.0517675796,60815.05159396274,y,1.44869569089616,46.4029260024245,307.656559993016,21.624635696411133,30.0009934902191,57.0426813592806,150.257573614625,2.13898018923908,-1,y,20250519,y_10,0.3967057860522073,149.7001479872349,1.8744239194143968,745279797722612528,0,3312.36662007433,3865.673581056041,0.032658335,0.033818543,149.7001479872349,1.8744239194143968,1.8598056e-06,1.8337573e-06,161127.18943464,4233.27005581203,152293.59839085516,2521.542646586504,False,164168.33248486125,3332.4607874718795,False,173927.3646119381,4717.406394009907,False,191832.29212238497,6911.334259407505,False,222401.5329082108,9659.969520339768,False,15.295241722746317,149.12169569341202,161161.0609376985,1643.9595954237468,0.0,0.0003148733883221,False,69581.9296875,1412.4468994140625,False,73718.24682617188,1999.4491936843503,False,94263.78151607512,4094.3299464265306,False,False,6.48281198935606,63.204487659497936,False,False,2.3366665137106173,0.001036915430933204,2.3366665137106173,30.4785081629538,2025051900224,49,R12_S11
COSMOS 1017371,149.70010121907,1.87452371044,2025051900226,60815.05283798573,60815.052664368864,y,1.46432790216527,46.9849172238927,307.171007417668,21.64373588562012,30.0009944438934,54.9575623611292,149.986512104632,2.3187391074539,-1,y,20250519,y_10,0.3821160409059538,149.7001431992286,1.874426211919508,745279797992096178,0,2473.144503853616,1815.358641080492,0.036112998,0.031701483,149.7001431992286,1.874426211919508,1.8459293e-06,1.928728e-06,158790.36573188822,4264.31696430576,151747.0746555238,2541.182462041109,False,156003.180877095,3356.5960120882137,False,154862.82922484516,4752.60233823172,False,159016.71754447368,6958.053408338523,False,153419.66742841553,9719.884298043691,False,-0.5167949826690955,154.48010528925354,159715.02970720982,1598.4391981228976,0.0,0.000847021430485,False,66530.53125,1431.484375,False,66044.20654296875,2026.8378926943608,False,65428.74267578125,4145.230003655181,False,False,-0.220397074925013,65.88098662261942,False,False,2.3230266022471247,0.0008980658066849817,2.3230266022471247,30.484864542069595,2025051900226,51,R12_S20
COSMOS 1017371,149.70010121907,1.87452371044,2025051900227,60815.05337282304,60815.053199205424,y,1.45797561140288,46.7507085951532,306.91210860213,21.614301681518555,30.0011231899261,53.925241797654,150.204786884106,2.01915097356171,-1,y,20250519,y_10,0.3774303629999917,149.7001433809084,1.8744277100361304,745279798127362449,0,852.81112125733,1752.3507097152365,0.03527287,0.040031753,149.7001433809084,1.8744277100361304,2.135566e-06,2.0558944e-06,163014.31662877565,4248.457186141781,157343.09779423237,2533.0474092737936,False,164541.83843723184,3346.411778081978,False,175927.642038676,4737.755393887424,False,174433.56070746167,6931.471906732088,False,185355.319600791,9689.266884014469,False,3.7849366274398273,155.97612637284013,163836.34623469264,1667.955958809627,0.0,0.0002476798523549,False,70277.15625,1429.2796630859375,False,75140.12548828125,2023.5338273403352,False,79166.76318359375,4138.364620349085,False,False,1.616577189663566,66.61867102302593,False,False,2.32361383553842,0.0008787667877910939,2.32361383553842,30.484590115650366,2025051900227,53,R12_S22
COSMOS 1017371,149.70010121907,1.87452371044,2025051900228,60815.053930095935,60815.053756479065,y,1.4662813965749,47.0560631688542,306.71494009586,21.601652145385746,30.0009953975677,52.9188911054183,150.090407469103,2.13966311694007,-1,y,20250519,y_10,0.3975152031706368,149.70014298744974,1.8744214849932628,745279798261055989,0,2249.9990152146256,2145.481501826134,0.039427478,0.036620315,149.70014298744974,1.8744214849932628,2.0924567e-06,2.1355456e-06,162267.7592248951,4258.80395976271,152954.34754771457,2540.807782055841,False,158972.19193262485,3356.2022014532654,False,165709.5991716177,4754.129843747582,False,156243.44345472674,6943.160890362649,False,152498.5918523763,9709.359091487166,False,-1.937241307476467,155.38352360035498,159067.93734315917,1664.790067195654,0.0,2.120314180020788e-05,False,67041.7109375,1415.376708984375,False,69883.00854492188,2004.910386333156,False,64311.666015625,4094.628360384855,False,False,-0.8169728942723865,65.52829867301689,False,False,2.3530987715783085,0.0009224505771171598,2.3530987715783085,30.470899607207485,2025051900228,52,R12_S21
COSMOS 1017371,149.70010121907,1.87452371044,2025051900229,60815.05440648252,60815.054232865084,y,1.47040679030802,47.2060272259509,306.520024778938,21.618974685668945,30.0010938644409,51.8986062310291,150.05516232872,2.14856328037708,-1,y,20250519,y_10,0.3878895011798994,149.70014437838788,1.8744249749331068,745279798395273796,0,1883.9525873367863,2548.510801618779,0.03988086,0.03761471,149.70014437838788,1.8744249749331068,2.1385608e-06,2.1692338e-06,159130.94890009842,4228.490121999727,155008.1351793754,2519.740990214372,False,162878.25367598873,3327.8669348516705,False,168992.1500633254,4717.1598660480695,False,179554.65429394384,6887.31620750698,False,197943.02101659417,9633.064623881062,False,8.931981886989877,151.809370052921,161805.83098514949,1655.1447928377634,0.0,6.845439620817295e-06,False,68756.15625,1404.7998046875,False,71337.02880859375,1991.265092094016,False,83558.12377929688,4066.426803442293,False,False,3.7704772023509214,64.08362400751498,False,False,2.3481626279889904,0.00093013766726004,2.3481626279889904,30.473179570528274,2025051900229,52,R12_S21
COSMOS 1017371,149.70010121907,1.87452371044,2025051900230,60815.05488372881,60815.054710117336,y,1.47283902151673,47.2938653764363,306.188941387077,21.601367950439453,30.0000624656677,50.7821483476804,149.991593745436,2.04221165925898,-1,y,20250519,y_10,0.3822285339311618,149.70014388605276,1.874426476081236,745279798549938279,0,2794.5289504545703,394.3121318914037,0.041264463,0.03697176,149.70014388605276,1.874426476081236,2.1525104e-06,2.201247e-06,161908.25856094965,4208.703468396258,148150.07583647402,2505.10557249436,False,153876.06076789228,3310.4599658205307,False,149150.5350819989,4696.172004445837,False,140037.78467692257,6870.641171879127,False,124512.60723947296,9597.437808858313,False,-8.697618967449388,150.48761156976153,157692.66053813303,1675.5602340563255,0.0,0.0120521857377686,False,65856.359375,1416.821044921875,False,63833.9140625,2009.8824317975511,False,53289.29638671875,4107.541551721795,False,False,-3.722434260200936,64.40616025369137,False,False,2.3413532661698646,0.0008575883549091229,2.3413532661698646,30.476332636226804,2025051900230,91,R22_S01
COSMOS 1017371,149.70010121907,1.87452371044,2025051900231,60815.05539059143,60815.05521697385,y,1.47514302094782,47.3766838148315,306.012646689106,21.66950035095215,30.0011169910431,49.7858472588775,150.023864616606,2.01095130794309,-1,y,20250519,y_10,0.3845081930679207,149.70014288609926,1.874425355831119,745279798684155990,0,3699.14008078723,326.15997099875943,0.034422766,0.035227746,149.70014288609926,1.874425355831119,1.938845e-06,1.9313316e-06,156575.36659202268,4265.064141145615,153470.85577150492,2550.3276739539187,False,157817.86879940671,3367.663015093881,False,159714.25386814767,4773.585964165355,False,175270.56402255272,6982.043979083247,False,188091.38543433408,9754.869850589472,False,10.065365044051378,152.46263626795798,161008.60940993717,1647.1843194952662,0.0,3.089933251487764e-05,False,66710.9609375,1423.5399169921875,False,67512.5791015625,2017.835554426334,False,79507.8349609375,4123.466794373016,False,False,4.254715764340075,64.4472584117056,False,False,2.333661432878587,0.0008447969084696075,2.333661432878587,30.47990537768696,2025051900231,91,R22_S01
COSMOS 1017371,149.70010121907,1.87452371044,2025051900232,60815.0558667983,60815.05569318104,y,1.47834462988647,47.4916518527155,306.27731368386,21.700193405151367,30.0010619163513,49.1013526367224,150.254933981342,2.22970536360527,-1,y,20250519,y_10,0.3829637889503361,149.70014277944077,1.8744257765889685,745279798796354237,0,3521.715107102188,3105.5053499299265,0.031179063,0.036109198,149.70014277944077,1.8744257765889685,1.8928577e-06,1.8545927e-06,160955.20759203765,4289.7606126913815,155056.02247500385,2558.4204028865147,False,161815.97068930088,3380.1417467325377,False,166507.4922696995,4792.551276631587,False,172442.64392038027,7015.362896791528,False,167993.7652011603,9793.621488352255,False,2.1015164817951346,156.08769574078084,162989.36191992974,1597.4814976438677,0.0,5.397477994961708e-05,False,68459.0703125,1430.0279541015625,False,70443.900390625,2027.57245422424,False,71072.69409179688,4143.362482881601,False,False,0.8890832219912835,66.03562362921168,False,False,2.3318441642640875,0.0009673356190702543,2.3318441642640875,30.480751191452367,2025051900232,49,R12_S11
COSMOS 1017371,149.70010121907,1.87452371044,2025051900233,60815.05634383195,60815.05617021451,y,1.48366671572649,47.6804372913271,306.100003746257,21.620473861694336,30.0010936260223,48.0898885787645,150.201226129047,2.27351442741009,-1,y,20250519,y_10,0.3920057229178305,149.7001422825526,1.8744228504833151,745279798930572020,0,2493.0304391242207,3321.746525351832,0.035250314,0.038455546,149.7001422825526,1.8744228504833151,2.058417e-06,2.0397886e-06,163141.37434093215,4287.866277334932,151228.88011804927,2555.227230083665,False,157161.00644566974,3375.996539225556,False,157654.56947587503,4772.198458994856,False,161036.9258153904,6994.863389650359,False,148994.52594643462,9768.556625321462,False,-3.345742976797296,155.43883692922552,159671.94158962072,1677.2370188268903,0.0,0.0005462657348177,False,66403.4453125,1426.4212646484375,False,66611.98486328125,2016.3425175176008,False,62952.95556640625,4127.396676324008,False,False,-1.4136385724040494,65.67579669347953,False,False,2.363981335270043,0.0014487167049776672,2.363981335270043,30.465889891834426,2025051900233,49,R12_S11
COSMOS 1017371,149.70010121907,1.87452371044,2025051900234,60815.05681432031,60815.056640709176,y,1.48895193806805,47.8663466001525,305.974293021119,21.67391586303711,30.0000035762787,47.1138557487458,150.174407694881,2.34121383730085,-1,y,20250519,y_10,0.3910484475152875,149.70014006061294,1.8744222597344504,745279799064789675,0,1463.5588524708912,2854.2773245970416,0.03026748,0.03728497,149.70014006061294,1.8744222597344504,1.9001791e-06,1.8723051e-06,156516.57576850234,4269.278680411288,154355.20474234107,2549.96203000389,False,162228.993556353,3369.0972960688323,False,170380.5320872751,4780.565318195786,False,179474.82967396342,6988.8839710215925,False,190657.46146232865,9765.242366001768,False,8.432468472704361,154.61532985808194,161070.369850209,1600.8250271310849,0.0,0.0003919539717709,False,68682.2734375,1426.3619384765625,False,72133.359375,2023.9297993061743,False,80717.92602539062,4134.2736070923975,False,False,3.57002218098701,65.45890552697804,False,False,2.350953164212521,0.0009362465423596108,2.350953164212521,30.471890057054374,2025051900234,49,R12_S11
COSMOS 1017371,149.70010121907,1.87452371044,2025051900235,60815.05729152368,60815.05711790617,y,1.49165938213271,47.9606916352055,305.727391234498,21.627464294433597,30.001106262207,46.0558859308973,150.149555898027,2.28014220159904,-1,y,20250519,y_10,0.388143218813855,149.70014204676625,1.8744239130997908,745279799199007598,0,2162.8666659848964,3932.2089507065457,0.028295329,0.034053147,149.70014204676625,1.8744239130997908,1.7448796e-06,1.7336093e-06,162177.53116234893,4210.110656203876,153663.18426344547,2510.828446667648,False,161709.86069824244,3316.559903352525,False,170051.00629150975,4694.842645001088,False,176842.3453125906,6873.243276257247,False,194740.48345163235,9600.292960953851,False,9.319892251061969,153.2962438557124,158049.26775785387,1579.111838535667,0.0,0.0033362498885011,False,68875.65625,1412.5931396484375,False,72428.32690429688,1999.632964673318,False,82944.09838867188,4088.968199112046,False,False,3.969539595170522,65.29211855500026,False,False,2.354852666303531,0.0011497447782476391,2.354852666303531,30.470090649377003,2025051900235,49,R12_S11
COSMOS 1017371,149.70010121907,1.87452371044,2025051900236,60815.05776648015,60815.05759286336,y,1.48851643330811,47.8504156653652,305.371002005205,21.69496154785156,30.0009799003601,44.9294563465445,150.210820341763,2.01583916300563,-1,y,20250519,y_10,0.3978030262646426,149.7001460875568,1.8744227183182736,745279799335322151,0,2282.008650968843,2298.7412858203643,0.032577347,0.032550648,149.7001460875568,1.8744227183182736,1.8090373e-06,1.8093715e-06,160419.73075041184,4120.850297373809,151768.73140650682,2461.629799190045,False,156409.1029077537,3250.9065044151807,False,155547.02096533187,4591.303718612148,False,152212.27535716887,6730.5193223232,False,159250.26474028503,9405.331076078555,False,-0.9078158849673184,153.0763557206466,158932.2627440091,1522.2571478820928,0.0,5.9950424088239807e-05,False,67047.4765625,1393.5574951171875,False,66677.93017578125,1968.142024614264,False,68265.38989257812,4031.758402564617,False,False,-0.389151034938863,65.61883663833851,False,False,2.3116604589928964,0.0008782232384060888,2.3116604589928964,30.490189888880167,2025051900236,53,R12_S22
COSMOS 1017371,149.70010121907,1.87452371044,2025051900237,60815.05824038299,60815.05806676558,y,1.50294874169627,48.3488932409216,305.231335717374,21.708328247070312,30.0010879039764,43.9216534882163,149.955609919665,2.29525166445775,-1,y,20250519,y_10,0.3915099314647942,149.70014860068906,1.8744258097416304,745279799468491247,0,4078.556783296139,1929.1034072907808,0.028248934,0.03875475,149.70014860068906,1.8744258097416304,1.8728482e-06,1.8951824e-06,,,156599.57641957398,2483.810688644971,False,164424.71094830835,3278.144123020045,False,,,True,,,True,,,True,14.164784115897676,147.22337834127651,163878.50982225465,1542.007310252293,0.0,5.974521827201151e-05,False,70137.8515625,1398.342041015625,True,,,True,,,False,False,6.042203267415324,62.80036253113125,False,False,2.3225142328785786,0.0008643249274379224,2.3225142328785786,30.485104039684895,2025051900237,51,R12_S20
COSMOS 1017371,149.70010121907,1.87452371044,2025051900238,60815.058794156255,60815.05862053929,y,1.5059064446605,48.4495318618737,304.906404518747,21.669851303100582,30.0010120868683,42.8247862557064,149.912774835585,2.19442696234276,-1,y,20250519,y_10,0.3692206640418378,149.70014264299314,1.8744298770030123,745279799603233641,0,683.9885871881303,3751.5325787224174,0.027841667,0.042680122,149.70014264299314,1.8744298770030123,1.9720185e-06,2.0316072e-06,169676.86133274404,4132.441665467161,157396.28463523064,2472.550185286253,False,165059.7404633646,3263.397313749204,False,164494.3829985887,4616.674985774533,False,163149.7679491364,6745.79522077377,False,153174.3340519988,9429.628810326629,False,-3.629418188079556,150.388668200125,161550.94054405694,1624.908241436521,0.0,0.0094739474675897,False,69823.2734375,1380.4764404296875,False,69584.11694335938,1952.937518251752,False,64795.5302734375,3988.904556551748,False,False,-1.5353099299314683,63.61714293358791,False,False,2.3470073443545,0.00093200808529876,2.3470073443545,30.473713878466615,2025051900238,52,R12_S21
COSMOS 1017371,149.70010121907,1.87452371044,2025051900239,60815.05926810602,60815.05909449447,y,1.50407051075126,48.3869061859843,305.151605045543,21.708959579467773,30.0000765323639,42.1378618645659,150.257469164764,2.280517152212,-1,y,20250519,y_10,0.390452315868586,149.70014280246684,1.8744235304977328,745279799736402550,0,102.53416985058422,2648.321517493089,0.029600775,0.036836162,149.70014280246684,1.8744235304977328,1.8353852e-06,1.8766011e-06,157754.9904510214,4186.359942364538,151951.90006775438,2500.311661679412,False,157812.98321156204,3301.4020111877344,False,166421.8042309816,4683.845406294876,False,170896.77122569422,6851.958886080317,False,178954.8429755177,9570.205813171217,False,5.960080419812956,149.74721251870102,157661.76027548182,1556.4529917966147,0.0,0.0019530132786349,False,66175.6796875,1384.3760986328125,False,69785.61450195312,1964.07574969427,False,75041.09057617188,4013.07206509654,False,False,2.499239066056679,62.79346203378486,False,False,2.374776394845196,0.0008420172456678323,2.374776394845196,30.46094319147315,2025051900239,50,R12_S12
COSMOS 1017371,149.70010121907,1.87452371044,2025051900240,60815.05974142166,60815.05956780463,y,1.50316894858186,48.3566448739132,304.741270528646,21.668455123901367,30.0010232925415,40.9642918185002,150.233639563634,2.0416037635455,-1,y,20250519,y_10,0.3885834965834076,149.70014004898616,1.874422988723201,745279799872192992,0,2839.6907305252566,1997.122572686944,0.030916631,0.03941874,149.70014004898616,1.874422988723201,1.9335364e-06,2.0016785e-06,168597.83803787184,4090.9919856157,153374.50006193953,2441.6997246091964,False,160808.09743830858,3221.5115131574344,False,160240.06398679572,4557.414933686848,False,151128.4860347526,6661.9602568407045,False,131516.31399403495,9302.461380913062,False,-8.731961835344501,145.1618371731996,160549.30147718775,1568.3724065733009,0.0,0.0003570964832109,False,68681.1640625,1375.9080810546875,False,68438.55688476562,1946.4726450203448,False,56170.638681828976,3973.082739397905,False,False,-3.7294222924990303,61.99864380791656,False,False,2.3220223055152265,0.000864730186795424,2.3220223055152265,30.48533403178253,2025051900240,53,R12_S22
COSMOS 1017371,149.70010121907,1.87452371044,2025051900241,60815.060252144816,60815.06007852739,y,1.51177162076314,48.6469037650574,304.627715080115,21.66779899597168,30.0010902881622,39.997042072359,150.151598312199,2.18520304600708,-1,y,20250519,y_10,0.3821966686454766,149.7001417930955,1.8744255948221424,745279800006410493,0,191.71972441198028,1047.8778867762433,0.029196255,0.032071814,149.7001417930955,1.8744255948221424,1.6893895e-06,1.7179642e-06,161870.85021836017,4098.008895923921,153679.6544393359,2446.790083168566,False,159194.1417780858,3229.251610678032,False,161643.73049999162,4572.5871079497065,False,167576.23012749248,6687.965490533987,False,163479.6249476077,9344.474439809244,False,1.0445417736115703,148.55399154625266,161861.6962646379,1580.9719382687842,0.0,1.6268864397872562e-06,False,68055.1015625,1380.4970703125,False,69102.29467773438,1954.769670285271,False,69887.13500976562,3994.739692971196,False,False,0.4465390227016185,63.50646367557909,False,False,2.330514814920796,0.0007868044215548097,2.330514814920796,30.48137032985691,2025051900241,53,R12_S22
COSMOS 1017371,149.70010121907,1.87452371044,2025051900242,60815.06081909503,60815.06064547793,y,1.51562583877637,48.7751686589666,304.630496289291,21.631834030151367,30.0010344982147,39.1429652570215,150.266086873617,2.27730756336525,-1,y,20250519,y_10,0.3932255724892875,149.700145202916,1.8744237177564569,745279800139055739,0,885.4420509718782,2727.5181361810337,0.03630947,0.04211496,149.700145202916,1.8744237177564569,2.1504777e-06,2.2170657e-06,166375.29741139998,4152.988223770606,154082.08253266852,2481.6709542783456,False,160062.16125850176,3275.729562399541,False,158827.13152203188,4636.124482231255,False,161154.45796668137,6801.262038485897,False,156881.20781217795,9482.844551838334,False,-0.6259085585861301,151.6374886810366,160253.44115655654,1654.020491319768,0.0,6.807596187219378e-05,False,66686.078125,1364.7545166015625,False,66171.53247070312,1931.530581546969,False,65360.809814453125,3950.8007867632928,False,False,-0.2607698578402384,63.17613942830165,False,False,2.372608649930631,0.0011029181052911116,2.372608649930631,30.46193472650888,2025051900242,50,R12_S12
COSMOS 1017371,149.70010121907,1.87452371044,2025051900243,60815.06129424786,60815.06112063053,y,1.51808837391904,48.8570119300518,304.174830914141,21.632617950439453,30.001074552536,37.9257399315069,150.13882928577,2.08970569649705,-1,y,20250519,y_10,0.380884070674602,149.70014456394364,1.874427185254812,745279800274846324,0,1401.4476190294235,2638.627082104716,0.041970283,0.035326537,149.70014456394364,1.874427185254812,2.2003617e-06,2.1093774e-06,156822.20400623503,4014.120087902822,149029.59371748293,2395.9695917264225,False,156893.28620229336,3163.797558946332,False,160819.89426540493,4486.690990031192,False,162490.40424112242,6568.064673043543,False,164896.3619230009,9161.752892740751,False,1.1161402194804866,144.26442141495085,155944.608457927,1605.8070596029404,0.0,0.0003544843997211,False,66857.90625,1348.2086181640625,False,68531.17602539062,1911.9413764936512,False,70268.30639648438,3904.154414859684,False,False,0.4756277337429497,61.476290003480656,False,False,2.337888509583353,0.0011588510335184782,2.337888509583353,30.477940508841396,2025051900243,53,R12_S22
COSMOS 1017371,149.70010121907,1.87452371044,2025051900244,60815.0618239676,60815.06165035076,y,1.5251086016526,49.0880888774957,304.208911682522,21.652204513549805,30.0009903907776,37.0759095865434,150.182652865715,2.26961114025904,-1,y,20250519,y_10,0.3971170182887273,149.70014179348885,1.8744211246882712,745279800407491412,0,195.4552218512981,3856.991465463149,0.031536642,0.037554897,149.70014179348885,1.8744211246882712,1.8794087e-06,1.9716929e-06,162501.877226532,4160.55627074632,156345.71946778102,2486.9216962958403,False,165998.88716658126,3282.337065197244,False,173665.6990315596,4641.774453140617,False,183617.5084512331,6785.625646871411,False,193530.9944184166,9483.373882419106,False,7.096440945091217,154.79115500823264,165407.23323747373,1665.3233611884057,0.0,0.0034342751960609,False,69176.3984375,1367.842041015625,False,72371.37426757812,1934.3577809966653,False,80649.80078125,3951.988241726453,False,False,2.957286248631237,64.5058216727975,False,False,2.3877670391821746,0.0009063543710097379,2.3877670391821746,30.455020117781487,2025051900244,50,R12_S12
COSMOS 1017371,149.70010121907,1.87452371044,2025051900245,60815.06229670237,60815.06212309081,y,1.52555206869055,49.1023968518582,303.812558104302,21.67485618591309,30.0000791549683,35.9060753018362,150.133603816426,2.06477686891203,-1,y,20250519,y_10,0.385938674238822,149.70014216262152,1.874424622744556,745279800543281884,0,1859.7605867676623,3187.597726138426,0.03676496,0.03236192,149.70014216262152,1.874424622744556,1.9623096e-06,1.885608e-06,158698.27764537587,3984.323757269453,152462.72114457143,2383.726305664052,False,155970.09604675396,3144.147731925912,False,159727.35912705606,4450.995097117525,False,154841.23615266182,6512.356192381131,False,155759.90813662365,9101.358774459046,False,-2.2753002335246606,142.10365616943085,161196.90770534106,1563.9230017954767,0.0,0.0004606632040087,False,66834.75,1347.298828125,False,68444.77490234375,1907.2960272968085,False,66744.68237304688,3900.023490201193,False,False,-0.974988963506041,60.89284147983654,False,False,2.3269142384367494,0.0009047118642784718,2.3269142384367494,30.48304905731824,2025051900245,53,R12_S22
COSMOS 1017371,149.70010121907,1.87452371044,2025051900246,60815.06280658315,60815.062632966365,y,1.53580806378,49.4346358332389,303.74650146703,21.67292594909668,30.0009799003601,34.9666454383911,150.0441642972,2.25978889256427,-1,y,20250519,y_10,0.3884939334804343,149.70014489915934,1.8744250203471733,745279800676974906,0,2865.381578259726,1299.7517391161955,0.03691813,0.033166997,149.70014489915934,1.8744250203471733,1.9850613e-06,1.9138224e-06,161742.0589279791,4104.344435837041,157041.99871193423,2452.8422982104103,False,162945.85615701537,3235.8409222524374,False,166626.36430938545,4579.052003479398,False,168902.5700518823,6698.497954845852,False,157015.39788716164,9357.03041668968,False,-4.745831283376061,147.7952299852711,162138.80171076526,1590.2937819379306,0.0,0.0001260523460164,False,68108.3515625,1352.5216064453125,False,69646.73583984375,1913.9589740497845,False,65629.52978515625,3911.065505015415,False,False,-1.9836696257744704,61.77567027784775,False,False,2.3701981305027693,0.0008890130934996157,2.3701981305027693,30.46303837190774,2025051900246,52,R12_S21
COSMOS 1017371,149.70010121907,1.87452371044,2025051900247,60815.063340557,60815.06316693964,y,1.53385656803659,49.3723168429711,303.444382270823,21.666492462158203,30.0010795593262,33.8895579519424,150.122736396235,2.0512799819225,-1,y,20250519,y_10,0.3911357596521558,149.70014680643408,1.8744250768638664,745279800811717441,0,2077.171563494188,3644.046953892713,0.033797506,0.031115005,149.70014680643408,1.8744250768638664,1.8330622e-06,1.7761753e-06,157830.02036470894,4073.064908871759,154040.02580602988,2440.4363995158387,False,158204.03255565625,3220.991505530151,False,163428.8424485795,4553.149707284024,False,171754.55964260767,6668.604860466728,False,181198.1851619158,9316.259035929435,False,5.230180335928713,147.11706933841373,160269.1240764786,1576.0936059483097,0.0,0.0001817756855125,False,67044.828125,1365.0146484375,False,69259.03515625,1929.566109162603,False,76789.45336914062,3948.110397325872,False,False,2.2164829557156462,62.34631613816603,False,False,2.364572946621634,0.001603667689713337,2.364572946621634,30.46561820885116,2025051900247,53,R12_S22
COSMOS 1017371,149.70010121907,1.87452371044,2025051900249,60815.06450992622,60815.06433630871,y,1.54602541442857,49.7598905927968,303.315852645728,21.48453140258789,30.0011055469513,58.0493534182079,150.196759123323,2.24908907001227,-1,y,20250519,y_10,0.4007681207300019,149.70014644702948,1.874421976671231,745279801078055685,0,837.1994914034437,3748.732580756786,0.038550463,0.04030355,149.70014644702948,1.874421976671231,2.212178e-06,2.1693509e-06,152576.1827796052,4546.736602998364,149457.80140180685,2699.5554281161926,False,159771.31391845338,3569.3243542304654,False,177238.78393705597,5061.707599323832,False,183460.291592378,7401.115383124018,False,201057.76608670416,10340.802016430196,False,8.76015381761017,163.17644782177152,157645.18350951854,1835.6906389621577,0.0,0.000111018030951,False,61946.7578125,1383.9034423828125,False,68719.26977539062,1962.532366311027,False,77954.39892578125,4009.350254362695,False,False,3.3964991188388023,63.26700110307995,False,False,2.58987403355479,0.0010213588004588537,2.58987403355479,30.366803396613903,2025051900249,49,R12_S11
COSMOS 1017371,149.70010121907,1.87452371044,2025051900250,60815.06500359152,60815.06482997454,y,1.54762448770007,49.8096904295831,303.127862052009,21.46706771850586,30.0010151863098,57.0341064742227,150.239845372564,2.17978555239366,-1,y,20250519,y_10,0.3859521884865726,149.70013947090828,1.8744235499713129,745279801212273405,0,2497.888575786165,3757.48039259571,0.045669243,0.037546467,149.70013947090828,1.8744235499713129,2.2293843e-06,2.4122942e-06,167529.17593031804,4507.76933788756,156136.84349179,2683.7853278916064,False,166998.7385874916,3547.4568580787804,False,169568.13101456335,5021.686952867732,False,178130.10244063666,7340.1372880114195,False,192430.568597997,10267.246012425769,False,7.535764531776367,164.4118219507959,165587.9924433061,1848.9493280230265,0.0,2.010543761965522e-05,False,65183.04296875,1384.6453857421875,False,66185.9296875,1960.0677178342828,False,75109.609375,4007.51732413866,False,False,2.941363913475409,64.17331619049672,False,False,2.5351120857892253,0.001033857817829755,2.5351120857892253,30.390007085734272,2025051900250,49,R12_S11
COSMOS 1017371,149.70010121907,1.87452371044,2025051900251,60815.06547983771,60815.06530622007,y,1.55128527904299,49.9248679855765,302.99692258425,21.482202529907227,30.0011267662048,56.0502865532034,150.259023310803,2.18654984714311,-1,y,20250519,y_10,0.38855206789926,149.70014426470297,1.8744247246591184,745279801346491086,0,2780.908732405132,3409.5359456095057,0.041264184,0.042820726,149.70014426470297,1.8744247246591184,2.3519676e-06,2.3197213e-06,166475.64441483503,4514.565017629855,155776.9083041691,2688.5158396967545,False,160799.77564849728,3551.077173179797,False,155518.84870327788,5029.274884537146,False,160142.8990595995,7351.294688201009,False,147382.9880446715,10276.76469183958,False,-2.771557820296895,164.34231630596568,161066.23895894055,1820.2471221164008,0.0,0.0061872926119892,False,62580.97265625,1382.0284423828125,False,60525.71142578125,1957.3218479980217,False,57359.350830078125,3999.5698226631102,False,False,-1.0786506602245791,63.9596788088214,False,False,2.5583695525023162,0.0015626028251326325,2.5583695525023162,30.38009180540927,2025051900251,49,R12_S11
COSMOS 1017371,149.70010121907,1.87452371044,2025051900252,60815.0660111598,60815.06583754881,y,1.55364934725214,49.9979816520263,302.623645849412,21.464473724365234,29.9999778270721,54.9183934116469,150.201259609449,2.02900682516395,-1,y,20250519,y_10,0.3861177232765169,149.70014429101408,1.8744254739339967,745279801482805615,0,493.6919157183825,1674.9149283582062,0.040535495,0.040991273,149.70014429101408,1.8744254739339967,2.268916e-06,2.2610402e-06,154865.87814584008,5081.070298040578,153370.2515069011,3024.227230260134,False,154519.3491760706,4000.905676613536,False,154843.11078374006,5675.164754100044,False,153898.6138187474,8304.8704423708,False,176287.97765177404,11616.307868264594,False,5.602262243692883,181.6232473972161,160126.513389769,1899.3742401148288,0.0,0.0032010077303333,False,53366.26953125,1381.790771484375,False,53478.0869140625,1960.0287829095737,False,60884.48974609375,4011.918377609833,False,False,1.9348504797349968,62.72712916164519,False,False,2.8378279282532755,0.0010112791972914463,2.8378279282532755,30.267534853834547,2025051900252,53,R12_S22
COSMOS 1017371,149.70010121907,1.87452371044,2025051900253,60815.0665048862,60815.06633126851,y,1.56503879248368,50.3486405200491,302.405364929621,21.63712882995605,30.0011370182037,53.8710947714877,150.008534900993,2.14651537379994,-1,y,20250519,y_10,0.4009306305180596,149.70014509955664,1.874421339764415,745279801616499457,0,1119.9540991554709,3283.042439319247,0.035518833,0.03639495,149.70014509955664,1.874421339764415,2.0055286e-06,1.9908819e-06,162654.3707528762,4207.099120790093,152935.8810424561,2523.097944693536,False,159404.49124822655,3331.472176189924,False,160289.2611697006,4693.506516838262,False,154979.6390773847,6884.825943328031,False,148121.51764753286,9637.359015239128,False,-5.531351545328855,153.52811202293705,157376.04257453064,1618.0164015992077,0.0,0.0064080129767193,False,66067.5625,1380.7781982421875,False,66434.2685546875,1945.293590646048,False,61391.166259765625,3994.3467971849454,False,False,-2.2925509254404486,63.63200972039891,False,False,2.4021364375218033,0.0011581088324495818,2.4021364375218033,30.448505822495097,2025051900253,52,R12_S21
COSMOS 1017371,149.70010121907,1.87452371044,2025051900255,60815.06745496728,60815.06728134975,y,1.57436188754201,50.6306068540059,302.244039452853,21.64185333251953,30.0011086463928,51.9650876369584,150.059786482581,2.24831503625979,-1,y,20250519,y_10,0.3832451512924165,149.70014451109887,1.87442644330534,745279801884934490,0,483.5460261779915,1400.0114121706856,0.03488093,0.03665251,149.70014451109887,1.87442644330534,1.9996478e-06,1.9757495e-06,157322.2652665715,4180.663129963387,153970.93935450228,2493.37302562544,False,162310.3849707424,3292.8823042456465,False,170954.90417537763,4661.51615802023,False,182782.8399137512,6815.036444325521,False,180223.553789884,9522.175948239928,False,3.958869601866354,147.7074763485885,159919.6978949738,1628.3945116255609,0.0,2.5147533891933804e-05,False,68080.7109375,1381.1917724609375,False,71706.63427734375,1955.262037865705,False,75594.34765625,3994.054405976513,False,False,1.6605385850850047,61.95555510763248,False,False,2.366269807404888,0.0009143634614795047,2.366269807404888,30.46483934412806,2025051900255,52,R12_S21
COSMOS 1017371,149.70010121907,1.87452371044,2025051900256,60815.06795073539,60815.0677771242,y,1.58216789936227,50.8632862664293,302.088850676085,21.64537048339844,30.0000140666962,50.9626171801021,149.986404051139,2.31873463483247,-1,y,20250519,y_10,0.3873924504157388,149.70014449544203,1.874425176895724,745279802018627979,0,3050.237392677885,1591.584353646971,0.033527795,0.037518565,149.70014449544203,1.874425176895724,1.9994557e-06,1.9537579e-06,154930.1413425277,4159.280698032927,151791.13908300863,2485.4385112804684,False,160055.97466961865,3283.1014651421497,False,169371.2361636972,4649.274155519934,False,181235.6819917277,6803.247539708734,False,180644.5479260495,9509.4353256691,False,5.267214685104599,148.7624070570864,160648.79594113285,1625.6757712924318,0.0,0.0155326366330226,False,67660.140625,1387.85888671875,False,71597.96240234375,1965.378323527011,False,76363.5068359375,4019.904491083296,False,False,2.2265990821765267,62.88603347655301,False,False,2.3469748586099883,0.0008465816212906088,2.3469748586099883,30.47372890662285,2025051900256,51,R12_S20
COSMOS 1017371,149.70010121907,1.87452371044,2025051900257,60815.06842792957,60815.06825431205,y,1.57419904549378,50.6258982245207,301.844778244851,21.65834045410156,30.0011076927185,49.9157354632622,150.204841602745,2.01914713031567,-1,y,20250519,y_10,0.3895706847999308,149.70014621341443,1.8744252829947976,745279802153894385,0,1420.6691699086948,2005.991391962405,0.036127776,0.031236112,149.70014621341443,1.8744252829947976,1.8535296e-06,1.8987927e-06,171001.7377523347,4126.990309129016,156050.56693291932,2471.3602455971227,False,166405.5976943672,3260.9795838785026,False,169987.29853175188,4609.473205123662,False,157773.1552519562,6740.537339292644,False,150288.71354427637,9408.293726368312,False,-7.13559721706878,147.96868795083856,162074.53003032863,1579.1252888663876,0.0,0.0008716245416172,False,70452.1171875,1380.6201171875,False,71968.52294921875,1951.539797456021,False,63628.61709752679,3983.2446824411018,False,False,-3.0210397865524774,62.646374208756384,False,False,2.3407905738250023,0.0008818391144950105,2.3407905738250023,30.4765936002103,2025051900257,53,R12_S22
COSMOS 1017371,149.70010121907,1.87452371044,2025051900258,60815.06890175534,60815.068728138285,y,1.58400555512,50.9173520554211,301.71001129765,21.620407104492188,30.0010268688202,48.9187630405302,150.090378186698,2.13976272573044,-1,y,20250519,y_10,0.3953497053395922,149.70014566467668,1.8744232764118272,745279802287587835,0,2796.145898073108,2196.7552934877285,0.035677508,0.037570715,149.70014566467668,1.8744232764118272,2.0428195e-06,2.02853e-06,159743.97333878107,4194.399822349879,155802.2600834536,2500.900017170245,False,163807.7234722056,3300.988372625076,False,171082.77866834757,4674.13166401131,False,191728.9076105505,6838.652318425771,False,213679.3990218496,9553.6023487897,False,14.048530909816456,149.32271510331177,162612.10716533294,1651.4642675189557,0.0,0.0017564163449793,False,68189.90625,1374.135986328125,False,71218.36743164062,1945.748303029,False,88950.49560546875,3976.9751676225887,False,False,5.848124773269048,62.16008456779506,False,False,2.3818643724158073,0.0009144591886116653,2.3818643724158073,30.457707429119225,2025051900258,52,R12_S21
COSMOS 1017371,149.70010121907,1.87452371044,2025051900259,60815.06939779273,60815.06922417513,y,1.58956348798772,51.0807358195176,301.532180020976,21.615232467651367,30.0011215209961,47.9027824103049,150.055266985947,2.14866559754526,-1,y,20250519,y_10,0.3796534354411341,149.70014516524162,1.87442783311377,745279802421805654,0,2402.613376696306,2572.723274994824,0.03845919,0.040512968,149.70014516524162,1.87442783311377,2.2005743e-06,2.1888325e-06,161212.80355571856,4172.572898922801,153214.0317497502,2491.4111389053805,False,160512.64640401083,3289.624204024843,False,167741.80667970795,4660.907847297347,False,171045.45583696978,6818.821419316398,False,183223.09432158456,9527.61154069712,False,4.465117168523443,150.08132047423976,160249.14069520318,1655.5630710154896,0.0,0.0013630797721325,False,67048.140625,1374.1171875,False,70067.85131835938,1946.9195218374384,False,76534.57885742188,3979.802543365649,False,False,1.8651353057174496,62.69084527467536,False,False,2.3732413918533375,0.0009500932992586524,2.3732413918533375,30.461645214277446,2025051900259,52,R12_S21
COSMOS 1017371,149.70010121907,1.87452371044,2025051900260,60815.06987171872,60815.06969810738,y,1.5930529308679,51.182230809861,301.227947161385,21.592029571533203,30.000039100647,46.7989246897228,149.991553017274,2.04221142427404,-1,y,20250519,y_10,0.3971083254697106,149.7001433306541,1.874421748007316,745279802576470120,0,3163.23428840458,475.3515528444432,0.046321698,0.03988054,149.7001433306541,1.874421748007316,2.390178e-06,2.4138183e-06,159847.6043743621,4183.922560194169,148646.63356707315,2494.6749377521287,False,151316.55245298558,3293.36830362652,False,149843.19515022315,4665.9987134933735,False,136918.77844679396,6822.200548038085,False,105097.55712169822,9534.39522133282,False,-13.093225669078215,151.50737729275983,158678.5345721074,1719.4093513687003,0.0,0.0093474352698478,False,63061.10546875,1372.509765625,False,62447.08447265625,1944.552874214336,False,43799.35986328125,3973.454938579999,False,False,-5.456595933881225,63.14063163526638,False,False,2.3686960566685062,0.000888531136588834,2.3686960566685062,30.46372665737447,2025051900260,91,R22_S01
COSMOS 1017371,149.70010121907,1.87452371044,2025051900261,60815.07046171026,60815.07028809267,y,1.59692197242455,51.2948706635707,301.042393682485,21.6254940032959,30.0011191368103,45.8000073773373,150.023854925558,2.01094880174083,-1,y,20250519,y_10,0.395036052861224,149.70014606070447,1.8744235478569868,745279802710687852,0,4071.0075068136352,470.5229737145503,0.037797287,0.037788566,149.70014606070447,1.8744235478569868,2.0998302e-06,2.1003711e-06,167639.34358702743,4221.950644211084,155340.10923823636,2517.222588345056,False,161987.9442842906,3324.6057450014373,False,166183.51469394108,4710.095833866894,False,,,True,,,True,6.090345933937219,150.9622268160365,161771.25742066995,1687.1596628200475,0.0,4.8004931658685024e-05,False,67060.234375,1376.329833984375,False,68797.12866210938,1949.8989998507973,True,,,False,False,2.521298900107508,62.49577619361818,False,False,2.3730640911304395,0.0008439529377549405,2.3730640911304395,30.461726330764684,2025051900261,91,R22_S01
COSMOS 1017371,149.70010121907,1.87452371044,2025051900262,60815.07093486421,60815.07076124728,y,1.60048836779033,51.3971912629409,301.301090879879,21.664011001586918,30.0010056495667,45.0766798478429,150.254756705285,2.22970628716437,-1,y,20250519,y_10,0.3755961950706075,149.7001462239213,1.8744295724861364,745279802823410411,0,70.9481073958231,3250.4271793141243,0.029202746,0.031880826,149.7001462239213,1.8744295724861364,1.6980182e-06,1.6983896e-06,162748.21096699496,4193.585734900522,152367.4618902693,2503.5054656582083,False,164685.57150892692,3307.034022977277,False,172837.76881825266,4680.176965381318,False,175314.3345350473,6840.468538584534,False,194558.0931361172,9558.577025597417,False,8.071529282729289,153.81172220194554,162972.36969443876,1618.415879500827,0.0,0.0021098789733091,False,68435.90625,1374.25439453125,False,71823.59228515625,1944.8707564456165,False,80849.58081054688,3972.114103339829,False,False,3.354164036507892,63.917224225030566,False,False,2.4160760679339077,0.0009466124584513246,2.4160760679339077,30.44222349118284,2025051900262,50,R12_S12
COSMOS 1017371,149.70010121907,1.87452371044,2025051900263,60815.071466671,60815.07129305355,y,1.60786388217946,51.6081002979781,301.131865813369,21.606977462768555,30.0010950565338,44.0704166511053,150.201220665192,2.27361795767956,-1,y,20250519,y_10,0.3816987387981023,149.70014258981942,1.8744260779264323,745279802957103851,0,3253.8153034793154,3395.4142103328954,0.037265938,0.035492595,149.70014258981942,1.8744260779264323,2.0232999e-06,2.0196487e-06,161869.21847520463,4279.39473454676,157277.5513372325,2551.4639805938737,False,162673.4870275341,3367.756407133349,False,169305.01047770708,4765.634397621472,False,170565.17464462089,6974.194628145096,False,166699.96284905262,9751.772009930197,False,-0.8628542339519879,154.9036599364895,162462.76605120025,1679.1718506927664,0.0,0.0018383546223814,False,66297.5703125,1372.5289306640625,False,69000.24731445312,1942.234025551444,False,67938.56030273438,3974.3341236079054,False,False,-0.3516561935823488,63.1309777269651,False,False,2.4213436490692577,0.0012031057177307634,2.4213436490692577,30.4398589224064,2025051900263,49,R12_S11
COSMOS 1017371,149.70010121907,1.87452371044,2025051900264,60815.07194161648,60815.07176799961,y,1.61467456511449,51.8002967930018,301.026121745905,21.52350425720215,30.0009953975677,43.0950034968522,150.174377073467,2.34131599697003,-1,y,20250519,y_10,0.3746045931305237,149.7001434055443,1.874428578795824,745279803091321430,0,2259.4561516548265,2856.753853050147,0.04458162,0.045847643,149.7001434055443,1.874428578795824,2.5094316e-06,2.5142854e-06,158525.4270752776,4459.290165708956,154135.5078517807,2650.602596660354,False,160184.97844312846,3502.155710310941,False,167648.47759358393,4966.1842365155935,False,181737.5671635689,7262.962207837015,False,187520.4659061784,10150.8276407994,False,7.209585896703039,162.24976692168366,162005.59488942707,1843.670423166624,0.0,0.000806865732556,False,62787.1875,1372.7286376953125,False,65712.63110351562,1946.5791602197824,False,73501.7900390625,3978.787053302469,False,False,2.8259180473302847,63.59651595645644,False,False,2.515050463829718,0.0009169309817924424,2.515050463829718,30.39863324128861,2025051900264,49,R12_S11
COSMOS 1017371,149.70010121907,1.87452371044,2025051900265,60815.0724362451,60815.072262627735,y,1.61860814015764,51.9099554708233,300.795115367885,21.43270301818848,30.0010805130005,42.0428255674127,150.149580477034,2.28013988540068,-1,y,20250519,y_10,0.385898827169625,149.70014472325224,1.874425730900378,745279803225539355,0,2879.991358373564,3979.618578210973,0.041030653,0.04492519,149.70014472325224,1.874425730900378,2.3787604e-06,2.4018061e-06,156240.66995060357,4668.396218940396,141625.68736489932,2772.5190711352084,False,135887.44235970356,3663.6415002617664,False,120185.99794467197,5199.257443584615,False,,,True,,,True,-24.37933975707892,170.0500746060586,158510.2597826558,1949.8735001186085,0.0,0.0663645256060149,False,50765.51953125,1368.6817626953125,False,44899.6943359375,1942.3649508511323,True,,,False,False,-9.10775732551413,63.52816885649431,False,False,2.6300103495084195,0.0010271668233479622,2.6300103495084195,30.350106356222796,2025051900265,49,R12_S11
COSMOS 1017371,149.70010121907,1.87452371044,2025051900266,60815.072913340686,60815.07273972362,y,1.6152484722817,51.8161860913726,300.450694574808,21.458541870117188,30.0010294914246,40.9199447530936,150.210738416437,2.01583514654257,-1,y,20250519,y_10,0.4078281405824082,149.70014464692625,1.8744190697924368,745279803361853961,0,2805.068942094621,2643.8695626904496,0.038470604,0.048933398,149.70014464692625,1.8744190697924368,2.4025355e-06,2.4871792e-06,167473.9176060893,4796.622680847068,154252.1982916953,2861.1586141313937,False,160792.57430563183,3783.516793052047,False,158202.39985325112,5349.594039353393,False,141326.18420343834,7843.565330592939,False,125550.01485558088,10960.221037436688,False,-10.655207177874116,175.43475933776773,159188.52632236134,1873.453183365629,0.0,0.0041962288880508,False,57835.0,1360.8818359375,False,56903.34790039063,1924.1794753401543,False,45158.709228515625,3942.2491146592006,False,False,-3.832539592039888,63.101603728378265,False,False,2.755020342144142,0.0012299154991518364,2.755020342144142,30.29968797528971,2025051900266,53,R12_S22
COSMOS 1017371,149.70010121907,1.87452371044,2025051900267,60815.0734113994,60815.07323778197,y,1.63371639163112,52.3262122405668,300.348523264125,21.47046661376953,30.0010912418365,39.9325175759529,149.955492385217,2.2953519511804,-1,y,20250519,y_10,0.3841785142136936,149.70014192044897,1.8744250517907608,745279803495547276,0,413.0251860436717,1818.659372224116,0.03496914,0.04672516,149.70014192044897,1.8744250517907608,2.235909e-06,2.348252e-06,165181.84924222433,4834.570990095552,157528.63569780366,2882.9749473927045,False,161567.67033490515,3809.8256841670686,False,168057.67508813267,5401.302977280886,False,165562.5339780354,7896.755565801156,False,154590.85865599554,11028.221535861305,False,-5.780500618329369,170.8124591876722,161877.79292598617,1858.8157073436903,0.0,5.840103313781153e-05,False,57038.46875,1344.98828125,False,59329.64453125,1906.8298158926884,False,54575.434814453125,3893.309027340759,False,False,-2.0406985085227443,60.30216995325354,False,False,2.810779433762734,0.0010216014231373561,2.810779433762734,30.277933082048687,2025051900267,52,R12_S21
COSMOS 1017371,149.70010121907,1.87452371044,2025051900268,60815.07388749375,60815.07371387688,y,1.63716648974574,52.4194511961989,300.073546014017,21.264198303222656,30.0009956359863,38.845391703801,149.912777148555,2.19452505096845,-1,y,20250519,y_10,0.3899212517292988,149.70014373825757,1.8744240840121789,745279803629765271,0,1117.5402753131805,3685.189919614007,0.041209802,0.051855393,149.70014373825757,1.8744240840121789,2.5396305e-06,2.6641726e-06,153123.77563822852,5562.197259358438,149761.86882353775,3301.8661593193915,False,158922.77535603885,4374.717739728097,False,169383.72507156397,6211.326907880952,False,179634.78494967625,9094.462376281168,False,184135.5244516816,12720.379477901624,False,5.241451250636048,199.909240632589,159018.18539986826,2227.8718089595604,0.0,0.0001946779966713,False,48930.04296875,1346.912841796875,False,52150.8193359375,1912.378460637168,False,56692.686767578125,3916.4223821169344,False,False,1.6137676575158364,61.54918772396758,False,False,3.208401558655228,0.0013406925855536647,3.208401558655228,30.134278203374464,2025051900268,52,R12_S21
COSMOS 1017371,149.70010121907,1.87452371044,2025051900269,60815.07436365423,60815.07419003704,y,1.6344923485859,52.3473554261076,300.298776242435,21.343603134155277,30.0010509490967,38.1114392936708,150.257505147319,2.28051489497024,-1,y,20250519,y_10,0.3694151458637214,149.7001447944635,1.874430795854218,745279803762934314,0,907.4806017729315,2851.943838775905,0.04345951,0.048214525,149.7001447944635,1.874430795854218,2.5175725e-06,2.5814686e-06,161981.25278295504,5493.210291000406,157680.6345290931,3263.6309479182773,False,165179.83802126953,4320.349778583747,False,171467.90322018307,6126.25508195793,False,190170.4226743668,8963.233405930048,False,212814.0776694062,12539.404027493614,False,13.051985861268347,195.9970610516228,160782.28506111083,2078.853547278989,0.0,0.0081606242678791,False,51929.625,1358.24169921875,False,53906.481689453125,1925.9864452673376,False,66904.98901367188,3942.167256438313,False,False,4.103313935891448,61.61801587553495,False,False,3.142716901360255,0.0014581000547438233,3.142716901360255,30.156736847101726,2025051900269,50,R12_S12
COSMOS 1017371,149.70010121907,1.87452371044,2025051900270,60815.07487590716,60815.07470229029,y,1.63439950500926,52.3448858797118,299.898430687676,21.420726776123047,30.0009937286377,36.9513165140367,150.233676947076,2.04170305808766,-1,y,20250519,y_10,0.3903296839506518,149.70014347130794,1.8744238474334087,745279803898724830,0,3384.3803829780586,2382.257679481251,0.03732312,0.048093814,149.70014347130794,1.8744238474334087,2.3064376e-06,2.4741848e-06,169845.36943877596,4893.007134759995,157542.6918129767,2911.1786448409025,False,165656.6138151601,3850.398421104876,False,167064.8206514152,5456.376169590439,False,167107.95221992236,7990.412463741951,False,182276.30614423167,11167.344156569809,False,4.017476023201644,175.10379442902928,165434.85262128868,1908.8175174951125,0.0,0.0023485385075825,False,57946.60546875,1346.8675537109375,False,58439.19555664063,1908.6378135263528,False,63760.166015625,3906.331724832595,False,False,1.405311220211141,61.25122479674573,False,False,2.829454288669869,0.0011681604283629479,2.829454288669869,30.270743294822424,2025051900270,53,R12_S22
COSMOS 1017371,149.70010121907,1.87452371044,2025051900271,60815.07535216378,60815.07517854634,y,1.64499197320929,52.6302523755093,299.822631241361,21.431507110595703,30.0010929107666,35.988361821943,150.151624774688,2.18530526017178,-1,y,20250519,y_10,0.3925997406096593,149.7001418124773,1.8744224827914355,745279804032942350,0,806.5423622837482,1247.663767288376,0.044206124,0.052585736,149.7001418124773,1.8744224827914355,2.625175e-06,2.7702804e-06,157235.24819235122,4629.755698237283,152191.77663086946,2752.870419371638,False,160892.3477137349,3640.349002053288,False,173162.22692577957,5169.299972618311,False,183832.16865223,7567.618860527261,False,198930.96373592585,10567.05490628398,False,10.591324572289633,161.85753833921737,163205.51785845828,1924.393632421711,0.0,0.0001196806742687,False,59437.62890625,1344.8353271484375,False,63970.427001953125,1909.667786215953,False,73490.03833007812,3903.732508578829,False,False,3.912698325923288,59.79419429320855,False,False,2.6495021236820513,0.0008442549890308429,2.6495021236820513,30.34208932011273,2025051900271,53,R12_S22
COSMOS 1017371,149.70010121907,1.87452371044,2025051900272,60815.0758623623,60815.07568874535,y,1.64921437134652,52.7429817165611,299.851388988644,21.37667655944824,30.0010080337524,35.115973063806,150.26619862334,2.27730600020261,-1,y,20250519,y_10,0.3776398899937004,149.70014532092387,1.874428520571416,745279804165587518,0,1680.2285290447928,2982.258872445206,0.048139967,0.05839507,149.70014532092387,1.874428520571416,2.8743204e-06,3.068361e-06,160610.40276495655,4632.580921187715,150838.25438142585,2748.305855212606,False,161405.78966931987,3633.339150153693,False,168754.7907209414,5154.624784271687,False,161737.81744987384,7531.879110268636,False,152859.18898262898,10518.540255505928,False,-3.7591601234696257,167.5091929131588,162232.53341427346,2041.155913514789,0.0,0.0007701748909586,False,60142.91796875,1353.8524169921875,False,62881.2978515625,1920.7128579171745,False,56958.28930664063,3919.411472376296,False,False,-1.4007357443647177,62.41716402508079,False,False,2.6612195401468055,0.0008722204720705542,2.6612195401468055,30.337298240959548,2025051900272,50,R12_S12
COSMOS 1017371,149.70010121907,1.87452371044,2025051900273,60815.07637350922,60815.07619989183,y,1.65340765018252,52.8537723054193,299.416535070508,21.469614028930664,30.0010850429535,33.9228766582278,150.138871573915,2.08970464406021,-1,y,20250519,y_10,0.402001600377852,149.70014343148026,1.8744203200988,745279804301378142,0,1902.247018731717,2918.2281223280083,0.04150012,0.045977633,149.70014343148026,1.8744203200988,2.3856549e-06,2.4804453e-06,157128.97111754632,4418.703951814287,151348.9626626567,2628.205288314324,False,154804.88398055796,3472.181807232722,False,155894.21567204883,4926.372291845341,False,160577.392869555,7203.713548463496,False,157408.76499633718,10062.189895551744,False,-0.4509808417201462,162.8084750677815,161146.85128450542,1845.3999715401983,0.0,0.0081667948951779,False,60704.75390625,1361.5716552734375,False,61131.92138671875,1931.8138416395093,False,61725.83251953125,3945.75898163612,False,False,-0.1768463649796295,63.84325971319328,False,False,2.5173098186696428,0.0008727993021220343,2.5173098186696428,30.39765832559251,2025051900273,53,R12_S22
COSMOS 1017371,149.70010121907,1.87452371044,2025051900275,60815.07738493587,60815.077211318494,y,1.66343929773626,53.1162513440145,299.088795770372,21.589006423950195,30.0010817050934,31.9051667404096,150.133923152293,2.06466999237562,-1,y,20250519,y_10,0.3830311573824537,149.70013883029196,1.8744241747839228,745279804569813732,0,2320.330115846808,3495.324954068737,0.0343916,0.04441254,149.70013883029196,1.8744241747839228,2.0802654e-06,2.3269906e-06,164281.698897779,4140.109298799793,150073.32944859884,2470.158175910833,False,155304.87125301218,3261.800471659651,False,151354.28362205997,4622.661031104417,False,137945.31803205857,6761.421671928712,False,136664.05600865957,9449.609863444866,False,-4.566109500087657,149.8748765138209,158282.764195681,1681.4537148928866,0.0,0.0038302237676554,False,64415.109375,1352.8824462890625,False,62776.54174804688,1917.32051621894,False,56683.54150390625,3919.372573402613,False,False,-1.893864889705888,62.16293465434457,False,False,2.3970158358386424,0.0011224041650202425,2.3970158358386424,30.450822741996983,2025051900275,53,R12_S22
COSMOS 1017371,149.70010121907,1.87452371044,2025051900276,60815.07785895851,60815.07768534161,y,1.6760608097093,53.4407544813306,299.059882216275,21.46441078186035,30.0010008811951,30.968733853115896,150.04398194038,2.25989000552911,-1,y,20250519,y_10,0.3847749188562475,149.7001410003096,1.874424499092696,745279804703506736,0,3465.970657120639,1387.115158309074,0.04238011,0.04824312,149.7001410003096,1.874424499092696,2.4454105e-06,2.597969e-06,155022.00473736826,4235.226980551345,150941.97573113345,2521.455071404722,False,163597.32036343138,3331.1084084696404,False,176051.4439276668,4701.360067695522,False,205066.3803011645,6897.314935049491,False,232739.30450345,9632.261315391625,False,15.693538663231164,153.6802220251456,159376.99230339722,1854.588123413239,0.0,0.0008358253882504,False,65877.4765625,1341.3729248046875,False,70892.51123046875,1893.1467641612728,False,93719.6162109375,3878.725321655248,False,False,6.319484470607462,61.88405288112739,False,False,2.4586360318972136,0.0009024114642382203,2.4586360318972136,30.423264394946692,2025051900276,52,R12_S21
COSMOS 1017371,149.70010121907,1.87452371044,2025051900277,60815.07839298821,60815.07821937098,y,1.67409479803581,53.3910002440661,298.77021052462,21.498449325561523,30.0010566711426,29.890714196895104,150.12251629632,2.05138033205013,-1,y,20250519,y_10,0.377420797378225,149.7001429349413,1.874427518511693,745279804838249313,0,2504.444441368778,3963.957491765679,0.03526788,0.04782002,149.7001429349413,1.874427518511693,2.1528665e-06,2.5036256e-06,163129.82874400367,4133.166418986827,148689.6180188503,2457.842603068071,False,155554.7313062186,3245.388894691959,False,155467.33228699354,4595.255414061061,False,141274.37789556835,6711.539985910085,False,106760.93945145542,9385.967190332523,False,-16.281749907245697,148.69382255189248,164975.4786488444,1818.0534966213568,0.0,0.0047145828029324,False,63658.6328125,1328.1307373046875,False,63622.86596679688,1880.545031494464,False,43690.445068359375,3841.077889063631,False,False,-6.663082055986778,60.85090033477849,False,False,2.4127654757669172,0.0009169510955083083,2.4127654757669172,30.443712225201352,2025051900277,53,R12_S22
COSMOS 1017371,149.70010121907,1.87452371044,2025051900278,60815.07886782832,60815.07869421712,y,1.68029171144821,53.5487087301919,298.888204584406,21.45517921447754,30.0000157356262,29.0683121111978,150.236198225708,2.22627167317816,-1,y,20250519,y_10,0.3795191048650255,149.70014491143095,1.874427758302732,745279804972466232,0,2861.0932099484867,286.9084825594523,0.03923899,0.050548032,149.70014491143095,1.874427758302732,2.3421824e-06,2.6740706e-06,157709.94994416606,4107.6599174765015,148884.3697813644,2446.940095246351,False,155885.2060716726,3230.405621949475,False,161783.53787767913,4555.807241859999,False,152731.67231382296,6684.635157410505,False,131980.16067236796,9335.769611202202,False,-8.667570068817861,146.8605798375941,158760.05551983597,1806.4659747183305,0.0,0.000226756387069,False,63868.85546875,1323.5528564453125,False,66285.50366210938,1866.5927422263355,False,54074.54638671875,3825.02570329395,False,False,-3.551252834961541,60.17131056933961,False,False,2.413623621321873,0.0007288113524336025,2.413623621321873,30.443326131295933,2025051900278,53,R12_S22
COSMOS 1017371,149.70010121907,1.87452371044,2025051900279,60815.079506076014,60815.07933246431,y,1.68901680788685,53.767889281978,298.691111246231,21.51920509338379,30.0001020431519,55.2680413100651,150.196653057225,2.24898574275697,-1,y,20250519,y_10,0.373149450290192,149.70014486013594,1.874429681924117,745279805104587511,0,1340.713254292066,3728.1507387046495,0.040933385,0.042533807,149.70014486013594,1.874429681924117,2.3345497e-06,2.303402e-06,163401.89040458982,4157.649247674557,152611.59167957053,2469.4870131342523,False,161364.27960404195,3258.9776007055275,False,166648.26046528097,4610.4091680842375,False,168765.3560801051,6745.333458555331,False,171576.09159458996,9418.24384353229,False,-2.213766069972696,144.15826880777155,163025.81089494316,1813.9460079344635,0.0,0.0004621670461485,False,66129.53125,1335.5784912109375,False,68294.98681640625,1889.415661906356,False,70314.48681640625,3859.739293598828,False,False,-0.9072349398744012,59.07824684286966,False,False,2.4157260327746317,0.0007765493260802782,2.4157260327746317,30.44238080136985,2025051900279,49,R12_S11
COSMOS 1017371,149.70010121907,1.87452371044,2025051900280,60815.07998312824,60815.079809511495,y,1.69113387397848,53.8206561565786,298.52196370036,21.59708404541016,30.0009722709656,54.2522473511974,150.239829468269,2.17978467117787,-1,y,20250519,y_10,0.3837425806849968,149.7001420692297,1.874425244312274,745279805238805308,0,2999.5856442912595,3818.2699698475913,0.03691309,0.039198127,149.7001420692297,1.874425244312274,2.1351625e-06,2.0951209e-06,164297.6254366658,4116.15590838393,156481.09280768505,2457.7800426858284,False,167827.33471394487,3244.1129019970795,False,178240.84355271052,4597.462352078563,False,184681.19117147804,6714.973779208426,False,191950.99419118743,9380.905708766391,False,4.899287633139578,149.74692762766136,164557.69327909496,1697.1832494084938,0.0,0.007607614257812,False,69212.53125,1337.882568359375,False,73507.095703125,1896.0082233105763,False,79161.20581054688,3868.71560957554,False,False,2.020481937518586,61.756113363098166,False,False,2.3918724795830575,0.001087551755203312,2.3918724795830575,30.453154945164002,2025051900280,49,R12_S11
COSMOS 1017371,149.70010121907,1.87452371044,2025051900281,60815.08045722329,60815.08028361139,y,1.69593220983407,53.9403334588912,298.406244082328,21.55162239074707,30.0001366138458,53.2661286062265,150.25910734844,2.18654826776184,-1,y,20250519,y_10,0.3964211095937353,149.700146762375,1.8744234419265708,745279805373022955,0,3299.0031133450366,3484.71783082819,0.040349435,0.03899394,149.700146762375,1.8744234419265708,2.193801e-06,2.215329e-06,158360.8581147121,4106.827154804779,149932.33511847953,2445.697092984399,False,158650.24447501064,3227.880328991449,False,167069.4234569425,4564.605312871805,False,164241.29009224236,6671.877516420988,False,168579.58358315428,9321.9213858159,False,-1.7391303911582034,148.10046653699828,161067.37615435294,1753.5777543264137,0.0,0.0010702719193154,False,65501.07421875,1332.6776123046875,False,68977.05541992188,1884.564075946386,False,69600.54711914062,3848.6916082241305,False,False,-0.718025422553195,61.14544407146761,False,False,2.4066056963866584,0.001120048783018004,2.4066056963866584,30.44648764916825,2025051900281,49,R12_S11
COSMOS 1017371,149.70010121907,1.87452371044,2025051900282,60815.0810264781,60815.080852867126,y,1.69993762677597,54.0389937918377,298.047145882312,21.55940055847168,29.999977350235,52.1493277616967,150.201306521529,2.02910924396495,-1,y,20250519,y_10,0.3859632743712459,149.70014594291854,1.874426261300123,745279805509337524,0,885.6804512336428,1839.6987971862825,0.03715116,0.046648484,149.70014594291854,1.874426261300123,2.405626e-06,2.2785011e-06,160091.16044059696,3990.197939854718,155906.17083747196,2380.480641001652,False,166969.33140180365,3141.1546414892937,False,178365.00445912356,4446.66790618719,False,189785.929498274,6502.276475401192,False,204518.1840783259,9083.220654066969,False,6.651289599994424,143.41459830531844,161014.73647014372,1662.0359376641063,0.0,3.1043705709499214e-05,False,69717.9140625,1311.586669921875,False,74476.16845703125,1856.702715075294,False,85396.408203125,3792.6916976570296,False,False,2.7772407833466484,59.88265363473895,False,False,2.37354759664068,0.0007689796568505452,2.37354759664068,30.461505137427622,2025051900282,53,R12_S22
COSMOS 1017371,149.70010121907,1.87452371044,2025051900283,60815.08150358246,60815.08132997072,y,1.71450511606291,54.3930750817603,297.867882383963,21.54916000366211,30.0001106262207,51.116197685015,150.008510097719,2.14661471270414,-1,y,20250519,y_10,0.3895125059558318,149.70014680763035,1.8744255743285685,745279805643031278,0,1439.9549856398426,3273.3553122307108,0.039670326,0.045291755,149.70014680763035,1.8744255743285685,2.3987677e-06,2.3321718e-06,152487.0849167684,4034.409309870999,146086.51172926763,2401.5563673178763,False,147942.05850344026,3167.1368131107906,False,151033.79984778975,4482.302134143058,False,140200.10031086195,6553.66003691729,False,130086.69048602816,9152.814310071575,False,-7.27023479980199,148.2718083010049,156839.60584015798,1705.749330404875,0.0,0.0010551946426506,False,61017.1484375,1306.2523193359375,False,62292.3046875,1848.6784449762813,False,53652.88940429688,3774.982145226298,False,False,-2.998531995853501,61.15315027868547,False,False,2.401100621532578,0.0008231340392714571,2.401100621532578,30.448974099585975,2025051900283,52,R12_S21
COSMOS 1017371,149.70010121907,1.87452371044,2025052000110,60815.997173178526,60815.996999561576,g,1.23407995904417,35.9104081728067,331.332602317031,23.86361122131348,30.0010092258453,79.5703970323206,150.196690340817,2.2490546622502,-1,g,20250520,g_6,0.4166873666986233,149.70014675222623,1.874417285818481,745284180469350576,0,1297.9968127234422,595.1077129364454,0.011749624,0.017067008,149.70014675222623,1.874417285818481,9.4055645e-07,6.651829e-07,103112.30433392238,586.4945911092245,100404.38895414276,405.8706172304376,False,103298.22186455088,492.37064235931297,False,104743.03751574074,647.2770309641094,False,106100.53244699589,909.8617657109736,False,107111.9231066972,1246.9744833344896,False,0.7027099052121974,18.83019907384177,102622.7571017102,369.4710670075492,0.0,0.0023042020949058,False,147254.3125,701.88720703125,False,149313.93493652344,922.7103087664128,False,152690.8432006836,1777.594685891463,False,False,1.001731318421395,26.84294045731552,False,False,0.7007965731244727,0.00016500404305168627,0.7007965731244727,31.78602007630645,2025052000110,51,R12_S20
COSMOS 1017371,149.70010121907,1.87452371044,2025052000112,60815.99852844935,60815.99835483831,g,1.23598148440009,36.0323514639372,330.628862786796,23.96116828918457,29.9999876022339,77.6151096690448,150.259156806533,2.18651670220805,-1,g,20250520,g_6,0.4181412360480064,149.7001486223626,1.8744176621758468,745284180736214259,0,2979.245774199105,3801.728032453062,0.0109697925,0.01656067,149.7001486223626,1.8744176621758468,9.086449e-07,6.2771096e-07,103667.2182989104,542.2337174634398,100270.98671709938,377.9823524066617,False,103414.24827738748,456.1250105748941,False,104889.8034945526,598.818716269495,False,105746.6367777116,835.802017583663,False,106981.44651216397,1142.3448866044182,False,0.5756145960598621,17.56498998653994,103077.5158848091,353.4205410740653,0.0,0.0033585380781939,False,163650.71875,721.8075561523438,False,165985.75164794922,947.6171315929124,False,169295.7296142578,1807.735054571564,False,False,0.9108971339763154,27.796201045947715,False,False,0.6286020227365967,0.0001530919332338917,0.6286020227365967,31.904060564572227,2025052000112,48,R12_S10
COSMOS 1017371,149.70010121907,1.87452371044,2025052000113,60815.999004494544,60815.99883087713,g,1.23528827044519,35.9882539484213,330.161395194979,24.252195358276367,30.0010893344879,76.4503045505843,150.201456685004,2.02907875335626,-1,g,20250520,g_6,0.4188750158977707,149.70014888468705,1.8744175562456304,745284180872528385,0,1495.5032851787826,1178.6175969854446,0.010562536,0.013104988,149.70014888468705,1.8744175562456304,7.215999e-07,5.960089e-07,103159.48993854978,438.14492508892585,99596.71829848064,314.84790851030874,False,102878.09893852644,373.0697544353928,False,104164.53680221453,480.4153752421335,False,105527.48341564498,662.2962403404706,False,105991.33932590092,898.083935653685,False,0.6069026380736728,13.600411803058254,102742.74062987292,309.3939793446733,0.0,0.0013008587514338,False,200737.0625,727.9384765625,False,203247.17651367188,937.3926248731126,False,206811.656963408,1752.3528620924758,False,False,1.1841961899316051,26.5372974647168,False,False,0.5137436802152598,0.00010768161013676606,0.5137436802152598,32.12313376882142,2025052000113,52,R12_S21
COSMOS 1017371,149.70010121907,1.87452371044,2025052000114,60815.99953748862,60815.99936387703,g,1.23957915864196,36.2609248743462,329.660400843023,24.34282875061035,30.0000829696655,75.2701647871728,150.008463516294,2.1465901813178,-1,g,20250520,g_6,0.4118630302596068,149.7001462282553,1.8744185193544325,745284181006223263,0,2971.236139273206,3980.320747722833,0.010646529,0.011392257,149.7001462282553,1.8744185193544325,6.307963e-07,5.948401e-07,103014.90936406716,411.2092409785186,99733.46645716138,298.7454658567816,False,102785.99328689938,351.7153702493065,False,104099.86055642086,450.27580279925337,False,,,True,,,True,0.2883304758515975,13.02110978500452,102772.23906610694,297.0339190337632,0.0,0.0012824876053538,False,212585.09375,727.4283447265625,False,215302.47369384769,931.2740062184724,True,,,False,False,0.5963337929595734,26.93065227912757,False,False,0.48417179791989623,0.00013310016825605705,0.48417179791989623,32.1875012774488,2025052000114,51,R12_S20
COSMOS 1017371,149.70010121907,1.87452371044,2025052000115,60816.00030205637,60816.00012843901,g,1.23965221776113,36.2655234205114,329.61360883768,24.38421630859375,30.0010802745819,74.5861641086199,150.257543996871,2.13894048427234,-1,g,20250520,g_6,0.4156454553323322,149.70014867037276,1.8744184435497293,745284181139392559,0,139.82728449872445,3912.053461877301,0.010480869,0.012602546,149.70014867037276,1.8744184435497293,6.929432e-07,5.920076e-07,102143.7956387138,389.135933061944,98926.30207873476,285.4330418230591,False,102256.15263555884,334.1189468539499,False,103980.64175494765,423.7678411760838,False,105861.23547163786,578.0147824120002,False,107143.90102932711,780.2413875429363,False,1.0295140513421817,11.98757777013851,101705.67946544295,286.1490280397828,0.0,0.0008846723870485,False,225142.53125,735.6465454101562,False,228939.42596435547,933.0310398511314,False,235904.13353136185,1717.8968350540354,False,False,2.266733037597376,26.393654886901025,False,False,0.45726569114201926,8.971983825366059e-05,0.45726569114201926,32.24957845678594,2025052000115,49,R12_S11
COSMOS 1017371,149.70010121907,1.87452371044,2025052000116,60816.00083512574,60816.000661508726,g,1.24395079599656,36.535263997771,329.106209810489,24.364959716796875,30.0010204315186,73.3946168270112,150.059979101522,2.24827867981132,-1,g,20250520,g_6,0.4174782299404523,149.7001488676674,1.8744179740031648,745284181274658105,0,1673.8909407337007,2503.9122207305336,0.01082491,0.011520225,149.7001488676674,1.8744179740031648,6.374752e-07,6.052108e-07,103109.033663464,381.1348096709824,100025.99103470352,281.1047489451668,False,103007.34355040404,328.0725552426995,False,104496.818090587,414.56410577940096,False,105463.12354831428,565.0927487762253,False,105680.732143505,762.305947638486,False,0.4324015861459725,11.562442929289654,102628.56627610108,283.30485276323043,0.0,0.0021427498801944,False,228490.828125,727.7303466796875,False,231794.779663086,919.5858525764676,False,234420.93711027503,1690.9465991160134,False,False,0.959152940903787,25.647804020581216,False,False,0.4487951071079156,0.00011426901102130652,0.4487951071079156,32.26987971632055,2025052000116,51,R12_S20
COSMOS 1017371,149.70010121907,1.87452371044,2025052000117,60816.00153897185,60816.00136535992,g,1.24732354208309,36.7445493130968,328.668518621049,24.286710739135746,30.0001404285431,72.3408915471882,149.986481355593,2.31880499400904,-1,g,20250520,g_6,0.410726803867347,149.7001489823772,1.8744200870199328,745284181408876234,0,220.1065237995853,3295.313444513273,0.011493713,0.012009916,149.7001489823772,1.8744200870199328,6.651985e-07,6.4178835e-07,102536.74361353194,403.2691556995685,98968.3999844812,292.87361809196574,False,102406.11505113418,344.22409486897703,False,104749.49550474348,439.38878511127217,False,104655.61121844946,599.6311641518082,False,104779.04187093844,811.2984203465821,False,0.2692152234139048,12.288523143403152,103142.38993048748,297.3572343639313,0.0,0.0001223406047001,False,215429.4375,724.136474609375,False,220359.1541748047,924.3322898546124,False,220421.31019982696,1706.7102121062935,False,False,0.5663420013300466,25.851089333553944,False,False,0.47399508588260736,9.981727090374045e-05,0.47399508588260736,32.21056540206547,2025052000117,51,R12_S20
COSMOS 1017371,149.70010121907,1.87452371044,2025052000118,60816.002071902825,60816.00189828572,g,1.24282992312169,36.4654262770589,328.480393989658,24.350366592407227,30.0010366439819,71.4497739250552,150.204988882197,2.01911359075744,-1,g,20250520,g_6,0.4130887999263286,149.70014809966344,1.8744189659415424,745284181543617074,0,2469.4845504088926,1193.9973316372495,0.010816853,0.014391031,149.70014809966344,1.8744189659415424,7.8233097e-07,6.2446793e-07,102047.38852046718,386.83163651416254,98682.44781053415,282.700483184225,False,102320.00643993278,331.2161452796539,False,104666.21537613604,420.80112731469694,False,106178.55234843607,572.6066397937122,False,106036.86385694782,772.8960736581575,False,0.4514890172295944,11.87724530715271,101812.11423845562,284.87688936664034,0.0,0.0027380454317054,False,225193.5625,728.9653930664062,False,230357.2755126953,926.1307564483272,False,233373.90173339844,1701.0477845456362,False,False,0.9936709716612782,26.14033439271041,False,False,0.45431436606750697,8.909946158127806e-05,0.45431436606750697,32.25660882489498,2025052000118,52,R12_S21
COSMOS 1017371,149.70010121907,1.87452371044,2025052000120,60816.00325615986,60816.003082542986,g,1.24893497788213,36.8439656573317,327.720762970505,24.46265983581543,30.0009961128235,69.3315323137118,150.055181827754,2.14863204714044,-1,g,20250520,g_6,0.4122493343948817,149.7001473067884,1.8744188696881847,745284181811529176,0,3936.194708920732,2876.7043078778484,0.010711182,0.009550691,149.7001473067884,1.8744188696881847,5.395759e-07,5.8797025e-07,103070.46292226644,380.7068609104334,98939.77825906068,279.3619558429759,False,102600.43163733093,326.6421476607754,False,104524.12973751,414.05119586731706,False,104838.4862658044,562.7171923973553,False,105214.34231640512,758.9614905250804,False,0.255985978607287,11.768382582620616,103690.1255293295,292.0086197676261,0.0,5.441505401826419e-06,False,227763.046875,725.114013671875,False,232033.4708251953,919.1536568415828,False,233565.67607474327,1684.8211921156071,False,False,0.5682641438679915,26.124672489517035,False,False,0.449601169611482,0.00011984383286183044,0.449601169611482,32.267931419113765,2025052000120,51,R12_S20
COSMOS 1017371,149.70010121907,1.87452371044,2025052000121,60816.003791225885,60816.0036176084,g,1.24934404030577,36.8691344927938,327.259343659493,24.52510070800781,30.0011026859283,68.1883077049646,149.991406724531,2.04217924365982,-1,g,20250520,g_6,0.4176251304549301,149.70014848766306,1.8744177590820408,745284181966717135,0,1213.7143392528117,358.0916100642833,0.009815958,0.008766268,149.70014848766306,1.8744177590820408,4.9588635e-07,5.3824533e-07,103798.82501985705,384.2794935149362,100626.25748815385,283.2945278459479,False,103802.03781780334,330.50098753480097,False,105337.13244447894,418.2326409875898,False,106115.48635861276,568.2169619288534,False,107260.8763891575,766.7475145554728,False,0.8218099485897521,11.57338756923148,103263.35132490731,291.23872819643753,0.0,0.0001656715592575,False,231294.5,736.4312133789062,False,234715.03924560547,931.9172495504982,False,239001.57738268367,1708.4874895869723,False,False,1.8311790900264129,25.788134292990687,False,False,0.4445903660171474,8.286428988207144e-05,0.4445903660171474,32.280099881032086,2025052000121,91,R22_S01
COSMOS 1017371,149.70010121907,1.87452371044,2025052000122,60816.00427132496,60816.00409770804,g,1.24997578361046,36.9075151336064,327.027792224091,24.42446517944336,30.0010023117065,67.2117224509686,150.023737441836,2.01091630516689,-1,g,20250520,g_6,0.4214647054165293,149.70015138944052,1.8744179189551031,745284182100934664,0,2036.1858107445423,28.81757433545709,0.010819743,0.0105798105,149.70015138944052,1.8744179189551031,5.903234e-07,5.997659e-07,102926.40585984132,382.5393481859017,99159.94422680054,280.77401440703375,False,102621.58672593256,328.1482910903894,False,104189.1845319825,416.1411554327032,False,105035.89870180104,567.0519291951714,False,,,True,0.3604357540274731,12.154181253233812,102527.9717156423,287.340756944679,0.0,0.0010099354561841,False,229567.53125,734.0774536132812,False,233074.29400634769,930.9200992900556,True,,,False,False,0.8063054652166052,27.189263718184453,False,False,0.446615984454823,8.754460439351182e-05,0.446615984454823,32.27516434380018,2025052000122,91,R22_S01
COSMOS 1017371,149.70010121907,1.87452371044,2025052000123,60816.00474765939,60816.0045740419,g,1.25268463250317,37.0725214136673,327.284951470709,24.34502220153809,30.0011014938354,66.6352916167383,150.254901471321,2.22967036397872,-1,g,20250520,g_6,0.4183347139375599,149.7001483310229,1.874417473777137,745284182213133932,0,128.52639013995798,3143.6128664084035,0.012211112,0.01193566,149.7001483310229,1.874417473777137,6.659545e-07,6.765771e-07,103380.01525209389,387.77851638631137,99108.46494655011,283.26456716649795,False,103317.39025345272,332.03995904034934,False,105350.61114191108,421.61018248941417,False,106589.05083852832,574.2579120447358,False,106826.71671253808,782.9382942931711,False,0.4328525801649801,11.784346310919842,103291.4212395044,290.7020917860071,0.0,0.0018426087760735,False,228416.8125,734.0827026367188,False,232911.91088867188,932.106916033499,False,236175.3240326643,1730.9406395953429,False,False,0.956961905456002,26.053143765373903,False,False,0.4507555923005517,8.626826866416562e-05,0.4507555923005517,32.26514719124099,2025052000123,49,R12_S11
COSMOS 1017371,149.70010121907,1.87452371044,2025052000124,60816.00522575411,60816.005052137065,g,1.25507401505236,37.2171195002021,326.98895544663,24.295167922973636,30.0010254383087,65.5911028170389,150.201276060924,2.27350103158839,-1,g,20250520,g_6,0.4174929866350449,149.70014994289818,1.874418460104741,745284182346827310,0,3441.7946673565148,3666.359618141962,0.013128718,0.012317644,149.70014994289818,1.874418460104741,6.9271374e-07,7.2249156e-07,103245.77746840692,393.8938033700912,98428.09833647747,285.5054261007537,False,103415.79956172808,336.00369164355163,False,106285.65634096976,427.2832047536792,False,107048.75093449588,582.2559624297525,False,108182.53381845915,786.8067480779116,False,0.2677475614346409,12.120330603590826,102380.52550622776,293.7930389589731,0.0,0.0020617083436327,False,225263.375,731.8932495117188,False,231514.58251953125,930.7210038653544,False,235646.4175423384,1713.8458948819782,False,False,0.5832157135794929,26.40086514296089,False,False,0.460196033187731,9.641276843511683e-05,0.460196033187731,32.24264282299125,2025052000124,48,R12_S10
COSMOS 1017371,149.70010121907,1.87452371044,2025052000125,60816.00610655401,60816.005932936525,g,1.25878815547499,37.4399257827796,326.541895850294,24.33901596069336,30.0011007785797,64.5950977310861,150.174474090863,2.34128658309795,-1,g,20250520,g_6,0.4194013338042628,149.7001492615482,1.8744175656044733,745284182481045144,0,2345.468749413086,3536.55666876233,0.012415996,0.010709954,149.7001492615482,1.8744175656044733,6.1404137e-07,6.738384e-07,102521.36599979013,398.022233840022,97777.261555439,288.1060252978163,False,102554.30839043693,339.55846806610225,False,105266.64865403836,433.15425523033934,False,106357.19380248724,592.7208949193961,False,107828.39659763237,800.2647792708949,False,0.9615948766447924,11.94944742270239,102518.86037595176,298.9184351315497,0.0,0.0001197413190565,False,220370.453125,729.6490478515625,False,226198.7763061524,930.769277237238,False,231703.50413262844,1719.622654530525,False,False,2.06629152899296,25.677177141197923,False,False,0.464706452007637,0.00012775979302989622,0.464706452007637,32.23205324428237,2025052000125,48,R12_S10
COSMOS 1017371,149.70010121907,1.87452371044,2025052000126,60816.00681531953,60816.00664170252,g,1.2601446271248,37.5207569778211,326.08934646566,24.36994361877441,30.0010194778442,63.52859408189169,150.149608861123,2.28011305469184,-1,g,20250520,g_6,0.4211768438484519,149.70014753061258,1.8744162626356244,745284182616834111,0,3339.0130646970583,124.6528101861378,0.010678314,0.010863217,149.70014753061258,1.8744162626356244,6.019562e-07,5.9580105e-07,102787.86542357436,400.2960690494933,98885.94563512862,290.63494087164185,False,102987.87816530209,341.9538785579357,False,105327.6328679008,436.1364594479074,False,106631.97497365584,595.3022372273404,False,106831.0199027478,804.4608858305164,False,0.5338584374777743,12.403943376431286,104453.74619308216,301.55374076061923,0.0,0.0008486775507391,False,217488.03125,722.13232421875,False,222429.08502197263,921.0254800028353,False,225603.9119262696,1698.8466739365888,False,False,1.1273930738419713,26.19443445903919,False,False,0.47179450319236627,9.05860119250362e-05,0.47179450319236627,32.21561780830351,2025052000126,51,R12_S20
COSMOS 1017371,149.70010121907,1.87452371044,2025052000127,60816.0073481772,60816.00717455969,g,1.25733660892112,37.353280773044,325.689973430783,24.40275001525879,30.001106262207,62.456074397892905,150.21082127064,2.0158097021557,-1,g,20250520,g_6,0.4280910030487623,149.70015101077578,1.874415710357295,745284182751576705,0,4022.170566406968,1298.6001502834663,0.010716939,0.010541105,149.70015101077578,1.874415710357295,5.881475e-07,5.9385354e-07,101908.95066585449,394.4079289745589,98593.28488430356,288.1014811075786,False,101973.3821181874,337.93074593215505,False,103773.85627975284,430.0340552359162,False,105310.21872281269,586.8452465329476,False,106274.39318755452,793.8310849972269,False,0.9266048904427566,12.457117730316607,102249.26083934416,292.93209494458995,0.0,0.0001268433055218,False,220265.03125,729.9387817382812,False,224154.1000366211,928.884211227994,False,229555.32169562572,1714.69480674359,False,False,2.001489515305335,26.907682859561994,False,False,0.4635219743274094,9.265609143825066e-05,0.4635219743274094,32.23482418075166,2025052000127,52,R12_S21
COSMOS 1017371,149.70010121907,1.87452371044,2025052000128,60816.00799732409,60816.00782370721,g,1.26550793968524,37.8365529875,325.21671691672,24.23406410217285,30.0009977817535,61.2889111561265,149.955616547194,2.29532482763097,-1,g,20250520,g_6,0.4171665658759489,149.70014883155235,1.8744180526949672,745284182885270826,0,1837.9841711232973,2936.3333222759297,0.011982921,0.01282964,149.70014883155235,1.8744180526949672,7.027453e-07,6.7745714e-07,103279.44322796816,426.4540009552395,98804.61690331544,306.1615076854208,False,103306.87895970407,362.5852191161086,False,105506.56523308804,465.13271280785847,False,106735.52788148123,638.4797600737028,False,106937.09421273509,864.6492042521745,False,0.5347132756889759,13.18173632020085,103074.53348949688,309.4859922934397,0.0,0.0013018940061541,False,205771.03125,722.212646484375,False,210152.4598388672,926.471101889702,False,213001.84824687245,1722.2450258889469,False,False,1.0650646236685155,26.255942523743425,False,False,0.5026032388631299,0.00012515907572839568,0.5026032388631299,32.14693679266216,2025052000128,51,R12_S20
COSMOS 1017371,149.70010121907,1.87452371044,2025052000129,60816.0084747443,60816.00830113276,g,1.26583308027642,37.8556232731705,324.830756926666,24.15555953979492,30.0000743865967,60.1765990698471,149.913021913584,2.19450148998286,-1,g,20250520,g_6,0.4186344559018723,149.70014891163393,1.87441764159206,745284183039934543,0,3169.4126044908026,182.29883294622223,0.012617746,0.013754969,149.70014891163393,1.87441764159206,7.496498e-07,7.178792e-07,102275.73553763656,426.6813131267812,97859.79756562356,305.41259709641633,False,102471.82304987342,362.0661134194763,False,104991.7491293601,465.37087491520913,False,105700.17663908734,639.0400680361687,False,106360.28213732407,866.3114341414455,False,0.0483066808582492,12.899612577396647,102266.15402337516,310.6302497982247,0.0,0.0001733594619389,False,204910.921875,724.0166015625,False,209949.9692993164,930.5931343315611,False,212686.59827625751,1732.3462130109554,False,False,0.0965979350495951,25.79510568264412,False,False,0.4989654859649438,9.453821252146392e-05,0.4989654859649438,32.15482373500652,2025052000129,90,R22_S00
COSMOS 1017371,149.70010121907,1.87452371044,2025052000130,60816.00906569423,60816.008892083104,g,1.26598660467305,37.8646308666291,325.08571105801,23.88898468017578,30.0000023841858,59.6681029254053,150.257596892523,2.2804893954073,-1,g,20250520,g_6,0.4202333078819263,149.70014941613567,1.8744173818672152,745284183152657206,0,792.6117710491969,2510.553230080297,0.015163676,0.016643317,149.70014941613567,1.8744173818672152,9.0480074e-07,8.648385e-07,103392.75742716348,519.1249173574123,98173.4519772024,360.0289292005835,False,103376.88577488826,434.7863855142733,False,105772.01995059452,569.5016487451384,False,107363.70149971863,793.3349369549694,False,111219.43258087142,1082.6773313607898,False,1.234730648546224,17.054865660209423,102417.42732021508,353.4476398821387,0.0,0.0028948694447282,False,171886.3125,722.9259033203125,False,175868.73834228516,946.919010296312,False,184926.23376464844,1800.1839842630714,False,False,2.053005335946176,28.35738324425689,False,False,0.602725621345723,0.00013819872652462626,0.602725621345723,31.949700866640658,2025052000130,49,R12_S11
COSMOS 1017371,149.70010121907,1.87452371044,2025052000131,60816.00954093928,60816.009367321865,g,1.26411111235193,37.7547870419442,324.615646319402,24.079814910888672,30.0010898113251,58.50100428029351,150.23378138624,2.04167603925008,-1,g,20250520,g_6,0.412553692705624,149.70014891376223,1.87441949715561,745284183288971613,0,257.951992996187,850.4424295464993,0.013029033,0.013641114,149.70014891376223,1.87441949715561,7.4915147e-07,7.339592e-07,102822.52809166598,485.0973483092935,99147.43822901824,341.4107513427311,False,102881.87754484404,408.7279523765038,False,105280.74471699425,531.832854782502,False,106586.93887629012,736.6595550926559,False,108087.28118598598,1004.1250750550648,False,0.6907225872894944,15.88052526323401,102656.35675623232,331.8611512096323,0.0,0.0004437880938452,False,181990.171875,723.0084838867188,False,186233.5844116211,940.7716398687556,False,191198.13275146484,1776.2204515913463,False,False,1.2218354230944874,28.09143447893924,False,False,0.5627683648539831,0.00012395136817424567,0.5627683648539831,32.024175809345444,2025052000131,53,R12_S22
COSMOS 1017371,149.70010121907,1.87452371044,2025052000132,60816.01013182878,60816.00995821208,g,1.26878019825419,38.0270508553592,324.318309543203,24.114707946777344,30.0009665489197,57.4775341301332,150.151607656401,2.18528060458521,-1,g,20250520,g_6,0.4167878283174623,149.70014864058837,1.8744180822401224,745284183422666448,745284183422664998,1690.5254016845709,756.4451282616894,0.012633935,0.012763771,149.70014864058837,1.8744180822401224,7.075427e-07,7.0459527e-07,103148.92068620936,480.280973306076,99093.35510804971,339.03674628969463,False,103222.6523751468,405.95444992812224,False,105261.58834391856,527.5599449172748,False,106269.29284776592,733.0247013102039,False,105843.13250780296,996.3107766336364,False,0.0407214053229597,15.201875949354386,102995.1002199802,333.6740915073744,0.0,2.569572870037007e-07,False,184386.4375,725.1557006835938,False,188028.58513835075,942.3793767424417,False,189067.3964279294,1779.7081407933858,False,False,0.0727405727785959,27.15508355114964,False,False,0.5604852272888506,0.00011890165881921013,0.5604852272888506,32.028589574048446,2025052000132,52,R12_S21
COSMOS 1017371,149.70010121907,1.87452371044,2025052000133,60816.010722717605,60816.01054910027,g,1.27101873682847,38.156097899062,324.255242121045,24.103073120117188,30.0010757446289,56.6777980679266,150.266259220291,2.27727906846041,-1,g,20250520,g_6,0.4187790577586742,149.70015016496032,1.8744181691966264,745284183555310521,0,1589.207064558192,2359.978248878395,0.013300103,0.013358687,149.70015016496032,1.8744181691966264,7.416253e-07,7.404513e-07,102055.57111077289,475.7551098399259,98207.04497719444,336.11862318197177,False,102200.5644154475,402.0115695229818,False,104384.59163191004,521.1483018709612,False,105878.98601674904,723.0201208779825,False,106537.62601557164,984.1831875832364,False,0.7033950526126104,15.01582915119155,102683.6018468416,330.6402873386256,0.0,8.174744639710685e-05,False,184140.78125,724.3279418945312,False,188075.87182617188,938.9836152326052,False,191955.12078857425,1773.2608630026311,False,False,1.2673483288111231,27.054904508912923,False,False,0.5547594872902842,0.00013485586099101413,0.5547594872902842,32.03973815472462,2025052000133,49,R12_S11
COSMOS 1017371,149.70010121907,1.87452371044,2025052000134,60816.01125654897,60816.011082931895,g,1.27104094959653,38.1576542195264,323.65530076759,24.21681404113769,30.0010302066803,55.4065628226592,150.138828819469,2.08978338648654,-1,g,20250520,g_6,0.4147947263710155,149.7001486235746,1.8744186816810464,745284183691100959,0,3322.979970389116,1918.780834318604,0.011865722,0.012345351,149.7001486235746,1.8744186816810464,6.779505e-07,6.685535e-07,102947.81488733318,449.84409669678297,99340.34708090092,321.7720816996158,False,102783.47233730472,382.1303309924773,False,104760.56641309807,492.2784415448774,False,106020.75118148729,680.1628259258762,False,106368.581815611,923.6884110669308,False,0.4671333899840839,14.338142160578894,102432.15842968256,316.280129738908,0.0,0.0015868419585673,False,195365.078125,726.3319702148438,False,199123.02801513672,935.6953409401636,False,202179.45379638672,1755.6952931016356,False,False,0.8879010326635339,27.25313904726082,False,False,0.5284159284344659,0.0001051358190127282,0.5284159284344659,32.09256024899629,2025052000134,52,R12_S21
COSMOS 1017371,149.70010121907,1.87452371044,2025052000135,60816.011729216334,60816.01155559889,g,1.27486981675178,38.3766520372342,323.628974660084,24.336618423461918,30.0010945796967,54.5658047143039,150.182548190405,2.26968699459556,-1,g,20250520,g_6,0.4133889598966223,149.70014866858122,1.8744191306000044,745284183823746801,0,1271.4209712484765,3647.7940610331,0.010942587,0.012097929,149.70014866858122,1.8744191306000044,6.516507e-07,6.307713e-07,102418.31834185764,416.7459962036435,98541.48666084372,301.0324088878804,False,102112.5070500836,355.2356713787937,False,103967.64273245302,454.9611745857141,False,104448.64658212048,623.0763627958232,False,104710.8716107784,844.8850949275372,False,0.1372089213594143,12.5665041728509,102160.28293714052,302.99034442501323,0.0,0.0022256060207666,False,209578.21875,729.0944213867188,False,213385.7448120117,933.7734947915342,False,214911.1660257578,1734.0629307680183,False,False,0.2816109619266402,25.79180196965282,False,False,0.48569126734386237,0.00014660534230877365,0.48569126734386237,32.18409926251602,2025052000135,49,R12_S11
COSMOS 1017371,149.70010121907,1.87452371044,2025052000136,60816.01220191838,60816.01202830149,g,1.27377776668124,38.3144550804512,323.155209953526,24.24884986877441,30.0009984970093,53.3856264106824,150.1337176162,2.06474686870617,-1,g,20250520,g_6,0.4213215312924019,149.70014930881194,1.8744170017161392,745284183959536638,0,3919.118801686929,2309.550988719975,0.012543526,0.01148278,149.70014930881194,1.8744170017161392,6.6002286e-07,6.77183e-07,102822.19109936812,431.541528874332,98190.95089478808,308.40843066993915,False,102650.84863156584,365.86330911367673,False,104536.49910141366,469.94461538907615,False,105671.31376219072,645.3990892525338,False,105825.0028683106,875.8281694876791,False,0.1421701388218215,13.873625558934105,103532.81683257542,315.3502597794938,0.0,0.0005944009148084,False,204388.265625,728.4710083007812,False,208142.7872314453,935.7074603827928,False,210708.3291015625,1743.862841208492,False,False,0.2830751862729568,27.62379759858356,False,False,0.502110869634281,0.000108318749818591,0.502110869634281,32.148000942426044,2025052000136,52,R12_S21
COSMOS 1017371,149.70010121907,1.87452371044,2025052000137,60816.01278751195,60816.01261390051,g,1.27947678240197,38.6371701905656,322.906254094467,24.100440979003903,30.0000574588776,52.3827803226771,150.044104890108,2.25986330756025,-1,g,20250520,g_6,0.4178234556984841,149.70014936436203,1.8744180936077148,745284184093753965,0,290.8828954217199,1481.1161746136072,0.013421302,0.012180722,149.70014936436203,1.8744180936077148,7.0371124e-07,7.214234e-07,102527.4558863864,468.64578253546966,98212.60700581296,331.25247310804224,False,102611.13648805028,396.0436250928322,False,105124.06780364788,512.550640316437,False,105604.54812504594,709.6914534427294,False,105400.16767049936,965.7737119362666,False,0.063578545440702,14.670005870785866,102200.47903025366,328.5317687264526,0.0,0.0013232169179729,False,188378.078125,727.074462890625,False,192991.42895507807,940.9632118809328,False,193498.305343628,1773.0102402616726,False,False,0.1167203152602955,26.931847815007263,False,False,0.5443713874389208,0.00011809053733197562,0.5443713874389208,32.06026177426668,2025052000137,52,R12_S21
COSMOS 1017371,149.70010121907,1.87452371044,2025052000138,60816.01337855448,60816.013204937655,g,1.27757661432784,38.530152208146,322.546523030302,24.20065689086914,30.0009858608246,51.3639853559108,150.122674443156,2.05135508078654,-1,g,20250520,g_6,0.4212532496183352,149.70014579245174,1.874415507848471,745284184228496569,0,25.73746089312396,2675.008864968785,0.013397792,0.011465264,149.70014579245174,1.874415507848471,6.8158283e-07,7.049417e-07,102983.44913115946,435.71266973606623,98244.44048301976,310.7298685703361,False,102850.92113926644,369.04013159562993,False,105043.62196794237,474.2975925384985,False,106367.50107936191,653.4124679491445,False,,,True,0.0244961397103565,13.995704478116,103433.78126560882,318.8152576117716,0.0,9.122620806178984e-05,False,203188.078125,729.0606079101562,False,207519.8883056641,937.00294775891,True,,,False,False,0.0483935728926457,27.649342012826708,False,False,0.5053540311653737,0.0001090583511869586,0.5053540311653737,32.1410106640497,2025052000138,53,R12_S22
COSMOS 1017371,149.70010121907,1.87452371044,2025052000139,60816.013851595686,60816.01367797841,g,1.28075472626558,38.7086528592649,322.616368882084,24.186647415161133,30.0010659694672,50.6104948961818,150.236107004188,2.2262441088959,-1,g,20250520,g_6,0.4163155291228027,149.70014948859978,1.8744186109838643,745284184360617311,0,3229.024160506476,3369.450771320332,0.012684477,0.013223088,149.70014948859978,1.8744186109838643,7.2314526e-07,7.1751543e-07,102183.6067365012,427.9506028132458,97275.60902558344,304.9819171228651,False,102491.86855872792,362.3416454704288,False,105635.40920447964,465.8727760544076,False,107417.3500068733,639.3536365278569,False,108044.3366750274,867.0441276475242,False,0.608404662902023,13.457619542762911,102903.23976974814,313.1722995529854,0.0,3.597610875871737e-09,False,207018.828125,731.8779907226562,False,213368.32794189453,940.9959786113304,False,218234.014839828,1751.3043889467474,False,False,1.2288898827870651,27.18245521593264,False,False,0.4973096380775411,0.00010206839626437902,0.4973096380775411,32.15843280967466,2025052000139,49,R12_S11
COSMOS 1017371,149.70010121907,1.87452371044,2025052000140,60816.014480708174,60816.01430709111,g,1.28361329587303,38.8684178028712,322.274179800705,24.096925735473636,30.0010297298431,73.0293460059951,150.196728222767,2.24906063992693,-1,g,20250520,g_6,0.4201799305137009,149.700148186457,1.87441684978056,745284184495882292,0,2455.666320864489,123.18442532158552,0.015155166,0.010934945,149.700148186457,1.87441684978056,6.314858e-07,8.251057e-07,103332.26185259222,446.6797662943285,97870.50062939367,316.30436052187025,False,103200.30451473626,377.3753703969286,False,105689.01983325154,487.0508551584285,False,106283.78042617852,671.1656676946052,False,106496.9713476903,911.8353187355992,False,0.0580767635926775,14.159160697234997,103720.39955576332,323.7316158656309,0.0,0.000165179013876,False,197404.46875,721.8543090820312,False,202164.9539794922,931.6446862136324,False,203710.4265460074,1744.184453029256,False,False,0.1110908801833505,27.0840440687308,False,False,0.5237832522547444,0.00010759866106647436,0.5237832522547444,32.102120980172295,2025052000140,51,R12_S20
COSMOS 1017371,149.70010121907,1.87452371044,2025052000141,60816.01495770269,60816.01478408518,g,1.2837874022534,38.8781645921993,322.041404907739,24.31758499145508,30.0011055469513,72.0309069074515,150.239772061023,2.17966432509732,-1,g,20250520,g_6,0.4044501383470848,149.70014960989812,1.8744223065930696,745284184628528902,0,4079.174876489515,3953.108812428821,0.012550458,0.011093739,149.70014960989812,1.8744223065930696,6.249103e-07,6.9058024e-07,,,100465.81809516047,295.40547615843246,False,106826.51515793664,348.913663497775,False,,,True,,,True,,,True,0.9745871678109076,12.508912101833763,102835.87748185763,296.6847395170412,0.0,0.0058850688044405,False,228123.25,745.0895385742188,True,,,True,,,False,False,2.0811873512921752,26.712222882266733,False,False,0.4675052172484484,0.00012796799047016272,0.4675052172484484,32.22553384534994,2025052000141,48,R12_S10
COSMOS 1017371,149.70010121907,1.87452371044,2025052000142,60816.018335805216,60816.0181158921,u,1.29720532860564,39.6094705008733,320.447108284495,23.440841674804688,38.0009865760803,71.4041142343229,150.196641268115,2.24905517408994,-1,u,20250520,u_24,0.3854752445065029,149.70014571796978,1.8744263074925904,745284184764317701,0,2784.686273685028,29.649822908867822,0.039044593,0.04053127,149.70014571796978,1.8744263074925904,2.2462293e-06,2.1807862e-06,48140.7287869059,719.3051033961134,45672.80880708773,495.7087017305215,False,48042.53092053475,600.6922521566196,False,49564.642250410354,787.9930085606727,False,51188.835875315686,1100.2513640831526,False,,,True,0.4857478320769761,23.93889342071008,48167.46705084494,484.2540940706028,0.0,0.0003983184700724,False,19042.466796875,238.0944976806641,False,19645.78127479553,312.3343090834655,True,,,False,False,0.1925343396100347,9.488583852333129,False,False,2.5766423608510816,0.001605261663460091,2.5766423608510816,30.372364643851377,2025052000142,51,R12_S20
COSMOS 1017371,149.70010121907,1.87452371044,2025052000143,60816.0189032681,60816.01868335414,u,1.29779452602257,39.6409557352233,320.175686908195,23.27269172668457,38.0011324882507,70.4038088664397,150.239794787495,2.17975253856103,-1,u,20250520,u_24,0.3914326062048769,149.7001482416978,1.8744256608128296,745284184897487333,0,176.74934395941423,3892.7820579115937,0.042233177,0.042338897,149.7001482416978,1.8744256608128296,2.35424e-06,2.3500766e-06,46802.29377080549,795.8743897819112,43788.79288175351,535.1556553137214,False,47351.196244457264,655.8434445494242,False,49895.56336260335,867.8534263023704,False,52602.72793296011,1215.1220644323353,False,57437.82988888548,1662.520816498596,False,1.524896581907635,25.821647752837286,47513.86057059421,539.4044706173514,0.0,0.0020062041816408,False,18163.20703125,251.5716857910156,False,19139.188007354736,332.89552756662977,False,22032.288061141968,637.7179919158114,False,False,0.5849274044829638,9.90479589156514,False,False,2.6436712717983144,0.0010954557151845819,2.6436712717983144,30.344481370809923,2025052000143,49,R12_S11
COSMOS 1017371,149.70010121907,1.87452371044,2025052000144,60816.01946972869,60816.0192498155,u,1.29982456288746,39.7491276559261,319.940802894995,23.326391220092773,38.0009999275208,69.4286656123854,150.259160231752,2.18651619036163,-1,u,20250520,u_24,0.3877936110410951,149.70014607576582,1.874425762880041,745284185031704987,0,371.051659069785,3492.872441615635,0.050873186,0.046735495,149.70014607576582,1.874425762880041,2.628871e-06,2.8019356e-06,48515.708664116,801.8167309887252,45641.90629593483,546.7638876574252,False,48794.44145645283,667.4610771924471,False,50349.78236234876,877.7422066425983,False,52002.00551948656,1226.737931310003,False,54326.234612569526,1675.5978671793318,False,0.8209765655598266,25.86150509147824,48270.52845183756,539.9292352295472,0.0,0.0025099349627641,False,18342.421875,250.90670776367188,False,18927.093370437626,329.95393268515073,False,20421.88996124268,629.8775445576707,False,False,0.3086150402690078,9.721653175058982,False,False,2.667157789775322,0.001127782145555943,2.667157789775322,30.334878226428064,2025052000144,49,R12_S11
COSMOS 1017371,149.70010121907,1.87452371044,2025052000145,60816.02003969657,60816.01981978278,u,1.30014237673092,39.7660607060817,319.461737541549,23.38631248474121,38.0011031627655,68.2634189588325,150.201250048203,2.02908046784298,-1,u,20250520,u_24,0.391792846234421,149.7001435657829,1.874423446106973,745284185167495305,0,2840.219392152609,1236.4495168188987,0.05320781,0.050844334,149.7001435657829,1.874423446106973,2.8461645e-06,2.9423209e-06,46191.69014189109,744.6008730793327,44502.0491314234,508.7578651908542,False,46761.775441963575,618.7108733261286,False,48101.455649164775,816.8016038696229,False,50466.17701124619,1143.1167339472534,False,51819.74911081013,1563.4697052432607,False,0.5473887123301383,24.51720529377379,47221.2907540799,503.51668415046856,0.0,0.0004775451627964,False,18550.884765625,245.44906616210932,False,19082.349897384644,324.03372811558046,False,20557.43575286865,620.2447632149939,False,False,0.217154819902917,9.72623143328774,False,False,2.569709505840326,0.0017516442796887027,2.569709505840326,30.375289922353875,2025052000145,52,R12_S21
COSMOS 1017371,149.70010121907,1.87452371044,2025052000147,60816.02509965065,60816.024879736746,u,1.32151889393403,40.8705314905092,317.3217235745,23.35629653930664,38.0011234283447,66.3954099379457,150.257537861733,2.13893819847582,-1,u,20250520,u_24,0.3798337080925045,149.7001389525681,1.8744251714513973,745284185434358180,0,1751.9724100083354,3762.258957613452,0.03976963,0.04556592,149.7001389525681,1.8744251714513973,2.4850629e-06,2.2672275e-06,47612.20305582154,824.1642051906757,44634.16202837581,559.3407273932019,False,46889.54222144072,683.8422104002142,False,47241.62129748205,902.3752626165418,False,47033.934656872894,1271.4838381520512,False,48145.3138352867,1745.138706599326,False,0.5260643451059709,27.381987552366084,47276.05495299517,535.0895229878836,0.0,0.0020229091592319,False,16802.99609375,245.0567321777344,False,16929.164596557617,323.36865097200985,False,17253.005296707153,625.3752431951001,False,False,0.1885166012952638,9.812410360260104,False,False,2.8356597680799505,0.001523166450918373,2.8356597680799505,30.268364696160287,2025052000147,49,R12_S11
COSMOS 1017371,149.70010121907,1.87452371044,2025052000148,60816.02573518561,60816.02551527231,u,1.33036738730417,41.3100972908019,316.868394010443,23.43745422363281,38.0010185241699,64.2297383681042,149.986253414528,2.3188022920432,-1,u,20250520,u_24,0.3805113691524124,149.70014353307891,1.8744268423671715,745284185569624417,0,1360.8235752362511,2500.531822571999,0.04553928,0.04412061,149.70014353307891,1.8744268423671715,2.4694268e-06,2.5179809e-06,47299.88839236703,738.07291260748,45295.13339270087,507.2436442603627,False,47401.7353378687,615.2072013774138,False,49400.61338816398,811.3467890055381,False,49839.72932318096,1132.6760252094666,False,49661.1294008113,1550.3145598008305,False,0.1554476401175178,24.195987019401,47628.03910013906,494.73234517317616,0.0,0.0022026290572826,False,18550.697265625,240.7617034912109,False,19332.95937728882,317.52104755233614,False,19434.91247349977,606.7165233585938,False,False,0.0608345262451219,9.46911388455682,False,False,2.570313125927561,0.0012377573794797546,2.570313125927561,30.375034914844147,2025052000148,51,R12_S20
COSMOS 1017371,149.70010121907,1.87452371044,2025052000149,60816.02630374748,60816.02608383367,u,1.32532782758634,41.0610866646601,316.614312367956,23.05290985107422,38.0011060237885,63.2605877451716,150.204826791511,2.0191098913313,-1,u,20250520,u_24,0.3842197414407098,149.70014739421657,1.874427476660462,745284185704366188,0,3812.705867584871,1329.7373928260472,0.049402647,0.053563498,149.70014739421657,1.874427476660462,2.9338523e-06,2.796926e-06,48049.10782693738,995.3157403524144,45645.058293734735,658.4763828437985,False,49442.49266643207,816.9797788792351,False,52742.37594831683,1096.389721683022,False,54732.85296701128,1550.934510392648,False,58300.32076710518,2136.4831021857067,False,1.672465433911282,32.99181262911104,48377.01210710187,624.7263468875559,0.0,0.0028650831827298,False,14147.23046875,233.7665557861328,False,15091.44276046753,313.71553576118873,False,16681.765619277954,611.3227147168491,False,False,0.478550992648978,9.440114194783222,False,False,3.503738850127568,0.001827000218017217,3.503738850127568,30.038670678188506,2025052000149,52,R12_S21
COSMOS 1017371,149.70010121907,1.87452371044,2025052000150,60816.02687330909,60816.02665339597,u,1.33114108783401,41.348118341976,316.334107576527,23.315046310424805,38.0009870529175,62.22066390799089,150.09036406136,2.13983309388165,-1,u,20250520,u_24,0.3994894593786259,149.70014754746947,1.8744228632283253,745284185838584083,0,1094.5004311296914,2175.616888138913,0.05128355,0.064050905,149.70014754746947,1.8744228632283253,3.4213908e-06,3.0209826e-06,47940.09593076303,785.4709455963058,45072.52037848968,535.2353020926453,False,47823.22361301707,653.3193324600193,False,48944.845257745634,863.4307677598479,False,51003.87837290164,1212.5837421035458,False,52066.25524162787,1659.0969874523978,False,0.6037674359785795,25.52209748547096,46813.76358935588,517.7937616016999,0.0,0.0087878993026481,False,17798.119140625,243.14244079589844,False,18215.54720497132,321.338515333546,False,19377.226041793823,617.4574530457271,False,False,0.2247009705103084,9.498425606788585,False,False,2.7406999566530854,0.001887854972983714,2.7406999566530854,30.305346267683948,2025052000150,52,R12_S21
COSMOS 1017371,149.70010121907,1.87452371044,2025052000151,60816.02744184488,60816.02722193101,u,1.33421736412808,41.4990558440987,316.0509173741,23.35946273803711,38.0011160373688,61.19004639033411,150.055348081593,2.14862858955965,-1,u,20250520,u_24,0.3785144362879448,149.70014572495387,1.8744284404299505,745284185972801862,0,803.0205943849707,2634.6722744083872,0.046267636,0.053606525,149.70014572495387,1.8744284404299505,2.8923723e-06,2.6740133e-06,47958.57296009389,765.2587791885793,45220.95153864413,525.120294748541,False,46916.84378954947,637.4179165277067,False,47119.35632059229,839.7649127372189,False,47508.306543111205,1177.3870220797244,False,48003.00388981949,1611.5069415991932,False,-0.1900298173064875,25.68842002155542,48424.763163979485,517.6203749765466,0.0,0.0057154249332908,False,18229.17578125,247.66378784179688,False,18307.86045455933,326.2841438754811,False,18651.19486427307,626.1385237866267,False,False,-0.0738346116993146,9.981036367578987,False,False,2.586966915922344,0.0011338751999212375,2.586966915922344,30.368022813330633,2025052000151,52,R12_S21
COSMOS 1017371,149.70010121907,1.87452371044,2025052000153,60816.045988970014,60816.04576905629,u,1.43221412287378,45.7692127141043,308.860909774822,23.20631217956543,38.001091003418,57.4246957934535,150.201149242879,2.27355361108335,-1,u,20250520,u_24,0.3988974770177325,149.7001432250539,1.8744211672732152,745284186239664490,0,923.1037534397396,3376.077692955136,0.051039968,0.05044085,149.7001432250539,1.8744211672732152,2.815231e-06,2.8295865e-06,46444.72534614037,828.116948406866,42656.55703414484,555.3626322347395,False,45890.826887029216,681.2324844380247,False,47510.13942258871,899.7129035624416,False,44635.34066239448,1264.729901124162,False,41977.55494607596,1736.749458195111,False,-1.928991951492867,27.506512602834125,47086.99480063595,569.8588540087726,0.0,4.311816321755924e-05,False,16860.189453125,250.2833251953125,False,17455.121337890625,330.55255345097027,False,15422.461898803713,638.0779533536394,False,False,-0.7087074250325949,10.105832584368498,False,False,2.755584859956101,0.0015187636827994518,2.755584859956101,30.29946552515716,2025052000153,49,R12_S11
COSMOS 1017371,149.70010121907,1.87452371044,2025052000155,60816.047160759714,60816.046940845925,u,1.43451432104705,45.8589350539764,308.193510986125,23.354515075683597,38.0011024475098,54.2642887716125,150.210652867769,2.01577023270422,-1,u,20250520,u_24,0.366717991494354,149.70014366577672,1.8744310988373816,745284186510196946,0,1170.9094829348153,1686.136737303021,0.05135022,0.046538264,149.70014366577672,1.8744310988373816,2.6833388e-06,2.7679625e-06,44845.4815977866,774.1580378553789,44389.28820639274,525.4707600384647,False,46544.02202587821,641.3129504717116,False,49784.02062635756,849.4284716162272,False,52639.80198883583,1191.9951699934622,False,55578.49919071014,1631.1952357951395,False,0.8276176796615365,25.660357865623823,47231.11105782586,514.1310376346262,0.0,0.0009646741586767,False,17354.826171875,239.12576293945312,False,18562.921434402462,316.72560360479355,False,20723.50326347351,608.2222493336652,False,False,0.3085930339090734,9.567953753940849,False,False,2.7171630130804303,0.0014995465327270756,2.7171630130804303,30.314710764502184,2025052000155,53,R12_S22
COSMOS 1017371,149.70010121907,1.87452371044,2025052000156,60816.04776117539,60816.04754126779,u,1.44819915180373,46.3839593637052,307.978792116679,23.320707321166992,38.0000329017639,53.1823494522921,149.955656001651,2.29528479276498,-1,u,20250520,u_24,0.4086652523066754,149.7001477322331,1.8744201478729825,745284186643366161,0,3029.93930299854,2398.9912470179943,0.049319077,0.0482098,149.7001477322331,1.8744201478729825,2.704271e-06,2.72154e-06,48781.34366245822,763.866261843069,46697.24629763983,523.2992720663187,False,49530.43976949271,636.5993102266452,False,52128.24665811239,835.9460285843966,False,53317.06200442474,1170.3584475717958,False,54555.69319790612,1603.686338782525,False,0.5366114461927737,24.851176682817133,48738.53557925349,512.8887669257463,0.0,0.0090518162676739,False,18716.533203125,240.55776977539065,False,19698.19092941284,315.8867894739992,False,20615.472988128666,606.00004253765,False,False,0.2027744150180162,9.3907479054357,False,False,2.6655633768902662,0.0015847427105501397,2.6655633768902662,30.335527467891144,2025052000156,51,R12_S20
COSMOS 1017371,149.70010121907,1.87452371044,2025052000158,60816.04891501919,60816.048695105565,u,1.44996779078526,46.4510507688187,307.848888933749,23.414852142333984,38.0010733604431,51.4896153649714,150.257678530406,2.28044939697928,-1,u,20250520,u_24,0.3859200126732185,149.70014479625655,1.8744257568726808,745284186910753041,0,2614.3473113336136,2462.9726151742816,0.04924951,0.049474686,149.70014479625655,1.8744257568726808,2.7467113e-06,2.7443455e-06,47839.81679406855,799.9150687475693,45451.280471345286,544.2675396500233,False,47530.04158994248,663.8866092813249,False,48332.287107763645,879.5929362514387,False,48069.40233021086,1235.2998690039085,False,48234.17806232454,1694.9907243846883,False,-0.0307506621271059,26.8460293051562,47633.723985217264,521.0855523586856,0.0,0.0009867513948396,False,17830.32421875,249.0490875244141,False,18131.276988983154,329.96872523680094,False,18094.47255897522,635.8554117055105,False,False,-0.0115357415505303,10.07096544595256,False,False,2.6925958889709145,0.00192185780329314,2.6925958889709145,30.32457205404949,2025052000158,49,R12_S11
COSMOS 1017371,149.70010121907,1.87452371044,2025052000159,60816.04948290947,60816.049262995904,u,1.44951836261611,46.4337384299041,307.393177224275,23.52193069458008,38.0010633468628,50.3067857961058,150.233864787398,2.04163579912599,-1,u,20250520,u_24,0.3735965592254181,149.70014248599648,1.8744284818117924,745284187047067820,0,1663.0657974325902,1304.6252241978243,0.037222315,0.040630464,149.70014248599648,1.8744284818117924,2.184073e-06,2.1505266e-06,47094.40043706737,753.0243968610014,45210.04164033252,518.1090679030285,False,47246.37198491162,629.0972398991993,False,48553.08526386372,830.0073166025765,False,49826.751816214666,1162.157261058008,False,51608.40644920076,1592.024974246202,False,0.8989183292872964,24.666467764004604,47625.35086356274,493.9657697834991,0.0,0.0049365915298364,False,17903.255859375,238.3863220214844,False,18398.4139251709,314.51797735992864,False,19556.17894744873,603.2723625328746,False,False,0.340630701782815,9.346962845465267,False,False,2.6933545581902685,0.001309320294208932,2.6933545581902685,30.32426617873466,2025052000159,53,R12_S22
COSMOS 1017371,149.70010121907,1.87452371044,2025052000160,60816.050108495045,60816.049888581896,u,1.45794818237637,46.7492876132548,307.222057231046,23.47153091430664,38.0009922981262,49.3157076439799,150.151551909326,2.18534209281071,-1,u,20250520,u_24,0.3816753663948969,149.70014143282367,1.8744256032387103,745284187180761199,0,3120.403183139421,794.9437654202048,0.04225708,0.043284256,149.70014143282367,1.8744256032387103,2.383514e-06,2.37508e-06,46049.80962206495,774.0676906428713,43925.40723477917,530.8446445237925,False,45465.92660802793,645.2504905723553,False,46467.71225385079,852.0468930851412,False,44733.78927031051,1192.303409008978,False,41929.54254928028,1629.7878536246794,False,-1.2894778285165918,25.63682220999796,46047.32105997047,505.3022232363369,0.0,0.0004687521194316,False,17283.828125,245.29135131835932,False,17664.6559715271,323.90480417314416,False,15939.475137710571,619.5622797949931,False,False,-0.4901937521524911,9.745813223358978,False,False,2.6832760150349095,0.0015876600029993335,2.6832760150349095,30.328336628382516,2025052000160,52,R12_S21
COSMOS 1017371,149.70010121907,1.87452371044,2025052000161,60816.05069686947,60816.05047695573,u,1.46156407527682,46.8830813460112,307.21156690623,23.42276954650879,38.0010938644409,48.4970335667892,150.26621220307,2.27724001578026,-1,u,20250520,u_24,0.3880216029783009,149.70014498049187,1.8744251998827708,745284187313406222,0,3375.0338140280987,2407.4546018316832,0.04559046,0.04522652,149.70014498049187,1.8744251998827708,2.5241645e-06,2.526919e-06,47750.457869821774,804.4009227707918,45826.34404758453,548.2032939196449,False,48357.11614747932,668.6799447247062,False,49323.68112611096,883.6719340813632,False,52498.765415489484,1241.4344064505256,False,53742.25119287399,1699.506517408607,False,1.3641075119418848,26.7987883146201,47877.73230470844,523.6140725265102,0.0,0.0041117853668386,False,17845.951171875,246.77297973632807,False,18202.65712928772,326.1146950839082,False,19833.30825042725,627.1943561203925,False,False,0.5034170353968,9.88995841417756,False,False,2.7221850337999616,0.0022889515549904824,2.7221850337999616,30.31270589508821,2025052000161,49,R12_S11
COSMOS 1017371,149.70010121907,1.87452371044,2025052000162,60816.051323338674,60816.05110342554,u,1.46451302405578,46.9917814206097,306.684683615725,23.446870803833008,38.0009891986847,47.2394107617119,150.138866659301,2.08984271776363,-1,u,20250520,u_24,0.3880555672325432,149.7001457499114,1.874425534563922,745284187449721143,0,348.42272629536325,2179.2044938239283,0.04220842,0.041503042,149.7001457499114,1.874425534563922,2.3268535e-06,2.330235e-06,46485.37973656588,773.5010915093922,45387.21354040802,531.5802095459134,False,47162.57685413234,645.4654838906164,False,48826.86458504677,852.3959081761502,False,50933.444760349805,1194.6334547706529,False,52181.75063128088,1635.053347538235,False,0.8999746315931563,24.91691786028103,47807.227754645,509.9326032585908,0.0,0.010946354665794,False,17427.28125,238.5092010498047,False,18042.26058959961,314.9731040795191,False,19281.941425323486,604.1767953950579,False,False,0.3325541577413797,9.207175782131134,False,False,2.713942816156459,0.001141035599794538,2.713942816156459,30.31599826833895,2025052000162,53,R12_S22
COSMOS 1017371,149.70010121907,1.87452371044,2025052000163,60816.05194815924,60816.05172824545,u,1.47152808555853,47.2465287660832,306.677004403027,23.373197555541992,38.0011019706726,46.4046780384258,150.182747384979,2.26974724636898,-1,u,20250520,u_24,0.3956083127498611,149.70014672044672,1.874423670871408,745284187581841807,0,2904.4072751632766,3651.030332557277,0.04465306,0.04659137,149.70014672044672,1.874423670871408,2.5405639e-06,2.5355228e-06,47747.77161166345,816.1701879606794,44060.674898083314,552.8877909706285,False,46626.89053410067,677.1281564699766,False,47397.06428624132,898.2746811155995,False,48029.79989788754,1261.25591402032,False,46447.51693239056,1732.7744806542396,False,-0.1412252924812688,27.175631291270985,47814.981345619846,537.8937993877068,0.0,0.0185780982276269,False,17326.033203125,251.61328125,False,17612.22119140625,333.78886673030394,False,17259.379970550537,643.87969777625,False,False,-0.0524777457519278,10.098161912042787,False,False,2.6853752560106456,0.0015444396622515658,2.6853752560106456,30.32748754285583,2025052000163,49,R12_S11
COSMOS 1017371,149.70010121907,1.87452371044,2025052000164,60816.0525374446,60816.052317531336,u,1.47249988309032,47.2816871482721,306.226589819353,23.422626495361328,38.001012802124,45.2175919538731,150.133630684453,2.06480725955975,-1,u,20250520,u_24,0.3836506682522898,149.7001436054537,1.8744259229009683,745284187718156638,0,908.3347543698976,2668.7772901898165,0.04387733,0.049580604,149.7001436054537,1.8744259229009683,2.6046523e-06,2.603722e-06,47503.85047020601,784.3261193996,46030.19866547018,537.0465039101814,False,47836.70316627726,653.397690495041,False,49229.88246178929,864.2347191910466,False,51138.182617908366,1212.97589129378,False,51358.585941777244,1663.0396552674192,False,0.8491024301111179,25.58098511848738,48156.10575544943,510.5492171440281,0.0,0.0003442794315317,False,17937.736328125,245.01010131835932,False,18460.14864349365,324.06945906315417,False,19258.36673164368,623.60415465321,False,False,0.3183951756449758,9.592320032468196,False,False,2.7006776873468836,0.0011654718207265628,2.7006776873468836,30.321318109097497,2025052000164,53,R12_S22
COSMOS 1017371,149.70010121907,1.87452371044,2025052000165,60816.05310390027,60816.052883989534,u,1.48212985740542,47.6262313680415,306.126115521621,23.43026351928711,38.0005741119385,44.253234190944,150.04400674729,2.25992709372538,-1,u,20250520,u_24,0.3957754285122047,149.70014467745818,1.874422717027877,745284187851849876,0,1666.088071795622,1338.9098172862327,0.0442286,0.04789287,149.70014467745818,1.874422717027877,2.561771e-06,2.5669176e-06,47005.53525439809,799.7311482508853,45682.365544521344,547.8166825387699,False,47594.87570597112,667.824055381674,False,49276.13260074376,881.6019502396824,False,51879.3253453846,1241.9135454956045,False,50748.69435854331,1700.140423095143,False,-0.6250852390716021,26.28238223230593,47505.87843705063,513.8494617633892,0.0,0.0002714452723828,False,17827.326171875,250.1428375244141,False,18457.064449310303,330.2163371068993,False,19008.633045196533,636.8113669998344,False,False,-0.2341344162971701,9.84443374794711,False,False,2.7147326811698616,0.001334317430009482,2.7147326811698616,30.31568232200972,2025052000165,52,R12_S21
COSMOS 1017371,149.70010121907,1.87452371044,2025052000166,60816.05367251975,60816.05345260643,u,1.48043965910825,47.5659217277416,305.805994485887,23.495569229125977,38.0010216236115,43.1976214254487,150.122732988633,2.05131090005924,-1,u,20250520,u_24,0.3947586221573549,149.70014586672022,1.874423545690292,745284187986592160,0,1200.4668205401524,3101.451383725529,0.042940367,0.045139614,149.70014586672022,1.874423545690292,2.446478e-06,2.4550047e-06,46478.72223217348,772.2151333820295,45896.5554089823,533.0361320869233,False,47017.25081996042,646.4357633761605,False,48583.19607615369,854.6019430357674,False,49092.31232455455,1197.1911445988171,False,49829.58097177165,1637.3874894901169,False,0.2120156711563164,26.19223912809477,47525.91537963733,499.1219352068923,0.0,0.0032925041913854,False,17547.2734375,241.2558135986328,False,18131.698709487915,318.94535969553385,False,18596.861095428467,611.0881750880076,False,False,0.0791262119740011,9.775186211567023,False,False,2.7084268809658085,0.0014052003864345576,2.7084268809658085,30.318207211269765,2025052000166,53,R12_S22
COSMOS 1017371,149.70010121907,1.87452371044,2025052000167,60816.05427404967,60816.054054135966,u,1.48601495798285,47.762846564599,305.871657677978,23.482267379760746,38.0010876655579,42.4330823048222,150.236100701932,2.22630571402623,-1,u,20250520,u_24,0.3768219410787351,149.70014347840606,1.8744279375510824,745284188119237041,0,694.8334273037908,3684.205743739493,0.035689548,0.042176295,149.70014347840606,1.8744279375510824,2.156031e-06,2.1897627e-06,45653.55805902108,831.7043686049484,44393.229196803615,564.8695263871198,False,46162.02054683055,691.25100845083,False,47282.46444352948,918.2788034318488,False,49090.15171505736,1294.8423511727085,False,54108.46868825893,1778.582981931511,False,1.8626382065926603,27.33308669564027,47463.3847000645,522.5045952387406,0.0,0.000632038099404,False,16946.611328125,253.7662353515625,False,17357.939233779907,337.11076309643244,False,19863.84429359436,652.9383712533429,False,False,0.6837960158182216,10.034292068282598,False,False,2.7574084710413422,0.0014295946696472883,2.7574084710413422,30.29874723636848,2025052000167,50,R12_S12
COSMOS 1017371,149.70010121907,1.87452371044,2025052000168,60816.05492018438,60816.05470027109,u,1.49194238254871,47.970220946191,305.631670440686,23.479372024536133,38.0010168552399,59.88388764134389,150.196869096238,2.24912266484136,-1,u,20250520,u_24,0.3903581888135204,149.70014472431333,1.8744243776782723,745284188252930529,0,760.9199524582999,3758.981576249403,0.038432546,0.038051117,149.70014472431333,1.8744243776782723,2.121847e-06,2.1325234e-06,47885.25980156592,848.7571166291573,45843.03964252932,582.4486190679053,False,46634.37404292142,709.1681767033697,False,46297.52043882833,936.5692006059386,False,45167.81480469234,1324.2552771727142,False,44255.463561800905,1822.676461463016,False,-0.9211192171354358,29.77678313491128,47340.80423437379,532.2389049033702,0.0,0.0001859197108732,False,16513.025390625,251.11331176757807,False,16393.747020721436,331.6350075900874,False,15670.663721084597,645.4016657183336,False,False,-0.3261642368427769,10.54382708140069,False,False,2.8548192005051267,0.0013646200701293203,2.8548192005051267,30.26105347748517,2025052000168,49,R12_S11
COSMOS 1017371,149.70010121907,1.87452371044,2025052000169,60816.055508450416,60816.0552885364,u,1.49393550316315,48.0397324065042,305.404435166036,23.315717697143555,38.0011422634125,58.86941147610731,150.239810408224,2.17981870537582,-1,u,20250520,u_24,0.3945197573946695,149.70014564263352,1.8744235187822929,745284188387148123,0,2416.874032941825,3726.9345096504326,0.04632208,0.044059474,149.70014564263352,1.8744235187822929,2.4850845e-06,2.543922e-06,47360.676546187584,969.1250181953496,45343.207550860905,652.437125879657,False,47599.37001169325,804.6449298147804,False,48083.64270473122,1072.0741107790366,False,48241.97255237776,1516.6394447555388,False,50523.89724723806,2086.875787411152,False,0.1672893282366702,32.5535253089182,47701.689759865534,587.4677004173867,0.0,0.0001711491682808,False,14504.8349609375,245.1974029541016,False,14652.406147003174,326.6904170984549,False,15396.01870727539,635.9283510042081,False,False,0.0509776515151967,9.919952971784372,False,False,3.2586950260854652,0.0019278542657594738,3.2586950260854652,30.11739070568417,2025052000169,49,R12_S11
COSMOS 1017371,149.70010121907,1.87452371044,2025052000170,60816.05607819252,60816.05585827947,u,1.49789256385397,48.175732467205,305.23359790224,23.188051223754883,38.0009756088257,57.88691440221951,150.259083761471,2.1864751419888,-1,u,20250520,u_24,0.3759016658529064,149.70014233881187,1.874427721311284,745284188521365802,0,2707.9816487507915,3385.078889053957,0.05029344,0.04627164,149.70014233881187,1.874427721311284,2.639069e-06,2.7362332e-06,46525.99725464,1129.475159732574,45408.52429270021,752.1600245387115,False,45521.91329973382,933.7919873483902,False,46568.98524949647,1258.935207509345,False,44482.48996388778,1798.5095504469543,False,40056.68652516604,2487.351305304397,False,-2.220118964613321,39.11716888364349,47272.8729265416,638.5218182630298,0.0,0.0146019857718162,False,11658.609375,239.1533050537109,False,11926.77479171753,322.42567917003265,False,10258.911087036133,637.0351144074144,False,False,-0.5685942856581888,10.018291385678005,False,False,3.86969427172688,0.0026670838870878886,3.86969427172688,29.930808363516594,2025052000170,49,R12_S11
COSMOS 1017371,149.70010121907,1.87452371044,2025052000171,60816.05664611027,60816.0564261964,u,1.50007083381794,48.250530887305,304.835440342025,23.153400421142575,38.0011184215546,56.7483558579355,150.201233420131,2.02914318696746,-1,u,20250520,u_24,0.3743567761410478,149.70013883202543,1.874426755388404,745284188657680534,0,499.8554499204716,1587.2403667972842,0.055427186,0.048125986,149.70013883202543,1.874426755388404,2.8061836e-06,2.966734e-06,47440.19335641874,1099.3711058943857,47042.054019288094,729.898458722236,False,48839.71306872129,905.5774105543986,False,52091.74472458058,1222.4124175361362,False,53726.16660089442,1732.07199795714,False,58420.44105467014,2386.194925039616,False,1.6099995120471189,37.06943635661799,47597.24893785658,624.6787687426491,0.0,0.0111145159797865,False,12533.1455078125,232.38739013671875,False,13367.675102233889,313.69293013617545,False,14991.731981277466,612.3403747979522,False,False,0.4131547235668877,9.512681597788347,False,False,3.9369395406131065,0.0020501522266285484,3.9369395406131065,29.912103136493894,2025052000171,53,R12_S22
COSMOS 1017371,149.70010121907,1.87452371044,2025052000172,60816.0572147728,60816.05699485973,u,1.51083395529021,48.6157014936247,304.573597091808,23.031139373779297,38.0009768009186,55.6927783030522,150.008515940756,2.14654424309668,-1,u,20250520,u_24,0.3931019004776254,149.70014355468817,1.8744230468662704,745284188791374084,0,1220.1205839138763,3314.1891511548733,0.05777001,0.053585444,149.70014355468817,1.8744230468662704,3.0569154e-06,3.1419831e-06,46784.88163900679,1229.495354498316,46004.62001807586,808.2405203221203,False,47946.20303102405,1009.0198960693036,False,49357.87368588752,1364.7540102483554,False,50601.8015723152,1945.556206442598,False,51468.90674849662,2687.6447902103405,False,0.8249047413082404,42.453904613562,48045.5088308663,701.3048165877974,0.0,0.0016491479318505,False,11220.3193359375,236.1297607421875,False,11550.676998138428,319.3782790282571,False,12044.698705673218,628.9597695195152,False,False,0.1930433284408024,9.935017513553085,False,False,4.320814283438382,0.0029896395775460974,4.320814283438382,29.81108600016224,2025052000172,52,R12_S21
COSMOS 1017371,149.70010121907,1.87452371044,2025052000173,60816.05777928564,60816.0575593718,u,1.50971449071665,48.5780417252718,304.608280494205,22.82480239868164,38.0011119842529,54.8565121027686,150.257783901357,2.13890135150184,-1,u,20250520,u_24,0.3943199239420777,149.70014432627448,1.87442300640038,745284188924018939,0,4032.7129756548047,3935.157103664807,0.04581078,0.041392058,149.70014432627448,1.87442300640038,2.3868538e-06,2.4698218e-06,46825.976500082565,1591.6497410941306,45719.05904233281,1024.7639860752815,False,46855.104872822776,1295.8101307108857,False,47417.96812808227,1774.7388721822365,False,50762.7589883596,2550.0654195721,False,47394.04595872809,3525.272962223006,False,-0.5369423428785196,56.46631631166932,48522.78771674445,817.9231641955729,0.0,0.0006549946364515,False,8464.41015625,234.08908081054688,False,8566.091829299927,320.6079204211583,False,8561.77027130127,636.8432286297488,False,False,-0.0969990406107868,10.20068277665397,False,False,5.467306036678895,0.0032094699412431905,5.467306036678895,29.555566538647287,2025052000173,49,R12_S11
COSMOS 1017371,149.70010121907,1.87452371044,2025052000174,60816.05843995678,60816.05822004333,u,1.52134463764256,48.9650233982704,304.30592578546,22.965246200561523,38.0010452270508,53.7917551192222,150.059827989386,2.24823998607329,-1,u,20250520,u_24,0.3918608909081632,149.70014438284187,1.874423774167372,745284189059809408,0,541.4554971120672,1436.988917285138,0.057181843,0.047999892,149.70014438284187,1.874423774167372,2.8586264e-06,3.0131407e-06,47144.36978417348,1341.3761201295306,45230.18159494088,873.9159442627167,False,47364.0556092077,1098.6470149366871,False,48529.70519522782,1494.975196372682,False,51996.57272452169,2138.296600576617,False,51802.109648473794,2954.9740227333896,False,1.2985961772548218,46.65259631881015,47267.66868304667,723.6943443598356,0.0,5.3248121278270943e-05,False,10196.5224609375,236.51646423339844,False,10447.463222503662,321.83789948500765,False,11151.945663452148,636.1460944748659,False,False,0.27956147164248,10.043359676600868,False,False,4.684158490617041,0.002755996481878958,4.684158490617041,29.723421047003065,2025052000174,52,R12_S21
COSMOS 1017371,149.70010121907,1.87452371044,2025052000175,60816.05900968805,60816.05878977405,u,1.52894598704622,49.2133363935282,304.11510711384,22.81910896301269,38.0011391639709,52.7867120351784,149.98657707118,2.3187655361244,-1,u,20250520,u_24,0.3813361550712558,149.70014423069622,1.874426899039664,745284189193502840,0,3110.4043858365426,1683.734354090761,0.058895223,0.052923214,149.70014423069622,1.874426899039664,3.070296e-06,3.158623e-06,49594.00694843839,1453.4427123003625,47478.66680850422,942.2572106390764,False,50059.08958239316,1189.8149449132957,False,50691.31159614171,1622.7666869640386,False,53918.00506347392,2324.344337827401,False,56843.10066125509,3215.75555928157,False,1.8302943202554125,52.85831713954005,49562.51621672695,774.5613042745579,0.0,0.0116965144859697,False,9414.720703125,223.77105712890625,False,9533.624057769775,305.1972229530012,False,10690.604265674949,604.7940682246452,False,False,0.3442273915381291,9.941177453634864,False,False,5.377029977479425,0.004646772981803328,5.377029977479425,29.573643855702493,2025052000175,51,R12_S20
COSMOS 1017371,149.70010121907,1.87452371044,2025052000176,60816.05965395541,60816.059434042,u,1.52287889298156,49.0150110301635,303.817169673772,23.15301322937012,38.0010375976562,51.7453764659086,150.204832391993,2.01907384340234,-1,u,20250520,u_24,0.4045746793980435,149.70014885765465,1.874421913215947,745284189328769237,0,1460.9929446382234,1879.5741267199253,0.051373173,0.047580663,149.70014885765465,1.874421913215947,2.7299775e-06,2.7785832e-06,47594.37108979376,999.21711686126,47164.137584712094,668.8236126721658,False,49131.947112124624,825.4631491327787,False,51679.34381099224,1107.0634572117,False,56962.09790395943,1567.8421623246488,False,61155.07644084786,2155.952289415971,False,2.6752374628981435,33.641437471610686,48683.937654747904,597.8067611627889,0.0,0.0003613752690549,False,13947.365234375,234.32891845703125,False,14670.50922203064,314.26839933952203,False,17360.439331054688,612.022437045874,False,False,0.7594348723565096,9.549986169999627,False,False,3.5931699227738294,0.0020229188045146696,3.5931699227738294,30.011305610774862,2025052000176,53,R12_S22
COSMOS 1017371,149.70010121907,1.87452371044,2025052000177,60816.06343342403,60816.063259806506,r,1.5594039765794,50.1758964491342,302.77585025761,23.796560287475582,30.0011086463928,57.824829579651805,150.196682634826,2.24901145319972,-1,r,20250520,r_57,0.3996560682965756,149.7001449277233,1.8744216513616625,745284189460891383,0,1186.9260158228258,3693.788003451872,0.008974209,0.011044255,149.7001449277233,1.8744216513616625,5.8345034e-07,5.3409605e-07,139518.7490822119,653.7899991388422,135501.32194401458,439.4262771286899,False,138998.16963189415,541.363377609473,False,140603.2322637432,724.5515818493598,False,140775.6941875062,1026.696113416118,False,138125.32424140733,1412.5455832406767,False,-0.5951150616434451,22.00067339006934,138988.40887316206,382.5221011490041,0.0,0.0005097444936646,False,278248.1875,1083.7076416015625,False,281461.2209472656,1450.415965431407,False,276500.9152264595,2827.6505319366674,False,False,-1.1913084013607298,44.041209397059696,False,False,0.49970975898387215,0.00012904559869946188,0.49970975898387215,32.153205422513906,2025052000177,49,R12_S11
COSMOS 1017371,149.70010121907,1.87452371044,2025052000178,60816.0639107544,60816.06373713748,r,1.5609097998555,50.2221711301711,302.594849281206,23.654830932617188,30.001003742218,56.8095547184819,150.23976863382,2.17981527285154,-1,r,20250520,r_57,0.4041492590137775,149.7001456662277,1.874420610011205,745284189595108877,0,2848.847609181684,3715.161895441822,0.011764661,0.01208783,149.7001456662277,1.874420610011205,6.664946e-07,6.594846e-07,140823.90214928647,671.1791991406675,134343.20298868767,446.9384666237111,False,139901.89223406313,552.768024384266,False,142683.51276389466,741.839310887172,False,142986.94583481553,1050.5865336954353,False,142669.18468782655,1446.5216115575724,False,-0.2780973662260351,22.887818398526846,140180.87384068445,405.2817387799684,0.0,9.412259240226817e-06,False,274502.65625,1084.5906982421875,False,279960.4968261719,1455.5690283910044,False,279932.383589983,2838.231980674421,False,False,-0.545657135197696,44.90837719086634,False,False,0.5114941622918875,0.00011792591112799997,0.5114941622918875,32.127898296369715,2025052000178,49,R12_S11
COSMOS 1017371,149.70010121907,1.87452371044,2025052000179,60816.06438575081,60816.0642121333,r,1.5646737722452,50.3375980522663,302.465838240014,23.472244262695312,30.0011060237885,55.8259053983568,150.25921457654,2.18668433411888,-1,r,20250520,r_57,0.4001602095748522,149.70014557264537,1.874421776953613,745284189729326232,0,3135.840943957714,3378.17093430488,0.013779631,0.014966816,149.70014557264537,1.874421776953613,8.1154786e-07,7.8735724e-07,140879.6366892319,767.6160203039924,132455.27658601664,499.3115056529345,False,139829.29197966304,624.6093195641213,False,144083.09237041004,845.6528685995222,False,144435.32587085944,1203.8435385456985,False,144676.16664755734,1661.4749754154705,False,0.1023858777422771,26.291610661376563,140053.2482492285,453.32909639124233,0.0,0.0005409750670543,False,244913.78125,1094.015625,False,252364.39709472656,1481.177790013705,False,253403.17846679688,2910.106408465805,False,False,0.1793308977643136,46.05027810029296,False,False,0.5692610772829837,0.00013010685824469038,0.5692610772829837,32.01172127417525,2025052000179,49,R12_S11
COSMOS 1017371,149.70010121907,1.87452371044,2025052000180,60816.06895572477,60816.06878211376,r,1.61244892807033,51.7372348444543,300.915786650653,23.155492782592773,29.9999823570251,51.7415302798931,150.06001485519,2.24825281231814,-1,r,20250520,r_57,0.3954006335351374,149.70014495977455,1.8744229523257288,745284189865116115,0,844.6142747497713,1395.7860125146017,0.017708486,0.015350311,149.70014495977455,1.8744229523257288,9.058503e-07,9.364827e-07,140718.42486175091,935.1109827599164,130837.6336360118,595.8075915811548,False,138239.4492378449,754.8793951441529,False,140605.43625549367,1032.706043919572,False,137347.39986646624,1479.737303900872,False,130713.44268902554,2050.373645635129,False,-4.55992475044795,32.811288329076625,139334.96445660014,524.1042853402496,0.0,1.8052785669353533e-05,False,203873.015625,1113.2823486328125,False,207362.330078125,1523.016017416311,False,192773.7985839844,3023.8536148567164,False,False,-6.724893762397862,48.389488927151504,False,False,0.683381579699045,0.00014316036582748452,0.683381579699045,31.813341829071682,2025052000180,52,R12_S21
COSMOS 1017371,149.70010121907,1.87452371044,2025052000181,60816.06946238576,60816.0692887682,r,1.60802471149185,51.6121742138133,300.666321607585,23.209247589111328,30.0011134147644,49.6919985547839,150.205015050767,2.0191873496745,-1,r,20250520,r_57,0.3949437378498681,149.70014609020222,1.8744235891512584,745284189999858306,0,1775.6981617188687,2032.380128984485,0.016009618,0.015126462,149.70014609020222,1.8744235891512584,8.618148e-07,8.6977394e-07,139403.63132536353,1007.9293726113624,132336.18655465744,642.2292715206104,False,137089.27302021917,815.4576251433383,False,139228.6781535796,1120.2768477277634,False,135673.145348584,1611.2080289789692,False,128277.49801454284,2234.6182416830693,False,-3.894819280958944,35.41780158099542,139036.01179709562,532.3154214469213,0.0,0.0001121791488546,False,189044.125,1124.5042724609375,False,191994.3337402344,1544.845572309788,False,176892.81469726562,3081.5062397019847,False,False,-5.37089946412815,48.84063619124583,False,False,0.7277812600957017,0.000216368305332706,0.7277812600957017,31.74499782853085,2025052000181,53,R12_S22
COSMOS 1017371,149.70010121907,1.87452371044,2025052000182,60816.06997807289,60816.06980446173,r,1.6188225278535,51.9163267469739,300.525352548066,23.47646141052246,30.0000081062317,48.6954543255891,150.090385715735,2.13980424046516,-1,r,20250520,r_57,0.3948398685419207,149.70014477294157,1.874423041195408,745284190133552063,0,3161.88385092515,2215.370386873421,0.013660888,0.012472828,149.70014477294157,1.874423041195408,7.2286895e-07,7.314997e-07,140813.2592973095,774.8633840773784,132659.24414504244,504.9384455600952,False,138327.5787990436,631.7865789187442,False,139841.71337201292,856.0640661157156,False,135903.26111903312,1220.0834646869,False,126348.71435835656,1683.2884362625286,False,-4.517010820007136,25.847429554925355,139158.42679843027,446.8951698962639,0.0,5.611242605452205e-06,False,241764.984375,1104.218505859375,False,244411.3454589844,1496.2042809202694,False,220828.6678466797,2942.0033663919094,False,False,-7.894702269799878,45.17539782546709,False,False,0.5760469365433382,0.00012279846742683492,0.5760469365433382,31.998855321601305,2025052000182,52,R12_S21
COSMOS 1017371,149.70010121907,1.87452371044,2025052000183,60816.07048924177,60816.070315624456,r,1.62493212171817,52.0853630527746,300.348078143763,23.46915626525879,30.0010724067688,47.6797323902914,150.055379454887,2.14860312445911,-1,r,20250520,r_57,0.3975195371511832,149.7001441795246,1.874421978376298,745284190267769952,0,2770.4141126291624,2584.964078253872,0.013491184,0.01310206,149.7001441795246,1.874421978376298,7.3826476e-07,7.403369e-07,138440.71671183693,771.6009569380644,131563.04388963815,503.5791275241265,False,137005.6843772537,630.1082637019457,False,139097.37366400086,854.5312255953727,False,136725.41913950787,1216.4724154887258,False,127301.26156271176,1679.8738489429848,False,-4.044963920665803,26.08192561976353,139768.51055863718,451.0486693556893,0.0,4.2564331170780185e-08,False,240472.359375,1105.9659423828125,False,244143.69213867188,1499.8730958687595,False,223439.1577148437,2948.514360873845,False,False,-7.099720146726615,45.77899245083512,False,False,0.5699154859541922,0.0001327034030317554,0.5699154859541922,32.01047385513921,2025052000183,52,R12_S21
COSMOS 1017371,149.70010121907,1.87452371044,2025052000184,60816.070964540704,60816.07079092944,r,1.62874254034077,52.1904544157117,300.049516043274,23.520008087158203,30.0000252723694,46.576615460575,149.991665124276,2.04214533441073,-1,r,20250520,r_57,0.4003514472889964,149.70014477438266,1.8744213759526644,745284190422434021,0,3512.7978540577083,479.9366405371231,0.011978106,0.012998822,149.70014477438266,1.8744213759526644,6.965675e-07,6.9327064e-07,139400.85478340765,751.9201341625834,132052.24369126576,491.9598261528021,False,138461.27442727634,614.7717481909743,False,141422.21859822326,830.7366998344397,False,139799.38461099175,1183.9837632679382,False,133692.98604910323,1633.3242759613552,False,-2.574989608410376,25.81570335547726,139348.1659185207,438.8397731077992,0.0,0.0003104495056428,False,249291.953125,1106.8629150390625,False,254622.97119140625,1495.6960008563033,False,240706.91064453125,2940.7110437564406,False,False,-4.636127981722122,46.47976221078856,False,False,0.5539565813076391,9.74275458064975e-05,0.5539565813076391,32.041310684015855,2025052000184,91,R22_S01
COSMOS 1017371,149.70010121907,1.87452371044,2025052000185,60816.071474644064,60816.071301026655,r,1.63215395305189,52.2832275239194,299.892752722828,23.467018127441406,30.001088142395,45.5775879708113,150.023908098551,2.01099069645791,-1,r,20250520,r_57,0.4033357864736387,149.70014362530762,1.8744199988908656,745284190557175994,0,199.50217780462293,493.1828253065859,0.012993675,0.013596051,149.70014362530762,1.8744199988908656,7.396272e-07,7.390392e-07,139776.65008775366,757.5261345137443,133340.4259283121,494.9053363557472,False,139651.51340838964,618.4804925290225,False,143048.66907632508,836.9966118445961,False,146212.71109091677,1192.7946733701908,False,145103.2191797758,1647.2654971995532,False,0.5270421564536487,25.66745515066049,140419.58852152756,443.6932422373986,0.0,1.2196996008406735e-05,False,250080.5625,1107.542236328125,False,256164.0096435547,1498.8493743607075,False,259843.1895751953,2949.8361462208,False,False,0.9437992881731516,45.96392452439457,False,False,0.5630486374862816,0.00010696258644708288,0.5630486374862816,32.02363522033365,2025052000185,92,R22_S02
COSMOS 1017371,149.70010121907,1.87452371044,2025052000186,60816.07198260975,60816.071808992645,r,1.63615130481531,52.3921733718981,300.139268136627,23.115184783935547,30.0010349750519,44.8518721722365,150.254862796817,2.22963930759081,-1,r,20250520,r_57,0.4008174765000399,149.70014543041492,1.8744215163089883,745284190669374298,0,437.59693955909495,3284.6530673134307,0.017583696,0.015036587,149.70014543041492,1.8744215163089883,9.098852e-07,9.0883054e-07,139205.88732776177,1137.5694086920598,133649.05160120636,718.2576724533842,False,139307.95231033364,917.8231973435396,False,142249.00076095658,1269.7464752434987,False,145168.47404967516,1830.5023300897244,False,150593.16536605114,2540.613999688045,False,2.647741110531185,40.03199953494285,139796.31605042666,582.9487400235747,0.0,0.0007512496233467,False,174636.5,1150.58349609375,False,178323.3994140625,1591.7546460656192,False,188783.64721679688,3184.914639819952,False,False,3.3192092251791707,50.18412926786996,False,False,0.8102725466940326,0.00022041845924979076,0.8102725466940326,31.6284221885562,2025052000186,50,R12_S12
COSMOS 1017371,149.70010121907,1.87452371044,2025052000187,60816.07249273192,60816.07231911454,r,1.64381542463883,52.5987588918153,299.982319713333,22.71587562561035,30.0010843276978,43.8457699167009,150.201208714405,2.27355584283408,-1,r,20250520,r_57,0.4065037727071097,149.7001444235609,1.874419375501372,745284190803067619,0,3602.1610499585577,3432.398541473239,0.022081502,0.020165248,149.7001444235609,1.874419375501372,1.1776343e-06,1.1731279e-06,141348.96785510742,1470.150177109938,134102.74477532518,912.2507271579904,False,141140.15140059497,1178.2853803115092,False,143336.7870285175,1639.4313509118704,False,146974.61386527403,2376.16949555067,False,143721.21542040713,3305.4286778373016,False,-1.2885942060039048,51.33399707097845,141875.25509264536,728.3071873764285,0.0,5.359998817566769e-06,False,140587.671875,1173.673095703125,False,142775.708984375,1633.0139548271338,False,143158.63256835938,3292.489895714018,False,False,-1.2835501281242034,51.13305508482335,False,False,1.0410976718104463,0.0003437136718087711,1.0410976718104463,31.356271311818062,2025052000187,49,R12_S11
COSMOS 1017371,149.70010121907,1.87452371044,2025052000188,60816.07296889353,60816.07279527676,r,1.65108722065201,52.792218633282,299.880647032961,22.874549865722656,30.0009791851044,42.8704561031511,150.174514407801,2.34125740518358,-1,r,20250520,r_57,0.3907293488776857,149.7001449380596,1.8744243588263765,745284190937285389,0,2607.849707049847,2887.815237226513,0.019286701,0.016744165,149.7001449380596,1.8744243588263765,1.009274e-06,9.984819e-07,137475.2346580599,1239.847412110469,131275.61919851814,779.1164242477524,False,136221.88380561033,999.4779055592584,False,137936.7530603785,1385.0042615936438,False,135059.67762865333,1999.6019210570705,False,132556.96432198814,2779.0384523827693,False,-1.9635689892456047,43.48407504876183,136258.98682503152,614.6870416904046,0.0,0.0002632651458711,False,156872.875,1150.9969482421875,False,158847.71533203125,1594.9684025328293,False,152652.3603515625,3200.335655194343,False,False,-2.2612424964212385,50.07618217458603,False,False,0.8812061895148068,0.00025478299255602706,0.8812061895148068,31.537306152660737,2025052000188,49,R12_S11
COSMOS 1017371,149.70010121907,1.87452371044,2025052000190,60816.07401194263,60816.07383832567,r,1.65262871749837,52.8334452943336,299.291970929531,22.26100730895996,30.0010104179382,40.6961275166077,150.210728075231,2.0157783136063,-1,r,20250520,r_57,0.4034548496999139,149.70014733220583,1.874421555086904,745284191207817917,0,3146.2809400881256,2713.1675434159265,0.029625246,0.030170001,149.70014733220583,1.874421555086904,1.6596623e-06,1.6643388e-06,141402.7612777576,2335.4519799558648,130547.0822259548,1420.0347724254548,False,133973.0327296605,1857.1454055694733,False,128538.73791225308,2610.6487688176244,False,117487.21358695472,3804.619524456408,False,88320.53205595916,5305.539867105019,False,-14.631507265984736,82.63642408119303,138091.0999363224,1045.2958629432314,0.0,0.0004938590169129,False,86545.6640625,1199.7032470703125,False,83035.14672851562,1686.4612730472886,False,57054.46044921875,3427.3425155286127,False,False,-9.45185375571181,53.38256552188852,False,False,1.5483628837578778,0.0004943763779750619,1.5483628837578778,30.92531811955866,2025052000190,53,R12_S22
COSMOS 1017371,149.70010121907,1.87452371044,2025052000191,60816.07457877447,60816.074405157146,r,1.67299824767689,53.3630505014453,299.179001530895,21.86898231506348,30.0010731220245,39.7099756693844,149.955819081139,2.29529546777667,-1,r,20250520,r_57,0.3972896163204221,149.7001433137714,1.8744216865691872,745284191341510956,0,775.6627605072051,1868.266108215936,0.042239398,0.043840755,149.7001433137714,1.8744216865691872,2.3850632e-06,2.4012206e-06,140371.61857408876,3783.213263235524,131302.0499791068,2276.6746743585345,False,133658.38478560388,3003.604139008301,False,132359.65069587537,4249.988770547834,False,113522.31476484418,6217.535036497908,False,78514.48858444049,8686.329616775827,False,-17.513401012316606,136.2446047267719,140746.93055139977,1587.3956884619172,0.0,0.0044510931878043,False,56093.953125,1260.55712890625,False,55548.8984375,1783.6417165993173,False,32951.079345703125,3645.491954233188,False,False,-7.350050631092374,57.17934182233854,False,False,2.3700521615076435,0.0007608807865415728,2.3700521615076435,30.463105239188188,2025052000191,52,R12_S21
COSMOS 1017371,149.70010121907,1.87452371044,2025052000192,60816.07505704211,60816.07488343079,r,1.67677447836771,53.459711603835,298.908687620115,21.88719940185547,30.0000360012054,38.6234348565436,149.912800320244,2.19447200634403,-1,r,20250520,r_57,0.3717228822044407,149.70014522696823,1.874430290676924,745284191475729102,0,1466.6208411130594,3736.749644090422,0.034063037,0.032491,149.70014522696823,1.874430290676924,1.8603424e-06,1.84098e-06,135238.54957257552,2899.440300768473,122705.37049919502,1744.0786913205168,False,125771.52287087616,2294.584440977422,False,119774.2087797684,3238.836324654037,False,101382.08620071477,4731.288654164118,False,75093.26778750971,6607.744096282686,False,-16.966011340182643,105.86302561749471,135240.37373536645,1280.1426378384774,0.0,0.0209546161130896,False,68196.2421875,1244.177001953125,False,64944.359130859375,1756.1723143683555,False,40717.314697265625,3582.872389688337,False,False,-9.199365578954025,57.40139237340774,False,False,1.8687182421723507,0.0007136276454889774,1.8687182421723507,30.721140437155157,2025052000192,52,R12_S21
COSMOS 1017371,149.70010121907,1.87452371044,2025052000193,60816.075679726535,60816.075506109206,r,1.67541774685137,53.4248657752033,299.087208603691,21.89124298095703,30.0010750293732,37.8864723642618,150.257490533374,2.28045884672923,-1,r,20250520,r_57,0.4187762785780082,149.70014702867496,1.8744167729033152,745284191608898021,0,1265.6632323613385,2917.1461254101805,0.036909178,0.027956286,149.70014702867496,1.8744167729033152,1.8803123e-06,1.7575488e-06,143426.66750830115,3051.830396151852,132061.8783287827,1848.0298114404368,False,135359.1072946825,2430.541810638965,False,132880.02502994533,3429.642873300781,False,116958.79507376268,5019.72276078396,False,113075.46003129389,7007.104024388968,False,-8.499031536054433,111.15947851278716,138628.5719966308,1210.019936056677,0.0,0.0038536825488936,False,70636.3984375,1268.36474609375,False,69342.703125,1789.7400872288647,False,59007.80086326599,3656.6183218260094,False,False,-4.4351724085077695,58.00795654805867,False,False,1.8922603860295768,0.0009957850839718695,1.8922603860295768,30.707547755941626,2025052000193,50,R12_S12
COSMOS 1017371,149.70010121907,1.87452371044,2025052000194,60816.07618805147,60816.07601443457,r,1.67546668893858,53.4258995663128,298.69328368629,23.163698196411133,30.0009999275208,36.7272799378442,150.233744188132,2.0416465384689,-1,r,20250520,r_57,0.3989817972807809,149.7001451356442,1.8744219445073431,745284191744688926,0,3717.778165933151,2462.334847660823,0.016320594,0.013100114,149.7001451356442,1.8744219445073431,8.479555e-07,7.965806e-07,140960.29560370074,1017.835414876531,135556.22876400064,651.8452773898098,False,139530.32787570605,827.6239932870332,False,141146.263670125,1137.4325295780632,False,140780.08342932092,1636.0609841343407,False,137797.80937754366,2270.163596658453,False,-1.0415170307915531,34.73554538279801,141635.23900637444,525.9055714633647,0.0,0.0006941149262508,False,193942.296875,1150.3685302734375,False,196188.39135742188,1580.9916072383824,False,191534.15649414065,3155.4483453242847,False,False,-1.447672403995789,48.28119848429446,False,False,0.7333872853860305,0.00017242968492596467,0.7333872853860305,31.73666655900423,2025052000194,53,R12_S22
COSMOS 1017371,149.70010121907,1.87452371044,2025052000195,60816.07666423876,60816.07649062706,r,1.68675253083461,53.7115566545611,298.623481174047,23.19856834411621,30.0001013278961,35.7646849809548,150.151759783607,2.18525145139124,-1,r,20250520,r_57,0.3973486160860704,149.70014453452785,1.874422180472392,745284191878906303,0,1148.1703051065838,1323.274881297282,0.014896503,0.014139478,149.70014453452785,1.874422180472392,8.140839e-07,8.0056213e-07,139098.80984560034,1075.9056754011508,134419.10836971665,685.3519069132581,False,138071.7648747701,872.845327929843,False,140472.3040823541,1203.3082745804886,False,138006.5109917934,1732.945683334773,False,132692.33657713202,2404.3085799358537,False,-2.5826910980891697,36.88856085625626,139237.50265154682,534.5860439734828,0.0,9.844055634555816e-05,False,182954.96875,1156.58251953125,False,186135.85498046875,1594.4695714736824,False,175826.84130859375,3185.8809185678806,False,False,-3.422250520013092,48.87998284667451,False,False,0.7535568446248883,0.00018985567240092558,0.7535568446248883,31.707209952680778,2025052000195,53,R12_S22
COSMOS 1017371,149.70010121907,1.87452371044,2025052000196,60816.07717479927,60816.07700118795,r,1.69126997888453,53.8242178344338,298.653691121607,23.004314422607425,30.000036239624,34.8911221763299,150.266222684165,2.27735579128348,-1,r,20250520,r_57,0.4054429162655921,149.70014546417576,1.87442013238944,745284192011551473,0,2043.0612546429315,3063.277214523311,0.017568015,0.015047671,149.70014546417576,1.87442013238944,9.331722e-07,8.8458876e-07,139660.5428316199,1338.6100943055371,134351.43930258608,838.3984347061263,False,140511.9626983312,1079.3008946032455,False,143500.606851982,1497.1979890015512,False,144752.20464365705,2168.075022931543,False,145120.28117665942,3013.834140766371,False,0.9250515101410396,46.76503137744088,139017.08383888824,625.2944985207528,0.0,2.814707448450804e-06,False,153995.140625,1182.867919921875,False,157270.56762695312,1640.8653785212507,False,159045.66186523438,3303.0341574842687,False,False,1.013817148760316,51.252487297204894,False,False,0.9234306741723635,0.0003169426804725944,0.9234306741723635,31.486489258286817,2025052000196,50,R12_S12
COSMOS 1017371,149.70010121907,1.87452371044,2025052000197,60816.07764777465,60816.07747415736,r,1.69548242205052,53.9288841238982,298.237729713659,22.730731964111328,30.0010666847229,33.6996623943838,150.138938529774,2.08975792585801,-1,r,20250520,r_57,0.4046018843515149,149.70014636283082,1.874420775502554,745284192147341934,0,2246.487785898323,3001.625765740156,0.020874314,0.02454198,149.70014636283082,1.874420775502554,1.2263923e-06,1.3054895e-06,137685.554902772,1829.218045103123,134763.63793091016,1128.824245730305,False,137314.96320752052,1467.4456147052977,False,139339.752188045,2058.7644026276844,False,137394.06569860273,2994.7989557339265,False,131402.35431926226,4170.043053853222,False,-2.47764398544682,67.03742024512401,137563.9054749316,799.9432692015985,0.0,0.0030682844554489,False,113883.625,1217.0416259765625,False,115562.9052734375,1707.4581510673945,False,108979.93994140624,3458.4695526675546,False,False,-2.0548603876163547,55.59819738381567,False,False,1.218674814670669,0.00040585623113036367,1.218674814670669,31.185280409937857,2025052000197,53,R12_S22
COSMOS 1017371,149.70010121907,1.87452371044,2025052000199,60816.07863047651,60816.07845685929,r,1.70600328515172,54.1867673333571,297.927096963053,23.16435813903809,30.0010552406311,31.6820360543652,150.133795321665,2.06472329498306,-1,r,20250520,r_57,0.3963058945577989,149.7001451971255,1.874422781253218,745284192415777825,0,2668.1687883533377,3605.555538997064,0.016841127,0.015663138,149.7001451971255,1.874422781253218,9.1880645e-07,8.893106e-07,141507.09765254307,1082.0975729904274,135381.66808245893,686.744422774085,False,141273.16176699536,875.2759613257392,False,144242.27110651342,1205.305349191634,False,146563.63315513197,1735.1106529626425,False,144178.79443231458,2408.700255276472,False,-0.414750008121113,37.89422593305467,142740.103453888,566.4112094529299,0.0,0.0006231734719633,False,185552.734375,1149.61572265625,False,189452.4584960937,1583.086982000081,False,189369.08618164065,3163.664726308444,False,False,-0.5447460588151509,49.77150048145253,False,False,0.7636816091498584,0.00020645255573017096,0.7636816091498584,31.692719169692612,2025052000199,53,R12_S22
COSMOS 1017371,149.70010121907,1.87452371044,2025052000200,60816.07913864023,60816.078965023335,r,1.71984040233404,54.520746491014,297.893904948922,23.031700134277344,30.0009994506836,30.7458512446106,150.043947681435,2.2599469838467,-1,r,20250520,r_57,0.4006115277514472,149.7001442619687,1.8744210812646709,745284192549470596,0,3821.622249291992,1495.2247268753656,0.016123597,0.015317117,149.7001442619687,1.8744210812646709,8.84885e-07,8.634765e-07,141427.19122512155,1329.187262732271,134889.9912326396,834.0729557617261,False,140056.94404647054,1072.6588505185046,False,141344.1669623395,1488.1456838817926,False,144039.2451711387,2153.308071255202,False,142397.23769306793,2995.176712446448,False,0.3357726836363544,47.29184475519782,141190.5675343861,634.306436367412,0.0,0.0017179286878177,False,152676.203125,1169.306396484375,False,154079.40600585938,1622.2289744987063,False,155227.359375,3265.0448805524074,False,False,0.3660261103061122,51.55288333011792,False,False,0.926266920930199,0.00024569387668980225,0.926266920930199,31.483159613254905,2025052000200,52,R12_S21
COSMOS 1017371,149.70010121907,1.87452371044,2025052000202,60816.080120364175,60816.07994674738,r,1.7241295740071,54.6228893247384,297.733878917081,21.13081741333008,30.0009832382202,28.8439217093553,150.236159625484,2.2262263324032,-1,r,20250520,r_57,0.3777703134309429,149.7001428500808,1.874427376027744,745284192818429987,0,3210.5688006745304,415.7143248250837,0.0873108,0.079955585,149.7001428500808,1.874427376027744,4.762058e-06,4.54246e-06,143219.113086374,7228.564777141728,131617.12044792733,4300.977190763572,False,140540.7439486319,5714.758883530436,False,142770.60649410624,8138.541133472596,False,138878.08967791058,11932.859491352254,False,137251.67002347446,16678.427220634683,False,-2.291290280137168,261.3925572312332,139476.20047513672,2795.1811105718834,0.0,0.0018510289193568,False,32130.337890625,1306.504638671875,False,32640.127685546875,1860.6282363981345,False,31378.391845703125,3813.011707687112,False,False,-0.5238333655983801,59.75940463929651,False,False,4.31950872231014,0.0032962885996369435,4.31950872231014,29.811414111737307,2025052000202,53,R12_S22
COSMOS 1017371,149.70010121907,1.87452371044,2025052000203,60816.08070072743,60816.0805271098,r,1.73281052247459,54.8277730295459,297.559576952388,21.577810287475582,30.0011260509491,54.5886572833049,150.196490035111,2.24904218453496,-1,r,20250520,r_57,0.4043650554411533,149.7001448961398,1.8744202167119304,745284192950550919,0,1785.456641849858,3680.055324274052,0.046342276,0.03915853,149.7001448961398,1.8744202167119304,2.3189186e-06,2.4492365e-06,151662.97916715202,4146.938445878753,138726.3410901677,2491.7919061066536,False,149352.5450579498,3293.091084773096,False,153044.94310499183,4661.643781421747,False,153227.59039337584,6816.037215190825,False,139504.20809402195,9523.521350824078,False,-5.446541455866573,152.6334340749509,140573.78257058238,1613.196952249349,0.0,0.0006045598054333,False,58331.921875,1286.1671142578125,False,59774.04443359375,1820.6763116186944,False,54485.503173828125,3719.5569931240007,False,False,-2.1272301089297483,59.61332328497261,False,False,2.507341611061651,0.0010208182849573862,2.507341611061651,30.401966229631796,2025052000203,49,R12_S11
COSMOS 1017371,149.70010121907,1.87452371044,2025052000204,60816.08120964865,60816.08103603176,r,1.73552331219644,54.8909922796707,297.38434651768,22.04424285888672,30.0009984970093,53.572949524587,150.239776443268,2.17974078252041,-1,r,20250520,r_57,0.3920966916449045,149.7001453672959,1.874424133034821,745284193084768800,0,3445.068102627957,3795.9340617383336,0.026178662,0.021554237,149.7001453672959,1.874424133034821,1.2949371e-06,1.3701449e-06,139986.53991721006,2614.9309640388856,133386.1522286647,1595.472449625791,False,138606.38656474295,2091.873629720395,False,137887.79922002985,2931.8418222484274,False,145518.69887730846,4294.347562594015,False,145586.51077603086,5997.286606727286,False,2.8832052897495064,93.6059590977959,136622.97177664394,1086.9359712364903,0.0,0.0045053895907832,False,81017.2890625,1222.7281494140625,False,80597.26513671875,1713.700806186716,False,85097.26513671875,3505.4943329103253,False,False,1.6852721016362064,54.71393659524008,False,False,1.7619520411817138,0.0007381900276174342,1.7619520411817138,30.785014792212877,2025052000204,49,R12_S11
COSMOS 1017371,149.70010121907,1.87452371044,2025052000205,60816.08170973463,60816.081536117024,r,1.74102313851121,55.0189505117688,297.264659354689,21.001296997070312,30.0011222362518,52.58628666562,150.258992656751,2.1865047849423,-1,r,20250520,r_57,0.4040417044970688,149.7001460235628,1.87442079721126,745284193218986257,0,3773.043232885426,3462.59183046528,0.12500381,0.09635455,149.7001460235628,1.87442079721126,5.995484e-06,6.40711e-06,118852.09066176917,9509.320190527062,127822.93340855085,5661.134414901846,False,122581.0153034708,7527.52829106954,False,128546.02675287698,10719.992786387227,False,138840.90689503425,15726.09962852413,False,119180.68438896172,22007.2891134771,False,-5.147084729747455,345.58988284855246,132010.16527213302,3415.3325806110506,0.0,0.0306304858889721,False,21534.3984375,1322.397216796875,False,22582.30078125,1883.2328590009,False,20937.0458984375,3866.126668355744,False,False,-0.9042132102393784,60.71144226375941,False,False,5.610155049040442,0.007567683939865881,5.610155049040442,29.52756283972404,2025052000205,49,R12_S11
COSMOS 1017371,149.70010121907,1.87452371044,2025052000206,60816.082205689534,60816.08203207257,r,1.7445586246781,55.1008667352104,296.932359406113,21.145679473876957,30.001011133194,51.4736586917915,150.201391483908,2.02906980998177,-1,r,20250520,r_57,0.4040273069685045,149.7001473031303,1.87442136757829,745284193355301055,0,1351.5603860359242,1842.149154374815,0.052049022,0.04750634,149.7001473031303,1.87442136757829,2.742022e-06,2.7977153e-06,140130.5838481501,5054.873368672953,132052.50418237987,3030.548226845108,False,140607.5383929052,4015.862720442969,False,145348.23587684467,5692.077576424468,False,149697.4719418157,8348.250235884227,False,163824.41828768712,11673.386454909232,False,4.127769701357427,184.6254716037685,137157.22182402218,1886.664591709228,0.0,0.0004771445866899,False,46327.21484375,1323.1419677734375,False,47889.17456054688,1875.4193680103133,False,53976.6865234375,3846.1343426661447,False,False,1.3600129549665474,60.83019435782986,False,False,3.0633027730726714,0.0013210844183626942,3.0633027730726714,30.184525189850827,2025052000206,53,R12_S22
COSMOS 1017371,149.70010121907,1.87452371044,2025052000207,60816.08270365432,60816.08253004251,r,1.76043092297021,55.462411452003,296.754811357205,23.09942626953125,30.0001199245453,50.4434527843159,150.008408823639,2.14657642048401,-1,r,20250520,r_57,0.3947990141994864,149.70014450537053,1.8744229383275408,745284193488995272,0,1874.932569029651,3242.610851562702,0.014487359,0.015246415,149.70014450537053,1.8744229383275408,8.3089367e-07,8.226848e-07,137230.79652063426,1101.2299461684945,133380.63188153732,699.4652540721976,False,137702.12771540548,892.2580549273395,False,141156.41419597625,1231.1427766071424,False,142009.09500878438,1775.0564819136086,False,139968.0618138758,2461.5596221720616,False,-0.2986150283608877,39.4778300404264,138674.02657383427,545.2131668916157,0.0,0.0004658835800266,False,178662.03125,1157.662841796875,False,183143.80541992188,1597.349822233641,False,181601.9741210937,3193.757783098087,False,False,-0.3874389482128813,51.22062688052257,False,False,0.7761320452417715,0.00025060459684224146,0.7761320452417715,31.675160962185277,2025052000207,52,R12_S21
COSMOS 1017371,149.70010121907,1.87452371044,2025052000209,60816.08367545653,60816.08350183888,r,1.77367513973076,55.7576165182037,296.619846242653,22.27176856994629,30.0011293888092,48.5235275260008,150.059925529869,2.24827176841002,-1,r,20250520,r_57,0.3949143602820784,149.70014648945096,1.874423777804492,745284193757430023,0,1347.6093646057511,1321.3828134570672,0.022488471,0.021688893,149.70014648945096,1.874423777804492,1.2254786e-06,1.2309991e-06,139934.4764539477,1921.262817538256,135305.20693662783,1185.7268067653176,False,139445.13173283622,1542.9836085049133,False,140191.85827303558,2167.4954918177505,False,143193.3029339227,3150.77584890349,False,144327.13544644785,4387.980396989946,False,1.560313315660364,69.56307622565966,139332.8563311796,824.5054807768076,0.0,0.0025086873199352,False,108425.875,1199.7503662109375,False,109006.49389648438,1685.3409820656702,False,112221.88793945312,3411.8840013577105,False,False,1.2132251188858711,54.088925972040734,False,False,1.3088537717572375,0.000426328988368315,1.3088537717572375,31.107772177867425,2025052000209,52,R12_S21
COSMOS 1017371,149.70010121907,1.87452371044,2025052000210,60816.08418383806,60816.08401022122,r,1.78473580320032,56.0006147537342,296.489473186998,22.44677352905273,30.0009903907776,47.5258587124414,149.986773020892,2.31879823335444,-1,r,20250520,r_57,0.3881749046357132,149.7001443066613,1.874424857163424,745284193891123487,0,3892.747529392535,1420.2672460321048,0.021791393,0.022116218,149.7001443066613,1.874424857163424,1.2214214e-06,1.2195275e-06,138791.63489093896,1807.349342034636,134444.19863548197,1118.6972542014616,False,139344.63849685635,1453.546300227258,False,143280.09634583865,2035.2326575187733,False,144123.84075705637,2958.214310641167,False,147336.63509888208,4120.228650071187,False,0.7023828278861741,65.03192537329788,139681.50523964257,820.8010784361769,0.0,9.325739367005426e-05,False,113979.9921875,1188.9599609375,False,117199.0859375,1664.763028603846,False,120517.22045898438,3370.231064587551,False,False,0.5745293833957337,53.194284516040426,False,False,1.230405686820099,0.00034816808407904347,1.230405686820099,31.174879175673738,2025052000210,51,R12_S20
COSMOS 1017371,149.70010121907,1.87452371044,2025052000211,60816.08469416469,60816.08452054708,r,1.77491584231335,55.7848895721215,296.234690989106,22.231964111328125,30.0011236667633,46.4717048208758,150.204938384326,2.01910610340561,-1,r,20250520,r_57,0.4051791314697172,149.70014387871652,1.8744195492674391,745284194026389805,0,2238.2065731402654,2259.154606724861,0.030868618,0.033746786,149.70014387871652,1.8744195492674391,1.8014686e-06,1.7941302e-06,136454.87253263756,2762.712523971742,137585.12991294882,1681.6296102685171,False,139887.55901440006,2203.9637818917845,False,147627.91444178845,3106.3217868012366,False,150914.6397437024,4534.206487246671,False,145676.78471594394,6325.168613031224,False,0.0817744559003713,99.3619188726335,140316.69173178388,1166.0675542160118,0.0,0.0015726056057332,False,76054.3359375,1198.2552490234375,False,80262.62719726562,1688.8509769409654,False,79201.83325195312,3438.879782778164,False,False,0.0444592927632178,54.02127830793001,False,False,1.8394251857571273,0.0006012499798855287,1.8394251857571273,30.73829467842094,2025052000211,53,R12_S22
COSMOS 1017371,149.70010121907,1.87452371044,2025052000212,60816.085257778046,60816.08508416114,r,1.78965190323808,56.1074914453634,296.105769687657,21.998186111450195,30.0010018348694,45.481333762432,150.090331909985,2.13982583656194,-1,r,20250520,r_57,0.4054341188424923,149.70014423973777,1.8744196210585653,745284194160083257,0,3610.635558805764,2283.9772055430526,0.033944495,0.03456791,149.70014423973777,1.8744196210585653,1.9048865e-06,1.9042844e-06,149586.91418493714,3242.5761926318246,140007.51187008223,1966.769593345035,False,147391.2373906344,2587.472502294045,False,147617.94255029713,3653.109427924583,False,139613.09480081493,5328.165828750357,False,135726.57833578016,7439.044187074703,False,-3.3103450049404337,117.627120538072,140849.54025519858,1310.7154141880756,0.0,0.0157275929672208,False,69360.4453125,1217.6317138671875,False,69467.1298828125,1719.106923735221,False,63871.204833984375,3500.719762243154,False,False,-1.557806337375035,55.35382975125365,False,False,2.0905367729844078,0.0008169879245218872,2.0905367729844078,30.599355471786247,2025052000212,52,R12_S21
COSMOS 1017371,149.70010121907,1.87452371044,2025052000213,60816.08573409721,60816.08556047978,r,1.79738336996507,56.2733485813899,295.95752229403,22.074193954467773,30.001091003418,44.4693370074857,150.055340392747,2.14862482168552,-1,r,20250520,r_57,0.3993941690107896,149.70014454767886,1.8744215686235008,745284194294301147,0,3232.208498871422,2664.0788598420854,0.025417207,0.026537025,149.70014454767886,1.8744215686235008,1.4440498e-06,1.4451334e-06,142640.6358431212,2484.394239027224,136940.8185377089,1519.0953294312378,False,140799.3676286472,1988.6223997671727,False,144910.89902191854,2795.8887827038493,False,142772.95577413827,4080.0723435862833,False,139903.8694515423,5689.130123011168,False,-2.002342121566133,89.16029271344547,139563.09824323098,1021.4297762455284,0.0,0.0031883342633478,False,85592.6953125,1208.894287109375,False,88092.11743164062,1699.6358771778837,False,85048.31713867188,3458.452899421869,False,False,-1.2172345800204043,54.20102303529484,False,False,1.6467526445096359,0.0005606994731672065,1.6467526445096359,30.858429076137828,2025052000213,52,R12_S21
COSMOS 1017371,149.70010121907,1.87452371044,2025052300085,60818.98851694912,60818.98829703543,u,1.23290151345671,35.8344215547271,331.618880611974,23.49894905090332,38.0010848045349,109.744765547265,150.196627256505,2.24902096565482,-1,u,20250523,u_24,0.3802687976840405,149.7001420661479,1.874426288444972,745297371270217748,0,1232.1043558488957,197.2030542108884,0.03603633,0.037861492,149.7001420661479,1.874426288444972,2.0938737e-06,2.015528e-06,47059.04273703648,759.9590193413967,45669.98187542152,516.8096804549401,False,47194.782181033566,632.6385502128106,False,48129.77408340112,842.1857065633483,False,49214.33909584176,1188.687656488269,False,49808.75417761583,1632.010003633978,False,0.7907534204639077,25.430663976185464,47057.186676933525,461.4064744730754,0.0,0.0004530988435101,False,20037.4375,268.5986633300781,False,20434.40599822998,357.56587230183635,False,21147.24875640869,692.9007177478289,False,False,0.3357293223576813,10.797069431355478,False,False,2.4175562740757277,0.001527402237526459,2.4175562740757277,30.441558519858916,2025052300085,83,R21_S02
COSMOS 1017371,149.70010121907,1.87452371044,2025052300086,60818.989132629984,60818.98891271672,u,1.23307020338959,35.8452604732394,331.291539110994,23.518142700195312,38.0010125637054,106.760588963341,150.239724805598,2.17971694114499,-1,u,20250523,u_24,0.3817082616841458,149.70014428838485,1.874426811548701,745297371383988606,0,2532.42582285326,2881.08604214776,0.038601756,0.039702635,149.70014428838485,1.874426811548701,2.2023075e-06,2.151648e-06,47961.70656797369,776.1950238937293,46007.33340197928,527.7784260784497,False,47324.05710634058,646.1958637949897,False,47624.93717175738,859.93074960297,False,46632.87935756215,1209.9422202128053,False,48082.48630557141,1665.9024866422465,False,0.4238416583643168,25.91282590390549,48068.25091774161,474.8749234983883,0.0,0.0075490076418279,False,19945.650390625,272.3518981933594,False,20072.46218490601,362.43465037639135,False,20265.305225372314,702.1272184837082,False,False,0.1786363650039786,10.921467805497633,False,False,2.3984374186999395,0.0012299620538703837,2.3984374186999395,30.450179022230003,2025052300086,44,R11_S22
COSMOS 1017371,149.70010121907,1.87452371044,2025052300087,60818.98975045244,60818.98953054437,u,1.23447956941258,35.9362581049608,330.98103722146,23.44439697265625,38.0001156330109,103.78984787417,150.25946174809,2.18656064079571,-1,u,20250523,u_24,0.3740880139943117,149.70014600076607,1.8744299302341425,745297371518206202,0,2741.1464291807188,2165.848794537084,0.04017141,0.041843265,149.70014600076607,1.8744299302341425,2.3211314e-06,2.2393438e-06,47776.60272380775,783.526603485137,46369.324747432,530.2570599461153,False,48078.02997544679,651.2565748192719,False,47686.07746587419,867.2838522256505,False,50566.37621843923,1226.404409875402,False,54493.33110909726,1687.1535023194035,False,1.896649785430904,26.64959922572976,48039.06925432561,479.9575511902304,0.0,0.005050415411999,False,20220.69140625,273.90594482421875,False,20055.843746185303,364.7628479460308,False,22918.84323501587,709.5841976636132,False,False,0.7976942906461546,11.20830704417216,False,False,2.40288447663248,0.00163110387030373,2.40288447663248,30.44816777062556,2025052300087,44,R11_S22
COSMOS 1017371,149.70010121907,1.87452371044,2025052300088,60818.990368601706,60818.99014868861,u,1.2341100736205,35.9125288291546,330.433993188288,23.39068603515625,38.0009834766388,100.624700220572,150.201357608066,2.02903617200205,-1,u,20250523,u_24,0.3836870816809147,149.70014548549565,1.8744267474462744,745297371656093977,0,1936.0499006921384,2247.4646003296657,0.044580404,0.048075017,149.70014548549565,1.8744267474462744,2.666596e-06,2.4856352e-06,47252.33529957887,760.2872680443912,45404.08512415028,514.9157501562376,False,47428.64380631657,631.6433290722138,False,48066.16834645698,840.2326702503373,False,50131.00142205142,1185.0240470820945,False,52100.717901224,1627.088077142178,False,0.8017253827036682,25.39945053197264,47789.02114743055,479.03964075052505,0.0,0.0063959833244527,False,20154.75,268.4161376953125,False,20425.66535186768,357.0559487191707,False,22140.14274597168,691.4292881048783,False,False,0.3406923192455853,10.793468556676247,False,False,2.3681922737222645,0.0019111168751425073,2.3681922737222645,30.463957600283816,2025052300088,51,R12_S20
COSMOS 1017371,149.70010121907,1.87452371044,2025052300089,60818.99098326173,60818.99076335365,u,1.23856659612936,36.1968776217223,329.884729082114,23.36959648132324,38.0001156330109,97.4447349521216,150.008597241443,2.14662824945628,-1,u,20250523,u_24,0.3883469062499924,149.70013906968745,1.8744226872058376,745297371810758835,0,755.6695420085729,1476.095031738888,0.048769254,0.051319662,149.70013906968745,1.8744226872058376,2.851589e-06,2.714585e-06,46800.77803226632,787.0691250926033,45170.162115966,530.2886370805039,False,46718.67220480745,651.7336580273056,False,48248.955211894514,870.6974731024791,False,49107.09368426382,1226.9726996640925,False,51252.18752440121,1687.6437236848442,False,0.5968493240261603,26.42719624624592,47107.4330044783,492.7863241714555,0.0,0.0012778606854128,False,19597.94140625,273.39471435546875,False,20239.87738800049,365.2474964533861,False,21499.698528289795,707.9469781677083,False,False,0.2503713724856453,11.085902469464928,False,False,2.4154731495050914,0.0014458347595658156,2.4154731495050914,30.442494464463095,2025052300089,90,R22_S00
COSMOS 1017371,149.70010121907,1.87452371044,2025052300090,60818.99159898592,60818.99137907265,u,1.23827186282591,36.1780390904098,329.919990573587,23.394289016723636,38.0010130405426,94.7603779415429,150.257483698821,2.13890194187327,-1,u,20250523,u_24,0.399991774838813,149.70014808940854,1.8744229597917352,745297371924529277,0,752.919316152203,1002.908666262102,0.044609256,0.04755867,149.70014808940854,1.8744229597917352,2.6429539e-06,2.4818262e-06,48514.13368972351,759.3924478384184,45912.03586676046,517.5105822595026,False,47362.92433062805,633.9260994335573,False,46702.87564718808,838.8437619834962,False,46333.99596880184,1186.003788892025,False,46496.0339262048,1631.1425468655689,False,-0.2797435830114094,25.98026319210943,47837.67274828802,478.29198159743873,0.0,0.0008826227000899,False,20084.71875,268.8226623535156,False,19804.81854629517,355.7200336072883,False,19717.10525894165,691.7022071157916,False,False,-0.1186280464373288,11.017188795647488,False,False,2.387530082933364,0.0015848356434410677,2.387530082933364,30.45512786897347,2025052300090,51,R12_S20
COSMOS 1017371,149.70010121907,1.87452371044,2025052300091,60818.992215993,60818.991996082106,u,1.24274255604943,36.4599534489542,329.363192782391,23.39545249938965,38.000602722168,91.569415025393,150.060092761391,2.24832798725417,-1,u,20250523,u_24,0.3755715198691013,149.700142742413,1.87442799497375,745297372075524104,0,3674.790966460152,62.12759727161186,0.03531686,0.037324864,149.700142742413,1.87442799497375,2.075518e-06,1.9638205e-06,47890.75084112836,769.5415496372568,46386.28538534702,522.5413253994886,False,48605.43163073761,640.1384012409617,False,51047.12157421887,852.1158712855134,False,54328.27460476672,1201.3884682636617,False,57418.23590012483,1646.1749679369304,False,2.119198955998373,25.705170041264697,49062.37993223601,484.6138969868493,0.0,0.0010078620227208,False,20500.2578125,269.9904479980469,False,21530.086612701416,359.39594529655653,False,24217.224281311035,694.3053505536552,False,False,0.8938121419021375,10.841640435651057,False,False,2.38386022674365,0.0009778513584006554,2.38386022674365,30.456798030607093,2025052300091,83,R21_S02
COSMOS 1017371,149.70010121907,1.87452371044,2025052300092,60818.992832710624,60818.992612797694,u,1.24586004248278,36.6543147016457,328.970646274767,23.386764526367188,38.0009548664093,88.5157251179058,149.986439173583,2.31876947328221,-1,u,20250523,u_24,0.3933308071486354,149.70014558105348,1.8744238527790984,745297372209741937,0,2711.014498983724,993.0393769509624,0.044149775,0.047158986,149.70014558105348,1.8744238527790984,2.6222544e-06,2.4550018e-06,48780.51026473319,778.8707338418293,46159.57034697684,531.8870390788888,False,47909.060020225326,652.2685212893189,False,47229.686925727256,861.8902450078035,False,48918.49984819948,1220.7460174086136,False,51030.04060072377,1683.556788505914,False,0.9237910993533238,25.81400306176062,47623.45257014932,486.0616803655373,0.0,6.040104864957208e-05,False,20146.662109375,274.29119873046875,False,19860.972927093502,362.4410817955552,False,21459.093227386475,707.9673394897393,False,False,0.3884715569552506,10.85527449622496,False,False,2.4206349519041366,0.0015171810855116757,2.4206349519041366,30.440176750401644,2025052300092,83,R21_S02
COSMOS 1017371,149.70010121907,1.87452371044,2025052300093,60818.993448555295,60818.99322864151,u,1.24159342164742,36.3879860141614,328.739211206447,23.362985610961918,38.0011024475098,85.6243488237186,150.204937576083,2.01907614156428,-1,u,20250523,u_24,0.38584551303875,149.70014063569482,1.8744240339817229,745297372327706801,0,179.91456062536145,1364.875005953768,0.048582222,0.047165222,149.70014063569482,1.8744240339817229,2.6228447e-06,2.7017807e-06,46008.26926039895,798.4863072186363,44985.96503019111,540.6834691955848,False,46516.80686434097,663.8907896734079,False,47360.96597645051,883.9209315634484,False,46679.54852629876,1249.5597140748944,False,44028.1774243006,1715.6682069208175,False,-0.818705762429638,27.956660153646084,47058.792811440224,503.1451380709192,0.0,0.0018034809435576,False,19567.728515625,279.2718505859375,False,19922.83191680908,371.82958126412126,False,18520.86333847046,721.7118275943235,False,False,-0.3443962123221697,11.760229752775572,False,False,2.3908006679867246,0.0014907462849616255,2.3908006679867246,30.453641578742502,2025052300093,52,R12_S21
COSMOS 1017371,149.70010121907,1.87452371044,2025052300094,60818.99406224796,60818.99384234067,u,1.24574590888794,36.6472175551309,328.327699074232,23.37052345275879,37.9999804496765,82.5465149407056,150.090356345739,2.1397967917623,-1,u,20250523,u_24,0.3895102816562478,149.70014676019358,1.8744255530106453,745297372461400402,0,2482.7457009501363,3027.793286951006,0.046962116,0.05039786,149.70014676019358,1.8744255530106453,2.7992387e-06,2.614873e-06,46588.66727012615,782.5900135997621,44891.69384930219,527.1826735722892,False,46648.34932976263,647.934526199275,False,47594.3144208591,864.9666982932898,False,47898.432553160856,1221.2934575797394,False,48682.349164598105,1680.353603814968,False,0.5773676254863154,26.58450234816676,47035.36231699897,487.1072747525098,0.0,0.0006578597779359,False,19573.625,271.8730163574219,False,19970.55149841309,362.9396116505018,False,20427.09035491944,705.075566039115,False,False,0.2422631786715589,11.154844431818688,False,False,2.3962407582652987,0.001225099495938292,2.3962407582652987,30.451173872704757,2025052300094,51,R12_S20
COSMOS 1017371,149.70010121907,1.87452371044,2025052300095,60818.99467669737,60818.994456783694,u,1.24777073435404,36.7720186896764,327.952916520441,23.35184860229492,38.001083612442,79.5069653851289,150.055427898987,2.14859486550575,-1,u,20250523,u_24,0.3901739956812164,149.70014503591804,1.8744245705215548,745297372595618169,0,2612.50660887438,3425.046678507389,0.050166626,0.05170405,149.70014503591804,1.8744245705215548,2.872393e-06,2.7928502e-06,49013.54552564223,776.3579551797732,45677.33612034192,524.4053035693141,False,47772.28590189426,644.6878374762393,False,47826.03725700615,858.852499768339,False,48248.31093234635,1209.8060688761295,False,49368.45602634155,1665.5277965643809,False,0.4079364867481821,26.0397807926302,47800.90603440602,487.9619536677823,0.0,0.0006369195951005,False,20060.12890625,270.7117919921875,False,20082.699714660645,360.6419816750862,False,20730.378986358643,699.3741594161231,False,False,0.1712971936602848,10.934401599776532,False,False,2.394279399843216,0.0011598138504874064,2.394279399843216,30.45206292771259,2025052300095,51,R12_S20
COSMOS 1017371,149.70010121907,1.87452371044,2025052300096,60818.9952900031,60818.995070092766,u,1.24837214697221,36.8092553052605,327.44863889256,23.36735725402832,38.0005052089691,76.3639536849352,149.991628058092,2.04222338887878,-1,u,20250523,u_24,0.3880366707099774,149.70014274091574,1.87442423166754,745297372750807104,0,367.4759369014217,555.4661921461873,0.043327328,0.049253605,149.70014274091574,1.87442423166754,2.721904e-06,2.4286949e-06,46860.16286917386,762.061476549423,45044.77635296136,517.3337259217147,False,46202.2070647336,634.0278827584686,False,46412.63587100163,845.7729700525161,False,46667.45806714364,1197.1083840524873,False,47111.556531098686,1643.945858550089,False,0.4058639162349511,25.569593841476223,46767.619475828695,475.53943187010384,0.0,0.0015667277498033,False,19315.275390625,265.0614318847656,False,19403.24716949463,353.5834946504276,False,19695.4376487732,687.2673190846302,False,False,0.1696752993252453,10.689613723053643,False,False,2.2129876065043956,0.0015562538355109456,2.2129876065043956,30.5375525456629,2025052300096,91,R22_S01
COSMOS 1017371,149.70010121907,1.87452371044,2025052300097,60818.99590580367,60818.99568589572,u,1.24936605175445,36.870328129064,327.144690710097,23.36229133605957,38.0000929832458,73.3872229623975,150.023793373171,2.01096529257175,-1,u,20250523,u_24,0.3987281714443245,149.70014706568776,1.874422875761231,745297372885024772,0,1366.6809510961605,76.03465962050075,0.042574994,0.04432544,149.70014706568776,1.874422875761231,2.457325e-06,2.3759637e-06,45426.375525233365,775.2376633558405,44806.15749709059,525.3348582380196,False,45269.59305865779,642.6741739234794,False,46226.08504574543,858.1087548137881,False,45850.46748206249,1209.5764326803103,False,44426.44162150814,1660.1943752633026,False,-0.4374092319667964,26.45970127955058,47779.9656524859,490.2840046474736,0.0,0.005366029510531,False,19004.41796875,269.7980651855469,False,19405.9584350586,360.23865772316617,False,18650.458473205566,696.9585031610411,False,False,-0.1836267416169565,11.107924513332428,False,False,2.452637422989572,0.0018712060802460913,2.452637422989572,30.425916623607023,2025052300097,91,R22_S01
COSMOS 1017371,149.70010121907,1.87452371044,2025052300098,60818.99652042048,60818.99630050724,u,1.2524585800334,37.0586427121348,327.328705870175,23.266925811767575,38.001006603241,70.8106586172387,150.254871666265,2.22963477817054,-1,u,20250523,u_24,0.3742544147793831,149.70014568972306,1.874429731362438,745297372996698441,0,3529.54312553083,3308.0136889833643,0.052135225,0.053717323,149.70014568972306,1.874429731362438,2.9769617e-06,2.9085509e-06,47320.817801084646,815.6740955843644,45239.25386828004,545.1867903894337,False,47418.63341047152,672.8325708699575,False,48766.846266416185,900.7775916639588,False,50132.35852577236,1274.0177152970807,False,51082.52561174209,1754.5442098081896,False,0.120585355050318,27.860985995998515,48335.60757681406,520.2103870752638,0.0,0.0057415584431698,False,19570.939453125,277.6960144042969,False,20127.38299179077,371.77502680399976,False,21083.12585067749,724.1473663052508,False,False,0.0497688042207939,11.498974787232877,False,False,2.373763571423638,0.0011586524147210533,2.373763571423638,30.46140634818334,2025052300098,48,R12_S10
COSMOS 1017371,149.70010121907,1.87452371044,2025052300099,60818.99713408484,60818.996914176765,u,1.25522767405615,37.226307722637,326.96067420739,23.29750633239746,38.000116109848,67.7672283554142,150.2013842188,2.27355507052272,-1,u,20250523,u_24,0.3872603083656097,149.70014411833114,1.8744250523238897,745297373130916219,0,3043.658339460445,3766.7939464207752,0.04625652,0.04949196,149.70014411833114,1.8744250523238897,2.7266155e-06,2.5988775e-06,46918.37227788742,825.4142375074058,44628.62026255496,551.1024542771193,False,46613.86057553268,681.2662782992674,False,47390.71258567006,913.281447024905,False,48376.44663829574,1295.9378395146011,False,46660.22879674996,1782.1177951079042,False,-0.6505710514157942,28.79310548112844,46810.28088194574,515.1185667503642,0.0,0.0006661596464968,False,19287.6171875,281.8904724121094,False,19609.05857849121,377.8923847364928,False,19306.80316543579,737.3945300963741,False,False,-0.2691895766205549,11.91384685375777,False,False,2.4186935826675042,0.002120404248082818,2.4186935826675042,30.44104786917981,2025052300099,48,R12_S10
COSMOS 1017371,149.70010121907,1.87452371044,2025052300100,60818.99774671452,60818.997526801286,u,1.25817142691876,37.403137789927,326.653906671539,23.26498794555664,38.0010077953339,64.7715068745283,150.174500450983,2.34133860021872,-1,u,20250523,u_24,0.3745338035411945,149.70014309071917,1.8744284614341973,745297373265133950,0,2312.8881829088523,3526.639893535414,0.05450826,0.05672604,149.70014309071917,1.8744284614341973,3.1317418e-06,3.0533943e-06,48214.217450714124,829.6123519284281,46247.39810344423,553.2144116635492,False,49136.40098195174,684.5060712456716,False,51373.180038596736,917.553120747824,False,55309.28538561541,1299.1883123917275,False,60526.43465561307,1786.842400272393,False,2.2505590081589486,28.059656770052936,47918.934821025374,518.9917989664264,0.0,0.0098824537807875,False,20215.53515625,281.6172180175781,False,21135.783378601074,377.49666234239857,False,24901.585041046143,735.136775171072,False,False,0.925917524308782,11.544210942833734,False,False,2.4503119203640225,0.0012358778532287425,2.4503119203640225,30.426946567996545,2025052300100,48,R12_S10
COSMOS 1017371,149.70010121907,1.87452371044,2025052300101,60818.99836125775,60818.998141349846,u,1.25924993350518,37.4671861941797,326.249773997183,23.192672729492188,38.0000855922699,61.70501544521,150.149585923553,2.28007625115181,-1,u,20250523,u_24,0.5684522733471374,149.7002349526247,1.8744396392877227,745297373400924162,0,3673.0,12.0,0.28493765,2.0097406,149.7002349526247,1.8744396392877227,9.8629615e-05,5.4851294e-05,,,36657.43388910757,500.271463241753,True,37639.38473459238,614.2367105325061,True,,,True,,,True,,,True,-0.1420182293560158,25.63356719327165,41274.46836496146,495.6926301482119,,,True,15639.404296875,255.21926879882807,True,,,True,,,True,True,-0.0590094796205256,10.6509105750139,True,False,2.412286582586404,0.0010242600338042042,2.412286582586404,30.443927746882657,2025052300101,51,R12_S20
COSMOS 1017371,149.70010121907,1.87452371044,2025052300102,60818.99897398359,60818.99875407032,u,1.25667022811508,37.3132344329695,325.808736512161,23.21932601928711,38.0010139942169,58.63265942927921,150.211005820602,2.01587084341477,-1,u,20250523,u_24,0.3653919700160073,149.70014239418563,1.8744309299408368,745297373536190629,0,418.7583591010531,1419.7441979187554,0.05195712,0.057580397,149.70014239418563,1.8744309299408368,3.119188e-06,2.977697e-06,48143.398500688585,803.7056986543658,45267.476804532045,540.2399663752208,False,47802.280377129646,665.9274586210363,False,48311.73872615577,888.7757750687999,False,49194.0234405812,1253.7207997159312,False,51030.80845151269,1720.4278199522555,False,0.4982951012932678,27.19520200293434,48091.70592625008,521.5271578877106,0.0,0.0009683624942766,False,19516.3203125,271.8793640136719,False,19724.31776046753,362.8620345177494,False,20834.43709564209,702.4020641657189,False,False,0.2034398093619355,11.10303251361913,False,False,2.4711296683401485,0.0010069547286987357,2.4711296683401485,30.417761162833244,2025052300102,53,R12_S22
COSMOS 1017371,149.70010121907,1.87452371044,2025052300103,60818.99958518341,60818.9993652757,u,1.26469803449156,37.7891488672082,325.35328006895,23.206153869628903,38.000052690506,55.4661286343345,149.955648251878,2.29529807998922,-1,u,20250523,u_24,0.3905926787086943,149.70014392201972,1.87442395966128,745297373669359886,0,2626.1639906940723,2496.3668689058672,0.056631163,0.06251871,149.70014392201972,1.87442395966128,3.374533e-06,3.2581313e-06,48483.15498111853,784.3339213690548,44964.95484431681,525.1152165225133,False,48061.61984037228,647.7414673910856,False,49263.40238508336,862.9952204905396,False,49527.14382726047,1217.8217762021686,False,50343.055284103946,1673.2555638851052,False,0.0814814855696131,26.50871370571638,47995.65889528695,513.8723136619483,0.0,0.0002687967528908,False,19937.982421875,268.7104187011719,False,20436.53239440918,358.0067337191364,False,20884.417850494385,694.136821248415,False,False,0.0338019490893344,10.996929975446209,False,False,2.4234636703441166,0.001697416424323064,2.4234636703441166,30.438908715783874,2025052300103,51,R12_S20
COSMOS 1017371,149.70010121907,1.87452371044,2025052300105,60819.006244870674,60819.006024957096,u,1.28320818202232,38.8457557302215,322.427006528998,23.15864944458008,38.0010664463043,49.8450992765347,150.257535800223,2.28046710922651,-1,u,20250523,u_24,0.3665956760735185,149.7001417595796,1.8744302866276,745297373936746722,0,2908.8433006308064,2436.934865607732,0.059855662,0.061486524,149.7001417595796,1.8744302866276,3.3808474e-06,3.366459e-06,47657.283260182965,830.0098488257188,45407.47975975379,555.8518704255027,False,48295.120158721904,686.7223345411644,False,50295.5949966768,916.4654976654246,False,51367.172500116,1294.235470097144,False,52359.78700334992,1781.4365162176705,False,-0.2846433172440571,27.87362800525119,47691.01371112987,541.2967639371052,0.0,0.0153189156695631,False,19672.771484375,279.7328491210937,False,20487.65473175049,373.31755774977336,False,21328.49284362793,725.6591014225315,False,False,-0.1159480070925034,11.35418055459071,False,False,2.5007967192498537,0.0017990486888541926,2.5007967192498537,30.404804022669044,2025052300105,49,R12_S11
COSMOS 1017371,149.70010121907,1.87452371044,2025052300112,60819.010888985125,60819.01066907199,u,1.30175432692612,39.8517849269158,319.908019113565,23.483911514282227,38.0009889602661,28.5615252103615,150.044003095926,2.25984114198109,-1,u,20250523,u_24,0.3935740317333139,149.7001482343618,1.874424998090881,745297374877843608,0,4062.909301939673,1460.0626341016723,0.04812269,0.051993374,149.7001482343618,1.874424998090881,2.7268095e-06,2.8431336e-06,49038.89239864532,814.9335563899633,46448.519341779946,551.7903600536251,False,48586.03750367818,678.7850344738573,False,48822.05616199098,901.3741867490944,False,49244.462380241166,1279.5860472754098,False,,,True,-0.4741328996659396,27.641395052596547,47450.37716226787,508.13669157687656,0.0,0.0192490558334488,False,19869.49609375,277.5924377441406,False,19966.017070770264,368.62135302271474,True,,,False,False,-0.1938989529063272,11.30408280324958,False,False,2.437767694163405,0.0010899025055994326,2.437767694163405,30.432519206545816,2025052300112,52,R12_S21
COSMOS 1017371,149.70010121907,1.87452371044,2025052300113,60819.01150549284,60819.011285585,u,1.30001979254685,39.7595116726453,319.539523545909,23.491891860961918,38.0000746250153,25.5425601584055,150.12263357063,2.0513276685864,-1,u,20250523,u_24,0.3852116192887722,149.7001418052332,1.8744246941963203,745297375033032718,0,3200.003992080198,112.51953137734812,0.0401107,0.03393878,149.7001418052332,1.8744246941963203,2.1713063e-06,1.9555266e-06,47215.28914924534,776.6256899645614,46055.68285015412,526.3174530925974,False,47480.66825434496,645.3167010530507,False,48740.94759923544,860.9402549916201,False,48994.406171169896,1213.458775564187,False,49674.85210665743,1670.493450336007,False,0.2236846446749651,26.833862153572305,47434.19249728275,471.30115696394097,0.0,0.0019736007643804,False,19460.5703125,264.491455078125,False,19977.112216949463,352.86757712372565,False,20359.88514328003,684.6734985424245,False,False,0.0916800650783888,10.998207910600328,False,False,2.5060727006215515,0.0013348277627970686,2.5060727006215515,30.402515835927698,2025052300113,92,R22_S02
COSMOS 1017371,149.70010121907,1.87452371044,2025052300115,60819.0129616186,60819.01274170484,u,1.30795070513819,40.1764559459248,319.132773975452,23.51873016357422,38.001097202301,98.5286940976847,150.196755100357,2.24903405376017,-1,u,20250523,u_24,0.3821568917451364,149.70014237613594,1.8744258496870747,745297375276302681,0,2611.5774163106444,2804.770114999037,0.03419012,0.04122853,149.70014237613594,1.8744258496870747,2.284609e-06,1.9110016e-06,48529.4445498943,802.1350374852703,46556.41063772136,544.51739666864,False,48137.36094985352,668.5442224879116,False,47787.13493713854,889.8263570701737,False,48891.88344268109,1256.5127501683342,False,51174.16692463846,1729.931550152377,False,0.7639976482288883,26.69711879301432,47854.68613306704,476.9702756885728,0.0,0.0013056841322816,False,19704.734375,273.6644897460937,False,19561.37149810791,364.2449785356385,False,20947.832332611084,708.1369026065878,False,False,0.3127377659352292,10.928302341754542,False,False,2.458424541012171,0.0012885539085174963,2.458424541012171,30.423357793556534,2025052300115,44,R11_S22
COSMOS 1017371,149.70010121907,1.87452371044,2025052300117,60819.014194414274,60819.01397450048,u,1.31114710755019,40.3422155123084,318.591757135194,23.50778007507324,38.0011043548584,92.5506435345891,150.259227216322,2.18659106521625,-1,u,20250523,u_24,0.388347547782052,149.70014199946243,1.8744238324764333,745297375548408414,745297375548407906,300.28904348548616,825.1213450592876,0.03904377,0.03674967,149.70014199946243,1.8744238324764333,2.0435348e-06,2.1713295e-06,47611.23877194825,787.4591826563484,46698.94656693368,533.513300765479,False,48013.28854034302,653.3041987673892,False,49144.93269669181,873.0968568344515,False,50140.852271300886,1232.8577809808708,False,48524.22392515208,1693.206789389998,False,-0.5675687134265328,26.76588848287064,48328.80691030512,477.4788130706391,0.0,0.0010592437458945,False,19796.91796875,269.3714599609375,False,20263.51934545487,359.99672963458323,False,20007.58768557012,698.1458036459852,False,False,-0.2340208638675715,11.036155088832722,False,False,2.4757299074151375,0.002423186693753186,2.4757299074151375,30.415741842301696,2025052300117,51,R12_S20
COSMOS 1017371,149.70010121907,1.87452371044,2025052300118,60819.01481426267,60819.01459434948,u,1.31178124646618,40.3751982158022,318.096258872472,23.704370498657227,38.0009994506836,89.3865517738751,150.201298198957,2.02905534752164,-1,u,20250523,u_24,0.3880481030683889,149.70014522482822,1.874425300608204,745297375682625754,0,3677.634529229968,1562.7318483446943,0.031192986,0.032577626,149.70014522482822,1.874425300608204,1.8115018e-06,1.734891e-06,47604.68015110722,779.4852430137605,46661.34011010028,530.8050562860475,False,47525.39257140695,649.8048666222063,False,47912.61511431108,866.6511274371139,False,47489.34424649153,1223.1938442530563,False,47076.368693568336,1681.145738718461,False,-0.6952052697855491,26.59201822222883,47664.175984783054,452.9884318956612,0.0,0.0001816895606225,False,19733.04296875,269.8058166503906,False,19893.821842193604,359.84266539065266,False,19546.60353088379,698.029396580327,False,False,-0.2886565416617567,11.041285717242628,False,False,2.4305323859777825,0.0011451764196007137,2.4305323859777825,30.435746469329246,2025052300118,51,R12_S20
COSMOS 1017371,149.70010121907,1.87452371044,2025052300119,60819.01543220354,60819.01521228989,u,1.31836858671523,40.7115928650028,317.681201935779,23.67194938659668,38.0010771751404,86.2706618183547,150.00855891815,2.14666259390124,-1,u,20250523,u_24,0.3961898918984682,149.70014752705242,1.8744238631943813,745297375837290560,0,1840.0162316105743,498.58564672590177,0.037705496,0.029333457,149.70014752705242,1.8744238631943813,1.6337083e-06,2.0953482e-06,47376.59963096153,790.6902355997411,47354.76506807623,537.7945942619812,False,48082.164184071946,658.0257766602859,False,49972.07381280218,879.1475470661806,False,51325.07554386964,1239.582440573651,False,53176.77287064362,1705.6145056830917,False,1.160972286897384,27.113711911365225,47415.47215669194,456.7836240288582,0.0,0.0056667568796193,False,19829.671875,271.3778686523437,False,20609.09369277954,362.5711879626361,False,21930.750732421875,703.4162577095495,False,False,0.4787991534035363,11.182026009839202,False,False,2.5014861074854533,0.0016509489103617382,2.5014861074854533,30.404504761792683,2025052300119,90,R22_S00
COSMOS 1017371,149.70010121907,1.87452371044,2025052300120,60819.01604786089,60819.01582794768,u,1.31793360880833,40.6895760740018,317.707178013093,23.722455978393555,38.0010027885437,83.5175601251581,150.257587041774,2.13891780314775,-1,u,20250523,u_24,0.3851239712157991,149.7001451169832,1.8744261424330768,745297375951061008,0,2771.638585695306,94.94377468623756,0.03266576,0.026207395,149.7001451169832,1.8744261424330768,1.4625513e-06,1.8124582e-06,46510.12656817289,770.6343671057832,46060.00184602168,525.132837983856,False,46773.27986927916,642.489969546712,False,47655.74678181856,857.205269918071,False,47636.43539241944,1209.359028449108,False,47525.09016584754,1660.0084145740527,False,0.2060588831137627,25.28134806605988,46913.539607145045,446.8334214275771,0.0,0.0005812498191348,False,19359.896484375,265.9325866699219,False,19725.15776443481,354.80525072979765,False,19671.077773310244,687.0929547631146,False,False,0.0852896922755367,10.464185597252545,False,False,2.461950470389947,0.0015209728100523579,2.461950470389947,30.421801721172912,2025052300120,51,R12_S20
COSMOS 1017371,149.70010121907,1.87452371044,2025052300121,60819.01666260169,60819.01644269374,u,1.32456909942225,41.0231457248828,317.28504522203,23.4873161315918,38.0000925064087,80.390826116997,150.060158983961,2.24835751118149,-1,u,20250523,u_24,0.3900340742331424,149.70014615922324,1.8744251168019763,745297376085279137,0,807.6581011724511,3080.2559071197334,0.045024104,0.039130565,149.70014615922324,1.8744251168019763,2.1860358e-06,2.4956455e-06,46846.55453208147,795.5103034849103,45626.70386095304,537.1183364316302,False,46889.498082179794,659.4544376766665,False,47793.50151795302,880.4468527695817,False,49159.99087594722,1244.9719333828612,False,48219.67982660573,1713.1166247111487,False,-0.1374766841703127,26.314562925707243,47805.88427645664,486.5873297881783,0.0,0.0038439736507626,False,19072.4140625,268.2346496582031,False,19440.11959457397,358.1238363143895,False,19613.468627929688,696.8142321886106,False,False,-0.0559189659023505,10.703510605150596,False,False,2.466474044344542,0.0009940126474758274,2.466474044344542,30.41980862606435,2025052300121,51,R12_S20
COSMOS 1017371,149.70010121907,1.87452371044,2025052300122,60819.017281629225,60819.01706172183,u,1.32923248925545,41.2544625618977,316.983577717697,23.54170608520508,37.9999978542328,77.3638669031092,149.986660451834,2.31878434432512,-1,u,20250523,u_24,0.3761001213486047,149.7001408822703,1.8744270514207688,745297376215826887,0,3928.8284349261553,3818.352301312071,0.03304878,0.031863477,149.7001408822703,1.8744270514207688,1.775105e-06,1.8349206e-06,48095.82462282871,799.5059457709127,47133.50324433603,541.5098097900465,False,49139.957402159,664.1017250183271,False,50620.556644893884,884.8864249460087,False,54839.84039446881,1250.7112678706508,False,58718.715275554,1719.2199009696265,False,2.535718717605469,27.623138566585684,47627.94745441718,473.7694790273093,0.0,4.015734824447392e-06,False,19924.818359375,269.2738647460937,False,20525.15813446045,358.79561598788246,False,23808.725078582764,697.0934867993487,False,False,1.0281599238125607,11.200376385163176,False,False,2.4324980619690377,0.0010217244007294098,2.4324980619690377,30.434868742681385,2025052300122,44,R11_S22
COSMOS 1017371,149.70010121907,1.87452371044,2025052300123,60819.01789290727,60819.0176729932,u,1.32439086787231,41.014333876552,316.711115329763,23.57161521911621,38.0011515617371,74.384529249886,150.204773976024,2.01909243367562,-1,u,20250523,u_24,0.3928817795320282,149.7001423531976,1.874422616492432,745297376354238606,0,2047.6434742586105,1158.2137684949755,0.038792208,0.037753347,149.7001423531976,1.874422616492432,2.103586e-06,2.1535648e-06,48070.99622398063,812.8283193606106,46710.37987517165,550.2871867314658,False,47620.7900852037,675.0912243211758,False,47332.15540368824,901.0729692560687,False,48681.62850326897,1273.5761998639114,False,49637.81919182138,1754.180448670386,False,0.7504257448228587,28.021883358774144,48093.975481842186,486.4514278586295,0.0,0.0001058483814987,False,19413.33984375,275.2112121582031,False,19295.67352294922,367.33610981435976,False,20235.61245727539,715.1183576830483,False,False,0.3059224759958759,11.423547230788836,False,False,2.5067821242465382,0.0016655451094418872,2.5067821242465382,30.40220852723985,2025052300123,52,R12_S21
COSMOS 1017371,149.70010121907,1.87452371044,2025052300124,60819.01851106773,60819.0182911545,u,1.33039844004551,41.3118071803287,316.408246694746,23.60412979125977,38.0010058879852,71.3497263586227,150.09033663216,2.13981154635094,-1,u,20250523,u_24,0.3885962264212624,149.70014452469104,1.874424824614354,745297376487932222,0,4061.226899063626,2426.082868516559,0.03431197,0.030464374,149.70014452469104,1.874424824614354,1.7174973e-06,1.8874191e-06,47082.80608879741,791.6483006398437,45874.012171342285,536.527245366171,False,46401.32932007999,657.8716021413318,False,47024.70480303384,878.5594644769087,False,45820.52576008584,1238.7637299025894,False,,,True,-0.3424383609548417,26.436805265199563,46320.311902411646,458.3908055283853,0.0,0.0009375568305193,False,19005.396484375,269.45587158203125,False,19260.723182678223,359.8468234024947,True,,,False,False,-0.1402584132129572,10.828180425165115,False,False,2.4558663895425803,0.0009518063715048836,2.4558663895425803,30.424488161277093,2025052300124,51,R12_S20
COSMOS 1017371,149.70010121907,1.87452371044,2025052300126,60819.019743997706,60819.01952409048,u,1.33546976779636,41.5597318997321,315.663323905588,23.575233459472656,37.999968290329,65.1854233433884,149.991550128112,2.04215029253731,-1,u,20250523,u_24,0.3988174900744176,149.70014383283717,1.8744214421543524,745297376777338930,0,1557.8732361169984,342.86680162472794,0.03895284,0.033736102,149.70014383283717,1.8744214421543524,1.9302815e-06,2.118626e-06,48082.53641644011,790.4729339437253,47105.99012467606,537.8862874622382,False,49055.13154504153,659.9513988038339,False,51323.28232585081,878.6965113312108,False,51361.58956516621,1239.4971206952002,False,55410.83040041265,1705.7363972491548,False,1.573991299222915,26.56778939009091,47906.46119762491,474.7318701318915,0.0,0.008000440632281,False,19823.630859375,266.69244384765625,False,20740.21149826049,355.08936026512896,False,22392.02735519409,689.3038020175358,False,False,0.6360643934470711,10.736288600820547,False,False,2.5260106681474306,0.002533132355815505,2.5260106681474306,30.393912049032302,2025052300126,91,R22_S01
COSMOS 1017371,149.70010121907,1.87452371044,2025052300127,60819.02035760998,60819.02013769624,u,1.3373189640241,41.6493590166064,315.408296383072,23.507043838500977,38.0010950565338,62.197088995925,150.023654157938,2.01088709769156,-1,u,20250523,u_24,0.3764840824229883,149.70014450675328,1.8744285005132768,745297376911556615,0,2631.4302399971307,76.49251947822385,0.045900594,0.036331348,149.70014450675328,1.8744285005132768,2.1471142e-06,2.4475582e-06,46964.043771328405,792.3185137694785,45633.766439753184,535.8759089847944,False,47014.66503940626,658.7813704410687,False,47511.74627906552,879.2757579062501,False,48569.97380869552,1245.800834735731,False,51354.31904635174,1711.517386430011,False,1.1724400841794738,26.97776275866357,46941.90408930103,477.72371461039376,0.0,0.0007968254691642,False,19094.79296875,267.5610656738281,False,19296.68025970459,357.11386108117694,False,20857.323760986328,695.1250238389421,False,False,0.4761812225378263,10.956895985645426,False,False,2.5220474964706456,0.0017983020883856552,2.5220474964706456,30.39561684708292,2025052300127,91,R22_S01
COSMOS 1017371,149.70010121907,1.87452371044,2025052300128,60819.02097333546,60819.02075342244,u,1.34081555784129,41.8175701340303,315.617493056361,23.5414981842041,38.0009698867798,59.5783749075265,150.255013535234,2.22974101861925,-1,u,20250523,u_24,0.4012382273708831,149.70014604208066,1.8744216551685464,745297377023754603,0,1623.2574123860534,3008.75764275142,0.042169694,0.03778783,149.70014604208066,1.8744216551685464,2.166319e-06,2.2849474e-06,49321.56271917105,836.5956400512067,46433.25605385789,566.8501383273909,False,47936.54200903445,696.6219296405677,False,47148.94146845793,928.5579228723178,False,46539.66263808808,1309.340961313607,False,44986.69304410069,1794.5377573151495,False,-0.8773355676773494,27.441985637541887,48560.90423656096,507.961519669287,0.0,0.0025362524403247,False,19291.208984375,280.3431091308594,False,18974.25315093994,373.6816256135255,False,18104.094718933105,722.1798122232865,False,False,-0.3530680995366593,11.043539181033657,False,False,2.529321169230289,0.0012644992454349617,2.529321169230289,30.392490052806945,2025052300128,49,R12_S11
COSMOS 1017371,149.70010121907,1.87452371044,2025052300129,60819.02158864962,60819.02136873592,u,1.3450511201933,42.0193099004882,315.329789634015,23.511619567871094,38.0010879039764,56.5533390011259,150.20129582817,2.27355529575585,-1,u,20250523,u_24,0.3886389940764315,149.70014584528005,1.8744253998413667,745297377157972355,0,1055.2705077010523,3354.407155708038,0.04681485,0.03819353,149.70014584528005,1.8744253998413667,2.2805025e-06,2.467526e-06,46784.15133077406,833.9432719968268,45039.02591549921,563.0734739624149,False,46148.21909492223,691.4620598875928,False,46280.83930661444,924.745288173078,False,45706.98373405024,1307.5238299133962,False,48940.51872737763,1800.481650562688,False,0.785096928640809,28.234545895012825,47029.01149635833,504.4938037542864,0.0,0.0001863737567759,False,18491.6484375,277.0697021484375,False,18544.789520263672,370.54658009571466,False,19610.52635192871,721.4552230475637,False,False,0.3145893098046828,11.31361744229224,False,False,2.5305779594603095,0.0013449458485265031,2.5305779594603095,30.39195069712104,2025052300129,49,R12_S11
COSMOS 1017371,149.70010121907,1.87452371044,2025052300130,60819.02220336216,60819.02198345185,u,1.3493890008494,42.2243160065186,315.097608133079,23.58837890625,38.000500202179,53.5714458640406,150.174349207686,2.3412521099255,-1,u,20250523,u_24,0.393309283053333,149.70014522521436,1.8744237021544743,745297377292190090,0,376.6621676947818,2978.6434188022945,0.039547976,0.03523015,149.70014522521436,1.8744237021544743,2.0470832e-06,2.117306e-06,46852.15917163221,831.4365496725585,46002.40592246025,564.2811532664318,False,47376.34343418477,692.0066088200791,False,49110.62575538397,923.6974395249412,False,50298.03699826454,1304.380253095076,False,49725.637159211816,1793.8243148280908,False,0.0211026447318759,28.47841709257632,47504.727375941664,495.76253939752496,0.0,0.000236383732269,False,19070.45703125,278.55426025390625,False,19768.559799194336,371.8170515799149,False,20016.121086120605,722.07027891597,False,False,0.008494473199774,11.463451801350224,False,False,2.4997586908705807,0.0010499413567323255,2.4997586908705807,30.405254782601368,2025052300130,49,R12_S11
COSMOS 1017371,149.70010121907,1.87452371044,2025052300131,60819.02281900284,60819.02259909505,u,1.35158540757924,42.3268193822967,314.75185168899,23.633777618408203,38.0000667572021,50.5062022457569,150.149576918428,2.2800810060555,-1,u,20250523,u_24,0.3800043873259724,149.7001423479933,1.874426486707524,745297377426407911,0,1567.346115267845,3950.562213098982,0.039056066,0.029972542,149.7001423479933,1.874426486707524,1.8879282e-06,1.9828356e-06,48516.59440547583,841.4058862935949,46659.23395171257,571.1720056972728,False,48104.56978546221,701.2054976746001,False,47585.20781461718,934.7319295408616,False,47188.17163809635,1320.779262379428,False,45228.76116687925,1811.8404698163768,False,-1.0422532623154543,28.24737929724554,47493.89987943578,490.20596694565046,0.0,0.0001115752692987,False,19352.416015625,282.0942077636719,False,19143.4772605896,376.04163688060754,False,18195.48134151101,728.9014470394161,False,False,-0.4192973519132616,11.363889916268503,False,False,2.502746767822242,0.001304308117761102,2.502746767822242,30.403957727059243,2025052300131,49,R12_S11
COSMOS 1017371,149.70010121907,1.87452371044,2025052300132,60819.02343359553,60819.023213682376,u,1.34925126243728,42.217942616165,314.321581343362,23.682497024536133,38.0009934902191,47.3921656314297,150.210798183133,2.01588064787383,-1,u,20250523,u_24,0.3796066971715376,149.7001421462871,1.8744265215606168,745297377562722573,0,2162.312426352889,2114.093999767587,0.03440863,0.030311896,149.7001421462871,1.8744265215606168,1.7940055e-06,1.8125423e-06,45142.59443409958,796.4287909502283,45682.88952043388,540.204292822472,False,46649.78608987165,662.3417850639594,False,48549.87453915521,886.0622980934071,False,50168.89211014292,1249.5120140959327,False,53983.01102107065,1717.869814746619,False,1.6838492072394444,26.416929789140248,46813.96216512334,463.81882782152434,0.0,0.0017427850058127,False,18638.484375,264.6324462890625,False,19397.64688873291,354.01787837728534,False,21568.405597686768,686.3587678356083,False,False,0.6727661532793723,10.554636459892867,False,False,2.517917253414857,0.001734009702101068,2.517917253414857,30.397396365649627,2025052300132,53,R12_S22
COSMOS 1017371,149.70010121907,1.87452371044,2025052300133,60819.02405021712,60819.02383030362,u,1.36037002301347,42.7329240809558,314.024525846498,23.6545467376709,38.0010528564453,44.3217822448194,149.955661125564,2.29539600067984,-1,u,20250523,u_24,0.3870271252055711,149.7001444339267,1.874425260735428,745297377696416028,0,31.24851440753418,1958.4986490482013,0.03532196,0.027088495,149.7001444339267,1.874425260735428,1.755691e-06,1.7454976e-06,49942.49644079387,824.5186894725765,48195.48161761349,558.6801777961077,False,50780.33668938661,686.3146471507413,False,53000.35740487182,916.4178458228882,False,53730.05300950856,1295.0632069840876,False,,,True,0.1648437537777231,28.4167937389494,49314.29736519942,481.6101416018682,0.0,0.0004816468021198,False,20489.62109375,276.9246520996094,False,21385.388751983643,369.7701836700524,True,,,False,False,0.0665136601050323,11.466039305170936,False,False,2.477926124063601,0.0010415007508860292,2.477926124063601,30.414779114138977,2025052300133,52,R12_S21
COSMOS 1017371,149.70010121907,1.87452371044,2025052300134,60819.02753780842,60819.02736419168,g,1.3739719668596,43.3454083900179,312.803636528778,24.509063720703125,30.0009732246399,94.5066400952747,150.19674515393,2.24914235662651,-1,g,20250523,g_6,0.4259111915613275,149.70015075671665,1.874416260045807,745297377826440422,0,3181.2457812733173,2206.73577715681,0.009375365,0.009061256,149.70015075671665,1.874416260045807,5.0374e-07,5.2112074e-07,102484.05773773136,399.0152141612134,100390.66000168808,291.6534399532461,False,102580.98796822068,342.35337566834926,False,103951.99071388232,438.0354749696932,False,104957.47712714811,599.8586213213133,False,105270.67337993436,811.7215100717212,False,0.5574570995058137,11.964303601614036,101220.52774864984,281.2635099097968,0.0,0.0028183533655918,False,224102.53125,747.9188842773438,False,227097.6787109375,956.9498272761368,False,229978.52563229203,1773.3192931764313,False,False,1.217843087076118,26.13769641793502,False,False,0.45548853977698067,0.00012884239539916325,0.45548853977698067,32.253806363819834,2025052300134,44,R11_S22
COSMOS 1017371,149.70010121907,1.87452371044,2025052300135,60819.02806302253,60819.02788940502,g,1.37485381300137,43.3849649910689,312.574517046728,24.548009872436523,30.0011055469513,91.4972250607908,150.239762017099,2.17973433093998,-1,g,20250523,g_6,0.4182235566596803,149.7001508410269,1.87441865564144,745297377964327498,0,604.2898816812485,1023.7302432127876,0.009616304,0.008825766,149.7001508410269,1.87441865564144,4.9055785e-07,5.346516e-07,102157.27006358396,394.7003764376721,100361.634044041,288.94886450120606,False,102335.46160318944,338.9100359089577,False,103821.9513466494,433.2442671525373,False,104313.33561628516,593.4896043360516,False,104782.96315242552,803.6628649283954,False,0.8227436172502491,12.269500802273296,100386.69371528848,275.033497234385,0.0,0.0023465142438816,False,224332.84375,742.935546875,False,227591.42553710932,949.72863723013,False,229698.0903030634,1761.735111966702,False,False,1.8035626403932457,26.89636576849223,False,False,0.45461872059659125,8.92346658935843e-05,0.45461872059659125,32.255881711428636,2025052300135,51,R12_S20
COSMOS 1017371,149.70010121907,1.87452371044,2025052300136,60819.02858621736,60819.028412600375,g,1.37741681358489,43.4978644969644,312.39142436268,24.61542320251465,30.0010137557983,88.5188253662222,150.259394081177,2.18649837310657,-1,g,20250523,g_6,0.4192506792258547,149.70015076167192,1.8744183029257253,745297378098544855,0,1014.7064176628336,379.0235627174776,0.008770174,0.008333378,149.70015076167192,1.8744183029257253,4.6316188e-07,4.8751417e-07,102517.30433777654,395.7724680658275,101162.33189884012,289.951798293882,False,102503.43585944208,339.4307909508826,False,103458.40062884935,433.0851535008383,False,104422.4479095098,593.4766153897953,False,105180.93087754026,803.5206388003244,False,0.7457400984988644,12.41116496224052,101965.42609244071,278.37144960506663,0.0,0.003130703874428,False,224298.453125,742.743896484375,False,226388.1110839844,947.6787698594314,False,230157.35908043385,1758.2672700265678,False,False,1.6318316466576523,27.158163813426142,False,False,0.4545735939625915,0.00011011042535568629,0.4545735939625915,32.25598948977121,2025052300136,51,R12_S20
COSMOS 1017371,149.70010121907,1.87452371044,2025052300137,60819.02910952353,60819.0289359059,g,1.37826491100756,43.5350556982185,311.970105786394,24.625450134277344,30.0011258125305,85.363081386365,150.201345596668,2.02906095702147,-1,g,20250523,g_6,0.4206313854091335,149.700150511812,1.874417762857281,745297378233287480,0,108.65056470459828,1374.8181937099455,0.009033044,0.008115598,149.700150511812,1.874417762857281,4.514397e-07,5.0185787e-07,102142.13945429088,397.7938410960642,99967.28712050404,290.69465838077406,False,101737.3867714348,340.9463678546783,False,102363.17085681268,435.1454075509087,False,102691.89073460778,596.5180408355916,False,103639.02087651045,808.2586473682234,False,0.5282651091086198,12.211304712276393,101611.82328363288,281.67513254394635,0.0,0.0036926037828691,False,224199.40625,751.345947265625,False,225578.45111083984,958.9330441964928,False,228390.0509165525,1781.1653570726778,False,False,1.1641415959584875,26.910139457197925,False,False,0.45126605002957787,9.007428992532003e-05,0.45126605002957787,32.26391834601033,2025052300137,52,R12_S21
COSMOS 1017371,149.70010121907,1.87452371044,2025052300138,60819.029631473495,60819.0294578566,g,1.38597131985104,43.8703179204908,311.658536675986,24.623371124267575,30.0010006427765,82.276659970333,150.008566932652,2.14667469918575,-1,g,20250523,g_6,0.4255675785285441,149.70015184187062,1.87441687206468,745297378387427415,0,2283.4505784019148,169.0809227336559,0.0087742945,0.007912572,149.70015184187062,1.87441687206468,4.4083063e-07,4.8688776e-07,102242.59676323213,395.9744049826932,100707.62038851652,289.87289136863126,False,102379.80274512466,339.7160122350215,False,103764.9805559551,434.1560997322026,False,104475.96297182108,593.998842210389,False,105531.54006475388,804.9284567014976,False,1.048861585360211,12.102080112016877,102011.78285381851,279.4639270794024,0.0,0.0034340070167042,False,226002.53125,749.920166015625,False,229060.29931640625,958.3958443578632,False,232959.9641906023,1776.8726234272544,False,False,2.3153529003413102,26.71523743325774,False,False,0.4524898250268136,0.00011796785191344184,0.4524898250268136,32.260977955425346,2025052300138,90,R22_S00
COSMOS 1017371,149.70010121907,1.87452371044,2025052300140,60819.03068112301,60819.0305075118,g,1.39271479837326,44.1591706050293,311.394378855672,24.643287658691406,30.0000154972076,76.389147170537,150.059903820714,2.24826602412966,-1,g,20250523,g_6,0.4235834940826139,149.70015220415334,1.874417655416468,745297378635417229,0,1381.3900871466506,2707.7646298149784,0.009838092,0.0082631465,149.70015220415334,1.874417655416468,4.6465775e-07,5.4237745e-07,102418.47398872008,398.84442732098415,100507.09303382871,291.2302165389888,False,102569.37245107464,341.9452893358879,False,103790.41440815828,436.94381950223993,False,104106.58126050672,599.0467563024152,False,104679.38882091592,811.9366490538865,False,0.7245733470446785,12.29391232241274,101142.0930424442,279.4395261613849,0.0,0.0042805300196971,False,224674.265625,749.0180053710938,False,227348.9110717773,957.108632139435,False,229296.1753337384,1778.5160033734223,False,False,1.5871500502390543,26.929342129042936,False,False,0.45380623244556045,0.00013220314790749044,0.45380623244556045,32.25782385983347,2025052300140,51,R12_S20
COSMOS 1017371,149.70010121907,1.87452371044,2025052300141,60819.03120546072,60819.03103184325,g,1.39800929217493,44.3831958811372,311.174350041777,24.58115577697754,30.0010986328125,73.3735743011237,149.986378958143,2.31879183955594,-1,g,20250523,g_6,0.4248358601278272,149.7001528298794,1.8744175712613584,745297378769635452,0,199.94297695643823,3358.9140683834607,0.009558948,0.008528125,149.7001528298794,1.8744175712613584,4.79072e-07,5.269264e-07,103701.2660842567,399.8570148002414,101635.91724202488,292.86727721260786,False,103615.63846199152,343.4492280730958,False,104989.48397855068,437.2074678903221,False,106256.91820843425,600.5375684018469,False,107149.41116548234,813.410765509948,False,1.0053020189470665,12.706907273459366,104089.28595677287,286.9380179863758,0.0,3.713332780408418e-05,False,225881.515625,748.7174072265625,False,228876.4912109375,953.10984862445,False,233585.1204667688,1773.2309453121434,False,False,2.191552810668955,27.700987191119903,False,False,0.455077440128105,0.00012599719963308646,0.455077440128105,32.2547867338594,2025052300141,51,R12_S20
COSMOS 1017371,149.70010121907,1.87452371044,2025052300142,60819.03172731136,60819.03155369432,g,1.3921873354955,44.1367409367608,310.926547233221,24.58747100830078,30.0010237693787,70.3607231837833,150.204905966976,2.01910133027211,-1,g,20250523,g_6,0.4207202551407743,149.70015058792288,1.874417771030701,745297378904375955,0,2745.7774185411936,1170.401294958529,0.009564063,0.0084696105,149.70015058792288,1.874417771030701,4.78029e-07,5.2518146e-07,102699.5357663806,399.6063376070909,100416.58759563028,291.5909357782156,False,102914.37267966302,342.6330233023153,False,104544.91136422972,437.7813329224904,False,105373.68529157958,599.9973029978994,False,106538.05135586786,813.0768367364127,False,1.0596946664891933,12.49568916427322,102154.85648053684,283.237426038991,0.0,0.0017957041174695,False,226208.09375,753.1150512695312,False,229792.0542602539,962.2531646573402,False,234173.02055627108,1787.161078879795,False,False,2.329232586489175,27.465804360884448,False,False,0.454191806985225,8.72712574189556e-05,0.454191806985225,32.256901760347944,2025052300142,52,R12_S21
COSMOS 1017371,149.70010121907,1.87452371044,2025052300143,60819.0322521672,60819.03207854963,g,1.39903975437435,44.4264859152617,310.71085398821,24.563396453857425,30.0011162757874,67.3435671192077,150.090157692026,2.13981846427845,-1,g,20250523,g_6,0.4347390995859633,149.70015220116892,1.874414226230729,745297379038594467,0,433.78360220781576,2289.5700550200604,0.012607647,0.0071431617,149.70015220116892,1.874414226230729,4.5497384e-07,6.6478765e-07,102419.31437540676,400.1879959087725,100773.63191945624,292.70430611302766,False,102585.38353001828,343.2305228406992,False,103719.14317399648,438.80850541584334,False,104851.08372064208,600.7819063773278,False,105463.19249613202,814.1960506896008,False,0.5204276820879729,12.57432216967166,101997.07793688058,281.51527678198346,0.0,0.0017692662835793,False,225770.453125,755.383544921875,False,228265.6373291016,965.732073067206,False,232103.9502756596,1791.8869625611655,False,False,1.1453599875601512,27.673634550050583,False,False,0.45082353026240796,0.00010708991900324907,0.45082353026240796,32.264983561220824,2025052300143,52,R12_S21
COSMOS 1017371,149.70010121907,1.87452371044,2025052300144,60819.03277742538,60819.03260380873,g,1.40272772326422,44.580408582834,310.477618267231,24.60445976257324,30.0009574890137,64.3201814233649,150.055305172887,2.14861735965956,-1,g,20250523,g_6,0.4222375033373874,149.70015106411023,1.874417528280387,745297379172812421,0,447.0442029877775,2717.7825441469686,0.010131086,0.008277787,149.70015106411023,1.874417528280387,4.81141e-07,5.454842e-07,101734.65337549728,401.8190270129602,100334.51265430548,293.45253128249163,False,102030.36613308432,344.31105739310743,False,103340.77460995207,439.9189586946161,False,104209.9017481328,603.8857375384694,False,104936.03633793816,817.4311926309449,False,0.9315681030173172,12.627313830262642,102121.72063345253,285.37581526492545,0.0,0.0017367545321845,False,223933.625,755.68505859375,False,226809.6758422852,965.5228228644664,False,230310.915278256,1794.076970332119,False,False,2.0445817274725786,27.7141038221409,False,False,0.45085224144992525,0.00012062037094793432,0.45085224144992525,32.26491441712988,2025052300144,52,R12_S21
COSMOS 1017371,149.70010121907,1.87452371044,2025052300145,60819.03329943505,60819.033125817456,g,1.40481221680239,44.6667487853224,310.107893731637,24.627742767333984,30.0011191368103,61.1943574848773,149.991527593067,2.04216375513292,-1,g,20250523,g_6,0.4194504864833132,149.700151398786,1.8744185429165128,745297379327475890,0,1991.625051735196,311.43350229703066,0.00985499,0.0071537634,149.700151398786,1.8744185429165128,4.370187e-07,5.1713147e-07,102923.6828257406,402.03998550334126,101159.48058577016,293.67950861379745,False,103113.112657271,344.6921959179946,False,104172.584585793,441.136579469512,False,105139.47921908335,605.1109429239932,False,106202.6468479162,819.2051060011077,False,1.1013530906034816,12.339983134363866,102100.3183719897,281.8994059158238,0.0,0.0002597398363443,False,226305.875,756.5077514648438,False,228631.1342773437,968.1775386140991,False,233086.58135575056,1797.9374644062366,False,False,2.417177296173882,27.082983034268214,False,False,0.4506582522743342,0.00011349665644973594,0.4506582522743342,32.26538167974299,2025052300145,91,R22_S01
COSMOS 1017371,149.70010121907,1.87452371044,2025052300146,60819.03382249743,60819.03364888643,g,1.40673890444413,44.7468432845844,309.912036270345,24.60748291015625,29.9999809265137,58.20163943078481,150.023943514552,2.01090458636751,-1,g,20250523,g_6,0.4196551271581634,149.70015051326305,1.874418062677099,745297379461693502,0,3080.4927097380946,120.41432099644376,0.010299642,0.00783536,149.70015051326305,1.874418062677099,4.774327e-07,5.383205e-07,102366.4734157972,400.5243517302116,100239.33801389764,292.5491152191556,False,102271.96165688608,343.6654592619726,False,103057.13676551584,439.4908278171726,False,104467.87163451266,604.445024739024,False,105519.44227719812,817.7807069123354,False,1.1139216853193743,12.481614340142896,102410.01167580576,283.897664477828,0.0,0.0002443585851196,False,224836.828125,755.5213623046875,False,226562.9735717773,966.1858647823284,False,231976.1577148437,1797.8262787297365,False,False,2.448868824351913,27.4398430679587,False,False,0.4530838651705463,9.957687199364841e-05,0.4530838651705463,32.259553508159215,2025052300146,91,R22_S01
COSMOS 1017371,149.70010121907,1.87452371044,2025052300147,60819.034343319145,60819.0341697015,g,1.41002545665852,44.8817228314834,310.163033240761,24.58467102050781,30.001128911972,55.5475708027399,150.254846644606,2.22965398466844,-1,g,20250523,g_6,0.4170706150520449,149.7001499825146,1.8744186077457148,745297379573892735,0,2470.3760831541417,2996.9419877732403,0.0103027895,0.008347333,149.7001499825146,1.8744186077457148,5.0140613e-07,5.4022087e-07,103155.42549269336,404.8902585849417,101093.60757607236,294.9717201735599,False,103175.1695506272,346.6999908391512,False,104455.53320713608,443.8482665501095,False,104925.2594999003,608.7815250325574,False,104626.51518843314,824.4642635344698,False,0.657400047226451,12.658801644219754,102084.25997337542,284.8368411657489,0.0,0.0052973930975038,False,224599.28125,754.7219848632812,False,227386.4708251953,966.2014812807934,False,227758.6769506932,1794.754317464815,False,False,1.4310766703254656,27.556608466564825,False,False,0.45564003045399454,0.00012064149077709388,0.45564003045399454,32.25344531946318,2025052300147,49,R12_S11
COSMOS 1017371,149.70010121907,1.87452371044,2025052300148,60819.03486655337,60819.03469293634,g,1.41476624740229,45.0747790028954,309.947470701875,24.550582885742188,30.0010232925415,52.5313032625049,150.201334180456,2.27357153551363,-1,g,20250523,g_6,0.429361797643277,149.70015277540566,1.874416149085018,745297379708110706,0,1865.774182323932,3315.0249234938155,0.0099796,0.008271405,149.70015277540566,1.874416149085018,4.971031e-07,5.2156565e-07,102763.29039686167,403.4899597888208,100616.7705551053,294.28177473195973,False,102819.41980897397,345.9122659274162,False,104091.9036844168,441.99525852654415,False,104809.59092194132,607.1524376804455,False,105649.4305885386,822.6002283152678,False,0.9953314448989232,12.479361220926185,102167.95950409136,284.9104484004937,0.0,0.0037815325770578,False,224458.78125,755.139892578125,False,227236.66290283203,964.8927919595968,False,230636.8045425415,1795.768202608566,False,False,2.172847147716688,27.24292955194371,False,False,0.4558220184577653,0.00013819974301490626,0.4558220184577653,32.25301175019414,2025052300148,49,R12_S11
COSMOS 1017371,149.70010121907,1.87452371044,2025052300149,60819.03539085956,60819.03521724209,g,1.41957821031865,45.2685581288527,309.783192040152,24.49302673339844,30.0010979175568,49.5539508675915,150.174459466905,2.34127220433874,-1,g,20250523,g_6,0.4214787338581133,149.70015144315272,1.874417940103533,745297379842328129,0,1215.8299688623044,2899.294029925762,0.011367254,0.008697105,149.70015144315272,1.874417940103533,5.509231e-07,5.739873e-07,102580.64792365833,406.3847033101473,99999.41488954148,294.9062676399686,False,102696.94734040723,347.2190046072289,False,104731.30841667828,444.8029185120629,False,105486.9990317821,609.8429841803571,False,105575.58948712437,825.9615747569409,False,0.6810265068884523,13.07481672744142,101726.22094017208,287.967392284329,0.0,0.0028641361967185,False,223152.0,754.478271484375,False,227572.4989013672,966.5200713590192,False,229407.05206298828,1794.7464077896705,False,False,1.4798144540891984,28.410498831000965,False,False,0.4584058760897736,0.00011964608824381277,0.4584058760897736,32.24687455996964,2025052300149,49,R12_S11
COSMOS 1017371,149.70010121907,1.87452371044,2025052300150,60819.03591508551,60819.03574146869,g,1.42198792103215,45.3651848808019,309.501731222097,24.462703704833984,30.0009865760803,46.4923254323404,150.149509749205,2.2800978499214,-1,g,20250523,g_6,0.4201975587124554,149.70015133197725,1.874418281305925,745297379976546314,0,2331.884590029332,3949.591497002211,0.0110577205,0.00881242,149.70015133197725,1.874418281305925,5.526702e-07,5.5891155e-07,102297.50843473552,407.3531716698705,99617.92859162434,295.2742412306828,False,102490.6161255436,347.90367870173736,False,104427.53111416136,445.8184715501674,False,105556.30751466886,610.9753449685197,False,105782.73368131122,828.305029116633,False,0.8828224551170721,12.52739347387471,100389.51813265593,285.39719421826027,0.0,0.0078687235282406,False,223408.15625,758.357421875,False,227630.22674560547,971.7912382262764,False,230584.28554940224,1805.532119554014,False,False,1.9243687319843144,27.30710365901596,False,False,0.4591748089163394,0.00013978745624265062,0.4591748089163394,32.24505486516155,2025052300150,49,R12_S11
COSMOS 1017371,149.70010121907,1.87452371044,2025052300151,60819.03644384879,60819.0362702315,g,1.4192480279808,45.2558166525689,309.117104902972,24.495271682739254,30.0010671615601,43.3681544846423,150.210718143941,2.0157939403292,-1,g,20250523,g_6,0.4201700304256208,149.70015009626292,1.8744177118084184,745297380112860420,0,2753.828505012195,2446.455764950498,0.01118545,0.008769293,149.70015009626292,1.8744177118084184,5.627164e-07,5.5464636e-07,103129.74492886115,405.250399868416,100149.14414686694,294.23782371932003,False,102690.18058962398,346.3128049634785,False,103861.9909166484,443.15542760686657,False,104764.81233068374,607.9039165758477,False,105149.96587746244,824.5403916414263,False,0.7150594588069326,12.459147170280996,101358.18887241292,287.3209638951233,0.0,0.0063730031156702,False,222689.84375,751.0001831054688,False,225230.98504638672,961.009245130386,False,228024.03635013103,1788.065518298894,False,False,1.5506495191592344,27.01841130941076,False,False,0.45815819457190426,0.00012565649481890997,0.45815819457190426,32.24746135320397,2025052300151,53,R12_S22
COSMOS 1017371,149.70010121907,1.87452371044,2025052300152,60819.03696702246,60819.03679341146,g,1.431984432422,45.7604770931153,308.92021940585,24.56989097595215,29.9999806880951,40.3375103412338,149.955612562019,2.29531192727297,-1,g,20250523,g_6,0.4239731914781517,149.70015185267098,1.8744173674460431,745297380246553710,0,645.3431987348042,1854.1248049458643,0.009641509,0.008138039,149.70015185267098,1.8744173674460431,5.026413e-07,4.892564e-07,102810.31057286,405.2710575330664,100923.68363313096,295.1760579084623,False,102994.606917427,346.8388662499257,False,104544.96564235652,444.0253102909229,False,105876.15924925776,609.0086883570308,False,106178.0795343205,824.822023670576,False,1.1883279062083214,12.923670757368898,102827.0863308478,285.65222308128443,0.0,8.46255389774786e-06,False,224410.734375,755.7130126953125,False,227788.7475585937,967.4685786544148,False,231347.07258921865,1797.1709548732526,False,False,2.58919904732792,28.15885736431839,False,False,0.4546351609672562,0.00013173639608946426,0.4546351609672562,32.25584244867483,2025052300152,52,R12_S21
COSMOS 1017371,149.70010121907,1.87452371044,2025052300153,60819.03749054286,60819.037316925904,g,1.43407794383834,45.8421282911623,308.587056362404,24.536006927490234,30.0010101795197,37.2342492479194,149.912888780995,2.19448750557115,-1,g,20250523,g_6,0.4249205919686153,149.70015121903018,1.874416777819117,745297380380772336,0,1599.466034246174,3692.2231152008926,0.010296769,0.008778553,149.70015121903018,1.874416777819117,5.4304235e-07,5.2067924e-07,102862.56492583064,404.73857093656017,100192.875561535,294.3249020058657,False,102677.6694172274,346.2766855705683,False,103926.5833944996,443.5954378093746,False,105036.79483528674,607.9716482991474,False,105465.94117642756,824.0094278513715,False,0.6428661077989709,12.700962951781282,101547.9298570921,285.47074870637687,0.0,0.0007600997499808,False,224387.140625,756.7374267578125,False,227116.4608154297,969.4134318522046,False,230480.5037767291,1800.7529817636196,False,False,1.404890552663162,27.75611071141137,False,False,0.45785934016187746,0.00016254617506025856,0.45785934016187746,32.24816980484845,2025052300153,52,R12_S21
COSMOS 1017371,149.70010121907,1.87452371044,2025052300154,60819.03801396572,60819.037840348734,g,1.43300410812447,45.8001591669282,308.827834529354,24.49299430847168,30.0010154247284,34.5881701498439,150.25755973053,2.28058091999257,-1,g,20250523,g_6,0.4255797335332194,149.70015192076357,1.874416905704677,745297380513941089,0,1922.707494008632,3111.310160831584,0.010981818,0.008964116,149.70015192076357,1.874416905704677,5.7678153e-07,5.3679724e-07,102261.55448374528,407.4532571352497,99642.13091691532,295.8674757439874,False,101942.86346959988,348.48877859788723,False,103141.10261235852,446.8272852127391,False,103877.58086904704,614.0026814283885,False,103085.22077610531,832.0900108668698,False,0.1831015194784864,12.927218556211267,101172.3105841054,286.55413318338486,0.0,0.0045862620298881,False,221127.578125,755.9183349609375,False,223726.71759033203,969.2275854967156,False,223605.5024832487,1804.913484109316,False,False,0.3971714563948782,28.040849883327063,False,False,0.45984376012167266,0.00012150944350218305,0.45984376012167266,32.24347425581242,2025052300154,50,R12_S12
COSMOS 1017371,149.70010121907,1.87452371044,2025052300155,60819.03853933948,60819.03836572217,g,1.4321930438419,45.7685780190793,308.383072018388,24.459522247314453,30.0010714530945,31.408017313857,150.233851377905,2.04166742901021,-1,g,20250523,g_6,0.4234099397016407,149.70015128333966,1.874417271379787,745297380653401706,0,179.6393358126083,3015.7776479047634,0.011221883,0.009354446,149.70015128333966,1.874417271379787,5.975346e-07,5.50043e-07,102081.94380792372,406.71566697362834,99032.26665708856,294.4632636947862,False,101787.5188596449,347.12497007217263,False,103313.42498110369,444.90303083070216,False,103842.97698956211,610.6768207085227,False,102793.999257844,828.2429559392543,False,-0.0419972304071674,12.740328202190982,101718.04687076276,289.78701055807545,0.0,0.0005715176836694,False,222104.71875,757.4415283203125,False,225434.31115722656,970.7974380427924,False,224300.90201759333,1807.2615468622928,False,False,-0.0916397526176562,27.7999409341354,False,False,0.45658659985955086,0.00013740584557263703,0.45658659985955086,32.25119209639638,2025052300155,60,R13_S20
COSMOS 1017371,149.70010121907,1.87452371044,2025052300156,60819.039063642136,60819.03889002522,g,1.43964143747718,46.0577614562416,308.241571760969,24.395952224731445,30.0010023117065,28.4343147652357,150.151671427464,2.18526821470178,-1,g,20250523,g_6,0.4262845012772638,149.70015173534145,1.8744166015046853,745297380783948649,0,2284.35522874308,1798.2561796329653,0.012918585,0.009903205,149.70015173534145,1.8744166015046853,6.840007e-07,5.9234736e-07,102865.04391338953,407.0928186497178,99297.91790033376,294.27442334365657,False,102305.51720142656,347.24430276930167,False,103886.90382206305,445.2001711548773,False,103761.5290960506,611.0051782644373,False,104064.00170192787,828.6442933950459,False,0.1265370176490423,12.474776513127631,102265.11235233943,290.1666450960857,0.0,0.0023951048033798,False,221225.1875,750.8801879882812,False,224644.7738647461,962.6997060662576,False,225027.72986507416,1791.8582906550012,False,False,0.273623321799793,26.97542467532508,False,False,0.46181117751742523,0.00010090631388094925,0.46181117751742523,32.23883889944688,2025052300156,53,R12_S22
COSMOS 1017371,149.70010121907,1.87452371044,2025052300157,60819.039587964784,60819.03941434745,g,1.44272319370146,46.1755823267784,308.251917236785,24.46883201599121,30.0010755062103,25.5950882848467,150.266106164615,2.27726667074123,-1,g,20250523,g_6,0.4188658439500049,149.70015205437386,1.874419038394603,745297380916594663,0,3850.254171967379,3875.768357057528,0.010683651,0.009476,149.70015205437386,1.874419038394603,5.8191165e-07,5.39828e-07,103646.47262747446,409.7985157929056,100256.70550308646,296.75043838407004,False,103122.00344598589,349.8485019248506,False,103918.78906921398,448.4976321971356,False,104481.06832187853,615.3476625503242,False,104678.35382150412,833.6555266678241,False,0.230910135754544,13.005812805295854,103317.3042968692,291.6733451588319,0.0,0.0007295000571253,False,223663.640625,758.7943115234375,False,225391.8069458008,972.7566365741347,False,227039.24407958984,1808.1342864846697,False,False,0.5008262048276242,28.208600920397924,False,False,0.46204429300570937,0.00012081229343219104,0.46204429300570937,32.23829097406468,2025052300157,50,R12_S12
COSMOS 1017371,149.70010121907,1.87452371044,2025052300158,60819.04011130775,60819.03993769669,g,1.44477254328005,46.2538617978686,307.755052620713,24.521020889282227,29.9999902248383,22.3603055955228,150.138849272423,2.08976905898026,-1,g,20250523,g_6,0.7073891380371445,149.70013049081786,1.8743294036060056,745297381052385441,0,3610.450491698544,3994.1254934000817,0.06211048,0.23132972,149.70013049081786,1.8743294036060056,5.8220726e-06,1.1974924e-05,,,46221.23824078343,251.44119047453145,True,,,True,,,True,,,True,,,True,1.3852236154327977,12.401999258952504,56043.505172352576,235.28536423421687,,,True,,,True,,,True,,,True,True,3.006643709946662,26.918681321385336,True,False,0.4602381303789723,0.00013280700032842615,0.4602381303789723,32.2425435080234,2025052300158,53,R12_S22
COSMOS 1017371,149.70010121907,1.87452371044,2025052300159,60819.04063972704,60819.04046610962,g,1.45087684406896,46.4852742203282,307.776779260571,24.53596305847168,30.001091003418,19.5190195783331,150.182674632198,2.26978098469094,-1,g,20250523,g_6,0.4319815935107517,149.70015359730397,1.874415737161484,745297381186601516,0,3590.5237007220144,971.3814032049314,0.009780698,0.008809345,149.70015359730397,1.874415737161484,5.379848e-07,4.959536e-07,102300.96642985137,402.493533585373,99925.19321346314,292.8872123991961,False,102239.09346720632,344.6584450795622,False,103509.8712187127,442.0204536955975,False,104447.21101359128,607.1751096040781,False,104823.8311742435,822.3210400834017,False,0.7115074812539256,12.547050749097732,101236.7383118357,282.131057867226,0.0,0.0006951736335979,False,221725.265625,747.4585571289062,False,224481.1931762696,958.6069201481685,False,227330.76969617605,1783.3623603088924,False,False,1.5430417067010027,27.21070840721401,False,False,0.46113528134506404,9.897076033736582e-05,0.46113528134506404,32.240429121867976,2025052300159,53,R12_S22
COSMOS 1017371,149.70010121907,1.87452371044,2025052300160,60819.04116299786,60819.04098938085,g,1.45124734542539,46.4991077067443,307.344528760718,24.46099281311035,30.0010204315186,16.3399090262075,150.133768595122,2.06473589996959,-1,g,20250523,g_6,0.4215605834366002,149.7001513338565,1.8744178631761603,745297381344936435,0,53.37460624156268,837.8920385771503,0.011019561,0.009211097,149.7001513338565,1.8744178631761603,6.051522e-07,5.2082055e-07,101720.31794511508,403.45993506920325,99518.2733439412,292.97370932883354,False,101695.65956889348,344.5631219292533,False,103147.50681162396,441.44694400938846,False,104855.2677074892,605.952348465029,False,104845.7682119764,821.2572547188736,False,0.8437484857059946,12.693040674146964,100575.5500207704,283.6563218634043,0.0,0.0071993976140075,False,222201.59375,752.8588256835938,False,225373.83111572263,964.5467164555056,False,229084.47512316704,1794.4194634350115,False,False,1.843562046234743,27.733866708621395,False,False,0.45496613535115993,0.00012359356595884356,0.45496613535115993,32.2550523203213,2025052300160,99,R23_S00
COSMOS 1017371,149.70010121907,1.87452371044,2025052300161,60819.04168941305,60819.04151579553,g,1.46018864300656,46.8326771301039,307.250293044909,24.598752975463867,30.0011074542999,13.3941703911105,150.044206063376,2.25985513003907,-1,g,20250523,g_6,0.4220529794832001,149.70015190366158,1.874417982862859,745297381455037764,0,2196.177251350867,2378.864334769271,0.009016993,0.008550781,149.70015190366158,1.874417982862859,4.999303e-07,4.767084e-07,102200.4822903408,403.51847007268304,100695.22190801536,294.54643306607363,False,102399.94840770896,345.99749401974174,False,103556.29846736316,442.8715304978577,False,104800.32090978428,608.327542138969,False,105395.29262875071,824.3671417381302,False,0.9788304649478984,12.454387604488591,102377.0372606738,282.98391192236363,0.0,0.0048538518411112,False,222347.34375,751.2857666015625,False,224858.1981811524,961.6343558751496,False,228851.31998750567,1789.9993807658398,False,False,2.125395151530741,27.04298239355842,False,False,0.45814528245955544,0.00010707477643474919,0.45814528245955544,32.24749195255933,2025052300161,53,R12_S22
COSMOS 1017371,149.70010121907,1.87452371044,2025052300162,60819.04221461984,60819.04204100278,g,1.45818122672534,46.7581107342129,306.942964319517,24.624217987060547,30.0010273456573,10.3219847059654,150.122653460227,2.05144791559723,-1,g,20250523,g_6,0.4288029542600152,149.70015333253494,1.874416590204772,745297381613372445,0,434.0467377728149,1805.2765457658547,0.009089167,0.008235257,149.70015333253494,1.874416590204772,5.0378804e-07,4.5947132e-07,102534.48832603522,403.4713931212397,100516.7293797234,294.5088592999813,False,102488.60362108758,345.9520147840396,False,103585.00543385024,441.9407578671661,False,104425.85260703476,606.6194514347374,False,106062.00049481976,821.8677947199221,False,0.8460730660419777,12.775988181659638,101300.38416318796,281.46156696785334,0.0,0.0073266940942054,False,224686.453125,758.4329223632812,False,227090.1021728516,968.8696876353664,False,232520.4350585937,1801.786278755481,False,False,1.8548516574232208,28.00888458112803,False,False,0.4549913351139824,0.00014996816294495763,0.4549913351139824,32.25499218499466,2025052300162,99,R23_S00
COSMOS 1017371,149.70010121907,1.87452371044,2025052300163,60819.04273919154,60819.04256557977,g,1.46302307270096,46.9365567749042,307.033340814187,24.556262969970703,30.0001132488251,7.53747844026128,150.23632591184,2.22623507034024,-1,g,20250523,g_6,0.4234821697254408,149.7001505430032,1.8744169045623,745297381727143557,0,2260.2136246953714,3004.11758879153,0.009202521,0.009127086,149.7001505430032,1.8744169045623,5.114339e-07,5.0746036e-07,102237.03723403506,404.58943011302574,100036.2236420238,294.379979478192,False,102078.239908454,346.2829980404836,False,103030.0847055324,443.3499937299725,False,103475.00811333784,609.295161374616,False,103082.53018661334,825.5713946536802,False,0.4480224286103449,12.57849401410579,101638.37857366224,283.59662962950284,0.0,0.0011778962219316,False,221722.0625,752.1542358398438,False,223789.5451660156,962.9914770016566,False,223903.46092557907,1793.2067845975432,False,False,0.9731403774872274,27.32149024564503,False,False,0.4606556421225252,0.00014600988137497287,0.4606556421225252,32.241559013045844,2025052300163,60,R13_S20
COSMOS 1017371,149.70010121907,1.87452371044,2025052300164,60819.04350260107,60819.04332898964,g,1.46941944581412,47.1706643920781,306.744218044389,24.43800544738769,30.0000545978546,89.4752308714684,150.196857135253,2.24904961968343,-1,g,20250523,g_6,0.4404101417028697,149.7001569150859,1.87441477281332,745297381852971811,0,3967.792810756195,1590.8833948788467,0.010821325,0.009696758,149.7001569150859,1.87441477281332,5.389708e-07,6.0159664e-07,102888.17763188788,409.9320598547948,100132.13848388268,296.85614058597326,False,102697.2546442981,349.9396645547981,False,103963.9261085006,448.8165241074761,False,104418.40282374504,616.5570833208161,False,105559.9391247035,836.0384756108533,False,0.5849050184572577,13.061069407101623,104029.87346934943,293.1811536055249,0.0,0.0004795607756881,False,220454.421875,751.19580078125,False,223173.51428222656,963.4491953340072,False,226599.58568024635,1794.676785123584,False,False,1.2555827138942917,28.03746327187437,False,False,0.46516170801888107,0.00012443655129842256,0.46516170801888107,32.23099010867975,2025052300164,44,R11_S22
COSMOS 1017371,149.70010121907,1.87452371044,2025052300166,60819.04738498699,60819.04721136994,r,1.49479485314877,48.0689418683515,305.365096640965,24.10187530517578,30.0010249614716,85.7904303092846,150.239630951078,2.17974465754255,-1,r,20250523,r_57,0.3975073034292375,149.70014461354182,1.8744221662482128,745297382125076761,0,1623.7588281213698,501.4333618922479,0.008007052,0.0074956757,149.70014461354182,1.8744221662482128,4.1667317e-07,4.448166e-07,139463.19773504662,618.752731096572,137221.91813049107,421.6411004648033,False,139913.7755192451,516.147574300198,False,141803.32026140738,689.123611771324,False,143205.4689538009,971.4218262448572,False,143879.41074655624,1336.445608326664,False,1.6892375782607143,20.79815608528897,138455.84775115055,358.0335339969906,0.0,0.0008996915724162,False,289311.875,1067.283203125,False,293219.0509033203,1424.9607909473525,False,297511.9636540413,2763.48474870024,False,False,3.4929833697457737,43.00615512123002,False,False,0.4845602360385919,0.00012752343685175648,0.4845602360385919,32.18663056947881,2025052300166,51,R12_S20
COSMOS 1017371,149.70010121907,1.87452371044,2025052300168,60819.04843320498,60819.04825958788,r,1.50025287929403,48.257144074369,304.826834457625,24.125974655151367,30.0010349750519,79.6689534493785,150.20130909939,2.02906823538013,-1,r,20250523,r_57,0.3935929031838277,149.70014535633155,1.8744236737807176,745297382394036894,0,1059.9145480542577,1214.4649547799208,0.00779828,0.007565861,149.70014535633155,1.8744236737807176,4.2087066e-07,4.330531e-07,139805.12580381232,617.4715940597454,137118.41289242648,420.5640007289607,False,140180.19988681996,514.6714936013302,False,142278.998046399,686.062725135042,False,142974.61280294368,966.5241209560118,False,143564.36545611205,1328.8892080371525,False,1.4241636401273476,20.47234370367461,140257.3145427377,361.717188303749,0.0,5.352911770950541e-06,False,289074.53125,1061.3369140625,False,293402.5968017578,1414.7737043935876,False,296053.2349214554,2740.387195956924,False,False,2.936858679225029,42.21732573149978,False,False,0.48581969801090374,0.00013148743935508496,0.48581969801090374,32.18381220075184,2025052300168,52,R12_S21
COSMOS 1017371,149.70010121907,1.87452371044,2025052300170,60819.04948372305,60819.04931010626,r,1.509282809139,48.5631557986637,304.627910459325,24.179670333862305,30.0009808540344,73.7774864775137,150.257450530148,2.13893392419617,-1,r,20250523,r_57,0.4039011967596198,149.70014491952983,1.874420366446182,745297382660901255,0,416.25813282260697,3861.912685969059,0.0075083654,0.007002989,149.70014491952983,1.874420366446182,3.9142785e-07,4.151952e-07,138700.12023862643,616.7217110136271,136880.32362030476,420.3545095660458,False,139514.72835468833,513.9620384502907,False,141946.84672441965,684.6331279451692,False,143207.06330562753,966.0200684930572,False,144120.17131870278,1327.5499334385677,False,2.071140530763393,20.84142794475378,138399.93058451795,357.29269824738947,0.0,0.0004891862083196,False,288764.09375,1063.7857666015625,False,293798.0314941406,1417.036517031437,False,298296.3243575096,2747.729633696259,False,False,4.286794845590132,43.1370660567287,False,False,0.4860852261030564,0.00012421769211848254,0.4860852261030564,32.18321894628208,2025052300170,49,R12_S11
COSMOS 1017371,149.70010121907,1.87452371044,2025052300171,60819.05000675553,60819.04983314385,r,1.51983597806815,48.9146532946996,304.371493136031,24.039276123046875,30.0000991821289,70.7123321199608,150.05981566148,2.24827282565309,-1,r,20250523,r_57,0.3907634624704976,149.7001474760337,1.874425503068169,745297382796166361,0,2194.928697514751,2259.3640608379133,0.008557094,0.008675247,149.7001474760337,1.874425503068169,4.8147723e-07,4.7628328e-07,141136.60368531733,621.4686220211247,137374.36854931308,423.1364502964822,False,140313.62360832863,517.9125118376246,False,140687.8668082702,689.9952459464813,False,140430.33236057224,973.4764337200902,False,141921.08186373653,1337.8489566958267,False,0.1848631981476162,21.235368805936574,139683.8126766636,363.2131850384855,0.0,0.0003677209708191,False,288458.75,1064.73193359375,False,289228.12451171875,1418.5020743762643,False,291763.38562345505,2750.3689792412683,False,False,0.3800444011589082,43.6559742669625,False,False,0.4861288029489526,0.00012483651580004278,0.4861288029489526,32.18312161594556,2025052300171,51,R12_S20
COSMOS 1017371,149.70010121907,1.87452371044,2025052300172,60819.05053419755,60819.050360580506,r,1.52708295956706,49.1524096249721,304.194148454955,24.094764709472656,30.0010259151459,67.7072369708742,149.986392902736,2.31890203176868,-1,r,20250523,r_57,0.4011174738337806,149.7001450419118,1.8744212586536857,745297382930384432,0,951.6057182520226,2798.795005605268,0.009238126,0.007076463,149.7001450419118,1.8744212586536857,4.1284457e-07,4.978867e-07,140217.0297813286,622.8466274684429,137168.68074918527,424.4977384907667,False,139850.9701217445,519.8418729951693,False,141080.18550060847,692.6640519753139,False,140646.24826613575,978.1667816439356,False,138809.93040344573,1345.4501935373887,False,-0.2810647213744757,20.163237003988566,139367.83001778752,362.2538275247503,0.0,2.276014970881146e-05,False,287844.5,1069.9505615234375,False,290374.49951171875,1425.6571658762348,False,285701.80798339844,2769.236694579477,False,False,-0.5784939076307216,41.50044056714184,False,False,0.486092590382028,0.00014177466309940828,0.486092590382028,32.18320249730708,2025052300172,51,R12_S20
COSMOS 1017371,149.70010121907,1.87452371044,2025052300173,60819.05105965396,60819.050886036384,r,1.52008485943737,48.9230469084278,303.935714738226,24.10887336730957,30.0011169910431,64.6669002086476,150.204876889769,2.01910669556274,-1,r,20250523,r_57,0.397619764387973,149.7001449930086,1.874422295054032,745297383065125558,0,3685.439674898464,1282.9214778062185,0.0080892425,0.0075617125,149.7001449930086,1.874422295054032,4.2574993e-07,4.4440677e-07,139408.15181624136,622.488229536214,136342.25602495542,423.1779913816615,False,138848.7688369072,518.4697593408868,False,140005.42448975492,691.933898081332,False,140283.00566328966,976.3857724998072,False,141160.1426094552,1343.3767011642967,False,0.7603149158979263,21.028001840858444,139563.16570554767,360.5612507020106,0.0,0.0002578679669706,False,286050.40625,1068.129638671875,False,288433.2996826172,1425.4931772337052,False,290812.20149075985,2767.568299911989,False,False,1.566368880274336,43.32100687380707,False,False,0.4863478793209422,0.00013258576003636444,0.4863478793209422,32.182632433722404,2025052300173,52,R12_S21
COSMOS 1017371,149.70010121907,1.87452371044,2025052300174,60819.05158376184,60819.05141014508,r,1.52930023461921,49.2245271868516,303.771321131549,24.10809898376465,30.0009758472443,61.66600890677161,150.090128915959,2.13982593256049,-1,r,20250523,r_57,0.402256457191303,149.70014500439504,1.8744208986901447,745297383199343854,0,1274.1609773858854,2165.9117131134576,0.009017712,0.007362911,149.70014500439504,1.8744208986901447,4.3159898e-07,4.8216975e-07,140282.53669743295,623.2008736973863,137107.84654536744,424.3879722514337,False,140165.74380973997,519.8099008061527,False,142651.13438034675,692.4032383836923,False,143633.10586344785,978.1257699091856,False,142253.88972506492,1344.8449577706965,False,1.398158346866266,21.273717418650364,140405.30062094732,364.8316018387442,0.0,0.0004982949262003,False,288176.21875,1068.7122802734375,False,293286.10107421875,1423.558579038496,False,292469.378959626,2764.957572382476,False,False,2.874568169527833,43.73807235514178,False,False,0.48728168672369443,0.00013226422121637632,0.48728168672369443,32.18054977548836,2025052300174,52,R12_S21
COSMOS 1017371,149.70010121907,1.87452371044,2025052300175,60819.05210794845,60819.05193433684,r,1.53447030773352,49.3917480094377,303.574514904018,24.04157829284668,30.0000874996185,58.6487831008003,150.055575759506,2.14862655302494,-1,r,20250523,r_57,0.3918722764490356,149.7001436669904,1.874423464907468,745297383333561747,0,1245.9528932580688,2590.746774279849,0.0083841635,0.0085789785,149.7001436669904,1.874423464907468,4.7390924e-07,4.689727e-07,140054.55290946097,626.1307643110615,136874.41590694405,425.1909314622834,False,139901.85735977234,520.914543369927,False,142316.19273066736,694.0976006170253,False,141275.90425664696,980.3783607829428,False,142092.90361855444,1347.9258738363485,False,0.2732122757592572,21.10322092433877,139478.2740614913,365.8098226922812,0.0,0.0001549343862718,False,286993.53125,1068.599853515625,False,291946.2791748047,1423.8661672729943,False,291488.2257080078,2765.1241641540214,False,False,0.5604654382776209,43.29097560334726,False,False,0.4882299646100743,0.00013394792245470681,0.4882299646100743,32.17843892431338,2025052300175,52,R12_S21
COSMOS 1017371,149.70010121907,1.87452371044,2025052300176,60819.05263225407,60819.05245864012,r,1.53787616460555,49.5007025032297,303.24315845937,24.133777618408203,30.0004906654358,55.5385798249305,149.991442560587,2.04217168508718,-1,r,20250523,r_57,0.4063343437916021,149.70014597290185,1.874420081190343,745297383488225482,0,2595.091992450498,333.96147904357275,0.0074579157,0.007844193,149.70014597290185,1.874420081190343,4.2929068e-07,4.2154477e-07,139837.71746297582,624.2113140081765,137173.8117833188,425.9361890429352,False,139716.9335994413,521.6974917340165,False,141820.80280101672,693.7787568454476,False,141830.6543719586,981.9628347220488,False,142194.81123770037,1350.4930412993124,False,0.8845704538184881,21.42343204142581,138912.38418081426,359.90284417903496,0.0,2.734880858001887e-06,False,287980.6875,1075.3084716796875,False,292317.12463378906,1429.9976260719068,False,293088.020501256,2783.598984589345,False,False,1.823252206229738,44.15738686039988,False,False,0.4862975690380967,0.00012663517233325985,0.4862975690380967,32.18274475357276,2025052300176,91,R22_S01
COSMOS 1017371,149.70010121907,1.87452371044,2025052300177,60819.05315691188,60819.052983294256,r,1.54074662795926,49.5927313942236,303.070767374686,24.135236740112305,30.0011241436005,52.5415089313531,150.023900764802,2.01090993389161,-1,r,20250523,r_57,0.4017893032113633,149.70014415127608,1.874420680470449,745297383622443162,0,3696.747410955019,245.71811036230443,0.007498039,0.008048726,149.70014415127608,1.874420680470449,4.3635367e-07,4.2829726e-07,139793.19659825077,623.7690857952772,136539.8933268408,424.4442931071311,False,139310.83786254446,520.1640744629598,False,140672.24682221937,694.201485443498,False,142501.46490530978,981.0233092133996,False,144683.67550169837,1348.761248196422,False,2.051405434175193,21.21318581302668,139860.6655760669,362.3685945306602,0.0,2.2871873366359097e-06,False,287497.75,1073.469970703125,False,290307.30895996094,1432.633441689489,False,298585.7511639595,2783.4576985766507,False,False,4.233514460985879,43.77795213316148,False,False,0.4869525598879427,0.00012097366042544837,0.4869525598879427,32.18128336689386,2025052300177,91,R22_S01
COSMOS 1017371,149.70010121907,1.87452371044,2025052300178,60819.05368098723,60819.053507370285,r,1.54453623898779,49.712918357704,303.316611877655,24.087556838989254,30.0010073184967,49.8380042449246,150.254847020214,2.22966820976591,-1,r,20250523,r_57,0.3991025848731001,149.7001442013666,1.8744215104203288,745297383734642386,0,3654.548211258151,3095.869817166261,0.007943537,0.007914167,149.7001442013666,1.8744215104203288,4.404536e-07,4.407525e-07,140786.9051916882,625.6797686787812,137579.67427831356,425.2520551998993,False,140381.45009015402,520.925775076128,False,142489.30029928617,695.1422356524322,False,142150.58562480818,979.8818490218814,False,142565.87771037532,1348.851883825648,False,0.6310984270922672,21.375499220793984,140109.89467020042,364.09463057977706,0.0,0.0003654848296572,False,288374.625,1070.0970458984375,False,292704.61669921875,1427.97628461021,False,292861.92368096113,2770.840847768437,False,False,1.2964161015144469,43.91001494873855,False,False,0.48819261030908745,0.00013581787089207391,0.48819261030908745,32.1785219967823,2025052300178,49,R12_S11
COSMOS 1017371,149.70010121907,1.87452371044,2025052300179,60819.05420634805,60819.05403273058,r,1.55110064418061,49.918687075789,303.138460403067,24.10112953186035,30.0010991096497,46.8299842760561,150.201300980944,2.27358272199028,-1,r,20250523,r_57,0.3956833003377186,149.70014477392425,1.8744227864178813,745297383868860185,0,3025.4526776726384,3354.8505836404124,0.0088688815,0.007471594,149.70014477392425,1.8744227864178813,4.5329207e-07,4.5807664e-07,140215.46076140387,626.1208251110155,136457.655469387,424.8866601945376,False,140174.84342620018,521.2341080774258,False,142364.42367098157,695.5938382711321,False,143117.78435727765,981.9299080291646,False,143318.700417342,1351.1291673864862,False,1.0514522661139187,21.01918287275864,138634.60459556832,362.9909335959136,0.0,0.0020709174498491,False,287828.0,1070.2760009765625,False,292323.9743652344,1428.2975346236894,False,294283.43842196465,2774.340933687316,False,False,2.1589993999912744,43.15973694014186,False,False,0.48874825198013644,0.00012694118104901743,0.48874825198013644,32.17728695714486,2025052300179,49,R12_S11
COSMOS 1017371,149.70010121907,1.87452371044,2025052300180,60819.05472985945,60819.05455624539,r,1.55762419600726,50.1214566041111,303.008714232298,24.10588264465332,30.000509262085,43.8551004511802,150.1745061277,2.34128215776813,-1,r,20250523,r_57,0.397606135611317,149.70014471145006,1.8744221782355712,745297384003077784,0,2419.047162865971,2876.6337640045112,0.008460642,0.007088887,149.70014471145006,1.8744221782355712,4.3531304e-07,4.3223213e-07,139540.5672697729,626.6411461596837,136847.5254538337,425.9003492802855,False,139552.41563573075,522.159236872708,False,141355.51712691362,696.8387420568314,False,141995.89022591425,984.4289818889054,False,143258.95766689422,1353.2192102558524,False,1.2101647883030782,19.912251632957062,139138.4958857485,361.48159636154696,0.0,0.0001777931135918,False,286300.4375,1071.2420654296875,False,289999.6120605469,1429.6079061689816,False,293904.6384040117,2776.2131537797536,False,False,2.482728133081177,40.8512194371937,False,False,0.4883192416710248,0.00014250846416038698,0.4883192416710248,32.178240406231595,2025052300180,49,R12_S11
COSMOS 1017371,149.70010121907,1.87452371044,2025052300182,60819.05577405935,60819.0556004482,r,1.55842020649872,50.1458792725538,302.395812161659,24.015743255615234,30.0000064373016,37.6756273578653,150.210690124695,2.01580683727299,-1,r,20250523,r_57,0.3929555527571539,149.70014512323297,1.874423764692313,745297384273610238,0,3556.0197056143925,2983.727889194391,0.009182713,0.008321537,149.70014512323297,1.874423764692313,4.9309244e-07,4.8088737e-07,140095.78557274985,632.1618940020383,136473.4024852212,427.4427890955906,False,140166.62969035795,524.7768922484022,False,143024.6281723349,700.2980690353421,False,142519.09289024395,988.9246302519322,False,141408.19316879025,1359.629625829063,False,0.0510810837915357,21.437354348706425,139541.86919527708,370.10453966669286,0.0,0.0003067572172713,False,286498.6875,1072.6368408203125,False,292340.3975830078,1431.399742439634,False,289036.4263883829,2779.0644902189474,False,False,0.1044090415434968,43.817661150479246,False,False,0.49064140779271054,0.00012891000881323685,0.49064140779271054,32.1730895055044,2025052300182,53,R12_S22
COSMOS 1017371,149.70010121907,1.87452371044,2025052300183,60819.05629904333,60819.05612542596,r,1.57537657538921,50.6608282890888,302.267613347431,24.0400447845459,30.001081943512,34.6800687849451,149.955648508789,2.29532349680353,-1,r,20250523,r_57,0.4035435353833334,149.70014533468122,1.87442065084664,745297384407303082,0,1528.8011914579788,1764.9221179800966,0.009465601,0.008034959,149.70014533468122,1.87442065084664,5.017155e-07,4.7383756e-07,140279.0686383862,631.0759782930679,136903.10972046855,427.84260211585865,False,140181.59512263635,524.8377672153006,False,142115.93212928926,700.0985330324952,False,143097.97458553832,990.1510160600888,False,143281.33563819178,1361.3132643683682,False,1.0001528193312823,20.520875716460107,139418.5769806769,367.6946691912138,0.0,0.0001507149846046,False,286428.0625,1072.38232421875,False,290380.42443847656,1430.486407293056,False,292761.6519369483,2781.5229269396327,False,False,2.043576647807118,41.92957475713469,False,False,0.48986335468701275,0.00011868893702968719,0.48986335468701275,32.174812619222386,2025052300183,52,R12_S21
COSMOS 1017371,149.70010121907,1.87452371044,2025052300184,60819.0568244956,60819.05665087861,r,1.57877588362422,50.7624459240501,301.96770998692,24.0918083190918,30.0010142326355,31.588593686959896,149.912841948816,2.19449786803082,-1,r,20250523,r_57,0.3994677399035712,149.70014456219073,1.8744215525758527,745297384541521886,0,2289.604887095796,3695.091617124287,0.008544209,0.007862727,149.70014456219073,1.8744215525758527,4.648383e-07,4.4777735e-07,139761.6830867877,631.137412684802,136535.68766477826,428.0470985016876,False,139250.9022967447,525.2265832278829,False,140774.03290809726,701.6159567023,False,141205.09394766935,991.2582577680712,False,141927.4857652559,1363.3905432287736,False,1.0020913138211396,21.63078699318739,139083.97347253442,362.1230312163872,0.0,0.0002435697381526,False,285211.0,1075.7589111328125,False,288330.6466064453,1437.036208214916,False,290693.12639951706,2792.470093990279,False,False,2.0524640127443003,44.30375880773156,False,False,0.48915582706942357,0.00012565610531308966,0.48915582706942357,32.17638192143492,2025052300184,52,R12_S21
COSMOS 1017371,149.70010121907,1.87452371044,2025052300185,60819.05734536407,60819.05717174669,r,1.5768845329834,50.7059443464891,302.186326734771,24.125200271606445,30.0010828971863,28.8779830543022,150.257438228822,2.28059105298522,-1,r,20250523,r_57,0.4039080509499895,149.7001447941029,1.874420311488014,745297384674691054,0,3063.8977092760483,3591.5690065505974,0.008078839,0.0071884342,149.7001447941029,1.874420311488014,4.3792676e-07,4.1150895e-07,140396.3772180503,632.1126933587295,137255.47259434883,428.9795555766123,False,140317.57864959846,526.2503201262128,False,141715.38262766608,702.8951941422665,False,142716.95569441898,992.160300412604,False,142054.09775625003,1366.032281140568,False,0.811315700107288,21.459202236178506,140840.5783068541,365.1431135657068,0.0,1.0195495040554723e-05,False,287113.8125,1076.79833984375,False,289973.958984375,1438.2440241651884,False,290667.0281839371,2795.13614766515,False,False,1.6600909596694833,43.90920529368304,False,False,0.4899990952774221,0.00013850415938232834,0.4899990952774221,32.17451180460415,2025052300185,50,R12_S12
COSMOS 1017371,149.70010121907,1.87452371044,2025052300186,60819.060335375776,60819.06016175856,i,1.6048595779909,51.5221523583657,301.165754375429,23.552976608276367,30.0010542869568,85.6094544130651,150.196679645638,2.24905652054285,-1,i,20250523,i_39,0.3913505738961078,149.7001450596262,1.8744242237653024,745297384809431726,0,354.0329107275849,1156.3925892806906,0.0071935384,0.0092259385,149.7001450596262,1.8744242237653024,5.120098e-07,4.0043372e-07,158013.0059364159,946.4937288498664,154593.3817999151,612.7460083219461,False,157786.7649290827,774.2479005643644,False,159070.07443568145,1060.8746443518476,False,159626.8070815961,1521.3326339209232,False,158291.0937244625,2109.0698640968185,False,1.2595471381671632,33.61600379270695,157880.55400303417,451.8556537754259,0.0,0.0001602830313526,False,268365.59375,1316.8499755859375,False,270548.26171875,1804.3481273842144,False,269223.36212289333,3587.1309396131173,False,False,2.1422526518131404,57.1744963615086,False,False,0.5914883631439198,0.00017016632633409868,0.5914883631439198,31.970134487996276,2025052300186,51,R12_S20
COSMOS 1017371,149.70010121907,1.87452371044,2025052300187,60819.06085855108,60819.06068493374,i,1.60701289277718,51.5833990429129,300.975384636967,23.593307495117188,30.0010762214661,82.5936304866517,150.239822970564,2.17975306782155,-1,i,20250523,i_39,0.4079949856124402,149.700148441506,1.874420673766058,745297384943648889,0,2191.873985446081,253.86711207701825,0.008116106,0.008868394,149.700148441506,1.874420673766058,4.9205136e-07,4.5157716e-07,157275.84218801183,942.6261160277774,153858.31817902613,612.4524265375358,False,157210.6637548202,774.1144979926854,False,158576.0065182553,1058.0276031940289,False,161030.35211793814,1522.512203928763,False,164913.15478537054,2110.389534463732,False,2.671097483408213,33.077996607011336,156963.85766474318,451.2388056448835,0.0,0.0006613848607267,False,267018.375,1314.8140869140625,False,269337.37548828125,1797.0333854108694,False,280100.8631042242,3584.4437689566985,False,False,4.536792177142515,56.18214878880232,False,False,0.5910713030010076,0.0001753361861750973,0.5910713030010076,31.970900313735914,2025052300187,51,R12_S20
COSMOS 1017371,149.70010121907,1.87452371044,2025052300188,60819.06138473396,60819.06121111697,i,1.61162929615234,51.7141467747007,300.835965644642,23.70131492614746,30.0010170936584,79.6089593496178,150.25927645075,2.18651697283741,-1,i,20250523,i_39,0.3906007469600674,149.70014468569187,1.8744242872571224,745297385076295919,0,2687.65100455591,3909.848755522273,0.007260921,0.007972672,149.70014468569187,1.8744242872571224,4.4171708e-07,4.0479193e-07,157317.1532429419,945.932215227561,153669.3678434817,612.189028252997,False,156858.81788338558,773.7979796250495,False,158253.51421932172,1059.5732346884647,False,158764.82411380604,1522.901336586383,False,159474.72094851924,2109.8683714056133,False,1.4276981300600895,33.43820912618121,158091.09063122814,447.92015313449446,0.0,0.00088057959154,False,265653.96875,1310.4937744140625,False,268016.0075683594,1794.4788745349842,False,270084.2267392874,3573.244488050981,False,False,2.4179302097595943,56.630497935197,False,False,0.5912794848959144,0.00020688910065205888,0.5912794848959144,31.970517972682607,2025052300188,48,R12_S10
COSMOS 1017371,149.70010121907,1.87452371044,2025052300189,60819.06190884062,60819.06173522301,i,1.61441133149417,51.7928086246081,300.476729133214,23.73969078063965,30.0011231899261,76.4829965110787,150.201244868125,2.02907747709592,-1,i,20250523,i_39,0.3985339060618861,149.70014614410118,1.8744225212794088,745297385212609187,0,1575.3048727810574,1172.661291842344,0.007163692,0.0075752055,149.70014614410118,1.8744225212794088,4.1969238e-07,3.9935864e-07,157673.74393547277,943.9997074414312,154591.11008290257,612.1833767658497,False,157293.22756414147,773.0394693238912,False,158610.27464564206,1059.2776232708482,False,158187.09393868677,1521.0747371837276,False,156594.87295638246,2107.83425066907,False,0.7546481562658955,33.53608391103556,156750.73525485888,444.7466311142093,0.0,0.0004396523505975,False,266765.09375,1311.05419921875,False,268998.7702636719,1796.5064285040146,False,265580.7030721903,3574.8303356538386,False,False,1.279863025713831,56.87629853540349,False,False,0.5913473256412246,0.00017858581637917234,0.5913473256412246,31.97039340734591,2025052300189,52,R12_S21
COSMOS 1017371,149.70010121907,1.87452371044,2025052300190,60819.06243327331,60819.06225965628,i,1.62748440966171,52.1553965746483,300.26571855322,23.74315071105957,30.0010225772858,73.4421049215288,150.008643164777,2.14658594101822,-1,i,20250523,i_39,0.3964826190014131,149.70014579953607,1.874422991922271,745297385346304167,0,3292.026877041418,3865.075468601457,0.0068416893,0.0074895294,149.70014579953607,1.874422991922271,4.134195e-07,3.8324748e-07,157842.45395640202,945.4660062995912,155453.89018837098,616.7765136754535,False,157842.24938865157,778.6060144400712,False,159467.81686989142,1060.8808198465158,False,160434.14940838862,1528.1622667667111,False,162279.9913159931,2120.7306743287854,False,2.039816989810125,32.91940971376441,157041.8207261267,445.3862329510173,0.0,5.137632383667157e-05,False,265790.03125,1311.092041015625,False,268527.31884765625,1786.413633559153,False,273262.7299103141,3571.09122801951,False,False,3.434840947628399,55.4328829603088,False,False,0.5922902048366805,0.00017890164877377448,0.5922902048366805,31.968663623912388,2025052300190,51,R12_S20
COSMOS 1017371,149.70010121907,1.87452371044,2025052300191,60819.06296078522,60819.06278716784,i,1.62568789541524,52.1066575405238,300.307282518172,23.818666458129883,30.0010824203491,70.5808908894925,150.257640470786,2.13894183838878,-1,i,20250523,i_39,0.3880468764338086,149.70014451612556,1.874424987458504,745297385479473421,0,1028.2015792578345,3784.9500929086,0.006487778,0.0070026354,149.70014451612556,1.874424987458504,3.859968e-07,3.6382147e-07,157080.14637462387,943.774469020219,155175.02733623772,614.0197192737022,False,156967.50529364677,774.9014683554085,False,157797.93646585784,1059.7399279366357,False,157831.19218591906,1523.572937252345,False,156769.2181102591,2111.1081343000205,False,1.8864678271643545,32.208759685793304,158263.62583775242,441.8182262060624,0.0,0.000353082202986,False,266270.625,1314.4981689453125,False,267679.3205566406,1797.681707569089,False,265934.26205563545,3581.16210938725,False,False,3.200095245456994,54.6370827259246,False,False,0.5905343409277499,0.0001881686943687526,0.5905343409277499,31.9718871052372,2025052300191,49,R12_S11
COSMOS 1017371,149.70010121907,1.87452371044,2025052300192,60819.06348853812,60819.06331492111,i,1.63897089863744,52.4685567674074,300.08529981229,23.751169204711918,30.0010182857513,67.5318025370925,150.059851865023,2.24828040091061,-1,i,20250523,i_39,0.3957420568784372,149.70014410149247,1.874422481455533,745297385614738661,0,2663.603299457133,2045.4746205674733,0.0074557653,0.007441378,149.70014410149247,1.874422481455533,4.1363916e-07,4.1421757e-07,157704.50316363978,939.8939846446168,153989.0354856932,610.8710731162722,False,156707.1623075674,771.5103019508856,False,157646.48883799455,1057.4721654384546,False,156739.882973663,1519.860351408391,False,158671.05918139365,2103.9269440227445,False,0.4718516473474633,33.40097253701319,156031.85980520473,441.6677625130866,0.0,0.0004197067224021,False,265877.71875,1308.9854736328125,False,267471.43017578125,1794.1636032983142,False,269209.7707952559,3569.634521206651,False,False,0.8005686385855436,56.66986914575521,False,False,0.5924894815631687,0.00021124292180967446,0.5924894815631687,31.96829838814537,2025052300192,51,R12_S20
COSMOS 1017371,149.70010121907,1.87452371044,2025052300193,60819.064015990574,60819.063842373056,i,1.64808060829109,52.7127494479673,299.931789367598,23.664173126220703,30.0011069774628,64.5314638437082,149.98630981112,2.31880315872022,-1,i,20250523,i_39,0.3911061364764035,149.70014460847054,1.874424100436596,745297385748956579,0,1394.9218638166817,2515.598353815298,0.010239563,0.0072098905,149.70014460847054,1.874424100436596,4.368171e-07,5.417668e-07,157135.38530362592,944.707134506083,153996.16524959466,612.3554613354415,False,156572.0139798689,773.452953816684,False,157670.8166701136,1059.957293422651,False,157326.5979920462,1521.5108827818276,False,154771.61008864176,2107.240939739199,False,-0.7443423718668576,33.981934051736566,156183.65555640915,447.3942054041945,0.0,4.308513039508188e-05,False,265031.4375,1309.233642578125,False,266891.3947753906,1794.203178612327,False,261983.8709570169,3566.953513734182,False,False,-1.2599577906266004,57.52165155083152,False,False,0.5905690163741734,0.00016457256947926928,0.5905690163741734,31.971823354021225,2025052300193,51,R12_S20
COSMOS 1017371,149.70010121907,1.87452371044,2025052300195,60819.06506858168,60819.06489496415,i,1.65144152576259,52.8016365461913,299.533935457245,23.76984405517578,30.0011098384857,58.4878103403871,150.09019426608,2.13983408032311,-1,i,20250523,i_39,0.3891592042564999,149.70014459927117,1.8744246865347405,745297386017916203,0,1753.6023879101756,2139.2197548154727,0.00722578,0.007295108,149.70014459927117,1.8744246865347405,4.0434097e-07,4.0259886e-07,155764.72490035935,945.8378278449952,154374.862290145,614.4018765517957,False,156152.5501752564,775.7102478269305,False,157954.21134785688,1062.3417007927126,False,159233.49730657335,1526.4033783077348,False,156271.43776536343,2116.212000366152,False,2.14854346425857,32.728710629832165,156498.52661798376,441.0805244747472,0.0,2.474949087971634e-05,False,264570.71875,1314.2930908203125,False,267623.2900390625,1799.9354286649511,False,264772.1511001587,3585.517683418319,False,False,3.6402971835331503,55.452558958384266,False,False,0.5910074709264387,0.00019689309929109568,0.5910074709264387,31.97101757291691,2025052300195,52,R12_S21
COSMOS 1017371,149.70010121907,1.87452371044,2025052300196,60819.06559514809,60819.065421537205,i,1.65807870844465,52.9764691237278,299.356860035146,23.74546241760254,29.9999601840973,55.4737650951372,150.055239765201,2.1486311654841,-1,i,20250523,i_39,0.3918443424426928,149.70014514220316,1.8744241102481585,745297386152134136,0,1700.8795203179343,2560.634644802676,0.008711069,0.0069838166,149.70014514220316,1.8744241102481585,4.212622e-07,4.5557195e-07,156088.42958328337,948.8140049744896,153746.82725983765,614.5073240680802,False,155955.16581335515,776.2710102617066,False,158027.77535737428,1064.194651583218,False,159611.1018003942,1528.797993278924,False,157906.4051449895,2116.95515100564,False,2.057169584115259,33.32916706818433,158641.17235670608,451.7167497366893,0.0,7.092149777199186e-05,False,263966.0,1313.8978271484375,False,267474.0495605469,1801.230526316814,False,267268.6212291717,3583.107878960055,False,False,3.481916252074972,56.41215453452426,False,False,0.5918076295425418,0.0002002302766051584,0.5918076295425418,31.96954860061307,2025052300196,52,R12_S21
COSMOS 1017371,149.70010121907,1.87452371044,2025052300197,60819.06611941331,60819.06594580168,i,1.66270358830885,53.0975914488554,299.048617251655,23.794151306152344,30.0000913143158,52.3756643171586,149.99151894903,2.04218028538362,-1,i,20250523,i_39,0.3991207309054398,149.70014533908437,1.874421990383761,745297386306797819,0,2939.112972502082,372.622525649881,0.008157338,0.006493769,149.70014533908437,1.874421990383761,3.9775273e-07,4.2144572e-07,154881.2438617304,944.660620080612,153158.24310279416,612.4489239048453,False,154566.96273105612,773.4641943441941,False,155044.05465177924,1060.644501966049,False,155211.86788867667,1523.2959030040229,False,153866.61996253167,2111.4802054633046,False,0.902324680591315,33.11965511258989,155078.32219857807,436.9084454391689,0.0,5.797381448235939e-07,False,262474.625,1313.44189453125,False,263284.78857421875,1801.111071815833,False,261285.3527112007,3585.5655395663025,False,False,1.5322636091293529,56.241443204989125,False,False,0.5909081411027511,0.0001738011140641836,0.5909081411027511,31.971200066463737,2025052300197,91,R22_S01
COSMOS 1017371,149.70010121907,1.87452371044,2025052300198,60819.06664482081,60819.066471204016,i,1.66649743857584,53.1958512409566,298.89062070462,23.79159164428711,30.0009808540344,49.3767061696759,150.023906923169,2.01091534856011,-1,i,20250523,i_39,0.3958693125113891,149.7001468367421,1.8744236441151807,745297386441015502,0,4049.270370570793,346.46705748126624,0.008575132,0.006013116,149.7001468367421,1.8744236441151807,4.0056977e-07,4.2232088e-07,159220.51685371282,946.5623056366164,155478.4287573292,614.0888710737577,False,158894.70929174364,776.2160654038253,False,159410.57604590865,1064.3140206816947,False,161015.39031202946,1528.6316389530978,False,162990.56230577102,2118.8100129970844,False,1.568105180932308,32.5118124268737,156680.7526478638,437.82087721298376,0.0,0.0001616664505533,False,270391.84375,1320.890380859375,False,271269.6965332031,1811.1479712814607,False,277361.7753048539,3605.588559392092,False,False,2.668451661834192,55.325497903241576,False,False,0.5916747667426266,0.00018972752435504283,0.5916747667426266,31.96979237940216,2025052300198,91,R22_S01
COSMOS 1017371,149.70010121907,1.87452371044,2025052300199,60819.067165975925,60819.06699235854,i,1.67077527006877,53.3062051421682,299.131781925727,23.85933303833008,30.0010850429535,46.6389204647172,150.254768096361,2.22967210365433,-1,i,20250523,i_39,0.394062317387168,149.7001460990759,1.8744238614744304,745297386553739255,0,99.88126997258728,3198.4703511375487,0.006963805,0.00605486,149.7001460990759,1.8744238614744304,3.6121142e-07,3.6391543e-07,157306.77774617352,950.8863643153288,154479.44247299235,617.2082100713272,False,156341.42691881637,779.928807838178,False,155764.16559799894,1068.2806047705692,False,156431.54022025835,1533.8782702543012,False,153139.38041127296,2127.6925394568,False,0.59185341511287,32.476984460615746,156314.0958740181,434.2347515702991,0.0,0.0003167513845468,False,266491.625,1329.4268798828125,False,265507.65478515625,1820.9366508412515,False,261033.5797848701,3626.7562188405273,False,False,1.008843154777715,55.35861181888439,False,False,0.5904066423629408,0.000214069143809967,0.5904066423629408,31.9721219128315,2025052300199,50,R12_S12
COSMOS 1017371,149.70010121907,1.87452371044,2025052300200,60819.06768914743,60819.06751553043,i,1.6790689896805,53.5178145700934,298.975738513978,23.78940200805664,30.0010180473328,43.6348504263002,150.201164212913,2.27358717353889,-1,i,20250523,i_39,0.3996539166760747,149.70014605112837,1.874422139961468,745297386687432707,0,3681.6588730652256,3427.4586746174946,0.007456421,0.0063213073,149.70014605112837,1.874422139961468,3.8563672e-07,3.825414e-07,156009.78456228715,956.7415026780131,154866.13971810893,620.0831815415813,False,156439.01363593643,783.7913384613828,False,157838.72166837004,1076.3726408408083,False,160511.4048901934,1548.5172337185918,False,163121.38273151216,2145.0738955163183,False,2.535138295710904,34.47761260492827,157793.9919833966,439.44845905741374,0.0,0.0001719407279011,False,265780.53125,1331.6146240234375,False,268158.5515136719,1828.6927643982465,False,277133.4768289328,3644.35230234582,False,False,4.307048397750084,58.57540252519556,False,False,0.5908094465076908,0.0002131458711905055,0.5908094465076908,31.97138142332335,2025052300200,49,R12_S11
COSMOS 1017371,149.70010121907,1.87452371044,2025052300201,60819.06821238123,60819.0680387638,i,1.68728864463988,53.7248006837678,298.864478117735,23.734485626220703,30.0010924339294,40.6601470231442,150.174306499717,2.34128703806056,-1,i,20250523,i_39,0.3917319278785262,149.7001443324446,1.8744237914495567,745297386821650029,0,3100.687244194591,2913.1324726791745,0.008035609,0.0067661726,149.7001443324446,1.8744237914495567,4.1808178e-07,4.073284e-07,157694.35584070493,962.1320758178072,155169.97437307166,622.6796771253923,False,156959.49238311645,787.2132994919725,False,157483.53286754273,1079.9464154320517,False,160059.5920227128,1552.1425463427067,False,160185.7002722224,2151.1469768550737,False,1.9662423203168773,33.36976424383744,158804.12854297302,450.2036385758926,0.0,0.0006313641426038,False,266412.375,1336.162353515625,False,267301.845703125,1833.027649616288,False,271888.3210095763,3651.210681028398,False,False,3.3373660836168497,56.639569932420905,False,False,0.5912160815693346,0.0001940411297071843,0.5912160815693346,31.97063440320326,2025052300201,49,R12_S11
COSMOS 1017371,149.70010121907,1.87452371044,2025052400145,60819.98026129721,60819.98008768893,i,1.22118699188604,35.0641631986653,334.754523769313,23.64249610900879,29.99951171875,112.625246579511,150.196574290924,2.24901746199437,-1,i,20250524,i_39,0.3898011994844033,149.70014370673172,1.8744241068287697,745301777369792878,0,934.8094553602164,679.8193775843755,0.0072300513,0.008339776,149.70014370673172,1.8744241068287697,4.5471782e-07,4.11396e-07,156121.87368348704,1016.696127530765,153944.80035698196,651.3152428153985,False,156553.2960254226,829.1276954927706,False,159970.0623869562,1144.4284731497123,False,160814.5735961748,1649.446584412362,False,162540.13080499377,2287.456675332828,False,2.582350620443214,35.504265742621314,156281.24194243006,447.44188483867583,0.0,0.0005644168944782,False,272830.28125,1444.946533203125,False,278784.7858886719,1994.43097096621,False,283263.72377836704,3986.421646318453,False,False,4.500342464506296,61.874384341043225,False,False,0.57723047541427,0.0002141716025860575,0.57723047541427,31.996626869990795,2025052400145,83,R21_S02
COSMOS 1017371,149.70010121907,1.87452371044,2025052400146,60819.9807832778,60819.98060966059,i,1.22102773035394,35.0536228728912,334.475322318245,23.70032119750977,30.0010540485382,109.647070810925,150.239922988118,2.17971461914636,-1,i,20250524,i_39,0.3947075289169897,149.70014369504156,1.8744226220292848,745301777483564883,0,2154.599761974057,3298.918503896108,0.0070816795,0.007675459,149.70014369504156,1.8744226220292848,4.2276739e-07,3.972882e-07,158746.30041158458,1009.007250274956,155447.95902509606,648.0129617897023,False,157719.1061321939,824.4706054708909,False,157955.14155277252,1136.3827968574649,False,159824.2216663525,1638.0501817120787,False,159970.64472309826,2272.314508259143,False,1.2589804588823412,36.66904589681002,156612.1994617389,438.4513354631757,0.0,4.726588380021823e-06,False,275278.75,1439.0091552734375,False,275690.7199707031,1983.412431834554,False,279208.5258152485,3966.037551063443,False,False,2.197391143626413,64.00118137688357,False,False,0.5736059035506936,0.00021001157345293324,0.5736059035506936,32.00346596889851,2025052400146,44,R11_S22
COSMOS 1017371,149.70010121907,1.87452371044,2025052400147,60819.98130642876,60819.98113281186,i,1.22206755098313,35.1231178326116,334.206794026947,23.76660919189453,30.0009996891022,106.676678590508,150.259222306637,2.18647729920966,-1,i,20250524,i_39,0.3961657621244451,149.70014519399902,1.874422822350096,745301777617782164,0,2341.760644364409,2563.870001929977,0.006171816,0.007523458,149.70014519399902,1.874422822350096,4.1222904e-07,3.4969554e-07,154590.04400991226,1000.7735413858104,154255.13175850076,643.3746752227039,False,155636.81736149456,817.8059831020064,False,157703.98947523002,1126.1826158622484,False,159044.5338382294,1624.4531167942623,False,157739.6134379425,2254.766863367722,False,2.918528391583373,35.61901112768866,156143.80936776943,435.1600536749364,0.0,0.0003741018563234,False,272081.4375,1429.6734619140625,False,275695.22998046875,1968.771851069214,False,275757.50714051723,3941.742190651057,False,False,5.102117954019705,62.26850377851342,False,False,0.5735315465418922,0.00019534219858659605,0.5735315465418922,32.00360672290604,2025052400147,44,R11_S22
COSMOS 1017371,149.70010121907,1.87452371044,2025052400148,60819.98182965605,60819.98165603857,i,1.22129299148134,35.0713132518428,333.705891017938,23.76233673095703,30.0010993480682,103.514897083801,150.201361721703,2.02896511667174,-1,i,20250524,i_39,0.3908237795207059,149.70014476246743,1.8744242531930608,745301777755669888,0,1556.4062949104264,2457.7286999338776,0.0060028755,0.007201239,149.70014476246743,1.8744242531930608,3.9669408e-07,3.3748708e-07,155919.12792178922,1006.52717621267,154318.40400544534,647.4715559409775,False,154935.737072472,823.1928584305053,False,155190.0280558643,1135.085990447307,False,154225.28868419924,1636.4199296388576,False,151170.64126664368,2272.04350415459,False,-0.3132861333361054,36.56596990890706,156588.09932945753,435.7836995657093,0.0,2.2634445095981448e-08,False,270057.9375,1434.8514404296875,False,270501.1748046875,1978.491129660804,False,263495.2552742958,3960.2443841297536,False,False,-0.5460677350153503,63.73565326421402,False,False,0.5761267615858622,0.00021878308359269088,0.5761267615858622,31.998704877377495,2025052400148,51,R12_S20
COSMOS 1017371,149.70010121907,1.87452371044,2025052400149,60819.98235309965,60819.98217948278,i,1.2251347856559,35.3271510782931,333.174881272673,23.800779342651367,30.000994682312,100.317513672289,150.008402460511,2.14654346079584,-1,i,20250524,i_39,0.3872297491943519,149.70014346757296,1.8744247814302248,745301777910334477,0,558.8623218516975,1739.747420473599,0.006185203,0.0068251444,149.70014346757296,1.8744247814302248,3.7812524e-07,3.4486047e-07,156044.29945677353,1000.0748759973995,154730.10483183517,643.0319830417783,False,155921.91117579007,816.7841405018038,False,157610.93996913565,1125.3059678584625,False,156622.4178378317,1620.5695546529855,False,156671.11644958876,2249.784393298934,False,1.189740512508142,34.706257391547894,157029.24467256322,435.2763586154939,0.0,0.000253951751542,False,271832.4375,1423.971923828125,False,274777.0705566406,1961.845271582065,False,273138.5932174921,3922.247815385072,False,False,2.07417970360155,60.50648348332786,False,False,0.5770221602997995,0.0002310690290075814,0.5770221602997995,31.997018769055586,2025052400149,90,R22_S00
COSMOS 1017371,149.70010121907,1.87452371044,2025052400150,60819.98287619607,60819.98270257867,i,1.2246712329159,35.2963402888089,333.265617403885,23.89065170288086,30.0010855197906,97.6496797693772,150.257632602618,2.13897539655688,-1,i,20250524,i_39,0.391761671123853,149.70014400589213,1.87442364234478,745301778024104723,0,324.1337555410187,1270.7081549978468,0.0056592356,0.0063487086,149.70014400589213,1.87442364234478,3.51995e-07,3.151398e-07,155999.4834183788,998.0293097044784,155163.6466213423,642.3075873184843,False,156016.5843092091,815.523602051511,False,157701.47646288006,1123.3557185727864,False,159201.60863034008,1617.6800116912386,False,164257.9713467481,2245.2779062095974,False,1.9556399758101133,36.49689983291449,158452.49157335554,430.5451412771629,0.0,0.0001697810126503,False,272637.40625,1425.1192626953125,False,275581.73828125,1963.0527790609467,False,287039.14690959454,3923.600477281328,False,False,3.417461117511533,63.77796405855891,False,False,0.5752179057599498,0.00025241911206648856,0.5752179057599498,32.000419008528745,2025052400150,51,R12_S20
COSMOS 1017371,149.70010121907,1.87452371044,2025052400151,60819.98340187362,60819.98322826259,i,1.22850552103053,35.5488141372581,332.72622643637,23.78288459777832,29.999986410141,94.4414345356769,150.059979013253,2.24831556642048,-1,i,20250524,i_39,0.3945276039123832,149.7001462018143,1.8744237659294225,745301778175099082,0,3417.9235997538763,397.5735101903654,0.006543575,0.007274775,149.7001462018143,1.8744237659294225,4.039484e-07,3.6381053e-07,157226.61353475225,1004.955796450846,154836.17803558343,645.9283333103682,False,157002.42121798763,820.953048818656,False,158690.18157189895,1131.1068911068244,False,157662.85790077868,1627.9035650624037,False,158946.75577701884,2259.460415667813,False,0.7004189752013568,34.65423359293328,156865.90369813325,438.8289802827642,0.0,1.752693529899485e-05,False,272972.625,1427.3519287109375,False,275907.0534667969,1966.60162834256,False,276353.14680558443,3928.416109533036,False,False,1.2177850811298137,60.25166387779498,False,False,0.5760013245077676,0.00020874575050951368,0.5760013245077676,31.998941294802414,2025052400151,83,R21_S02
COSMOS 1017371,149.70010121907,1.87452371044,2025052400152,60819.98392289992,60819.98374928834,i,1.23109576602298,35.7177530083413,332.362885404206,23.71119499206543,30.0000815391541,91.3802533669174,149.986376395968,2.31876365111889,-1,i,20250524,i_39,0.390093625865319,149.70014334170193,1.874423863912944,745301778309317366,0,2503.574655571806,1380.99916964547,0.0067613763,0.0075882096,149.70014334170193,1.874423863912944,4.2155426e-07,3.7566681e-07,157137.57920888675,998.7371123966782,155491.95861749313,642.4155663750158,False,157779.0455708798,816.1777620400344,False,160786.42718753396,1122.48585318501,False,160731.52566305778,1615.3824980249417,False,162601.43653985925,2243.740736265601,False,3.054077839414429,35.774314122008306,158314.24601210625,444.14936039237546,0.0,4.035401867596988e-05,False,273901.71875,1416.87060546875,False,279122.4816894531,1948.6162015209864,False,282273.306815505,3895.095460039749,False,False,5.301826781783301,62.10359613766698,False,False,0.5779849369699401,0.00019246234052186156,0.5779849369699401,31.995208699260434,2025052400152,83,R21_S02
COSMOS 1017371,149.70010121907,1.87452371044,2025052400153,60819.988589141874,60819.98841552497,i,1.23636313680115,36.0567508172036,329.879792079404,23.857295989990234,30.0010018348694,88.5149988417756,150.204886381416,2.0191525464694,-1,i,20250524,i_39,0.3931551456439311,149.70014422942145,1.8744233169083373,745301778426757967,0,3997.688416928781,1449.070921700491,0.0060324166,0.0065429597,149.70014422942145,1.8744233169083373,3.6345884e-07,3.3517773e-07,157236.7936277739,996.1716887268096,155482.17167638644,641.2587676539102,False,157426.41217967274,814.3658609359354,False,159226.65543769446,1121.3289490366892,False,159097.66863655992,1613.603640138052,False,156520.4291750493,2239.041400594432,False,2.9479517765479994,35.49821933296527,157426.92935266191,428.09011579611615,0.0,7.130058911064552e-05,False,274389.28125,1419.4140625,False,277527.0485839844,1954.4410630398872,False,272810.18138980865,3902.578684807429,False,False,5.138187156317035,61.87227894967481,False,False,0.5756711294178471,0.0002135024989604867,0.5756711294178471,31.999563875940584,2025052400153,51,R12_S20
COSMOS 1017371,149.70010121907,1.87452371044,2025052400154,60819.98911337381,60819.9889397564,i,1.24015839064918,36.297644606757,329.506626508959,23.86391830444336,30.0010895729065,85.4247784403779,150.090339500069,2.13979127401563,-1,i,20250524,i_39,0.3907872980978236,149.70014467872073,1.8744242276665428,745301778560976816,0,2156.677816918999,3220.187717215821,0.00598412,0.0064536594,149.70014467872073,1.8744242276665428,3.5837556e-07,3.326687e-07,155794.3892149721,984.8452783945692,154704.72223649363,635.43319818094,False,154893.15879182616,805.7759968952979,False,155855.0200428559,1108.455617517847,False,154554.8835887828,1595.5211816028914,False,155131.09957878792,2214.2483175044304,False,-0.4188441566322772,32.66026282366072,157567.1002074117,429.9393376679265,0.0,3.40307423241093e-07,False,269279.125,1400.827880859375,False,270951.3044433594,1927.0312589318287,False,269692.78101563454,3849.433080977233,False,False,-0.7281534503462807,56.77931203692058,False,False,0.5778105443213248,0.00024395510065301787,0.5778105443213248,31.99553634271803,2025052400154,51,R12_S20
COSMOS 1017371,149.70010121907,1.87452371044,2025052400155,60819.98963994597,60819.98946632921,i,1.24186306587052,36.4046614065944,329.172469930246,23.80118751525879,30.0009763240814,82.3826339693182,150.055384807154,2.14859019849047,-1,i,20250524,i_39,0.3929027200476769,149.70014463061233,1.8744235659626207,745301778695194709,0,2301.858753579588,3613.07940052876,0.0063396893,0.0066625313,149.70014463061233,1.8744235659626207,3.6985148e-07,3.5257742e-07,157356.34789803126,984.1220039608754,154870.57656408477,635.5552643140329,False,157250.4897754669,806.5714101035601,False,158765.81965285612,1107.7532342866732,False,158076.31477108313,1596.4182064292118,False,158237.69602875112,2214.1599261292577,False,2.29341611905372,34.41600821373837,158650.3361796553,438.23904602289537,0.0,1.750992336901902e-06,False,272840.375,1399.4566650390625,False,275469.576171875,1922.027767810438,False,274553.2454955578,3841.71919221156,False,False,3.979234117789593,59.7141325311435,False,False,0.5792390986799526,0.0002527160834427171,0.5792390986799526,31.99285532728343,2025052400155,51,R12_S20
COSMOS 1017371,149.70010121907,1.87452371044,2025052400156,60819.99016198833,60819.98998837636,i,1.24213556679778,36.4219848305634,328.712993128317,23.680465698242188,30.0001487731934,79.2397164632416,149.991417734848,2.04213754344881,-1,i,20250524,i_39,0.3867176465436444,149.700144196833,1.8744252508973755,745301778850382169,0,119.5399359765424,646.8898318507579,0.007799635,0.0075205457,149.700144196833,1.8744252508973755,4.1839405e-07,4.329062e-07,157826.1989691771,997.257380927412,154544.424895348,640.5775125755991,False,157251.4766456506,813.8191088824492,False,159148.2357019726,1120.617617831694,False,158206.7955023008,1611.0868195551232,False,156983.3170442113,2237.632748991094,False,0.9954658153039246,34.144099353976415,156428.88802810916,447.7869244407967,0.0,3.3076253370678543e-06,False,270597.5625,1400.4158935546875,False,273861.49609375,1928.3532488736096,False,270136.1147854328,3850.507356516527,False,False,1.7129926466783845,58.75499712962086,False,False,0.5813569722079195,0.00018988469821311322,0.5813569722079195,31.988892786695104,2025052400156,91,R22_S01
COSMOS 1017371,149.70010121907,1.87452371044,2025052400157,60819.990685411554,60819.99051179477,i,1.24281567338885,36.4645346476178,328.453894487751,23.67153549194336,30.0009803771973,76.2666883360985,150.023831281863,2.01087482148211,-1,i,20250524,i_39,0.3880851292054249,149.70014447264592,1.8744249568219744,745301778984599596,0,1093.1159880215669,119.18460470546782,0.007610685,0.007582076,149.70014447264592,1.8744249568219744,4.213595e-07,4.2278168e-07,156362.28244899324,996.10176935034,154271.47882058576,640.2444619413106,False,156339.96078705572,813.5538918390633,False,158871.3207502081,1119.5228435140414,False,160627.68222613243,1613.9162666468972,False,160675.99088571535,2239.1270601757124,False,2.8657733196085298,36.0201641240711,157867.39436209822,449.2598214773682,0.0,2.4300019504819304e-05,False,270049.6875,1405.270751953125,False,274422.1650390625,1933.7781109710347,False,277539.4141651392,3867.6967796918457,False,False,4.950117586764783,62.21847579105626,False,False,0.5836232617383645,0.00019305443800187336,0.5836232617383645,31.98466851640123,2025052400157,91,R22_S01
COSMOS 1017371,149.70010121907,1.87452371044,2025052400158,60819.99120829157,60819.99103467396,i,1.24563736238914,36.6401719260225,328.682686780499,23.635467529296875,30.0011229515076,73.6956048236683,150.254990156952,2.2296280722258,-1,i,20250524,i_39,0.388454273161231,149.70014389659286,1.87442459513639,745301779096274765,0,2983.053307493345,3456.3886309970835,0.007383532,0.008259902,149.70014389659286,1.87442459513639,4.5512255e-07,4.1426847e-07,157357.05727856216,1002.0420483170813,152908.52214280024,642.1539353359839,False,155445.50453538442,816.7960762254504,False,155657.05607892724,1124.7634256169351,False,155220.97868446412,1620.6721920103344,False,155198.90526345436,2248.9063936297007,False,-0.3573841250726062,35.74884327595851,159040.79352993178,460.17715368660095,0.0,0.0002191618543759,False,269251.3125,1414.7943115234375,False,269617.74658203125,1948.2327874616587,False,268824.17131102085,3895.390863726152,False,False,-0.6190345936994223,61.92152678315358,False,False,0.5801193872156336,0.00020029711985151995,0.5801193872156336,31.99120655112123,2025052400158,48,R12_S10
COSMOS 1017371,149.70010121907,1.87452371044,2025052400159,60819.9917300774,60819.99155646023,i,1.24803435448112,36.7884433720439,328.355923967773,23.606687545776367,30.0010471343994,70.6465158421733,150.201326394335,2.27362485475042,-1,i,20250524,i_39,0.3919723701531964,149.70014289847776,1.8744231132015563,745301779230492752,0,2519.334246041449,3942.471189114154,0.008251806,0.008416932,149.70014289847776,1.8744231132015563,4.6652693e-07,4.5942878e-07,157851.2412995449,1006.0023827615952,153744.15358438445,643.8576946699629,False,157291.8325838468,819.468401191567,False,158940.6664237958,1130.6312554672318,False,159239.3895146732,1629.5768494968486,False,161360.39083214744,2259.7370120808023,False,1.010870190460691,35.92705957804031,160069.8634766545,467.8646849008295,0.0,2.1925615547147004e-05,False,270849.1875,1411.0863037109375,False,273688.40234375,1946.894202165035,False,277855.0547325611,3891.161566570862,False,False,1.7406712431066549,61.86471818738047,False,False,0.580194583971125,0.00019918707324816283,0.580194583971125,31.991065823969684,2025052400159,48,R12_S10
COSMOS 1017371,149.70010121907,1.87452371044,2025052400160,60819.99225536175,60819.99208174434,i,1.25062219197593,36.947116969563,328.086487814418,23.61536026000977,30.0010876655579,67.6465970158862,150.17471109308,2.34124318874035,-1,i,20250524,i_39,0.3929708619195299,149.70014443099555,1.8744234591489377,745301779364710373,0,1777.952455595006,3743.311763231232,0.008630355,0.007916668,149.70014443099555,1.8744234591489377,4.4573892e-07,4.7392393e-07,156086.25198565028,1008.667685798336,153458.05464578248,645.5468813862855,False,156438.95606745873,821.1980532381706,False,158938.5215159378,1131.3944147620527,False,158651.0700116756,1628.3572714086224,False,159716.34560274656,2261.1910984996257,False,1.2343366975664785,36.78984840038113,154285.95404928268,449.4205931327734,0.0,0.0007890921395417,False,269191.75,1413.073486328125,False,273492.8679199219,1946.842718118697,False,274831.3058153391,3890.936146537944,False,False,2.1239802671903543,63.30599437689136,False,False,0.5808516346451197,0.00020722563289915882,0.5808516346451197,31.98983696026067,2025052400160,48,R12_S10
COSMOS 1017371,149.70010121907,1.87452371044,2025052400161,60819.99277955042,60819.99260593318,i,1.25134032943498,36.991086435505,327.723933745856,23.650341033935547,30.0010588169098,64.5811267799454,150.149636841264,2.28015262803472,-1,i,20250524,i_39,0.395565576934745,149.7001445943217,1.87442274476752,745301779500499040,0,3174.302251389276,161.56320474940736,0.007949349,0.007958233,149.7001445943217,1.87442274476752,4.420123e-07,4.4172245e-07,156867.89204018743,996.267574841575,153629.84332138082,638.9695353421743,False,156805.3522283364,812.2430246199591,False,159200.01941439492,1119.4798436333722,False,160706.06853354193,1612.6375187904932,False,160184.30534585234,2236.90028518318,False,2.6170327688509905,35.4578873721592,154396.1628984512,446.48449933849,0.0,0.0010552580273126,False,270936.59375,1403.4365234375,False,275074.2265625,1934.2965740361856,False,276774.92793369293,3865.03480406336,False,False,4.52184784542377,61.26601604895915,False,False,0.5811031580729095,0.00021061483564396312,0.5811031580729095,31.989366910826952,2025052400161,51,R12_S20
COSMOS 1017371,149.70010121907,1.87452371044,2025052400163,60819.99382186806,60819.99364825677,i,1.25595703673769,37.270551486476,326.901803996321,23.70130157470703,30.0000312328339,58.32930113216369,149.955594225758,2.29527883558902,-1,i,20250524,i_39,0.3930226213725056,149.70014503362327,1.8744237050801809,745301779768935949,0,2239.817552874564,2701.546077816716,0.007556222,0.0074173496,149.70014503362327,1.8744237050801809,4.1424784e-07,4.1770792e-07,157270.30205826118,1001.077011695258,154865.57923030332,642.6528614296706,False,157253.6108543032,816.7593333822075,False,159872.166124489,1125.1766433921423,False,160695.0019130333,1619.3804471241388,False,160463.8408181689,2248.603110926386,False,2.0009857840435568,34.38367890570653,155463.1368428951,443.8973695409794,0.0,0.0004935105780814,False,271807.09375,1411.738525390625,False,276333.17041015625,1944.8265240736089,False,277355.8583984375,3886.62793342392,False,False,3.458630473673865,59.43092680048008,False,False,0.5796588530801556,0.00020711227245838557,0.5796588530801556,31.992068817015387,2025052400163,51,R12_S20
COSMOS 1017371,149.70010121907,1.87452371044,2025052400165,60819.99486173949,60819.99468812563,i,1.25631110610731,37.2918474314733,326.782877083101,23.697019577026367,30.0004739761353,52.7278647672387,150.257504684269,2.28052749110268,-1,i,20250524,i_39,0.3916408246129605,149.70014473251163,1.8744239924455195,745301780036322629,0,2292.242790559813,2410.5460085390223,0.007525544,0.008131697,149.70014473251163,1.8744239924455195,4.396086e-07,4.307263e-07,157150.1890698342,992.3765712161504,153846.73458513897,637.7426189860574,False,157119.36808507622,810.2555293835802,False,158965.15966342704,1116.3295538274483,False,160398.76139091022,1606.3143648887738,False,164317.62102773244,2230.240562962557,False,2.0518744482761484,35.064357431523526,157796.4350085846,450.8832996852154,0.0,9.300314030902255e-06,False,272014.5625,1402.763427734375,False,275210.10863012075,1932.6573094780424,False,284476.61379784346,3861.127487958858,False,False,3.5523292714017707,60.70553848533109,False,False,0.5795080103771701,0.00019680535270515158,0.5795080103771701,31.992351391319296,2025052400165,49,R12_S11
COSMOS 1017371,149.70010121907,1.87452371044,2025052400166,60819.99538363117,60819.99521001382,i,1.25451209586446,37.1831692544869,326.286912680737,23.61382484436035,30.0010783672333,49.5699755684142,150.233990636942,2.04171321178967,-1,i,20250524,i_39,0.3918327843820456,149.70014461802464,1.8744238844779453,745301780172636895,0,1736.9527514452234,1325.5153922682516,0.009573293,0.008185401,149.70014461802464,1.8744238844779453,4.887707e-07,5.0079274e-07,156865.4557004954,1005.16923711491,153537.61736590747,643.2008313987671,False,156962.9576401633,818.4416043768128,False,158970.62131109898,1127.1393058971407,False,159366.29344249246,1622.233187648658,False,158745.1088730922,2252.570538523062,False,1.826807801192209,35.7990404591003,157795.31464579888,463.1522853764267,0.0,0.0001097660321741,False,271023.46875,1413.1798095703125,False,274490.0444335937,1946.199339267194,False,274100.6585293412,3889.449397061837,False,False,3.1542970039702283,61.81318362635346,False,False,0.5811219056479778,0.00015769434960137018,0.5811219056479778,31.989331883323864,2025052400166,53,R12_S22
COSMOS 1017371,149.70010121907,1.87452371044,2025052400167,60819.99590578704,60819.995732170064,i,1.25877410239582,37.4390236952908,326.01056392023,23.59917640686035,30.0010135173798,46.535531869808,150.151686654732,2.18522570979785,-1,i,20250524,i_39,0.3974470507132846,149.7001458309908,1.874422712923277,745301780306330055,0,3540.0689732967903,836.1950740202279,0.009438408,0.008467436,149.7001458309908,1.874422712923277,4.9663294e-07,4.9961653e-07,157376.6178381802,1003.8854679746556,152724.42164637137,643.5019775807773,False,156290.98126471922,819.0988435339444,False,157521.7823337309,1126.5458280921985,False,157036.14058557028,1625.1725869217726,False,156834.53095615518,2254.502306792388,False,-0.0999442363684096,35.2334571195515,155597.8347909805,458.702436706316,0.0,0.0002530899068294,False,269848.3125,1414.2366943359375,False,271973.3845214844,1945.0673877957047,False,270786.7925441265,3892.570371574064,False,False,-0.1725613551714552,60.83325391084692,False,False,0.5805906338646982,0.00016128019033713546,0.5805906338646982,31.990324936304297,2025052400167,52,R12_S21
COSMOS 1017371,149.70010121907,1.87452371044,2025052400168,60819.99642804626,60819.99625442901,i,1.2607285538757,37.5550857989364,325.977217200477,23.48616600036621,30.001060962677,43.7389304655694,150.266193286673,2.2773173759554,-1,i,20250524,i_39,0.3921862112691224,149.7001452665401,1.874424061287057,745301780439500072,0,127.88316495009474,2518.806719926696,0.010442115,0.009645565,149.7001452665401,1.874424061287057,5.5937124e-07,5.574006e-07,155052.0816716116,996.815667515298,152008.1844549864,638.3001596105639,False,155202.639405486,811.0316350783128,False,157410.6731422216,1116.5857584183368,False,159403.74336838248,1607.781170890796,False,159363.3298418881,2229.7356984523426,False,2.0156606729065767,34.470018306038625,156558.59111540698,476.0103462109656,0.0,4.3583437131733405e-05,False,265962.71875,1389.8228759765625,False,269746.51171875,1913.435139789088,False,273092.67829567194,3820.982495696869,False,False,3.4541332202675044,59.06948373528915,False,False,0.5815851795275774,0.00015957525098034042,0.5815851795275774,31.988466672718662,2025052400168,50,R12_S12
COSMOS 1017371,149.70010121907,1.87452371044,2025052400169,60819.99694684725,60819.99677323021,i,1.26055664342105,37.5448192740045,325.377236634007,23.652292251586918,30.0010242462158,40.4679097035256,150.138815407725,2.08973165413697,-1,i,20250524,i_39,0.3927413088026745,149.70014522856752,1.87442387600929,745301780575290755,0,1261.885284353203,2486.4650582118243,0.008148888,0.007943412,149.70014522856752,1.87442387600929,4.4796698e-07,4.4620268e-07,157170.9998769516,980.6818523547112,154968.63105141907,631.0604698297235,False,157590.91138001127,800.6268125081006,False,159958.69538276605,1101.346883649176,False,160451.6765229365,1582.4652331989678,False,160155.8414705024,2197.077061673861,False,1.7484235458795334,34.78580601210009,158029.42895157545,450.9391281655,0.0,1.7998368113003593e-05,False,271827.65625,1380.99658203125,False,275911.8332519531,1899.7069023776817,False,276251.8894042969,3789.725581542605,False,False,3.0158457137334054,60.00183663025435,False,False,0.5805334171593096,0.00020725257009750298,0.5805334171593096,31.990431939941942,2025052400169,53,R12_S22
COSMOS 1017371,149.70010121907,1.87452371044,2025052400170,60819.99746990274,60819.99729628557,i,1.26441558631689,37.7725843987603,325.315713130847,23.699087142944336,30.0010485649109,37.6228166872678,150.182648576309,2.26971717785492,-1,i,20250524,i_39,0.3888119838105416,149.7001421618434,1.874423759442528,745301780707936412,0,303.57188734180784,3844.775470742694,0.008000183,0.007547914,149.7001421618434,1.874423759442528,4.3525273e-07,4.288536e-07,157932.51655081764,988.9154228811706,154119.52885987752,636.0961051354088,False,157508.21288960695,807.903364657321,False,159141.45756958958,1111.797749774569,False,159258.62757504376,1599.397592504783,False,160799.9268026113,2220.7706764636464,False,1.5504899184431802,36.63673592653295,158422.34199707358,450.6593699106646,0.0,1.1979479380475055e-05,False,272128.1875,1395.821044921875,False,274949.9572753906,1920.8617821394605,False,277815.3077109456,3836.843095050299,False,False,2.6787937181325625,63.297578968730704,False,False,0.5793242589776639,0.0001976103775996084,0.5793242589776639,31.9926957130198,2025052400170,50,R12_S12
COSMOS 1017371,149.70010121907,1.87452371044,2025052400171,60819.99798851295,60819.99781490173,i,1.26337819129154,37.7113837502586,324.815272754745,23.66693115234375,30.0000188350677,34.4481442492127,150.133725205116,2.06477825198127,-1,i,20250524,i_39,0.3931848946269421,149.70014476698205,1.874423539657463,745301780843726608,0,2256.928355420479,3309.540130665816,0.0082332,0.0075485846,149.70014476698205,1.874423539657463,4.4566562e-07,4.3188288e-07,158732.67984389473,988.0349757454,154381.8187579568,635.394155382051,False,157018.3216091089,807.0133496902469,False,156896.5249921387,1110.3082096918529,False,155688.26530285543,1596.3346312703234,False,154437.19984408363,2216.3403074816088,False,-0.8773118670323652,34.92738239711437,156996.76600257063,447.9425619046632,0.0,3.900345601826061e-06,False,270994.40625,1392.8062744140625,False,270784.2001953125,1916.2560837262768,False,266539.70597678423,3825.132121645849,False,False,-1.5141329117908662,60.28038739412702,False,False,0.5814510608656566,0.00020114830288206985,0.5814510608656566,31.988717081919287,2025052400171,53,R12_S22
COSMOS 1017371,149.70010121907,1.87452371044,2025052400172,60819.998512696766,60819.99833908523,i,1.26865150250673,38.0195148258279,324.580905696462,23.736791610717773,30.0000731945038,31.4313887444277,150.043888725727,2.25980499838857,-1,i,20250524,i_39,0.3924781741199119,149.70014473141467,1.8744237382641216,745301780977419023,0,3644.144331040342,1397.1891046764945,0.0076100635,0.007482801,149.70014473141467,1.8744237382641216,4.2089178e-07,4.1767174e-07,155630.99298742614,990.015784878152,154725.68994323115,637.3023485824576,False,155749.11095048033,808.5745744495844,False,157378.08193639695,1113.0432743572803,False,159146.53764368154,1602.7922180992728,False,160530.2283173089,2223.393850325905,False,2.395218112494811,34.57590597297735,157554.06084381233,445.0440113748272,0.0,0.0003663920242562,False,270023.375,1401.8316650390625,False,272847.5339355469,1929.691281246296,False,278312.4332153797,3854.7142115638135,False,False,4.152607194031524,59.94450156106788,False,False,0.5787964680133374,0.00019007285937954534,0.5787964680133374,31.99368531934465,2025052400172,52,R12_S21
COSMOS 1017371,149.70010121907,1.87452371044,2025052400173,60820.00179829667,60820.00162467943,z,1.27768600282816,38.5360081465227,323.138935230668,22.723031997680664,30.0010595321655,101.238732919908,150.196747342168,2.24909418598412,-1,z,20250524,z_20,0.3937460536920561,149.70014392630836,1.8744230094266328,745301781107442864,0,2238.7561379857043,3165.4050368521835,0.015401476,0.017487923,149.70014392630836,1.8744230094266328,9.672553e-07,8.603313e-07,160500.9778955294,1766.6691550151354,156807.19106640466,1085.0178413955975,False,161191.42825961063,1415.661144188486,False,165925.61723321705,1987.6123115945995,False,167437.75758099556,2896.042369303528,False,172036.8097265134,4038.392322493569,False,3.024596672267859,62.24578150831704,160598.79425871096,721.9639345670217,0.0,0.0003485348495642,False,194012.5625,1703.9122314453125,False,199710.70751953125,2392.321738150645,False,207066.2358398437,4860.673122180054,False,False,3.6404525802113983,74.9200109809417,False,False,0.8321721139707081,0.0002663385265465905,0.8321721139707081,31.59946710369232,2025052400173,44,R11_S22
COSMOS 1017371,149.70010121907,1.87452371044,2025052400174,60820.00232259649,60820.00214897899,z,1.27797980915128,38.5528991316749,322.880587028522,22.77027130126953,30.0011043548584,98.2421163062306,150.239809992587,2.17979372197987,-1,z,20250524,z_20,0.3929148802233729,149.70014604466192,1.8744241864957187,745301781241660063,0,3759.0341062343314,1798.6858585697446,0.016332252,0.015544665,149.70014604466192,1.8744241864957187,8.643236e-07,9.0644596e-07,160082.44932301622,1745.110932964113,154772.63322661084,1072.2474092250118,False,157774.45607216482,1397.9740962390877,False,157064.11740772138,1961.1085475375048,False,157552.49629322326,2854.373830296444,False,151014.62401041848,3979.176745537269,False,-2.504046393470474,61.460669649543846,158250.1895474116,711.2209353814821,0.0,3.481032218921598e-06,False,190046.296875,1683.9215087890625,False,189190.66259765625,2362.2418134589666,False,181903.78076171875,4793.094040232846,False,False,-3.016234415440461,74.03208961158452,False,False,0.829972990696867,0.0002744085722029372,0.829972990696867,31.602340100933816,2025052400174,44,R11_S22
COSMOS 1017371,149.70010121907,1.87452371044,2025052400176,60820.00336581418,60820.00319219672,z,1.27958316066593,38.6429387342681,322.188231930571,22.80583000183105,30.0010960102081,92.1016659126862,150.201368548811,2.02912033755266,-1,z,20250524,z_20,0.3984157007419874,149.70014441842474,1.874421809071588,745301781513765522,0,3270.6098318291383,1682.2942751037722,0.014924202,0.015893102,149.70014441842474,1.874421809071588,8.827171e-07,8.292985e-07,165413.12337660528,1717.0564144682123,158419.71980375622,1055.959843297761,False,163881.76045941914,1375.175370951379,False,168206.64452249612,1927.8335061658224,False,165236.43887144062,2805.4069120713325,False,174161.76094068712,3912.703079219437,False,2.756703230179244,61.29217652655682,159782.9115134756,705.5587486027174,0.0,0.000604016944886,False,196716.375,1650.6993408203125,False,201907.7734375,2314.085581417636,False,209056.0302734375,4696.634720286514,False,False,3.309023925978233,73.5724021292167,False,False,0.8378967732309506,0.00024040285820499575,0.8378967732309506,31.59202370514743,2025052400176,51,R12_S20
COSMOS 1017371,149.70010121907,1.87452371044,2025052400177,60820.003888935134,60820.00371532409,z,1.28500806967609,38.9453512128499,321.773481309124,22.91937065124512,29.9999883174896,88.9633630192271,150.00851800813,2.14662908647687,-1,z,20250524,z_20,0.3906167865646697,149.7001451098511,1.874424468703096,745301781668430082,0,1593.995003058979,700.4309734147888,0.01324814,0.014411403,149.7001451098511,1.874424468703096,8.0063603e-07,7.360331e-07,161627.28113281413,1680.6872074828195,154758.37350740805,1038.3086351399943,False,158252.77742594792,1351.1823900982984,False,158006.23927372854,1891.0614743018923,False,154316.8599991584,2750.9403844205585,False,152457.73286808698,3837.116800666543,False,-2.4736351289047893,61.38036683893174,157966.29040580758,666.4298294975148,0.0,0.0006552176728529,False,190695.0,1628.17822265625,False,190397.9208984375,2278.733894643615,False,183711.95654296875,4623.735521138033,False,False,-2.9807366327407974,73.96349842786955,False,False,0.8313080036605175,0.0002837902554088145,0.8313080036605175,31.600595095452633,2025052400177,90,R22_S00
COSMOS 1017371,149.70010121907,1.87452371044,2025052400178,60820.00441263528,60820.004239018,z,1.28430794352558,38.9066291655916,321.847283545996,22.828826904296875,30.0010671615601,86.2360087731703,150.257595959832,2.13898597459528,-1,z,20250524,z_20,0.3883585331420887,149.70014458943524,1.8744249250615883,745301781782200420,0,2302.4971845478576,269.11135331132874,0.01549821,0.01600765,149.70014458943524,1.8744249250615883,8.889468e-07,8.6113187e-07,159814.9532389153,1714.2828416196835,155207.58430935134,1054.3660407179198,False,159756.40782001984,1373.37920571596,False,162134.33448600082,1923.2136698498343,False,166022.23721299437,2800.6318833861574,False,162093.08154636933,3905.902748144852,False,-0.0813255933534745,60.80567618788803,158213.42119904695,700.2674818511888,0.0,0.0006588724039042,False,192161.15625,1651.953369140625,False,195021.41796875,2313.3154253850075,False,194971.79734516144,4698.170161219103,False,False,-0.0978215538567124,73.13940769118507,False,False,0.8353027623205551,0.00021959483653493083,0.8353027623205551,31.595390205983165,2025052400178,51,R12_S20
COSMOS 1017371,149.70010121907,1.87452371044,2025052400179,60820.00493446327,60820.00476084651,z,1.28974096324827,39.2056809149664,321.424632953513,22.862628936767575,30.0009763240814,83.0866203204168,150.059956603456,2.24832693871864,-1,z,20250524,z_20,0.3950414200355858,149.70014462034348,1.874422914428748,745301781916419481,0,483.9791914716108,3354.227067611797,0.013082061,0.014732248,149.70014462034348,1.874422914428748,8.171287e-07,7.282013e-07,161223.50278161137,1727.071279156563,156637.4097460954,1065.3915134449608,False,160965.79790710442,1387.884810378136,False,163727.69233753817,1942.7690127876367,False,159864.94409776188,2830.992338976683,False,163794.637555872,3945.918694972559,False,-0.1981272416142515,62.39428009140043,161121.40248830337,687.5796360042041,0.0,3.5399277594772016e-06,False,193441.234375,1667.8956298828125,False,196760.35107421875,2334.729742749616,False,196840.802734375,4742.022175042389,False,False,-0.2381001348080983,74.98255353466787,False,False,0.8310337069014467,0.00029681236502275587,0.8310337069014467,31.600953401958428,2025052400179,51,R12_S20
COSMOS 1017371,149.70010121907,1.87452371044,2025052400181,60820.00597883633,60820.00580521933,z,1.28851996972307,39.1388661018006,320.919225862413,22.836530685424805,30.0010170936584,77.0998604489045,150.204754732617,2.01906740294384,-1,z,20250524,z_20,0.3938118512155689,149.7001435732396,1.8744228407572687,745301782185378249,0,1624.393059828997,1185.648790821055,0.014516377,0.016164804,149.7001435732396,1.8744228407572687,8.935512e-07,8.112525e-07,162976.74086302187,1677.2587660537065,156215.19194909174,1033.243875234268,False,162321.8746112951,1344.5959989815726,False,163734.08141048814,1886.14626182316,False,166900.91695247698,2743.489741724722,False,165784.1573132466,3821.797051171896,False,0.0245127666595742,57.80852631149148,160941.9733696288,698.6252874530581,0.0,0.000574807468731,False,194048.53125,1607.404296875,False,195736.76123046875,2254.803381897328,False,198187.53515625,4568.787209311115,False,False,0.0293039146976027,69.10750415699873,False,False,0.8384536706348463,0.0002181087565708527,0.8384536706348463,31.591302324128083,2025052400181,52,R12_S21
COSMOS 1017371,149.70010121907,1.87452371044,2025052400182,60820.00650210535,60820.006328487696,z,1.29341939895022,39.4056821718746,320.622541503873,22.777223587036133,30.0011308193207,74.0511702917213,150.090392692686,2.13988728738297,-1,z,20250524,z_20,0.3891672765063135,149.70014496659755,1.8744248456407533,745301782319072179,0,3690.699704573753,2552.7370281762182,0.016259005,0.016305026,149.70014496659755,1.8744248456407533,9.056098e-07,9.0349886e-07,159173.19430089055,1687.6756781292402,153395.18104205574,1037.4154493755998,False,158606.20261634048,1350.5921177992564,False,161926.76747733093,1892.4905601062069,False,162186.15621765726,2755.364324157749,False,161739.002554367,3839.4202805432265,False,-0.4962667480355049,60.700415088934776,159456.85986444584,715.6310696046726,0.0,0.0002081667329251,False,187904.65625,1600.07958984375,False,191838.6108398437,2242.079958331277,False,191616.1611328125,4548.655324406754,False,False,-0.5879393816866385,71.91326974209711,False,False,0.8407259388696395,0.0002582370220546977,0.8407259388696395,31.588363882782865,2025052400182,51,R12_S20
COSMOS 1017371,149.70010121907,1.87452371044,2025052400183,60820.00702511784,60820.00685150091,z,1.29583847887574,39.536016592517,320.33650824447,22.64981460571289,30.0010046958923,71.0181121769693,150.055280209374,2.14858848929934,-1,z,20250524,z_20,0.4027003499154548,149.70014560093037,1.8744210201877776,745301782453289954,0,3756.5208833229576,2973.883351345929,0.018339504,0.019531019,149.70014560093037,1.8744210201877776,1.0781181e-06,1.0261166e-06,159652.31557571745,1734.1645710262687,153007.40572438316,1059.376641118579,False,160209.00498349144,1381.0784554720135,False,165261.05716419945,1936.62741097643,False,166154.77445209734,2813.711654253281,False,172433.52191118253,3927.9902383597673,False,2.263280513661821,62.13680318665321,161192.6985488043,776.5598246393704,0.0,0.0009212035836848,False,187825.9375,1619.149658203125,False,193748.86572265625,2270.464504116531,False,202157.724609375,4605.099751332925,False,False,2.653426281174504,72.84798574829637,False,False,0.851651596031286,0.0002342280015355016,0.851651596031286,31.574345088396377,2025052400183,51,R12_S20
COSMOS 1017371,149.70010121907,1.87452371044,2025052400184,60820.00754595589,60820.00737234423,z,1.29678808003996,39.5868257221781,319.915508127453,22.881805419921875,30.0000956058502,67.8784037135214,149.991536288556,2.04213353585963,-1,z,20250524,z_20,0.3926631705576439,149.70014330296354,1.874423073555085,745301782608478364,0,1282.1109460365196,380.1489685960304,0.01443212,0.013194228,149.70014330296354,1.874423073555085,7.431242e-07,7.9257563e-07,161075.83052817718,1720.0861215469608,156692.16077801242,1063.038240997762,False,160588.4339701556,1384.567658858834,False,163022.42789057724,1940.133260775136,False,162870.12410653895,2825.101375910413,False,166062.76257532818,3938.2735761555496,False,1.1884812570669536,63.97899390615198,162497.22978871898,687.9749024386944,0.0,7.96881223515955e-05,False,192295.390625,1657.93994140625,False,195209.9580078125,2323.1977174311583,False,198850.5834960937,4715.855538236889,False,False,1.423137781022596,76.61115636300684,False,False,0.8340254593402084,0.00028982132380792037,0.8340254593402084,31.597051729873865,2025052400184,91,R22_S01
COSMOS 1017371,149.70010121907,1.87452371044,2025052400185,60820.00806811941,60820.00789450828,z,1.29792413188436,39.6478920774953,319.6851136615,22.842248916625977,30.0000033378601,64.8942755423362,150.023879574606,2.01087239225899,-1,z,20250524,z_20,0.3928821944290931,149.7001451376504,1.8744237932766616,745301782742695961,0,2342.6543655765067,58.69625480427588,0.014303879,0.014786945,149.7001451376504,1.8744237932766616,8.167825e-07,7.9960876e-07,160872.8349768242,1739.6638221478129,156516.88608724475,1070.2379345991917,False,160475.68521108155,1394.8565504345106,False,162299.25084411772,1956.7767750053013,False,167018.63453474385,2851.2282756562813,False,166347.6862681837,3975.034266083461,False,2.498430205074685,63.21706640584631,160352.34475703142,698.8453908872449,0.0,0.0006509224411472,False,192373.984375,1672.116943359375,False,194560.0263671875,2345.731967089544,False,199413.18310546875,4765.165381832087,False,False,2.995051696466448,75.78293826254884,False,False,0.8356772449691535,0.00023427711740926858,0.8356772449691535,31.594903558178082,2025052400185,91,R22_S01
COSMOS 1017371,149.70010121907,1.87452371044,2025052400186,60820.0085868014,60820.00841318397,z,1.30086638154954,39.8044682769094,319.932627161446,22.900508880615234,30.0010919570923,62.294016858411005,150.254857661961,2.22972341499252,-1,z,20250524,z_20,0.3980188313231193,149.7001446292339,1.874422018447143,745301782854894790,0,1071.6357462994483,3045.7010658387385,0.013326338,0.0133565655,149.7001446292339,1.874422018447143,7.4148033e-07,7.406469e-07,161144.5126713089,1739.200357033929,156406.31970874805,1071.82931576615,False,160462.85642699333,1396.9881492567945,False,161055.6927561524,1958.6095914950404,False,165490.17528018347,2855.525680972271,False,164815.64633631438,3981.23554385288,False,0.4447890866851456,62.80138362034327,161152.31850319504,678.6385888987433,0.0,0.0005054560787943,False,193771.78125,1686.975341796875,False,194487.6787109375,2365.178320815962,False,199028.12451171875,4807.661536669556,False,False,0.5371185302734192,75.83771247781038,False,False,0.8268065715912469,0.0003142804165773603,0.8268065715912469,31.606490200472074,2025052400186,49,R12_S11
COSMOS 1017371,149.70010121907,1.87452371044,2025052400187,60820.0091086882,60820.00893507688,z,1.30410750827239,39.9758512331562,319.658278635714,22.753644943237305,30.0000343322754,59.2628122519254,150.201243689391,2.27354312237011,-1,z,20250524,z_20,0.3923727609915282,149.7001450094615,1.8744238915845124,745301782989112646,0,512.7772889553189,3426.591088723467,0.016607337,0.015921997,149.7001450094615,1.8744238915845124,8.9447485e-07,9.12753e-07,160138.07787717695,1751.7150835971863,154540.93605241022,1075.6855930108943,False,159258.3557363865,1402.5273566739995,False,161824.78240873246,1965.8524200927047,False,162828.0224758787,2863.9657568797898,False,163588.64784396417,3996.066390951911,False,0.450800642327205,62.78093647181871,160380.3944699102,727.1933977957024,0.0,0.0006193773315074,False,190307.796875,1675.9678955078125,False,193374.5810546875,2349.1203417200263,False,195482.3344809413,4775.150336771559,False,False,0.5386899586802918,75.02087818536612,False,False,0.8348254578271512,0.0002648418710196545,0.8348254578271512,31.59601078921389,2025052400187,49,R12_S11
COSMOS 1017371,149.70010121907,1.87452371044,2025052400188,60820.00963091398,60820.00945729651,z,1.30748618705003,40.1524180237917,319.440813491213,22.92070579528809,30.0010981559753,56.2770379688847,150.174484993378,2.34133913747952,-1,z,20250524,z_20,0.4020318556986776,149.70014512708306,1.8744210188147823,745301783122806054,0,4045.7134668866406,3077.695437975732,0.013056298,0.012412759,149.70014512708306,1.8744210188147823,7.0067847e-07,7.144154e-07,163879.134447375,1700.5344271514043,158343.8416008081,1050.6992950416457,False,161808.5160786376,1367.6225405284847,False,161708.1199302098,1917.8445595984235,False,162008.38631230043,2792.685866864594,False,162717.35750777702,3891.559758490801,False,-0.699501205972685,60.84375249049729,161215.34049129713,666.2127048130983,0.0,2.227438322677245e-07,False,195450.15625,1651.9652099609375,False,195328.88671875,2316.5839964477127,False,196547.955078125,4700.654707713846,False,False,-0.8449346382855466,73.49378895066714,False,False,0.8298124113326658,0.0002708649175164802,0.8298124113326658,31.602550184514236,2025052400188,48,R12_S10
COSMOS 1017371,149.70010121907,1.87452371044,2025052400189,60820.01015619562,60820.00998257883,z,1.3088422260142,40.2228185425013,319.113454540838,22.90650177001953,30.000981092453,53.2101830169548,150.149588682818,2.28006760432825,-1,z,20250524,z_20,0.397294672153977,149.70014834966906,1.8744239089797567,745301783257548379,0,1066.449084527423,3990.476513405185,0.05087575,0.046694905,149.70014834966906,1.8744239089797567,2.6796417e-06,2.7453102e-06,,,153755.40019013642,1077.428154808855,True,156307.2448581431,1401.3204448070162,True,,,True,,,True,,,True,-1.417194670778917,63.15789360483231,158631.95749982455,675.5778255675574,,,True,188260.015625,1687.7823486328125,True,,,True,,,True,True,-1.7069016289465115,76.06880952753474,True,False,0.8279550589433947,0.00030186957545067243,0.8279550589433947,31.604983089748515,2025052400189,49,R12_S11
COSMOS 1017371,149.70010121907,1.87452371044,2025052400190,60820.01067837847,60820.010504760976,z,1.30605546968908,40.077905280622,318.717567147898,23.00358772277832,30.0011014938354,50.1078001539834,150.210823705801,2.01586610640563,-1,z,20250524,z_20,0.395300591823456,149.7001438586709,1.874422512090908,745301783393862483,0,1780.629956562994,1926.593013190964,0.012395723,0.011809428,149.7001438586709,1.874422512090908,6.6962406e-07,6.754141e-07,160729.74633628433,1702.514149377301,156470.1220686235,1052.842211159448,False,158577.33420423337,1370.868059788411,False,157606.87604233643,1925.4571243105745,False,154023.43814778005,2802.675431046611,False,146549.02030620305,3904.89227365938,False,-3.628560049203775,62.32077410379505,159727.18020860018,641.649096959651,0.0,0.0006120081448411,False,191736.875,1657.525390625,False,190563.48779296875,2328.0825965098134,False,177193.36328125,4721.4303703631485,False,False,-4.387315299979389,75.35244891210685,False,False,0.8268232699159517,0.0003132153584064475,0.8268232699159517,31.606468272982333,2025052400190,53,R12_S22
COSMOS 1017371,149.70010121907,1.87452371044,2025052400191,60820.01120266389,60820.01102904684,z,1.31539964736612,40.5607916187806,318.403223576792,23.063825607299805,30.0010266304016,47.0057734401463,149.955649286773,2.29538061748528,-1,z,20250524,z_20,0.3966149924406666,149.70014359438304,1.8744220056409453,745301783527031713,0,3881.670754786736,2071.438919673084,0.011424291,0.010290218,149.70014359438304,1.8744220056409453,6.0184993e-07,6.061688e-07,160916.2372114425,1711.9965222586532,157732.54496927888,1059.0967224527503,False,159533.09369106314,1378.7858531610864,False,158782.34881994975,1936.5325496039952,False,159460.63264890696,2818.650882571154,False,158970.03748166017,3928.476411512177,False,0.428892090849551,63.06163620717688,159048.34828787035,621.9678889864639,0.0,1.9118666200523823e-05,False,193093.890625,1668.8394775390625,False,192185.2124023437,2343.9187172606903,False,192412.38491606712,4754.905562079743,False,False,0.5191176361238586,76.3278414696993,False,False,0.8248022542312216,0.00032346609771584584,0.8248022542312216,31.60912540192882,2025052400191,51,R12_S20
COSMOS 1017371,149.70010121907,1.87452371044,2025052400192,60820.011727967314,60820.01155435005,z,1.31641054323578,40.6121696233772,318.022206475957,22.83659553527832,30.0010635852814,43.8936945152351,149.913057527611,2.19455701844315,-1,z,20250524,z_20,0.3913588651147719,149.70014321896477,1.874423431163288,745301783661774325,0,815.681133241728,3798.2814162510776,0.014363745,0.013961806,149.70014321896477,1.874423431163288,7.873383e-07,7.865783e-07,160963.2214863541,1755.4035547865717,155255.33196223367,1079.249345937424,False,159718.74251676415,1407.3859104534915,False,162285.69706116544,1974.750171001221,False,162602.47191432232,2877.4798700803094,False,162493.6955706019,4011.2140399577775,False,1.110809051772662,64.31199162249823,157987.84541789175,692.1910997515845,0.0,0.000425420505116,False,190435.25,1678.049072265625,False,193495.87158203125,2354.526692211396,False,193743.87158203125,4782.635628518629,False,False,1.3244356682459282,76.68023182277983,False,False,0.836631567479271,0.0003035804527181616,0.836631567479271,31.593664382010363,2025052400192,52,R12_S21
COSMOS 1017371,149.70010121907,1.87452371044,2025052400193,60820.012246618,60820.01207300402,z,1.31600061734494,40.591462231271,318.295353461957,22.94468307495117,30.0004951953888,41.332663136104,150.257670657185,2.2804472564011,-1,z,20250524,z_20,0.3937896064373662,149.7001437146934,1.874422906910524,745301783794943084,0,528.1878237879866,2711.036795044065,0.012512532,0.013416402,149.7001437146934,1.874422906910524,7.171691e-07,7.238532e-07,159676.0488316284,1733.2106120296962,155254.53495953672,1070.050024225273,False,159620.81679556344,1394.413028163452,False,162044.50858830524,1952.425032159007,False,158951.60995340368,2847.351527986525,False,159884.4949067723,3968.285085760987,False,-0.2175719622461601,63.07917008676074,159678.06750492702,668.960434208953,0.0,7.703294169214558e-08,False,193612.515625,1691.357177734375,False,196552.33935546875,2368.199396759593,False,193932.3447265625,4813.342479981021,False,False,-0.2639045193829469,76.51205556526413,False,False,0.8274026566374809,0.00027949899002516443,0.8274026566374809,31.60570772249676,2025052400193,50,R12_S12
COSMOS 1017371,149.70010121907,1.87452371044,2025052400194,60820.0127708697,60820.01259725248,z,1.31460363206033,40.5197140556784,317.81609889202,23.05789375305176,30.0010552406311,38.151903542627,150.233670532119,2.04163475126784,-1,z,20250524,z_20,0.3943435938426485,149.70014574083766,1.8744236158851737,745301783930733575,0,3505.6450249593418,2293.074937020535,0.010981024,0.01079119,149.70014574083766,1.8744236158851737,6.059389e-07,6.0358195e-07,157600.08170815848,1696.1603094554575,156090.09532010413,1048.2911426767637,False,159257.0592457642,1365.263168788661,False,161179.0574243498,1915.046631386348,False,165651.37892507468,2786.758047685118,False,168992.67355929656,3882.8968307614814,False,3.968401931434031,61.83866950739934,159195.11929858444,624.7762922372558,0.0,5.88802835256308e-05,False,192872.578125,1653.43896484375,False,195200.26611328125,2319.269128629885,False,204663.1577148437,4702.487449467818,False,False,4.806040719179414,74.8913967908092,False,False,0.8268467415973824,0.00031016588962110307,0.8268467415973824,31.60643745177358,2025052400194,53,R12_S22
COSMOS 1017371,149.70010121907,1.87452371044,2025052400195,60820.01329302211,60820.01311940511,z,1.31998767047179,40.7934233204952,317.60716301561,23.05948257446289,30.0010182857513,35.1536946816527,150.151516623171,2.18523666386124,-1,z,20250524,z_20,0.3946742537885517,149.700145711449,1.8744235023364244,745301784064950894,0,1226.3008888505417,1332.3656922083803,0.01109065,0.010794014,149.700145711449,1.8744235023364244,6.106902e-07,6.0513764e-07,159178.08899757892,1693.060134862745,156226.02929345754,1047.7443543750203,False,158725.62181173565,1364.0889106438954,False,160403.43943192123,1911.7784985688368,False,155068.08436830592,2784.9414864831947,False,149281.73205598345,3882.928626898131,False,-2.3312334502443006,60.35756294568954,160550.8103792788,630.052864723062,0.0,0.000776677292384,False,192190.515625,1651.6864013671875,False,194222.0756835937,2314.848045368104,False,180755.5247209072,4701.585329580665,False,False,-2.8227387218940683,73.08304111203545,False,False,0.8256932472787908,0.000298540989903219,0.8256932472787908,31.60795316788999,2025052400195,53,R12_S22
COSMOS 1017371,149.70010121907,1.87452371044,2025052400196,60820.01381386521,60820.01364024781,z,1.32232163124952,40.9108205488277,317.597951048566,23.120744705200195,30.0010874271393,32.3413682162965,150.266140192301,2.27723791413873,-1,z,20250524,z_20,0.3921862667612083,149.70014499569112,1.8744239421150928,745301784197596570,0,2520.3078875915635,3234.0926983504896,0.010591475,0.010246929,149.70014499569112,1.8744239421150928,5.8285616e-07,5.7470936e-07,160413.188393564,1715.2396307460892,158915.38388778042,1062.010505732204,False,161389.49636146962,1382.1998460391492,False,164002.60796507346,1938.87929928083,False,163036.2135960479,2819.7269902735675,False,164607.6065237802,3930.934404983916,False,1.200558740208534,61.54854527540071,161191.1407536936,621.0023600098348,0.0,0.0001357003976678,False,196246.234375,1680.7259521484375,False,199423.72314453125,2357.6364631517754,False,200159.388671875,4779.93358889617,False,False,1.459854186447337,74.84173700191475,False,False,0.8207370686437836,0.0003179689235645017,0.8207370686437836,31.614489877987232,2025052400196,50,R12_S12
COSMOS 1017371,149.70010121907,1.87452371044,2025052400197,60820.01433739992,60820.01416378283,z,1.3229906611717,40.9442832484024,317.039428423511,23.087966918945312,30.0010328292847,29.0784689706586,150.138990711806,2.08974246832055,-1,z,20250524,z_20,0.391578516349322,149.70014352233648,1.874423492402491,745301784333387232,0,2799.9504890263456,3348.82353863087,0.011275906,0.0099823205,149.70014352233648,1.874423492402491,6.1028936e-07,5.7229573e-07,158956.58153509116,1701.9457978150974,155478.14918611545,1054.7141887377406,False,157578.8633411542,1373.3640000876323,False,158416.5795805918,1923.216946348673,False,153128.9491569841,2802.376608549804,False,144630.93207289645,3905.640466816405,False,-3.2869196983654607,62.16884162319474,160525.6420240602,624.5256421496373,0.0,5.387015071511847e-05,False,190537.625,1660.613037109375,False,191550.5556640625,2325.471713320359,False,174881.5400390625,4722.533484963506,False,False,-3.97440278228424,75.17190555080639,False,False,0.8258152607529462,0.00030062877226999036,0.8258152607529462,31.607792739474444,2025052400197,53,R12_S22
COSMOS 1017371,149.70010121907,1.87452371044,2025052400198,60820.01486095751,60820.014687340044,z,1.32761845673644,41.1747880668257,317.022514106603,23.10914421081543,30.0010983943939,26.2440065782627,150.18278698683,2.26964744432015,-1,z,20250524,z_20,0.391376662302223,149.7001447391381,1.8744240753951955,745301784467603630,0,2431.986431387135,342.18030313707874,0.010851693,0.009674784,149.7001447391381,1.8744240753951955,5.906661e-07,5.5073576e-07,159712.44054442423,1701.720214587532,157972.48568868384,1056.0412996058285,False,159202.2006781992,1374.296583525988,False,160493.73759189446,1921.3026827689253,False,161806.73493244968,2805.2255061274705,False,163032.29244003398,3909.224880379112,False,0.9629040646404462,64.22354429427347,159630.83073860873,611.4347301071565,0.0,5.065996294939534e-05,False,193081.453125,1666.7557373046875,False,194647.8374023437,2330.168253338627,False,197726.61305260652,4741.133082837866,False,False,1.1678162439258644,77.89072766802653,False,False,0.8225157456938962,0.00032059115177805427,0.8225157456938962,31.612139448634878,2025052400198,53,R12_S22
COSMOS 1017371,149.70010121907,1.87452371044,2025052400199,60820.015386180174,60820.01521256919,z,1.32713804298499,41.1510267131475,316.54644122768,23.172637939453125,29.9999778270721,23.0569790280259,150.133770296807,2.06480791655385,-1,z,20250524,z_20,0.3924156318148488,149.70014448986728,1.874423652516648,745301784622268465,0,3618.934829626679,100.70087275549832,0.01000457,0.008780711,149.70014448986728,1.874423652516648,5.4598655e-07,4.9881146e-07,159783.46165373985,1680.8873924797203,158825.41770894118,1042.9630995489786,False,160067.0696674134,1355.8985924928747,False,161410.59865474404,1899.6041759145287,False,160786.71639291116,2762.862704532773,False,161602.906594908,3851.838405965272,False,0.4191389088204791,62.30891137515328,159190.2007997905,593.3698165635237,0.0,0.0004007055383747,False,193535.0625,1639.3997802734375,False,195159.50634765625,2296.787300940537,False,195392.0234375,4657.208932401365,False,False,0.5067755353009209,75.33691397208244,False,False,0.824892260459703,0.0002974630866835276,0.824892260459703,31.60900692784754,2025052400199,92,R22_S02
COSMOS 1017371,149.70010121907,1.87452371044,2025052400200,60820.0159104199,60820.01573680251,z,1.33369272971882,41.4733395786516,316.383642611435,23.077362060546875,30.0010850429535,20.0837855111953,150.043950898948,2.25982544547554,-1,z,20250524,z_20,0.3898818252688653,149.70014491029244,1.8744246038341013,745301784736039804,0,1212.343291743936,1910.9780470683493,0.011183615,0.010957745,149.70014491029244,1.8744246038341013,6.1984395e-07,6.102572e-07,161709.79293964404,1668.1551370177058,158899.5282228276,1034.081027414035,False,162127.61458433143,1344.8457015158808,False,165707.82117720897,1884.926195287023,False,163608.21990954495,2738.847459816571,False,166918.43535702626,3815.665525425097,False,1.606050029810398,60.74370892580235,160491.85261229018,619.3649547245743,0.0,0.0002958797184914,False,196471.828125,1629.7303466796875,False,200810.44580078125,2284.218493056966,False,202277.509765625,4623.954921040689,False,False,1.946266749350884,73.61131890050427,False,False,0.824322673333686,0.0002953221426763546,0.824322673333686,31.609756886359794,2025052400200,53,R12_S22
COSMOS 1017371,149.70010121907,1.87452371044,2025052400202,60820.01696019084,60820.01678657335,z,1.3354340459194,41.5578425431756,316.127226034538,23.144250869750977,30.0011029243469,14.2764897935032,150.236187635654,2.22620749694511,-1,z,20250524,z_20,0.3909007292448345,149.7001453361219,1.8744244826594256,745301785008145311,0,1317.602296753479,2025.815912038864,0.010184458,0.009531089,149.7001453361219,1.8744244826594256,5.6355356e-07,5.317032e-07,162461.14468286917,1662.5219141570292,157527.39849649603,1032.1147663577187,False,162084.1862849782,1342.831052820139,False,164845.5797597959,1880.7285355504864,False,165206.04629692566,2735.336880657195,False,167880.623689463,3815.290258203846,False,2.0595602910814206,61.02313861412949,160843.24563298028,607.6367790453085,0.0,7.72990695662168e-05,False,196408.84375,1627.203125,False,199755.01904296875,2279.0114541194857,False,203432.7958984375,4623.256379045696,False,False,2.4957145090853654,73.94604231238291,False,False,0.8256595567402653,0.000501470406882798,0.8256595567402653,31.60799746979489,2025052400202,60,R13_S20
COSMOS 1017371,149.70010121907,1.87452371044,2025052400203,60820.01771853029,60820.017544918745,z,1.33970058720939,41.7639010520953,315.772173363121,23.02162170410156,30.0000746250153,95.0369219762755,150.19673333906,2.24902591789276,-1,z,20250524,z_20,0.3981653301526978,149.70014501099317,1.8744221377722745,745301785133974509,0,3113.599256070724,2292.7696521635075,0.009906683,0.013322535,149.70014501099317,1.8744221377722745,7.387315e-07,5.520758e-07,160031.64001346708,1658.9806519240033,154916.1798044572,1028.5848265166362,False,158351.58442770637,1338.7181839376751,False,157747.14765718317,1874.464833588016,False,157265.8534679185,2728.6034962392378,False,160489.46919292732,3807.2727049327273,False,-0.1996929433013826,60.272692864080014,159928.4773476203,630.4892667507385,0.0,0.0006836837188499,False,191720.84375,1620.8248291015625,False,190989.03466796875,2269.468794859238,False,194309.24267578125,4609.575193163225,False,False,-0.2417740227799281,72.97389270052787,False,False,0.8224603261282905,0.0002935258244704863,0.8224603261282905,31.61221260596511,2025052400203,44,R11_S22
COSMOS 1017371,149.70010121907,1.87452371044,2025052400204,60820.01824204062,60820.01806842311,z,1.34038423335194,41.7969391147208,315.534637748623,23.01896095275879,30.0011055469513,92.0304641471562,150.23979778299,2.17982729405915,-1,z,20250524,z_20,0.3924091689139385,149.70014458706726,1.8744236965191168,745301785271861712,0,523.7665021087535,1095.1369642901393,0.011070487,0.012067501,149.70014458706726,1.8744236965191168,6.7020864e-07,6.1510997e-07,160205.90482356423,1674.0439461980511,157546.5580063311,1035.8077276452311,False,160609.8436047836,1346.9656579465473,False,162809.26226924238,1886.5660720811209,False,164726.46342736922,2746.424874912291,False,167107.499022418,3827.5477724136986,False,2.4212210328745685,58.5293480886475,160202.83678428357,629.0791665641358,0.0,0.0001946673983981,False,194749.296875,1633.278564453125,False,197416.22705078125,2287.5771982576416,False,202628.1030273437,4641.136686910011,False,False,2.935879166233367,70.97042828125096,False,False,0.8245740542489574,0.0002706762369358345,0.8245740542489574,31.609425836684647,2025052400204,51,R12_S20
COSMOS 1017371,149.70010121907,1.87452371044,2025052400205,60820.01876831184,60820.01859469486,z,1.34265261675862,41.9055405693741,315.337923293917,23.012561798095703,30.0010147094727,89.0529918311639,150.25918631453,2.18649333002932,-1,z,20250524,z_20,0.3916789380864939,149.70014364020452,1.874423511894256,745301785406079152,0,923.5032552887158,444.9120772590189,0.012436401,0.012133189,149.70014364020452,1.874423511894256,6.73851e-07,6.908807e-07,160063.58487323017,1657.7480147565186,155801.6673457154,1026.8410719804738,False,159393.6811793113,1335.253245709628,False,160317.0165208087,1870.8790734671009,False,160465.91511834585,2716.982230164306,False,161396.75876186855,3790.353481885548,False,0.2883481704710379,60.00422152814824,159901.71807822297,639.9737494022646,0.0,1.2219212670583346e-06,False,193295.15625,1619.24853515625,False,194414.8759765625,2268.7967311819443,False,195724.2688185573,4596.524549173249,False,False,0.3496770025839348,72.76653183569533,False,False,0.8268942496653424,0.0002753248535094837,0.8268942496653424,31.60637507050627,2025052400205,51,R12_S20
COSMOS 1017371,149.70010121907,1.87452371044,2025052400206,60820.0192924014,60820.01911878397,z,1.34320555992429,41.9314588973717,314.901593037254,23.122926712036133,30.0010905265808,85.8932532089739,150.201438544822,2.02915474333102,-1,z,20250524,z_20,0.3961350055286491,149.7001459792595,1.8744231772575533,745301785540821659,0,27.95058003285197,1400.2728061679982,0.010175055,0.010761701,149.7001459792595,1.8744231772575533,5.9757406e-07,5.654771e-07,158754.55485944304,1641.55107068648,158768.3214096132,1018.4164420721728,False,159750.68112852937,1322.4385546487326,False,161905.24189524117,1849.691703200376,False,164622.86449919007,2695.2208679443083,False,,,True,2.879369063128338,59.275570707093344,160536.51079728868,614.1805846498223,0.0,0.0002746031886995,False,193265.453125,1599.8785400390625,False,195872.0283203125,2237.746359735127,True,,,False,False,3.4834440940622984,71.71124373943903,False,False,0.8247766077187176,0.0002770950730231436,0.8247766077187176,31.609159162481646,2025052400206,52,R12_S21
COSMOS 1017371,149.70010121907,1.87452371044,2025052400207,60820.01981795414,60820.01964433719,z,1.35013361224432,42.2590119749514,314.559354191738,23.038848876953125,30.0010094642639,82.7938675679175,150.008444101642,2.14656388811152,-1,z,20250524,z_20,0.3928146968910762,149.7001444732872,1.8744235246129533,745301785694961740,0,2223.9911296074474,209.83821480041743,0.012389201,0.011001477,149.7001444732872,1.8744235246129533,6.1251905e-07,6.8717446e-07,159613.799208977,1622.6870753772646,155621.34991071484,1010.193004477566,False,158093.70627457282,1312.0035733939062,False,158323.6723259849,1830.6117527847343,False,158159.9945784831,2668.1582819437112,False,157175.18064297055,3718.214823160613,False,1.2422944440566586,60.08290718785598,159087.54243800344,626.8880322559733,0.0,4.187854623538545e-05,False,191057.3125,1585.565185546875,False,191335.2280273437,2212.3066753241046,False,189947.26806640625,4493.487743129634,False,False,1.5013212316176887,72.61059940338042,False,False,0.8284746571944726,0.0003201187123532034,0.8284746571944726,31.60430192996717,2025052400207,90,R22_S00
COSMOS 1017371,149.70010121907,1.87452371044,2025052400208,60820.023288582335,60820.02311497057,r,1.36624162566046,42.9999425812654,313.424200791855,24.026180267333984,30.0001132488251,93.4108272343163,150.196706348186,2.2490406596424,-1,r,20250524,r_57,0.3964268671137082,149.70014387096003,1.874422177868516,745301785805063228,0,3389.514539030767,2037.511775128144,0.008880135,0.008455632,149.70014387096003,1.874422177868516,4.6987745e-07,4.9336995e-07,140630.8660329045,614.7299361992718,137133.99283105184,419.6038932799064,False,140537.9606181601,513.6355932233483,False,142392.166434755,684.7792570115898,False,143020.7995575861,967.4418329622068,False,142122.88573415508,1326.0702093054756,False,0.2371970298728763,21.08510690641809,140399.08936667157,365.8942145734549,0.0,3.135841590784505e-05,False,291189.90625,1064.235595703125,False,295031.7580566406,1418.8394848913383,False,294473.81754279137,2747.5726716834333,False,False,0.4914642320669642,43.68762913838484,False,False,0.48218466051728737,0.00012503238944806553,0.48218466051728737,32.191966524292205,2025052400208,44,R11_S22
COSMOS 1017371,149.70010121907,1.87452371044,2025052400209,60820.02381293694,60820.02363932005,r,1.36709094500984,43.0380756047163,313.193613153661,23.94399070739746,30.0009973049164,90.4021953008395,150.239766594236,2.17984023952615,-1,r,20250524,r_57,0.3961533729983572,149.70014393906425,1.874422288897249,745301785942950300,0,835.9994449882493,889.9007689304597,0.010684513,0.009149854,149.70014393906425,1.874422288897249,5.083635e-07,5.937121e-07,140407.7050368994,622.1782582748478,136325.77240573269,422.2942860650304,False,140212.22712903144,518.1024582856754,False,142467.02551534603,688.6205431777528,False,142962.66355978049,974.632610691535,False,142504.6668511437,1340.2959167513898,False,0.1248727548739268,21.24664764140765,141014.06576773422,374.01012786539377,0.0,0.0001349284746371,False,290173.0625,1072.227294921875,False,294839.4298095703,1425.1191640399295,False,294917.3295898437,2773.7792829015625,False,False,0.2584276025459168,43.97052197375112,False,False,0.48561283133889055,9.98924829486211e-05,0.48561283133889055,32.184274616065245,2025052400209,51,R12_S20
COSMOS 1017371,149.70010121907,1.87452371044,2025052400210,60820.02433260372,60820.024158992026,r,1.36956257585851,43.1492790417403,313.009406387743,23.96834373474121,30.0001003742218,87.4239089421838,150.259286473399,2.18650291625777,-1,r,20250524,r_57,0.3938836485751664,149.70014449764855,1.874423211774933,745301786077167729,0,1244.6740347819937,263.60350113814303,0.009356241,0.00919382,149.70014449764855,1.874423211774933,5.1080303e-07,5.19891e-07,138954.57019664376,623.2174582041823,135486.51875391783,422.0424802980083,False,138860.60218677716,517.9697112018788,False,141006.79105759144,691.6810044697435,False,142896.7328555893,978.8876247817597,False,143315.50018198875,1345.508569665284,False,0.6841987755308404,21.1765299294966,138814.57618569324,365.9565152735965,0.0,0.0001672899315395,False,287569.6875,1072.6756591796875,False,292014.2805175781,1432.4184626356955,False,296795.440551281,2786.445347448323,False,False,1.4169233387209246,43.8549739685604,False,False,0.4843848071494775,0.00011201684087333481,0.4843848071494775,32.18702371767579,2025052400210,51,R12_S20
COSMOS 1017371,149.70010121907,1.87452371044,2025052400211,60820.02485572451,60820.02468210748,r,1.37034231864275,43.1839746004229,312.584931848279,23.948291778564453,30.0010221004486,84.2672150318125,150.201322649752,2.02917112889759,-1,r,20250524,r_57,0.3984375791145225,149.700143915925,1.874421591143436,745301786211910311,0,309.3522058688973,1327.841651548007,0.009700507,0.009336093,149.700143915925,1.874421591143436,5.1895705e-07,5.389148e-07,139202.4710022663,624.6561811167761,134716.82892770198,421.27656907758575,False,139284.36399110575,517.5032236529196,False,141574.5682575194,690.4129444434328,False,142997.1856809084,975.723583405058,False,142689.49588260145,1340.86139587435,False,0.5361401186769094,21.702315401209702,138573.91731676183,370.6056865308528,0.0,1.4882138033023298e-07,False,288375.3125,1071.4422607421875,False,293116.96728515625,1429.435744995999,False,295425.3211669922,2776.1287266899785,False,False,1.1100282173605194,44.93262421183942,False,False,0.48663143886110455,9.043189340043255e-05,0.48663143886110455,32.181999592177014,2025052400211,52,R12_S21
COSMOS 1017371,149.70010121907,1.87452371044,2025052400212,60820.025375670215,60820.025202052864,r,1.37785927418393,43.5169540634334,312.268107163279,23.8754825592041,30.0010778903961,81.1779733815225,150.008490497216,2.14657591163428,-1,r,20250524,r_57,0.3996247549317419,149.70014445690086,1.8744214606632688,745301786366050338,0,2418.2239370383945,91.33904196421112,0.010329284,0.00973139,149.70014445690086,1.8744214606632688,5.41589e-07,5.732196e-07,139666.37681626095,628.6362762141797,135379.62084034688,424.040975571766,False,139718.89510289865,520.9785118347046,False,143128.0437134671,695.9662098585083,False,144483.46179384523,982.6658390995478,False,144488.00718038098,1351.8555097813246,False,0.5431292186431756,20.8362126877651,140466.80412700644,377.2597460099945,0.0,7.878927759386034e-05,False,288333.125,1075.1256103515625,False,295368.4688720703,1436.2417626844397,False,298174.9791584015,2789.7781713536524,False,False,1.1208372695394024,42.99898244259249,False,False,0.48569813163253744,0.00010857984492325397,0.48569813163253744,32.18408391788339,2025052400212,90,R22_S00
COSMOS 1017371,149.70010121907,1.87452371044,2025052400214,60820.026422853975,60820.02624923649,r,1.38443423519422,43.8038005277459,312.000074453404,23.72469139099121,30.0011007785797,75.291582429066,150.060021533368,2.2482756788627,-1,r,20250524,r_57,0.3982920016024108,149.7001445218328,1.8744218902597185,745301786614039624,0,1528.526239959357,2619.576936699169,0.013031138,0.012330807,149.7001445218328,1.8744218902597185,6.878021e-07,7.2168547e-07,139711.73604661724,645.4237173507169,133345.246068253,430.4811180480178,False,139248.8862502728,531.4180302910323,False,142567.11634547717,711.6169463586135,False,143839.66966358986,1008.9309749843115,False,143841.77978779862,1385.0468881690808,False,-0.3223975899153396,21.83900882002717,139786.11511438907,395.9307960093837,0.0,7.918306252829854e-05,False,283118.625,1080.470703125,False,289865.19775390625,1446.8482786831246,False,292456.8232300281,2816.055345923391,False,False,-0.6554936618745559,44.402726046771896,False,False,0.4932202829127312,0.00010744683170602354,0.4932202829127312,32.16739768006936,2025052400214,51,R12_S20
COSMOS 1017371,149.70010121907,1.87452371044,2025052400215,60820.026945783255,60820.02677217242,r,1.38960393907335,44.0264689667468,311.776304360687,23.73478889465332,29.9999523162842,72.274880068953,149.986488377684,2.31880049179774,-1,r,20250524,r_57,0.3952034749921035,149.70014339906783,1.8744223490874607,745301786748257766,0,338.2697358979636,3253.267936772792,0.012006731,0.01158343,149.70014339906783,1.8744223490874607,6.4600226e-07,6.6509875e-07,140364.9678844977,643.2437031822618,134428.93665039877,430.6051301490317,False,139843.056716538,530.7988448786169,False,142515.8256351862,709.9561678529926,False,143610.39879537933,1004.6082216402474,False,145748.2445287547,1382.1681394528516,False,0.7167504504493739,21.747305111123275,140625.51817078685,392.9265895437399,0.0,0.0003232144547472,False,284272.6875,1079.0068359375,False,289705.8868408203,1443.1974856775546,False,296276.74153733253,2809.6686442972364,False,False,1.457008889823438,44.20787856741971,False,False,0.491773024817901,0.00010356566629749708,0.491773024817901,32.17058824315161,2025052400215,51,R12_S20
COSMOS 1017371,149.70010121907,1.87452371044,2025052400216,60820.02746558065,60820.02729196908,r,1.38383161098938,43.7778423411734,311.530867428107,23.94695854187012,30.0000791549683,69.2648928868732,150.204822098084,2.01910708986861,-1,r,20250524,r_57,0.4026297814966278,149.70014417157418,1.8744204360426169,745301786882998876,0,2928.961758721618,1194.6037502976874,0.009612257,0.00944501,149.70014417157418,1.8744204360426169,5.2601456e-07,5.3304524e-07,140000.22197678543,632.5145187542587,135769.84975057622,426.1739521239402,False,139824.8367789165,524.075537115685,False,142241.45846749973,700.7488336780004,False,143573.09434243423,989.4586866439728,False,142240.5277339234,1361.617832113885,False,0.4331620242641997,21.378363454488987,139171.09278570296,371.24311908474,0.0,1.344120726942677e-07,False,289221.53125,1084.0272216796875,False,294220.20703125,1449.468172943097,False,294218.28184974194,2816.446658929079,False,False,0.8959766149066002,44.22020548254029,False,False,0.48533562893708976,9.868647783627353e-05,0.48533562893708976,32.18489456388775,2025052400216,52,R12_S21
COSMOS 1017371,149.70010121907,1.87452371044,2025052400217,60820.02799199914,60820.02781838823,r,1.39054363361302,44.0669339575765,311.309811059785,23.873910903930664,29.999965429306,66.2464962946716,150.090401220382,2.13982946449697,-1,r,20250524,r_57,0.3971986581914593,149.70014500057894,1.8744224257296576,745301787017217112,0,598.4456226178617,2262.883886837903,0.010620875,0.009941184,149.70014500057894,1.8744224257296576,5.5866275e-07,5.8434597e-07,139975.4343772943,640.7962490997476,135279.60537969862,430.3295295280544,False,139472.60316328454,529.9937268673931,False,141807.16833634648,709.0035403413459,False,142893.73610358062,1002.801100173631,False,143516.914374063,1381.4863288200809,False,0.452340507756333,21.057178897309416,140006.69737086727,379.4384923378174,0.0,6.504536392237803e-05,False,287825.59375,1093.7327880859375,False,292643.3686523437,1463.1501839159778,False,296171.72230249643,2850.9335441644703,False,False,0.9334820765460284,43.45509355498663,False,False,0.48721473474455973,0.00011203511107924756,0.48721473474455973,32.18069896472342,2025052400217,52,R12_S21
COSMOS 1017371,149.70010121907,1.87452371044,2025052400218,60820.0285134994,60820.02833988189,r,1.3941203103083,44.2186293334883,311.074944603817,23.872800827026367,30.0011053085327,63.2222243127256,150.055230771394,2.14873151881595,-1,r,20250524,r_57,0.4011232151603686,149.70014443204008,1.874420998474764,745301787151435043,0,600.5254113793709,2681.894316407608,0.010228941,0.010327899,149.70014443204008,1.874420998474764,5.7281517e-07,5.696223e-07,139915.5705720132,645.2977779476801,135142.0669240082,432.8683247375695,False,139591.57709149065,533.4506200394026,False,141908.10721939983,714.4019260822905,False,142118.80756557986,1009.2144453363924,False,143441.65995919163,1390.5416355096252,False,0.5206996909081186,21.52311168599979,140047.88339053126,382.5873486985421,0.0,0.0001302399911782,False,285795.21875,1092.1693115234375,False,290538.0065917969,1462.6430834454388,False,293677.7521972656,2846.949358849832,False,False,1.066063477229778,44.065713280460976,False,False,0.48768869070930293,0.00012240909603260868,0.48768869070930293,32.17964328848413,2025052400218,52,R12_S21
COSMOS 1017371,149.70010121907,1.87452371044,2025052400219,60820.0290386908,60820.02886507401,r,1.39611862352124,44.3036377553254,310.700750155454,23.86445999145508,30.0009815692902,60.095624258368304,149.99180101125,2.04217266874606,-1,r,20250524,r_57,0.3987660945676437,149.7001444894316,1.8744217334398283,745301787306098826,0,2116.4490781057057,305.0070540633764,0.010175196,0.01057891,149.7001444894316,1.8744217334398283,5.8247474e-07,5.7117705e-07,139704.22487557298,638.357243074744,134573.91693097053,428.7981610656665,False,139250.1276418208,528.0933499030915,False,142110.4798408216,706.0026863285573,False,141905.33129708547,997.5248563521058,False,141752.72615170846,1372.7026255187443,False,0.0165252215649795,21.21874075334173,138889.4388267525,380.6081841532392,0.0,0.0001864727797734,False,286099.8125,1085.00732421875,False,291976.6202392578,1450.535375469444,False,291241.58850097656,2820.32031445853,False,False,0.0339523049014547,43.59549146433947,False,False,0.48868373773851836,0.00011024694402082297,0.48868373773851836,32.17743028261136,2025052400219,91,R22_S01
COSMOS 1017371,149.70010121907,1.87452371044,2025052400220,60820.02956488892,60820.02939127142,r,1.39802047399957,44.3833574659901,310.501398576879,23.864564895629883,30.0011031627655,57.1028595053698,150.023658648227,2.01091198042687,-1,r,20250524,r_57,0.3993091560254071,149.70014446772478,1.8744215604215608,745301787440316475,0,3203.172462675996,132.1656851178281,0.010296469,0.009846916,149.70014446772478,1.8744215604215608,5.547176e-07,5.6507207e-07,140453.83086583848,639.8315448120928,135406.42109387968,430.08805696844695,False,139754.04664274308,529.4751325385637,False,142150.7227663821,708.7160633216306,False,143215.33299089217,1002.4799464859608,False,144609.16518773418,1378.2351577668092,False,0.6792344304112911,21.197605579347428,139190.1448379576,377.9565247482772,0.0,0.0001040615353778,False,286766.78125,1086.45068359375,False,291684.6145019531,1454.2421431162795,False,296729.1884301901,2828.054496401924,False,False,1.3937476302289051,43.49619397952618,False,False,0.48740474670347883,0.00010469330496605883,0.48740474670347883,32.18027561413444,2025052400220,91,R22_S01
COSMOS 1017371,149.70010121907,1.87452371044,2025052400221,60820.030088322615,60820.02991471107,r,1.40129071628681,44.5202778745712,310.751631071628,23.812944412231445,30.000075340271,54.4531582714885,150.255007909373,2.22977193680947,-1,r,20250524,r_57,0.394556185269796,149.70014331425548,1.874422508567392,745301787552515366,0,2696.361298938452,2998.796759025606,0.011310132,0.011040323,149.70014331425548,1.874422508567392,6.1851404e-07,6.234274e-07,140558.34013579818,651.3488767059924,134432.7095275203,434.2759976990896,False,140555.21206583874,536.599470103645,False,144096.1129231191,718.7911599926845,False,146374.36380112174,1017.7837247976564,False,145535.93741845965,1400.9488328100135,False,0.6647542150063779,22.078953906523715,139954.92996339378,390.6240194431792,0.0,0.0002364269987205,False,286498.78125,1093.7701416015625,False,293716.32775878906,1465.1380641417622,False,296651.17419433594,2855.604764095617,False,False,1.3549926013481215,45.00433169657872,False,False,0.49138067915460515,0.0001043306651605303,0.49138067915460515,32.17145480941142,2025052400221,49,R12_S11
COSMOS 1017371,149.70010121907,1.87452371044,2025052400222,60820.030613783456,60820.03044016594,r,1.40592838566117,44.7127139443396,310.531705049833,23.7539119720459,30.0011067390442,51.4359261328954,150.201379981476,2.2735820375705,-1,r,20250524,r_57,0.4018084902793485,149.70014601281605,1.8744214693831789,745301787686733203,0,2092.535185150174,3304.9015121816883,0.01129908,0.011794193,149.70014601281605,1.8744214693831789,6.447946e-07,6.3869845e-07,140967.93645005958,653.436656448369,134000.93367508554,435.3964695326469,False,139750.16077798893,538.0803281302367,False,142011.27756378628,721.333190763079,False,143589.91675767617,1020.0609360445978,False,143992.37808299786,1405.4167715291208,False,0.5929276343063519,21.8337726438052,140523.28879381774,393.9749199412582,0.0,0.0006937859632678,False,284062.15625,1093.72509765625,False,288658.1989746094,1466.2127070348654,False,292685.0686547756,2856.710263000677,False,False,1.2052100789268054,44.38026047157454,False,False,0.49218477904714425,0.00012778154098162795,0.49218477904714425,32.169679552761664,2025052400222,49,R12_S11
COSMOS 1017371,149.70010121907,1.87452371044,2025052400223,60820.031134837554,60820.03096122063,r,1.41060226690114,44.9047808765074,310.365644987164,23.997859954833984,30.0010051727295,48.458077523867,150.174352599448,2.34128098074934,-1,r,20250524,r_57,0.3966097441061818,149.70014395189418,1.8744221567577863,745301787820951070,0,1453.4105895238918,2874.108528381404,0.008699219,0.0082429955,149.70014395189418,1.8744221567577863,4.6938243e-07,4.7237398e-07,139510.71421295663,637.9674156009381,135751.35951772958,430.0793500259071,False,138773.40968794,528.9150098377694,False,140901.07451226315,708.138338573688,False,141205.04325963993,1001.0961372293413,False,140437.52828931028,1378.3052615479214,False,0.1750735936248397,21.693124712268045,140159.45346157593,369.6794078970045,0.0,0.0001088304392752,False,286683.21875,1092.652099609375,False,291078.6270751953,1462.898250313905,False,290121.01622211933,2847.35375234466,False,False,0.361673475137365,44.81445567449102,False,False,0.4844070084870865,0.0001284536849149877,0.4844070084870865,32.18697395508356,2025052400223,49,R12_S11
COSMOS 1017371,149.70010121907,1.87452371044,2025052500521,60820.97064975185,60820.97047614015,g,1.20884120154083,34.2193514590847,338.857576378142,24.359588623046875,30.0001013278961,115.875851145971,150.196546742899,2.24901694719538,-1,g,20250525,g_6,0.4180213970547239,149.70014783182316,1.8744173490450184,745306225882169946,0,660.4101308225747,1224.6845995393603,0.010973539,0.013248023,149.70014783182316,1.8744173490450184,7.1399785e-07,6.3601215e-07,102683.52370911268,396.3013587234258,99312.51308120888,287.42987165124856,False,102505.50400490804,338.1785230670192,False,104187.70105449924,432.2865385482552,False,104787.05748720087,592.3466362412568,False,105118.58104655816,801.7939080743214,False,0.1075308301711243,12.32663884957315,102642.62381044697,288.23267043815514,0.0,0.0014776928421661,False,226725.953125,747.9973754882812,False,230446.70678710932,956.1494129209626,False,232505.666015625,1773.4412389140102,False,False,0.2378411793351441,27.264574416055847,False,False,0.4508461028598197,8.738487048852675e-05,0.4508461028598197,32.2649292000993,2025052500521,83,R21_S02
COSMOS 1017371,149.70010121907,1.87452371044,2025052500522,60820.97117170756,60820.9709980907,g,1.20855031521894,34.1990666324247,338.57398353934,24.29848861694336,30.0009934902191,112.905382211732,150.239785541544,2.17971570533117,-1,g,20250525,g_6,0.4162667903907173,149.70014829208122,1.8744180850564736,745306225995941632,0,1784.2326217580348,3781.389969855688,0.012337568,0.014440961,149.70014829208122,1.8744180850564736,7.85917e-07,7.0470577e-07,102866.2000707286,397.68329728405183,97877.16619018951,286.8796106793213,False,102414.62685374822,338.77523884699013,False,104270.75273117267,432.72568615632616,False,104937.44087745824,592.6350066426843,False,104393.53353269772,802.2281513597374,False,-0.0295921515108379,12.205987816423992,101445.27163387056,290.6809727064117,0.0,0.0022807451167217,False,225831.5,747.0233764648438,False,229924.3889160156,954.1907615673342,False,230195.1292724609,1768.9698466851958,False,False,-0.0652527882903204,26.91506694157204,False,False,0.45554747005356067,8.620416354940945e-05,0.45554747005356067,32.2536659023359,2025052500522,44,R11_S22
COSMOS 1017371,149.70010121907,1.87452371044,2025052500523,60820.97169588203,60820.97152226469,g,1.20941187213177,34.2592113170627,338.292623841723,24.33953666687012,30.0010762214661,109.936051252053,150.259199489609,2.18654328944417,-1,g,20250525,g_6,0.4178207190811488,149.700147903607,1.8744174413770145,745306226130159044,0,1940.7056477240897,3038.2369831622545,0.011932027,0.012860891,149.700147903607,1.8744174413770145,7.0891195e-07,6.69409e-07,103164.45034271773,394.5165574961411,98938.22093700174,286.0031850163363,False,102984.39516871884,336.8774137954739,False,104748.44039879246,429.7432384490003,False,105846.9868909277,588.2465052609047,False,105968.2123822046,795.0720093044139,False,0.1471905638151176,12.256652653014662,102487.4933641385,289.4149757000138,0.0,0.0049596101444967,False,228060.859375,746.0213012695312,False,231967.37036132807,951.6743979581482,False,234668.57811540365,1760.7017588432602,False,False,0.3259562424051871,27.14258536478204,False,False,0.4506145395603171,0.00011740793914402785,0.4506145395603171,32.26548699852479,2025052500523,44,R11_S22
COSMOS 1017371,149.70010121907,1.87452371044,2025052500524,60820.972220035575,60820.97204641873,g,1.20842753766506,34.190336747356,337.786325876065,24.358442306518555,30.0009915828705,106.780652646775,150.201360641617,2.02910788280507,-1,g,20250525,g_6,0.4190484802532423,149.70014796329596,1.8744170951335708,745306226268046699,0,1141.6153643659504,2744.697418739076,0.011796973,0.012330199,149.70014796329596,1.8744170951335708,6.8287204e-07,6.584026e-07,103109.15853186056,393.518537006644,99050.91972631987,285.4945586755287,False,102941.82795505188,336.0543684711003,False,104965.09230638738,428.8028453767287,False,105600.83186137732,586.6563654388115,False,106426.36672612654,793.8535888050043,False,0.5211083518336341,12.342147881994627,102783.03712838488,288.6740911297662,0.0,0.0009149296506658,False,228319.515625,745.3507690429688,False,232807.0086669922,951.0619725713916,False,236048.03784179688,1760.7251636552228,False,False,1.155790691134298,27.37422952523782,False,False,0.44906556533382946,0.00011313079235671096,0.44906556533382946,32.26922561417388,2025052500524,51,R12_S20
COSMOS 1017371,149.70010121907,1.87452371044,2025052500525,60820.97274321155,60820.97256959412,g,1.21183566191017,34.4273884994049,337.21752159498,24.31502723693848,30.0010921955109,103.561530222394,150.008521724905,2.14654801503565,-1,g,20250525,g_6,0.4205582393008435,149.70014897742885,1.874417085410742,745306226422711243,0,348.4104634303625,2079.440436964437,0.012550937,0.012724579,149.70014897742885,1.874417085410742,7.0678027e-07,6.9823864e-07,103054.12288288008,393.3053620534848,98542.325056513,285.10921064349606,False,102771.47795859944,335.86748167626394,False,104677.03736448904,428.673313392001,False,105110.05217867818,586.470780591846,False,105298.31923743935,792.3245244016198,False,-0.0455036962462378,11.916976042724553,102682.39634805624,291.0743910354507,0.0,0.0004997718645967,False,228356.5625,746.2921142578125,False,232590.6846923828,952.5051719224743,False,233971.16296970844,1760.5322835747118,False,False,-0.1011084773931242,26.47932810315028,False,False,0.44842420530379784,9.502299193952418e-05,0.44842420530379784,32.270777382107525,2025052500525,90,R22_S00
COSMOS 1017371,149.70010121907,1.87452371044,2025052500526,60820.97326288884,60820.973089272025,g,1.21142957167569,34.3994026235812,337.315136985867,24.35266494750977,30.0009846687317,100.912313775405,150.257769098759,2.1389091287468,-1,g,20250525,g_6,0.4066654811601917,149.7001463647051,1.8744201507523728,745306226532811498,0,4085.050199931136,1638.2206180164744,0.03779566,0.057588976,149.7001463647051,1.8744201507523728,3.1675993e-06,2.1506694e-06,,,97991.39868540638,288.8519123746939,True,,,True,,,True,,,True,,,True,-0.0576630832721002,12.39358335106184,99226.23070586604,288.0053422900551,,,True,,,True,,,True,,,True,True,-0.1277478221021797,27.456965380587366,True,False,0.45182208631778575,0.00011652692477090128,0.45182208631778575,32.262581358442326,2025052500526,44,R11_S22
COSMOS 1017371,149.70010121907,1.87452371044,2025052500527,60820.97378587482,60820.97361225743,g,1.21481738662292,34.6326585487805,336.739393789753,24.361082077026367,30.0010857582092,97.6823382164679,150.060053041681,2.24824721385462,-1,g,20250525,g_6,0.4300632528291017,149.70014836893446,1.874413935935636,745306226687476080,0,3110.23438005098,821.937894791904,0.012110712,0.012185856,149.70014836893446,1.874413935935636,6.7725676e-07,6.734469e-07,102601.28613031349,391.1038043433265,99133.84300518889,284.83069069920947,False,102674.5520605232,334.5945382725645,False,104747.64891226866,426.0513964667119,False,106124.60219345536,582.8507523829562,False,107427.0571582208,788.1697995930641,False,0.7570901696241631,12.066403733022824,102131.3740604743,286.5100255284765,0.0,0.0013697307589747,False,228477.171875,744.5585327148438,False,233090.34326171875,948.0734630400752,False,239052.7127685547,1753.8796435377524,False,False,1.684719507791261,26.85083834597982,False,False,0.45083617394328956,8.79882152945852e-05,0.45083617394328956,32.264953111369216,2025052500527,83,R21_S02
COSMOS 1017371,149.70010121907,1.87452371044,2025052500528,60820.9743077991,60820.974134182135,g,1.21710624299134,34.7889613653569,336.350895019735,24.335037231445312,30.0010118484497,94.6113064582707,149.986516300806,2.31877208856484,-1,g,20250525,g_6,0.414577141464541,149.7001464628514,1.874417799680256,745306226821694334,0,2243.836807251508,1857.7793016669152,0.012170218,0.0127342865,149.7001464628514,1.874417799680256,7.075915e-07,6.7663143e-07,102664.80004818164,394.6922146491938,98616.04560333882,285.9533191672433,False,102766.31395483793,336.6342978751092,False,105109.18509020064,429.4449181041121,False,105980.74460531597,587.274326175014,False,107511.68709559318,794.1350301881453,False,0.5231742327230081,11.968188796520357,102663.31313351584,290.54611522698406,0.0,0.0017356935342829,False,227299.28125,744.5701904296875,False,232481.2606811524,949.849395828549,False,237795.13210469484,1756.4736403461786,False,False,1.1571605761662305,26.471327097602035,False,False,0.4509171836311443,0.0001029632124824729,0.4509171836311443,32.26475803551941,2025052500528,83,R21_S02
COSMOS 1017371,149.70010121907,1.87452371044,2025052500529,60820.97482747467,60820.97465385718,g,1.21284780895265,34.4972687877838,336.217839281727,24.29555892944336,30.0011014938354,91.7816392788161,150.204956725178,2.01908049963385,-1,g,20250525,g_6,0.4155600119447539,149.70014767285494,1.874418025957008,745306226939134704,0,3480.6650184817668,1620.116828120882,0.011763915,0.0132096885,149.70014767285494,1.874418025957008,7.341027e-07,6.539688e-07,102916.2602443296,393.7681028449473,98813.50901380142,285.0881882559801,False,102996.7460088787,335.76320560268323,False,105237.786944723,428.6439623324058,False,106683.19067133982,585.9055043311654,False,106987.59295854945,792.2508514964582,False,0.1636948524823045,12.041461241629344,102708.03932627416,289.0784705979668,0.0,0.000118539587698,False,227948.640625,743.098876953125,False,232908.4306640625,948.6591791682696,False,236781.0374954939,1753.3806807551828,False,False,0.3622834754161517,26.64972270999143,False,False,0.45265058276395914,9.151794538860045e-05,0.45265058276395914,32.26059229040422,2025052500529,51,R12_S20
COSMOS 1017371,149.70010121907,1.87452371044,2025052500530,60820.97535075101,60820.97517714001,g,1.21604618815871,34.7168842890589,335.7929297076,24.439476013183597,29.9999806880951,88.6749073878357,150.090191129359,2.13980176918842,-1,g,20250525,g_6,0.415728876494698,149.70014881599033,1.874418483809772,745306227073353539,0,1748.919606895716,3488.217463008766,0.010488182,0.011075621,149.70014881599033,1.874418483809772,6.15596e-07,5.82983e-07,102984.92350175284,390.2329217988145,99951.5028023567,285.2583181644809,False,102567.04174025696,334.4308567950262,False,103951.43828558472,425.9729414239698,False,104376.58138996984,582.7735636119729,False,104038.38251376692,787.9290481441134,False,0.0011725600748339,11.842497372119473,102887.4634832966,284.4167181362388,0.0,0.0017465000306993,False,229346.59375,747.8092041015625,False,232442.19470214844,952.5032748108484,False,232636.6076660156,1761.8607326724232,False,False,0.0026219207902226,26.48059637585217,False,False,0.4462800139503759,0.00011660259800971991,0.4462800139503759,32.275981405044206,2025052500530,51,R12_S20
COSMOS 1017371,149.70010121907,1.87452371044,2025052500531,60820.97587058709,60820.97569696965,g,1.21733642795723,34.8044782244211,335.434606217486,24.47311782836914,30.0010933876038,85.6297744731072,150.055262670998,2.14859729755571,-1,g,20250525,g_6,0.4180895241128,149.7001489248864,1.8744178135293457,745306227207571492,0,1918.0551972404169,3875.1106523901353,0.010799218,0.0104575725,149.7001489248864,1.8744178135293457,5.813832e-07,6.0024945e-07,102895.24613630724,391.3513051773667,100017.09447246276,285.9090835456698,False,103128.33427886068,335.7798223579295,False,104814.5340436409,427.1230317322927,False,106311.6270444563,585.7595449095328,False,107445.16447629168,792.4890132768777,False,0.899722952961157,12.187925014542335,101426.34423339156,279.6495962105854,0.0,0.0026149981940155,False,230768.53125,751.3688354492188,False,234541.71197509769,955.7659918115498,False,240428.22924941772,1773.3392758109735,False,False,2.013294850911974,27.2727138885593,False,False,0.44593630113746846,0.00011762951336954801,0.44593630113746846,32.2768179319204,2025052500531,51,R12_S20
COSMOS 1017371,149.70010121907,1.87452371044,2025052500532,60820.97639929077,60820.9762256739,g,1.21723521952944,34.7976474895941,334.951203726915,24.48204803466797,30.0009956359863,82.4891630730999,149.991504500377,2.04221507393941,-1,g,20250525,g_6,0.421516881565579,149.7001491595298,1.8744168751631407,745306227362234742,0,4032.218910999749,774.1901299869982,0.010274978,0.010258797,149.7001491595298,1.8744168751631407,5.7028404e-07,5.7112345e-07,103267.0493970162,391.3447629071841,100152.97397927292,285.7081294797832,False,102842.27485242888,335.2421574337384,False,104074.05401802147,427.5797124521405,False,104737.8322313049,585.4287649260586,False,105586.52154687932,791.5974785204041,False,0.6018659893941444,12.19193887633296,102594.02393357691,282.4189945740748,0.0,0.0007671186649557,False,230941.40625,752.8158569335938,False,233707.47509765625,960.1679875261514,False,237103.8544418812,1777.6020137222654,False,False,1.3515432069562834,27.378074950739776,False,False,0.44537514432397335,0.00010112760167846865,0.44537514432397335,32.27818505976906,2025052500532,90,R22_S00
COSMOS 1017371,149.70010121907,1.87452371044,2025052500533,60820.97692103904,60820.97674742138,g,1.21765515382249,34.8259458925191,334.677308868508,24.482866287231445,30.0011312961578,79.520888711981,150.024065764661,2.01102802809658,-1,g,20250525,g_6,0.4162124524236783,149.70014721385093,1.8744176280549456,745306227496976477,0,747.0818168464946,195.49435396823324,0.010978886,0.010170634,149.70014721385093,1.8744176280549456,5.668663e-07,6.08999e-07,103843.24045173723,393.9533832497093,100632.68840881808,287.7279340008648,False,103725.76678413426,337.6138240600494,False,105358.982535527,430.6433263324005,False,106727.9730404232,587.3283430397832,False,106735.22662676238,794.5858600223893,False,0.4245714237663545,12.564176352354108,103559.80218293416,286.4432376453662,0.0,0.0007029083647888,False,232421.84375,756.5027465820312,False,236081.4456787109,964.9571076501236,False,239165.24249267572,1780.4554869034853,False,False,0.9513515896267404,28.152976097940584,False,False,0.4428652413148324,8.504635645347492e-05,0.4428652413148324,32.284321010947295,2025052500533,91,R22_S01
COSMOS 1017371,149.70010121907,1.87452371044,2025052500534,60820.9774465189,60820.97727290196,g,1.2204303359568,35.0134209692383,334.885278747534,24.51321029663086,30.001008272171,76.9515455398508,150.254762809605,2.22963853103729,-1,g,20250525,g_6,0.4215352212097524,149.70014851285808,1.8744165820647565,745306227608651664,0,2357.7251369564115,3672.308718698379,0.01092803,0.010022944,149.70014851285808,1.8744165820647565,5.597031e-07,6.049246e-07,102326.64920347735,393.3009352153297,100269.0232653276,287.7699062130909,False,102547.37204056972,337.40749874440314,False,104432.56332573836,430.9183527128671,False,105342.06472374516,589.9436369918537,False,106885.74861782456,798.6483271599108,False,0.8939326476680832,12.095048134043637,101700.64657380617,281.99122363427864,0.0,0.0030840108580636,False,228845.953125,752.962646484375,False,233052.96875,961.64259681484,False,238527.5266561508,1782.2732460495456,False,False,1.9949108857145976,26.99145539519953,False,False,0.4480098694958071,0.00013215204767964196,0.4480098694958071,32.27178104636426,2025052500534,48,R12_S10
COSMOS 1017371,149.70010121907,1.87452371044,2025052500537,60820.97900901207,60820.97883540041,g,1.22488196371529,35.3103313850673,333.842213066604,24.5087947845459,30.0000939369202,67.8266577273931,150.149698104295,2.28015103084805,-1,g,20250525,g_6,0.4138061096872802,149.70014714435507,1.8744183266637864,745306228012875985,0,2595.790941666482,365.46002327416414,0.011162155,0.009506538,149.70014714435507,1.8744183266637864,5.4252024e-07,6.081089e-07,103244.9162602216,389.81126731631264,100519.3141808936,285.0409871690157,False,103464.3237912816,334.2507556168918,False,105325.93406168467,426.5188788019485,False,106527.69531373424,582.2281102945827,False,106028.74580157084,787.4138835564984,False,0.3905054091856159,12.255639383500016,102531.06021495318,281.3816159674274,0.0,0.0009262150361234,False,229780.84375,742.3275756835938,False,233915.2387084961,947.2431100417064,False,235476.09242764115,1748.7441072835068,False,False,0.8672618649943851,27.21818550631326,False,False,0.44810742688205035,8.490833985069138e-05,0.44810742688205035,32.271544645198624,2025052500537,51,R12_S20
COSMOS 1017371,149.70010121907,1.87452371044,2025052500538,60820.97952775342,60820.97935414218,g,1.22194358856937,35.1148538753406,333.464100473792,24.47072029113769,30.0000224113464,64.7904913154371,150.210761235476,2.01577333931744,-1,g,20250525,g_6,0.4201139016078062,149.70014725344456,1.874416464934976,745306228147618404,0,3672.264946294122,1222.263533754982,0.0112104835,0.010054235,149.70014725344456,1.874416464934976,5.709908e-07,6.12082e-07,102532.0157657365,395.9760432392701,99977.71693264115,289.1637451299182,False,102381.69142534737,339.41357875878845,False,103608.39146540566,433.2264613854072,False,104135.62157165044,593.3666686539932,False,105039.45873610646,803.3259609938497,False,0.5108208178462561,12.210758733909636,101545.60989809876,283.017064137499,0.0,0.0030938182550706,False,225241.3125,746.7151489257812,False,227940.07165527344,953.104948879766,False,231088.44189453125,1767.3296006397231,False,False,1.123813739177281,26.863859011863493,False,False,0.4535359106539134,8.896516772210098e-05,0.4535359106539134,32.258470800278246,2025052500538,52,R12_S21
COSMOS 1017371,149.70010121907,1.87452371044,2025052500539,60820.98005534505,60820.979881727646,g,1.2284551745441,35.5457436284778,332.944334952861,24.30389213562012,30.0010871887207,61.55985001730641,149.955839307747,2.29528968911352,-1,g,20250525,g_6,0.4176246991085963,149.70014847552196,1.874417753803285,745306228281312634,0,1810.409454273108,2956.7264273492283,0.013059508,0.011665748,149.70014847552196,1.874417753803285,6.668665e-07,7.090017e-07,102823.91790605392,407.9708060987394,98951.54557932523,294.6310431759292,False,102747.97444571384,347.8238522236115,False,104556.52771683953,445.47880645593847,False,105634.79315087885,611.0749632803514,False,105314.02253769668,827.5613842376197,False,0.045498734270525,12.477718781652497,102738.00702112186,295.444385073962,0.0,1.8999219021043068e-05,False,218715.671875,740.3992919921875,False,222565.4698486328,948.2736471030074,False,224177.9200169146,1761.5981740541897,False,False,0.0968514103477305,26.560841335498235,False,False,0.4695370555641005,0.00011267501181920925,0.4695370555641005,32.220825319506545,2025052500539,51,R12_S20
COSMOS 1017371,149.70010121907,1.87452371044,2025052500540,60820.983311723336,60820.98309181275,u,1.23348860178295,35.872575463214,331.474861530145,23.333967208862305,38.0005493164062,110.687090349085,150.196563692205,2.24902436594725,-1,u,20250525,u_24,0.3951163163716325,149.7001475255011,1.8744241912656807,745306228432306217,0,1173.1530784505144,356.33290951321527,0.043277074,0.04622561,149.7001475255011,1.8744241912656807,2.5505824e-06,2.4280814e-06,46762.2713574377,792.386486499833,46217.58418725799,536.4057402314814,False,48397.27158260511,656.6410344552557,False,50536.4351375117,872.7621890327403,False,53651.96814966283,1228.835196161378,False,57264.77844045319,1683.769742218435,False,2.137232687996972,26.102013236568343,48972.6822775274,510.940909108132,0.0,0.0001544906075652,False,19060.806640625,258.6118469238281,False,19903.29592895508,343.7291149772335,False,22553.190158844,663.1367520167354,False,False,0.8417288347009892,10.280030484447463,False,False,2.613814097168069,0.0017551931630077414,2.613814097168069,30.35681326017974,2025052500540,83,R21_S02
COSMOS 1017371,149.70010121907,1.87452371044,2025052500541,60820.98392945569,60820.98370954191,u,1.23366922320957,35.8839051718457,331.147540795751,23.29302406311035,38.001101732254,107.70436822373,150.239846817631,2.17980198007713,-1,u,20250525,u_24,0.3764811526893771,149.70014401659105,1.8744282803058725,745306228546077006,0,2447.3068897416447,3019.619981603558,0.057969756,0.061178565,149.70014401659105,1.8744282803058725,3.3853728e-06,3.2401927e-06,48021.090919774506,775.6595774559086,44726.92602351682,520.4603188793046,False,48086.69117090172,639.5833735684718,False,49865.71140320279,848.4008776253132,False,50887.471019102464,1193.017575321788,False,52143.13546513825,1637.057126436419,False,-0.3511369154383904,25.64115654699349,47709.40699417655,513.4409261531515,0.0,0.0043165117964055,False,19566.9140625,260.2523193359375,False,20290.81365203857,345.2220699495634,False,21217.51831436157,666.1335044771794,False,False,-0.1428808196458296,10.433620912593195,False,False,2.488883792364707,0.0013046292765738945,2.488883792364707,30.40998845103872,2025052500541,44,R11_S22
COSMOS 1017371,149.70010121907,1.87452371044,2025052500542,60820.98454604609,60820.98432613274,u,1.23508726642942,35.9751905599372,330.83829803473,23.27181434631348,38.0010271072388,104.733615582152,150.259264579911,2.18648516494838,-1,u,20250525,u_24,0.3780548008605492,149.70014968732195,1.8744305356634885,745306228680294641,0,2655.7265276548783,2289.98279879572,0.054769225,0.057054646,149.70014968732195,1.8744305356634885,3.163857e-06,3.0537735e-06,47929.94999189502,776.8886330846817,44762.73520175234,520.2164674629083,False,47876.11286565283,639.4644794648425,False,48933.6459799525,847.6139342647408,False,50743.6006061037,1192.3752760812815,False,50287.10912262699,1633.8966939189056,False,-0.3236695234069571,25.433583582497192,47945.36144299741,515.7126813625601,0.0,2.7447688151882588e-05,False,19591.65625,261.67889404296875,False,20024.41538619995,346.8569154606211,False,20578.27373123169,668.616152382658,False,False,-0.1324506452515224,10.40782128975654,False,False,2.4661950333169766,0.0017780456630232244,2.4661950333169766,30.419931453024645,2025052500542,44,R11_S22
COSMOS 1017371,149.70010121907,1.87452371044,2025052500543,60820.9851604967,60820.984940588736,u,1.23471608557117,35.9515050449625,330.293626150129,23.387845993041992,38.0000960826874,101.569010875239,150.201296676815,2.02904647682515,-1,u,20250525,u_24,0.376573552667983,149.7001460336391,1.8744291813398104,745306228818182443,0,1869.5036244364296,2302.006568477924,0.048043992,0.053048853,149.7001460336391,1.8744291813398104,2.938927e-06,2.683159e-06,47155.39935438953,737.2568819181297,44660.81431355941,500.5947330778446,False,47163.25398901421,612.0775570554538,False,48127.07671283695,809.0429296617242,False,50491.281379393,1137.4658616197407,False,51830.65076035299,1559.6633139562982,False,0.8689879725266136,24.234210859053,46871.58945902861,481.7724043100312,0.0,0.0026049370094916,False,19692.48046875,255.56602478027344,False,20094.913688659668,337.80667666516086,False,21641.29892349243,651.2196837619487,False,False,0.3628360477533005,10.118719207301352,False,False,2.4253427231749307,0.001172796967428455,2.4253427231749307,30.43806720732772,2025052500543,51,R12_S20
COSMOS 1017371,149.70010121907,1.87452371044,2025052500544,60820.98577733991,60820.985557426655,u,1.23919746438678,36.2368705248505,329.744902882065,23.46102523803711,38.0010094642639,98.3856660485695,150.008500653012,2.14663790675577,-1,u,20250525,u_24,0.3827360202715615,149.70014033227534,1.874424842889426,745306228972847332,0,751.8692836707589,1546.1497116914222,0.042527296,0.047012746,149.70014033227534,1.874424842889426,2.6092616e-06,2.3705584e-06,47712.49190163863,748.7173807704349,45241.58630887957,510.8835568125593,False,47619.06980875227,624.7312515146613,False,48808.45137974585,826.6021047886435,False,49976.71973052084,1163.0805125163688,False,51598.06862902808,1595.8684482176511,False,0.640442517177895,25.011069465549426,47378.5121819391,483.19736173597073,0.0,3.297918562294999e-05,False,19937.376953125,261.5654296875,False,20435.35284423828,346.0856715514565,False,21603.3229637146,668.1657358595861,False,False,0.2681434965669376,10.47175263897746,False,False,2.422291145681728,0.0014354912643094852,2.422291145681728,30.43943414579431,2025052500544,90,R22_S00
COSMOS 1017371,149.70010121907,1.87452371044,2025052500545,60820.986393106185,60820.98617319253,u,1.23890169111906,36.217990372995,329.779755314773,23.51573944091797,38.0010783672333,95.7048114176607,150.257600956315,2.13891406410308,-1,u,20250525,u_24,0.4003088435944263,149.70014885473446,1.8744232215245973,745306229086617754,0,681.3712360868797,1079.8509261808815,0.040930647,0.042925622,149.70014885473446,1.8744232215245973,2.3853743e-06,2.2775357e-06,47157.42444256305,724.7174181419856,45303.31529051653,496.4555662618549,False,47100.51600576153,604.314809013751,False,47750.149920347205,798.3432100598443,False,48375.30263462527,1121.3510186388958,False,46864.42757093125,1535.8309414130294,False,-0.0525388288260108,24.196212392690995,47532.734155452265,468.152292314186,0.0,0.0042796105998746,False,19877.37109375,255.0330810546875,False,20151.529754638672,336.91699353344615,False,19777.73699569702,648.1517433056542,False,False,-0.0221724491782187,10.211291373832909,False,False,2.4150104999285293,0.0014936877743864988,2.4150104999285293,30.44270244173137,2025052500545,51,R12_S20
COSMOS 1017371,149.70010121907,1.87452371044,2025052500546,60820.98701003194,60820.98679012466,u,1.24339185554237,36.500474638258,329.224756567142,23.443809509277344,37.9999775886536,92.510252932193,150.059955142046,2.2482532382574,-1,u,20250525,u_24,0.3880402276143018,149.70014491302513,1.874425164312884,745306229237612562,0,3663.1999141566034,157.30896122147365,0.042135887,0.043270126,149.70014491302513,1.874425164312884,2.40613e-06,2.3431282e-06,48534.70378064112,734.9549410530967,46393.813257360445,502.8791034156772,False,49242.7904387846,612.724259618869,False,51231.587055119184,808.9025411966899,False,53277.83967140902,1133.818019989902,False,57643.62273292785,1553.8032610498567,False,1.687734011893374,24.29052999180785,47974.35578851208,476.4313357772969,0.0,0.0021501286146847,False,20524.115234375,255.37998962402344,False,21353.03436279297,337.1459826091326,False,24025.534397125244,647.6163697704949,False,False,0.7034379456650588,10.124154870460895,False,False,2.408239919520555,0.000991870466920652,2.408239919520555,30.445750622300597,2025052500546,83,R21_S02
COSMOS 1017371,149.70010121907,1.87452371044,2025052500547,60820.987625629394,60820.9874057155,u,1.24652316319556,36.6950234664716,328.833860209631,23.487417221069336,38.0011200904846,89.4550896367361,149.986384488568,2.31877807242753,-1,u,20250525,u_24,0.3841834046103206,149.7001441269771,1.874425988742536,745306229371830391,0,2707.8280814306627,1113.7776685477972,0.04334361,0.042572606,149.7001441269771,1.874425988742536,2.3672394e-06,2.4102685e-06,50624.309032778525,747.1534249543577,46895.96283653389,511.5453020507434,False,49341.65115170889,623.9491356921837,False,49412.21354504968,822.5580049510049,False,48603.80911877934,1153.6578527313663,False,50428.01607479338,1581.306515007104,False,-0.1315530196882169,24.04694001098436,48322.54996419627,479.38173944112737,0.0,0.0005076478823847,False,20562.376953125,260.021240234375,False,20591.782749176025,342.788442802795,False,21015.10288619995,658.9852564932327,False,False,-0.054822704895584,10.021193728494008,False,False,2.4152033180314967,0.0016107068025305131,2.4152033180314967,30.44261575836565,2025052500547,83,R21_S02
COSMOS 1017371,149.70010121907,1.87452371044,2025052500548,60820.98824021709,60820.98802030392,u,1.24224631869004,36.4289688073509,328.602073510859,23.467071533203125,38.0009958744049,86.5685639455705,150.204826484727,2.01908456400175,-1,u,20250525,u_24,0.3806802629727145,149.70014219060243,1.8744262166833736,745306229489795261,0,106.90385248777352,1405.9672330464998,0.04618343,0.042717837,149.70014219060243,1.8744262166833736,2.3756706e-06,2.5678034e-06,46538.97663315585,753.0436219440727,45121.93802223278,515.1999837033111,False,46694.41586930431,628.4752151454306,False,47638.94062690334,830.7087541702768,False,48527.502605203874,1174.2967856652765,False,48514.69303857926,1612.3037591695502,False,0.0718218582432616,25.014688732919865,47143.64279827797,486.2456842549013,0.0,4.045980668498928e-06,False,19495.564453125,262.3970947265625,False,19889.91660308838,346.8323943494936,False,20255.555347442627,673.1591191307477,False,False,0.0299866191804141,10.44397852266708,False,False,2.4078588372068004,0.0015112127497526652,2.4078588372068004,30.445922443887653,2025052500548,52,R12_S21
COSMOS 1017371,149.70010121907,1.87452371044,2025052500549,60820.98885259776,60820.98863268385,u,1.24641491207065,36.6883941965547,328.19243659433,23.408491134643555,38.0011231899261,83.4884717830758,150.090337050528,2.13980588032364,-1,u,20250525,u_24,0.3944285922690121,149.70014409506587,1.8744228750495813,745306229623488891,0,2433.798677494139,3113.927416465897,0.050492156,0.04432077,149.70014409506587,1.8744228750495813,2.469252e-06,2.8038983e-06,48952.80061947277,747.2934182778044,46072.29784044421,508.4928991896513,False,49169.963982001005,622.494470937416,False,50810.182573996,822.8191809370031,False,51740.98578522154,1155.0006811060557,False,55794.53388572455,1585.296806244039,False,2.1649321541604625,24.61903782371784,48323.46380415913,486.5331041244226,0.0,0.0039866305140113,False,20511.994140625,259.6829833984375,False,21196.23613357544,343.2514659630796,False,23275.533668518063,661.3305393661167,False,False,0.9031341913784108,10.270203976004108,False,False,2.413778942864262,0.0012301018644011155,2.413778942864262,30.44325626423191,2025052500549,51,R12_S20
COSMOS 1017371,149.70010121907,1.87452371044,2025052500550,60820.98946626492,60820.9892463516,u,1.24844475804509,36.8136273889508,327.818731993614,23.457630157470703,38.0010209083557,80.4483407181707,150.055373663749,2.14860297539602,-1,u,20250525,u_24,0.3776391811415045,149.7001469312079,1.8744292826979168,745306229757706671,0,2559.9055113397403,3503.4497014323674,0.04628014,0.04275083,149.7001469312079,1.8744292826979168,2.3829737e-06,2.5685965e-06,47189.06058729971,743.3043625770595,45007.179032172455,505.0924054802017,False,47662.859592946304,618.3310789911665,False,49322.97562145767,819.2983206214268,False,50831.17601208945,1149.943070886112,False,51386.87345277896,1578.520693527577,False,0.2702327679486374,24.621460579374475,47423.06834408309,479.8756348869452,0.0,0.0030986075518028,False,19910.521484375,258.2995300292969,False,20604.01272964477,342.2509046700045,False,21466.17841720581,659.40588647901,False,False,0.1128861209330321,10.285285524808858,False,False,2.419895132139831,0.0011553502200589275,2.419895132139831,30.440508635172698,2025052500550,51,R12_S20
COSMOS 1017371,149.70010121907,1.87452371044,2025052500551,60820.99008081766,60820.98986090408,u,1.24906301916968,36.8516438870513,327.314766291461,23.52667999267578,38.0010673999786,77.3053312629604,149.991555237786,2.04214942193055,-1,u,20250525,u_24,0.3902363798935508,149.70014505713664,1.8744245609463768,745306229912895571,0,329.38117137402,590.2318756961946,0.0405739,0.0395947,149.70014505713664,1.8744245609463768,2.2046254e-06,2.2539073e-06,47667.48267505768,727.8650231904257,46076.31942076089,500.4877533911886,False,47707.8439473636,608.4278551747485,False,48923.42631124633,804.0081754883163,False,48583.663488140206,1126.7611967006992,False,47321.56688197247,1544.3405680357453,False,-0.6542101542246048,24.62388660363116,47085.55141645907,465.7881779417471,0.0,0.0003256994946085,False,19986.69140625,254.89434814453125,False,20495.946647644043,336.83063332974393,False,19824.86475753784,646.9849778484694,False,False,-0.2740743530927259,10.315914156847288,False,False,2.4261040395332913,0.002092710156316688,2.4261040395332913,30.437726447640657,2025052500551,91,R22_S01
COSMOS 1017371,149.70010121907,1.87452371044,2025052500552,60820.99069647894,60820.990476565385,u,1.25006484929627,36.91296817227,327.01130704242,23.475208282470703,38.0010623931885,74.3295720911797,150.023901725086,2.01088722071533,-1,u,20250525,u_24,0.3968984059546191,149.7001469827103,1.8744233964585373,745306230047113226,0,1320.7438716466834,97.31264476903434,0.044493992,0.042069446,149.7001469827103,1.8744233964585373,2.3495465e-06,2.4652925e-06,47146.13643306767,739.207634791732,45099.206923932645,504.63048029271016,False,47605.2611909102,616.272183496358,False,49299.04727209622,815.735390858908,False,50016.83091834374,1145.88507564985,False,50556.89681372941,1570.6032348100462,False,0.5531050300733706,24.737564572590543,46312.05672643505,471.5673599265373,0.0,0.0014515824174262,False,19852.26171875,256.9967346191406,False,20558.601390838623,340.1765281285759,False,21083.147579193115,654.9701796346397,False,False,0.2306548801599738,10.316015370866529,False,False,2.4657419140478734,0.0018566453369826107,2.4657419140478734,30.420130955979438,2025052500552,91,R22_S01
COSMOS 1017371,149.70010121907,1.87452371044,2025052500553,60820.99131314667,60820.99109323282,u,1.25316061034328,37.1016545967423,327.193906425085,23.45976829528809,38.0011126995087,71.7540353016982,150.254778294961,2.22964188214074,-1,u,20250525,u_24,0.393302928867586,149.70014378337436,1.874423082617364,745306230158786956,0,3385.6055703078164,3369.978061119388,0.04786088,0.044245437,149.70014378337436,1.874423082617364,2.48048e-06,2.6423404e-06,46830.54676161681,774.0528020545423,45410.34908926614,522.3264839934102,False,47930.70369512575,640.8766118236273,False,49408.776324804974,853.4675548156187,False,53180.24758130676,1203.2508377560814,False,54961.54264366321,1653.7008616139103,False,0.9930934786643072,26.81212983885902,47641.22178301079,490.8904013246569,0.0,0.0016897921455201,False,19729.55859375,263.80194091796875,False,20337.972789764404,351.31005456762495,False,22623.639804840088,680.7074699607309,False,False,0.4087838163404845,11.036589198518213,False,False,2.412083418170961,0.0018778443732425114,2.412083418170961,30.444019192174565,2025052500553,48,R12_S10
COSMOS 1017371,149.70010121907,1.87452371044,2025052500554,60820.99192794111,60820.99170802776,u,1.25594906975368,37.2699449207156,326.826455614292,23.277482986450195,38.0010271072388,68.7091915396317,150.201106677444,2.27355741500598,-1,u,20250525,u_24,0.3890770384570361,149.700152430983,1.874428522340494,745306230293004693,0,2899.682237920661,3841.899075264176,0.0493715,0.046093002,149.700152430983,1.874428522340494,2.5876705e-06,2.72232e-06,44970.7696377344,854.8865566358601,43825.574987222375,569.1677850360204,False,45070.095414877,702.5731604897919,False,46915.72704832477,943.2799971873028,False,44830.09416679144,1330.2366690156953,False,43965.24105601439,1832.2743048423133,False,-0.6760387052750689,28.796192026544364,47406.7686668921,544.5179471881096,0.0,0.0143402457556948,False,17078.05078125,266.2204284667969,False,17777.40121459961,357.4295449036178,False,16659.39715576172,694.2890476541488,False,False,-0.2561659395770249,10.911510730319431,False,False,2.621322771403702,0.002161256728759483,2.621322771403702,30.353698749418186,2025052500554,48,R12_S10
COSMOS 1017371,149.70010121907,1.87452371044,2025052500555,60820.99254046436,60820.992320556485,u,1.25890523707839,37.4470355714417,326.520553062855,23.242918014526367,38.0000805854797,65.7128678302379,150.174423546931,2.34125717959127,-1,u,20250525,u_24,0.3938557279118456,149.7001482823628,1.8744249342674533,745306230427222364,0,2163.878543776531,3616.471100697112,0.05261637,0.05091684,149.7001482823628,1.8744249342674533,2.847196e-06,2.909636e-06,47568.74432880338,908.488524539471,44670.18749549244,602.6925916564757,False,47089.49604103796,747.2744358225868,False,48335.61977320959,1002.8946164746608,False,46850.72220177394,1417.0523201004305,False,46385.50547995517,1953.3288423088136,False,0.5006443942008084,30.68033523662174,47509.27109671371,562.5132262462402,0.0,6.176030047300163e-05,False,16811.771484375,266.7900085449219,False,17256.659393310547,358.0508719054506,False,16560.434574127197,697.3724692682165,False,False,0.1787387816361906,10.953414846754724,False,False,2.8327597775544913,0.001538184616623234,2.8327597775544913,30.26947563191806,2025052500555,48,R12_S10
COSMOS 1017371,149.70010121907,1.87452371044,2025052500556,60820.99315735164,60820.99293743819,u,1.26000096839978,37.5118540271696,326.116121107334,23.125253677368164,38.0010433197021,62.646786608318,150.149571068985,2.28008208473085,-1,u,20250525,u_24,0.3934978289780727,149.70014433737236,1.87442325958706,745306230563012619,0,3532.227028612315,86.01739585420025,0.04041906,0.038160786,149.70014433737236,1.87442325958706,2.1492108e-06,2.2214147e-06,47539.83068530267,859.1516540958446,44126.783421886095,572.4541793346826,False,46300.09077079781,706.7487677193411,False,46797.842856955736,943.328212597321,False,46552.027014838335,1337.3293191562393,False,45783.16017454673,1839.912459469028,False,-0.3430345157874674,29.18659918814449,47338.28843538688,550.3771497039997,0.0,4.745813263484777e-06,False,16258.4091796875,248.1768493652344,False,16433.19624710083,331.2523974752936,False,16076.887523651125,646.0905178121144,False,False,-0.1204575504622173,10.24895770752312,False,False,2.9083725108069234,0.0019878537700314166,2.9083725108069234,30.24087492212283,2025052500556,51,R12_S20
COSMOS 1017371,149.70010121907,1.87452371044,2025052500557,60820.9937722632,60820.99355234965,u,1.25743095675421,37.3587178217151,325.674125523916,23.213642120361328,38.0010616779327,59.57714727325019,150.210815642356,2.01586603562793,-1,u,20250525,u_24,0.4269539792422799,149.70014948885853,1.8744153680026447,745306230698279083,0,292.3001619795683,1407.9805790692938,0.05565424,0.04815732,149.70014948885853,1.8744153680026447,2.79135e-06,2.993221e-06,46863.48121569252,833.1769779150052,43900.749491690665,554.4047365476766,False,46453.72728953543,684.358798080444,False,47661.05024700845,913.4626893385322,False,46351.21166808029,1289.6674389557686,False,42992.8802944606,1771.8449804608902,False,-0.9416650444767818,28.526623653953827,46708.90448121081,537.0147797699979,0.0,0.0020132063791883,False,17208.0078125,253.50929260253903,False,17655.240447998047,338.3770046393176,False,15925.994815826416,656.3503952282067,False,False,-0.3488240963123946,10.56721153163669,False,False,2.685805343967303,0.0014729993462615513,2.685805343967303,30.327313665974174,2025052500557,53,R12_S22
COSMOS 1017371,149.70010121907,1.87452371044,2025052500558,60820.99709920843,60820.996925591215,r,1.27130122126986,38.1722995831533,324.12077466587,23.19709014892578,30.0010545253754,104.788156296478,150.196710004752,2.24911378990388,-1,r,20250525,r_57,0.3838044081512222,149.7001446807054,1.8744263487567048,745306230827779601,745306230827779115,1850.2901589423927,3673.476829239335,0.018629337,0.018709203,149.7001446807054,1.8744263487567048,1.0392484e-06,1.0356005e-06,141308.37498227583,841.8924273745527,131338.69285985702,543.0264783190778,False,140737.81065095635,681.3518652084205,False,145915.97298849712,924.3332545229558,False,148714.56639319123,1316.8656841695176,False,150505.9454555265,1817.4168891748595,False,0.4877455393308872,29.13979254789988,140618.2513204409,510.8354149579954,0.0,0.0001533157992961,False,210605.03125,1019.5989990234376,False,218353.8162841797,1383.2049330156217,False,225222.41321903467,2719.646831001404,False,False,0.7298796540724188,43.605814896391294,False,False,0.6761981187236803,0.0001157574445002407,0.6761981187236803,31.824815104589113,2025052500558,44,R11_S22
COSMOS 1017371,149.70010121907,1.87452371044,2025052500559,60820.99762132482,60820.99744770449,r,1.27154366377811,38.186529044113,323.861438530107,22.874631881713867,30.0015933513641,101.792725594948,150.239678791549,2.17981063910012,-1,r,20250525,r_57,0.3905495596950905,149.70014403628613,1.8744240216377093,745306230961996295,0,3283.538530197869,2217.845656703075,0.02244673,0.023739519,149.70014403628613,1.8744240216377093,1.3159257e-06,1.2502956e-06,138088.17025685278,1099.702515253597,129250.0397882,694.7089379764021,False,137470.08616322317,884.9162641079822,False,142011.51675854833,1216.2739840572297,False,142162.0234833079,1746.9921579136976,False,140607.01584568305,2424.209683909636,False,-0.0737425434507812,38.17910384681712,138796.4444111716,625.5194461223326,0.0,0.0024880680712028,False,160942.9375,1036.0146484375,False,166259.81188964844,1423.9512992417629,False,164615.494140625,2838.1405623119567,False,False,-0.0863339937650029,44.69813976059144,False,False,0.8588967540741128,0.00018481125508109468,0.8588967540741128,31.565147596332213,2025052500559,44,R11_S22
COSMOS 1017371,149.70010121907,1.87452371044,2025052500560,60820.99814325482,60820.99796963784,r,1.27315405425199,38.2786914769417,323.632325843645,23.08294677734375,30.0010159015656,98.8192179460973,150.259247738585,2.18648147127465,-1,r,20250525,r_57,0.4067534239211507,149.7001448460329,1.8744194760850448,745306231096213900,0,3570.962271601319,1509.7276330658406,0.022647295,0.020691644,149.7001448460329,1.8744194760850448,1.1523622e-06,1.2559678e-06,138879.88805075924,932.2688312083136,129223.51140241136,592.4338370238528,False,139173.55299545845,749.0079666068663,False,144275.2285158078,1019.550552321834,False,147784.27376173378,1460.9020767356917,False,148223.3260775241,2019.1496537997784,False,-1.3480845676730722,31.74510479571188,139516.46270199498,560.6168296511864,0.0,0.0007119289454083,False,192483.5625,1035.9132080078125,False,199539.4194335937,1410.0863147910957,False,204999.82385253903,2792.5788356980843,False,False,-1.8644642933377784,43.90497139362286,False,False,0.7275686168977352,0.00013720017233449154,0.7275686168977352,31.745315105391928,2025052500560,44,R11_S22
COSMOS 1017371,149.70010121907,1.87452371044,2025052500561,60820.99866645061,60820.99849283331,r,1.27302154049351,38.2709346559331,323.160345698806,23.669099807739254,30.0010709762573,95.6522473073516,150.201371062156,2.02904658008291,-1,r,20250525,r_57,0.4030682289165713,149.70014409299412,1.874420271590391,745306231234102059,0,2766.3584114151267,1875.3190488852824,0.012752097,0.013809459,149.70014409299412,1.874420271590391,7.667413e-07,7.0921914e-07,139782.10563628568,619.7223092693896,132602.95854813594,417.2064769083449,False,138970.06892363002,512.0236790700036,False,141766.42114785177,680.8377815225165,False,142041.9773522833,959.8833158632268,False,141087.7409410903,1318.4303278506502,False,-0.4898889059963625,20.39543962639658,138797.94717308678,392.9160507251297,0.0,0.0012752402986599,False,278662.40625,1026.70849609375,False,284269.64416503906,1365.214077638816,False,282908.75645047426,2643.71292665717,False,False,-0.9823239090076762,40.896880363077074,False,False,0.5008524517585544,9.344984912983928e-05,0.5008524517585544,32.15072548984713,2025052500561,51,R12_S20
COSMOS 1017371,149.70010121907,1.87452371044,2025052500562,60820.99919193251,60820.99901831553,r,1.27828433066932,38.5702210354305,322.734462878277,23.685914993286133,30.0010137557983,92.5092708775495,150.008617553942,2.14655512782641,-1,r,20250525,r_57,0.3917512771805982,149.7001436121195,1.8744234782050777,745306231388768030,745306231388766597,1292.90080285598,993.7976216829168,0.01392004,0.013548838,149.7001436121195,1.8744234782050777,7.529926e-07,7.7369936e-07,139582.81546305638,611.7459636512531,132521.4954884275,411.822718161222,False,139965.7561142046,504.7948683984706,False,144111.054640148,670.380165658247,False,147761.4602156108,943.5976846013076,False,150064.2492731921,1293.4067144609703,False,0.3023260079898975,20.37918002416364,139380.22690857318,394.8737789418757,0.0,0.000819701745504,False,282171.46875,1017.6682739257812,False,290528.4055175781,1351.4888299557333,False,302530.06735256314,2607.512597672633,False,False,0.6094903216628718,41.08450037341189,False,False,0.4983581994943996,8.797984489350061e-05,0.4983581994943996,32.15614597972773,2025052500562,90,R22_S00
COSMOS 1017371,149.70010121907,1.87452371044,2025052500563,60820.99971589072,60820.999542273225,r,1.27761577118662,38.5321266615164,322.809702645509,23.531795501708984,30.0011034011841,89.7870793083867,150.257510772346,2.1389100310495,-1,r,20250525,r_57,0.3940585668755714,149.70014554966232,1.8744236177383544,745306231502536877,0,1706.9626550424666,532.746847348327,0.014214043,0.014892996,149.70014554966232,1.8744236177383544,8.274595e-07,7.9000483e-07,140604.470009243,729.9157150301867,132838.31069205308,482.2704694566359,False,140139.92029160695,598.4215994841726,False,143836.9453536976,802.6005493792615,False,143257.1068499453,1139.0253241823416,False,142580.41348342388,1568.1737734735077,False,-1.001617922037673,24.609857565411243,140587.239593992,446.2442118766247,0.0,2.2355013434394166e-05,False,236800.75,1011.1799926757812,False,243047.7801513672,1356.1903820691962,False,240924.5615234375,2649.814020988113,False,False,-1.6924790213839414,41.5843873519855,False,False,0.5924485372522724,0.00010428894730615583,0.5924485372522724,31.96837342113449,2025052500563,51,R12_S20
COSMOS 1017371,149.70010121907,1.87452371044,2025052500564,60821.00023902181,60821.000065404856,r,1.28289188356349,38.8278995549959,322.376346967536,23.58356475830078,30.0010108947754,86.6327625265154,150.059881530309,2.2482498439702,-1,r,20250525,r_57,0.3903765622410765,149.7001443231299,1.8744241975592115,745306231636755956,0,92.35188963610769,3728.2662872530336,0.0142461,0.014052687,149.7001443231299,1.8744241975592115,7.809219e-07,7.9166074e-07,138746.6697918131,660.8852695966149,131200.4510419092,439.76923723262126,False,139721.21952404242,542.8471111720488,False,144910.0441139177,725.0761013060207,False,148388.3624077463,1023.507213473651,False,149275.5704670952,1406.2938415004671,False,0.2328831723124905,22.418490002195377,139173.43193977233,420.42292504065705,0.0,0.0005326462375279,False,260352.0625,1011.5239868164062,False,270020.7526855469,1351.0836728131917,False,278155.3352050781,2620.443074880927,False,False,0.4339470728901465,41.77389898320241,False,False,0.5411520384911119,0.00011384702515875444,0.5411520384911119,32.066701753124256,2025052500564,51,R12_S20
COSMOS 1017371,149.70010121907,1.87452371044,2025052500565,60821.000764293705,60821.00059067643,r,1.28647681018403,39.0268685578869,322.081386693516,23.69304084777832,30.0010659694672,83.5950514929971,149.986593846174,2.31877524013563,-1,r,20250525,r_57,0.4032671787869936,149.70014542094322,1.8744207713064625,745306231787749513,0,3293.3683324286053,336.34778403351737,0.014085664,0.012922643,149.70014542094322,1.8744207713064625,7.189667e-07,7.81936e-07,139459.95386853226,620.1552034664377,131683.97412631576,416.8706946465837,False,139255.1685787765,511.8542798005869,False,142995.36565728206,681.4166067235965,False,144641.7326688447,958.7070861369468,False,144296.95250237,1315.199223335345,False,-0.2253173598775482,20.15767217049764,138705.3403045067,397.7281289968996,0.0,7.70602201649595e-06,False,276366.75,1015.8294677734376,False,283789.5704345703,1352.344009333453,False,286372.7084960937,2610.1532795179146,False,False,-0.4471663572954722,40.005052610843805,False,False,0.5059784173749031,8.450985946721682e-05,0.5059784173749031,32.13967001923889,2025052500565,83,R21_S02
COSMOS 1017371,149.70010121907,1.87452371044,2025052500566,60821.00128955838,60821.001115947205,r,1.28163309755316,38.758069001208,321.865421482187,23.361635208129883,30.0000104904175,80.6510146331824,150.205012283054,2.01917663256986,-1,r,20250525,r_57,0.3936138018573038,149.7001431374177,1.8744227186171087,745306231905714549,0,1073.9755321761545,1233.2460858256543,0.015476596,0.016331537,149.7001431374177,1.8744227186171087,9.0621785e-07,8.6146264e-07,140077.89361941343,850.8604824686726,132803.02371310798,553.1909578333709,False,139867.59767003264,693.4242587435671,False,144275.9875047061,939.1788003802232,False,146301.1319725239,1341.3689242980097,False,145586.02279748107,1851.532512017439,False,0.3982148854948039,29.14786374360268,140318.6675748716,494.6278109242381,0.0,7.67677392721211e-06,False,206732.296875,1024.920654296875,False,213248.1488037109,1388.1599013158009,False,215184.4557795525,2736.670789549956,False,False,0.5885843419029013,43.08220718089575,False,False,0.6885844762677966,0.0001291774051684672,0.6885844762677966,31.80510693108689,2025052500566,52,R12_S21
COSMOS 1017371,149.70010121907,1.87452371044,2025052500567,60821.00181050827,60821.0016368967,r,1.28638708809115,39.0218263873179,321.561827876011,23.76554298400879,30.0000803470612,77.5983791442268,150.090279114864,2.13980230057081,-1,r,20250525,r_57,0.3926263326388853,149.70014235162395,1.874422692457096,745306232039408878,0,3229.3932216604326,2737.713544484949,0.012037425,0.012725627,149.70014235162395,1.874422692457096,7.0538164e-07,6.708119e-07,140873.73576349244,599.1243278319286,133706.08304044305,407.074996679046,False,140034.43519548647,497.6521800191047,False,142148.51988160308,659.3505428335045,False,143092.71748793844,927.3181257082592,False,142877.49478082272,1272.4503351829444,False,0.0971260323657203,19.91391186306207,140111.13233107026,385.00765970528,0.0,0.0001417897512696,False,286038.9375,1016.5206909179688,False,290357.236328125,1346.81107863834,False,291846.2644042969,2599.14885498806,False,False,0.1983928243270888,40.67681054897071,False,False,0.48879324720293416,9.84988479498554e-05,0.48879324720293416,32.17718700651871,2025052500567,51,R12_S20
COSMOS 1017371,149.70010121907,1.87452371044,2025052500568,60821.00233476552,60821.00216114837,r,1.28872491668592,39.1501109856388,321.270198791522,23.813920974731445,30.0010440349579,74.5647832322646,150.055325759647,2.14869467615225,-1,r,20250525,r_57,0.4011421205430939,149.70014520749478,1.8744213221119337,745306232173626702,0,3315.120389481572,3149.8329455550097,0.0121237235,0.013035655,149.70014520749478,1.8744213221119337,7.208768e-07,6.772746e-07,139528.80780577112,595.3185545571,133255.55255152454,404.6412695783081,False,139694.27871113183,494.3571081182196,False,143718.23248218434,654.7710699467743,False,145274.48046004077,920.3324146730344,False,146137.40943471066,1261.41908886287,False,0.6372841274054046,19.6346865940642,140021.74668821038,385.3126910871263,0.0,4.214013849701548e-05,False,286460.4375,1013.7405395507812,False,294712.0535888672,1342.6892560657857,False,299672.8758544922,2586.6962297985256,False,False,1.3068301123903547,40.26335912827052,False,False,0.4885399722653628,0.00010735593705408753,0.4885399722653628,32.17774974145938,2025052500568,51,R12_S20
COSMOS 1017371,149.70010121907,1.87452371044,2025052500569,60821.002856651525,60821.00268303415,r,1.28959300230115,39.1976630935225,320.843873624742,23.862648010253903,30.001081943512,71.4241163035669,149.991400709863,2.04214643201907,-1,r,20250525,r_57,0.3947938521067906,149.70014261694098,1.874422150343832,745306232328814799,0,946.1010762389697,449.6997229318695,0.011281947,0.011617712,149.70014261694098,1.874422150343832,6.437853e-07,6.289446e-07,139718.75818341703,598.1073654868165,133737.8957639276,406.4254016709209,False,139507.6021487729,496.30934875586513,False,142942.1559491355,658.0676808501962,False,144723.0537416118,923.7049873978536,False,146206.40576738506,1267.8078273696376,False,0.7034539946454685,19.630369515795977,139165.8652740558,378.52021255701374,0.0,3.378592950287196e-05,False,287014.625,1021.0772705078124,False,294080.67126464844,1353.8692209935607,False,300796.34426784515,2608.3122535251887,False,False,1.447244317643783,40.38635212996651,False,False,0.4876031715016359,7.856790160250635e-05,0.4876031715016359,32.17983369569207,2025052500569,91,R22_S01
COSMOS 1017371,149.70010121907,1.87452371044,2025052500570,60821.003375144894,60821.003201527885,r,1.29066555146482,39.256142149536,320.611998969038,23.851364135742188,30.0010194778442,68.4410495830395,150.023924288182,2.01098250572653,-1,r,20250525,r_57,0.3982918530570175,149.70014425181728,1.874421776015154,745306232463032348,0,1981.2374520287945,59.93721405307439,0.011769525,0.012234332,149.70014425181728,1.874421776015154,6.7658294e-07,6.5758707e-07,139377.8633897667,599.3064482683565,133399.97377944548,406.9161000554183,False,139319.36162401564,497.4130011831323,False,142480.33976509125,658.95844296806,False,144053.26005729346,927.587518521948,False,145341.69090343712,1272.388411061227,False,0.537148946023694,19.31956016327514,138002.35605923168,378.4815917091626,0.0,0.0017923272599186,False,286657.3125,1023.454833984375,False,293161.2003173828,1355.8435389632675,False,299048.5889608264,2618.0097160887613,False,False,1.1052137440516183,39.75106640261741,False,False,0.48773477193652004,8.410345640989981e-05,0.48773477193652004,32.17954070317897,2025052500570,91,R22_S01
COSMOS 1017371,149.70010121907,1.87452371044,2025052500571,60821.00389933289,60821.00372571544,r,1.29360537141971,39.4157743158853,320.85615373936,23.92194557189941,30.0010952949524,65.8442830259103,150.2549287262,2.22964413529018,-1,r,20250525,r_57,0.3809638489464149,149.70014157996195,1.874425877366191,745306232575231602,0,371.1173462004049,3133.2654240299903,0.011164034,0.010264566,149.70014157996195,1.874425877366191,5.7905226e-07,6.1228195e-07,150590.85218206418,597.1232571113336,143753.1501306536,409.62613671966034,False,150722.9690441542,498.6419615929725,False,153210.01936742282,657.7942424930451,False,155054.86871267817,921.6812380990536,False,157527.8560602976,1263.135705666809,False,1.3218908221848806,19.335686735544776,140090.49188027423,370.28920438978975,0.0,0.0190043313010865,False,312441.34375,1033.660400390625,False,317596.87744140625,1363.5752953840283,False,326547.54174274206,2618.4185444325217,False,False,2.740215027566532,40.08193299465111,False,False,0.48460563570438064,0.00010582116291063634,0.48460563570438064,32.18652884889144,2025052500571,49,R12_S11
COSMOS 1017371,149.70010121907,1.87452371044,2025052500572,60821.00442242049,60821.004248803525,r,1.29675004118088,39.5851161776373,320.575571689751,23.48977851867676,30.0010113716125,62.811789321229,150.201352951464,2.27355692907724,-1,r,20250525,r_57,0.3995218960370497,149.70014428584128,1.8744214195717217,745306232708924676,0,4061.5916068637216,3551.165340847648,0.013136505,0.012345335,149.70014428584128,1.8744214195717217,6.954415e-07,7.2099334e-07,141848.04748279887,882.6837494429011,135851.12689934403,576.9488266816161,False,141146.40293999267,723.7070077026744,False,143503.95792596065,982.9360666518448,False,143765.3208449737,1405.647501500555,False,,,True,1.6010329580471587,30.61310963844814,141576.1122938257,483.9919885696801,0.0,0.0001740248430088,False,201373.03125,1032.510009765625,False,204736.5458984375,1402.3511130551826,True,,,False,False,2.2841875752949825,43.675606005374085,False,False,0.6967887861003635,0.0002045437137471768,0.6967887861003635,31.792247118357473,2025052500572,48,R12_S10
COSMOS 1017371,149.70010121907,1.87452371044,2025052500573,60821.00494649089,60821.0047728733,r,1.30002987513599,39.7601193618323,320.351998041933,23.79061508178711,30.0011188983917,59.82466898957101,150.174419114151,2.34125551541057,-1,r,20250525,r_57,0.3945806571424236,149.7001436182667,1.8744226280510312,745306232843142563,0,3347.1806039248054,3250.6029974249213,0.01135984,0.011068425,149.7001436182667,1.8744226280510312,6.1911675e-07,6.271172e-07,140519.9461919194,649.7565764726613,135135.1906541536,438.6560197230969,False,140146.97480045448,538.6821465853569,False,143265.34110215632,718.5782088334187,False,143725.3244465436,1013.1866812767122,False,144616.3092787072,1393.6057353069846,False,0.4510513292751302,21.52823177619437,140354.9337696017,395.4644619486514,0.0,5.134432810915968e-05,False,264382.125,1016.2041015625,False,270264.80859375,1355.5714213636877,False,272813.3604824543,2628.9860786310264,False,False,0.8508917804870586,40.612219226185786,False,False,0.5294659395331116,0.00012358670900742159,0.5294659395331116,32.09040493189691,2025052500573,48,R12_S10
COSMOS 1017371,149.70010121907,1.87452371044,2025052500575,60821.00598691785,60821.0058133063,r,1.29849821056329,39.6783386194487,319.627539205859,23.537273406982425,30.0000767707825,53.658311022774,150.210805571278,2.01577744304879,-1,r,20250525,r_57,0.3966170804099493,149.70014473150047,1.8744224857691345,745306233114198635,0,1260.8795342945568,1708.650091237226,0.015883602,0.014620515,149.70014473150047,1.8744224857691345,8.3780986e-07,8.5860694e-07,139680.82501408356,741.8121256599992,131311.47080197957,487.2523516927144,False,138451.15079742204,605.7436737288552,False,141722.36152321106,815.2835905591286,False,142182.57261268323,1156.4047900865908,False,143053.9135693215,1593.7877489254258,False,-0.2949237811584843,25.60154336449547,139233.3491115224,453.22498343036335,0.0,0.000268371162818,False,232255.125,1016.1495361328124,False,237742.65942382807,1367.6577705938794,False,239976.3699067831,2673.617161851976,False,False,-0.4947417140552352,42.94720282256066,False,False,0.6023868345122585,0.0001136165866690742,0.6023868345122585,31.95031132110686,2025052500575,53,R12_S22
COSMOS 1017371,149.70010121907,1.87452371044,2025052500576,60821.00651108364,60821.00633746644,r,1.30760816070769,40.1586456427176,319.300928529799,23.21108055114746,30.001051902771,50.548938738687,149.955589311415,2.29539106446628,-1,r,20250525,r_57,0.3954673723807297,149.70014477097928,1.874422850472488,745306233247367831,0,3382.839893032504,2248.1211419390097,0.019484058,0.017863244,149.70014477097928,1.874422850472488,1.0301181e-06,1.0473445e-06,139535.66720566706,929.1548081594548,131595.32159141192,598.1418674036613,False,139231.89795159746,753.8418589037453,False,143835.85383566638,1026.6549850350711,False,144910.6862875194,1469.03396231115,False,146880.3957132657,2031.453979194216,False,0.153901582285932,31.52278918380204,139429.58047018488,543.1756142595337,0.0,0.0001133004478933,False,188931.59375,1022.930419921875,False,195178.96044921875,1393.1258957734617,False,199310.27057021856,2756.5941681867234,False,False,0.2088377135535147,42.77504571554,False,False,0.7322959256721582,0.00015198394679844844,0.7322959256721582,31.738283455430167,2025052500576,51,R12_S20
COSMOS 1017371,149.70010121907,1.87452371044,2025052500577,60821.00703421028,60821.00686059289,r,1.3085307180849,40.2066033207278,318.916852064421,23.532791137695312,30.0010843276978,47.4365308356825,149.91289559343,2.19447096154292,-1,r,20250525,r_57,0.3982571275286658,149.70014479547555,1.8744220174841928,745306233382110684,0,418.8737103319904,3902.811018681789,0.014602578,0.01272287,149.70014479547555,1.8744220174841928,7.5663087e-07,7.6557393e-07,139561.74235846283,727.8251001966091,132336.0113390345,482.2182537702971,False,138767.9049888277,598.1378061212164,False,141668.71336976145,803.5024928185596,False,142278.91904090674,1139.7624249270668,False,142868.0257038184,1569.7998384664988,False,0.1116591365825296,24.395246561719546,138883.68697347038,438.5714197902566,0.0,0.0001020330654141,False,236013.640625,1017.3006591796876,False,240947.27673339844,1366.5807565275195,False,242987.0428466797,2669.883752722533,False,False,0.1899075966882158,41.49094097399173,False,False,0.5894292156575913,0.00013880522125988594,0.5894292156575913,31.97392085426401,2025052500577,52,R12_S21
COSMOS 1017371,149.70010121907,1.87452371044,2025052500578,60821.00755743646,60821.00738381955,r,1.30818950297729,40.1890320703949,319.190510689291,23.3545036315918,30.0010011196136,44.8825772749175,150.257595501978,2.28045527622281,-1,r,20250525,r_57,0.3938860568939806,149.70014455778258,1.8744232369360525,745306233514754895,0,4011.516546600463,2589.449322163131,0.016553568,0.015252295,149.70014455778258,1.8744232369360525,8.844537e-07,8.8404994e-07,139841.45944302643,859.2296091284542,133049.99235577864,559.1672566190138,False,139732.54482934406,701.2162857055572,False,143161.078287942,951.9626036678204,False,145276.03652024438,1361.8590269479669,False,143417.76888659268,1877.402852611881,False,0.1352964225190299,30.25851988493913,139948.19858710628,495.53914840715663,0.0,0.0001327721564837,False,203327.421875,1020.3528442382812,False,208316.3446044922,1385.2184697672692,False,208689.85986328125,2731.843768454584,False,False,0.1968723378888037,44.02973441492839,False,False,0.6827477872535164,0.00014518499754813643,0.6827477872535164,31.814349246773737,2025052500578,49,R12_S11
COSMOS 1017371,149.70010121907,1.87452371044,2025052500579,60821.00807812068,60821.0079045035,r,1.30672850520304,40.1127338292148,318.710000200197,23.60414123535156,30.0010476112366,41.7030003157065,150.233820306672,2.04164221727245,-1,r,20250525,r_57,0.401987846527419,149.700144562707,1.8744207928531675,745306233651069670,0,2984.223678694698,1969.511968957333,0.016403386,0.013251501,149.700144562707,1.8744207928531675,8.387999e-07,8.1836083e-07,139548.63922741578,661.4833519154926,131220.35013274677,439.7536243248942,False,138987.87822909045,542.7296940208547,False,143406.472784631,725.9715984842417,False,144574.909209733,1024.0328989296604,False,145385.56903059938,1408.9601298536315,False,0.1921738591212867,22.534166388233803,138955.59685470053,417.58030006296025,0.0,0.0002526626765939,False,259664.71875,1013.9571533203124,False,267919.7775878906,1356.299652478925,False,271617.23291015625,2632.2959995502115,False,False,0.3590296629867303,42.09955610533048,False,False,0.5359935135543693,9.0393790907886e-05,0.5359935135543693,32.07710116496858,2025052500579,53,R12_S22
COSMOS 1017371,149.70010121907,1.87452371044,2025052500580,60821.01115072802,60821.0109771107,i,1.32295254812961,40.9426254782084,317.456677758557,20.0357608795166,30.0010726451874,97.5389948015042,150.196728945813,2.2491282641791,-1,i,20250525,i_39,0.3445613883293859,149.70013893890618,1.874435736427513,745306233780568172,0,2769.7698011819484,2616.7030737808045,0.23161413,0.25793487,149.70013893890618,1.874435736427513,1.43035495e-05,1.2893427e-05,151220.38435781622,17629.297784307142,144146.97202162107,10382.632228093582,False,154791.8899775879,13838.104114083691,False,162408.66166921228,19728.407905019547,False,179005.10400809828,28972.784369464083,False,226011.92035352616,40519.36007750219,False,17.73169702301053,637.8041454503565,162166.27156973895,8014.705142601324,0.0,0.0182358900703476,False,13575.70703125,1213.6427001953125,False,14243.720458984377,1730.2397816211187,False,19821.91455078125,3553.667841290278,False,False,1.5551223257635285,55.93731185273644,False,False,11.472962147688484,0.005472610145833624,11.472962147688484,28.750811098160728,2025052500580,44,R11_S22
COSMOS 1017371,149.70010121907,1.87452371044,2025052500581,60821.011675497255,60821.01150187981,i,1.32354555690223,40.9722752497901,317.213877913041,21.16843032836914,30.0010948181152,94.5348023613825,150.239884850206,2.17972416071032,-1,i,20250525,i_39,0.3965315019419865,149.70014508405043,1.874422663793996,745306233918455951,0,125.55490687445688,1346.8982487639878,0.058870118,0.054236036,149.70014508405043,1.874422663793996,3.0142535e-06,3.2690634e-06,157994.36722830147,5838.793734914843,144510.4012202581,3464.466022887449,False,153267.18458384005,4588.693326430927,False,156623.79956003826,6511.899534143655,False,148279.19511769887,9524.010185237505,False,154821.97064016154,13323.377935565124,False,5.714348256433982,209.79136158062823,156534.65425416926,2679.679039549616,0.0,0.0018198421513315,False,40575.1796875,1214.7874755859375,False,41463.79296875,1723.9273652886352,False,40986.78588867188,3527.1637255417195,False,False,1.512787671616222,55.53910457827242,False,False,3.9275064862966165,0.0014558367276536431,3.9275064862966165,29.914707722619713,2025052500581,51,R12_S20
COSMOS 1017371,149.70010121907,1.87452371044,2025052500582,60821.01219956014,60821.01202594311,i,1.32565347711519,41.0773653772331,317.01070992877,21.33708953857422,30.0010230541229,91.5582613062452,150.259148397464,2.18648880338008,-1,i,20250525,i_39,0.3981729905422345,149.70014316749717,1.8744213611830247,745306234052673630,0,510.98827899096455,675.2919237377408,0.05504914,0.05648866,149.70014316749717,1.8744213611830247,3.1378613e-06,3.058207e-06,154262.7921930872,4735.56323423647,150247.35979466912,2832.594049991358,False,156942.9770677105,3740.4132622794905,False,160934.36393644434,5291.857333673958,False,169866.66160201447,7744.957868029421,False,176893.67652833628,10815.403442279028,False,-1.0720746378845305,169.2912918735432,157018.89267868092,2064.16308098515,0.0,0.0013880665924211,False,50921.19140625,1213.6019287109375,False,52216.22338867188,1716.9782631708451,False,57394.32836914063,3509.129488365068,False,False,-0.3478417375372699,54.927684168912165,False,False,3.1420556726933473,0.0012428491466975433,3.1420556726933473,30.156965310390564,2025052500582,51,R12_S20
COSMOS 1017371,149.70010121907,1.87452371044,2025052500583,60821.012722662526,60821.0125490509,i,1.32603811806309,41.0966788647629,316.566900685975,20.958139419555664,30.00008893013,88.3958960069819,150.201330764106,2.02905030303075,-1,i,20250525,i_39,0.3647586358587267,149.70014411642805,1.874431906837176,745306234186891399,0,3899.121806566758,1470.1762011943008,0.062274218,0.054810945,149.70014411642805,1.874431906837176,3.0456933e-06,3.4614884e-06,157985.73440416635,6443.126573649392,147340.31522245545,3816.5731383199386,False,158725.89691428185,5057.584041081194,False,173181.41324220874,7173.628764173902,False,166857.10801727945,10514.230003325609,False,169056.36127342112,14692.540250268356,False,1.7959143168134193,229.0357499083141,159028.09472219954,3050.3208480593207,0.0,0.0053710148743232,False,37844.4140625,1205.860595703125,False,41290.988037109375,1710.3811196522518,False,40307.46752929688,3503.086690140936,False,False,0.4281930444088954,54.60812585186614,False,False,4.485280389266856,0.0017525893170881185,4.485280389266856,29.770526006574727,2025052500583,51,R12_S20
COSMOS 1017371,149.70010121907,1.87452371044,2025052500584,60821.013245726775,60821.0130721098,i,1.33256277091857,41.4182642094202,316.209211291122,20.25299835205078,30.0010139942169,85.2872881592198,150.008372151026,2.14655757315973,-1,i,20250525,i_39,0.3845052377970725,149.7001342685803,1.874422139597628,745306234341556251,0,2015.108384078066,380.4625562941701,0.25594625,0.3013792,149.7001342685803,1.874422139597628,1.6729377e-05,1.4238221e-05,175705.48808062964,11325.488217340722,147339.191772741,6587.261741962161,False,163628.4787038357,8767.386874764461,False,165934.53530052095,12481.827314982103,False,145211.25413242384,18280.178656752112,False,122485.11372438195,25596.455369098563,False,-8.479045375362002,407.897149251652,158369.61985964095,5852.526408786686,0.0,0.0833368160411309,False,22677.083984375,1215.0621337890625,False,22996.677734375,1729.842192156737,False,16975.072021484375,3547.383516031845,False,False,-1.1751012147001234,56.53000005768571,False,False,7.139137118375454,0.0030268873426845555,7.139137118375454,29.265885691628952,2025052500584,90,R22_S00
COSMOS 1017371,149.70010121907,1.87452371044,2025052500586,60821.01429518061,60821.01412156368,i,1.33827197245945,41.6955044264911,315.906923612623,21.126859664916992,30.0010061264038,79.4059041068485,150.059866758842,2.24825435173471,-1,i,20250525,i_39,0.3905439329662264,149.7001425768566,1.8744234097210228,745306234589544819,0,1033.088467416343,2987.825627992334,0.07049685,0.0771319,149.7001425768566,1.8744234097210228,4.273105e-06,3.9303472e-06,154218.3506173264,4359.771275978946,138597.91188567903,2559.18895136785,False,154723.71762105078,3383.514059289875,False,166761.34981436713,4783.026278181833,False,161815.0336151355,7000.145636173328,False,163530.20285863997,9776.68047908009,False,-2.9087649903804884,157.40915875092065,153647.50649493714,2315.30608802842,0.0,0.0224160621401718,False,56421.0,1233.8201904296875,False,60810.60009765625,1744.161333443692,False,59632.341552734375,3565.129495279973,False,False,-1.060699885225153,57.40026340135828,False,False,2.7920323442628874,0.0006833515461453178,2.7920323442628874,30.285198887352195,2025052500586,51,R12_S20
COSMOS 1017371,149.70010121907,1.87452371044,2025052500588,60821.0153389285,60821.01516531158,i,1.33739245282249,41.6528211416786,315.421027955778,20.262903213500977,30.0010039806366,73.3937958920346,150.204892865347,2.01908946515441,-1,i,20250525,i_39,0.3826109727061309,149.70014707794377,1.87442782077558,745306234858504280,0,2277.2505694898464,1172.940313572688,0.14378549,0.17447558,149.70014707794377,1.87442782077558,9.565894e-06,8.142528e-06,149894.49008825485,8421.477813901953,140867.53426937285,4906.538020524485,False,148741.069131103,6518.390952522146,False,157214.03491640693,9255.08038826724,False,157551.90051926926,13593.317360907871,False,156466.60072825218,18997.661962178485,False,3.085735750810534,301.6426424530872,157363.38269733515,4341.864769311549,0.0,0.0349947959741501,False,27796.326171875,1218.13916015625,False,29379.73095703125,1729.5642334831457,False,29240.05249023437,3550.2313617114714,False,False,0.5766538986898375,56.37015604333181,False,False,5.145091542647194,0.0018649180676811577,5.145091542647194,29.621517234414775,2025052500588,52,R12_S21
COSMOS 1017371,149.70010121907,1.87452371044,2025052500589,60821.01585861315,60821.01568499568,i,1.34320872795063,41.9319750465504,315.172092816196,20.505903244018555,30.0010995864868,70.3636548301848,150.090296186388,2.13980808062787,-1,i,20250525,i_39,0.4450011183085861,149.70017065877406,1.8744214212901056,745306234992722145,0,13.083879206540535,2411.277893181599,1.4065702,0.6928229,149.70017065877406,1.8744214212901056,4.4747358e-05,7.4762145e-05,,,152338.00233335517,4986.612340896148,True,170686.79638201022,6609.702941067497,True,,,True,,,True,,,True,-2.180173551493834,308.2448255187413,146535.88267675776,4165.955622504242,,,True,32095.03125,1242.8531494140625,True,,,True,,,True,True,-0.4099481608935568,57.96070649503093,True,False,5.338265859047306,0.001543130527945594,5.338265859047306,29.58149950263484,2025052500589,52,R12_S21
COSMOS 1017371,149.70010121907,1.87452371044,2025052500590,60821.01638391444,60821.016210294605,i,1.34624370137714,42.076129675354,314.914406821713,22.269317626953125,30.0015070438385,67.3359846985293,150.055280128344,2.1486059391468,-1,i,20250525,i_39,0.4057463981336529,149.70014828338438,1.874421288454348,745306235126940404,0,57.60266962547229,2862.3740851982748,0.029373718,0.025456347,149.70014828338438,1.874421288454348,1.4484951e-06,1.6021911e-06,155063.94872938714,1591.214859316652,143182.81033838878,973.0612366875824,False,153994.4399989022,1260.3549889592434,False,159560.85219835228,1759.8100237768483,False,162849.9948753125,2549.3361198693965,False,164229.82033639308,3544.238055034562,False,-0.5974549244303478,55.26454055439094,155273.009212641,862.4204952471597,0.0,0.0002219176879172,False,152607.421875,1249.0030517578125,False,158123.69775390625,1743.95952685228,False,162750.61279296875,3512.3153283582487,False,False,-0.5920736859362474,54.76677635356255,False,False,1.0602716761448445,0.00020229941617242838,1.0602716761448445,31.336457100203248,2025052500590,52,R12_S21
COSMOS 1017371,149.70010121907,1.87452371044,2025052500591,60821.0169068641,60821.01673324664,i,1.34775207690297,42.1472707682894,314.520009259838,21.183513641357425,30.0010976791382,64.202538135935,149.991429593313,2.04215129504931,-1,i,20250525,i_39,0.4206600921494202,149.70014994903426,1.87441749434074,745306235281604647,0,1693.429852851588,363.5304571339289,0.12630588,0.122660495,149.70014994903426,1.87441749434074,6.854167e-06,6.9782336e-06,150018.84995790856,7020.064327597219,141227.23795224365,4134.074871485499,False,152541.4511891869,5488.454201901559,False,169704.96976376182,7801.84837039549,False,173054.65748556016,11462.703376029478,False,174744.63532489614,15989.693339493797,False,0.058424856955194,251.9468674748933,155451.7913689475,3379.258620963871,0.0,0.0063934902841967,False,34495.375,1241.146484375,False,38376.69384765625,1764.2921522763695,False,39516.35229492188,3615.872692837864,False,False,0.0132120635688146,56.97468855755728,False,False,4.4711299102121185,0.0014647560927977781,4.4711299102121185,29.773956778434023,2025052500591,91,R22_S01
COSMOS 1017371,149.70010121907,1.87452371044,2025052500592,60821.01742884031,60821.01725522911,i,1.34927179991985,42.2189684420676,314.308740519641,20.850379943847656,30.0000140666962,61.21326637601871,150.023748080979,2.01098998201892,-1,i,20250525,i_39,0.3817849917535375,149.7001632773068,1.8744376883937264,745306235415822344,0,2771.112385911699,94.22719316762108,0.23748578,0.16452365,149.7001632773068,1.8744376883937264,1.0220684e-05,1.2381377e-05,161465.85526890462,6789.804303054771,147022.53614590628,3987.844829161086,False,159013.80564318624,5289.132944430247,False,163059.65784029034,7507.264580269269,False,162728.79538315898,11005.378805907983,False,169884.3371130519,15381.91205198114,False,1.3936771191591204,242.5976408941426,153420.96589843114,3319.283211994425,0.0,0.0033125071286551,False,36984.2109375,1230.1724853515625,False,37925.21508789063,1746.0764219637956,False,39512.532470703125,3577.600558967069,False,False,0.32414826087119,56.42454934951939,False,False,4.453136071964345,0.0019046492338954226,4.453136071964345,29.778335085436943,2025052500592,91,R22_S01
COSMOS 1017371,149.70010121907,1.87452371044,2025052500593,60821.017952859016,60821.01777924143,i,1.35239561214662,42.3646571259856,314.558341386872,20.534313201904297,30.001119852066,58.586276613538296,150.255014327895,2.2296427998257,-1,i,20250525,i_39,0.4104731861335339,149.700157990896,1.8744248112804365,745306235528020198,0,1863.2729719042447,3004.364181189332,0.17324886,0.14444277,149.700157990896,1.8744248112804365,8.489831e-06,9.217919e-06,145174.19011621163,8120.741751551096,138851.64282517156,4758.678288033042,False,145848.13999038114,6320.154018466441,False,146912.19467067212,8985.187679127728,False,163318.78577931944,13180.287969656069,False,149368.59303803084,18432.01811542033,False,-6.544010640450261,294.663815257287,150043.297841,4007.582540633497,0.0,4.388487484519033e-08,False,28289.40625,1225.887451171875,False,28495.79541015625,1742.8101894484414,False,28972.250244140625,3575.16282695737,False,False,-1.269307757536225,57.154409905660096,False,False,5.519351084923435,0.001488577952655927,5.519351084923435,29.545279949156736,2025052500593,49,R12_S11
COSMOS 1017371,149.70010121907,1.87452371044,2025052500594,60821.01847391052,60821.01830029372,i,1.35634997685498,42.5480734748756,314.317192228817,21.475391387939453,30.0009820461273,55.5637234836386,150.201295125688,2.27355773604499,-1,i,20250525,i_39,0.4039960049868831,149.70014680650533,1.874421155150584,745306235662238153,0,1301.2938102016046,3362.860796954939,0.05425877,0.054884814,149.70014680650533,1.874421155150584,3.0377848e-06,3.0251094e-06,155547.2891702717,4432.902821849463,139869.64440719385,2649.188746011974,False,147369.12635153034,3500.458479779869,False,145582.74742548316,4956.933663464624,False,132349.00198811403,7249.144824460855,False,126663.38247009128,10129.292287774522,False,-0.2529126485958469,162.2270911763974,150989.8901624035,1992.198856698585,0.0,0.0021697018393324,False,52571.04296875,1248.7198486328125,False,51933.787353515625,1768.2887797925523,False,45184.67529296875,3613.426185572909,False,False,-0.0902216227092029,57.87133025805,False,False,2.8664221453586634,0.0011445606864837383,2.8664221453586634,30.25664962390894,2025052500594,49,R12_S11
COSMOS 1017371,149.70010121907,1.87452371044,2025052500595,60821.01899406759,60821.01882045019,i,1.36038731708584,42.733943814047,314.130755006971,21.89451026916504,30.0010871887207,52.5831519807201,150.174457281308,2.34135466435463,-1,i,20250525,i_39,0.392682509735235,149.70014611554532,1.8744242892306755,745306235796456034,0,646.6719112765601,2994.2639041514008,0.036248825,0.032652475,149.70014611554532,1.8744242892306755,1.8903895e-06,1.9424058e-06,156732.81761055303,2736.40207044372,147646.13503888773,1660.1946770943885,False,153556.2576053017,2174.7874448102816,False,155353.7532503783,3061.340398936723,False,149235.75227726816,4466.389889715223,False,139128.92898212676,6230.691856564932,False,-3.52474466003013,98.60831158172844,157300.57746955604,1267.7678392896348,0.0,0.0126924049742539,False,87801.390625,1243.5140380859375,False,88829.17431640625,1750.433023016421,False,79552.03930664062,3562.625308103211,False,False,-2.015401310079878,56.382898483455385,False,False,1.7413810181674527,0.0005175978926127162,1.7413810181674527,30.797765484637377,2025052500595,49,R12_S11
COSMOS 1017371,149.70010121907,1.87452371044,2025052500596,60821.02304002378,60821.02286640678,i,1.37471738455245,43.3783657414369,312.212570505114,22.01919937133789,30.0010170936584,46.4009160715112,150.210617012777,2.01578236829419,-1,i,20250525,i_39,0.4035674824893305,149.70014756678063,1.8744216268269231,745306235932770774,0,2388.0014153874754,2240.7109810693964,0.033634726,0.036366243,149.70014756678063,1.8744216268269231,1.949152e-06,1.9429e-06,154216.10551631238,2622.209951660511,146222.15055102375,1588.4330838908122,False,154092.6075280088,2080.461008160481,False,156656.80420950532,2922.2629003737056,False,163579.45896036463,4263.131085235229,False,169154.52796623812,5946.481946541408,False,1.8815276519279025,92.9758036805216,153557.43430598796,1207.1860731962215,0.0,0.000593613150291,False,91507.2109375,1235.4725341796875,False,93029.94775390624,1735.372850970294,False,100451.66552734376,3531.2919065198694,False,False,1.1173368436796058,55.21326828044376,False,False,1.6818631937816646,0.00044933119678965995,1.6818631937816646,30.835523333774045,2025052500596,53,R12_S22
COSMOS 1017371,149.70010121907,1.87452371044,2025052500597,60821.02358070909,60821.02340709765,i,1.38507084943569,43.8315308239642,311.831862546113,21.944679260253903,30.0000579357147,40.2328090708281,149.912744129829,2.19457192456337,-1,i,20250525,i_39,0.3954231822354629,149.70014912066074,1.8744248536327293,745306236066464442,0,1304.045735306078,3778.2323993953855,0.034414288,0.034145325,149.70014912066074,1.8744248536327293,1.9059618e-06,1.9035454e-06,159120.26776739987,3223.85570750037,149016.155554519,1951.460427787203,False,157521.51116143662,2564.817558327477,False,162392.88042533412,3614.914031682018,False,161476.37494465002,5281.568111728708,False,173729.0349689351,7370.938180224771,False,3.495727483716676,117.79632699802984,156257.07975545287,1435.4515668971455,0.0,1.153866473802001e-05,False,76654.109375,1248.107666015625,False,79024.64575195312,1759.1122223414332,False,84541.1166381836,3586.892338051895,False,False,1.701112914079333,57.322790183407065,False,False,2.090773556127066,0.0007582225357509509,2.090773556127066,30.59923250362043,2025052500597,52,R12_S21
COSMOS 1017371,149.70010121907,1.87452371044,2025052500598,60821.02410394958,60821.02393033838,i,1.38427127385766,43.7968782377249,312.083843030659,22.32856750488281,30.0000157356262,37.6260878122502,150.257422273815,2.28045536767894,-1,i,20250525,i_39,0.3883684677746601,149.70014725384266,1.8744261338569617,745306236199633652,0,1337.4642433035597,2940.422351159528,0.030242916,0.02687276,149.70014725384266,1.8744261338569617,1.6130105e-06,1.5648353e-06,154819.04697477075,1908.117995007456,147235.35355454832,1171.867137224643,False,153395.1467618384,1522.7597321725275,False,156665.74740013928,2130.6781981068134,False,156386.73602921498,3103.882477895969,False,155693.5097267264,4314.366594083822,False,0.8108372075424412,68.83943806689271,153556.24606217837,931.076032480143,0.0,0.0007518691432434,False,125900.3828125,1249.818115234375,False,128584.75634765624,1748.772412000661,False,127786.78393554688,3541.053398722959,False,False,0.6655015949540358,56.50055942562147,False,False,1.2200570035187241,0.0003739296951245776,1.2200570035187241,31.18404969434737,2025052500598,50,R12_S12
COSMOS 1017371,149.70010121907,1.87452371044,2025052500599,60821.02462903415,60821.02445542004,i,1.3832327664833,43.7517668180573,311.625640364656,22.160022735595703,30.000518321991,34.4433355993953,150.234007057736,2.04164669618792,-1,i,20250525,i_39,0.3817456113242919,149.70014148871775,1.8744256050525008,745306236335424073,0,4045.6980747003695,2693.674814832463,0.02991567,0.02703987,149.70014148871775,1.8744256050525008,1.6130072e-06,1.5552753e-06,157359.59232081994,2471.137461727183,150191.43790835264,1505.667246275331,False,156892.39159814536,1967.82178168688,False,162614.54082295622,2768.73469942988,False,161181.74865712077,4030.753813423686,False,163674.24022896017,5622.476007335136,False,1.4339221510510995,89.73680934250714,158487.26336359445,1140.8504647933344,0.0,0.0011171772184758,False,98903.8671875,1240.5010986328125,False,102511.07006835938,1745.3910046271017,False,103179.09716796876,3544.3695811502507,False,False,0.903934502751558,56.569457464668105,False,False,1.587980707724019,0.0004571479594561398,1.587980707724019,30.89788694523184,2025052500599,53,R12_S22
COSMOS 1017371,149.70010121907,1.87452371044,2025052500600,60821.02515227231,60821.02497865515,i,1.38983303144956,44.0361852295283,311.462208470578,20.35313415527344,30.0010449886322,31.4601368161588,150.151671686248,2.18534684515039,-1,i,20250525,i_39,0.4588790698785251,149.70017023171334,1.874416518853925,745306236469641348,0,1826.549580513514,1579.6816329982926,0.16756354,0.1600764,149.70017023171334,1.874416518853925,9.198757e-06,9.009101e-06,164355.90482159896,8192.793249466231,156055.77171511453,4812.349231562803,False,164561.45529627625,6388.831591244376,False,174982.00648257515,9097.101757111614,False,168594.38557875893,13329.594483560611,False,168207.97272226406,18630.31018446601,False,2.1184940302931823,291.6942744215065,162518.2493867638,3973.43544192561,0.0,0.098596271319914,False,31873.775390625,1237.4476318359375,False,33892.12353515625,1762.010293296166,False,32580.06640625,3608.48973538933,False,False,0.4103293980134895,56.49802846543503,False,False,5.116999342498841,0.0018364232636015117,5.116999342498841,29.62746159707974,2025052500600,53,R12_S22
COSMOS 1017371,149.70010121907,1.87452371044,2025052500601,60821.02567340035,60821.02549978295,i,1.39258549475601,44.1534180339641,311.46768893261,21.70323944091797,30.0010867118835,28.6340895488095,150.266299634825,2.27734879000328,-1,i,20250525,i_39,0.4034043179001061,149.7001441798241,1.8744202065045923,745306236602286767,0,3271.952782709226,3576.306343043496,0.04236576,0.037312582,149.7001441798241,1.8744202065045923,2.292191e-06,2.1403064e-06,158134.0973486795,2635.254235585593,140801.38792954685,1583.2193400968806,False,152762.1223493582,2076.355422596379,False,154395.71744106952,2919.568475446288,False,151715.24220336258,4252.014914842605,False,141398.65248900777,5932.904145031563,False,-2.5811360087891275,95.722556473168,152332.8773798658,1320.7190651063518,0.0,0.0007623013819849,False,90746.1328125,1233.428955078125,False,91716.54638671876,1734.3274926629747,False,83995.82763671875,3524.356032954316,False,False,-1.533286572996401,56.86260238647849,False,False,1.6486543300055752,0.000574120587221363,1.6486543300055752,30.857175981125184,2025052500601,50,R12_S12
COSMOS 1017371,149.70010121907,1.87452371044,2025052500602,60821.02619863588,60821.02602501909,i,1.39407691861993,44.2173577411899,310.94749513543,21.915721893310547,30.0009820461273,25.3842915828334,150.138861094219,2.08974995238281,-1,i,20250525,i_39,0.3802796162035173,149.7001433116887,1.874426816241275,745306236738077390,0,3263.8830262104507,3701.687165622711,0.031183984,0.03003913,149.7001433116887,1.874426816241275,1.7211808e-06,1.6808611e-06,158489.9061687447,2786.8643770501417,147740.28043186836,1679.9098424219944,False,155930.88069578592,2201.960538642542,False,159391.6141289885,3100.1373078555675,False,159723.76393618135,4517.336633440722,False,163608.2574688642,6304.8111400076405,False,0.3393602243929232,102.46473024486482,157605.65948790376,1316.4876780697466,0.0,5.076283006166804e-07,False,87029.1484375,1228.972412109375,False,88960.67529296875,1730.2686211871392,False,91314.09545898438,3518.881841273133,False,False,0.1894059163309348,57.188275845669175,False,False,1.8444853295214516,0.0007333475895215705,1.8444853295214516,30.735311986676052,2025052500602,53,R12_S22
COSMOS 1017371,149.70010121907,1.87452371044,2025052500603,60821.02672083935,60821.02654722778,i,1.39954841740119,44.4475889968748,310.959340949268,21.863908767700195,30.0000791549683,22.5482208308261,150.182629135697,2.26975593653038,-1,i,20250525,i_39,0.3921130654360497,149.70014333511253,1.874423252649628,745306236872294538,0,3094.925681369664,687.2678911422388,0.042434808,0.04048968,149.70014333511253,1.874423252649628,2.3420334e-06,2.2656957e-06,155963.9664641828,3190.0573929794464,145997.3170346147,1917.980572891537,False,152639.69962287435,2519.833390229468,False,155958.05789142937,3552.7760864313946,False,156195.1502403795,5188.84394753968,False,150099.75084562256,7240.608923220527,False,-0.4411994474655818,116.65898117010134,156188.97160913574,1476.080287692872,0.0,8.356852276847349e-07,False,74083.1953125,1222.9931640625,False,75693.75,1724.328633789014,False,72850.43920898438,3514.2066340910924,False,False,-0.2141347560242551,56.620067442053134,False,False,2.0524789638280536,0.0005664605562112848,2.0524789638280536,30.619303213341293,2025052500603,53,R12_S22
COSMOS 1017371,149.70010121907,1.87452371044,2025052500604,60821.02724621368,60821.02707260261,i,1.39958818280749,44.4493310012591,310.510100836333,21.56744956970215,29.9999928474426,19.3632920897741,150.133942781342,2.06471308036301,-1,i,20250525,i_39,0.4002997696905586,149.70014120666403,1.8744199467979688,745306237026959458,0,4017.395290421449,511.415791334602,0.040752348,0.043924324,149.70014120666403,1.8744199467979688,2.2837783e-06,2.4222118e-06,163165.66359297544,3734.8359038979215,151715.2390912682,2237.981812244232,False,160356.60147758585,2947.6821783925543,False,160987.19393929857,4173.466721683387,False,159404.13685525866,6092.58623086396,False,164650.15128650554,8499.405957024052,False,-0.234640818955193,133.56851989853743,162273.3360556544,1763.042117966132,0.0,0.0001802151248644,False,66410.890625,1220.7679443359375,False,66672.04736328125,1728.4205291637695,False,68189.04296875,3519.986793111821,False,False,-0.0971753306082122,55.31673959281796,False,False,2.4097444871499216,0.0008276019891904222,2.4097444871499216,30.445072511512798,2025052500604,92,R22_S02
COSMOS 1017371,149.70010121907,1.87452371044,2025052500605,60821.02777030504,60821.02759669351,i,1.40752947005679,44.7791875108009,310.394304419029,21.1364688873291,30.0000720024109,16.4071673182689,150.04387248051,2.25983318417498,-1,i,20250525,i_39,0.3834260508792245,149.70014679664888,1.87442743636092,745306237140730089,0,1769.6705754437326,2161.490157050669,0.089686975,0.08648381,149.70014679664888,1.87442743636092,4.9691917e-06,4.819828e-06,153510.07983042207,5613.256153477751,145031.21294250275,3320.561860086701,False,150673.632864339,4394.856793721628,False,152329.62252441375,6244.421037809831,False,165498.08276382188,9144.7262200007,False,159833.0624322194,12775.333535444684,False,-1.0352841436020015,204.5101651677033,154786.56943230043,2652.5079488874385,0.0,0.0003022068877176,False,41791.5390625,1218.9779052734375,False,42250.85205078125,1731.981639808796,False,44332.041015625,3543.425882375236,False,False,-0.2871512215218513,56.72388986585078,False,False,3.643622500324428,0.0015256493545628468,3.643622500324428,29.99616656176584,2025052500605,53,R12_S22
COSMOS 1017371,149.70010121907,1.87452371044,2025052500606,60821.02829560958,60821.02812199231,i,1.40551449625081,44.6958358468991,310.080325934111,21.09337615966797,30.0010643005371,13.3437454977117,150.122454556599,2.05132330860711,-1,i,20250525,i_39,0.3756795120891818,149.7001469286131,1.874429886525916,745306237299064988,0,196.03902296927728,1463.5258162520263,0.06798338,0.07958096,149.7001469286131,1.874429886525916,3.8142089e-06,4.3893397e-06,153946.4298429682,5768.035254824881,146512.13249756175,3420.91128377556,False,150299.33251808243,4527.1431767613285,False,153531.66257776614,6424.02518702075,False,155316.20302122322,9391.192408564268,False,164683.6812486638,13143.1042143739,False,5.405540140447034,209.12125303054447,153732.7759739658,2635.235436516079,0.0,0.0285058109949802,False,40511.79296875,1220.24951171875,False,41383.03759765625,1731.5364881697649,False,44388.9609375,3542.6020061357376,False,False,1.4570132773391504,56.3666968189613,False,False,3.9148335100749234,0.0011881032375740072,3.9148335100749234,29.918216757190848,2025052500606,99,R23_S00
COSMOS 1017371,149.70010121907,1.87452371044,2025052500607,60821.02882074547,60821.02864712809,i,1.40991562118421,44.876911365658,310.163490717125,21.162508010864254,30.0010826587677,10.5724284999705,150.236134042246,2.22620931461203,-1,i,20250525,i_39,0.4009400128180342,149.70014774965475,1.8744225126441976,745306237412835636,0,1870.1562687085773,2561.6184207468214,0.073203884,0.07547483,149.70014774965475,1.8744225126441976,4.070883e-06,4.189026e-06,162268.63070113992,5273.804380735828,147167.3517097595,3123.993433566047,False,157889.9299577372,4133.731769426705,False,161305.05293061907,5857.514002022166,False,155424.79085398174,8573.376784052129,False,172809.41235675596,11980.68225022027,False,3.489283279130725,191.60145677884097,163665.2333927636,2464.6317400248267,0.0,0.1312296733446296,False,46598.0,1219.98681640625,False,47605.904052734375,1728.726065932702,False,51001.181640625,3535.854576952433,False,False,1.029790958070951,56.54727116143682,False,False,3.3579263478387085,0.001357595124807207,3.3579263478387085,30.084822084579216,2025052500607,60,R13_S20
COSMOS 1017371,149.70010121907,1.87452371044,2025052500608,60821.029579858296,60821.02940624084,i,1.41541654332206,45.1013261160761,309.852987677818,20.99457359313965,30.0010962486267,91.3955898590392,150.196719348067,2.24902927910072,-1,i,20250525,i_39,0.3943947434250699,149.7001472512819,1.8744242850788104,745306237538664620,0,3678.985504656408,1822.2000544992009,0.094073966,0.0901873,149.7001472512819,1.8744242850788104,5.0100866e-06,5.226266e-06,148973.31283440316,7385.469480353722,147291.01966458876,4405.439962545082,False,153982.2929729075,5844.625379516079,False,162920.54405183325,8277.962488435975,False,179735.6138736718,12173.658715469555,False,175336.18470376884,17013.34051086389,False,7.318345894518893,266.9113342980028,152217.21150245066,3123.3094338577093,0.0,0.0659738949243933,False,32083.0234375,1217.758544921875,False,33945.355224609375,1724.757174371765,False,36532.21948242188,3544.8192894247422,False,False,1.5248159923095352,55.612385220967575,False,False,4.791053832432235,0.002791318908762208,4.791053832432235,29.698922373419798,2025052500608,44,R11_S22
COSMOS 1017371,149.70010121907,1.87452371044,2025052500609,60821.03010185724,60821.02992823965,i,1.41653094893624,45.1462133186935,309.634842013193,20.95451545715332,30.0011193752289,88.3839246793009,150.239835893276,2.17983028888592,-1,i,20250525,i_39,0.378350627472131,149.7001448821347,1.874428101657256,745306237676552267,0,1164.8160613595032,734.0236017817416,0.07679377,0.0770139,149.7001448821347,1.874428101657256,4.2785236e-06,4.2667416e-06,152152.71893236364,6583.3159749111,149599.76944505834,3922.5113971564992,False,155561.63494101632,5198.517376008588,False,158243.50267773416,7359.817139837839,False,183676.923711028,10818.22248565722,False,194450.557344148,15115.91164847168,False,3.3021246198078344,239.2061246511802,156860.45225579062,2977.0250514044906,0.0,0.0028641327217679,False,36488.40625,1219.35986328125,False,37117.462890625,1726.3125180314569,False,45610.1591796875,3545.575522381678,False,False,0.7745435734290174,56.10798740364138,False,False,4.3488452876498656,0.0024715410316185253,4.3488452876498656,29.80406510575911,2025052500609,51,R12_S20
COSMOS 1017371,149.70010121907,1.87452371044,2025052500610,60821.030627249565,60821.03045363257,i,1.41947170216586,45.2642667531412,309.462992764758,22.20359230041504,30.0010170936584,85.4034795696945,150.259219921956,2.18659409548016,-1,i,20250525,i_39,0.3987922283198734,149.70014784069787,1.87442321174764,745306237810769945,0,1622.563215374797,121.5136701646082,0.029957825,0.026862664,149.70014784069787,1.87442321174764,1.4934893e-06,1.6631379e-06,157885.9417985387,2157.392550611401,147407.5187778772,1321.0291155015088,False,155918.12597573453,1723.2172922826758,False,157490.64294066894,2415.3726431819537,False,160614.75996941808,3524.095253725452,False,161448.10043542046,4901.674598347419,False,0.4724844073353372,78.98379909068679,154912.2273166854,1033.0344947616418,0.0,0.0002009337591303,False,111952.671875,1237.3082275390625,False,113081.77392578124,1734.291117763204,False,115923.31616210938,3519.5110543607584,False,False,0.3392542816266212,56.712119182453016,False,False,1.40149274276363,0.00037302198429366255,1.40149274276363,31.03352286692454,2025052500610,51,R12_S20
COSMOS 1017371,149.70010121907,1.87452371044,2025052500611,60821.03115241413,60821.03097880257,i,1.42068606660011,45.3130238831539,309.055962704055,21.585783004760746,30.0000772476196,82.2543347561763,150.201307163457,2.02915706074179,-1,i,20250525,i_39,0.407235409856944,149.70014944020812,1.8744213700353207,745306237945512122,0,665.3580232210779,1279.014556323515,0.053393632,0.051835325,149.70014944020812,1.8744213700353207,2.8815043e-06,2.9648113e-06,159924.18960205335,4062.511525143151,147436.60995213912,2428.651967746684,False,155840.25379979622,3203.2025659013752,False,155413.430384768,4529.693050699987,False,152950.52360619084,6615.436067023982,False,144366.5894434416,9238.982101330774,False,-0.965850591526904,147.1188569771967,157681.46111949795,1870.3602399232416,0.0,0.0004648541063286,False,59952.99609375,1232.2977294921875,False,59788.79370117188,1742.6092627093626,False,55538.9853515625,3554.3105476643823,False,False,-0.3715704725131442,56.59780475590045,False,False,2.6668783530084785,0.0007352289334627424,2.6668783530084785,30.33499198441802,2025052500611,52,R12_S21
COSMOS 1017371,149.70010121907,1.87452371044,2025052500614,60821.032722705946,60821.03254908919,i,1.43689655747534,45.9511984141349,308.531783634649,22.466936111450195,30.0009760856628,73.2895904328658,150.06008050313,2.24825356431837,-1,i,20250525,i_39,0.3914205510214836,149.70014500356123,1.8744241778703,745306238347641514,0,1849.782147808526,2450.834883286494,0.024597403,0.025080714,149.70014500356123,1.8744241778703,1.391304e-06,1.3687039e-06,157351.45256935488,1661.4218914713178,148536.47638934982,1020.9634355046431,False,157272.76645934273,1321.8110161097966,False,163852.81029906523,1842.0313080046265,False,165704.60459085548,2671.723170675696,False,161941.2530401024,3715.555652613301,False,0.3787817655601976,59.46094516822964,159363.12750005283,849.6815816402783,0.0,0.0052496928740133,False,148359.53125,1246.8990478515625,False,154566.65942382812,1737.6365123839687,False,152763.43725585938,3504.981233337052,False,False,0.3573147878662499,56.091071273429975,False,False,1.0544300379310625,0.0002621820299613951,1.0544300379310625,31.3424555766734,2025052500614,51,R12_S20
COSMOS 1017371,149.70010121907,1.87452371044,2025052800085,60823.97092946724,60823.97075585576,i,1.22441146755853,35.2792185579592,333.831701092003,23.308425903320312,30.000061750412,111.245874495551,150.196690823957,2.2490367157791,-1,i,20250528,i_39,0.3903378037812872,149.70014360126146,1.874423900007565,745319361502773472,0,1064.6535442477916,524.3555868061507,0.01197127,0.01599704,149.70014360126146,1.874423900007565,8.6256773e-07,6.983953e-07,156034.8026871244,946.743971758356,151496.5857839631,608.378188640552,False,156731.26925469164,769.8697613598165,False,160511.80514021404,1055.2038678439562,False,162375.26253708813,1516.442758454382,False,162396.80104083524,2100.307493732694,False,0.5399125903504189,32.58166416959336,157075.46005511036,499.59720900509086,0.0,0.000179072522458,False,265867.0,1305.948486328125,False,272280.0134277344,1789.9675544398187,False,275477.57705044746,3562.801826920795,False,False,0.9158666381080042,55.26905606628319,False,False,0.5890584606560736,0.00011321970286586954,0.5890584606560736,31.974604004626315,2025052800085,83,R21_S02
COSMOS 1017371,149.70010121907,1.87452371044,2025052800086,60823.971449116994,60823.97127550031,i,1.22427828944542,35.2704459861718,333.55510010823,23.28259658813477,30.0009632110596,108.265477094011,150.239609521652,2.17973286067025,-1,i,20250528,i_39,0.3900232151254961,149.7001444045261,1.8744243398198035,745319361616545081,0,2320.4118333173083,3172.949001739783,0.013139705,0.016665306,149.7001444045261,1.8744243398198035,9.082027e-07,7.51357e-07,158623.86488837702,945.0875887093972,151438.79638857275,606.5225041410255,False,157656.29627703526,767.9102281993278,False,159624.66143786596,1051.6309101903587,False,160402.52228780102,1509.298209417935,False,159176.93144569383,2091.287833734248,False,-0.9954408535727216,32.367597602873104,157465.2021394608,507.11550407859227,0.0,4.400834624918026e-05,False,267285.90625,1301.8927001953125,False,270623.0153808594,1782.9045049797123,False,269863.9469545484,3545.508660732629,False,False,-1.687641514791913,54.87508499639578,False,False,0.5888944121902091,0.00013009919178563038,0.5888944121902091,31.974906416316937,2025052800086,44,R11_S22
COSMOS 1017371,149.70010121907,1.87452371044,2025052800087,60823.97197328069,60823.97179966335,i,1.22536552514709,35.3422523225842,333.28932892356,23.242650985717773,30.0010755062103,105.295094486449,150.259116938541,2.18649669163143,-1,i,20250528,i_39,0.3923717023273225,149.7001427153934,1.8744229176624936,745319361750762499,0,2506.127868593803,2451.6011052933604,0.012983653,0.018505063,149.7001427153934,1.8744229176624936,1.0094258e-06,7.466619e-07,156681.1370155372,945.9810504349392,149259.98140770517,604.8361056158733,False,156114.09054878386,766.4409458712953,False,160170.42694400306,1050.339686186337,False,160109.63764300782,1507.185053975464,False,160495.312460363,2088.737290053641,False,0.4659887163169496,33.464865105614855,156145.3926910921,515.7309079647589,0.0,0.0002300137893102,False,263354.34375,1292.9361572265625,False,270197.1201171875,1771.8549158363496,False,270745.1809082031,3523.564313474554,False,False,0.7860927360826955,56.453056592079214,False,False,0.5925253321437436,0.00011858103558794239,0.5925253321437436,31.968232693990576,2025052800087,44,R11_S22
COSMOS 1017371,149.70010121907,1.87452371044,2025052800088,60823.9724977966,60823.97232417964,i,1.22464072718114,35.2943998864502,332.789331140299,23.41208267211914,30.0010118484497,102.132521766382,150.201489604311,2.029137284286,-1,i,20250528,i_39,0.392280596179918,149.70014486633056,1.8744238569197704,745319361888650304,0,1700.4573932984565,2441.7452940778094,0.011025992,0.012675806,149.70014486633056,1.8744238569197704,7.002992e-07,6.1692975e-07,156747.43295881906,929.9424202798772,151821.71237751542,600.131418477894,False,156263.3779079731,758.156779612418,False,159232.65913021303,1039.4346804484044,False,159169.19737109134,1489.9213453493785,False,156849.64281296282,2063.9133102832247,False,-1.4928464093449096,32.43586234867795,155993.49573129328,474.8313255358599,0.0,0.0003451029790897,False,266050.5625,1290.8209228515625,False,271105.9948730469,1769.7184402231942,False,267048.7241283655,3513.9730402824707,False,False,-2.5416871966393946,55.22458005560641,False,False,0.5879110582375439,0.00012861552011575513,0.5879110582375439,31.976720927319526,2025052800088,51,R12_S20
COSMOS 1017371,149.70010121907,1.87452371044,2025052800089,60823.97302420653,60823.97285058634,i,1.22859213364204,35.5548021917042,332.265218232551,23.374385833740234,30.0015685558319,98.9404464869108,150.008675426084,2.14656835888604,-1,i,20250528,i_39,0.4003258375598371,149.70014390173665,1.8744210170136155,745319362043314962,0,606.7994642278178,1702.783253326688,0.011813732,0.01393002,149.70014390173665,1.8744210170136155,7.712487e-07,6.5943743e-07,157991.06797637054,934.655456575323,151202.09019864054,601.7565071897973,False,156830.21576146968,760.4940766405877,False,159278.58248907982,1040.8311759007026,False,159132.91676645388,1494.228310494069,False,156721.3097770233,2066.8373182317887,False,-1.475192201841232,32.84859698360653,156429.59585631714,488.07076282208095,0.0,0.0005763183762104,False,264915.03125,1284.6141357421875,False,269050.7722167969,1758.1549712912602,False,264731.06904518604,3491.2677387424737,False,False,-2.49187050054763,55.487311894451416,False,False,0.5906010754876574,0.0001056318290607508,0.5906010754876574,31.97176441629422,2025052800089,90,R22_S00
COSMOS 1017371,149.70010121907,1.87452371044,2025052800090,60823.97354942407,60823.973375807145,i,1.22811790056669,35.5237116011622,332.353092099241,23.30683898925781,30.0010039806366,96.2677021915651,150.257815227283,2.1389255488529,-1,i,20250528,i_39,0.3928909325576767,149.7001440803471,1.8744233330332387,745319362157085180,0,474.3699702553577,1226.120933799696,0.011535371,0.017228026,149.7001440803471,1.8744233330332387,9.536886e-07,6.454659e-07,157428.433613232,931.6476115813686,151187.90828570066,599.4006515267166,False,156974.1197531729,757.7759249416035,False,160697.18897189875,1037.425543897217,False,161435.6951954963,1488.3978797885795,False,159140.46491775164,2059.240423962514,False,-0.8852434581596077,32.64527417204377,157065.72393505208,499.43829699808754,0.0,0.0001965640156149,False,266000.25,1284.0880126953125,False,272309.1711425781,1757.9678386918802,False,269671.22682261467,3489.482651314966,False,False,-1.5000879224650696,55.318998473993126,False,False,0.5897663288765964,9.689259575994342e-05,0.5897663288765964,31.973300064881546,2025052800090,51,R12_S20
COSMOS 1017371,149.70010121907,1.87452371044,2025052800091,60823.97407135773,60823.97389774929,i,1.2320538730902,35.7797112297219,331.824785292804,23.31278610229492,29.9995386600494,93.0646831883395,150.06012065972,2.24826520414923,-1,i,20250528,i_39,0.3855153829652641,149.70014310748184,1.87442514577214,745319362308079757,0,3479.7919380288413,319.48425959718435,0.012587704,0.015426538,149.70014310748184,1.87442514577214,8.564996e-07,6.998126e-07,157334.9025126432,935.6511323398202,151161.2149748625,601.6127736173945,False,156857.18602039048,760.681516520818,False,160174.21285330583,1042.1217873326405,False,163426.85476699713,1494.1415938258365,False,163415.40889430558,2070.7388885921587,False,0.3509713588200127,32.1682249880271,157715.0715616496,503.8195671926189,0.0,0.000144934531422,False,265156.53125,1285.8809814453125,False,270763.7421875,1761.6368448255375,False,276242.76626753807,3500.4449254381066,False,False,0.5932934947635495,54.37822244998097,False,False,0.5893827714597127,0.00010993072891653926,0.5893827714597127,31.97400640844519,2025052800091,83,R21_S02
COSMOS 1017371,149.70010121907,1.87452371044,2025052800092,60823.97459561535,60823.974421998544,i,1.23472181767481,35.9517508471268,331.46599847749,23.28317642211914,30.0009834766388,90.0055030003204,149.986501985512,2.31878743754496,-1,i,20250528,i_39,0.3945187258774317,149.70014279791997,1.8744223068111707,745319362442297862,0,2535.4669786249306,1274.1572930702073,0.01340571,0.016399745,149.70014279791997,1.8744223068111707,9.1098565e-07,7.4459234e-07,155373.77334041588,937.6993371279484,149574.44635066975,602.495426571852,False,155400.10977973786,762.4481397644371,False,158609.05675926502,1044.2126102406853,False,159669.17392198718,1497.3258672179566,False,159056.69851984427,2076.6766298019643,False,-0.1526057491612595,32.6162002884586,156119.16629965394,505.7476257294665,0.0,7.188720479589517e-05,False,263102.6875,1290.875244140625,False,268535.6474609375,1767.92117113122,False,269293.5346362591,3515.951199415305,False,False,-0.2583716497317005,55.22138925187964,False,False,0.5899450390465779,9.931022691461923e-05,0.5899450390465779,31.97297111644811,2025052800092,83,R21_S02
COSMOS 1017371,149.70010121907,1.87452371044,2025052800094,60823.97563737584,60823.97546375893,i,1.23395447538386,35.9023680120946,330.917511912958,23.388206481933597,30.0010032653809,84.0458936347359,150.090181248948,2.1398151314539,-1,i,20250528,i_39,0.3960471354797729,149.70014488450872,1.874422724054022,745319362693957032,0,2239.5895834434627,3199.1778600129755,0.010806692,0.014658284,149.70014488450872,1.874422724054022,8.1217723e-07,6.0313755e-07,157046.6211118494,936.5489378003856,151610.19421739964,603.8214937480652,False,156235.74113739532,763.2098662855697,False,157668.15401852212,1044.2287228205578,False,160108.2885720011,1499.4941999104294,False,159536.73207626908,2078.882595872789,False,0.1031591339578622,32.5456934195236,156150.90367106974,483.871613722944,0.0,4.529480795179008e-05,False,264956.625,1294.3101806640625,False,267385.8212890625,1770.883641043981,False,270554.70013922453,3525.529513053622,False,False,0.1749452191439437,55.193498132660665,False,False,0.5882620017598054,0.00014745126049140484,0.5882620017598054,31.976073008892875,2025052800094,51,R12_S20
COSMOS 1017371,149.70010121907,1.87452371044,2025052800095,60823.97616159748,60823.97598798011,i,1.23555184030911,36.0049788758615,330.578446755311,23.29239845275879,30.0010812282562,81.0045337428295,150.055377700544,2.14853128682141,-1,i,20250528,i_39,0.4084879345151235,149.70014495761845,1.874419000503278,745319362828174791,0,2376.4151089261186,3590.418059773505,0.013607233,0.016550235,149.70014495761845,1.874419000503278,9.1568484e-07,7.603156e-07,157944.66543188962,939.8240020444892,150388.00130949845,603.5864311545766,False,156304.44025818107,764.0627014986467,False,157896.4456566207,1048.7995962358982,False,158377.73252704734,1504.2747042701667,False,157720.31008636998,2081.1453051214303,False,0.2369234383478619,32.862104236387886,157039.84686400447,510.7025438665783,0.0,0.0001403634476053,False,263940.25,1290.2186279296875,False,266628.5568847656,1771.0336774384314,False,266331.1292085648,3514.282839391864,False,False,0.4000758484218506,55.49191048796386,False,False,0.5915632902847855,0.00012737216218688778,0.5915632902847855,31.969996960426066,2025052800095,51,R12_S20
COSMOS 1017371,149.70010121907,1.87452371044,2025052800096,60823.97668360425,60823.97650998746,i,1.23573255051932,36.0165725093192,330.114046214662,23.26922416687012,30.0009813308716,77.8618723807527,149.991722228844,2.0421589650069,-1,i,20250528,i_39,0.3860381434116379,149.70014337511108,1.874425101886638,745319362983362826,0,161.88888809502652,667.6718872359125,0.012614249,0.015552463,149.70014337511108,1.874425101886638,8.5747774e-07,7.0880674e-07,157118.55960718938,939.272508246186,150708.3270506147,602.7162453331784,False,156815.17051088993,762.4255769595464,False,160856.88786066306,1044.348651324363,False,159988.4864552548,1496.8612992803978,False,159644.063841099,2073.468588623946,False,-0.3029148878561302,32.8307962369497,155731.80989025845,501.9494884683545,0.0,0.0002123768469017,False,263919.0,1283.15771484375,False,270721.1862792969,1757.6325734998582,False,268680.0106623173,3489.6353118019365,False,False,-0.5098039560053298,55.2540349497488,False,False,0.5943451602458225,0.00010059521147676853,0.5943451602458225,31.96490317351138,2025052800096,91,R22_S01
COSMOS 1017371,149.70010121907,1.87452371044,2025052800097,60823.97720658222,60823.97703296488,i,1.23635059153195,36.0560969293198,329.850692653501,23.362672805786133,30.001077413559,74.8876270649107,150.023774592721,2.01089879355308,-1,i,20250528,i_39,0.3929019144852246,149.70014444919516,1.87442348784288,745319363117580345,0,1147.971180037414,158.57673158183113,0.012911813,0.013062341,149.70014444919516,1.87442348784288,7.2511506e-07,7.1796046e-07,155948.01787299674,935.3509199661264,150818.7577630762,601.573523746665,False,155939.85987304462,760.3590780261629,False,158389.51729366314,1041.2386548429497,False,161544.79933176242,1492.653512701277,False,161752.38506417544,2068.1741209636,False,0.4573495157198721,32.98893632145549,157871.15380818798,496.6506072962359,0.0,0.0009964295594945,False,262918.21875,1281.9830322265625,False,267048.39794921875,1755.5525101012092,False,272718.2709684372,3486.989512439532,False,False,0.7711018857984061,55.62011138881058,False,False,0.5923758349371453,0.00011151381039395575,0.5923758349371453,31.968506665415507,2025052800097,91,R22_S01
COSMOS 1017371,149.70010121907,1.87452371044,2025052800098,60823.97773406464,60823.97756045375,i,1.23917029161051,36.2351705031386,330.073420075068,23.3042049407959,29.9999616146088,72.3148602578208,150.254931314663,2.22965347053325,-1,i,20250528,i_39,0.3898994187804746,149.7001436027277,1.8744240329301929,745319363229255104,0,3165.25497619447,3437.732599950283,0.012442957,0.015704943,149.7001436027277,1.8744240329301929,8.5699446e-07,7.098918e-07,157886.49499371691,937.5732639099944,149992.7905883805,601.938868233562,False,156915.59882283933,761.7511981773234,False,159714.98853880784,1043.0805479546984,False,160630.17159134994,1496.8365717015422,False,161250.27162483564,2072.745974555997,False,1.057063663257381,33.22787877402081,158780.67352778866,508.7703217250547,0.0,0.0010541574709388,False,263820.3125,1280.72314453125,False,268526.8928222656,1753.7188029009774,False,271108.14584344625,3484.882923321501,False,False,1.7772284467894874,55.865633675919504,False,False,0.5938012574660744,0.00013231484334931404,0.5938012574660744,31.965897217633028,2025052800098,48,R12_S10
COSMOS 1017371,149.70010121907,1.87452371044,2025052800099,60823.9782570753,60823.97808345807,i,1.24146287921141,36.3795796490228,329.737612376442,23.23927497863769,30.0010581016541,69.2676549224812,150.201395146707,2.27356999824597,-1,i,20250528,i_39,0.3965577077103928,149.70014388329653,1.87442214362726,745319363363472973,0,2688.430795571359,3905.9163729491993,0.015009984,0.015372001,149.70014388329653,1.87442214362726,8.512383e-07,8.3623564e-07,157737.5866635368,949.9339958693216,148894.18713123864,606.0320517797339,False,156402.08935157565,768.2031509811724,False,159513.75721880508,1052.6179017393886,False,158913.17302040293,1509.2162996300829,False,159606.2210183971,2091.325101656101,False,-0.4107053678423561,33.080966436366566,157027.6525531717,521.3013406452579,0.0,0.000135858318233,False,260613.21875,1280.0589599609375,False,265798.19921875,1753.9800179364397,False,265952.2718946934,3484.780596313541,False,False,-0.6843594501521975,55.12290262927586,False,False,0.5987262392177194,0.00012979829414214256,0.5987262392177194,31.956929271130875,2025052800099,48,R12_S10
COSMOS 1017371,149.70010121907,1.87452371044,2025052800100,60823.978779000485,60823.97860538384,i,1.24393413341899,36.5345518357829,329.461886679775,23.27142906188965,30.0009558200836,66.26880649,150.174523762403,2.34126628785129,-1,i,20250528,i_39,0.3912960266421588,149.70014375175154,1.8744236747020373,745319363497690653,0,1948.4797618482,3681.460231871513,0.013508213,0.015868356,149.70014375175154,1.8744236747020373,8.6139875e-07,7.730883e-07,157586.81218165116,944.279334813354,150232.69039552248,604.5827587544296,False,156979.5621603886,765.4888590025463,False,160244.8552628662,1048.9341318112888,False,161907.94268060286,1508.3319615991545,False,160946.2810833537,2085.022594167636,False,-0.0616353246387609,32.26741892322202,156262.15258686343,507.9271894780418,0.0,0.0016106844839716,False,262035.296875,1277.7784423828125,False,267485.8283691406,1750.9143410061542,False,268656.67074236274,3480.3862804483088,False,False,-0.1028836516514383,53.86180583366423,False,False,0.5992357602183215,0.00015335394361923275,0.5992357602183215,31.956005693536497,2025052800100,48,R12_S10
COSMOS 1017371,149.70010121907,1.87452371044,2025052800101,60823.97929878368,60823.979125166254,i,1.24456225450593,36.5734529079916,329.096924888857,23.345922470092773,30.001092672348,63.2031235012492,150.149716938794,2.28009164241683,-1,i,20250528,i_39,0.3869538229264812,149.70014362487234,1.874424932080454,745319363633479734,0,3326.742255370817,126.63812181405082,0.012891629,0.0134729855,149.70014362487234,1.874424932080454,7.418586e-07,7.227863e-07,157994.49682801153,934.8486979794612,150959.33101529075,600.9866912767307,False,157186.16698816835,759.8854236541731,False,159878.78920223337,1039.996442578372,False,161597.60517616503,1491.2993616526965,False,162795.23882525225,2065.9736826511,False,0.8036902783933165,33.15497683677471,157997.5217158448,500.2505074652898,0.0,0.0003479080286161,False,264723.40625,1279.7529296875,False,269258.1572265625,1751.4989139467489,False,274169.8647460937,3479.3875375523503,False,False,1.353526408480359,55.837600537911854,False,False,0.5932261174244208,9.621924565287201e-05,0.5932261174244208,31.966949342340687,2025052800101,51,R12_S20
COSMOS 1017371,149.70010121907,1.87452371044,2025052800102,60823.97982178057,60823.97964816394,i,1.24169457612817,36.3940512853499,328.706214957686,23.379701614379883,30.0009534358978,60.1409271306701,150.210748152932,2.0157885624555,-1,i,20250528,i_39,0.3958872475324968,149.7001446846591,1.8744226863116789,745319363768746657,0,106.81403730419989,1396.451902692888,0.012916318,0.013266412,149.7001446846591,1.8744226863116789,7.320436e-07,7.224486e-07,157680.3365762035,929.885344967878,151360.95954618536,598.516737909632,False,156912.69938474143,756.1487991189904,False,160608.53182729366,1035.1287968072384,False,160796.80330149157,1483.4136226539856,False,160184.09127642092,2056.077374108186,False,-0.2689285947456704,32.05987077130458,158382.7081854316,494.9652770608282,0.0,0.0002932343756095,False,264555.28125,1274.869140625,False,270786.4658203125,1745.230252510351,False,270070.8577799797,3466.552612451249,False,False,-0.453414416411643,54.05303816706827,False,False,0.5931780989710219,0.00010669959375042121,0.5931780989710219,31.96703723038535,2025052800102,53,R12_S22
COSMOS 1017371,149.70010121907,1.87452371044,2025052800103,60823.98034335423,60823.98016973698,i,1.24893149059987,36.8433998392257,328.256737698092,23.31169319152832,30.0010590553284,56.9548721780153,149.955437637947,2.29530221040829,-1,i,20250528,i_39,0.3982531012529804,149.70014428682103,1.8744218024687849,745319363901916298,0,2338.765821668524,2635.175599520214,0.013559368,0.014500928,149.70014428682103,1.8744218024687849,7.902916e-07,7.691472e-07,157165.13351451582,936.740193029467,151485.86483406418,601.5881704244417,False,157096.36278898222,760.1786827616238,False,160462.76362875913,1039.2005291742748,False,165335.35740773455,1492.5961085007384,False,165595.6087622127,2066.0500336267246,False,1.3843553994789106,32.45788343828797,157119.78425021566,500.346900188628,0.0,0.0008692365618594,False,263715.0625,1276.099365234375,False,269366.1838378906,1744.4887178536724,False,277982.60595703125,3468.2439750553613,False,False,2.323894482434176,54.48651138437527,False,False,0.5942860153675331,0.00013201625809837093,0.5942860153675331,31.965011223404495,2025052800103,51,R12_S20
COSMOS 1017371,149.70010121907,1.87452371044,2025052800105,60823.98138725439,60823.98121364289,i,1.24926791416563,36.8640582269258,328.133788319463,23.329910278320312,30.0000667572021,51.3478253063003,150.257437712866,2.28046334700577,-1,i,20250528,i_39,0.3898119649594802,149.70014512053538,1.874424717913076,745319364169303132,0,2508.9847495615463,2439.2732148942546,0.0132079655,0.013750298,149.70014512053538,1.874424717913076,7.519908e-07,7.4552395e-07,156816.19477385774,940.7009591530958,150599.77732006225,602.9275747371981,False,157064.80322508226,762.4930977939898,False,161180.99645626856,1042.1031119095546,False,162358.66084172815,1495.1892591769308,False,162041.57330902622,2070.6575777367902,False,0.0117701151891548,32.308405899080846,156811.06703853983,500.8845610058817,0.0,2.38693442367044e-06,False,263057.4375,1277.0491943359375,False,269951.376953125,1745.349490151883,False,271392.70013317466,3468.007250222764,False,False,0.0197129864690426,54.111209456281664,False,False,0.5950950387696362,0.0001274261514797304,0.5950950387696362,31.96353417594258,2025052800105,49,R12_S11
COSMOS 1017371,149.70010121907,1.87452371044,2025052800106,60823.98191238269,60823.981738771625,i,1.24741275416683,36.7501667012629,327.634620008296,23.31219291687012,29.9999918937683,48.1868556542137,150.233672226529,2.04165253320569,-1,i,20250528,i_39,0.3948228298123828,149.70014414164828,1.874422775846247,745319364305617526,0,1877.1693501856507,1434.6535686222323,0.013614066,0.015075909,149.70014414164828,1.874422775846247,8.02096e-07,7.935741e-07,157189.83679213506,937.7595535237087,150737.73671570068,600.9761364408623,False,156689.57068227092,759.7765939254077,False,160231.01352481288,1039.61354208892,False,163110.70343591188,1491.7205473614383,False,163865.8600394828,2065.400611664386,False,0.751867783740469,32.821273846663814,157334.85378259938,504.177815477516,0.0,0.000283665189262,False,262560.5,1273.13720703125,False,268494.8005371094,1742.0524558787554,False,274585.6150958538,3460.936263579068,False,False,1.2598846264828398,54.99772597687022,False,False,0.5967302097460544,0.00011384395446206348,0.5967302097460544,31.96055493809503,2025052800106,53,R12_S22
COSMOS 1017371,149.70010121907,1.87452371044,2025052800107,60823.98243712131,60823.98226350396,i,1.25154317724961,37.0032332032797,327.345801762836,23.23487091064453,30.0010776519775,45.1561216077915,150.151561458774,2.18525035935047,-1,i,20250528,i_39,0.3972813341992923,149.700146645427,1.874423126721616,745319364439310731,0,3698.257595079968,884.3974062698989,0.01569538,0.01471788,149.700146645427,1.874423126721616,8.4493456e-07,8.454301e-07,157557.81684891073,947.3591239685628,149507.2286891216,605.1475696844936,False,156595.59411231216,765.9771268609645,False,160008.49384896478,1049.2711635459686,False,162940.63888901615,1505.1871128513696,False,165449.39703889564,2085.766712641845,False,1.4792379210244344,33.21051975636345,156464.8754470766,516.1459044764991,0.0,0.0001536277413995,False,260661.515625,1275.0087890625,False,266342.46484375,1746.5664557288806,False,275399.13134765625,3471.8672363633946,False,False,2.462268498995319,55.28063840786616,False,False,0.6012380482334583,9.874823211562819e-05,0.6012380482334583,31.952383859239035,2025052800107,52,R12_S21
COSMOS 1017371,149.70010121907,1.87452371044,2025052800108,60823.98296152153,60823.98278790496,i,1.2534496548454,37.1191757867583,327.307529530385,23.218725204467773,30.0009436607361,42.3585869597291,150.266106884202,2.27724673307014,-1,i,20250528,i_39,0.3957410421601264,149.70014525199204,1.8744229763531688,745319364572480567,0,356.74359249656624,2586.535919213324,0.01530256,0.016878013,149.70014525199204,1.8744229763531688,8.905248e-07,8.9891614e-07,156643.08221394557,950.2313195641876,148143.4839406748,606.1210498887132,False,155648.33255456277,768.0165325380801,False,159007.4274161354,1052.5177489905266,False,159921.13419300687,1511.4007374709115,False,157812.78409984094,2092.6236563798147,False,-0.791896780721874,32.26234185308783,157149.82329777585,526.6679121555717,0.0,8.428253329384461e-05,False,259609.234375,1280.991455078125,False,265211.9416503906,1755.5172130465523,False,263219.3701168299,3490.332445915118,False,False,-1.320821839676087,53.81106067865243,False,False,0.5997663357824169,0.00012311781905321745,0.5997663357824169,31.955044785897016,2025052800108,50,R12_S12
COSMOS 1017371,149.70010121907,1.87452371044,2025052800109,60823.983488194426,60823.98331457713,i,1.25319270443184,37.1033575861799,326.697659059689,23.275897979736328,30.0010681152344,39.0876333408923,150.138822080002,2.08975048093074,-1,i,20250528,i_39,0.3810884838311728,149.7001416332056,1.874425861869499,745319364708271202,0,1390.6147333230715,2582.814383350381,0.015122164,0.014878075,149.7001416332056,1.874425861869499,8.3463834e-07,8.319661e-07,157116.82742571388,936.5558045775384,149124.86128040656,601.0758532481681,False,155391.97357222662,760.7383246474806,False,157709.414344739,1040.77689824634,False,158913.44954215977,1493.9435189092635,False,157745.29676965505,2070.1755202680274,False,-0.7458933430882666,32.22465659298096,155852.6566377123,506.2053973666037,0.0,7.937593465179305e-06,False,260709.484375,1276.3316650390625,False,264597.5795898437,1746.1674644674958,False,264657.7814669609,3473.244982012948,False,False,-1.2514254398403706,54.065042172931626,False,False,0.5945219250470424,0.0001326223378585794,0.5945219250470424,31.964580311606632,2025052800109,53,R12_S22
COSMOS 1017371,149.70010121907,1.87452371044,2025052800110,60823.9840101361,60823.983836525214,i,1.25694982689754,37.3298761476317,326.629658423119,23.31531524658203,29.9999616146088,36.244058365192,150.182734755939,2.26965354972141,-1,i,20250528,i_39,0.3972056224951621,149.7001448176114,1.874422344814444,745319364840916698,0,504.9037919442568,3915.062440321194,0.01323006,0.013358704,149.7001448176114,1.874422344814444,7.3729495e-07,7.3958233e-07,158837.59174470205,937.662457614558,152765.55948501534,605.0755750161502,False,158819.38522360567,764.5734608727686,False,162335.4120105291,1042.949107685679,False,164669.96220069405,1499.086275709535,False,162687.9448492805,2076.053358898989,False,-0.0021483967144494,32.48450345980696,160653.60786311844,509.38953241558266,0.0,5.8919093758103e-05,False,266943.5,1285.094482421875,False,272853.2351074219,1752.9880545470826,False,273445.7720304728,3489.4288819403014,False,False,-0.0036110235380662,54.59992832181113,False,False,0.5941211223946711,0.0001299802983260562,0.5941211223946711,31.965312517912086,2025052800110,50,R12_S12
COSMOS 1017371,149.70010121907,1.87452371044,2025052800111,60823.98453178722,60823.98435817555,i,1.25584629507082,37.2637583912553,326.123688675081,23.357667922973636,30.0000972747803,33.0677563842506,150.133996351781,2.06480281847408,-1,i,20250528,i_39,0.3896309726065158,149.7001449760445,1.8744247089884856,745319364976707102,0,2371.7970226141383,3424.1321440163983,0.01289739,0.012885415,149.7001449760445,1.8744247089884856,7.162261e-07,7.160575e-07,157115.22787484952,932.3907008864088,151903.63065594074,600.6041290408581,False,157004.39458520597,758.8457951822894,False,159206.38788310834,1037.9069977994427,False,160733.9178623821,1490.415065881839,False,158541.94163230382,2062.573672990012,False,-0.2796416657867615,32.204378094326856,157821.1831418871,489.5191857634288,0.0,0.000200308315972,False,265139.9375,1281.494873046875,False,268858.5363769531,1752.7572858988449,False,267736.4579926133,3483.1550810441267,False,False,-0.4722426654679397,54.38489042115489,False,False,0.5909723405801952,0.0001321002326553022,0.5909723405801952,31.971082112578998,2025052800111,53,R12_S22
COSMOS 1017371,149.70010121907,1.87452371044,2025052800112,60823.98505448804,60823.9848808771,i,1.26095700845566,37.568762224842,325.878751138714,23.29688262939453,29.9999701976776,30.0551635413341,150.044047395098,2.25982957596657,-1,i,20250528,i_39,0.3930803634230194,149.7001448208073,1.8744235947165733,745319365110399579,0,3808.040617933468,1438.4393294904887,0.015243096,0.013429896,149.7001448208073,1.8744235947165733,8.2263284e-07,7.726152e-07,157380.61031564092,942.9853645055266,151263.34383602737,604.4494289080841,False,157806.78867625937,764.6334195842526,False,162224.17574296595,1047.4407152292667,False,165137.3619581367,1500.3080192294726,False,164297.6212766605,2078.800531332137,False,0.8754180101864747,32.65826207626024,158199.84866559008,507.0343724811902,0.0,5.593168892481515e-07,False,265039.96875,1284.2186279296875,False,272459.0673828125,1759.199694516102,False,275941.4647122621,3491.391165636468,False,False,1.470283781891038,54.850268690775934,False,False,0.5946531917156427,9.868664455015761e-05,0.5946531917156427,31.964340614402836,2025052800112,52,R12_S21
COSMOS 1017371,149.70010121907,1.87452371044,2025052800114,60823.98609996366,60823.98592634689,i,1.26198380168391,37.6292965081332,325.586747102584,23.327791213989254,30.0009770393372,24.2923181225502,150.236095473485,2.22620873249823,-1,i,20250528,i_39,0.3966990729105284,149.70014345670637,1.8744219231633323,745319365379359045,0,3893.385519691451,785.6426213588309,0.013015352,0.013105409,149.70014345670637,1.8744219231633323,7.237054e-07,7.2714613e-07,156302.0293670126,938.6765942698896,150435.27950079946,602.6595774448689,False,156011.65845490718,762.5162715362269,False,159784.71090944108,1046.63335388672,False,160878.2012342834,1501.3163018747894,False,162622.4788646862,2079.06957889778,False,0.46653576761927,31.936845754043,155425.47573453403,493.6999093770248,0.0,2.5787245005681747e-05,False,262447.0,1282.725341796875,False,268794.1301269531,1760.6747248757808,False,273567.8995614052,3497.466658433711,False,False,0.7848189924842333,53.72501927497896,False,False,0.5947114905293642,0.00011365904531446617,0.5947114905293642,31.964234175841565,2025052800114,53,R12_S22
COSMOS 1017371,149.70010121907,1.87452371044,2025052800115,60823.9868594163,60823.98668579885,i,1.26493241271654,37.802993182426,325.159281215552,23.28580665588379,30.0010945796967,104.027693622567,150.196515042582,2.24902149021974,-1,i,20250528,i_39,0.3942418385373016,149.70014581977924,1.874423681942092,745319365508859452,0,1884.6874581349653,3631.140917371472,0.014430509,0.013731236,149.70014581977924,1.874423681942092,7.649815e-07,7.9937536e-07,158564.62029214096,944.766465525434,151257.9198753612,605.7018476178536,False,157358.69531508113,766.4422571574215,False,160181.32256584623,1049.638433986897,False,161252.2519291007,1505.7340667665378,False,163716.58995078955,2085.9017769681814,False,0.6710808919779634,33.0265012293565,157709.60966565151,507.2726782933078,0.0,0.0004278592566816,False,264364.875,1287.634033203125,False,269106.9294433594,1763.4076899311185,False,275046.2295782566,3504.345034294535,False,False,1.1274255659492618,55.48499783697304,False,False,0.5949775645992808,0.00013708179154382023,0.5949775645992808,31.963748525823306,2025052800115,44,R11_S22
COSMOS 1017371,149.70010121907,1.87452371044,2025052800116,60823.98738087852,60823.987207261926,i,1.26513044628363,37.8146498340208,324.897773441545,23.21372985839844,30.0009479522705,101.033834800475,150.239791099324,2.17971924221471,-1,i,20250528,i_39,0.3952087430887416,149.70014446763412,1.8744227983164767,745319365643076476,0,3333.369038232869,2191.5410020368777,0.015746748,0.01553702,149.70014446763412,1.8744227983164767,8.633348e-07,8.742916e-07,156955.8255810497,957.0632120394675,148656.4049724367,610.1057904388435,False,156487.58248554033,773.8198298478762,False,160824.0019256076,1062.534907157523,False,162791.58651246366,1526.1810900833,False,164507.56708908366,2112.4389975717977,False,0.3024368864994343,33.13375598470585,156892.64292728715,523.7644164257819,0.0,0.0003974063335918,False,260736.578125,1289.3236083984375,False,267961.8361816406,1770.3750766053035,False,274099.3210911155,3519.704931064224,False,False,0.5039144808306304,55.20682228367363,False,False,0.5993159632388492,0.0001263759352870711,0.5993159632388492,31.955860385959788,2025052800116,44,R11_S22
COSMOS 1017371,149.70010121907,1.87452371044,2025052800117,60823.98791093669,60823.987737319374,i,1.26669691050258,37.9060764335348,324.660158515132,23.160076141357425,30.0010714530945,98.0606560846496,150.259199231396,2.18648169523133,-1,i,20250528,i_39,0.3930096975448806,149.70014320441004,1.8744229281671003,745319365777293856,0,3609.3961882417393,1500.789323706457,0.017108968,0.016918316,149.70014320441004,1.8744229281671003,9.398212e-07,9.502045e-07,156739.15688095186,956.104869434354,149040.85093872095,609.6155650675167,False,156306.91563734456,772.9089364910237,False,159865.95171199672,1057.986329918079,False,161891.12137117883,1520.3589415882277,False,162719.5932322489,2107.5529561377,False,0.4981761892554253,32.907153671889134,156587.0655909384,533.3267960097518,0.0,0.0005757461194992,False,259698.8125,1284.162841796875,False,265612.0341796875,1757.809578678128,False,270353.265948534,3501.630095879509,False,False,0.8277033951944925,54.674156268123824,False,False,0.600993069468017,0.00010663082763793352,0.600993069468017,31.95282634041391,2025052800117,44,R11_S22
COSMOS 1017371,149.70010121907,1.87452371044,2025052800118,60824.00052049079,60824.000346879744,z,1.30939291678614,40.2515840872887,318.367704913775,22.57884979248047,29.9999883174896,93.3607783004321,150.201334472371,2.02907694628522,-1,z,20250528,z_20,0.389438390792807,149.70014489758856,1.874424732850854,745319365915181667,0,3020.490155232668,1829.9381137330429,0.024557244,0.022524208,149.70014489758856,1.874424732850854,1.2514101e-06,1.3637624e-06,159773.3247410888,1657.6316320420765,152492.3252151776,1014.8993084069724,False,160562.8256320138,1320.2091157137663,False,164928.84068553528,1848.3404473856776,False,169660.5646643155,2681.8460274737395,False,173188.60001565333,3740.1365640129206,False,1.435757331768217,57.75399048763539,160405.07629583566,804.4805975918691,0.0,0.0002329671660786,False,187612.59375,1542.6226806640625,False,192714.14453125,2159.727471798561,False,202365.41259765625,4370.231521472236,False,False,1.6776371239626895,67.48371493929223,False,False,0.8607066100115538,0.00020432255960771596,0.8607066100115538,31.562862154371253,2025052800118,51,R12_S20
COSMOS 1017371,149.70010121907,1.87452371044,2025052800119,60824.001058014765,60824.00088439735,z,1.31266970387861,40.4204890365183,318.29101456272,22.50922393798828,30.0010890960693,87.4948297853629,150.257584317039,2.13884358037569,-1,z,20250528,z_20,0.3931723659348942,149.7001464749923,1.874424302643954,745319366049398913,0,1996.6530450012533,445.6072037728727,0.026006348,0.025180934,149.7001464749923,1.874424302643954,1.3985031e-06,1.444335e-06,159362.81358691453,1671.0457216398524,150513.50238520495,1020.4675162307536,False,157626.84374965573,1327.986746657819,False,160575.01365998082,1862.517386781965,False,163303.67571088654,2708.323772160958,False,159654.7768566728,3771.262583670496,False,-0.5332262009754901,59.45513102181535,160199.65016818503,835.7992781259368,0.0,0.0001685479455594,False,183371.53125,1544.882568359375,False,186801.2163085937,2166.7163857977293,False,185730.68017578125,4387.210821855972,False,False,-0.6203163284217535,69.16574713286086,False,False,0.864293949525996,0.00019488340092999387,0.864293949525996,31.55834631814967,2025052800119,51,R12_S20
COSMOS 1017371,149.70010121907,1.87452371044,2025052800120,60824.00158213176,60824.00140851502,z,1.31878976003171,40.7328602697154,317.903378185709,22.541650772094727,30.0009732246399,84.3466606171088,150.060015035104,2.24828089755612,-1,z,20250528,z_20,0.3895274700028381,149.7001465377913,1.874425444983407,745319366183617764,0,246.7203419770318,3570.580237489197,0.021368936,0.024024853,149.7001465377913,1.874425444983407,1.3331243e-06,1.1886193e-06,161898.01792548547,1654.3066830191983,152482.9911111945,1012.3104408232643,False,160973.66618898933,1316.7804122859682,False,166076.77601055818,1845.6659821094647,False,169134.0704607686,2681.8113887184795,False,170279.03658970146,3734.1665378883854,False,2.054396228212056,59.69555097771466,160289.42598448438,812.9727027948635,0.0,0.0028065109411151,False,187481.078125,1533.6136474609375,False,193424.5131835937,2149.590404297991,False,198318.7568359375,4349.068919134175,False,False,2.3926921022531507,69.52557223507758,False,False,0.8621555590146814,0.00015960167251114418,0.8621555590146814,31.561035918017897,2025052800120,51,R12_S20
COSMOS 1017371,149.70010121907,1.87452371044,2025052800121,60824.00210505076,60824.00193143337,z,1.32295364057788,40.9423173954468,317.640356958387,22.57648277282715,30.0010848045349,81.3110838148478,149.986535630358,2.31880525066325,-1,z,20250528,z_20,0.3913297158206852,149.7001471989712,1.87442519959068,745319366334611487,0,3418.8109586477462,124.71965449227636,0.019236129,0.020568727,149.7001471989712,1.87442519959068,1.1409479e-06,1.0702266e-06,161342.6948460277,1647.68616333618,152471.49967602288,1009.3472433255072,False,160250.883158725,1312.102331468637,False,163357.7314326531,1836.155993446616,False,165538.8077912304,2667.507472444591,False,161221.54383627672,3714.839047515796,False,-1.4942986924540698,59.37938034563913,160014.36397172973,795.7197591998741,0.0,0.0009021394041506,False,185954.9375,1522.56201171875,False,189560.12060546875,2130.673268511256,False,187081.291015625,4310.694888459019,False,False,-1.7339824560367751,68.90376354447484,False,False,0.8583409011969672,0.00017523962752185516,0.8583409011969672,31.565850480539837,2025052800121,83,R21_S02
COSMOS 1017371,149.70010121907,1.87452371044,2025052800122,60824.002625896646,60824.00245227978,z,1.31777962645926,40.6815403756722,317.409715357396,22.572614669799805,30.0009944438934,78.3590568602139,150.204828095919,2.01910909189563,-1,z,20250528,z_20,0.3902319821859937,149.70014391455786,1.8744240654558488,745319366452576676,0,1340.0722156094432,1267.1221229511762,0.02351561,0.024027556,149.70014391455786,1.8744240654558488,1.3333064e-06,1.3072795e-06,158345.42467563084,1633.1194757427256,150736.15940317296,1002.41988103019,False,159511.7830300581,1303.250513779289,False,165246.36528794552,1818.6839813673864,False,169496.3425642489,2649.1642105482774,False,171368.0849935752,3687.385465164557,False,-0.41198919575069,58.519119871363,158985.65819960315,800.3166189532718,0.0,0.0030814951949255,False,185566.671875,1516.1253662109375,False,192237.94921875,2115.7504931853528,False,199359.599609375,4289.688421086082,False,False,-0.4792841158919718,68.07771883244965,False,False,0.8635351762623459,0.00019096946672425162,0.8635351762623459,31.559299916678842,2025052800122,52,R12_S21
COSMOS 1017371,149.70010121907,1.87452371044,2025052800123,60824.00314823748,60824.00297462022,z,1.32323675313294,40.9568692304224,317.142967219002,22.553417205810547,30.0010621547699,75.3104791951046,150.090144531867,2.13983065205424,-1,z,20250528,z_20,0.3910717094521283,149.7001431019739,1.8744234687321737,745319366586270523,0,3436.8721877176577,2677.448222380621,0.024702698,0.028219284,149.7001431019739,1.8744234687321737,1.5555337e-06,1.3859442e-06,162872.15145917697,1646.7038393479666,152640.75804848297,1006.2458138675796,False,165197.96531933986,1309.627741056246,False,173406.88252360158,1831.432770710396,False,176304.39799589984,2657.1060329930133,False,178218.58766646762,3704.338065516464,False,1.80342766054602,59.12225321165752,160380.78389014988,819.5568563528258,0.0,0.0019185576125575,False,191233.3125,1516.0262451171875,False,200735.9624023437,2120.068214441865,False,206305.99658203125,4288.145059893322,False,False,2.087649473852001,68.43997323013888,False,False,0.862377652164526,0.0002004100757750477,0.862377652164526,31.56075626602467,2025052800123,51,R12_S20
COSMOS 1017371,149.70010121907,1.87452371044,2025052800124,60824.0036734024,60824.00349978549,z,1.32603251464935,41.0961251012169,316.875017165839,22.488374710083008,30.0010032653809,72.2777285902538,150.055223863964,2.14862892749104,-1,z,20250528,z_20,0.3840540381366394,149.7001428463471,1.874425476005672,745319366720488324,0,3510.68503958701,3089.428267737542,0.024033185,0.030036198,149.7001428463471,1.874425476005672,1.6401962e-06,1.3694013e-06,160856.46284338992,1677.8796964012142,150351.3841664818,1021.5371946195286,False,160478.33244639935,1330.054821682561,False,166861.41209008117,1863.103990979858,False,167751.35729624718,2709.907256659817,False,171055.4249475122,3773.5331434123086,False,1.5305490024501622,60.98340823398818,160412.93345577133,857.0853550697541,0.0,0.0002882251817206,False,183372.875,1519.8062744140625,False,190666.5927734375,2128.9025754555446,False,195458.94189453125,4311.881927402393,False,False,1.7489038341136225,69.68356864563115,False,False,0.8715385207890675,0.0002111465070032652,0.8715385207890675,31.549283532295988,2025052800124,51,R12_S20
COSMOS 1017371,149.70010121907,1.87452371044,2025052800125,60824.00419898181,60824.00402537036,z,1.32733615711934,41.1606143758062,316.469439450791,22.350852966308597,30.0000600814819,69.1380374538865,149.991357860853,2.04217195215673,-1,z,20250528,z_20,0.398073065546582,149.70014576419806,1.874422493477225,745319366875676806,0,1073.235254931404,458.4953618592196,0.031246554,0.033118583,149.70014576419806,1.874422493477225,1.827028e-06,1.7493988e-06,158442.88295264862,1705.932326661448,145032.88849367856,1027.4401184410924,False,157974.2972274004,1340.4146877147075,False,165142.68805768873,1879.6129160256096,False,166680.845257181,2730.8606403910003,False,165061.79966501676,3805.533175707919,False,0.0245400664748217,59.18361594250281,158531.91642505283,925.3256691827604,0.0,0.0012255207839565,False,178209.46875,1512.1104736328125,False,186296.06982421875,2120.375435115169,False,186204.8203125,4292.989792998927,False,False,0.0276834414605588,66.76453664253478,False,False,0.8903246500556968,0.00014539964186485572,0.8903246500556968,31.526129005807736,2025052800125,91,R22_S01
COSMOS 1017371,149.70010121907,1.87452371044,2025052800126,60824.00471969636,60824.00454607946,z,1.32870650171059,41.2284291534692,316.251248705772,22.30278968811035,30.0009999275208,66.1540106287215,150.023898487863,2.010906988149,-1,z,20250528,z_20,0.4120789461884605,149.7001436921585,1.8744174065471289,745319367009894427,0,2123.2997049091723,107.0714674414932,0.027265256,0.027844006,149.7001436921585,1.8744174065471289,1.5416086e-06,1.5199437e-06,160679.03374337262,1745.5066458311812,143790.8392474358,1044.51041019141,False,159073.58966551287,1363.939771671579,False,166041.1550853431,1910.2194215308384,False,167388.87147380394,2775.6297405762725,False,164692.24617315538,3867.787116867218,False,-1.3954488502369635,59.71078254176596,158695.56974073316,972.4208319160472,0.0,0.0001093124616804,False,176510.4375,1513.447998046875,False,184241.75244140625,2119.608079030509,False,182744.98291015625,4291.754511799432,False,False,-1.5484109435269675,66.25597858246768,False,False,0.9040732865672724,0.00017152774252356427,0.9040732865672724,31.509490907601133,2025052800126,91,R22_S01
COSMOS 1017371,149.70010121907,1.87452371044,2025052800127,60824.00524403843,60824.00507042116,z,1.33175591368965,41.37847940943,316.499825097275,22.36801528930664,30.0010647773743,63.5533824506981,150.255177085753,2.22966178602292,-1,z,20250528,z_20,0.3976729788845117,149.7001451789725,1.8744223593267468,745319367122092946,0,736.8101988750036,3116.421810018014,0.028226197,0.031951714,149.7001451789725,1.8744223593267468,1.7351548e-06,1.6110464e-06,163002.80434904422,1718.447943121049,149325.83462932563,1035.7626223783225,False,162492.50400824996,1350.2065494782123,False,169284.16882332228,1888.974883330808,False,174385.26731910222,2746.5802364246074,False,173785.26150442127,3828.38131897112,False,-0.1499859511993272,60.40490557826186,163524.36848954644,934.7182868979568,0.0,1.5115093654927136e-05,False,183215.53125,1522.4013671875,False,190873.35205078125,2129.88001434078,False,195948.47900390625,4316.623228030614,False,False,-0.1691139901913636,68.10847634587158,False,False,0.887043977964101,0.00015834807217811371,0.887043977964101,31.530137120337052,2025052800127,49,R12_S11
COSMOS 1017371,149.70010121907,1.87452371044,2025052800128,60824.00576376874,60824.00559015191,z,1.33542898769543,41.5574517785545,316.247349835486,22.443904876708984,30.0009894371033,60.5224290932818,150.201408454897,2.27357688067535,-1,z,20250528,z_20,0.3946360784346175,149.7001418168298,1.8744218753864927,745319367256310837,0,188.42880094802467,3509.286174030688,0.024630183,0.027386907,149.7001418168298,1.8744218753864927,1.485246e-06,1.4066823e-06,161517.8475624052,1696.6406795865282,148293.76690774187,1024.142044419675,False,160951.02767031026,1334.839041915363,False,168322.54092060664,1871.775232999396,False,170123.2394214893,2719.506135859729,False,172222.23271973705,3786.355220547932,False,0.9126472759956262,60.08496498348726,162831.61429201634,905.314354574123,0.0,3.9978496274351016e-05,False,183866.5,1524.8873291015625,False,192287.53564453125,2138.2700431292,False,196742.44775390625,4325.439186290437,False,False,1.0425858275076048,68.63958791717769,False,False,0.8819649515116222,0.00015182052744381545,0.8819649515116222,31.536371682486603,2025052800128,49,R12_S11
COSMOS 1017371,149.70010121907,1.87452371044,2025052800129,60824.00628468541,60824.006111068265,z,1.33920918981904,41.7401080366446,316.049858185468,22.46297836303711,30.0010433197021,57.536454457345606,150.174467688599,2.3412752872195,-1,z,20250528,z_20,0.4009033408896515,149.70014670010883,1.874422048293364,745319367390004179,0,3710.894501308363,3174.7366316551124,0.023018116,0.024862109,149.70014670010883,1.874422048293364,1.3519498e-06,1.3086462e-06,157393.0253120276,1676.1899215283663,147706.88822952757,1017.8426536568264,False,158131.25510847152,1325.9231030991907,False,164447.07043913688,1857.155862887552,False,169740.5049881198,2698.87616553233,False,169850.07985873744,3759.7442081052113,False,-1.0588086734334952,59.685430149443775,158347.49148388673,859.9699126661815,0.0,1.7598265019236337e-05,False,181856.0625,1524.8544921875,False,189119.4545898437,2135.789363347857,False,195333.09033203125,4323.827552144465,False,False,-1.217664250874262,68.64017684645029,False,False,0.870328117810501,0.00019755748120307379,0.870328117810501,31.550792463598285,2025052800129,48,R12_S10
COSMOS 1017371,149.70010121907,1.87452371044,2025052800131,60824.0074593559,60824.00728573866,z,1.33868588833887,41.7148811223764,315.290533025921,22.44229507446289,30.0010585784912,51.3668429071731,150.210647799381,2.01579859020324,-1,z,20250528,z_20,0.3856509186250872,149.70014580071972,1.8744262916362004,745319367661060683,0,1499.5138927255907,1879.735400831988,0.02566808,0.032169886,149.70014580071972,1.8744262916362004,1.6545558e-06,1.5772276e-06,160349.4340161833,1677.9190801217785,149517.94494830337,1018.5209609930469,False,159800.82317018823,1326.3190468590474,False,165759.45573123184,1857.000442996214,False,166686.99260298884,2701.837620033277,False,170020.7842009682,3763.01641322978,False,0.0323176162789275,59.46002158911779,161577.81675950938,882.214694898325,0.0,0.0018722154488369,False,183089.390625,1519.610107421875,False,189916.404296875,2127.630338527319,False,194798.75732421875,4311.419480463881,False,False,0.037027422973033,68.12542578524,False,False,0.8759795722570547,0.00017492041837784806,0.8759795722570547,31.543765053528084,2025052800131,53,R12_S22
COSMOS 1017371,149.70010121907,1.87452371044,2025052800132,60824.00798357035,60824.00780995352,z,1.34901973654746,42.2068220133528,315.019952694899,22.544776916503903,30.0009891986847,48.2661418178436,149.955532427122,2.29531390927413,-1,z,20250528,z_20,0.392090410622389,149.70014365221348,1.874423392869891,745319367794229954,0,3600.72213370928,2159.1918881638,0.020042859,0.027622826,149.70014365221348,1.874423392869891,1.3635366e-06,1.3166398e-06,158380.55126463406,1660.398972017411,150055.7240062582,1013.5338970588754,False,158143.648954081,1318.8802360737916,False,164777.22701567115,1847.1193318335893,False,163540.98622622568,2682.764403272341,False,162981.28372821718,3736.929675447131,False,-0.4603159927227329,59.48578897471421,159848.59883762267,817.7312118803404,0.0,0.000312257536707,False,182808.546875,1524.57958984375,False,190476.7319335937,2135.205575377016,False,188400.68408203125,4319.760472587264,False,False,-0.5321092455467484,68.76349897135579,False,False,0.8659226945159807,0.00018238839690410492,0.8659226945159807,31.556302195025108,2025052800132,51,R12_S20
COSMOS 1017371,149.70010121907,1.87452371044,2025052800133,60824.008508915074,60824.00833529764,z,1.35036033982945,42.269648839326,314.655094013704,22.6165714263916,30.0010921955109,45.1540797186909,149.91277356077,2.19448718479881,-1,z,20250528,z_20,0.3915947325457396,149.70014596276957,1.8744245518297764,745319367928972628,0,573.1197706003423,3856.94939000332,0.018833268,0.02107996,149.70014596276957,1.8744245518297764,1.1107599e-06,1.1100458e-06,160877.5044171181,1624.4060063900542,154713.99079321814,1000.757626538607,False,161964.23350625706,1299.8007844500428,False,166910.27698410678,1813.8809877273804,False,168562.20957351022,2639.3956730278114,False,170756.05540418852,3674.568101679354,False,1.2355572073815693,56.9859228136829,161385.01979512576,779.0838892087504,0.0,0.0020599395264211,False,189183.25,1518.23974609375,False,194960.50439453125,2118.7140700308937,False,199452.587890625,4292.100303707946,False,False,1.4431996681806856,66.56273331929908,False,False,0.8578621440176251,0.0002212924015692139,0.8578621440176251,31.56645624105032,2025052800133,52,R12_S21
COSMOS 1017371,149.70010121907,1.87452371044,2025052800134,60824.00903431997,60824.00886070316,z,1.34977369360883,42.2422238328591,314.914807003902,22.653268814086918,30.000985622406,42.5921180313432,150.257754481356,2.28047684457456,-1,z,20250528,z_20,0.3971831409574458,149.70014309115604,1.874421627065397,745319368062141396,0,171.02109444348582,2678.0841052337687,0.01872829,0.021266423,149.70014309115604,1.874421627065397,1.1065379e-06,1.1191186e-06,159767.46434804876,1591.8715446547817,153262.2259387985,984.6824017626788,False,159920.93441546787,1277.6077256990698,False,165095.79064755727,1776.381187996089,False,168286.58323577692,2590.1471234882806,False,160231.8677162312,3608.407150679875,False,-2.2017271801448937,57.712461055046006,160016.1452196237,760.1237646309742,0.0,0.0005488506104203,False,188795.390625,1508.28564453125,False,194904.5908203125,2097.1149369058794,False,189162.46435546875,4259.921567096336,False,False,-2.5992590935294704,68.13270988343876,False,False,0.8511958973520962,0.00018866157288669345,0.8511958973520962,31.574926195710088,2025052800134,50,R12_S12
COSMOS 1017371,149.70010121907,1.87452371044,2025052800135,60824.00955400299,60824.0093803856,z,1.34852869053452,42.1839466121392,314.448572859134,22.655797958374023,30.0010840892792,39.4112605381364,150.233793229177,2.04166331311185,-1,z,20250528,z_20,0.3951331720192263,149.70014578963273,1.874423397551676,745319368197931756,0,3229.348187267143,2191.6098430336533,0.018453486,0.027428092,149.70014578963273,1.874423397551676,1.2488453e-06,1.3459827e-06,161052.28887103108,1586.2717139351555,153026.204472103,977.1850516799166,False,159869.24047386533,1268.645755239525,False,164013.32135106515,1776.1615199970845,False,165618.95287390111,2579.798090244842,False,167708.44779344945,3591.4741244357524,False,2.124320064584384,57.83137568454525,159197.21417127992,758.8291283944222,0.0,0.0001436861929746,False,187459.671875,1487.5902099609375,False,192318.943359375,2082.6936735843515,False,196651.779296875,4211.295174222961,False,False,2.490937850734128,67.81198608169375,False,False,0.8554157016214294,0.00016894513170428763,0.8554157016214294,31.56955695573531,2025052800135,53,R12_S22
COSMOS 1017371,149.70010121907,1.87452371044,2025052800136,60824.0100783978,60824.00990478087,z,1.35453615628423,42.4642019666359,314.263909615498,22.63348388671875,30.0010058879852,36.413790576983,150.151629997479,2.18526665564317,-1,z,20250528,z_20,0.3926540545626318,149.70014352098525,1.8744231676532688,745319368332149198,0,938.1035336953718,1275.49068334115,0.020843169,0.025225386,149.70014352098525,1.8744231676532688,1.2483725e-06,1.320968e-06,158840.25659184085,1593.3754908021012,152239.8882401264,980.0691892431392,False,158758.3970990607,1272.148599119405,False,162811.9068016052,1778.1702553975158,False,162819.29761980474,2580.4019717764854,False,156481.38453654863,3596.273560351792,False,-2.1946869777255524,57.61113747695953,159960.38091498107,775.6648644296104,0.0,0.0003414201023417,False,185762.1875,1488.532958984375,False,190505.1733398437,2080.625670363552,False,183097.86962890625,4207.976747223751,False,False,-2.567989229607021,67.41042437840632,False,False,0.8578647392113339,0.00019378395179939147,0.8578647392113339,31.566452956499855,2025052800136,53,R12_S22
COSMOS 1017371,149.70010121907,1.87452371044,2025052800137,60824.010602922135,60824.01042930469,z,1.35708808698652,42.5824023402252,314.261408848354,22.597532272338867,30.0010941028595,33.6010662134433,150.266211674677,2.27726649652423,-1,z,20250528,z_20,0.3953327386716846,149.7001462011273,1.8744235204370463,745319368464794648,0,2188.203024468921,3144.2903251438647,0.021335997,0.027774256,149.7001462011273,1.8744235204370463,1.3041152e-06,1.4428703e-06,155576.17257705922,1617.8855880661354,149919.21748984,992.628317141293,False,157075.35164118186,1289.778501929921,False,162801.87590643534,1803.94213131604,False,165605.7035280152,2621.254066060931,False,167092.62398722378,3650.3937614897663,False,0.263967099082163,57.64454945352449,159312.79802677757,803.5292890606421,0.0,0.0005174039738983,False,183424.453125,1506.136474609375,False,190111.5913085937,2106.550107630253,False,195122.1044921875,4262.740604405717,False,False,0.3082470946984927,67.31431665550777,False,False,0.8568090078707084,0.00022390378874008956,0.8568090078707084,31.56778994073468,2025052800137,50,R12_S12
COSMOS 1017371,149.70010121907,1.87452371044,2025052800138,60824.01112860269,60824.01095498625,z,1.35818488031116,42.6329406876712,313.722731949762,22.63161277770996,30.0009202957153,30.3382654751398,150.13875551383,2.08976898800346,-1,z,20250528,z_20,0.4027862475273859,149.70014348610297,1.874420106974917,745319368600585297,0,2564.000132739802,3250.162514511513,0.02076187,0.023436174,149.70014348610297,1.874420106974917,1.1925345e-06,1.2657458e-06,158306.72882237865,1593.405666795998,152143.77320489025,984.2065831143256,False,158259.03382485433,1277.4949855878324,False,162305.49349275068,1779.6360815835906,False,164254.79073606242,2591.861128213546,False,162180.37219335273,3610.5921701231823,False,-0.8967776340985739,57.57399896011551,159374.60369287306,770.5666513642914,0.0,0.0008385758182444,False,184646.40625,1490.49853515625,False,189367.5537109375,2076.3642931177505,False,189221.5702702403,4212.605451550108,False,False,-1.046302149960895,67.17361874704565,False,False,0.8564316695302102,0.00020977675178024622,0.8564316695302102,31.56826820384126,2025052800138,53,R12_S22
COSMOS 1017371,149.70010121907,1.87452371044,2025052800139,60824.01165192337,60824.01147830611,z,1.36323173521849,42.8634510988881,313.722040693389,22.658039093017575,30.0010628700256,27.5041917137865,150.182797358738,2.26967374443655,-1,z,20250528,z_20,0.3968286504421398,149.70014540674876,1.874422714247569,745319368734802002,0,2126.6511843982075,251.12030810467385,0.019772282,0.022156162,149.70014540674876,1.874422714247569,1.1274361e-06,1.203949e-06,161511.75151904923,1598.634533285928,152887.34272617716,982.881774297789,False,160630.37901736036,1276.070418667847,False,164214.63741751175,1784.2604059367245,False,164651.94080929944,2590.1816311806288,False,164945.86891103984,3607.302913094434,False,1.3506963010784152,58.00327294967797,160945.99992273247,765.7124248009164,0.0,0.0002644442125062,False,188085.171875,1494.1751708984375,False,192282.0483398437,2089.224511411359,False,193138.26123046875,4223.859724200907,False,False,1.5815560387353884,67.91713764725446,False,False,0.858380027676992,0.0001755618922080213,0.858380027676992,31.565800989635147,2025052800139,53,R12_S22
COSMOS 1017371,149.70010121907,1.87452371044,2025052800141,60824.01290652602,60824.01273290858,z,1.37131082092688,43.2269757280831,313.040022231175,22.728973388671875,30.0010929107666,21.3447114701055,150.043990037646,2.25985037719125,-1,z,20250528,z_20,0.3984526701416296,149.70014586324933,1.874422421845824,745319369003238084,0,941.1047927884104,1833.381876383523,0.01828448,0.020969318,149.70014586324933,1.874422421845824,1.0364248e-06,1.1463856e-06,159410.7500402976,1569.9696724132857,152451.94178988884,971.3323989410784,False,155687.36088897823,1259.0813392952634,False,154573.38909733665,1759.7506693800397,False,148629.67182477037,2555.1121502619826,False,138101.00422119952,3558.896356187476,False,-5.365133102392913,56.41518227527797,159447.72353292798,731.4947332612636,0.0,0.0003799894261262,False,183650.296875,1485.224365234375,False,182336.2451171875,2075.8186856804987,False,162905.2626953125,4198.108109927222,False,False,-6.328762215521007,66.54788747109858,False,False,0.8496980495926438,0.00021301565075940428,0.8496980495926438,31.576838446576716,2025052800141,53,R12_S22
COSMOS 1017371,149.70010121907,1.87452371044,2025052800142,60824.013432854816,60824.01325923814,z,1.36928079451489,43.1365431325348,312.720556122432,22.63831329345703,30.0009608268738,18.2965689875369,150.122542373606,2.05134211164287,-1,z,20250528,z_20,0.3966168931116172,149.7001447109075,1.8744224769856084,745319369157902626,0,3910.264807969249,876.7564611794464,0.020189442,0.02127578,149.7001447109075,1.8744224769856084,1.1274078e-06,1.1762434e-06,159237.0813916664,1605.6587744197773,154055.80644070852,988.3405177783418,False,161182.18806226677,1283.0149285081686,False,167211.90776008047,1796.358825359776,False,171833.52856783773,2606.6240736327723,False,170088.91384107983,3626.2884429577616,False,0.4459624751216811,58.044416242173966,159387.29281985437,766.2678656008945,0.0,0.0009816486573585,False,186872.890625,1487.513671875,False,193863.6826171875,2082.679049902395,False,197199.25244140625,4204.279714292999,False,False,0.5170440843257044,67.29607023094538,False,False,0.8645323870194681,0.0002009895095782524,0.8645323870194681,31.558046831480127,2025052800142,92,R22_S02
COSMOS 1017371,149.70010121907,1.87452371044,2025052800143,60824.01395753591,60824.013783924085,z,1.37338472579967,43.3194062313894,312.797140843021,22.65780067443848,30.0001223087311,15.536538264329002,150.236002721593,2.22623055969012,-1,z,20250528,z_20,0.3949336264601393,149.70014650210214,1.8744237776554096,745319369275343497,0,1040.1559461139527,1837.377832021521,0.023932112,0.020083902,149.70014650210214,1.8744237776554096,1.3151225e-06,1.132027e-06,158218.46109894785,1589.3654431533223,151620.4944820639,979.1710933343206,False,155730.75248518307,1269.8861291522962,False,157907.68245100242,1774.920958882096,False,151543.31344193194,2577.647218494412,False,144237.076994873,3588.820469406747,False,-3.9673818467897335,57.24817467171532,160346.8026415381,767.3799109258864,0.0,0.0018146144284381,False,182439.34375,1487.6778564453125,False,184989.6279296875,2079.3286475475006,False,168974.4462890625,4204.320860373606,False,False,-4.647807378975121,67.06651866327323,False,False,0.8549580451162231,0.00025576530425660047,0.8549580451162231,31.570137991605222,2025052800143,60,R13_S20
COSMOS 1017371,149.70010121907,1.87452371044,2025052800144,60824.01470863036,60824.014535019145,z,1.37824897425397,43.5341558329788,312.470285574747,22.569793701171875,30.0000171661377,94.1164295362286,150.196739414525,2.24914969614254,-1,z,20250528,z_20,0.390547075446054,149.70014523157604,1.874424543752388,745319369401172681,0,3219.510855060105,2247.8072466113063,0.021620993,0.028016485,149.70014523157604,1.874424543752388,1.5542939e-06,1.2029311e-06,158589.68562318513,1569.7445817475896,151711.2479132037,967.1979830197834,False,158319.1940362672,1254.8652056509918,False,162005.5534486181,1754.8688974837376,False,161720.35861251174,2544.8496582249754,False,167055.67157285748,3548.027925902951,False,0.7295508094415285,55.19586621812887,160913.08453148624,811.5684100345599,0.0,0.0059753622710301,False,185781.140625,1472.5333251953125,False,190106.93359375,2059.267339039012,False,196033.0419921875,4163.466590744556,False,False,0.8560982283101498,64.77010602668844,False,False,0.8519182410773656,0.0001742550628845175,0.8519182410773656,31.574005206606497,2025052800144,44,R11_S22
COSMOS 1017371,149.70010121907,1.87452371044,2025052800145,60824.01523337104,60824.01505975951,z,1.37916782479754,43.5742711419332,312.242689814107,22.60970687866211,30.0000739097595,91.1066869646215,150.239758966083,2.1798452212308,-1,z,20250528,z_20,0.3974314349187022,149.700145694255,1.874422657439155,745319369539060057,0,643.0128292140533,1074.0825797856087,0.02368763,0.024074504,149.700145694255,1.874422657439155,1.336868e-06,1.3156169e-06,159656.7340488992,1570.968161812259,153457.76006136675,972.700355741992,False,160781.663145506,1261.7649282754462,False,166594.40102110367,1753.358157943292,False,166399.30081038098,2554.1058415215603,False,164108.92139290055,3559.021581272902,False,-1.1692954421243134,55.99001989702733,160977.67437931354,795.0186018900546,0.0,0.0022097254954982,False,188355.046875,1478.15234375,False,195164.64501953125,2054.0517591809926,False,192252.916015625,4169.378918310631,False,False,-1.369824726920079,65.59207446867075,False,False,0.8575380493743414,0.00017242297583606374,0.8575380493743414,31.56686650250829,2025052800145,51,R12_S20
COSMOS 1017371,149.70010121907,1.87452371044,2025052800146,60824.01575903534,60824.01558541869,z,1.38178113130983,43.6885189978584,312.059555374586,22.659259796142575,30.0009570121765,88.1275974755314,150.259161139308,2.18650411446073,-1,z,20250528,z_20,0.3928468395477367,149.70014347485557,1.874423090198308,745319369673277562,0,1051.5476426512296,419.3329995601476,0.023676632,0.023862086,149.70014347485557,1.874423090198308,1.3250246e-06,1.3151282e-06,160626.1616321327,1569.768730111446,152622.67992291294,968.01347739427,False,160468.0940040018,1255.7819684576812,False,164819.5588738251,1756.0774707290625,False,164595.69671741646,2550.3018309774934,False,163514.33138094711,3549.911681358968,False,-0.7682699351680073,55.82141294468551,160856.80971812058,782.4106618747974,0.0,0.0011425438971116,False,188372.59375,1474.1553955078125,False,193480.75390625,2061.449474055096,False,191948.5546875,4167.221372893829,False,False,-0.901867759357401,65.52844294964957,False,False,0.8573150939161015,0.00018824100720388063,0.8573150939161015,31.56714882500963,2025052800146,51,R12_S20
COSMOS 1017371,149.70010121907,1.87452371044,2025052800147,60824.01628337175,60824.01610975446,z,1.38266613176627,43.7272468125197,311.639487474653,22.735557556152344,30.0010664463043,84.9732530472691,150.201333748812,2.02917029389353,-1,z,20250528,z_20,0.3980719528698523,149.70014303828452,1.874421338690757,745319369808019997,0,140.18451598923042,1429.0009506957792,0.019954557,0.019768318,149.70014303828452,1.874421338690757,1.097915e-06,1.1082723e-06,161942.20541433795,1563.6836435146645,155738.5100358595,969.3768782673354,False,162995.52500657624,1256.302989866463,False,167777.84463583215,1747.478831438537,False,171185.93879780764,2544.713338775653,False,168726.85333854947,3540.7284536569127,False,0.0394745482016408,57.61470722265472,160638.0642143365,743.5517017543382,0.0,0.0040061207999034,False,190652.375,1469.470703125,False,196246.15185546875,2043.98856632745,False,197356.18701171875,4141.514246434264,False,False,0.0461725336716524,67.39068920134832,False,False,0.855882360023603,0.0001684338167270829,0.855882360023603,31.5689648111564,2025052800147,52,R12_S21
COSMOS 1017371,149.70010121907,1.87452371044,2025052800148,60824.01680674485,60824.01663312807,z,1.3904711825723,44.0635698030611,311.330640722246,22.73073959350586,30.0009791851044,81.8894680329413,150.008532517556,2.14657605278219,-1,z,20250528,z_20,0.4018307128248109,149.70014696902155,1.874421886445028,745319369962160189,0,2285.9434799387345,207.58188209737605,0.01956235,0.020073857,149.70014696902155,1.874421886445028,1.1144361e-06,1.0870648e-06,159628.39260707144,1569.373432407932,154230.014033753,970.3682257817236,False,159552.65375996736,1257.6918653112325,False,162438.6446154268,1755.9979697441452,False,163145.59889916296,2548.719167727469,False,166613.53210303764,3549.962618576126,False,1.162255024539216,55.7688801518268,160394.1273294418,736.6179484538562,0.0,0.0002099710276672,False,187224.953125,1475.8218994140625,False,190611.48095703125,2060.552612728978,False,195510.4475097656,4165.656723317878,False,False,1.3638327997728878,65.44125544892255,False,False,0.8558391241681276,0.00018080063678416026,0.8558391241681276,31.569019659721516,2025052800148,90,R22_S00
COSMOS 1017371,149.70010121907,1.87452371044,2025052800150,60824.01786417225,60824.01769056406,z,1.39734956201282,44.3552455308225,311.066009739987,22.76204872131348,29.9994947910309,76.0011382392629,150.059934316883,2.24827073873255,-1,z,20250528,z_20,0.3835661735281795,149.70014457260908,1.8744263730592217,745319370210149372,0,1376.7941149880744,2746.281512273044,0.018973224,0.01912096,149.70014457260908,1.8744263730592217,1.0616185e-06,1.0543698e-06,160558.64954977515,1574.551603572421,154196.90500409817,974.1175331028415,False,159313.42008895744,1262.9674293505695,False,160949.78164001918,1764.455822847084,False,162302.90523116267,2560.7344556108087,False,163444.70659481038,3566.74430755615,False,-0.178769153798778,55.636990357999714,160065.9767603782,729.9339091542806,0.0,3.6569296706367993e-06,False,187188.921875,1483.9522705078125,False,189111.60205078125,2073.187450187098,False,192043.07080078125,4190.827245830414,False,False,-0.2100488781510931,65.37194566326187,False,False,0.8522656634416227,0.00022344805629021504,0.8522656634416227,31.57356252076321,2025052800150,51,R12_S20
COSMOS 1017371,149.70010121907,1.87452371044,2025052800151,60824.01838595644,60824.01821234213,z,1.4027011778959,44.5791052057428,310.849468497691,22.737287521362305,30.0005526542664,72.9865774423158,149.986466196969,2.31879580607987,-1,z,20250528,z_20,0.3841707165472855,149.7001450519643,1.874426403556184,745319370344367448,0,191.87571571571752,3388.827333602218,0.018988008,0.019239977,149.7001450519643,1.874426403556184,1.0674748e-06,1.0561458e-06,160425.32447143513,1572.0028153786952,152592.53130985104,971.9896044966592,False,159802.89158888516,1261.2354005211305,False,162128.1234595905,1759.7323198659492,False,163574.45130728162,2557.6346381877665,False,163673.58382179425,3560.61618103347,False,0.1574750265587915,55.83636368711228,160352.595964293,744.0601509727562,0.0,0.0002983417661412,False,187835.546875,1482.4815673828125,False,190568.67138671875,2068.424916277442,False,192385.2367155552,4185.220185483264,False,False,0.185099327294545,65.63118980138408,False,False,0.8532606631164934,0.00020754577928202523,0.8532606631164934,31.57229568919753,2025052800151,51,R12_S20
COSMOS 1017371,149.70010121907,1.87452371044,2025052800152,60824.01890465349,60824.01873103664,z,1.3968108666351,44.3325651551342,310.60216796935,22.77594566345215,30.0009932518005,69.9709972425758,150.204861159113,2.01920484911672,-1,z,20250528,z_20,0.3819531968623489,149.7001427768602,1.874426080491164,745319370479108563,0,2751.001083089573,1243.9280747371083,0.018471237,0.020395856,149.7001427768602,1.874426080491164,1.1208467e-06,1.0391809e-06,159468.92315003922,1549.4378576144777,154485.42410183704,963.5919165271456,False,159705.33702976108,1248.2623567240958,False,164153.2554641378,1733.9703439355362,False,163572.80429037256,2523.854942842302,False,161200.40031955493,3520.5164026903603,False,-1.7787598799262292,55.60431487682567,160639.59947642576,726.2228763309066,0.0,0.0013899120767078,False,188455.25,1472.97265625,False,193703.8759765625,2046.1170599330867,False,190219.45231962204,4154.274435264971,False,False,-2.098969540379229,65.61411945324127,False,False,0.8512781781312014,0.0001717207140159884,0.8512781781312014,31.57482124818438,2025052800152,52,R12_S21
COSMOS 1017371,149.70010121907,1.87452371044,2025052800153,60824.01942830232,60824.019254685045,z,1.40374913042156,44.6229359391873,310.389417286034,22.687788009643555,30.0010643005371,66.9553256545957,150.09022766015,2.13982086906955,-1,z,20250528,z_20,0.4021033263132678,149.7001450175399,1.8744209505167544,745319370613326709,0,420.8973777305982,2345.59784077648,0.023115372,0.021228317,149.7001450175399,1.8744209505167544,1.1957077e-06,1.268581e-06,160058.58285370376,1544.886032948254,153626.93660459184,955.6845525596908,False,158992.34314949554,1237.7975706329182,False,161113.52177902975,1727.9176039733,False,164896.6858573182,2506.855317942234,False,164519.13875703994,3490.460313719768,False,0.313344915223806,55.59934917228048,160400.652224591,759.6230302487173,0.0,0.0002116950408013,False,186668.5,1453.2637939453125,False,189158.9169921875,2028.7001302572687,False,193157.357421875,4098.052636779859,False,False,0.3678895734774924,65.27765366164282,False,False,0.8517615753621395,0.00015311541718792234,0.8517615753621395,31.57420488924393,2025052800153,52,R12_S21
COSMOS 1017371,149.70010121907,1.87452371044,2025052800154,60824.01994931261,60824.01977569555,z,1.40746348516739,44.7762983723462,310.159906387469,22.77716827392578,30.0010273456573,63.932434608024,150.055480900343,2.14861905201508,-1,z,20250528,z_20,0.389752171956587,149.7001408706587,1.8744229600851816,745319370747544654,0,434.2129408382515,2761.210666309541,0.018624905,0.020680208,149.7001408706587,1.8744229600851816,1.1276215e-06,1.0573938e-06,159808.34114749116,1533.8302126079984,153969.65081145815,950.0585526320326,False,158750.60399871983,1229.6791519231228,False,161653.16984489423,1715.4827072405342,False,161878.81666975463,2493.557066163112,False,167256.23779118335,3467.621778917497,False,0.7356169020110572,54.11543405954762,159680.26466344914,721.2184845528784,0.0,4.251173945402087e-05,False,187152.640625,1449.6807861328125,False,190574.50390625,2022.3993516848527,False,197180.01554107663,4088.013250131652,False,False,0.8672259647015984,63.79721479922099,False,False,0.8511793047666075,0.0001922596939653966,0.8511793047666075,31.574947360457756,2025052800154,52,R12_S21
COSMOS 1017371,149.70010121907,1.87452371044,2025052800155,60824.02047032899,60824.020296711766,z,1.4095827141858,44.8635652033639,309.792184682106,22.76855087280273,30.0010571479797,60.8077629622556,149.991583486802,2.04216455092957,-1,z,20250528,z_20,0.3881984225310802,149.70014491277755,1.8744251161406724,745319370902208662,0,1969.0737700415195,369.0617949461377,0.018647268,0.019754598,149.70014491277755,1.8744251161406724,1.0831437e-06,1.050787e-06,161933.4775460123,1523.7368650968056,155104.34389551543,948.5820141179812,False,159981.35585787162,1227.519426106184,False,160155.58207609845,1704.7176906200457,False,162412.7098239733,2481.147291059556,False,163615.40606679764,3457.590765861448,False,1.1684906535805075,55.05916793013957,160406.2473122275,718.2145916857143,0.0,0.0012749770480905,False,188118.890625,1443.4156494140625,False,188323.759765625,2004.5435861486103,False,192392.09790039065,4065.712130149421,False,False,1.3740048912482736,64.74297916911799,False,False,0.8540600918677815,0.0001783045200569549,0.8540600918677815,31.571278927936596,2025052800155,91,R22_S01
COSMOS 1017371,149.70010121907,1.87452371044,2025052800156,60824.02099459154,60824.02082097191,z,1.41155604346525,44.94436041034,309.596802267152,22.76201438903809,30.001472234726,57.8142251877937,150.023676939416,2.01090122068382,-1,z,20250528,z_20,0.3917099010039862,149.70014481608632,1.874424007976551,745319371036426301,0,3057.520591810764,181.501702254946,0.019014137,0.019746864,149.70014481608632,1.874424007976551,1.085662e-06,1.0679912e-06,158751.4950752037,1531.5980017680868,151664.85353000875,951.1794531874856,False,157455.87885888794,1232.509839802154,False,158387.8481367691,1722.1937305030435,False,161713.65202954493,2504.769871231141,False,163634.45197963956,3479.805520827784,False,2.072668303249082,54.89542125756905,159119.34486354742,721.5414021877516,0.0,0.0019507849306779,False,184626.984375,1445.19580078125,False,185719.77734375,2019.3811579259443,False,191871.75244140625,4080.292232833608,False,False,2.430334778299866,64.36835611494313,False,False,0.8560929577651376,0.0001764362355584542,0.8560929577651376,31.568697688620926,2025052800156,91,R22_S01
COSMOS 1017371,149.70010121907,1.87452371044,2025052800157,60824.021520802,60824.02134718475,z,1.41490032271772,45.0799050763729,309.845730769775,22.767967224121094,30.0010595321655,55.156792075246,150.254939215946,2.22965762766492,-1,z,20250528,z_20,0.397009207437643,149.70014712060026,1.8744234255647632,745319371148625025,0,2484.945260104963,3044.583644500575,0.018564865,0.019688273,149.70014712060026,1.8744234255647632,1.0733376e-06,1.0517771e-06,161681.76554691355,1548.0264660501834,154040.91648312417,957.3434430157838,False,160663.9176012314,1240.2019464163743,False,163135.45403411653,1730.0239517838656,False,164050.82482645186,2509.6283133310653,False,162156.67057282064,3494.209753647984,False,-0.2083443863094008,55.15051254770706,160503.68572164996,722.0979577635961,0.0,0.0002239470953747,False,188712.375,1456.7144775390625,False,191615.3884277344,2032.0488484435944,False,190465.73046875,4104.223469738311,False,False,-0.2447168259394116,64.7786034396147,False,False,0.8518823260352216,0.00022066228114777124,0.8518823260352216,31.57405097987634,2025052800157,49,R12_S11
COSMOS 1017371,149.70010121907,1.87452371044,2025052800158,60824.02204316748,60824.02186955079,z,1.41969105305116,45.2734432968497,309.632459453298,22.763507843017575,30.0009644031525,52.1412253303299,150.201213418556,2.27357106501358,-1,z,20250528,z_20,0.3985517618657896,149.70014359835216,1.8744214247543605,745319371282842845,0,1882.7549451911104,3351.0825875141286,0.018715648,0.019815508,149.70014359835216,1.8744214247543605,1.0778697e-06,1.0629946e-06,159279.9768666772,1546.4442076671692,153965.25152767453,957.2213573299058,False,158813.0131401536,1239.3606398380298,False,161474.2625092286,1728.3677320384077,False,163037.14097092257,2511.594302640968,False,162442.22080688918,3495.4674670515587,False,-0.4159694357810481,54.81779494504534,159948.65411518828,724.4590306663627,0.0,3.837305823595205e-05,False,186806.625,1457.8199462890625,False,189936.966796875,2033.02321640396,False,191075.544921875,4111.605638644637,False,False,-0.4892914306262541,64.48040410006465,False,False,0.8517359532862601,0.00024295462367900965,0.8517359532862601,31.574237550066687,2025052800158,49,R12_S11
COSMOS 1017371,149.70010121907,1.87452371044,2025052800160,60824.03098723906,60824.030813622405,r,1.47732214835185,47.4552933379912,306.343383135982,23.58634376525879,30.0009589195251,89.9900009891696,150.196830608191,2.24913094221378,-1,r,20250528,r_57,0.3935017186157082,149.70014517007317,1.874423619556557,745319371548656256,0,3852.256979349799,1725.659873590832,0.015797764,0.015288135,149.70014517007317,1.874423619556557,8.493278e-07,8.7783025e-07,140804.4270462932,644.4947213436337,132035.94708565035,428.6616068219291,False,140371.5239197424,529.6826708751336,False,144339.19095753142,707.785227217913,False,145824.0415698631,999.4604576339234,False,143240.8976038065,1374.1740825162028,False,-0.3512736104885784,21.17353884865152,140469.81851492525,412.4725949989158,0.0,0.0004232289302197,False,280292.09375,1057.6636962890625,False,288214.6813964844,1413.2966411026218,False,286021.6230391264,2743.933527327617,False,False,-0.7014187280552697,42.279056109547646,False,False,0.5024091071930448,8.463004367902083e-05,0.5024091071930448,32.14735624180853,2025052800160,44,R11_S22
COSMOS 1017371,149.70010121907,1.87452371044,2025052800161,60824.03150921826,60824.03133560093,r,1.4787760335228,47.5070092277429,306.135939997091,23.600772857666016,30.0010747909546,86.9760277923801,150.239642010757,2.17972526889564,-1,r,20250528,r_57,0.3978221459430389,149.70014479448628,1.874422148516704,745319371686545005,745319371686543584,1361.1589611832983,676.9287599427839,0.015436389,0.01420314,149.70014479448628,1.874422148516704,7.892365e-07,8.574922e-07,139119.77099792994,640.7779741286653,131663.86171621972,427.0141524126784,False,139142.29236943758,527.1568665000913,False,143289.91578313918,703.9589060288935,False,145864.54905880225,995.527825600632,False,145465.74003578516,1368.6118340839266,False,0.1236458450490225,21.41576569862124,139993.55154678703,406.5938573559839,0.0,0.0006253436211117,False,279038.375,1057.1695556640625,False,287356.09118652344,1411.7314431153218,False,291719.5270147324,2744.637993850037,False,False,0.2479615298156417,42.94754929045995,False,False,0.5012032539281923,8.05837879228715e-05,0.5012032539281923,32.14996529531966,2025052800161,51,R12_S20
COSMOS 1017371,149.70010121907,1.87452371044,2025052800162,60824.032034955926,60824.03186134229,r,1.48225809212851,47.6306208460075,305.977537950289,23.6499137878418,30.0004360675812,83.994402643706,150.259314917546,2.1864881446776,-1,r,20250528,r_57,0.407742731820069,149.70014552599338,1.8744194643459744,745319371820761108,0,1818.91037600344,60.1376290628845,0.0144496355,0.012925143,149.70014552599338,1.8744194643459744,7.190497e-07,8.0181127e-07,141103.21200289947,639.0367264469214,133336.96121975165,427.6391797778269,False,140504.93017169723,527.3708957631671,False,143780.16714186443,703.1128135054314,False,144781.54220935568,994.4507446117426,False,145719.28918591715,1367.4709430306395,False,0.3375458681406112,21.417975226693738,140866.8251798107,400.63435707452646,0.0,0.0002616098413724,False,282223.9375,1059.2987060546875,False,288802.7121582031,1412.3010949987154,False,292697.71184182167,2746.7579499689764,False,False,0.6780084077981247,43.02101922237442,False,False,0.49896458066657023,8.871298906257117e-05,0.49896458066657023,32.154825704914536,2025052800162,51,R12_S20
COSMOS 1017371,149.70010121907,1.87452371044,2025052800163,60824.03256016,60824.032386542654,r,1.48399667034515,47.6920023951884,305.589680662201,23.66305351257324,30.0010771751404,80.8520434493474,150.201283763957,2.02904956913846,-1,r,20250528,r_57,0.4051215172096845,149.70014532262965,1.874420169128684,745319371955503618,0,822.0460284290311,1307.671369737322,0.014670806,0.012985881,149.70014532262965,1.874420169128684,7.2396665e-07,8.1306246e-07,141391.25863768483,643.6408688822488,134012.29385558653,429.5094240835055,False,140847.38046068387,529.400362120211,False,143648.61856847332,706.7959894283529,False,145710.55425491554,998.0987407662752,False,145520.6355037355,1371.844433513607,False,0.1119290924033512,21.22252016926205,140597.7948150089,400.7236682384924,0.0,0.0005956346306595,False,282053.09375,1060.1475830078125,False,287662.69665527344,1415.3901536280746,False,291411.4931640625,2747.1790057482644,False,False,0.2241429460010956,42.49903300532476,False,False,0.5005287769939512,7.956053887413245e-05,0.5005287769939512,32.15142737123385,2025052800163,52,R12_S21
COSMOS 1017371,149.70010121907,1.87452371044,2025052800165,60824.03361075795,60824.03343714068,r,1.49269626286089,47.9966106616534,305.385144046013,23.67365074157715,30.0010650157928,74.9630792635304,150.257446340191,2.13891224433245,-1,r,20250528,r_57,0.4031197337311737,149.70014443691346,1.874420399150368,745319372222367410,0,126.5736754573622,3947.8133713532784,0.013596168,0.013105908,149.70014443691346,1.874420399150368,7.299706e-07,7.5363886e-07,139531.84876491377,642.3216351134689,133551.0803551765,429.31568043282834,False,140136.41103611258,529.306420166611,False,144267.32695713485,707.4999119950094,False,148281.98253137906,999.7824996526182,False,149108.3905486652,1375.383608064017,False,0.3888409555545545,21.46824667891887,139081.20287002902,397.9484785464153,0.0,0.0013666213044518,False,280994.90625,1061.3402099609375,False,289278.0235595703,1418.6453754098925,False,298985.09540474415,2757.8541875611613,False,False,0.7796855010369576,43.04711329691568,False,False,0.49969941377823285,0.00010433274134857684,0.49969941377823285,32.15322790012291,2025052800165,49,R12_S11
COSMOS 1017371,149.70010121907,1.87452371044,2025052800166,60824.03413813954,60824.033964522576,r,1.50291079639564,48.3476420695155,305.120544320734,23.65492248535156,30.001011133194,71.8935600914152,150.059992518715,2.24824618893378,-1,r,20250528,r_57,0.4002308318749209,149.7001450024924,1.874421509681768,745319372357632985,0,1950.6020853786608,2392.526937802484,0.013417427,0.01435878,149.7001450024924,1.874421509681768,7.929243e-07,7.507962e-07,138949.57155526898,644.4995452888276,131884.62346158148,429.5863123679544,False,138463.05502082076,530.1968327957994,False,142841.49055104662,710.0970002286738,False,142779.7212933708,1004.4017024126284,False,143080.01660878488,1379.454344570716,False,-0.2811534634297183,21.56813910113582,139174.64346866217,401.5104860555516,0.0,0.0001427171032487,False,276850.71875,1060.10498046875,False,285605.2058105469,1419.8073620863397,False,286082.1280517578,2758.1575946001326,False,False,-0.5621538425384655,43.124534637427615,False,False,0.5012515540522413,0.00011276174421551835,0.5012515540522413,32.14986066976847,2025052800166,51,R12_S20
COSMOS 1017371,149.70010121907,1.87452371044,2025052800167,60824.03466371316,60824.034490095815,r,1.50988197262101,48.5834273898217,304.939552519699,23.607038497924805,30.001077413559,68.8869952335228,149.986451407326,2.31887501115327,-1,r,20250528,r_57,0.399613348169579,149.70014521260936,1.8744217866329904,745319372491851755,745319372491850875,713.0316874071746,2961.1303300869413,0.014132041,0.014790597,149.70014521260936,1.8744217866329904,8.1719935e-07,7.902448e-07,139755.66327244203,646.9294889254539,132334.29854858277,430.9519780249413,False,139711.84746562722,532.3530403876182,False,144305.44724652625,710.6480653823261,False,144980.63433983162,1005.8137672727656,False,147686.14090845265,1383.2299717590397,False,0.3492548265897719,21.92915288792992,139186.31066339448,405.8297650825371,0.0,0.0008864674794311,False,278976.8125,1063.0032958984375,False,288149.31896972656,1419.0230512729331,False,294899.8928040266,2762.035542982429,False,False,0.6973925264013572,43.78816316923287,False,False,0.5034306034882781,9.895061915909917e-05,0.5034306034882781,32.14515096818437,2025052800167,51,R12_S20
COSMOS 1017371,149.70010121907,1.87452371044,2025052800168,60824.03518783525,60824.03501421832,r,1.50303034445883,48.3518598109942,304.682235951393,23.71827888488769,30.0010063648224,65.8499341217381,150.204792700769,2.01907938768074,-1,r,20250528,r_57,0.3971335594469188,149.70014564805987,1.8744227275252512,745319372626592257,0,3405.422829334447,1303.5704849216158,0.012768967,0.01288768,149.70014564805987,1.8744227275252512,7.149753e-07,7.107668e-07,139657.36601720142,639.582437120884,133430.82257126438,428.2028265354329,False,139642.14695337156,527.7142893216271,False,143658.64445446566,707.0948534761114,False,145795.59723904368,998.8720846021206,False,145148.56681715854,1370.775856503396,False,0.421226498911157,21.56717706836968,140391.29860482787,395.9313499385413,0.0,6.139516172964932e-05,False,280419.09375,1059.717041015625,False,288484.7287597656,1419.9359028278875,False,291476.6813172102,2752.691302744121,False,False,0.8458760887398408,43.30961948241506,False,False,0.49997192545004493,8.413490816361011e-05,0.49997192545004493,32.15263595398216,2025052800168,52,R12_S21
COSMOS 1017371,149.70010121907,1.87452371044,2025052800169,60824.03570848347,60824.03553487191,r,1.511909734526,48.6516155750802,304.513748298549,23.658592224121094,30.0000779628754,62.84714433150221,150.090534373943,2.13979938939386,-1,r,20250528,r_57,0.402339516985965,149.70014506038834,1.8744208974483283,745319372760810392,0,1018.432581134067,2234.745922265677,0.014398614,0.013779581,149.70014506038834,1.8744208974483283,7.729437e-07,7.931601e-07,140146.61928986898,641.8478561131465,133257.71960858622,428.9801884788719,False,139862.47953066177,528.721541997348,False,143864.04862748572,707.2862398313783,False,144994.69173810398,997.7877977291632,False,145924.3181733253,1372.9904833365763,False,0.4237768340710995,21.550161086772864,139927.85035709784,401.55054513024913,0.0,7.125966954213414e-05,False,279990.5625,1058.4471435546875,False,288001.2998046875,1415.9156394441234,False,292125.75141584873,2748.5883206602125,False,False,0.8483584342577323,43.14124663668901,False,False,0.501604758237434,0.00010828771054709672,0.501604758237434,32.149095881069044,2025052800169,52,R12_S21
COSMOS 1017371,149.70010121907,1.87452371044,2025052800170,60824.03623381456,60824.0360602005,r,1.5168968575009,48.8177899103335,304.312845740026,23.652942657470703,30.0005102157593,59.8285361749103,150.055278428205,2.14859797982452,-1,r,20250528,r_57,0.3987365160540031,149.70014497223266,1.8744219483727365,745319372895028304,0,1002.9210319809524,2666.789716615203,0.013000929,0.014596698,149.70014497223266,1.8744219483727365,7.897138e-07,7.4578696e-07,139357.68623179008,641.9211142213406,132932.24006850712,428.8845953617501,False,139590.97080981312,528.8230642006725,False,143705.12732796633,706.2971168041855,False,145842.67631617916,998.4968252694372,False,146457.89071813837,1371.9251733630497,False,0.3051402093186874,21.62177759108877,139728.97476848576,401.7683573042017,0.0,0.0009368397445695,False,279974.125,1060.647216796875,False,288225.7860107422,1416.602493127538,False,293746.9348144531,2751.6360675012297,False,False,0.6120120994266386,43.36625948577562,False,False,0.5002984876950148,0.00011278143712816479,0.5002984876950148,32.15192702475581,2025052800170,52,R12_S21
COSMOS 1017371,149.70010121907,1.87452371044,2025052800171,60824.03675923546,60824.036585618,r,1.52012903959205,48.9246555989218,303.977140067967,23.550973892211918,30.0010964870453,56.7160053021457,149.99161195723,2.04214237991289,-1,r,20250528,r_57,0.4037903432819501,149.70014509400386,1.874420473774138,745319373049692302,0,2393.3469939497727,378.6796526742079,0.015835322,0.015894769,149.70014509400386,1.874420473774138,8.823435e-07,8.8114155e-07,139218.30919508342,655.7110606919763,130818.01824277024,433.7562477881808,False,138613.1579852034,536.9060335757011,False,143133.86429207702,719.2599357709472,False,144781.34024415375,1017.7013564991346,False,145046.12727308157,1400.440123012564,False,0.2717009041994435,21.992756041960195,138852.92601862393,415.585676374757,0.0,0.0009655247889384,False,275294.5,1066.329345703125,False,284272.90869140625,1428.4957306090082,False,288070.7839355469,2781.362671831176,False,False,0.5396151827023388,43.67900469333301,False,False,0.5069271962064902,8.401164949263077e-05,0.5069271962064902,32.137636021568774,2025052800171,91,R22_S01
COSMOS 1017371,149.70010121907,1.87452371044,2025052800172,60824.0372834039,60824.03710978693,r,1.52287858116949,49.0152305593733,303.802370810914,23.62870407104492,30.0010130405426,53.7191616970213,150.023673957469,2.01088228791667,-1,r,20250528,r_57,0.3950360373118179,149.70014358496053,1.8744224769742632,745319373183910002,0,3501.034900534996,265.43306334342043,0.014267183,0.014647242,149.70014358496053,1.8744224769742632,8.067135e-07,8.0034823e-07,139843.45533530798,654.4151658254561,133016.84909770248,434.9792327179061,False,139622.0383384676,537.326846136439,False,142892.49941807322,719.5059122881835,False,145647.26492555128,1016.4703721104464,False,148773.880093959,1399.3580553574427,False,0.9409694544286592,21.82950291719349,140871.43064242366,408.4203710869593,0.0,3.851286619482863e-05,False,278278.25,1070.936767578125,False,284796.5489501953,1434.0346876388878,False,296518.6262207031,2789.03613929682,False,False,1.875429811782935,43.508001619632935,False,False,0.5025733761855854,7.638404731914107e-05,0.5025733761855854,32.147001304688615,2025052800172,91,R22_S01
COSMOS 1017371,149.70010121907,1.87452371044,2025052800173,60824.03780451528,60824.03763089797,r,1.52658086756522,49.136308488726,304.049513047032,23.494129180908203,30.0010704994202,51.023928313048,150.254769685726,2.2296330855926,-1,r,20250528,r_57,0.3987774770359236,149.70014377901492,1.8744214318055257,745319373296108893,0,3343.701867320216,3114.553235426368,0.017538683,0.016638236,149.70014377901492,1.8744214318055257,9.445434e-07,9.549574e-07,139344.70622027194,665.0844581779378,131212.23039882488,437.4402685603324,False,141041.46835905212,542.9113341469698,False,146790.42114729967,728.5060376078562,False,178955.43315254003,1037.8097456179244,False,373610.0536091531,1456.5018549905678,False,5.444921897365735,25.790971802268853,141112.94334435035,428.2152219478894,0.0,0.0040086014255164,False,277582.125,1068.4976806640625,False,288896.57421875,1433.7645257614763,False,735297.7376708984,2866.5248928456404,False,False,10.716089447411152,50.758921060462654,False,False,0.5094000598077768,9.296719008697911e-05,0.5094000598077768,32.132352520956594,2025052800173,49,R12_S11
COSMOS 1017371,149.70010121907,1.87452371044,2025052800174,60824.03833093225,60824.03815731552,r,1.53289679671863,49.341324968145,303.867058131337,23.48038673400879,30.0009713172913,48.0149068332408,150.201265824819,2.27375770319121,-1,r,20250528,r_57,0.3943644922214221,149.70014388238806,1.8744228043081448,745319373430326384,0,2720.692593208727,3372.893678194592,0.017500902,0.016103823,149.70014388238806,1.8744228043081448,9.303187e-07,9.383093e-07,139536.59430587105,672.66066303698,129527.22849382124,439.9555688919844,False,139447.87323313716,546.6152911560222,False,145306.39769269573,733.7796333506442,False,148879.22341926116,1037.7447980699371,False,148427.05142284525,1428.0782831626398,False,-0.5346996423224548,22.413716965810607,139822.6406412559,430.1071472224375,0.0,9.131923390470751e-06,False,272219.3125,1067.0599365234375,False,283655.869140625,1432.4276354022434,False,289747.7670898437,2787.78355973044,False,False,-1.0437991319069182,43.75431823762412,False,False,0.5140149149321414,9.832308925551898e-05,0.5140149149321414,32.122560697751354,2025052800174,49,R12_S11
COSMOS 1017371,149.70010121907,1.87452371044,2025052800175,60824.03885729172,60824.03868368027,r,1.5392285022518,49.5436697695676,303.733302834959,23.521209716796875,30.000057220459,45.039788174943,150.174443928584,2.34124835873013,-1,r,20250528,r_57,0.3916921037615657,149.70014408037662,1.8744236952132312,745319373564544845,745319373564544040,2098.4555421916225,2897.614984919137,0.016463596,0.015087955,149.70014408037662,1.8744236952132312,8.773427e-07,8.774695e-07,140097.43892649552,667.53457541392,129747.46841465092,438.1258829167113,False,138893.8612464932,543.7346684313032,False,143238.33360242474,730.3787480444608,False,145611.89753302484,1034.2365347420807,False,146359.9982638451,1421.282029838836,False,0.1774212685767555,22.313133107077512,139090.4927918425,422.5674484829266,0.0,5.8931575965814886e-05,False,272061.71875,1065.053466796875,False,280571.5593261719,1430.647083666314,False,286686.1956788897,2783.9706405757747,False,False,0.3475282121081949,43.70639054404072,False,False,0.5135986716971165,0.0001128781934362828,0.5135986716971165,32.12344027034722,2025052800175,49,R12_S11
COSMOS 1017371,149.70010121907,1.87452371044,2025052800177,60824.039908189545,60824.039734572296,r,1.53992907061487,49.56615075714,303.112618544215,23.568378448486328,30.001060962677,38.8585021561321,150.210728089142,2.01587314307497,-1,r,20250528,r_57,0.4047816322254979,149.70014584881488,1.8744204974433432,745319373835076677,0,3324.200420486713,2889.5698178089897,0.016213577,0.013623038,149.70014584881488,1.8744204974433432,8.474514e-07,8.165189e-07,140148.37684651325,660.0717261650183,131448.5962226162,436.3242432169053,False,139896.10899856366,540.3740663786594,False,144742.46999431937,724.7153490770718,False,147523.3449883369,1023.9300543808928,False,147618.99422695194,1409.5318350976993,False,0.4661427836676754,22.23925748028681,139640.93674018877,415.626611568177,0.0,0.0010541095813905,False,275801.71875,1065.3341064453125,False,285356.19958496094,1428.758385853425,False,291027.19596266747,2778.8571500353764,False,False,0.9189889685907868,43.8441460644904,False,False,0.5097340111288459,9.407764881423015e-05,0.5097340111288459,32.1316409697226,2025052800177,53,R12_S22
COSMOS 1017371,149.70010121907,1.87452371044,2025052800178,60824.04043414835,60824.04026053162,r,1.5563152597579,50.0805502301221,302.977060520876,23.55793190002441,30.0009715557098,35.8583202535344,149.955559536716,2.2952856154612,-1,r,20250528,r_57,0.3948829896631094,149.70014431417007,1.8744228311360995,745319373968769708,0,1273.5009909567798,1802.4168728349448,0.01592432,0.01537563,149.70014431417007,1.8744228311360995,8.745546e-07,8.6484323e-07,139391.20635116796,660.8383956603845,130899.5521226606,436.48494939159656,False,139335.84584160693,540.9804553327721,False,144677.17777929007,725.6369738899282,False,146633.0909923566,1028.589551715203,False,147977.70386390123,1412.5173662998857,False,0.4817328804469669,21.870346041328723,139350.93727366914,417.2414765808583,0.0,0.0003999102303404,False,274660.15625,1066.3858642578125,False,285189.041015625,1430.3825654164225,False,291695.06970214844,2784.3677855502424,False,False,0.9495964761626092,43.11103596257208,False,False,0.5088242999941309,9.088379738373648e-05,0.5088242999941309,32.133580390503276,2025052800178,52,R12_S21
COSMOS 1017371,149.70010121907,1.87452371044,2025052800179,60824.04095713925,60824.04078352181,r,1.55950310376106,50.1793088311494,302.674654490794,23.594482421875,30.0010929107666,32.7648551187491,149.912884767526,2.19456245728887,-1,r,20250528,r_57,0.3919218094102633,149.70014493553936,1.8744239959694111,745319374102988176,0,2072.2886973598306,3713.872198771224,0.014013927,0.014626611,149.70014493553936,1.8744239959694111,7.8890935e-07,8.030691e-07,139694.08436148005,658.8958363605041,132212.10964209697,436.12397344656017,False,139800.89684710166,539.5793131870707,False,144638.07363902856,722.8422556360118,False,146909.81234541166,1022.3073945488404,False,147306.43988019144,1406.3518713732535,False,0.3035674081390537,22.349178497572648,140761.3234569702,413.0033859821858,0.0,0.0002824242184238,False,277219.375,1069.96337890625,False,286811.2957763672,1433.3661861280098,False,292102.5552627444,2788.737380122583,False,False,0.6019615685778991,44.31749319631761,False,False,0.5067511366972121,0.00011697000431027779,0.5067511366972121,32.13801317116176,2025052800179,52,R12_S21
COSMOS 1017371,149.70010121907,1.87452371044,2025052800180,60824.04149341594,60824.041319796284,r,1.55785145934959,50.1283138270854,302.890489995977,23.61896324157715,30.001476764679,30.0641569084613,150.257464333351,2.28055357412358,-1,r,20250528,r_57,0.3969212872598251,149.7001448398733,1.8744224403666896,745319374236157283,0,2767.022678720188,3490.734437091005,0.014003298,0.014678306,149.7001448398733,1.8744224403666896,7.8742744e-07,8.062996e-07,140219.49043511416,655.2143397465275,133016.26311771054,435.2985940551847,False,139950.2864898856,537.6729641299476,False,143323.57396046846,718.3392684138382,False,145719.85822540242,1017.235969326826,False,146203.5507658653,1398.4012036015877,False,-0.2947698996210042,21.63373705330716,139939.0970737978,406.1580896132282,0.0,1.8685161488063429e-06,False,277161.03125,1064.8209228515625,False,283841.57373046875,1422.6169693145923,False,289545.1514892578,2769.428555042425,False,False,-0.583769647133384,42.84399140489998,False,False,0.5060148485317099,0.00010434826132589685,0.5060148485317099,32.139591847521196,2025052800180,50,R12_S12
COSMOS 1017371,149.70010121907,1.87452371044,2025052800181,60824.04202079975,60824.0418471882,r,1.55760192229284,50.1204017174289,302.473018734196,23.59359169006348,30.0000765323639,26.8947137378877,150.233717772667,2.04163848050637,-1,r,20250528,r_57,0.4008189273032113,149.70014478480493,1.874421239276845,745319374375617936,0,680.1337038914983,3570.352537859136,0.0146462135,0.0136492215,149.70014478480493,1.874421239276845,8.028099e-07,7.7009014e-07,139846.4688336602,659.9338811180672,131697.50137567415,435.9994344508625,False,139940.14538415323,539.7034195256339,False,144224.09006526246,722.8676208783294,False,147999.3346236149,1022.0834673879476,False,148822.32902094355,1405.256091632537,False,0.3703561831996005,21.74983889784524,139409.30524272769,411.70950335600713,0.0,9.322253134991244e-07,False,275730.21875,1063.4013671875,False,284171.0632324219,1424.2978430880232,False,293231.1755371094,2768.837837648028,False,False,0.7297290647277317,42.85466347499761,False,False,0.5089557181654607,0.00012140347065021824,0.5089557181654607,32.133300004830886,2025052800181,60,R13_S20
COSMOS 1017371,149.70010121907,1.87452371044,2025052800182,60824.04254722603,60824.0423736092,r,1.5672757681079,50.4169259024504,302.367697906281,23.546674728393555,30.0009891986847,23.9296785243162,150.151652853465,2.18524228960677,-1,r,20250528,r_57,0.4044804938851801,149.7001468566911,1.874421030170776,745319374506165031,0,2885.3924735414703,2186.888175107545,0.016563362,0.015000663,149.7001468566911,1.874421030170776,9.067915e-07,8.483396e-07,139276.57483143802,665.0769992067314,130121.45995127904,437.5277763799755,False,138792.05448111027,542.4140659862829,False,143469.50525792668,727.3386539649597,False,145979.52704551123,1028.136834971776,False,146387.1208778325,1414.995848184027,False,0.0524796356023463,22.024042267611044,138524.66135252954,417.9917901364652,0.0,1.0442261653809126e-05,False,271364.28125,1060.5203857421875,False,280509.5675048828,1422.0823504374778,False,286214.0487060547,2766.5800664868216,False,False,0.1026074485944787,43.06109901257571,False,False,0.5130444928272164,8.457883850199597e-05,0.5130444928272164,32.12461242468905,2025052800182,53,R12_S22
COSMOS 1017371,149.70010121907,1.87452371044,2025052800183,60824.0430702788,60824.0428966615,r,1.57113755281536,50.533575461064,302.388938853724,23.608673095703125,30.0010690689087,21.0704955735657,150.266057569069,2.27724546107207,-1,r,20250528,r_57,0.3976382454607509,149.7001454512476,1.8744224882592864,745319374644052048,0,365.6875191419848,161.97842908484913,0.014259836,0.0140394075,149.7001454512476,1.8744224882592864,7.906794e-07,7.8158246e-07,140189.0937380474,656.6573061150349,133078.27497899107,435.73299287683466,False,140296.5399758819,538.5783975184797,False,145276.13292148663,720.959110603459,False,146920.01167791893,1019.6723862528352,False,149243.27200092716,1401.9532327320553,False,0.3346020809723093,22.25902986799445,141323.29259684283,412.726170917644,0.0,0.0003749922539506,False,277410.40625,1064.93896484375,False,287256.62841796875,1425.5630238388353,False,295100.9107065201,2772.102689792336,False,False,0.6616136023780813,44.01310623535503,False,False,0.5068581263877094,9.328102284610926e-05,0.5068581263877094,32.13778396532245,2025052800183,60,R13_S20
COSMOS 1017371,149.70010121907,1.87452371044,2025052800184,60824.04359566094,60824.04342204428,r,1.57460728153704,50.6379409222602,301.932115005659,23.551794052124023,30.0009603500366,17.8607637190931,150.138860620022,2.08985030129878,-1,r,20250528,r_57,0.4059931805912224,149.70014579800133,1.874420109064316,745319374795048473,745319374795046994,4037.4713032186273,218.3907188485384,0.01575441,0.01476027,149.70014579800133,1.874420109064316,8.7039706e-07,8.255505e-07,139253.17224351547,661.5207712371829,130200.1909841698,436.3007370860582,False,138688.7956626018,541.0131188666793,False,143218.3833603829,726.2775521670147,False,144981.0917182697,1028.162235381527,False,146510.18777921173,1413.6356686317126,False,0.2003429202270251,22.06359426994444,138878.19401968195,416.4627012507685,0.0,0.0002041334428849,False,272687.90625,1063.732177734375,False,281593.9161376953,1427.99642978083,False,288066.21442586184,2779.4700273934795,False,False,0.3939113551870711,43.38112027778623,False,False,0.5116718269120614,8.019945304424475e-05,0.5116718269120614,32.12752123748699,2025052800184,92,R22_S02
COSMOS 1017371,149.70010121907,1.87452371044,2025052800185,60824.044122991545,60824.04394937408,r,1.58230971723875,50.8670304464498,301.974319197139,23.5752010345459,30.0010983943939,15.0078239338296,150.182780041826,2.26975394429918,-1,r,20250528,r_57,0.4072025712612356,149.70015175829235,1.8744225036967168,745319374912487994,0,12.102015423319482,1458.07662777753,0.08875535,0.069758125,149.70015175829235,1.8744225036967168,4.8691168e-06,3.955186e-06,,,144661.29674384266,449.10878463445033,True,151157.74448873723,550.5388662512651,True,,,True,,,True,,,True,0.7913352348331861,22.246467671494766,137327.37985398376,405.1242915600562,,,True,298797.21875,1088.263671875,True,,,True,,,True,True,1.5642517561159557,43.975137957616894,True,False,0.5085051342948418,0.00011616356691847647,0.5085051342948418,32.1342616442933,2025052800185,60,R13_S20
COSMOS 1017371,149.70010121907,1.87452371044,2025052800186,60824.0446486888,60824.04447507207,r,1.58352649370124,50.9035367897655,301.57160148976,23.59427070617676,30.0009703636169,11.8420443617542,150.133700856895,2.06471394595329,-1,r,20250528,r_57,0.4058595559016242,149.700146432461,1.8744204245951568,745319375067152921,0,397.5416953502417,1366.6481332937572,0.014371238,0.014104127,149.700146432461,1.8744204245951568,7.979781e-07,7.843505e-07,139628.02694409623,663.6430065031104,131199.99654563295,438.30423257930727,False,138756.18582224142,542.8626546328744,False,142724.09622890578,728.6400532885796,False,144911.30183841588,1032.174331638865,False,144648.20742123204,1419.1521138056105,False,-0.4653112628577991,21.573320556509792,139314.1852450468,413.6124097513229,0.0,0.0001259709488539,False,272912.3125,1067.728271484375,False,280716.5887451172,1433.124157634742,False,284501.02280038595,2791.256352809539,False,False,-0.9151964795393074,42.43144020204928,False,False,0.5114588452479176,0.00011204386126892126,0.5114588452479176,32.12797326558729,2025052800186,99,R23_S00
COSMOS 1017371,149.70010121907,1.87452371044,2025052800187,60824.04517297984,60824.04499936793,r,1.59505546360913,51.2404493517531,301.514397463072,23.487781524658203,30.0001392364502,8.90441334558551,150.044020127023,2.25983029375001,-1,r,20250528,r_57,0.4061192663700899,149.70014580750257,1.874420075022971,745319375177253832,0,2761.729061184856,2745.75437494228,0.016111895,0.01561633,149.70014580750257,1.874420075022971,8.9464237e-07,8.68346e-07,139033.19218301898,675.0585999413639,129666.10950188292,442.2105561995088,False,138826.14153763824,549.1942181883788,False,143873.9731136694,737.7485105715107,False,147633.36465870732,1044.359397709569,False,150131.40672764665,1436.3969843247792,False,0.9541904975895872,22.4695167740427,138991.72893172328,428.1071095849245,0.0,0.0003683599130362,False,268939.1875,1063.9195556640625,False,278718.0354003906,1429.193974671153,False,290840.16955566406,2782.6418973621235,False,False,1.848493477522677,43.528787286004906,False,False,0.517525199523245,8.99571339607011e-05,0.517525199523245,32.11517124633247,2025052800187,53,R12_S22
COSMOS 1017371,149.70010121907,1.87452371044,2025052800188,60824.04570146889,60824.04552785228,r,1.59306322635683,51.1828419196471,301.21977429423,23.578662872314453,30.0009505748749,5.82646920885771,150.122530733768,2.0514266018661,-1,r,20250528,r_57,0.3952249090045002,149.70014399380585,1.8744225918991824,745319375335588748,0,696.0824321485716,2367.432065598969,0.014816455,0.014067074,149.70014399380585,1.8744225918991824,8.22883e-07,7.8214003e-07,139712.1383446197,662.1888770460719,131058.90205968318,437.1314678240504,False,138906.429219686,541.2575013743125,False,143486.305428323,725.785733900238,False,144439.7177846923,1025.629417491043,False,145579.73043577076,1411.237506354392,False,-0.1161667366216808,21.74372769076552,139335.16567353727,412.1854730029232,0.0,0.0006716491213661,False,273635.09375,1066.236083984375,False,282657.1013183594,1429.7426580889914,False,286780.9892578125,2780.0304818437635,False,False,-0.2288396299917287,42.83348869134903,False,False,0.5101665502489405,0.00011246163729518426,0.5101665502489405,32.13072004972589,2025052800188,99,R23_S00
COSMOS 1017371,149.70010121907,1.87452371044,2025052800189,60824.04623003084,60824.0460564133,r,1.59908882682586,51.3572146341011,301.318661034573,23.567262649536133,30.0011103153229,3.01967999177582,150.236260883183,2.22621145196167,-1,r,20250528,r_57,0.406563247487744,149.70014531758778,1.874419731870384,745319375449359730,0,2745.905451749898,3731.300614671244,0.013790695,0.015155719,149.70014531758778,1.874419731870384,7.6641373e-07,8.4192203e-07,139270.74787871915,664.3712177217731,131551.50357735125,438.2772792029032,False,139555.87205078028,542.8909499439428,False,144535.40064538913,727.9776017754446,False,147910.50975232807,1029.0540630238995,False,150001.0162391468,1416.4656347882758,False,0.6400593606887253,22.210810144147835,140179.224400104,415.9408250718782,0.0,0.0003283534800306,False,274245.4375,1066.851318359375,False,284030.85876464844,1430.5706593016937,False,294771.50419712067,2783.539180457251,False,False,1.2577998820012268,43.647130398030455,False,False,0.5111200383506399,0.0001085960828195869,0.5111200383506399,32.128692730724225,2025052800189,60,R13_S20
COSMOS 1017371,149.70010121907,1.87452371044,2025052800190,60824.046998932594,60824.04682531562,r,1.60781657827958,51.6067032774168,301.067787696085,23.416528701782227,30.0010132789612,86.6245026010319,150.196585192893,2.24902855144312,-1,r,20250528,r_57,0.3830053499585262,149.70014021919332,1.874424717866246,745319375578857891,0,172.2848874498914,1373.8559966200876,0.01826767,0.017402954,149.70014021919332,1.874424717866246,9.6707e-07,1.0147644e-06,140255.8630145021,685.0755687364799,128808.06671096536,445.3753223678071,False,139938.36145330657,554.8117444771067,False,146114.24661123013,745.5146903000141,False,147624.7506626591,1054.8807741687067,False,148741.2192460485,1451.4375197254742,False,0.0943875662635305,22.83145416359193,139264.50982782905,441.0446370027165,0.0,0.0011871774875974,False,269819.5625,1069.75,False,281727.4812011719,1437.4503566071285,False,286792.6298828125,2798.562399196642,False,False,0.1819916395345488,44.02204591851476,False,False,0.5204053296256733,7.569380696804785e-05,0.5204053296256733,32.109145660871974,2025052800190,51,R12_S20
COSMOS 1017371,149.70010121907,1.87452371044,2025052800191,60824.04752198832,60824.04734837122,r,1.60998737276234,51.6679644942321,300.877730869344,23.46648979187012,30.0010352134705,83.6085769644567,150.239785907746,2.17972599715509,-1,r,20250528,r_57,0.3980304938198549,149.7001448471682,1.8744221081298045,745319375713075352,0,1994.777382042569,434.250106641864,0.01722159,0.017196476,149.7001448471682,1.8744221081298045,9.554449e-07,9.569791e-07,139975.45843063277,683.6486036768848,129714.40730033455,445.77559825023457,False,140100.76646604296,554.7414921065041,False,146856.539286607,746.1095739819667,False,150234.113710415,1056.1139933785516,False,152020.5137852645,1452.47618939046,False,-0.1156378120908086,23.15508660279423,139534.49706214192,433.9907949340205,0.0,0.0021882235293209,False,270357.15625,1070.5032958984375,False,283393.998046875,1439.7927132079938,False,293359.09313964844,2802.892103945905,False,False,-0.2231501712691943,44.683148597700416,False,False,0.5191383754283321,8.518975028116176e-05,0.5191383754283321,32.11179216571101,2025052800191,51,R12_S20
COSMOS 1017371,149.70010121907,1.87452371044,2025052800193,60824.048571769206,60824.048398152045,r,1.6174604026113,51.8775011863141,300.380318605589,23.61036872863769,30.0010449886322,77.4986557619507,150.201238212835,2.02916107289827,-1,r,20250528,r_57,0.4041064618841132,149.70014553428643,1.8744205662290727,745319375982035423,0,1405.4375794270115,1265.6249777252715,0.014423758,0.014918676,149.70014553428643,1.8744205662290727,8.2770566e-07,8.029067e-07,139737.10266901797,656.2419224672138,132713.39507428446,436.0852382247104,False,139205.5968363507,539.1007068240855,False,143175.16995914094,723.511566808249,False,143359.42992756108,1023.66269292789,False,143684.44550520103,1407.3542526870403,False,0.4264252147566945,22.02522751999684,139830.0234199165,407.2700093274772,0.0,4.640688029555751e-05,False,276293.1875,1069.9990234375,False,284171.93688964844,1436.014941422026,False,285182.7393798828,2793.2956810185133,False,False,0.8463623912622262,43.715342308159,False,False,0.5062343652852017,8.561580996313615e-05,0.5062343652852017,32.13912094117264,2025052800193,52,R12_S21
COSMOS 1017371,149.70010121907,1.87452371044,2025052800194,60824.04909724841,60824.048923631686,r,1.63057752897409,52.2405834001435,300.169356824349,23.632238388061523,30.0009696483612,74.4583795407255,150.008579341544,2.14656556955343,-1,r,20250528,r_57,0.7432723738491388,149.69997518719222,1.874360123857927,745319376115729884,0,3160.0,3993.0,,,149.69997518719222,1.874360123857927,,,,,53890.53146897461,393.38084169970335,True,,,True,,,True,,,True,,,True,0.8422651826137226,21.68019349981888,65073.17769515762,340.2875547228822,,,True,,,True,,,True,,,True,True,1.666593424479145,42.89868401791036,True,False,0.507386778661383,0.0001229885389089901,0.507386778661383,32.136652134218586,2025052800194,51,R12_S20
COSMOS 1017371,149.70010121907,1.87452371044,2025052900092,60825.028359943615,60825.02818632706,r,1.47805598655893,47.4813028263011,306.306824339979,23.780109405517575,30.0009417533875,23.268855707432,150.1966251702,2.24903054470631,-1,r,20250529,r_57,0.3994535881786255,149.7001454271377,1.874421927775905,745323760473080205,0,3242.685852294074,878.9036816636077,0.010983297,0.013246435,149.7001454271377,1.874421927775905,6.312925e-07,7.180428e-07,139265.74553783276,615.4669429283027,133931.86051262822,415.4970857127292,False,139554.17029434492,509.2463486411916,False,142642.30670162066,677.5903740022395,False,145443.44953615006,954.2912274542788,False,146987.60956917825,1310.391477552836,False,0.686046124919286,20.24425253258393,139388.69454584742,385.6406734121064,0.0,0.0004745740523909,False,282881.34375,1032.2607421875,False,289141.10778808594,1373.500162019779,False,297949.1936488152,2656.210855088401,False,False,1.3906402745422803,41.03583108661672,False,False,0.49470223588401097,8.397402276841197e-05,0.49470223588401097,32.16414031692412,2025052900092,53,R12_S22
COSMOS 1017371,149.70010121907,1.87452371044,2025052900093,60825.028885205786,60825.02871158849,r,1.47953029282145,47.533668109754,306.098892827464,23.810470581054688,30.0010681152344,20.2551500990661,150.239770542751,2.17972630727162,-1,r,20250529,r_57,0.4009906496659008,149.70014512096856,1.8744213307963955,745323760610968548,0,647.4455914617508,2070.546865854768,0.011936858,0.011339876,149.70014512096856,1.8744213307963955,6.5936007e-07,6.341927e-07,140194.22770518987,610.194114858253,133936.02488191333,413.9218064138256,False,139426.8054269594,506.9899779219883,False,141525.82756892036,674.4898229239901,False,143139.79232105703,951.2742181018832,False,143503.5882250366,1303.8842017886652,False,0.184387568155545,20.39630576313441,139233.62731311683,380.45399568866833,0.0,1.2782595382176964e-07,False,284000.46875,1032.6951904296875,False,288275.9971923828,1373.8780379492132,False,292304.5263671875,2655.900516186531,False,False,0.3755816941189266,41.54552906638179,False,False,0.49201307665954,0.00011456389783588627,0.49201307665954,32.17005838614252,2025052900093,60,R13_S20
COSMOS 1017371,149.70010121907,1.87452371044,2025052900094,60825.02941036766,60825.029236750845,r,1.48301845476878,47.6573349416425,305.940636066165,23.835437774658203,30.0009851455688,17.2731218511327,150.259016498524,2.18648990823186,-1,r,20250529,r_57,0.4006134356525969,149.70014621371723,1.874421920350729,745323760745186276,0,1376.0436870209378,2226.522840000146,0.011272329,0.01186282,149.70014621371723,1.874421920350729,6.291959e-07,6.564212e-07,139501.19705119208,611.63516657691,134135.02268960295,414.4241219636008,False,139385.56512523495,507.50731574389135,False,142040.35070615358,674.7480891181493,False,142537.93575718635,949.1398535159506,False,141578.59781220034,1304.2675993603025,False,-0.308329318137659,19.777845565525283,138885.01027870792,378.784516669474,0.0,2.360764471909249e-05,False,284040.09375,1034.1990966796875,False,289450.0194091797,1375.0025715973825,False,288509.05873531103,2657.8382837888084,False,False,-0.6283139028851904,40.30332053076973,False,False,0.49131247088415697,0.00013382442578485832,0.49131247088415697,32.17160553029272,2025052900094,60,R13_S20
COSMOS 1017371,149.70010121907,1.87452371044,2025052900095,60825.02993560632,60825.02976198888,r,1.48474666560503,47.7186970668451,305.553181725817,23.840553283691406,30.0010929107666,14.1337065570373,150.201384227335,2.02905144892878,-1,r,20250529,r_57,0.3913309872240285,149.7001436126714,1.874423605200446,745323760899850902,0,1479.4314017440302,1414.6630809437804,0.01068167,0.012395125,149.7001436126714,1.874423605200446,5.995943e-07,6.8350647e-07,138836.93822363115,610.4760923175924,134459.94399095187,414.2558102066957,False,139159.86545415566,507.1508177892617,False,142532.7416916015,675.8845308956378,False,143780.57649266216,952.1774497952688,False,144029.06429899525,1307.2331686388477,False,0.2760699276970368,19.979672271504683,138680.81783594788,374.9713808458076,0.0,0.0003518183801188,False,284631.09375,1037.3026123046875,False,291529.8173828125,1382.4226737335218,False,294590.32580566406,2673.753710250099,False,False,0.5646605450173957,40.86548914692919,False,False,0.4904800299264659,9.765993396352664e-05,0.4904800299264659,32.17344667595624,2025052900095,99,R23_S00
COSMOS 1017371,149.70010121907,1.87452371044,2025052900096,60825.03045977649,60825.03028615975,r,1.49484651251595,48.0708043652128,305.29995559205,23.75749969482422,30.000972032547,11.076944937191,150.008428652924,2.14655830830012,-1,r,20250529,r_57,0.3934497062625431,149.70014422249096,1.874423224943619,745323761030398143,0,2164.1368823133,435.4154749571946,0.011578512,0.0137860635,149.70014422249096,1.874423224943619,6.4828794e-07,7.620197e-07,140227.58361306935,617.8208664395031,134300.6538248735,417.22439504088976,False,140001.46709159255,511.6762658998462,False,142943.3611680104,680.8938828089347,False,144436.35984656267,959.5821565856252,False,144403.83841325782,1318.025951740448,False,0.0281133890376278,20.62390360084853,140068.81472728652,385.30487259321103,0.0,0.0002579010995914,False,284487.0625,1039.7410888671875,False,290465.0770263672,1383.5962195153709,False,293432.8093650341,2678.267157472696,False,False,0.0571272260954382,41.90837335190263,False,False,0.4945071232170724,8.037630870645042e-05,0.4945071232170724,32.16456862037131,2025052900096,92,R22_S02
COSMOS 1017371,149.70010121907,1.87452371044,2025052900097,60825.03098396293,60825.03081035108,r,1.49346114492195,48.0230826321873,305.349312702163,23.484764099121094,30.0001282691956,8.2429365381237,150.257471047918,2.13891536388638,-1,r,20250529,r_57,0.3987379709621509,149.700143022026,1.8744211322676123,745323761168287131,745323761168285746,2643.61508094678,144.2882986879332,0.015861228,0.017964523,149.700143022026,1.8744211322676123,8.8375435e-07,9.960111e-07,139348.30032254368,646.561656060263,128865.95295854146,425.0042732789265,False,139293.00584040873,526.0640829264141,False,145957.090743195,703.2545935080446,False,148457.61073203874,992.524752020371,False,149281.2764011158,1363.687881693991,False,0.184257826406417,21.07314369427685,139652.70201211382,422.4402149362179,0.0,0.0005568410217586,False,273496.5625,1032.906982421875,False,286581.24182128906,1380.813865896116,False,293108.1549643278,2677.549714115056,False,False,0.3617832915000358,41.37632271398156,False,False,0.5116058458003804,7.638253586108932e-05,0.5116058458003804,32.12766125438327,2025052900097,99,R23_S00
COSMOS 1017371,149.70010121907,1.87452371044,2025052900098,60825.03150921374,60825.03133559999,r,1.50367446023251,48.3736144665457,305.086016092327,23.776580810546875,30.0004563331604,5.17713255429826,150.059949640649,2.24835813256577,-1,r,20250529,r_57,0.401136638275796,149.7001444253271,1.8744209916090075,745323761278387587,0,3495.884589380821,3238.8966679809687,0.012019981,0.011772099,149.7001444253271,1.8744209916090075,6.678373e-07,6.5429793e-07,140301.41903207192,615.526930102177,134661.99623822697,417.5012253621934,False,140105.12325513508,511.6201437755025,False,143061.81117680567,678.8685913703748,False,144912.2584280438,958.9726582847006,False,145229.1407219749,1316.5473106875374,False,0.5020722196846846,20.437949611308788,140357.30817271638,387.3391395379402,0.0,0.0002311365188123,False,284858.59375,1040.214599609375,False,290870.0653076172,1380.260391525123,False,295276.631121099,2676.7744591670444,False,False,1.020801974527926,41.55398068355361,False,False,0.49261164494266224,9.546961402962969e-05,0.49261164494266224,32.168738315009215,2025052900098,53,R12_S22
COSMOS 1017371,149.70010121907,1.87452371044,2025052900099,60825.03203120518,60825.03185758784,r,1.51062190922935,48.608425722756,304.906013062579,23.81238555908203,30.001077413559,2.17165349805188,149.986554952945,2.31878007122875,-1,r,20250529,r_57,0.4005334891418438,149.7001447547032,1.874421312642415,745323761412604947,0,2511.311627347897,2322.984617779337,0.01125494,0.011705231,149.7001447547032,1.874421312642415,6.254715e-07,6.503679e-07,139162.95435308383,612.8035040130688,135483.472972776,416.26260785445896,False,139742.48258112607,509.202254558217,False,142893.3439906536,677.4183068535584,False,145390.49134199804,954.730704702729,False,146180.66743625348,1309.7454680658354,False,0.8914086256414734,20.43174003561708,139806.77437382995,376.2035609856762,0.0,3.0820549121957086e-05,False,285331.875,1039.7098388671875,False,291765.4317626953,1383.1802046427736,False,298477.6222515106,2674.291477246532,False,False,1.820114326348796,41.71835640955313,False,False,0.4917012002927578,8.487693143284403e-05,0.4917012002927578,32.17074682887859,2025052900099,53,R12_S22
COSMOS 1017371,149.70010121907,1.87452371044,2025052900100,60825.03255740818,60825.03238379148,r,1.50379913648135,48.3775299273229,304.648277257217,23.824487686157227,30.0009663105011,359.13083634699,150.204794444005,2.01908857130595,-1,r,20250529,r_57,0.3973945383424824,149.70014409075358,1.874421978649908,745323761570940617,0,2548.1006239899884,3794.1083210521024,0.010909239,0.012470816,149.70014409075358,1.874421978649908,6.0616156e-07,6.929586e-07,138951.9258674396,609.5179665356527,134398.23842432903,414.8174303463763,False,138992.73681614565,507.99658150332033,False,141455.78679680466,674.1216645925573,False,143501.584610469,952.671181893352,False,143617.25503190217,1307.8856921882552,False,0.2951852765539804,20.44056747057084,138947.56063447602,373.6223349741414,0.0,0.0009024963755825,False,284970.0,1041.5205078125,False,290019.87072753906,1382.1186283499803,False,294451.42317456007,2681.493970407183,False,False,0.6052039134307943,41.90829424269552,False,False,0.4892426403092136,9.836649021337918e-05,0.4892426403092136,32.17618924681229,2025052900100,99,R23_S00
COSMOS 1017371,149.70010121907,1.87452371044,2025052900101,60825.033079287,60825.03290566959,r,1.51269249487342,48.677632645673,304.479437954782,23.866374969482425,30.0010898113251,356.129408730726,150.090288491683,2.13991144188709,-1,r,20250529,r_57,0.398819051715326,149.70014385242575,1.874421449840166,745323761705157525,0,767.3862937192138,1961.7375497606013,0.009705562,0.012141866,149.70014385242575,1.874421449840166,5.4001674e-07,6.7420933e-07,138784.03282556435,611.5666756190715,134553.75797896183,415.3424257989993,False,138811.91830360252,508.4674191709343,False,141641.30149243592,676.7875521974591,False,142201.15654973369,953.9714147155836,False,143247.36877064098,1310.438528892203,False,0.1325380135678131,20.683100697041777,139835.63645790383,376.44911909955056,0.0,0.0001994378307054,False,284877.875,1043.50634765625,False,290684.49938964844,1388.942693485276,False,293980.56386965513,2689.358003197111,False,False,0.272002203581246,42.44705964006092,False,False,0.4897631322174407,0.0001235645385440596,0.4897631322174407,32.17503477565768,2025052900101,99,R23_S00
COSMOS 1017371,149.70010121907,1.87452371044,2025052900102,60825.03360386954,60825.033430250005,r,1.51766988894949,48.8435722555621,304.279095639189,23.804712295532227,30.0014555454254,353.111072370319,150.055252418547,2.14870930183594,-1,r,20250529,r_57,0.3995582013584627,149.70014401373274,1.8744212946264904,745323761839375275,0,382.3080899095551,2115.320005791212,0.010517124,0.012826222,149.70014401373274,1.8744212946264904,5.864723e-07,7.110276e-07,139338.4213000575,616.8325167235336,133895.6279884042,416.98914173242616,False,139333.22183718425,511.4037832381631,False,142267.70095837745,681.110514380085,False,144493.22962367718,960.33929924235,False,144035.76069248546,1318.998806162908,False,0.4441947766634551,20.68501305347301,139618.2569671612,384.95336600652325,0.0,7.774601876409104e-05,False,284330.15625,1043.595458984375,False,290318.3972167969,1389.9072771281085,False,293926.3859924078,2691.613182447616,False,False,0.9064454879378132,42.21084473593715,False,False,0.4939800292198758,0.00011255626623815821,0.4939800292198758,32.16572652128868,2025052900102,99,R23_S00
COSMOS 1017371,149.70010121907,1.87452371044,2025052900104,60825.0346532706,60825.03447965663,r,1.52368302462477,49.0413150927073,303.76892849456,23.69272804260254,30.0004937648773,347.001592115242,150.023722961909,2.01089037133313,-1,r,20250529,r_57,0.3983653922660282,149.70014560283045,1.874422334047451,745323762105713016,0,3918.016633635802,915.1253601101392,0.012497052,0.013514038,149.70014560283045,1.874422334047451,6.975107e-07,7.4828665e-07,139492.67338758858,625.5421326170225,132767.7489046306,420.846194867565,False,139144.66038818276,517.5597466857287,False,142460.03074341235,688.1380519074767,False,143937.30587929327,972.614621333381,False,145090.5816830387,1336.4307807031032,False,0.3720579880895424,20.452603536173623,139903.18958450298,394.4255361796205,0.0,2.3971106464237835e-06,False,280634.75,1043.843505859375,False,287321.3747558594,1387.8753925863373,False,292626.81733083725,2695.388504227304,False,False,0.7503874038840171,41.24995716120675,False,False,0.49903367557964856,7.947831903401637e-05,0.49903367557964856,32.15467536627748,2025052900104,95,R22_S12
COSMOS 1017371,149.70010121907,1.87452371044,2025052900105,60825.03517963602,60825.03500601836,r,1.527421554755,49.1636701949293,304.014307878477,23.65984344482422,30.0011308193207,344.298616568131,150.254802876883,2.22964547994827,-1,r,20250529,r_57,0.3991680661456163,149.70014486122395,1.874421770365861,745323762242552884,0,557.3948272660646,2755.727459967499,0.012234226,0.015117754,149.70014486122395,1.874421770365861,6.929067e-07,8.2916137e-07,139121.5027709408,625.618490653693,131934.17354015762,419.6940105362552,False,138525.87111185567,516.4385580436515,False,141543.09873137265,688.9049632152033,False,142160.344812058,971.839817661928,False,140784.9589875553,1335.2031981462708,False,-0.5658112851861713,21.02351480813705,138628.56493406172,393.3528835230951,0.0,0.0005932114779624,False,279590.875,1042.34326171875,False,285680.6350097656,1390.4373234487964,False,284150.45907479525,2694.8802232839,False,False,-1.141993701539965,42.43238359451422,False,False,0.49873196718704593,0.00011039319641129996,0.49873196718704593,32.155331984868205,2025052900105,100,R23_S01
COSMOS 1017371,149.70010121907,1.87452371044,2025052900106,60825.03570259073,60825.03552897388,r,1.53373005111157,49.3678448134148,303.833381374929,23.59781837463379,30.0009918212891,341.289244986104,150.201268871616,2.27355868406378,-1,r,20250529,r_57,0.4025912016294792,149.70014430989792,1.874420505231613,745323762376770364,0,60.726961860281584,2286.274530410734,0.013641564,0.015053902,149.70014430989792,1.874420505231613,7.6650053e-07,8.287709e-07,139322.46069185995,635.0447855046646,132235.55323289573,424.06632197853503,False,139470.74703507143,522.2883911455415,False,144791.46986642177,697.2478638283203,False,146509.79906922986,983.795250555444,False,149051.70631664596,1351.875140588205,False,1.0671096942625955,21.123250388656057,139199.12495828376,401.2808489470374,0.0,0.0004111998013872,False,278207.53125,1041.8282470703125,False,288820.9766845703,1390.8264707023825,False,297319.0301513672,2696.636057500405,False,False,2.12860373895528,42.13533997294686,False,False,0.5040179203087228,0.00012227351002386987,0.5040179203087228,32.14388505495347,2025052900106,100,R23_S01
COSMOS 1017371,149.70010121907,1.87452371044,2025052900107,60825.03622262055,60825.03604900277,r,1.5399983345636,49.5687292740117,303.70150065163,23.53243827819824,30.0011508464813,338.313071629427,150.17449030253,2.3412575512931,-1,r,20250529,r_57,0.4071041675761249,149.70014632048,1.8744199986214087,745323762510987827,0,250.67242354664864,1535.1898400189132,0.016650716,0.014489955,149.70014632048,1.8744199986214087,9.095114e-07,8.22739e-07,138879.56440535025,641.546636304161,130287.27140205486,425.15160029731845,False,138765.61723315436,525.1089814524565,False,144033.16745511183,701.5566799590463,False,144923.14438556254,989.6353034464966,False,145734.35217762174,1360.196265555414,False,-0.0924337024866225,21.858683850975343,138633.10259548246,411.1889972744114,0.0,0.0022246107443397,False,274918.0625,1040.329345703125,False,285353.966796875,1389.901958668997,False,288724.30029296875,2694.7779241159624,False,False,-0.1831267348786183,43.30573475570147,False,False,0.5066737386676516,0.00011825766715955399,0.5066737386676516,32.138179012449214,2025052900107,100,R23_S01
COSMOS 1017371,149.70010121907,1.87452371044,2025052900108,60825.03674677969,60825.03657316307,r,1.54352750066319,49.680218755704,303.449151240345,23.471481323242188,30.000951051712,335.256874065864,150.149589920684,2.28018802162776,-1,r,20250529,r_57,0.402400061766106,149.70014565049257,1.8744211324874696,745323762644681695,0,3829.771989498837,2938.549067697754,0.016499296,0.01725367,149.70014565049257,1.8744211324874696,9.2430633e-07,9.515078e-07,140348.3432638376,658.3892502514885,128813.14659356148,431.0869986179649,False,139485.61628410895,534.5511661794986,False,145675.77443980373,716.308636660581,False,148461.56874431905,1009.7964856981928,False,149685.46040955963,1388.842275949085,False,-0.265303461063211,21.60570632519717,138983.3161875074,424.5428492283509,0.0,6.587427297599646e-05,False,270639.5,1037.172607421875,False,282650.06677246094,1389.8308401680497,False,290429.93278962374,2694.726446747932,False,False,-0.5147598581359745,41.92086404872102,False,False,0.5156372716810784,8.118631357250015e-05,0.5156372716810784,32.119139245459145,2025052900108,99,R23_S00
COSMOS 1017371,149.70010121907,1.87452371044,2025052900110,60825.03779389704,60825.03762028029,r,1.55707575889517,50.1041670954347,302.948051366129,23.678377151489254,30.0009734630585,329.132397754876,149.955603555761,2.29529635581924,-1,r,20250529,r_57,0.3987724900742244,149.70014510961877,1.87442199660666,745323762913116983,0,1258.8290355330985,2045.9870246363648,0.014340694,0.012982436,149.70014510961877,1.87442199660666,7.778292e-07,7.4181753e-07,138642.46573807814,633.7967170150016,131517.5494678146,424.03853783829857,False,138713.20939943113,522.4798206698832,False,143338.52321162255,695.7902212071662,False,144395.26297977247,983.4811561472732,False,144727.98165128828,1351.5977420324125,False,0.1480988845356314,20.94199251839257,138600.5164778788,397.87630708355937,0.0,0.0003516696581965,False,277385.3125,1044.8048095703125,False,286634.5694580078,1391.3742518078125,False,289413.07458496094,2702.7949513328226,False,False,0.2961538814196452,41.87777908273824,False,False,0.5016256534275191,0.00010656872306983807,0.5016256534275191,32.149050653842835,2025052900110,99,R23_S00
COSMOS 1017371,149.70010121907,1.87452371044,2025052900111,60825.03831789047,60825.03814427287,r,1.56029048086011,50.2033113611115,302.645233684404,23.774396896362305,30.0011215209961,326.038849085911,149.912769912859,2.19457646196323,-1,r,20250529,r_57,0.3989939823470356,149.700145362734,1.8744220390127184,745323763043665408,0,4074.3015718930487,3540.4601554501546,0.0128731225,0.012707247,149.700145362734,1.8744220390127184,7.1257654e-07,7.0915326e-07,140845.37332473727,630.7148895103485,134003.8695569033,423.6897852126445,False,139844.0874845759,521.279063854652,False,142546.12865132355,696.1807012924555,False,,,True,,,True,-0.3914539379722014,20.33336791351315,137013.33237633386,384.5253706198254,0.0,0.0029205270892351,False,281632.25,1049.8048095703125,False,287073.8953857422,1402.0395201420106,True,,,False,False,-0.7883497636940218,40.949404859123,False,False,0.49733887795472714,7.849243333405678e-05,0.49733887795472714,32.158368974475025,2025052900111,92,R22_S02
COSMOS 1017371,149.70010121907,1.87452371044,2025052900112,60825.03910224287,60825.03892862571,r,1.56075034305334,50.2171087457014,302.781455223807,23.66217613220215,30.0010440349579,53.3226437102336,150.257582666633,2.28045977031555,-1,r,20250529,r_57,0.397366838785036,149.7001449716542,1.8744223623628764,745323763155338219,0,2164.692235639696,2505.3132731748856,0.012240182,0.014482022,149.7001449716542,1.8744223623628764,7.6242173e-07,7.272242e-07,139506.3135102831,638.4223041505415,132504.99567415114,425.9467313812443,False,139469.26765841246,524.8842519057832,False,143504.34359270247,701.1439800057693,False,145311.12170598438,989.6927996344928,False,144864.3839660001,1360.135251507365,False,0.3626817865678303,21.47260300417358,140253.7755665664,404.7174390534749,0.0,8.558580486539569e-07,False,277658.46875,1044.9510498046875,False,285691.5861816406,1395.8527719417618,False,288399.1843057871,2707.7870097617306,False,False,0.7220348338572782,42.74812774393936,False,False,0.5031614651263209,0.00010995363033934624,0.5031614651263209,32.14573156737592,2025052900112,49,R12_S11
COSMOS 1017371,149.70010121907,1.87452371044,2025052900113,60825.03962907732,60825.03945546016,r,1.56049348309418,50.2096079285992,302.364134538548,23.65860366821289,30.0010454654694,50.1552538797604,150.233697978374,2.04164581375708,-1,r,20250529,r_57,0.3949899535469489,149.7001455613856,1.874423340043664,745323763291652693,0,1628.815398901084,1374.11075482462,0.014724576,0.012332157,149.7001455613856,1.874423340043664,7.429814e-07,7.663115e-07,139784.08780899766,631.3025922360558,133067.854465489,423.8299835601028,False,139538.92887450958,521.6684632298748,False,143275.61228298442,695.9526072618088,False,144551.155489372,982.3435862647458,False,146120.57169100657,1349.9018901719548,False,0.1648233435531494,20.88470540507292,140789.59721947362,399.9381246874719,0.0,0.0004433654257347,False,280775.46875,1049.6834716796875,False,288294.29553222656,1400.3720761498196,False,294018.8257246613,2716.226497054467,False,False,0.3316519047433492,42.02349120143063,False,False,0.49983410470912815,9.327761482964754e-05,0.49983410470912815,32.1529352859818,2025052900113,53,R12_S22
COSMOS 1017371,149.70010121907,1.87452371044,2025052900114,60825.04015647087,60825.03998285985,r,1.57023843724139,50.50624166253,302.259442421024,23.784942626953125,29.9999845027924,47.1911384634705,150.151530925688,2.18535438866871,-1,r,20250529,r_57,0.3918247665649191,149.70014497438277,1.8744240424261625,745323763425345954,0,3419.206173479345,909.6400858473014,0.010443708,0.01074453,149.70014497438277,1.8744240424261625,5.894098e-07,5.8808035e-07,140597.93703756382,625.1313055249165,134716.7458683365,422.2339338062021,False,140218.23303466485,518.5378518612271,False,143092.38549352626,690.9218852130101,False,143933.46112478783,974.9666895705049,False,146247.48971738157,1340.8684121277795,False,0.7447126501926197,21.05174279933478,139773.67308405403,388.25354590514615,0.0,2.2348616153244905e-06,False,284294.46875,1051.3428955078125,False,290121.85388183594,1400.853983488872,False,296518.8727270961,2718.629843205072,False,False,1.5099155272165954,42.68270898777429,False,False,0.4932604554861224,8.118967539741186e-05,0.4932604554861224,32.16730925093801,2025052900114,52,R12_S21
COSMOS 1017371,149.70010121907,1.87452371044,2025052900116,60825.04120371871,60825.04103010195,r,1.57759460356286,50.7273753585612,301.82515199308,23.78729057312012,30.0009751319885,41.1235868993038,150.13882599757,2.08986064314639,-1,r,20250529,r_57,0.3982820431285927,149.70014488855858,1.8744220498469253,745323763694306463,0,1159.3363358731049,2543.370990220428,0.011135666,0.010940017,149.70014488855858,1.8744220498469253,6.1416864e-07,6.1276614e-07,139622.5680339386,625.1458912337517,133908.346680894,421.9939483608785,False,139578.68427543537,518.5883104499698,False,142659.35080276843,691.4585665964662,False,142180.3455381938,976.7378302168396,False,142717.2234863688,1342.350850780441,False,0.3827499063072245,20.84372042282649,139340.41869879182,387.29614994490737,0.0,9.542304987808504e-05,False,283446.9375,1053.114013671875,False,289702.9464111328,1404.1672202837992,False,289820.47033691406,2725.955182049224,False,False,0.7772625837130626,42.32801556072659,False,False,0.4939259714051626,0.0001255581685247597,0.4939259714051626,32.16584534337622,2025052900116,53,R12_S22
COSMOS 1017371,149.70010121907,1.87452371044,2025052900117,60825.04172892816,60825.0415553106,r,1.58531436324397,50.9561195343646,301.8680394768,23.794870376586918,30.0011143684387,38.268693089593,150.182764790636,2.2696639914692,-1,r,20250529,r_57,0.4013816317030808,149.70014702343582,1.8744220476786035,745323763826951976,0,170.29237240397907,3912.194736645089,0.0096729435,0.011813711,149.70014702343582,1.8744220476786035,5.8577007e-07,6.1367217e-07,139762.33336840282,628.2778596595765,134398.84284698317,424.28248867883866,False,139379.46888749895,521.1572094348629,False,141339.37597432514,695.2982510873106,False,142594.2544891617,981.5981444820492,False,141972.34023241492,1348.57436537307,False,-0.2310249016126416,20.934986880051422,139130.64243482868,385.1252606428991,0.0,4.471770989833424e-06,False,282561.25,1056.53173828125,False,286534.5310058594,1409.5644395705212,False,287817.72697007656,2733.9382294916213,False,False,-0.4683522293623113,42.44108625737122,False,False,0.4956638644204554,0.0001271363965937962,0.4956638644204554,32.162031853709664,2025052900117,50,R12_S12
COSMOS 1017371,149.70010121907,1.87452371044,2025052900118,60825.04225404642,60825.04208042966,r,1.58656974532934,50.9928586426566,301.466062010779,23.774978637695312,30.0009765625,35.1060085989658,150.133836334041,2.06472118083041,-1,r,20250529,r_57,0.401332911157135,149.70014466308038,1.8744210326336963,745323763962742194,0,2156.9439454379453,3352.090528214442,0.009339414,0.012701648,149.70014466308038,1.8744210326336963,5.8701056e-07,6.504334e-07,138325.13231162328,624.8783199451658,134004.45902858983,423.15740657362,False,138471.93458959027,519.6406576216675,False,141258.7687157373,691.2654448172526,False,142799.21900646357,978.4252306819506,False,143797.27241628213,1345.4703800234151,False,0.401346447847847,20.60902896611072,140050.19999157172,389.2457286611219,0.0,0.0001108268223084,False,280941.875,1054.2845458984375,False,286596.0056152344,1402.4893258353277,False,291746.30550408363,2729.787609605313,False,False,0.8142806982306747,41.81308838378662,False,False,0.49374668279628525,0.00012316666361273247,0.49374668279628525,32.1662395228345,2025052900118,53,R12_S22
COSMOS 1017371,149.70010121907,1.87452371044,2025052900119,60825.042781189695,60825.04260757832,r,1.59815969323804,51.3307495466716,301.408559514098,23.755027770996094,30.0000457763672,32.1691134448875,150.043916984092,2.25983823969573,-1,r,20250529,r_57,0.4005635873745068,149.7001448764755,1.8744213553567024,745323764096434813,0,3509.9959425236234,1467.3942481832585,0.009677664,0.012869438,149.7001448764755,1.8744213553567024,5.935973e-07,6.696063e-07,138894.3841852227,629.811619124048,134164.1671779367,424.1978957526521,False,139780.7465714579,521.5878802392591,False,142952.3441826187,696.1340223140978,False,146347.25443423225,981.8886252386574,False,147751.2303999514,1350.1252512114916,False,0.7289858530646601,21.028301846139225,139625.31279906214,389.8462120178294,0.0,0.0009712360174766,False,283316.28125,1057.1866455078125,False,289744.671875,1410.9675852447242,False,299471.35191202164,2736.517544634919,False,False,1.4775537120811952,42.621465589361655,False,False,0.4945502869561395,8.582190510346194e-05,0.4945502869561395,32.164473854518924,2025052900119,52,R12_S21
COSMOS 1017371,149.70010121907,1.87452371044,2025052900120,60825.04355816226,60825.0433845455,r,1.59848156269795,51.3392057155572,301.03730087196,23.63284492492676,30.0009763240814,119.083040291664,150.1223864101,2.05133102249624,-1,r,20250529,r_57,0.4020814288636642,149.70014297240968,1.8744201101482496,745323764246905293,0,4038.144660682294,1247.5040541062244,0.015419125,0.011046054,149.70014297240968,1.8744201101482496,6.791417e-07,8.060891e-07,138976.21864573876,632.5522235086087,131753.58033030617,424.8699984028259,False,138625.51196029806,524.0571793533123,False,141723.48715161305,700.0988354590863,False,141418.63970773364,987.731209066946,False,139262.35532275154,1359.8552522226946,False,-0.509513964659601,21.33632417243048,139103.69058417383,406.702371836774,0.0,0.0002612547334979,False,281524.09375,1064.2681884765625,False,287815.5378417969,1421.777906540731,False,282817.4108886719,2761.627438554122,False,False,-1.0347334709562306,43.33033105998559,False,False,0.49447926121245134,0.00011392678404452672,0.49447926121245134,32.16462979570727,2025052900120,83,R21_S02
COSMOS 1017371,149.70010121907,1.87452371044,2025052900121,60825.04408396741,60825.04391035589,r,1.6045341019216,51.5127967405517,301.137340182139,23.673038482666016,30.0000705718994,116.271402083767,150.236145833008,2.22622069347588,-1,r,20250529,r_57,0.3983854789911944,149.70014470133162,1.8744219384683392,745323764381122760,0,587.6503470182373,494.8194671416397,0.011553713,0.009547991,149.70014470133162,1.8744219384683392,5.5416837e-07,6.2180476e-07,140191.24211604169,634.1675761423653,134108.3164603306,426.5876594261029,False,140128.34388986227,525.202776937832,False,143213.4234659695,701.1859322514684,False,143432.78148434166,989.8444982332052,False,144627.73356028387,1361.2048307907971,False,0.3506742317421882,21.287636790848,139765.21530001733,402.5157674248137,0.0,0.0006324259953013,False,283952.09375,1064.2559814453125,False,290203.611328125,1420.8632461063037,False,293069.52910995483,2758.306785024556,False,False,0.7105962973888461,43.13666221947069,False,False,0.4946651196838658,8.677626027635754e-05,0.4946651196838658,32.16422177989553,2025052900121,83,R21_S02
COSMOS 1017371,149.70010121907,1.87452371044,2025052900122,60825.04492951492,60825.044755897885,r,1.61408120637207,51.783279325951,300.86416863427,23.696678161621094,30.0010228157043,19.3055481600751,150.196647167168,2.24914226435896,-1,r,20250529,r_57,0.3945924628089068,149.7001449230554,1.8744231811309024,745323764499612186,0,3926.088257648213,1276.6217999753935,0.010278319,0.01456519,149.7001449230554,1.8744231811309024,6.013898e-07,7.87101e-07,139876.9322341045,633.2063567056076,134036.87986137994,425.8275995952192,False,139772.91174111978,523.9479379756708,False,143155.66756632185,699.8312294155494,False,144309.3954241096,987.682685399622,False,145020.27746675792,1357.9083261942023,False,0.2902670140587349,20.8921792244392,139889.98426944084,393.8380769112292,0.0,0.000277545592676,False,281608.65625,1055.6285400390625,False,288424.09216308594,1409.9908892398057,False,292180.8307324648,2735.857286557036,False,False,0.5848179219030509,42.09269481647098,False,False,0.4967846641933063,8.201063347806145e-05,0.4967846641933063,32.15957954837812,2025052900122,53,R12_S22
COSMOS 1017371,149.70010121907,1.87452371044,2025052900123,60825.04545278364,60825.04527916647,r,1.61628633804661,51.8450447037365,300.674398855238,23.765687942504883,30.0010471343994,16.2901229823609,150.239658542681,2.17973314046011,-1,r,20250529,r_57,0.4008371947858161,149.70014626136543,1.874421873442286,745323764637500478,0,1242.198034633943,2582.3288264290354,0.008695422,0.0142326355,149.70014626136543,1.874421873442286,5.136434e-07,7.713965e-07,139605.7668890033,627.2417263115647,135192.7089192721,424.3383708493703,False,140104.24761234003,521.2194947399795,False,142415.9089876898,695.0825610301093,False,145308.728536318,981.2460087606444,False,144240.17709964246,1348.9686919258352,False,0.0118909102061331,21.08296317435024,140240.3498465194,387.2554974605075,0.0,0.0005719034120454,False,284266.71875,1057.5364990234375,False,288957.00048828125,1410.2987043697074,False,292658.37799212337,2737.0112632935047,False,False,0.0241262494524872,42.77661002600296,False,False,0.4938204316448414,0.00014280197890135295,0.4938204316448414,32.1660773631313,2025052900123,60,R13_S20
COSMOS 1017371,149.70010121907,1.87452371044,2025052900124,60825.04597517384,60825.04580155717,r,1.62094141580533,51.9752357435663,300.537294928032,23.73365020751953,30.0009598731995,13.305781152669,150.259097797875,2.186497876116,-1,r,20250529,r_57,0.3990952158664552,149.70014514531726,1.874421914366564,745323764771718287,0,1959.8193380940784,2790.163466571387,0.008814828,0.015653403,149.70014514531726,1.874421914366564,5.1648067e-07,8.5406003e-07,138875.94183867628,627.8936323569533,132952.27724981608,422.8955484958634,False,138641.6836135513,520.279643104451,False,140618.7158712064,694.9929295819024,False,141341.3042803432,980.4659611900124,False,142383.87978974488,1348.0059901016132,False,0.328440131438301,20.91201716697877,138113.99364702837,390.4924054378095,0.0,0.0012455219759411,False,281267.59375,1055.5108642578125,False,285278.4733886719,1409.9582743213175,False,288859.5277656913,2734.7504106579363,False,False,0.6663188375444338,42.424995107603394,False,False,0.4959913871864765,0.0001192134143198002,0.4959913871864765,32.161314662251634,2025052900124,60,R13_S20
COSMOS 1017371,149.70010121907,1.87452371044,2025052900125,60825.04649620871,60825.04632259129,r,1.62377833511633,52.053930491481,300.180568027139,23.77208709716797,30.001091003418,10.1814867311244,150.201442142372,2.02906127471684,-1,r,20250529,r_57,0.4058760598845608,149.70014492247594,1.8744197723871263,745323764926382975,0,1839.52189016197,1978.4723898643128,0.009243185,0.01215376,149.70014492247594,1.8744197723871263,5.194446e-07,6.7103565e-07,138949.5110256126,628.776893164731,134507.5778453636,425.1523997933225,False,139264.77083575618,522.5862079604766,False,142755.66777079785,698.8063015304158,False,144786.49515788865,988.705250700958,False,144582.8806972764,1356.8674605681265,False,0.0425085426949699,21.45707665828049,139392.28757948754,387.7514229911723,0.0,0.0001916919858959,False,282707.25,1060.84912109375,False,289793.7648925781,1418.5756139384807,False,293503.0040526986,2754.438657311963,False,False,0.0862922700025515,43.5578294402665,False,False,0.4944623360315177,0.00011668783308885832,0.4944623360315177,32.16466695924001,2025052900125,99,R23_S00
COSMOS 1017371,149.70010121907,1.87452371044,2025052900126,60825.047022808765,60825.04684919206,r,1.63709531862817,52.4176975632488,299.971329000304,23.76934814453125,30.0009658336639,7.14196700937152,150.00851914988,2.14656958780037,-1,r,20250529,r_57,0.4015012127647246,149.70014506169016,1.8744211511809268,745323765056930144,0,2607.200446337322,752.5920120330716,0.008502067,0.014602257,149.70014506169016,1.8744211511809268,4.793717e-07,8.0750533e-07,139942.585895592,635.1327769339467,134306.3871494636,427.8046633366456,False,139409.3710310473,526.4475580561394,False,141871.75533630088,703.2249899779264,False,142183.1853141689,993.0105414592676,False,143641.6011784802,1367.341237657236,False,0.1843511803091248,21.71567797270832,139015.58613743563,387.86910136013984,0.0,0.0002494062992908,False,281390.1875,1062.6055908203125,False,286360.37548828125,1419.4211645966404,False,289932.71248179674,2759.9034727383146,False,False,0.3721027704907882,43.83190779240479,False,False,0.49728439029010624,9.043835945475755e-05,0.49728439029010624,32.158487932541135,2025052900126,92,R22_S02
COSMOS 1017371,149.70010121907,1.87452371044,2025121400911,61024.24593270644,61024.24575909767,i,1.79169152408473,56.1532756232224,64.297167233983,23.350419998168945,29.9995963573456,184.993034828952,149.886957609876,1.91822687632212,-1,i,20251214,i_39,0.3904058170360182,149.7001394723019,1.8744222274173328,746199081674081584,0,2966.221186999771,2829.737906517542,0.014451414,0.013026609,149.7001394723019,1.8744222274173328,8.030247e-07,7.2495385e-07,156762.79118243125,915.2719998705384,150679.58460282913,591.3426963812999,False,156718.67293023894,745.3617457136086,False,159826.67231498778,1017.6172574690208,False,160863.58011257628,1457.029527875016,False,158811.25581611443,2015.7319131006805,False,-0.9640704144942738,31.29687984703809,157634.07733840347,505.3458185378658,0.0,6.588771463311716e-05,False,257491.125,1224.6405029296875,False,262597.6145019531,1671.9603831877173,False,260929.2699980736,3311.877699690174,False,False,-1.5839821188241374,51.421241962601776,False,False,0.6085917261778231,0.00013804673878019952,0.6085917261778231,31.9391848904595,2025121400911,93,R22_S10
COSMOS 1017371,149.70010121907,1.87452371044,2025121400912,61024.24643140827,61024.24625779169,i,1.81934503892273,56.7384015446131,64.2174110312198,23.32916641235352,30.0009453296661,182.018257052355,150.481065348973,2.33835077490356,-1,i,20251214,i_39,0.4036650612118362,149.7001420284842,1.8744192627142136,746199081826124688,0,999.994161304603,2113.8095027075697,0.015302559,0.013105549,149.7001420284842,1.8744192627142136,8.503009e-07,7.2861235e-07,156656.34472384775,913.096889136978,149340.43072163663,590.4638148855281,False,156700.73638591127,744.8198005160782,False,159931.3847737741,1013.4701119678474,False,161256.0477844526,1455.3036632207666,False,160315.2817081534,2012.9373512647887,False,-0.9956397645485274,32.0833662718201,154565.24042000246,500.65608285316495,0.0,0.0009525151324173,False,258278.6875,1227.633544921875,False,263603.53564453125,1670.4307610584267,False,264236.28567898273,3317.7815822385605,False,False,-1.6410422665602922,52.88073255035759,False,False,0.6069274306122571,0.00010805963092736584,0.6069274306122571,31.942158084374313,2025121400912,127,R31_S01
COSMOS 1017371,149.70010121907,1.87452371044,2025121400915,61024.24793685941,61024.24776324168,i,1.7720419486421,55.7232712881391,63.5820009484648,23.333940505981445,30.0011429786682,172.949683901233,149.902071992103,2.10740742211515,-1,i,20251214,i_39,0.3984990856593565,149.7001450631316,1.8744220592776548,746199082212524655,0,2161.4568313033374,1256.0327213985186,0.014689921,0.012376322,149.7001450631316,1.8744220592776548,8.152515e-07,6.90412e-07,156637.16785775372,907.9492301474784,150244.56437249875,587.1761460453231,False,156786.41473103611,740.0600821731847,False,159544.4222441831,1009.4546316011972,False,161165.47597780311,1443.9544177049647,False,160313.0693750747,1999.4903136317264,False,-0.1328975058991672,32.24589883235706,156651.89849916322,497.1894040315332,0.0,0.0011631908459706,False,258931.859375,1222.2049560546875,False,263486.6928710937,1667.108500207723,False,264756.1091731787,3302.146717233908,False,False,-0.2194794642622796,53.25391588425396,False,False,0.6061203331558833,0.00012033559105808166,0.6061203331558833,31.943602866821692,2025121400915,96,R22_S20
COSMOS 1017371,149.70010121907,1.87452371044,2025121401027,61024.32032953768,61024.32015591993,i,1.26955382945762,38.072854608313,36.7090984352117,23.545530319213867,30.0011477470398,146.186704562477,149.886785952437,1.9182846280557104,-1,i,20251214,i_39,0.4017013469559843,149.7001453356195,1.874421208068216,746199097243337054,0,3047.0333165132342,636.1918009660709,0.01236544,0.012439745,149.7001453356195,1.874421208068216,6.8869343e-07,6.9038106e-07,156224.97799008884,768.7307326580661,149467.44285194628,511.3090136519451,False,156466.3509507457,632.828486414017,False,160784.36858261164,847.766947772382,False,161526.95571698275,1203.0022902041098,False,162264.07077222562,1655.302505840191,False,0.3633853727201431,26.064192646381343,156986.6006093399,464.7059378417757,0.0,0.0003436061597638,False,262397.28125,1061.266357421875,False,269638.6854248047,1421.7225676791666,False,272120.17636042833,2775.976269271514,False,False,0.6094047267568684,43.710185907892885,False,False,0.5980915532538538,0.00011960567131122382,0.5980915532538538,31.95808082753078,2025121401027,93,R22_S10
COSMOS 1017371,149.70010121907,1.87452371044,2025121401028,61024.32082858987,61024.32065497309,i,1.27961719944864,38.6459881147232,36.9304609373339,23.63974952697754,30.0009806156158,143.372508343741,150.481200757926,2.33840841782923,-1,i,20251214,i_39,0.4006440916595639,149.70014439219614,1.874421126107758,746199097372835932,0,2737.119806039979,169.58940121977926,0.011866047,0.010733934,149.70014439219614,1.874421126107758,6.374647e-07,6.198082e-07,156101.02428551452,762.3994567735955,150696.00461841826,509.0298662196354,False,155969.14567819817,628.4247874519359,False,159371.41901916746,842.5403960091846,False,160931.47169014046,1192.7948363547528,False,160567.23359491405,1642.8953853832709,False,0.3723027688619801,26.20544495373061,157972.85718223295,456.9863396668284,0.0,9.711648077925794e-05,False,263761.65625,1062.7381591796875,False,269515.28942871094,1424.8321316539557,False,271537.5485857725,2778.3239179128627,False,False,0.6296065450284978,44.31640330982699,False,False,0.5923849432335476,0.0001177640566194082,0.5923849432335476,31.968489971400395,2025121401028,84,R21_S10
COSMOS 1017371,149.70010121907,1.87452371044,2025121401029,61024.32132824816,61024.32115462772,i,1.27399626390967,38.3278018445659,36.3714187814132,23.552595138549805,30.0016124248505,140.250257884098,150.198991734145,2.24493463507864,-1,i,20251214,i_39,0.4049797258028378,149.7001436586385,1.874419519303143,746199097507578507,0,3605.713240767987,1250.8611156740465,0.012587741,0.011980426,149.7001436586385,1.874419519303143,6.8596864e-07,6.800453e-07,156831.58308302486,766.6438799116768,150085.41198445158,509.7772485496536,False,156438.2363051888,630.2562459454524,False,159594.86807431266,845.1961377633943,False,161315.15878596797,1196.6924291075925,False,159764.14917951,1647.002775028128,False,-0.0885504850194365,25.74832291069607,155449.92900557144,457.15467494618616,0.0,5.87621376291203e-06,False,263597.4375,1061.977783203125,False,268916.3420410156,1424.1501397694938,False,269201.579631269,2775.1892459708306,False,False,-0.1492070064953257,43.38576104847652,False,False,0.5932998349820877,0.0001222446381467692,0.5932998349820877,31.966814431138406,2025121401029,85,R21_S11
COSMOS 1017371,149.70010121907,1.87452371044,2025121401031,61024.32232530941,61024.32215169159,i,1.2661694649799,37.8764914556566,35.5683519411391,23.629199981689453,30.0011596679688,134.134393796563,149.902170256204,2.10736750200885,-1,i,20251214,i_39,0.4007117285433002,149.70014513797554,1.8744214223885736,746199097780208789,0,754.7781637264733,2189.132065629395,0.012182774,0.010300085,149.70014513797554,1.8744214223885736,6.253295e-07,6.2896237e-07,156554.32661124071,765.7089893613874,151118.74130787764,510.7586932722117,False,156491.5552127024,630.9027930534746,False,160569.7590792932,846.3480861192522,False,161971.41275399324,1199.2894283749265,False,163942.1059928174,1651.8539203342614,False,1.3087788111622627,25.52558401273756,155424.69347575234,450.0611863816308,0.0,0.0053516165867846,False,264533.28125,1066.4779052734375,False,271427.0759277344,1430.666568534495,False,277127.6902090311,2792.2934058503715,False,False,2.212359337068721,43.1484400901648,False,False,0.5926759447301481,0.00011084584439227942,0.5926759447301481,31.96795674839041,2025121401031,93,R22_S10
COSMOS 1017371,149.70010121907,1.87452371044,2025121401032,61024.32282815702,61024.322654540025,i,1.27350182760566,38.2997194467559,35.315648369458,23.6535587310791,30.0010166168213,131.130872209179,150.160560694094,2.55225998702201,-1,i,20251214,i_39,0.3947836556300314,149.7001425033719,1.874422107231322,746199097910233041,0,141.85705933728946,3672.3793412133577,0.012004546,0.00996679,149.7001425033719,1.874422107231322,6.055083e-07,6.2067585e-07,156030.1910990243,757.7855989282803,150164.89659970478,505.9621879442076,False,155406.61873929156,624.8382186945997,False,158920.8642133966,838.1345775382458,False,161511.96806573952,1187.1324644801232,False,159815.433191022,1634.0018294525569,False,0.2485678706887119,26.09259676637856,157716.5757298783,451.35994767938536,0.0,0.0001006569814453,False,264129.46875,1061.9765625,False,270102.2889404297,1424.4955749121636,False,271622.7005595565,2777.1534999668147,False,False,0.4224665600856342,44.34704118859431,False,False,0.589393941641254,0.00010649033917724217,0.589393941641254,31.97398583140057,2025121401032,85,R21_S11
COSMOS 1017371,149.70010121907,1.87452371044,2025121600089,61026.21365835063,61026.2134847336,i,2.26835230176906,63.9500710856979,70.819046510409,23.51161003112793,30.0010223388672,115.131287556507,149.842596414258,2.10164008462575,-1,i,20251216,i_39,0.4037546389547495,149.7001424238176,1.8744193911227551,746207767440130774,0,1626.7996095678322,1422.455985887864,0.010810992,0.010615399,149.7001424238176,1.8744193911227551,5.924176e-07,5.99207e-07,156989.29451107865,885.3061875154477,152428.84619852935,579.4446590839793,False,156067.0600351709,725.2342026231835,False,157968.281662933,986.9996206505284,False,157180.47383804448,1407.836427321109,False,156896.4371009128,1947.6166052301185,False,0.0920999212479594,30.7641708058578,156034.0964143008,470.4024820544609,0.0,0.0004732841554545,False,248992.734375,1157.05419921875,False,252025.98413085932,1574.6803605929392,False,250315.94033133984,3107.2692978333585,False,False,0.146938189404501,49.081817828847605,False,False,0.6278578399696568,0.00013986484109028698,0.6278578399696568,31.905346696014206,2025121600089,93,R22_S10
COSMOS 1017371,149.70010121907,1.87452371044,2025121600090,61026.21416293153,61026.21398931974,i,2.25330853305475,63.761206268573005,70.5793562492139,23.40159034729004,30.0001175403595,112.104294946938,149.745687826121,2.16779486667944,-1,i,20251216,i_39,0.4045468867815191,149.7001432328644,1.8744194766837028,746207767574349374,0,1212.360816777199,3241.380329370334,0.011431626,0.0133024845,149.7001432328644,1.8744194766837028,7.261792e-07,6.511999e-07,157071.9128269641,893.6522336104359,151073.43966967874,581.6078719640882,False,157021.77171293303,729.6399083287038,False,160606.0640613796,993.5266710728572,False,161113.0329747887,1418.453548353713,False,163897.46315315488,1961.4049912096032,False,0.9380821512418974,30.415992743887696,156356.67266452417,488.1195132857311,0.0,0.000124065463875,False,248419.28125,1154.3406982421875,False,254089.87915039065,1571.8277716407647,False,259297.0997018218,3103.0780817276946,False,False,1.484110714219969,48.12019997937304,False,False,0.6342440332459061,0.0001644810260479026,0.6342440332459061,31.8943590244578,2025121600090,93,R22_S10
COSMOS 1017371,149.70010121907,1.87452371044,2025121600091,61026.21466564077,61026.214492023566,i,2.25760384708044,63.8153155141525,70.8873200286257,23.54286003112793,30.0010530948639,109.202579208912,150.131719646824,1.9740345472137,-1,i,20251216,i_39,0.3985717864462583,149.70014317775414,1.8744212456774951,746207767686547436,0,2173.1418355059755,3767.436559574016,0.010282722,0.010964848,149.70014317775414,1.8744212456774951,6.0581067e-07,5.759325e-07,157588.89163206852,888.7521408728976,153213.0995999438,581.6849166491533,False,156973.0338466372,727.8628495325031,False,159883.36374670587,987.9326243007596,False,159598.83945794267,1412.3084065609066,False,159784.81093181003,1953.0328158965544,False,0.4367369560957295,31.329876173651098,156977.18348994988,471.5639893559664,0.0,0.0004550530678034,False,249282.546875,1155.8896484375,False,253904.32446289065,1568.895973350468,False,253747.8167105913,3101.5326807839224,False,False,0.6935643534566929,49.7537133255416,False,False,0.6269474663674446,0.0001564300843118467,0.6269474663674446,31.906922120899978,2025121600091,51,R12_S20
COSMOS 1017371,149.70010121907,1.87452371044,2025121800192,61028.31830778888,61028.31813417194,r,1.24610236843442,36.6699926071308,32.3408791538409,24.561962127685547,30.0010077953339,100.824456259485,150.096908868453,1.99574801441699,-1,r,20251218,r_57,0.4027162152523827,149.70014362020189,1.874420182745624,746216577335561457,0,2846.617318346984,3875.284183884379,0.006622482,0.0059567043,149.70014362020189,1.874420182745624,3.3258235e-07,3.6703065e-07,139945.42952442955,484.4065431548632,137477.05937933963,354.7427899430597,False,139695.1464466592,416.2526711535662,False,140205.5564286526,531.7521445593052,False,141307.9113013221,730.330016080264,False,142933.8140360599,990.1444211902764,False,1.117840101336061,15.156722862353968,140556.36745283692,343.4103297316753,0.0,1.0896016294226207e-05,False,289168.78125,861.6425170898438,False,290225.329284668,1100.7262849178635,False,295872.8191748857,2049.5977334932395,False,False,2.3139276342657475,31.37439767475704,False,False,0.4845781219252796,0.00015855875763721075,0.4845781219252796,32.18659049397344,2025121800192,51,R12_S20
COSMOS 1017371,149.70010121907,1.87452371044,2025121800193,61028.31880498472,61028.31863136702,r,1.24466502438485,36.580602022564,32.1148110258284,24.575836181640625,30.0011384487152,97.8409482370131,150.114995868002,1.97864660047556,-1,r,20251218,r_57,0.4039627631269165,149.7001436467754,1.8744198195283324,746216577469778770,0,3452.344330282385,3347.1039000643336,0.006524645,0.0059313215,149.7001436467754,1.8744198195283324,3.3042636e-07,3.6224094e-07,140222.50857699657,485.9502966594384,137892.74295161915,355.6795520092572,False,140002.97246512477,417.0695251853585,False,141023.4727386311,533.3561842657956,False,141916.70683932892,730.903800716438,False,142246.78571688096,990.1676130002754,False,1.7547385330153646,15.397859508858945,140180.7154685052,343.07465573955983,0.0,0.0001314482495159,False,288988.03125,860.896728515625,False,291094.50341796875,1100.930579773081,False,293619.6127278805,2043.8608127391128,False,False,3.622054768451029,31.78359020939858,False,False,0.4856812465609375,0.00013743213331839682,0.4856812465609375,32.18412166365805,2025121800193,51,R12_S20
COSMOS 1017371,149.70010121907,1.87452371044,2025121800200,61028.32455374476,61028.32438012768,r,1.23472840550185,35.9530191525347,29.172596584304,24.537145614624023,30.0010318756104,76.9187040730748,150.348595473869,2.18305215224436,-1,r,20251218,r_57,0.4048110371732571,149.70014357040282,1.8744195340210672,746216578407728792,0,3516.7682406421086,2138.811305523656,0.006948565,0.0070896647,149.70014357040282,1.8744195340210672,3.93675e-07,3.867641e-07,140191.77069373193,486.740267442176,137845.9215242848,355.96089565952025,False,139987.1632038232,417.461575029985,False,141208.1510829795,533.5974424978881,False,142308.26467756464,732.2249340222919,False,142328.83876786256,991.4052034041572,False,1.239493932523225,15.56451850876555,138582.5730699582,337.3891519295143,0.0,0.0001725074194618,False,289526.53125,863.4091796875,False,292051.8226928711,1103.605595502671,False,294369.66963392496,2050.460221033803,False,False,2.563566334052763,32.19110203596325,False,False,0.48627383553419584,0.00012385990730240756,0.48627383553419584,32.18279774366549,2025121800200,48,R12_S10
COSMOS 1017371,149.70010121907,1.87452371044,2025121800201,61028.32505456922,61028.32488095748,r,1.23369385031705,35.8865638073101,28.3614770551841,24.53570938110352,30.0001089572906,73.7086067113519,150.06797225664,2.32032344668136,-1,r,20251218,r_57,0.4020869278843571,149.7001440024885,1.8744205291659737,746216578543519340,0,438.9219310103788,1928.9072949560173,0.0071053444,0.006786292,149.7001440024885,1.8744205291659737,3.7873804e-07,3.936912e-07,141597.97554559875,487.281014205572,139093.54653663095,357.74055939607933,False,141251.81541856003,419.3342470330194,False,142256.47945344818,534.2788668591814,False,142778.41284106666,734.1116273356641,False,142699.81048222925,994.5230122946348,False,0.5619161893807476,14.933582367722208,141103.30309166203,339.03685577875865,0.0,5.607126077211699e-05,False,289618.5,859.7904052734375,False,291678.43310546875,1095.4694178119844,False,292587.42579472065,2039.1402558809675,False,False,1.1521361577685207,30.61937088843856,False,False,0.4834889468879499,0.00011646360979292658,0.4834889468879499,32.18903362484407,2025121800201,51,R12_S20
COSMOS 1017371,149.70010121907,1.87452371044,2025121800210,61028.33159580127,61028.331422184325,r,1.21556648512685,34.6847610532159,24.8617861797395,24.64754867553711,30.0010075569153,73.5844931690355,150.097056562025,1.99582416355211,-1,r,20251218,r_57,0.4029540412817186,149.70014376999825,1.874420172735364,746216579752004280,0,1966.386375912813,3057.8551711106825,0.006019442,0.0061553936,149.70014376999825,1.874420172735364,3.4164938e-07,3.3533172e-07,140389.62357920248,481.77819304298913,138633.06284120303,354.14927592931315,False,140127.62047122166,414.26768404004815,False,140686.0130637535,528.4214343289912,False,141814.9206668188,724.1338155645368,False,142248.63666966234,980.6894936533938,False,1.250396597878757,14.52193277239986,140432.6761431931,338.73018257265795,0.0,0.0009676818459762,False,291360.6875,861.3670654296875,False,292521.7266235352,1098.721521696362,False,295770.8154654801,2039.1009576414067,False,False,2.599890094333231,30.19476318920408,False,False,0.4813608838671475,0.00013823655734032203,0.4813608838671475,32.19382301017773,2025121800210,52,R12_S21
COSMOS 1017371,149.70010121907,1.87452371044,2025121800211,61028.332092312485,61028.33191870086,r,1.2144844199942,34.6105901503699,24.6085639844248,24.583148956298828,30.0000886917114,70.6011577552515,150.115260162514,1.97872313964166,-1,r,20251218,r_57,0.4009646189944891,149.70014313403445,1.87442051009756,746216579886221648,0,2752.536618966982,2860.0313298425217,0.0061128833,0.006639768,149.70014313403445,1.87442051009756,3.6606457e-07,3.4325134e-07,140077.6796982208,483.1619594775533,138035.5218720503,354.28615269542763,False,140095.15140799162,415.0347184960855,False,141422.73380225484,529.8459378260955,False,141204.51159330385,724.7964426216315,False,141985.81207641587,982.4922772454236,False,0.7504616319769045,15.117598491631892,140030.56752744995,339.93754760545073,0.0,2.1844572428486583e-05,False,290722.09375,861.2700805664062,False,293477.0608520508,1099.523565673864,False,294645.5473639965,2038.844378719172,False,False,1.5573399559845291,31.37167733349803,False,False,0.4831425615637946,0.00012654112349239015,0.4831425615637946,32.18981175611756,2025121800211,52,R12_S21
COSMOS 1017371,149.70010121907,1.87452371044,2025121800218,61028.33864317657,61028.33846955969,r,1.19904104383634,33.5234352665722,17.844939912969,24.462928771972656,30.0009958744049,135.343624314069,148.53603143793,2.13114609127327,-1,r,20251218,r_57,0.3983203587620808,149.70014328781963,1.8744213662706688,746216580877650195,0,968.4495556335012,2967.705839577524,0.007768936,0.0070948154,149.70014328781963,1.8744213662706688,4.1334206e-07,4.1319885e-07,139401.3306513851,492.37828410036354,137066.4452782273,357.4977516711323,False,139862.52477896394,420.81601008956346,False,142031.13012858803,539.8983660924397,False,144059.02052555906,742.3828479523986,False,145238.77483196513,1006.269983743004,False,2.192975136139216,15.257631463749098,140935.85105876692,344.78336881301345,0.0,0.0001321472232509,False,288669.28125,868.5432739257812,False,293145.17462158203,1114.3233223785971,False,299765.59343993664,2076.8911000971134,False,False,4.526191396507963,31.490990994038484,False,False,0.485701465885319,0.00011182162653887769,0.485701465885319,32.18407646447499,2025121800218,151,R33_S21
COSMOS 1017371,149.70010121907,1.87452371044,2025121900221,61029.319179279686,61029.31895936651,u,1.24081177608508,36.3394592663411,30.0818199273421,23.32601547241211,38.000997543335,152.779909102799,150.028062713538,2.30269083733403,-1,u,20251219,u_24,0.4070531917279868,149.7001492468366,1.874421335143254,746220979294306525,0,1718.7276601025665,1758.6776585865412,0.052108888,0.051463537,149.7001492468366,1.874421335143254,2.8918475e-06,2.8714085e-06,48215.254863331145,739.5345227521858,45224.52324495518,505.0344106355272,False,48140.76112715415,614.2227976217486,False,49877.75126814527,807.9073124528632,False,50816.98981907844,1128.2749304784195,False,49707.28225951444,1541.009595682528,False,-0.0168361015396594,23.70119484752257,48285.32779433784,502.3181732149324,0.0,2.811903313493236e-05,False,19098.49609375,243.6756591796875,False,19787.598190307617,320.51455543543057,False,19719.96939468384,611.3523146391069,False,False,-0.0066792508460734,9.40278397379332,False,False,2.5679246720806947,0.0017272088729180443,2.5679246720806947,30.376044300202963,2025121900221,89,R21_S22
COSMOS 1017371,149.70010121907,1.87452371044,2025121900222,61029.319770905895,61029.319550991975,u,1.23530049361754,35.9896579291269,29.704296248553504,23.37112045288086,38.0011255741119,149.758817961739,149.889717952652,2.08288330186318,-1,u,20251219,u_24,0.3982327660688684,149.70014459845075,1.8744219407284888,746220979430621588,0,1405.2074459120402,3360.6801318697967,0.054089762,0.05301345,149.70014459845075,1.8744219407284888,2.994717e-06,2.965437e-06,47772.70681075365,773.091980242609,43804.44818104508,525.5743432708059,False,46419.500113727234,641.5974154154674,False,46216.03576217584,845.428754761198,False,45125.2621733239,1183.7323694691452,False,46513.731575377686,1624.61027515693,False,-0.1408595604622704,25.09234075820765,47201.232661671296,522.5338143947952,0.0,0.002268887616979,False,18252.873046875,252.2861328125,False,18172.867683410645,332.4358016141225,False,18289.926330566406,638.8221551381775,False,False,-0.0553881810070615,9.866700614749814,False,False,2.554186260372194,0.0013595293095231432,2.554186260372194,30.3818685890379,2025121900222,93,R22_S10
COSMOS 1017371,149.70010121907,1.87452371044,2025121900223,61029.32035890721,61029.3201389968,u,1.23448504120934,35.9374174517451,29.042265594839403,23.37991523742676,38.0005187988281,146.622587334661,149.727010695383,2.20028144214968,-1,u,20251219,u_24,0.397288802919777,149.7001465609023,1.8744230863561488,746220979566412060,0,2618.5842808055995,2245.5113208114494,0.05500338,0.05356005,149.7001465609023,1.8744230863561488,3.0368822e-06,3.0047233e-06,46860.33848246429,737.8985451994612,44447.28196338937,505.9234506161792,False,46943.051286687965,614.8217800234689,False,48743.86750268503,809.9940302479922,False,50494.09060342195,1135.0854982614562,False,52689.48334145149,1550.397657849592,False,0.7503063190041117,23.359018217661724,46928.83910008579,498.3532192115115,0.0,0.0004168170528263,False,18414.244140625,241.1747436523437,False,19120.646228790283,317.7345190951619,False,20668.383995056152,608.170968954282,False,False,0.2943209561308041,9.162989037896397,False,False,2.578173748894437,0.001265082223830664,2.578173748894437,30.371719544800033,2025121900223,96,R22_S20
COSMOS 1017371,149.70010121907,1.87452371044,2025121900228,61029.325591831934,61029.32537191796,u,1.22130595848399,35.0728715471401,26.6827433385936,23.52625846862793,38.0011346340179,131.871408743949,150.011039945493,1.9637514718656803,-1,u,20251219,u_24,0.3966036724963929,149.70014370645367,1.8744220557653843,746220980234355152,0,1344.720538754059,3027.632293147265,0.042028252,0.040875614,149.70014370645367,1.8744220557653843,2.3032267e-06,2.3105008e-06,48195.19076701295,730.1221606600512,45579.46049191496,501.2946803376544,False,48186.27000922334,608.4399654037894,False,49743.26855789321,799.7894710334169,False,51116.43467985029,1118.2337470370785,False,53563.741023139664,1530.8211562386148,False,1.3671928445970778,23.4809830584754,47837.085039406986,480.4576582898228,0.0,0.0013556284164882,False,19354.3828125,244.38455200195312,False,19979.76315307617,321.24154014877496,False,21514.28505325317,614.8659912801904,False,False,0.5491434320975193,9.43131590887968,False,False,2.502446288856913,0.0011993769824759106,2.502446288856913,30.404088088021595,2025121900228,90,R22_S00
COSMOS 1017371,149.70010121907,1.87452371044,2025121900231,61029.3273563534,61029.32713644013,u,1.2177595502945,34.8337508583263,25.5234723792361,23.36460494995117,38.0010132789612,123.050684441507,149.941733550685,1.99533909766097,-1,u,20251219,u_24,0.4023071400984671,149.70014134424454,1.8744194022486584,746220980637008317,0,2089.2896997426465,3683.59121955726,0.043290716,0.045190375,149.70014134424454,1.8744194022486584,2.4838132e-06,2.4410772e-06,47232.52643098121,767.7719301523787,43586.23710871359,514.2303918016081,False,46956.64482678302,628.0743299939378,False,49051.23774490039,829.9472854550828,False,49942.85800471819,1161.1139742739908,False,52675.17327242796,1592.1019905531484,False,0.4349900108308757,25.34345539406133,47824.38126866313,516.2837481227202,0.0,0.0087329340965326,False,18251.294921875,244.12242126464844,False,19065.42960357666,322.5872021377991,False,20473.995235443115,618.8245153051431,False,False,0.1690736423999274,9.85059474420899,False,False,2.578134679620308,0.0010717249116575572,2.578134679620308,30.371735998014966,2025121900231,90,R22_S00
COSMOS 1017371,149.70010121907,1.87452371044,2025121900232,61029.32794656708,61029.32772665306,u,1.21922382526875,34.9328849305152,25.6479050009207,23.33860969543457,38.0011432170868,120.24385567315498,150.257896970559,2.06108096180408,-1,u,20251219,u_24,0.4024461233911131,149.70014885439693,1.8744225648052748,746220980747108768,0,2588.7219576923458,3425.734111847404,0.048586886,0.046819177,149.70014885439693,1.8744225648052748,2.6298935e-06,2.6788598e-06,48238.240051943,735.6898269814288,44527.33203487393,500.303035144811,False,47944.182397551056,609.3274470449271,False,49313.23568221978,800.939618604902,False,50030.11388487143,1119.068498871103,False,52247.0103806265,1533.0917654734578,False,0.8732457458584579,23.44358999736544,47691.67149123201,500.7466967701755,0.0,0.0012410310391923,False,18950.919921875,240.84915161132807,False,19492.0662689209,316.5877863674636,False,20651.700798034668,605.9859158607217,False,False,0.3451682638919491,9.26655903812087,False,False,2.5692543741807112,0.001125111403768772,2.5692543741807112,30.37548223852251,2025121900232,44,R11_S22
COSMOS 1017371,149.70010121907,1.87452371044,2025121900234,61029.33108400384,61029.330910386285,g,1.21160778035434,34.41244944438,23.146768577244,24.38868522644043,30.0011134147644,141.663556441361,149.889729958947,2.08283512372702,-1,g,20251219,g_6,0.4202930381292909,149.70014367201415,1.874414945616773,746220981041235328,0,1241.157820450304,2682.5723194927946,0.012400322,0.0118038,149.70014367201415,1.874414945616773,6.770754e-07,6.6955005e-07,103059.28113395722,386.1995518634119,98516.28027332936,283.41530474207195,False,103207.40328281712,330.590951743398,False,106477.298831483,416.668852179216,False,108264.29219270426,564.2493391303376,False,109339.58907868071,758.7745454497941,False,0.8017675217780744,11.503255767928025,102274.8259721582,295.644192975431,0.0,0.0067566118345445,False,221227.8125,708.6304931640625,False,228236.92053222656,893.1407609577996,False,234372.3157653809,1626.453408681845,False,False,1.71860999632417,24.65753452969988,False,False,0.46429939213336613,9.436822950413648e-05,0.46429939213336613,32.233004712293194,2025121900234,93,R22_S10
COSMOS 1017371,149.70010121907,1.87452371044,2025121900235,61029.33298421602,61029.33281060484,i,1.20729358403875,34.1116652597479,22.2732700660564,23.36703491210937,30.0000126361847,87.9534962048551,150.011072002375,1.96374686099567,-1,i,20251219,i_39,0.3990419036507065,149.70014532562578,1.874422008418036,746220981174403314,0,670.7439812881111,578.4149747655615,0.014085677,0.015680794,149.70014532562578,1.874422008418036,8.7157156e-07,7.8323495e-07,156703.3946761169,796.3772779379455,147354.5456167162,522.4641488230868,False,156546.4079971848,648.6062431538172,False,162258.22016391632,871.5922078387829,False,164912.54143211796,1235.087510280771,False,165457.93844904157,1700.9896434767734,False,0.6270082474213006,26.86415620486227,156873.75994568778,491.4634023074625,0.0,0.0002609287885115,False,250902.5,1039.5443115234375,False,260057.02465820312,1396.9318537874267,False,265185.32704025507,2726.2366443445067,False,False,1.004928435032837,43.05613931628292,False,False,0.6233123333719643,9.20673973463837e-05,0.6233123333719643,31.913235699285345,2025121900235,91,R22_S01
COSMOS 1017371,149.70010121907,1.87452371044,2025121900236,61029.33347378887,61029.33330017116,i,1.21114869356532,34.3806431217746,21.8112806212661,23.591663360595703,30.0011398792267,85.3515183852278,150.028253964251,2.30263820101312,-1,i,20251219,i_39,0.4113262695950513,149.70014456214182,1.8744179838204984,746220981283981426,0,3359.054550158511,3975.847471846854,0.010340695,0.0117952125,149.70014456214182,1.8744179838204984,6.551112e-07,5.753763e-07,157089.47463124062,760.8169941337887,151250.28971791035,509.9323155543555,False,157052.36528770116,628.9284659764686,False,160564.7650511717,841.4407110453539,False,161245.71367201526,1191.581579250373,False,,,True,0.3122358165943917,25.55720382906868,157604.16670232586,454.8718949157397,0.0,0.0001058908573109,False,259558.0,1039.4202880859375,False,265362.8884277344,1390.6359683117307,True,,,False,False,0.5160272749483619,42.2379930369943,False,False,0.6051799546562437,0.0001234080241914086,0.6051799546562437,31.945288663809652,2025121900236,44,R11_S22
COSMOS 1017371,149.70010121907,1.87452371044,2025122000268,61030.29270853989,61030.29248862585,u,1.31057866756608,40.3138001124817,41.9878862397817,23.32728385925293,38.001145362854,65.975194319026,149.834502341835,1.96352896385348,-1,u,20251220,u_24,0.4012921672686309,149.7001443873745,1.8744209288143376,746225383650099573,0,1448.6500388397162,3341.795737537243,0.049600825,0.051835693,149.7001443873745,1.8744209288143376,2.8645359e-06,2.7811845e-06,46673.53748219534,799.4435955080038,43818.13046861824,538.6249796988234,False,46305.27940187248,661.5742741104181,False,47998.67308926627,879.3279624579195,False,47170.5693464264,1234.68367588235,False,46209.84805960216,1693.198288222194,False,-0.3110623029202629,26.077338367155768,46607.87076551618,516.3701316464849,0.0,4.4140672720294205e-05,False,17916.447265625,255.9764404296875,False,18571.655464172363,340.2297377765034,False,17879.522953033447,655.1325946637683,False,False,-0.1203562837452481,10.089848581371758,False,False,2.6087984069154873,0.0013633434319175407,2.6087984069154873,30.358898698518914,2025122000268,91,R22_S01
COSMOS 1017371,149.70010121907,1.87452371044,2025122200354,61032.32800285226,61032.32782924052,g,1.20597340599434,34.0186934936622,20.8710854779046,24.550683975219727,30.0001082420349,171.796331233873,150.393806910829,2.12602753242699,-1,g,20251222,g_6,0.4233333175733548,149.70014792297158,1.8744157794612348,746234191284273451,0,1706.5295847851246,540.1133162928128,0.010509476,0.013462293,149.70014792297158,1.8744157794612348,5.8793506e-07,7.456625e-07,102484.3703385849,358.40226192208576,99592.89418446082,270.47908844950297,False,102423.97788442454,311.6186403228707,False,104036.45381200804,389.2099712471449,False,104345.688965418,522.5124331274617,False,104485.70009460032,701.4653951278499,False,0.1826503744002005,10.552863092002868,102622.13421176092,277.3548930140485,0.0,0.0002082888314784,False,229024.875,696.7940673828125,False,232630.4476928711,870.291965365916,False,233634.9836993813,1568.5099110021158,False,False,0.4084149046906951,23.596702651651256,False,False,0.44946195021232926,7.761025508285173e-05,0.44946195021232926,32.26826767035117,2025122200354,88,R21_S21
COSMOS 1017371,149.70010121907,1.87452371044,2025122200355,61032.328496270005,61032.32832265913,g,1.2075109796769,34.1269191252894,19.8264917712748,24.49989318847656,29.9999589920044,168.483391229249,150.04494424779,2.40491662145867,-1,g,20251222,g_6,0.4200649738663536,149.70014466240832,1.874415405230652,746234191439463352,0,2491.854704007455,1695.4567371639496,0.011130124,0.014331566,149.70014466240832,1.874415405230652,6.269454e-07,7.9058856e-07,102436.0533523746,358.70886300072635,98856.16605366798,269.8580519099912,False,102171.95040875411,311.52172555942667,False,103429.98705055178,388.8488802626868,False,104425.9274483406,522.998080405291,False,103981.254760341,701.3673001477302,False,0.1431016624521396,10.73566841495831,102435.1744915859,279.6843941795833,0.0,2.490936522325793e-05,False,228398.703125,696.3864135742188,False,231210.9616394043,869.2462031731615,False,232443.2844979465,1567.860661631247,False,False,0.3198943936015906,23.998883581519777,False,False,0.4485945708611346,9.929879582361526e-05,0.4485945708611346,32.27036496698137,2025122200355,128,R31_S02
COSMOS 1017371,149.70010121907,1.87452371044,2025122300327,61033.277873815736,61033.27770019902,g,1.34022412415302,41.7904800737769,44.8958665383685,24.18297576904297,30.0009682178497,146.234890453094,149.873365102486,2.02379944973997,-1,g,20251223,g_6,0.4148810303516382,149.70014440804917,1.8744168551371048,746238585709528911,746238585709527932,2221.844641184228,2460.152634575933,0.01787372,0.009149018,149.70014440804917,1.8744168551371048,8.729685e-07,6.967062e-07,102766.63350947236,390.19947232997686,97056.31396586828,284.45827521195287,False,102702.47547720076,334.66009642121617,False,104554.59709448024,424.2843774655864,False,105631.05352231022,577.2180862855749,False,106335.89636791722,778.800432318942,False,0.072570221151135,11.985118307809966,103460.68099652814,296.8454284130639,0.0,0.0056066188896227,False,224117.21875,730.2948608398438,False,228158.9163208008,925.8728593915108,False,232046.0654578507,1699.4973688960995,False,False,0.1583626495164214,26.153910789933835,False,False,0.45843604633956697,8.727461780583021e-05,0.45843604633956697,32.24680310396023,2025122300327,93,R22_S10
COSMOS 1017371,149.70010121907,1.87452371044,2025122300328,61033.27836876788,61033.27819515015,g,1.33714322355664,41.6420987296273,44.5186719086148,24.18891143798828,30.0011439323425,143.172887828849,149.761825852948,2.05880491469579,-1,g,20251223,g_6,0.4175923481722434,149.70014501156456,1.8744162870896173,746238585843746173,0,3421.1382998946992,3949.541787008509,0.019328333,0.009726263,149.70014501156456,1.8744162870896173,9.1891985e-07,7.7731755e-07,101264.76308859915,388.9252511892065,95952.1869768016,282.8376375394545,False,101532.91530942408,332.9498656433634,False,104299.37762805984,422.8593983205169,False,105060.3424131803,574.9122824252654,False,105582.43703510276,776.269088550717,False,0.008485963221662,11.589313710914722,101660.58996601233,292.85314500312734,0.0,0.000161142364181,False,221996.375,727.9773559570312,False,228045.0992431641,924.5598166442356,False,230850.44110107425,1697.2715021294966,False,False,0.0185541119138676,25.33942440951526,False,False,0.4607271761356567,6.796003428840962e-05,0.4607271761356567,32.241390424992005,2025122300328,93,R22_S10
COSMOS 1017371,149.70010121907,1.87452371044,2025123000162,61040.22919080865,61040.22901719186,y,1.5185168576001,48.8729827141543,55.997890438961,21.40135955810547,30.000981092453,149.620399039178,149.797013977467,2.04157310504445,-1,y,20251230,y_10,0.3906694381153259,149.70014691884552,1.87442527162144,746269349889180375,0,3298.624454800162,3640.3312887293455,0.07144392,0.06097332,149.70014691884552,1.87442527162144,3.829778e-06,3.5480666e-06,161666.34634763992,3583.732053190964,145470.26836006396,2100.952240952297,False,160368.29401604243,2762.6209519867007,False,168635.9571610199,3892.016439146783,False,174832.53370689973,5687.844777328912,False,181950.39681984903,7935.893984323002,False,-1.0671630815364836,124.93087805679812,159985.62035297844,1922.2939111388669,0.0,0.0084941815867993,False,62122.3984375,1070.1656494140625,False,65325.07055664063,1507.6633285990422,False,70482.72924804688,3074.1535979833766,False,False,-0.4133905056218154,48.39488897359453,False,False,2.543320385641403,0.0004938632616297346,2.543320385641403,30.386497319230568,2025123000162,93,R22_S10
COSMOS 1017371,149.70010121907,1.87452371044,2025123000163,61040.2295896139,61040.22941599603,y,1.51541898148139,48.7701846743506,55.8645604067492,21.302526473999023,30.0011670589447,149.620300404319,149.796944628545,2.04157293798028,-1,y,20251230,y_10,0.3944427979098254,149.7001413567186,1.874421751047982,746269350023398025,0,3297.310560961904,3640.6650586665633,0.08337567,0.069085576,149.7001413567186,1.874421751047982,4.4426088e-06,4.058996e-06,159852.2629165261,3784.519046597218,135460.65048100727,2171.3733785424474,False,155818.24480659593,2862.853307350349,False,167719.22187118494,4043.985329999651,False,165164.2031971017,5898.555244602203,False,159363.16712296708,8228.989902814876,False,-1.750974397696787,131.24562794150177,156044.5412599186,2179.920957134388,0.0,0.0010682717692228,False,57828.84375,1062.4910888671875,False,62245.65478515625,1500.844757082917,False,59144.47119140625,3054.026002544633,False,False,-0.6498393367242676,48.70920552673596,False,False,2.6684460495777826,0.0004909297673362891,2.6684460495777826,30.33435393325415,2025123000163,93,R22_S10
COSMOS 1017371,149.70010121907,1.87452371044,2025123000164,61040.23037311959,61040.23019950293,y,1.50939497450191,48.5681934306039,55.6012968230876,21.56368064880371,30.0009598731995,149.620331728906,149.796853889735,2.04157354043944,-1,y,20251230,y_10,0.386470204817586,149.70014273511077,1.8744247008768409,746269350157615914,0,3299.664574638249,3634.292339275111,0.057570178,0.05003733,149.70014273511077,1.8744247008768409,3.0984252e-06,2.8947284e-06,161715.90887005138,3466.302529755785,148161.88774531745,2052.078000323208,False,160541.70142737866,2694.7743551169174,False,166820.7013767709,3795.56186426554,False,182353.14258560693,5541.7125494462525,False,181704.24821532067,7730.543623404008,False,1.0074708112620308,123.08693288325124,161588.84764427732,1738.4392566897932,0.0,0.0017085085798491,False,62983.05078125,1057.20263671875,False,65446.40185546875,1489.0590015862629,False,71285.45288085938,3032.814634892667,False,False,0.3952467471203858,48.288952187297774,False,False,2.513545649605615,0.0006740546374099035,2.513545649605615,30.39928305737901,2025123000164,93,R22_S10
COSMOS 1017371,149.70010121907,1.87452371044,2025123000165,61040.23076815417,61040.23059453597,y,1.50637529778197,48.4666236095298,55.4682475902796,21.64929580688477,30.0012247562408,149.620184208688,149.796789502459,2.04157083220863,-1,y,20251230,y_10,0.3896415573489312,149.70014443367938,1.874424468091499,746269350291833674,0,3302.6635502076706,3628.795386637959,0.056185234,0.04510115,149.70014443367938,1.874424468091499,2.9774692e-06,2.6793336e-06,160193.66170352974,3395.314502522684,147537.3771719147,2016.530575210567,False,157250.08629418435,2645.311418746775,False,158179.0556184698,3723.023889501761,False,163997.04943831937,5430.851896385559,False,166624.08831166904,7580.6471821799905,False,3.022170223316595,119.71051257557552,158254.61479515902,1664.778215383298,0.0,0.0098233197267366,False,62463.5703125,1050.7822265625,False,62832.57958984375,1478.8759101979017,False,66187.15258789062,3011.2179868219696,False,False,1.200479737017871,47.55193587252373,False,False,2.497681907508177,0.0006542169827432971,2.497681907508177,30.40615718012723,2025123000165,93,R22_S10
COSMOS 1017371,149.70010121907,1.87452371044,2025123000166,61040.2314734033,61040.2312997865,y,1.50106858613665,48.2858915184532,55.2288247161826,21.6390438079834,30.0009822845459,149.620216813784,149.796803923452,2.04167532195804,-1,y,20251230,y_10,0.3904581544166153,149.70014817328988,1.8744259282251263,746269350426051473,0,3303.163508141487,3624.626943432696,0.047024604,0.037781876,149.70014817328988,1.8744259282251263,2.491756e-06,2.2430381e-06,162654.88027135163,3339.764215193248,149095.7656985231,1991.7438293307289,False,160586.29846778774,2611.88114726974,False,170942.17131929274,3676.8617300580254,False,167547.45697582737,5358.328209478278,False,160259.59177711868,7471.4431200024,False,-3.798429932035494,119.06505874815096,161903.07445403803,1573.751811598711,0.0,0.0029058291865257,False,64067.6015625,1042.03759765625,False,68199.1865234375,1466.9228606014285,False,63937.25847417116,2980.811224098389,False,False,-1.5154237800526875,47.502263995594525,False,False,2.4700886205952095,0.0006458667942892279,2.4700886205952095,30.41821866265543,2025123000166,93,R22_S10
COSMOS 1017371,149.70010121907,1.87452371044,2025123000167,61040.23197192472,61040.23179830705,y,1.50458918145158,48.4062928758795,55.6379224714152,21.65571975708008,30.0011336803436,146.813433685247,150.277359323417,1.9092100176593096,-1,y,20251230,y_10,0.3939840263273224,149.70014617386715,1.874423918938921,746269350555025662,0,1548.6076034137282,972.326678698633,0.04947238,0.043860324,149.70014617386715,1.874423918938921,2.6592586e-06,2.5350614e-06,156261.59764028213,3337.141115428092,150357.81997482045,1988.0912407370488,False,158614.8364275431,2605.1179863268194,False,171130.03030906394,3669.6230813983934,False,182218.308097276,5358.185736498979,False,186691.72450257253,7471.105243350148,False,3.4290712688805653,117.80567748298822,160618.751693845,1606.793849318938,0.0,4.694601270194276e-05,False,63718.5859375,1046.5252685546875,False,68746.17651367188,1474.1571402567374,False,74997.60400390625,3001.2845722283805,False,False,1.3775229181148478,47.32477335469308,False,False,2.475523262240624,0.0007276579016424145,2.475523262240624,30.41583247073048,2025123000167,83,R21_S02
COSMOS 1017371,149.70010121907,1.87452371044,2025123000172,61040.23928953352,61040.23911592231,y,1.46609547141293,47.0506246364261,52.5109705313324,21.41264915466309,30.0000176429749,128.631387827136,150.311169264676,2.55265893914888,-1,y,20251230,y_10,0.3887462359201101,149.70014119576484,1.8744233892151567,746269351226638562,0,2496.38149770073,1061.065882896169,0.060043875,0.052254915,149.70014119576484,1.8744233892151567,3.0787896e-06,3.174557e-06,159378.71250730348,3760.081452612695,145511.14844775328,2208.7621062462945,False,154400.4103748281,2906.353781285155,False,156687.59122401278,4101.940061879128,False,161153.97268518124,5994.57425213991,False,164116.89415826407,8362.70750890732,False,-1.3846894612804193,131.5854565261054,161579.67296592775,1901.007813784948,0.0,0.0333225247297039,False,60917.859375,1146.6864013671875,False,61820.25439453125,1618.3985991203667,False,64751.4462890625,3299.461696929054,False,False,-0.5463218502823166,51.91634087625,False,False,2.5132370302276743,0.0007834612917696038,2.5132370302276743,30.399416374951652,2025123000172,84,R21_S10
COSMOS 1017371,149.70010121907,1.87452371044,2025123100242,61041.223447757984,61041.2232741472,i,1.55616944543078,50.0779359057735,57.1156503280231,23.24062728881836,29.9999444484711,188.810889746172,150.17414999144,2.25668344994028,-1,i,20251231,i_39,0.3949996488263382,149.7001424287469,1.874422012238536,746273758691459746,0,3200.353346785503,1570.8329228394684,0.013596975,0.012683291,149.7001424287469,1.874422012238536,7.5462e-07,7.06195e-07,156625.13381668302,1112.368058012925,153449.3072243566,702.8929731846498,False,156681.05855098617,900.7849673361546,False,158025.59515669098,1247.6866250429591,False,161784.58594118265,1804.350073288476,False,157619.02922113248,2506.260779530337,False,-0.4510481648220587,39.49664604559872,157959.23040152612,528.4124671218933,0.0,0.0007936148029317,False,265038.53125,1523.749755859375,False,267312.92236328125,2110.561631507269,False,266625.18359375,4239.540389115016,False,False,-0.7629840149984991,66.81173304570271,False,False,0.590959899435332,0.00017405890337699302,0.590959899435332,31.97110496972926,2025123100242,128,R31_S02
COSMOS 1017371,149.70010121907,1.87452371044,2025123100243,61041.22394727096,61041.223773653546,i,1.55667957993755,50.0931473252927,57.2104127372256,23.281339645385746,30.0010900497437,185.894459636424,150.415541576252,2.21526713091674,-1,i,20251231,i_39,0.40536165325172,149.7001454839173,1.874420165362278,746273758825152922,0,2623.833201722745,892.8428759671003,0.013336241,0.011332914,149.7001454839173,1.874420165362278,7.4002855e-07,6.312086e-07,155217.59994404422,1091.3386025953278,150818.34876695907,691.1954835977032,False,154857.91925122638,886.0434291525008,False,156534.5724431333,1227.481411738694,False,155566.021612463,1773.7530461417468,False,156821.9854922851,2464.5159266101045,False,0.1520512492464864,38.3917026312851,154445.5637965807,501.5243084103481,0.0,0.0001040043820601,False,265668.03125,1520.060546875,False,268544.43017578125,2105.8178466388435,False,269037.5044679642,4228.02461361104,False,False,0.2608530208318499,65.86326423411623,False,False,0.5884501449719015,0.0001577880709055972,0.5884501449719015,31.975725814552508,2025123100243,127,R31_S01
COSMOS 1017371,149.70010121907,1.87452371044,2025123100246,61041.22792416099,61041.227750544414,i,1.51721464604928,48.8299401587623,56.0864131841124,23.36912727355957,30.0009434223175,176.95099018087,150.34618280888,1.9591407070102904,-1,i,20251231,i_39,0.399734187394609,149.70014556020496,1.8744219005992624,746273759205786940,0,3099.7337266398995,2841.304639018139,0.011409228,0.011137875,149.70014556020496,1.8744219005992624,6.3408385e-07,6.192532e-07,156050.12073374234,1087.5818846656994,152890.28124428762,690.9162927728522,False,155673.09766776953,884.4481732206037,False,156531.18494730358,1224.5284060924128,False,155847.0971046101,1771.1787442176087,False,156497.38047031534,2461.5228149947325,False,-0.5218308259959219,38.79817120542596,156235.72376280403,492.93322923125606,0.0,0.0001195118635508,False,266108.84375,1511.8828125,False,267575.6650390625,2093.2186945988155,False,267517.87939453125,4207.74687454627,False,False,-0.8920218060749266,66.32190554288708,False,False,0.5862358906277743,0.00017143801679550636,0.5862358906277743,31.979818991592953,2025123100246,85,R21_S11
COSMOS 1017371,149.70010121907,1.87452371044,2025123100247,61041.22841915843,61041.2282455469,i,1.50572956105144,48.4445656995911,55.2534117688541,23.4298038482666,30.0000729560852,173.739730413676,149.810423082054,2.13545537134194,-1,i,20251231,i_39,0.399773534379179,149.70014432163953,1.8744213587918808,746273759345771576,0,3819.867594302368,2163.027717192117,0.01012034,0.009728611,149.70014432163953,1.8744213587918808,5.624256e-07,5.411468e-07,157386.58035664842,1091.2316202092177,155362.94092139395,695.7554151833588,False,157145.42085211183,889.8940501689683,False,158040.19154956614,1228.6294576575522,False,156932.59645550878,1779.013840230302,False,155629.1983293167,2472.733388006927,False,-0.7852940016745568,36.94808411963518,158482.69109632206,482.7137524883138,0.0,0.000237129853291,False,266395.34375,1508.5621337890625,False,267912.1728515625,2082.791626630215,False,263825.0199189186,4191.815818293092,False,False,-1.3312425165591153,62.634962677131405,False,False,0.5905490172630486,0.00016275892617533187,0.5905490172630486,31.9718601221653,2025123100247,96,R22_S20
COSMOS 1017371,149.70010121907,1.87452371044,2026010100266,61042.21220508731,61042.21203147542,i,1.63126586548538,52.2606419210011,59.44460507965961,23.35417938232422,30.00013422966,156.473676051103,149.936772354017,2.40720557647678,-1,i,20260101,i_39,0.3956923861370258,149.70014340666862,1.874422205171828,746278159959195887,0,2865.25575568244,543.7620422603345,0.0087861875,0.009043903,149.70014340666862,1.874422205171828,4.908322e-07,5.004692e-07,156320.2181046999,1245.4414146444738,154445.4833063591,779.1396434688511,False,157002.9470646497,1006.4803446257072,False,160377.26203169546,1405.4011737249914,False,162801.06738808792,2036.7468783307088,False,167958.61197664734,2832.5105684275327,False,3.608987442669544,42.27336178309673,157311.57314990743,496.6426475807411,0.0,5.708452202823899e-06,False,268023.40625,1718.1861572265625,False,273783.7783203125,2399.193243005898,False,286726.07828480005,4835.445098215009,False,False,6.160986946948594,72.16584548619116,False,False,0.5888659959393726,0.00022372492903406673,0.5888659959393726,31.974958808216222,2026010100266,128,R31_S02
COSMOS 1017371,149.70010121907,1.87452371044,2026010100267,61042.21270256799,61042.21252895106,i,1.6206222049719,51.9674198255138,59.92776640304551,23.347206115722656,30.0010051727295,153.669562453084,150.151639233478,1.92800414908565,-1,i,20260101,i_39,0.4056229235522944,149.7001456078308,1.874420139407662,746278160069822035,0,2882.1818835074364,3418.9613328990586,0.009759614,0.008768049,149.7001456078308,1.874420139407662,5.3218736e-07,4.9879304e-07,158748.20483526416,1241.399899512231,154629.7662076845,778.392680456647,False,157510.47143700314,1005.2209348245664,False,158385.71978772714,1398.2134835692198,False,157723.70977036952,2031.6952583022387,False,156438.46417598377,2827.163693403641,False,-1.020438494660811,44.371776449321686,156534.75964281338,490.0175409679593,0.0,2.235326100152868e-05,False,268736.0,1715.0545654296875,False,270229.3022460937,2385.5575778067587,False,266906.998152256,4823.5565253475215,False,False,-1.7410179577225526,75.70476811539527,False,False,0.5872140324179728,0.0002496177908353386,0.5872140324179728,31.97800893701778,2026010100267,83,R21_S02
COSMOS 1017371,149.70010121907,1.87452371044,2026010200211,61043.19418528775,61043.194011670224,y,1.79616227757378,56.2490323916933,64.4832775139409,21.57661437988281,30.0011088848114,125.793221905171,150.104112384131,1.85908427134992,-1,y,20260102,y_10,0.3912602377308645,149.7001475087462,1.8744253659446248,746282550603808818,0,2169.298203033709,192.4975244830433,0.033607032,0.038025066,149.7001475087462,1.8744253659446248,2.0330472e-06,1.9547886e-06,159410.27343568244,4534.474235975422,155871.98439058906,2704.0452690903653,False,158284.8675891665,3580.363545642174,False,162799.13598997696,5093.33107841191,False,155291.41106291793,7454.50975140571,False,137848.21293628463,10414.839257067655,False,-6.5905443766660206,167.71844276127302,159474.91674251575,1653.967035686712,0.0,0.0071415002743636,False,76876.40625,1738.9248046875,False,79068.91357421875,2473.7487235105978,False,66950.65283203125,5058.319382955219,False,False,-3.200921064825196,81.45814149965825,False,False,2.037553020572472,0.0007629207710821907,2.037553020572472,30.627227703411734,2026010200211,90,R22_S00
COSMOS 1017371,149.70010121907,1.87452371044,2026010200212,61043.194683918526,61043.19451030189,y,1.79502719282087,56.2243810801155,64.2825152623727,21.57613945007324,30.0009553432465,122.778427460275,150.159994418915,1.97385859575142,-1,y,20260102,y_10,0.3958983656711115,149.7001469523809,1.874423687983028,746282550738026565,0,209.91612972823063,262.9706740178476,0.02998186,0.031650573,149.7001469523809,1.874423687983028,1.7321822e-06,1.6941843e-06,163804.26706229188,4523.246929350217,157620.78260062388,2710.7824008690136,False,161183.207443508,3588.1949890149726,False,160936.41540225464,5067.916424715897,False,165333.93233940905,7448.92297000969,False,158854.06270760248,10417.032876699652,False,-2.3070599661026545,170.8537942133366,164602.8025364348,1664.785121878044,0.0,0.0024933669525167,False,77765.46875,1731.1832275390625,False,77646.39990234375,2445.0989814927484,False,76641.73486328125,5025.867504991987,False,False,-1.113078729130093,82.43120114961643,False,False,2.0452033623967876,0.0008209638731250001,2.0452033623967876,30.623158754868186,2026010200212,90,R22_S00
COSMOS 1017371,149.70010121907,1.87452371044,2026010200213,61043.19514778216,61043.19497416469,y,1.78903742148931,56.0957471359103,63.8756570721872,21.53963851928711,30.0010986328125,124.385247541404,150.014150570278,2.15558636314367,-1,y,20260102,y_10,0.3895003071283298,149.70014145677797,1.8744232678422923,746282550870147120,0,3077.8023819830714,218.34007775262228,0.034809656,0.037947167,149.70014145677797,1.8744232678422923,2.055836e-06,1.9916406e-06,161072.35804816932,4485.008543365831,152378.0326748811,2674.4493227456737,False,160606.3301241045,3541.604509304977,False,164694.76170298198,5024.9269867044695,False,172249.0228565288,7357.908287445135,False,162181.7049208182,10290.179699702638,False,0.2138176269216103,165.11029634224695,162945.14338615647,1704.8365977221729,0.0,0.0030503655334315,False,78079.0859375,1721.758056640625,False,80066.68505859375,2442.8782210600853,False,78844.95751953125,5002.5912706215,False,False,0.1039478634152485,80.2686980476466,False,False,2.042274869658465,0.0007765184412679024,2.042274869658465,30.624714516614127,2026010200213,86,R21_S12
